name,formula,rows,classes,target_positives,scored_classes,macro_auc,micro_auc,top1_hit,top5_hit,min,max,mean,std
v114,0.85*v110+0.15*v113,120,234,313,22,0.97920102,0.91572402,0.23287671,0.52054795,0.01114442,0.99946620,0.52111566,0.24191993
v110,baseline,120,234,313,22,0.97911204,0.91481637,0.21917808,0.52054795,0.01114442,0.99946990,0.52113223,0.24234455
th-0.05_sl0.04_flat_a0.1,"clip(v110 + alpha*row_gate*support_gate*clip((auc_delta-threshold)/slope,0,1)*(v113-v110))",120,234,313,22,0.97911204,0.91499235,0.21917808,0.52054795,0.01114442,0.99946852,0.52113105,0.24221965
th-0.05_sl0.04_flat_a0.15,"clip(v110 + alpha*row_gate*support_gate*clip((auc_delta-threshold)/slope,0,1)*(v113-v110))",120,234,313,22,0.97911204,0.91506714,0.23287671,0.52054795,0.01114442,0.99946783,0.52113046,0.24216339
th-0.05_sl0.04_flat_a0.2,"clip(v110 + alpha*row_gate*support_gate*clip((auc_delta-threshold)/slope,0,1)*(v113-v110))",120,234,313,22,0.97911204,0.91514665,0.23287671,0.52054795,0.01114442,0.99946714,0.52112987,0.24211124
th-0.05_sl0.04_flat_a0.25,"clip(v110 + alpha*row_gate*support_gate*clip((auc_delta-threshold)/slope,0,1)*(v113-v110))",120,234,313,22,0.97911204,0.91521546,0.23287671,0.52054795,0.01114442,0.99946645,0.52112928,0.24206323
th-0.05_sl0.04_flat_a0.3,"clip(v110 + alpha*row_gate*support_gate*clip((auc_delta-threshold)/slope,0,1)*(v113-v110))",120,234,313,22,0.97911204,0.91527402,0.23287671,0.52054795,0.01114442,0.99946576,0.52112869,0.24201934
th-0.05_sl0.04_flat_a0.4,"clip(v110 + alpha*row_gate*support_gate*clip((auc_delta-threshold)/slope,0,1)*(v113-v110))",120,234,313,22,0.97911204,0.91536147,0.23287671,0.52054795,0.01114442,0.99946438,0.52112752,0.24194396
th-0.05_sl0.04_flat_a0.55,"clip(v110 + alpha*row_gate*support_gate*clip((auc_delta-threshold)/slope,0,1)*(v113-v110))",120,234,313,22,0.97911204,0.91545513,0.23287671,0.52054795,0.01114442,0.99946231,0.52112575,0.24186192
th-0.05_sl0.04_flat_a0.75,"clip(v110 + alpha*row_gate*support_gate*clip((auc_delta-threshold)/slope,0,1)*(v113-v110))",120,234,313,22,0.97911204,0.91550667,0.23287671,0.52054795,0.01114442,0.99945956,0.52112340,0.24181047
th-0.05_sl0.04_flat_a1,"clip(v110 + alpha*row_gate*support_gate*clip((auc_delta-threshold)/slope,0,1)*(v113-v110))",120,234,313,22,0.97911204,0.91546180,0.23287671,0.52054795,0.01114442,0.99945611,0.52112046,0.24183935
th-0.05_sl0.04_entropy_a0.1,"clip(v110 + alpha*row_gate*support_gate*clip((auc_delta-threshold)/slope,0,1)*(v113-v110))",120,234,313,22,0.97911204,0.91492723,0.21917808,0.52054795,0.01114442,0.99946893,0.52113461,0.24226646
th-0.05_sl0.04_entropy_a0.15,"clip(v110 + alpha*row_gate*support_gate*clip((auc_delta-threshold)/slope,0,1)*(v113-v110))",120,234,313,22,0.97911204,0.91497970,0.21917808,0.52054795,0.01114442,0.99946845,0.52113581,0.24223006
th-0.05_sl0.04_entropy_a0.2,"clip(v110 + alpha*row_gate*support_gate*clip((auc_delta-threshold)/slope,0,1)*(v113-v110))",120,234,313,22,0.97911204,0.91501916,0.23287671,0.52054795,0.01114442,0.99946797,0.52113700,0.24219543
th-0.05_sl0.04_entropy_a0.25,"clip(v110 + alpha*row_gate*support_gate*clip((auc_delta-threshold)/slope,0,1)*(v113-v110))",120,234,313,22,0.97911204,0.91506542,0.23287671,0.52054795,0.01114442,0.99946748,0.52113820,0.24216256
th-0.05_sl0.04_entropy_a0.3,"clip(v110 + alpha*row_gate*support_gate*clip((auc_delta-threshold)/slope,0,1)*(v113-v110))",120,234,313,22,0.97911204,0.91510914,0.23287671,0.52054795,0.01114442,0.99946700,0.52113939,0.24213146
th-0.05_sl0.04_entropy_a0.4,"clip(v110 + alpha*row_gate*support_gate*clip((auc_delta-threshold)/slope,0,1)*(v113-v110))",120,234,313,22,0.97911204,0.91518485,0.23287671,0.52054795,0.01114442,0.99946603,0.52114178,0.24207456
th-0.05_sl0.04_entropy_a0.55,"clip(v110 + alpha*row_gate*support_gate*clip((auc_delta-threshold)/slope,0,1)*(v113-v110))",120,234,313,22,0.97911204,0.91526735,0.23287671,0.52054795,0.01114442,0.99946458,0.52114536,0.24200247
th-0.05_sl0.04_entropy_a0.75,"clip(v110 + alpha*row_gate*support_gate*clip((auc_delta-threshold)/slope,0,1)*(v113-v110))",120,234,313,22,0.97911204,0.91535226,0.23287671,0.52054795,0.01114442,0.99946265,0.52115014,0.24193112
th-0.05_sl0.04_entropy_a1,"clip(v110 + alpha*row_gate*support_gate*clip((auc_delta-threshold)/slope,0,1)*(v113-v110))",120,234,313,22,0.97911204,0.91539587,0.23287671,0.52054795,0.01114442,0.99946023,0.52115611,0.24188179
th-0.05_sl0.04_diff_a0.1,"clip(v110 + alpha*row_gate*support_gate*clip((auc_delta-threshold)/slope,0,1)*(v113-v110))",120,234,313,22,0.97911204,0.91490134,0.21917808,0.52054795,0.01114442,0.99946969,0.52112884,0.24228618
th-0.05_sl0.04_diff_a0.15,"clip(v110 + alpha*row_gate*support_gate*clip((auc_delta-threshold)/slope,0,1)*(v113-v110))",120,234,313,22,0.97911204,0.91494023,0.21917808,0.52054795,0.01114442,0.99946959,0.52112715,0.24225873
th-0.05_sl0.04_diff_a0.2,"clip(v110 + alpha*row_gate*support_gate*clip((auc_delta-threshold)/slope,0,1)*(v113-v110))",120,234,313,22,0.97911204,0.91497210,0.21917808,0.52054795,0.01114442,0.99946949,0.52112545,0.24223243
th-0.05_sl0.04_diff_a0.25,"clip(v110 + alpha*row_gate*support_gate*clip((auc_delta-threshold)/slope,0,1)*(v113-v110))",120,234,313,22,0.97911204,0.91501157,0.21917808,0.52054795,0.01114442,0.99946938,0.52112376,0.24220729
th-0.05_sl0.04_diff_a0.3,"clip(v110 + alpha*row_gate*support_gate*clip((auc_delta-threshold)/slope,0,1)*(v113-v110))",120,234,313,22,0.97911204,0.91505023,0.21917808,0.52054795,0.01114442,0.99946928,0.52112207,0.24218329
th-0.05_sl0.04_diff_a0.4,"clip(v110 + alpha*row_gate*support_gate*clip((auc_delta-threshold)/slope,0,1)*(v113-v110))",120,234,313,22,0.97911204,0.91511052,0.21917808,0.52054795,0.01114442,0.99946907,0.52111868,0.24213877
th-0.05_sl0.04_diff_a0.55,"clip(v110 + alpha*row_gate*support_gate*clip((auc_delta-threshold)/slope,0,1)*(v113-v110))",120,234,313,22,0.97911204,0.91519164,0.23287671,0.52054795,0.01114442,0.99946876,0.52111360,0.24208065
th-0.05_sl0.04_diff_a0.75,"clip(v110 + alpha*row_gate*support_gate*clip((auc_delta-threshold)/slope,0,1)*(v113-v110))",120,234,313,22,0.97911204,0.91526505,0.23287671,0.52054795,0.01114442,0.99946834,0.52110683,0.24201932
th-0.05_sl0.04_diff_a1,"clip(v110 + alpha*row_gate*support_gate*clip((auc_delta-threshold)/slope,0,1)*(v113-v110))",120,234,313,22,0.97911204,0.91532499,0.23287671,0.52054795,0.01114442,0.99946783,0.52109836,0.24196869
th-0.05_sl0.04_eco_a0.1,"clip(v110 + alpha*row_gate*support_gate*clip((auc_delta-threshold)/slope,0,1)*(v113-v110))",120,234,313,22,0.97911204,0.91491825,0.21917808,0.52054795,0.01114442,0.99946920,0.52113259,0.24227308
th-0.05_sl0.04_eco_a0.15,"clip(v110 + alpha*row_gate*support_gate*clip((auc_delta-threshold)/slope,0,1)*(v113-v110))",120,234,313,22,0.97911204,0.91496761,0.21917808,0.52054795,0.01114442,0.99946885,0.52113278,0.24223946
th-0.05_sl0.04_eco_a0.2,"clip(v110 + alpha*row_gate*support_gate*clip((auc_delta-threshold)/slope,0,1)*(v113-v110))",120,234,313,22,0.97911204,0.91501042,0.21917808,0.52054795,0.01114442,0.99946850,0.52113296,0.24220724
th-0.05_sl0.04_eco_a0.25,"clip(v110 + alpha*row_gate*support_gate*clip((auc_delta-threshold)/slope,0,1)*(v113-v110))",120,234,313,22,0.97911204,0.91505103,0.23287671,0.52054795,0.01114442,0.99946815,0.52113314,0.24217644
th-0.05_sl0.04_eco_a0.3,"clip(v110 + alpha*row_gate*support_gate*clip((auc_delta-threshold)/slope,0,1)*(v113-v110))",120,234,313,22,0.97911204,0.91509084,0.23287671,0.52054795,0.01114442,0.99946780,0.52113333,0.24214705
th-0.05_sl0.04_eco_a0.4,"clip(v110 + alpha*row_gate*support_gate*clip((auc_delta-threshold)/slope,0,1)*(v113-v110))",120,234,313,22,0.97911204,0.91516322,0.23287671,0.52054795,0.01114442,0.99946710,0.52113370,0.24209249
th-0.05_sl0.04_eco_a0.55,"clip(v110 + alpha*row_gate*support_gate*clip((auc_delta-threshold)/slope,0,1)*(v113-v110))",120,234,313,22,0.97911204,0.91525964,0.23287671,0.52054795,0.01114442,0.99946604,0.52113425,0.24202123
th-0.05_sl0.04_eco_a0.75,"clip(v110 + alpha*row_gate*support_gate*clip((auc_delta-threshold)/slope,0,1)*(v113-v110))",120,234,313,22,0.97911204,0.91534973,0.23287671,0.52054795,0.01114442,0.99946464,0.52113498,0.24194600
th-0.05_sl0.04_eco_a1,"clip(v110 + alpha*row_gate*support_gate*clip((auc_delta-threshold)/slope,0,1)*(v113-v110))",120,234,313,22,0.97911204,0.91541474,0.23287671,0.52054795,0.01114442,0.99946289,0.52113590,0.24188376
th-0.05_sl0.04_inv_eco_a0.1,"clip(v110 + alpha*row_gate*support_gate*clip((auc_delta-threshold)/slope,0,1)*(v113-v110))",120,234,313,22,0.97911204,0.91490261,0.21917808,0.52054795,0.01114442,0.99946922,0.52113068,0.24228742
th-0.05_sl0.04_inv_eco_a0.15,"clip(v110 + alpha*row_gate*support_gate*clip((auc_delta-threshold)/slope,0,1)*(v113-v110))",120,234,313,22,0.97911204,0.91494035,0.21917808,0.52054795,0.01114442,0.99946888,0.52112991,0.24226015
th-0.05_sl0.04_inv_eco_a0.2,"clip(v110 + alpha*row_gate*support_gate*clip((auc_delta-threshold)/slope,0,1)*(v113-v110))",120,234,313,22,0.97911204,0.91497038,0.21917808,0.52054795,0.01114442,0.99946854,0.52112914,0.24223373
th-0.05_sl0.04_inv_eco_a0.25,"clip(v110 + alpha*row_gate*support_gate*clip((auc_delta-threshold)/slope,0,1)*(v113-v110))",120,234,313,22,0.97911204,0.91500420,0.23287671,0.52054795,0.01114442,0.99946820,0.52112837,0.24220818
th-0.05_sl0.04_inv_eco_a0.3,"clip(v110 + alpha*row_gate*support_gate*clip((auc_delta-threshold)/slope,0,1)*(v113-v110))",120,234,313,22,0.97911204,0.91504022,0.23287671,0.52054795,0.01114442,0.99946787,0.52112759,0.24218349
th-0.05_sl0.04_inv_eco_a0.4,"clip(v110 + alpha*row_gate*support_gate*clip((auc_delta-threshold)/slope,0,1)*(v113-v110))",120,234,313,22,0.97911204,0.91511685,0.23287671,0.52054795,0.01114442,0.99946719,0.52112605,0.24213670
th-0.05_sl0.04_inv_eco_a0.55,"clip(v110 + alpha*row_gate*support_gate*clip((auc_delta-threshold)/slope,0,1)*(v113-v110))",120,234,313,22,0.97911204,0.91520671,0.23287671,0.52054795,0.01114442,0.99946617,0.52112373,0.24207297
th-0.05_sl0.04_inv_eco_a0.75,"clip(v110 + alpha*row_gate*support_gate*clip((auc_delta-threshold)/slope,0,1)*(v113-v110))",120,234,313,22,0.97911204,0.91529611,0.23287671,0.52054795,0.01114442,0.99946481,0.52112064,0.24200007
th-0.05_sl0.04_inv_eco_a1,"clip(v110 + alpha*row_gate*support_gate*clip((auc_delta-threshold)/slope,0,1)*(v113-v110))",120,234,313,22,0.97911204,0.91538839,0.23287671,0.52054795,0.01114442,0.99946312,0.52111678,0.24192838
th-0.05_sl0.08_flat_a0.1,"clip(v110 + alpha*row_gate*support_gate*clip((auc_delta-threshold)/slope,0,1)*(v113-v110))",120,234,313,22,0.97911204,0.91498706,0.21917808,0.52054795,0.01114442,0.99946852,0.52113114,0.24222433
th-0.05_sl0.08_flat_a0.15,"clip(v110 + alpha*row_gate*support_gate*clip((auc_delta-threshold)/slope,0,1)*(v113-v110))",120,234,313,22,0.97911204,0.91505874,0.23287671,0.52054795,0.01114442,0.99946783,0.52113059,0.24217027
th-0.05_sl0.08_flat_a0.2,"clip(v110 + alpha*row_gate*support_gate*clip((auc_delta-threshold)/slope,0,1)*(v113-v110))",120,234,313,22,0.97911204,0.91513123,0.23287671,0.52054795,0.01114442,0.99946714,0.52113005,0.24212025
th-0.05_sl0.08_flat_a0.25,"clip(v110 + alpha*row_gate*support_gate*clip((auc_delta-threshold)/slope,0,1)*(v113-v110))",120,234,313,22,0.97911204,0.91519716,0.23287671,0.52054795,0.01114442,0.99946645,0.52112950,0.24207426
th-0.05_sl0.08_flat_a0.3,"clip(v110 + alpha*row_gate*support_gate*clip((auc_delta-threshold)/slope,0,1)*(v113-v110))",120,234,313,22,0.97911204,0.91525319,0.23287671,0.52054795,0.01114442,0.99946576,0.52112896,0.24203232
th-0.05_sl0.08_flat_a0.4,"clip(v110 + alpha*row_gate*support_gate*clip((auc_delta-threshold)/slope,0,1)*(v113-v110))",120,234,313,22,0.97911204,0.91533938,0.23287671,0.52054795,0.01114442,0.99946438,0.52112787,0.24196058
th-0.05_sl0.08_flat_a0.55,"clip(v110 + alpha*row_gate*support_gate*clip((auc_delta-threshold)/slope,0,1)*(v113-v110))",120,234,313,22,0.97911204,0.91543016,0.23287671,0.52054795,0.01114442,0.99946231,0.52112623,0.24188332
th-0.05_sl0.08_flat_a0.75,"clip(v110 + alpha*row_gate*support_gate*clip((auc_delta-threshold)/slope,0,1)*(v113-v110))",120,234,313,22,0.97911204,0.91547526,0.23287671,0.52054795,0.01114442,0.99945956,0.52112405,0.24183703
th-0.05_sl0.08_flat_a1,"clip(v110 + alpha*row_gate*support_gate*clip((auc_delta-threshold)/slope,0,1)*(v113-v110))",120,234,313,22,0.97911204,0.91542510,0.23287671,0.52054795,0.01114442,0.99945611,0.52112133,0.24187038
th-0.05_sl0.08_entropy_a0.1,"clip(v110 + alpha*row_gate*support_gate*clip((auc_delta-threshold)/slope,0,1)*(v113-v110))",120,234,313,22,0.97911204,0.91492412,0.21917808,0.52054795,0.01114442,0.99946893,0.52113383,0.24226893
th-0.05_sl0.08_entropy_a0.15,"clip(v110 + alpha*row_gate*support_gate*clip((auc_delta-threshold)/slope,0,1)*(v113-v110))",120,234,313,22,0.97911204,0.91497486,0.21917808,0.52054795,0.01114442,0.99946845,0.52113463,0.24223373
th-0.05_sl0.08_entropy_a0.2,"clip(v110 + alpha*row_gate*support_gate*clip((auc_delta-threshold)/slope,0,1)*(v113-v110))",120,234,313,22,0.97911204,0.91501375,0.23287671,0.52054795,0.01114442,0.99946797,0.52113543,0.24220025
th-0.05_sl0.08_entropy_a0.25,"clip(v110 + alpha*row_gate*support_gate*clip((auc_delta-threshold)/slope,0,1)*(v113-v110))",120,234,313,22,0.97911204,0.91505840,0.23287671,0.52054795,0.01114442,0.99946748,0.52113623,0.24216851
th-0.05_sl0.08_entropy_a0.3,"clip(v110 + alpha*row_gate*support_gate*clip((auc_delta-threshold)/slope,0,1)*(v113-v110))",120,234,313,22,0.97911204,0.91510028,0.23287671,0.52054795,0.01114442,0.99946700,0.52113704,0.24213851
th-0.05_sl0.08_entropy_a0.4,"clip(v110 + alpha*row_gate*support_gate*clip((auc_delta-threshold)/slope,0,1)*(v113-v110))",120,234,313,22,0.97911204,0.91517242,0.23287671,0.52054795,0.01114442,0.99946603,0.52113864,0.24208370
th-0.05_sl0.08_entropy_a0.55,"clip(v110 + alpha*row_gate*support_gate*clip((auc_delta-threshold)/slope,0,1)*(v113-v110))",120,234,313,22,0.97911204,0.91525204,0.23287671,0.52054795,0.01114442,0.99946458,0.52114104,0.24201451
th-0.05_sl0.08_entropy_a0.75,"clip(v110 + alpha*row_gate*support_gate*clip((auc_delta-threshold)/slope,0,1)*(v113-v110))",120,234,313,22,0.97911204,0.91533362,0.23287671,0.52054795,0.01114442,0.99946265,0.52114425,0.24194660
th-0.05_sl0.08_entropy_a1,"clip(v110 + alpha*row_gate*support_gate*clip((auc_delta-threshold)/slope,0,1)*(v113-v110))",120,234,313,22,0.97911204,0.91537504,0.23287671,0.52054795,0.01114442,0.99946023,0.52114826,0.24190083
th-0.05_sl0.08_diff_a0.1,"clip(v110 + alpha*row_gate*support_gate*clip((auc_delta-threshold)/slope,0,1)*(v113-v110))",120,234,313,22,0.97911204,0.91489892,0.21917808,0.52054795,0.01114442,0.99946969,0.52112916,0.24228812
th-0.05_sl0.08_diff_a0.15,"clip(v110 + alpha*row_gate*support_gate*clip((auc_delta-threshold)/slope,0,1)*(v113-v110))",120,234,313,22,0.97911204,0.91493459,0.21917808,0.52054795,0.01114442,0.99946959,0.52112762,0.24226159
th-0.05_sl0.08_diff_a0.2,"clip(v110 + alpha*row_gate*support_gate*clip((auc_delta-threshold)/slope,0,1)*(v113-v110))",120,234,313,22,0.97911204,0.91496382,0.21917808,0.52054795,0.01114442,0.99946949,0.52112609,0.24223619
th-0.05_sl0.08_diff_a0.25,"clip(v110 + alpha*row_gate*support_gate*clip((auc_delta-threshold)/slope,0,1)*(v113-v110))",120,234,313,22,0.97911204,0.91500317,0.21917808,0.52054795,0.01114442,0.99946938,0.52112455,0.24221192
th-0.05_sl0.08_diff_a0.3,"clip(v110 + alpha*row_gate*support_gate*clip((auc_delta-threshold)/slope,0,1)*(v113-v110))",120,234,313,22,0.97911204,0.91504068,0.21917808,0.52054795,0.01114442,0.99946928,0.52112302,0.24218877
th-0.05_sl0.08_diff_a0.4,"clip(v110 + alpha*row_gate*support_gate*clip((auc_delta-threshold)/slope,0,1)*(v113-v110))",120,234,313,22,0.97911204,0.91510062,0.21917808,0.52054795,0.01114442,0.99946907,0.52111995,0.24214585
th-0.05_sl0.08_diff_a0.55,"clip(v110 + alpha*row_gate*support_gate*clip((auc_delta-threshold)/slope,0,1)*(v113-v110))",120,234,313,22,0.97911204,0.91517875,0.23287671,0.52054795,0.01114442,0.99946876,0.52111534,0.24208993
th-0.05_sl0.08_diff_a0.75,"clip(v110 + alpha*row_gate*support_gate*clip((auc_delta-threshold)/slope,0,1)*(v113-v110))",120,234,313,22,0.97911204,0.91524928,0.23287671,0.52054795,0.01114442,0.99946834,0.52110920,0.24203116
th-0.05_sl0.08_diff_a1,"clip(v110 + alpha*row_gate*support_gate*clip((auc_delta-threshold)/slope,0,1)*(v113-v110))",120,234,313,22,0.97911204,0.91531291,0.23287671,0.52054795,0.01114442,0.99946783,0.52110153,0.24198309
th-0.05_sl0.08_eco_a0.1,"clip(v110 + alpha*row_gate*support_gate*clip((auc_delta-threshold)/slope,0,1)*(v113-v110))",120,234,313,22,0.97911204,0.91491503,0.21917808,0.52054795,0.01114442,0.99946920,0.52113219,0.24227537
th-0.05_sl0.08_eco_a0.15,"clip(v110 + alpha*row_gate*support_gate*clip((auc_delta-threshold)/slope,0,1)*(v113-v110))",120,234,313,22,0.97911204,0.91496405,0.21917808,0.52054795,0.01114442,0.99946885,0.52113218,0.24224286
th-0.05_sl0.08_eco_a0.2,"clip(v110 + alpha*row_gate*support_gate*clip((auc_delta-threshold)/slope,0,1)*(v113-v110))",120,234,313,22,0.97911204,0.91500512,0.21917808,0.52054795,0.01114442,0.99946850,0.52113216,0.24221172
th-0.05_sl0.08_eco_a0.25,"clip(v110 + alpha*row_gate*support_gate*clip((auc_delta-threshold)/slope,0,1)*(v113-v110))",120,234,313,22,0.97911204,0.91504298,0.23287671,0.52054795,0.01114442,0.99946815,0.52113215,0.24218197
th-0.05_sl0.08_eco_a0.3,"clip(v110 + alpha*row_gate*support_gate*clip((auc_delta-threshold)/slope,0,1)*(v113-v110))",120,234,313,22,0.97911204,0.91508060,0.23287671,0.52054795,0.01114442,0.99946780,0.52113213,0.24215360
th-0.05_sl0.08_eco_a0.4,"clip(v110 + alpha*row_gate*support_gate*clip((auc_delta-threshold)/slope,0,1)*(v113-v110))",120,234,313,22,0.97911204,0.91514976,0.23287671,0.52054795,0.01114442,0.99946710,0.52113210,0.24210101
th-0.05_sl0.08_eco_a0.55,"clip(v110 + alpha*row_gate*support_gate*clip((auc_delta-threshold)/slope,0,1)*(v113-v110))",120,234,313,22,0.97911204,0.91524318,0.23287671,0.52054795,0.01114442,0.99946604,0.52113205,0.24203251
th-0.05_sl0.08_eco_a0.75,"clip(v110 + alpha*row_gate*support_gate*clip((auc_delta-threshold)/slope,0,1)*(v113-v110))",120,234,313,22,0.97911204,0.91533213,0.23287671,0.52054795,0.01114442,0.99946464,0.52113198,0.24196057
th-0.05_sl0.08_eco_a1,"clip(v110 + alpha*row_gate*support_gate*clip((auc_delta-threshold)/slope,0,1)*(v113-v110))",120,234,313,22,0.97911204,0.91539829,0.23287671,0.52054795,0.01114442,0.99946289,0.52113190,0.24190184
th-0.05_sl0.08_inv_eco_a0.1,"clip(v110 + alpha*row_gate*support_gate*clip((auc_delta-threshold)/slope,0,1)*(v113-v110))",120,234,313,22,0.97911204,0.91489846,0.21917808,0.52054795,0.01114442,0.99946922,0.52113117,0.24228988
th-0.05_sl0.08_inv_eco_a0.15,"clip(v110 + alpha*row_gate*support_gate*clip((auc_delta-threshold)/slope,0,1)*(v113-v110))",120,234,313,22,0.97911204,0.91493597,0.21917808,0.52054795,0.01114442,0.99946888,0.52113064,0.24226380
th-0.05_sl0.08_inv_eco_a0.2,"clip(v110 + alpha*row_gate*support_gate*clip((auc_delta-threshold)/slope,0,1)*(v113-v110))",120,234,313,22,0.97911204,0.91496451,0.21917808,0.52054795,0.01114442,0.99946854,0.52113011,0.24223857
th-0.05_sl0.08_inv_eco_a0.25,"clip(v110 + alpha*row_gate*support_gate*clip((auc_delta-threshold)/slope,0,1)*(v113-v110))",120,234,313,22,0.97911204,0.91499638,0.23287671,0.52054795,0.01114442,0.99946820,0.52112958,0.24221417
th-0.05_sl0.08_inv_eco_a0.3,"clip(v110 + alpha*row_gate*support_gate*clip((auc_delta-threshold)/slope,0,1)*(v113-v110))",120,234,313,22,0.97911204,0.91502929,0.23287671,0.52054795,0.01114442,0.99946787,0.52112905,0.24219062
th-0.05_sl0.08_inv_eco_a0.4,"clip(v110 + alpha*row_gate*support_gate*clip((auc_delta-threshold)/slope,0,1)*(v113-v110))",120,234,313,22,0.97911204,0.91510120,0.23287671,0.52054795,0.01114442,0.99946719,0.52112800,0.24214603
th-0.05_sl0.08_inv_eco_a0.55,"clip(v110 + alpha*row_gate*support_gate*clip((auc_delta-threshold)/slope,0,1)*(v113-v110))",120,234,313,22,0.97911204,0.91518761,0.23287671,0.52054795,0.01114442,0.99946617,0.52112641,0.24208545
th-0.05_sl0.08_inv_eco_a0.75,"clip(v110 + alpha*row_gate*support_gate*clip((auc_delta-threshold)/slope,0,1)*(v113-v110))",120,234,313,22,0.97911204,0.91527322,0.23287671,0.52054795,0.01114442,0.99946481,0.52112429,0.24201647
th-0.05_sl0.08_inv_eco_a1,"clip(v110 + alpha*row_gate*support_gate*clip((auc_delta-threshold)/slope,0,1)*(v113-v110))",120,234,313,22,0.97911204,0.91535986,0.23287671,0.52054795,0.01114442,0.99946312,0.52112165,0.24194919
th-0.05_sl0.12_flat_a0.1,"clip(v110 + alpha*row_gate*support_gate*clip((auc_delta-threshold)/slope,0,1)*(v113-v110))",120,234,313,22,0.97911204,0.91497555,0.21917808,0.52054795,0.01114442,0.99946852,0.52113132,0.24223573
th-0.05_sl0.12_flat_a0.15,"clip(v110 + alpha*row_gate*support_gate*clip((auc_delta-threshold)/slope,0,1)*(v113-v110))",120,234,313,22,0.97911204,0.91503872,0.23287671,0.52054795,0.01114442,0.99946783,0.52113087,0.24218608
th-0.05_sl0.12_flat_a0.2,"clip(v110 + alpha*row_gate*support_gate*clip((auc_delta-threshold)/slope,0,1)*(v113-v110))",120,234,313,22,0.97911204,0.91509798,0.23287671,0.52054795,0.01114442,0.99946714,0.52113042,0.24213962
th-0.05_sl0.12_flat_a0.25,"clip(v110 + alpha*row_gate*support_gate*clip((auc_delta-threshold)/slope,0,1)*(v113-v110))",120,234,313,22,0.97911204,0.91515677,0.23287671,0.52054795,0.01114442,0.99946645,0.52112997,0.24209633
th-0.05_sl0.12_flat_a0.3,"clip(v110 + alpha*row_gate*support_gate*clip((auc_delta-threshold)/slope,0,1)*(v113-v110))",120,234,313,22,0.97911204,0.91521131,0.23287671,0.52054795,0.01114442,0.99946576,0.52112952,0.24205623
th-0.05_sl0.12_flat_a0.4,"clip(v110 + alpha*row_gate*support_gate*clip((auc_delta-threshold)/slope,0,1)*(v113-v110))",120,234,313,22,0.97911204,0.91530635,0.23287671,0.52054795,0.01114442,0.99946438,0.52112862,0.24198558
th-0.05_sl0.12_flat_a0.55,"clip(v110 + alpha*row_gate*support_gate*clip((auc_delta-threshold)/slope,0,1)*(v113-v110))",120,234,313,22,0.97911204,0.91540542,0.23287671,0.52054795,0.01114442,0.99946231,0.52112727,0.24190352
th-0.05_sl0.12_flat_a0.75,"clip(v110 + alpha*row_gate*support_gate*clip((auc_delta-threshold)/slope,0,1)*(v113-v110))",120,234,313,22,0.97911204,0.91547894,0.23287671,0.52054795,0.01114442,0.99945956,0.52112546,0.24183876
th-0.05_sl0.12_flat_a1,"clip(v110 + alpha*row_gate*support_gate*clip((auc_delta-threshold)/slope,0,1)*(v113-v110))",120,234,313,22,0.97911204,0.91548355,0.23287671,0.52054795,0.01114442,0.99945611,0.52112321,0.24182965
th-0.05_sl0.12_entropy_a0.1,"clip(v110 + alpha*row_gate*support_gate*clip((auc_delta-threshold)/slope,0,1)*(v113-v110))",120,234,313,22,0.97911204,0.91491929,0.21917808,0.52054795,0.01114442,0.99946893,0.52113306,0.24227588
th-0.05_sl0.12_entropy_a0.15,"clip(v110 + alpha*row_gate*support_gate*clip((auc_delta-threshold)/slope,0,1)*(v113-v110))",120,234,313,22,0.97911204,0.91496566,0.21917808,0.52054795,0.01114442,0.99946845,0.52113348,0.24224358
th-0.05_sl0.12_entropy_a0.2,"clip(v110 + alpha*row_gate*support_gate*clip((auc_delta-threshold)/slope,0,1)*(v113-v110))",120,234,313,22,0.97911204,0.91500317,0.23287671,0.52054795,0.01114442,0.99946797,0.52113390,0.24221265
th-0.05_sl0.12_entropy_a0.25,"clip(v110 + alpha*row_gate*support_gate*clip((auc_delta-threshold)/slope,0,1)*(v113-v110))",120,234,313,22,0.97911204,0.91504286,0.23287671,0.52054795,0.01114442,0.99946748,0.52113432,0.24218308
th-0.05_sl0.12_entropy_a0.3,"clip(v110 + alpha*row_gate*support_gate*clip((auc_delta-threshold)/slope,0,1)*(v113-v110))",120,234,313,22,0.97911204,0.91507842,0.23287671,0.52054795,0.01114442,0.99946700,0.52113474,0.24215487
th-0.05_sl0.12_entropy_a0.4,"clip(v110 + alpha*row_gate*support_gate*clip((auc_delta-threshold)/slope,0,1)*(v113-v110))",120,234,313,22,0.97911204,0.91514987,0.23287671,0.52054795,0.01114442,0.99946603,0.52113557,0.24210254
th-0.05_sl0.12_entropy_a0.55,"clip(v110 + alpha*row_gate*support_gate*clip((auc_delta-threshold)/slope,0,1)*(v113-v110))",120,234,313,22,0.97911204,0.91522765,0.23287671,0.52054795,0.01114442,0.99946458,0.52113683,0.24203428
th-0.05_sl0.12_entropy_a0.75,"clip(v110 + alpha*row_gate*support_gate*clip((auc_delta-threshold)/slope,0,1)*(v113-v110))",120,234,313,22,0.97911204,0.91531441,0.23287671,0.52054795,0.01114442,0.99946265,0.52113850,0.24196237
th-0.05_sl0.12_entropy_a1,"clip(v110 + alpha*row_gate*support_gate*clip((auc_delta-threshold)/slope,0,1)*(v113-v110))",120,234,313,22,0.97911204,0.91537988,0.23287671,0.52054795,0.01114442,0.99946023,0.52114060,0.24190322
th-0.05_sl0.12_diff_a0.1,"clip(v110 + alpha*row_gate*support_gate*clip((auc_delta-threshold)/slope,0,1)*(v113-v110))",120,234,313,22,0.97911204,0.91489029,0.21917808,0.52054795,0.01114442,0.99946969,0.52112973,0.24229459
th-0.05_sl0.12_diff_a0.15,"clip(v110 + alpha*row_gate*support_gate*clip((auc_delta-threshold)/slope,0,1)*(v113-v110))",120,234,313,22,0.97911204,0.91492309,0.21917808,0.52054795,0.01114442,0.99946959,0.52112849,0.24227090
th-0.05_sl0.12_diff_a0.2,"clip(v110 + alpha*row_gate*support_gate*clip((auc_delta-threshold)/slope,0,1)*(v113-v110))",120,234,313,22,0.97911204,0.91494886,0.21917808,0.52054795,0.01114442,0.99946949,0.52112724,0.24224807
th-0.05_sl0.12_diff_a0.25,"clip(v110 + alpha*row_gate*support_gate*clip((auc_delta-threshold)/slope,0,1)*(v113-v110))",120,234,313,22,0.97911204,0.91497866,0.21917808,0.52054795,0.01114442,0.99946938,0.52112599,0.24222610
th-0.05_sl0.12_diff_a0.3,"clip(v110 + alpha*row_gate*support_gate*clip((auc_delta-threshold)/slope,0,1)*(v113-v110))",120,234,313,22,0.97911204,0.91501053,0.21917808,0.52054795,0.01114442,0.99946928,0.52112475,0.24220499
th-0.05_sl0.12_diff_a0.4,"clip(v110 + alpha*row_gate*support_gate*clip((auc_delta-threshold)/slope,0,1)*(v113-v110))",120,234,313,22,0.97911204,0.91506921,0.21917808,0.52054795,0.01114442,0.99946907,0.52112225,0.24216536
th-0.05_sl0.12_diff_a0.55,"clip(v110 + alpha*row_gate*support_gate*clip((auc_delta-threshold)/slope,0,1)*(v113-v110))",120,234,313,22,0.97911204,0.91514653,0.23287671,0.52054795,0.01114442,0.99946876,0.52111851,0.24211238
th-0.05_sl0.12_diff_a0.75,"clip(v110 + alpha*row_gate*support_gate*clip((auc_delta-threshold)/slope,0,1)*(v113-v110))",120,234,313,22,0.97911204,0.91521810,0.23287671,0.52054795,0.01114442,0.99946834,0.52111353,0.24205380
th-0.05_sl0.12_diff_a1,"clip(v110 + alpha*row_gate*support_gate*clip((auc_delta-threshold)/slope,0,1)*(v113-v110))",120,234,313,22,0.97911204,0.91528932,0.23287671,0.52054795,0.01114442,0.99946783,0.52110729,0.24200000
th-0.05_sl0.12_eco_a0.1,"clip(v110 + alpha*row_gate*support_gate*clip((auc_delta-threshold)/slope,0,1)*(v113-v110))",120,234,313,22,0.97911204,0.91490755,0.21917808,0.52054795,0.01114442,0.99946920,0.52113190,0.24228221
th-0.05_sl0.12_eco_a0.15,"clip(v110 + alpha*row_gate*support_gate*clip((auc_delta-threshold)/slope,0,1)*(v113-v110))",120,234,313,22,0.97911204,0.91495404,0.21917808,0.52054795,0.01114442,0.99946885,0.52113173,0.24225265
th-0.05_sl0.12_eco_a0.2,"clip(v110 + alpha*row_gate*support_gate*clip((auc_delta-threshold)/slope,0,1)*(v113-v110))",120,234,313,22,0.97911204,0.91499212,0.21917808,0.52054795,0.01114442,0.99946850,0.52113157,0.24222418
th-0.05_sl0.12_eco_a0.25,"clip(v110 + alpha*row_gate*support_gate*clip((auc_delta-threshold)/slope,0,1)*(v113-v110))",120,234,313,22,0.97911204,0.91502710,0.23287671,0.52054795,0.01114442,0.99946815,0.52113140,0.24219678
th-0.05_sl0.12_eco_a0.3,"clip(v110 + alpha*row_gate*support_gate*clip((auc_delta-threshold)/slope,0,1)*(v113-v110))",120,234,313,22,0.97911204,0.91505943,0.23287671,0.52054795,0.01114442,0.99946780,0.52113124,0.24217046
th-0.05_sl0.12_eco_a0.4,"clip(v110 + alpha*row_gate*support_gate*clip((auc_delta-threshold)/slope,0,1)*(v113-v110))",120,234,313,22,0.97911204,0.91512214,0.23287671,0.52054795,0.01114442,0.99946710,0.52113091,0.24212106
th-0.05_sl0.12_eco_a0.55,"clip(v110 + alpha*row_gate*support_gate*clip((auc_delta-threshold)/slope,0,1)*(v113-v110))",120,234,313,22,0.97911204,0.91520418,0.23287671,0.52054795,0.01114442,0.99946604,0.52113042,0.24205505
th-0.05_sl0.12_eco_a0.75,"clip(v110 + alpha*row_gate*support_gate*clip((auc_delta-threshold)/slope,0,1)*(v113-v110))",120,234,313,22,0.97911204,0.91530658,0.23287671,0.52054795,0.01114442,0.99946464,0.52112976,0.24198215
th-0.05_sl0.12_eco_a1,"clip(v110 + alpha*row_gate*support_gate*clip((auc_delta-threshold)/slope,0,1)*(v113-v110))",120,234,313,22,0.97911204,0.91538367,0.23287671,0.52054795,0.01114442,0.99946289,0.52112894,0.24191536
th-0.05_sl0.12_inv_eco_a0.1,"clip(v110 + alpha*row_gate*support_gate*clip((auc_delta-threshold)/slope,0,1)*(v113-v110))",120,234,313,22,0.97911204,0.91489121,0.21917808,0.52054795,0.01114442,0.99946922,0.52113165,0.24229521
th-0.05_sl0.12_inv_eco_a0.15,"clip(v110 + alpha*row_gate*support_gate*clip((auc_delta-threshold)/slope,0,1)*(v113-v110))",120,234,313,22,0.97911204,0.91492504,0.21917808,0.52054795,0.01114442,0.99946888,0.52113137,0.24227155
th-0.05_sl0.12_inv_eco_a0.2,"clip(v110 + alpha*row_gate*support_gate*clip((auc_delta-threshold)/slope,0,1)*(v113-v110))",120,234,313,22,0.97911204,0.91495139,0.21917808,0.52054795,0.01114442,0.99946854,0.52113108,0.24224856
th-0.05_sl0.12_inv_eco_a0.25,"clip(v110 + alpha*row_gate*support_gate*clip((auc_delta-threshold)/slope,0,1)*(v113-v110))",120,234,313,22,0.97911204,0.91497901,0.23287671,0.52054795,0.01114442,0.99946820,0.52113079,0.24222624
th-0.05_sl0.12_inv_eco_a0.3,"clip(v110 + alpha*row_gate*support_gate*clip((auc_delta-threshold)/slope,0,1)*(v113-v110))",120,234,313,22,0.97911204,0.91500858,0.23287671,0.52054795,0.01114442,0.99946787,0.52113051,0.24220459
th-0.05_sl0.12_inv_eco_a0.4,"clip(v110 + alpha*row_gate*support_gate*clip((auc_delta-threshold)/slope,0,1)*(v113-v110))",120,234,313,22,0.97911204,0.91507347,0.23287671,0.52054795,0.01114442,0.99946719,0.52112993,0.24216332
th-0.05_sl0.12_inv_eco_a0.55,"clip(v110 + alpha*row_gate*support_gate*clip((auc_delta-threshold)/slope,0,1)*(v113-v110))",120,234,313,22,0.97911204,0.91514619,0.23287671,0.52054795,0.01114442,0.99946617,0.52112907,0.24210644
th-0.05_sl0.12_inv_eco_a0.75,"clip(v110 + alpha*row_gate*support_gate*clip((auc_delta-threshold)/slope,0,1)*(v113-v110))",120,234,313,22,0.97911204,0.91524019,0.23287671,0.52054795,0.01114442,0.99946481,0.52112793,0.24204003
th-0.05_sl0.12_inv_eco_a1,"clip(v110 + alpha*row_gate*support_gate*clip((auc_delta-threshold)/slope,0,1)*(v113-v110))",120,234,313,22,0.97911204,0.91532971,0.23287671,0.52054795,0.01114442,0.99946312,0.52112650,0.24197216
th-0.05_sl0.2_flat_a0.1,"clip(v110 + alpha*row_gate*support_gate*clip((auc_delta-threshold)/slope,0,1)*(v113-v110))",120,234,313,22,0.97911204,0.91495864,0.21917808,0.52054795,0.01114442,0.99946852,0.52113150,0.24224832
th-0.05_sl0.2_flat_a0.15,"clip(v110 + alpha*row_gate*support_gate*clip((auc_delta-threshold)/slope,0,1)*(v113-v110))",120,234,313,22,0.97911204,0.91501698,0.23287671,0.52054795,0.01114442,0.99946783,0.52113113,0.24220401
th-0.05_sl0.2_flat_a0.2,"clip(v110 + alpha*row_gate*support_gate*clip((auc_delta-threshold)/slope,0,1)*(v113-v110))",120,234,313,22,0.97911204,0.91507278,0.23287671,0.52054795,0.01114442,0.99946714,0.52113077,0.24216223
th-0.05_sl0.2_flat_a0.25,"clip(v110 + alpha*row_gate*support_gate*clip((auc_delta-threshold)/slope,0,1)*(v113-v110))",120,234,313,22,0.97911204,0.91512283,0.23287671,0.52054795,0.01114442,0.99946645,0.52113040,0.24212299
th-0.05_sl0.2_flat_a0.3,"clip(v110 + alpha*row_gate*support_gate*clip((auc_delta-threshold)/slope,0,1)*(v113-v110))",120,234,313,22,0.97911204,0.91516621,0.23287671,0.52054795,0.01114442,0.99946576,0.52113004,0.24208629
th-0.05_sl0.2_flat_a0.4,"clip(v110 + alpha*row_gate*support_gate*clip((auc_delta-threshold)/slope,0,1)*(v113-v110))",120,234,313,22,0.97911204,0.91524652,0.23287671,0.52054795,0.01114442,0.99946438,0.52112931,0.24202052
th-0.05_sl0.2_flat_a0.55,"clip(v110 + alpha*row_gate*support_gate*clip((auc_delta-threshold)/slope,0,1)*(v113-v110))",120,234,313,22,0.97911204,0.91535307,0.23287671,0.52054795,0.01114442,0.99946231,0.52112822,0.24194092
th-0.05_sl0.2_flat_a0.75,"clip(v110 + alpha*row_gate*support_gate*clip((auc_delta-threshold)/slope,0,1)*(v113-v110))",120,234,313,22,0.97911204,0.91544109,0.23287671,0.52054795,0.01114442,0.99945956,0.52112676,0.24187042
th-0.05_sl0.2_flat_a1,"clip(v110 + alpha*row_gate*support_gate*clip((auc_delta-threshold)/slope,0,1)*(v113-v110))",120,234,313,22,0.97911204,0.91547181,0.23287671,0.52054795,0.01114442,0.99945611,0.52112494,0.24183960
th-0.05_sl0.2_entropy_a0.1,"clip(v110 + alpha*row_gate*support_gate*clip((auc_delta-threshold)/slope,0,1)*(v113-v110))",120,234,313,22,0.97911204,0.91490974,0.21917808,0.52054795,0.01114442,0.99946893,0.52113237,0.24228361
th-0.05_sl0.2_entropy_a0.15,"clip(v110 + alpha*row_gate*support_gate*clip((auc_delta-threshold)/slope,0,1)*(v113-v110))",120,234,313,22,0.97911204,0.91495507,0.21917808,0.52054795,0.01114442,0.99946845,0.52113243,0.24225476
th-0.05_sl0.2_entropy_a0.2,"clip(v110 + alpha*row_gate*support_gate*clip((auc_delta-threshold)/slope,0,1)*(v113-v110))",120,234,313,22,0.97911204,0.91499155,0.23287671,0.52054795,0.01114442,0.99946797,0.52113250,0.24222700
th-0.05_sl0.2_entropy_a0.25,"clip(v110 + alpha*row_gate*support_gate*clip((auc_delta-threshold)/slope,0,1)*(v113-v110))",120,234,313,22,0.97911204,0.91502480,0.23287671,0.52054795,0.01114442,0.99946748,0.52113257,0.24220032
th-0.05_sl0.2_entropy_a0.3,"clip(v110 + alpha*row_gate*support_gate*clip((auc_delta-threshold)/slope,0,1)*(v113-v110))",120,234,313,22,0.97911204,0.91505840,0.23287671,0.52054795,0.01114442,0.99946700,0.52113264,0.24217473
th-0.05_sl0.2_entropy_a0.4,"clip(v110 + alpha*row_gate*support_gate*clip((auc_delta-threshold)/slope,0,1)*(v113-v110))",120,234,313,22,0.97911204,0.91511834,0.23287671,0.52054795,0.01114442,0.99946603,0.52113278,0.24212680
th-0.05_sl0.2_entropy_a0.55,"clip(v110 + alpha*row_gate*support_gate*clip((auc_delta-threshold)/slope,0,1)*(v113-v110))",120,234,313,22,0.97911204,0.91519659,0.23287671,0.52054795,0.01114442,0.99946458,0.52113299,0.24206303
th-0.05_sl0.2_entropy_a0.75,"clip(v110 + alpha*row_gate*support_gate*clip((auc_delta-threshold)/slope,0,1)*(v113-v110))",120,234,313,22,0.97911204,0.91528127,0.23287671,0.52054795,0.01114442,0.99946265,0.52113327,0.24199322
th-0.05_sl0.2_entropy_a1,"clip(v110 + alpha*row_gate*support_gate*clip((auc_delta-threshold)/slope,0,1)*(v113-v110))",120,234,313,22,0.97911204,0.91534662,0.23287671,0.52054795,0.01114442,0.99946023,0.52113362,0.24193040
th-0.05_sl0.2_diff_a0.1,"clip(v110 + alpha*row_gate*support_gate*clip((auc_delta-threshold)/slope,0,1)*(v113-v110))",120,234,313,22,0.97911204,0.91488097,0.21917808,0.52054795,0.01114442,0.99946969,0.52113038,0.24230137
th-0.05_sl0.2_diff_a0.15,"clip(v110 + alpha*row_gate*support_gate*clip((auc_delta-threshold)/slope,0,1)*(v113-v110))",120,234,313,22,0.97911204,0.91490939,0.21917808,0.52054795,0.01114442,0.99946959,0.52112945,0.24228077
th-0.05_sl0.2_diff_a0.2,"clip(v110 + alpha*row_gate*support_gate*clip((auc_delta-threshold)/slope,0,1)*(v113-v110))",120,234,313,22,0.97911204,0.91493298,0.21917808,0.52054795,0.01114442,0.99946949,0.52112852,0.24226084
th-0.05_sl0.2_diff_a0.25,"clip(v110 + alpha*row_gate*support_gate*clip((auc_delta-threshold)/slope,0,1)*(v113-v110))",120,234,313,22,0.97911204,0.91495956,0.21917808,0.52054795,0.01114442,0.99946938,0.52112760,0.24224158
th-0.05_sl0.2_diff_a0.3,"clip(v110 + alpha*row_gate*support_gate*clip((auc_delta-threshold)/slope,0,1)*(v113-v110))",120,234,313,22,0.97911204,0.91498602,0.21917808,0.52054795,0.01114442,0.99946928,0.52112667,0.24222298
th-0.05_sl0.2_diff_a0.4,"clip(v110 + alpha*row_gate*support_gate*clip((auc_delta-threshold)/slope,0,1)*(v113-v110))",120,234,313,22,0.97911204,0.91503366,0.21917808,0.52054795,0.01114442,0.99946907,0.52112482,0.24218777
th-0.05_sl0.2_diff_a0.55,"clip(v110 + alpha*row_gate*support_gate*clip((auc_delta-threshold)/slope,0,1)*(v113-v110))",120,234,313,22,0.97911204,0.91509832,0.23287671,0.52054795,0.01114442,0.99946876,0.52112205,0.24213995
th-0.05_sl0.2_diff_a0.75,"clip(v110 + alpha*row_gate*support_gate*clip((auc_delta-threshold)/slope,0,1)*(v113-v110))",120,234,313,22,0.97911204,0.91517058,0.23287671,0.52054795,0.01114442,0.99946834,0.52111834,0.24208550
th-0.05_sl0.2_diff_a1,"clip(v110 + alpha*row_gate*support_gate*clip((auc_delta-threshold)/slope,0,1)*(v113-v110))",120,234,313,22,0.97911204,0.91524111,0.23287671,0.52054795,0.01114442,0.99946783,0.52111372,0.24203243
th-0.05_sl0.2_eco_a0.1,"clip(v110 + alpha*row_gate*support_gate*clip((auc_delta-threshold)/slope,0,1)*(v113-v110))",120,234,313,22,0.97911204,0.91489996,0.21917808,0.52054795,0.01114442,0.99946920,0.52113167,0.24228965
th-0.05_sl0.2_eco_a0.15,"clip(v110 + alpha*row_gate*support_gate*clip((auc_delta-threshold)/slope,0,1)*(v113-v110))",120,234,313,22,0.97911204,0.91494265,0.21917808,0.52054795,0.01114442,0.99946885,0.52113139,0.24226348
th-0.05_sl0.2_eco_a0.2,"clip(v110 + alpha*row_gate*support_gate*clip((auc_delta-threshold)/slope,0,1)*(v113-v110))",120,234,313,22,0.97911204,0.91497532,0.21917808,0.52054795,0.01114442,0.99946850,0.52113111,0.24223816
th-0.05_sl0.2_eco_a0.25,"clip(v110 + alpha*row_gate*support_gate*clip((auc_delta-threshold)/slope,0,1)*(v113-v110))",120,234,313,22,0.97911204,0.91500996,0.23287671,0.52054795,0.01114442,0.99946815,0.52113083,0.24221369
th-0.05_sl0.2_eco_a0.3,"clip(v110 + alpha*row_gate*support_gate*clip((auc_delta-threshold)/slope,0,1)*(v113-v110))",120,234,313,22,0.97911204,0.91503769,0.23287671,0.52054795,0.01114442,0.99946780,0.52113055,0.24219007
th-0.05_sl0.2_eco_a0.4,"clip(v110 + alpha*row_gate*support_gate*clip((auc_delta-threshold)/slope,0,1)*(v113-v110))",120,234,313,22,0.97911204,0.91509326,0.23287671,0.52054795,0.01114442,0.99946710,0.52113000,0.24214539
th-0.05_sl0.2_eco_a0.55,"clip(v110 + alpha*row_gate*support_gate*clip((auc_delta-threshold)/slope,0,1)*(v113-v110))",120,234,313,22,0.97911204,0.91516506,0.23287671,0.52054795,0.01114442,0.99946604,0.52112916,0.24208476
th-0.05_sl0.2_eco_a0.75,"clip(v110 + alpha*row_gate*support_gate*clip((auc_delta-threshold)/slope,0,1)*(v113-v110))",120,234,313,22,0.97911204,0.91525423,0.23287671,0.52054795,0.01114442,0.99946464,0.52112805,0.24201585
th-0.05_sl0.2_eco_a1,"clip(v110 + alpha*row_gate*support_gate*clip((auc_delta-threshold)/slope,0,1)*(v113-v110))",120,234,313,22,0.97911204,0.91533523,0.23287671,0.52054795,0.01114442,0.99946289,0.52112665,0.24194892
th-0.05_sl0.2_inv_eco_a0.1,"clip(v110 + alpha*row_gate*support_gate*clip((auc_delta-threshold)/slope,0,1)*(v113-v110))",120,234,313,22,0.97911204,0.91488397,0.21917808,0.52054795,0.01114442,0.99946922,0.52113205,0.24230093
th-0.05_sl0.2_inv_eco_a0.15,"clip(v110 + alpha*row_gate*support_gate*clip((auc_delta-threshold)/slope,0,1)*(v113-v110))",120,234,313,22,0.97911204,0.91491342,0.21917808,0.52054795,0.01114442,0.99946888,0.52113197,0.24227994
th-0.05_sl0.2_inv_eco_a0.2,"clip(v110 + alpha*row_gate*support_gate*clip((auc_delta-threshold)/slope,0,1)*(v113-v110))",120,234,313,22,0.97911204,0.91493574,0.21917808,0.52054795,0.01114442,0.99946854,0.52113188,0.24225950
th-0.05_sl0.2_inv_eco_a0.25,"clip(v110 + alpha*row_gate*support_gate*clip((auc_delta-threshold)/slope,0,1)*(v113-v110))",120,234,313,22,0.97911204,0.91496060,0.23287671,0.52054795,0.01114442,0.99946820,0.52113180,0.24223960
th-0.05_sl0.2_inv_eco_a0.3,"clip(v110 + alpha*row_gate*support_gate*clip((auc_delta-threshold)/slope,0,1)*(v113-v110))",120,234,313,22,0.97911204,0.91498764,0.23287671,0.52054795,0.01114442,0.99946787,0.52113171,0.24222024
th-0.05_sl0.2_inv_eco_a0.4,"clip(v110 + alpha*row_gate*support_gate*clip((auc_delta-threshold)/slope,0,1)*(v113-v110))",120,234,313,22,0.97911204,0.91504517,0.23287671,0.52054795,0.01114442,0.99946719,0.52113154,0.24218317
th-0.05_sl0.2_inv_eco_a0.55,"clip(v110 + alpha*row_gate*support_gate*clip((auc_delta-threshold)/slope,0,1)*(v113-v110))",120,234,313,22,0.97911204,0.91510626,0.23287671,0.52054795,0.01114442,0.99946617,0.52113128,0.24213165
th-0.05_sl0.2_inv_eco_a0.75,"clip(v110 + alpha*row_gate*support_gate*clip((auc_delta-threshold)/slope,0,1)*(v113-v110))",120,234,313,22,0.97911204,0.91518542,0.23287671,0.52054795,0.01114442,0.99946481,0.52113094,0.24207059
th-0.05_sl0.2_inv_eco_a1,"clip(v110 + alpha*row_gate*support_gate*clip((auc_delta-threshold)/slope,0,1)*(v113-v110))",120,234,313,22,0.97911204,0.91527218,0.23287671,0.52054795,0.01114442,0.99946312,0.52113051,0.24200655
th0_sl0.04_flat_a0.1,"clip(v110 + alpha*row_gate*support_gate*clip((auc_delta-threshold)/slope,0,1)*(v113-v110))",120,234,313,22,0.97911204,0.91497366,0.21917808,0.52054795,0.01114442,0.99946852,0.52113131,0.24223474
th0_sl0.04_flat_a0.15,"clip(v110 + alpha*row_gate*support_gate*clip((auc_delta-threshold)/slope,0,1)*(v113-v110))",120,234,313,22,0.97911204,0.91503717,0.23287671,0.52054795,0.01114442,0.99946783,0.52113085,0.24218511
th0_sl0.04_flat_a0.2,"clip(v110 + alpha*row_gate*support_gate*clip((auc_delta-threshold)/slope,0,1)*(v113-v110))",120,234,313,22,0.97911204,0.91510402,0.23287671,0.52054795,0.01114442,0.99946714,0.52113039,0.24213899
th0_sl0.04_flat_a0.25,"clip(v110 + alpha*row_gate*support_gate*clip((auc_delta-threshold)/slope,0,1)*(v113-v110))",120,234,313,22,0.97911204,0.91516351,0.23287671,0.52054795,0.01114442,0.99946645,0.52112993,0.24209639
th0_sl0.04_flat_a0.3,"clip(v110 + alpha*row_gate*support_gate*clip((auc_delta-threshold)/slope,0,1)*(v113-v110))",120,234,313,22,0.97911204,0.91521494,0.23287671,0.52054795,0.01114442,0.99946576,0.52112947,0.24205731
th0_sl0.04_flat_a0.4,"clip(v110 + alpha*row_gate*support_gate*clip((auc_delta-threshold)/slope,0,1)*(v113-v110))",120,234,313,22,0.97911204,0.91530089,0.23287671,0.52054795,0.01114442,0.99946438,0.52112856,0.24198971
th0_sl0.04_flat_a0.55,"clip(v110 + alpha*row_gate*support_gate*clip((auc_delta-threshold)/slope,0,1)*(v113-v110))",120,234,313,22,0.97911204,0.91538661,0.23287671,0.52054795,0.01114442,0.99946231,0.52112718,0.24191475
th0_sl0.04_flat_a0.75,"clip(v110 + alpha*row_gate*support_gate*clip((auc_delta-threshold)/slope,0,1)*(v113-v110))",120,234,313,22,0.97911204,0.91544207,0.23287671,0.52054795,0.01114442,0.99945956,0.52112535,0.24186419
th0_sl0.04_flat_a1,"clip(v110 + alpha*row_gate*support_gate*clip((auc_delta-threshold)/slope,0,1)*(v113-v110))",120,234,313,22,0.97911204,0.91540743,0.23287671,0.52054795,0.01114442,0.99945611,0.52112305,0.24188040
th0_sl0.04_entropy_a0.1,"clip(v110 + alpha*row_gate*support_gate*clip((auc_delta-threshold)/slope,0,1)*(v113-v110))",120,234,313,22,0.97911204,0.91491900,0.21917808,0.52054795,0.01114442,0.99946893,0.52113276,0.24227500
th0_sl0.04_entropy_a0.15,"clip(v110 + alpha*row_gate*support_gate*clip((auc_delta-threshold)/slope,0,1)*(v113-v110))",120,234,313,22,0.97911204,0.91496652,0.21917808,0.52054795,0.01114442,0.99946845,0.52113302,0.24224249
th0_sl0.04_entropy_a0.2,"clip(v110 + alpha*row_gate*support_gate*clip((auc_delta-threshold)/slope,0,1)*(v113-v110))",120,234,313,22,0.97911204,0.91500323,0.23287671,0.52054795,0.01114442,0.99946797,0.52113329,0.24221149
th0_sl0.04_entropy_a0.25,"clip(v110 + alpha*row_gate*support_gate*clip((auc_delta-threshold)/slope,0,1)*(v113-v110))",120,234,313,22,0.97911204,0.91504361,0.23287671,0.52054795,0.01114442,0.99946748,0.52113355,0.24218200
th0_sl0.04_entropy_a0.3,"clip(v110 + alpha*row_gate*support_gate*clip((auc_delta-threshold)/slope,0,1)*(v113-v110))",120,234,313,22,0.97911204,0.91507963,0.23287671,0.52054795,0.01114442,0.99946700,0.52113382,0.24215401
th0_sl0.04_entropy_a0.4,"clip(v110 + alpha*row_gate*support_gate*clip((auc_delta-threshold)/slope,0,1)*(v113-v110))",120,234,313,22,0.97911204,0.91514912,0.23287671,0.52054795,0.01114442,0.99946603,0.52113435,0.24210256
th0_sl0.04_entropy_a0.55,"clip(v110 + alpha*row_gate*support_gate*clip((auc_delta-threshold)/slope,0,1)*(v113-v110))",120,234,313,22,0.97911204,0.91522920,0.23287671,0.52054795,0.01114442,0.99946458,0.52113514,0.24203672
th0_sl0.04_entropy_a0.75,"clip(v110 + alpha*row_gate*support_gate*clip((auc_delta-threshold)/slope,0,1)*(v113-v110))",120,234,313,22,0.97911204,0.91530399,0.23287671,0.52054795,0.01114442,0.99946265,0.52113621,0.24197009
th0_sl0.04_entropy_a1,"clip(v110 + alpha*row_gate*support_gate*clip((auc_delta-threshold)/slope,0,1)*(v113-v110))",120,234,313,22,0.97911204,0.91536026,0.23287671,0.52054795,0.01114442,0.99946023,0.52113753,0.24192084
th0_sl0.04_diff_a0.1,"clip(v110 + alpha*row_gate*support_gate*clip((auc_delta-threshold)/slope,0,1)*(v113-v110))",120,234,313,22,0.97911204,0.91489047,0.21917808,0.52054795,0.01114442,0.99946969,0.52112973,0.24229349
th0_sl0.04_diff_a0.15,"clip(v110 + alpha*row_gate*support_gate*clip((auc_delta-threshold)/slope,0,1)*(v113-v110))",120,234,313,22,0.97911204,0.91492268,0.21917808,0.52054795,0.01114442,0.99946959,0.52112848,0.24226941
th0_sl0.04_diff_a0.2,"clip(v110 + alpha*row_gate*support_gate*clip((auc_delta-threshold)/slope,0,1)*(v113-v110))",120,234,313,22,0.97911204,0.91495133,0.21917808,0.52054795,0.01114442,0.99946949,0.52112723,0.24224628
th0_sl0.04_diff_a0.25,"clip(v110 + alpha*row_gate*support_gate*clip((auc_delta-threshold)/slope,0,1)*(v113-v110))",120,234,313,22,0.97911204,0.91498079,0.21917808,0.52054795,0.01114442,0.99946938,0.52112598,0.24222412
th0_sl0.04_diff_a0.3,"clip(v110 + alpha*row_gate*support_gate*clip((auc_delta-threshold)/slope,0,1)*(v113-v110))",120,234,313,22,0.97911204,0.91501738,0.21917808,0.52054795,0.01114442,0.99946928,0.52112473,0.24220293
th0_sl0.04_diff_a0.4,"clip(v110 + alpha*row_gate*support_gate*clip((auc_delta-threshold)/slope,0,1)*(v113-v110))",120,234,313,22,0.97911204,0.91507387,0.21917808,0.52054795,0.01114442,0.99946907,0.52112224,0.24216343
th0_sl0.04_diff_a0.55,"clip(v110 + alpha*row_gate*support_gate*clip((auc_delta-threshold)/slope,0,1)*(v113-v110))",120,234,313,22,0.97911204,0.91514740,0.23287671,0.52054795,0.01114442,0.99946876,0.52111849,0.24211140
th0_sl0.04_diff_a0.75,"clip(v110 + alpha*row_gate*support_gate*clip((auc_delta-threshold)/slope,0,1)*(v113-v110))",120,234,313,22,0.97911204,0.91521056,0.23287671,0.52054795,0.01114442,0.99946834,0.52111349,0.24205554
th0_sl0.04_diff_a1,"clip(v110 + alpha*row_gate*support_gate*clip((auc_delta-threshold)/slope,0,1)*(v113-v110))",120,234,313,22,0.97911204,0.91527546,0.23287671,0.52054795,0.01114442,0.99946783,0.52110725,0.24200743
th0_sl0.04_eco_a0.1,"clip(v110 + alpha*row_gate*support_gate*clip((auc_delta-threshold)/slope,0,1)*(v113-v110))",120,234,313,22,0.97911204,0.91490830,0.21917808,0.52054795,0.01114442,0.99946920,0.52113170,0.24228123
th0_sl0.04_eco_a0.15,"clip(v110 + alpha*row_gate*support_gate*clip((auc_delta-threshold)/slope,0,1)*(v113-v110))",120,234,313,22,0.97911204,0.91495479,0.21917808,0.52054795,0.01114442,0.99946885,0.52113143,0.24225137
th0_sl0.04_eco_a0.2,"clip(v110 + alpha*row_gate*support_gate*clip((auc_delta-threshold)/slope,0,1)*(v113-v110))",120,234,313,22,0.97911204,0.91499206,0.21917808,0.52054795,0.01114442,0.99946850,0.52113117,0.24222270
th0_sl0.04_eco_a0.25,"clip(v110 + alpha*row_gate*support_gate*clip((auc_delta-threshold)/slope,0,1)*(v113-v110))",120,234,313,22,0.97911204,0.91502727,0.23287671,0.52054795,0.01114442,0.99946815,0.52113090,0.24219523
th0_sl0.04_eco_a0.3,"clip(v110 + alpha*row_gate*support_gate*clip((auc_delta-threshold)/slope,0,1)*(v113-v110))",120,234,313,22,0.97911204,0.91505915,0.23287671,0.52054795,0.01114442,0.99946780,0.52113064,0.24216896
th0_sl0.04_eco_a0.4,"clip(v110 + alpha*row_gate*support_gate*clip((auc_delta-threshold)/slope,0,1)*(v113-v110))",120,234,313,22,0.97911204,0.91512450,0.23287671,0.52054795,0.01114442,0.99946710,0.52113011,0.24212001
th0_sl0.04_eco_a0.55,"clip(v110 + alpha*row_gate*support_gate*clip((auc_delta-threshold)/slope,0,1)*(v113-v110))",120,234,313,22,0.97911204,0.91521149,0.23287671,0.52054795,0.01114442,0.99946604,0.52112932,0.24205557
th0_sl0.04_eco_a0.75,"clip(v110 + alpha*row_gate*support_gate*clip((auc_delta-threshold)/slope,0,1)*(v113-v110))",120,234,313,22,0.97911204,0.91530181,0.23287671,0.52054795,0.01114442,0.99946464,0.52112826,0.24198643
th0_sl0.04_eco_a1,"clip(v110 + alpha*row_gate*support_gate*clip((auc_delta-threshold)/slope,0,1)*(v113-v110))",120,234,313,22,0.97911204,0.91536302,0.23287671,0.52054795,0.01114442,0.99946289,0.52112693,0.24192702
th0_sl0.04_inv_eco_a0.1,"clip(v110 + alpha*row_gate*support_gate*clip((auc_delta-threshold)/slope,0,1)*(v113-v110))",120,234,313,22,0.97911204,0.91489012,0.21917808,0.52054795,0.01114442,0.99946922,0.52113184,0.24229490
th0_sl0.04_inv_eco_a0.15,"clip(v110 + alpha*row_gate*support_gate*clip((auc_delta-threshold)/slope,0,1)*(v113-v110))",120,234,313,22,0.97911204,0.91492441,0.21917808,0.52054795,0.01114442,0.99946888,0.52113164,0.24227118
th0_sl0.04_inv_eco_a0.2,"clip(v110 + alpha*row_gate*support_gate*clip((auc_delta-threshold)/slope,0,1)*(v113-v110))",120,234,313,22,0.97911204,0.91495053,0.21917808,0.52054795,0.01114442,0.99946854,0.52113145,0.24224819
th0_sl0.04_inv_eco_a0.25,"clip(v110 + alpha*row_gate*support_gate*clip((auc_delta-threshold)/slope,0,1)*(v113-v110))",120,234,313,22,0.97911204,0.91497584,0.23287671,0.52054795,0.01114442,0.99946820,0.52113126,0.24222595
th0_sl0.04_inv_eco_a0.3,"clip(v110 + alpha*row_gate*support_gate*clip((auc_delta-threshold)/slope,0,1)*(v113-v110))",120,234,313,22,0.97911204,0.91500909,0.23287671,0.52054795,0.01114442,0.99946787,0.52113106,0.24220444
th0_sl0.04_inv_eco_a0.4,"clip(v110 + alpha*row_gate*support_gate*clip((auc_delta-threshold)/slope,0,1)*(v113-v110))",120,234,313,22,0.97911204,0.91507272,0.23287671,0.52054795,0.01114442,0.99946719,0.52113067,0.24216364
th0_sl0.04_inv_eco_a0.55,"clip(v110 + alpha*row_gate*support_gate*clip((auc_delta-threshold)/slope,0,1)*(v113-v110))",120,234,313,22,0.97911204,0.91515004,0.23287671,0.52054795,0.01114442,0.99946617,0.52113009,0.24210798
th0_sl0.04_inv_eco_a0.75,"clip(v110 + alpha*row_gate*support_gate*clip((auc_delta-threshold)/slope,0,1)*(v113-v110))",120,234,313,22,0.97911204,0.91523760,0.23287671,0.52054795,0.01114442,0.99946481,0.52112931,0.24204411
th0_sl0.04_inv_eco_a1,"clip(v110 + alpha*row_gate*support_gate*clip((auc_delta-threshold)/slope,0,1)*(v113-v110))",120,234,313,22,0.97911204,0.91531619,0.23287671,0.52054795,0.01114442,0.99946312,0.52112834,0.24198090
th0_sl0.08_flat_a0.1,"clip(v110 + alpha*row_gate*support_gate*clip((auc_delta-threshold)/slope,0,1)*(v113-v110))",120,234,313,22,0.97911204,0.91495870,0.21917808,0.52054795,0.01114442,0.99946852,0.52113153,0.24224833
th0_sl0.08_flat_a0.15,"clip(v110 + alpha*row_gate*support_gate*clip((auc_delta-threshold)/slope,0,1)*(v113-v110))",120,234,313,22,0.97911204,0.91501588,0.23287671,0.52054795,0.01114442,0.99946783,0.52113118,0.24220422
th0_sl0.08_flat_a0.2,"clip(v110 + alpha*row_gate*support_gate*clip((auc_delta-threshold)/slope,0,1)*(v113-v110))",120,234,313,22,0.97911204,0.91507111,0.23287671,0.52054795,0.01114442,0.99946714,0.52113083,0.24216278
th0_sl0.08_flat_a0.25,"clip(v110 + alpha*row_gate*support_gate*clip((auc_delta-threshold)/slope,0,1)*(v113-v110))",120,234,313,22,0.97911204,0.91511863,0.23287671,0.52054795,0.01114442,0.99946645,0.52113048,0.24212400
th0_sl0.08_flat_a0.3,"clip(v110 + alpha*row_gate*support_gate*clip((auc_delta-threshold)/slope,0,1)*(v113-v110))",120,234,313,22,0.97911204,0.91516132,0.23287671,0.52054795,0.01114442,0.99946576,0.52113013,0.24208788
th0_sl0.08_flat_a0.4,"clip(v110 + alpha*row_gate*support_gate*clip((auc_delta-threshold)/slope,0,1)*(v113-v110))",120,234,313,22,0.97911204,0.91524163,0.23287671,0.52054795,0.01114442,0.99946438,0.52112943,0.24202366
th0_sl0.08_flat_a0.55,"clip(v110 + alpha*row_gate*support_gate*clip((auc_delta-threshold)/slope,0,1)*(v113-v110))",120,234,313,22,0.97911204,0.91534346,0.23287671,0.52054795,0.01114442,0.99946231,0.52112838,0.24194737
th0_sl0.08_flat_a0.75,"clip(v110 + alpha*row_gate*support_gate*clip((auc_delta-threshold)/slope,0,1)*(v113-v110))",120,234,313,22,0.97911204,0.91542492,0.23287671,0.52054795,0.01114442,0.99945956,0.52112699,0.24188308
th0_sl0.08_flat_a1,"clip(v110 + alpha*row_gate*support_gate*clip((auc_delta-threshold)/slope,0,1)*(v113-v110))",120,234,313,22,0.97911204,0.91544448,0.23287671,0.52054795,0.01114442,0.99945611,0.52112524,0.24186291
th0_sl0.08_entropy_a0.1,"clip(v110 + alpha*row_gate*support_gate*clip((auc_delta-threshold)/slope,0,1)*(v113-v110))",120,234,313,22,0.97911204,0.91491198,0.21917808,0.52054795,0.01114442,0.99946893,0.52113208,0.24228330
th0_sl0.08_entropy_a0.15,"clip(v110 + alpha*row_gate*support_gate*clip((auc_delta-threshold)/slope,0,1)*(v113-v110))",120,234,313,22,0.97911204,0.91495663,0.21917808,0.52054795,0.01114442,0.99946845,0.52113201,0.24225439
th0_sl0.08_entropy_a0.2,"clip(v110 + alpha*row_gate*support_gate*clip((auc_delta-threshold)/slope,0,1)*(v113-v110))",120,234,313,22,0.97911204,0.91499022,0.23287671,0.52054795,0.01114442,0.99946797,0.52113194,0.24222661
th0_sl0.08_entropy_a0.25,"clip(v110 + alpha*row_gate*support_gate*clip((auc_delta-threshold)/slope,0,1)*(v113-v110))",120,234,313,22,0.97911204,0.91502739,0.23287671,0.52054795,0.01114442,0.99946748,0.52113187,0.24219998
th0_sl0.08_entropy_a0.3,"clip(v110 + alpha*row_gate*support_gate*clip((auc_delta-threshold)/slope,0,1)*(v113-v110))",120,234,313,22,0.97911204,0.91505938,0.23287671,0.52054795,0.01114442,0.99946700,0.52113180,0.24217448
th0_sl0.08_entropy_a0.4,"clip(v110 + alpha*row_gate*support_gate*clip((auc_delta-threshold)/slope,0,1)*(v113-v110))",120,234,313,22,0.97911204,0.91512082,0.23287671,0.52054795,0.01114442,0.99946603,0.52113165,0.24212691
th0_sl0.08_entropy_a0.55,"clip(v110 + alpha*row_gate*support_gate*clip((auc_delta-threshold)/slope,0,1)*(v113-v110))",120,234,313,22,0.97911204,0.91519434,0.23287671,0.52054795,0.01114442,0.99946458,0.52113144,0.24206410
th0_sl0.08_entropy_a0.75,"clip(v110 + alpha*row_gate*support_gate*clip((auc_delta-threshold)/slope,0,1)*(v113-v110))",120,234,313,22,0.97911204,0.91527454,0.23287671,0.52054795,0.01114442,0.99946265,0.52113115,0.24199635
th0_sl0.08_entropy_a1,"clip(v110 + alpha*row_gate*support_gate*clip((auc_delta-threshold)/slope,0,1)*(v113-v110))",120,234,313,22,0.97911204,0.91533955,0.23287671,0.52054795,0.01114442,0.99946023,0.52113079,0.24193736
th0_sl0.08_diff_a0.1,"clip(v110 + alpha*row_gate*support_gate*clip((auc_delta-threshold)/slope,0,1)*(v113-v110))",120,234,313,22,0.97911204,0.91488069,0.21917808,0.52054795,0.01114442,0.99946969,0.52113037,0.24230132
th0_sl0.08_diff_a0.15,"clip(v110 + alpha*row_gate*support_gate*clip((auc_delta-threshold)/slope,0,1)*(v113-v110))",120,234,313,22,0.97911204,0.91490842,0.21917808,0.52054795,0.01114442,0.99946959,0.52112945,0.24228076
th0_sl0.08_diff_a0.2,"clip(v110 + alpha*row_gate*support_gate*clip((auc_delta-threshold)/slope,0,1)*(v113-v110))",120,234,313,22,0.97911204,0.91493131,0.21917808,0.52054795,0.01114442,0.99946949,0.52112852,0.24226090
th0_sl0.08_diff_a0.25,"clip(v110 + alpha*row_gate*support_gate*clip((auc_delta-threshold)/slope,0,1)*(v113-v110))",120,234,313,22,0.97911204,0.91495674,0.21917808,0.52054795,0.01114442,0.99946938,0.52112759,0.24224174
th0_sl0.08_diff_a0.3,"clip(v110 + alpha*row_gate*support_gate*clip((auc_delta-threshold)/slope,0,1)*(v113-v110))",120,234,313,22,0.97911204,0.91498505,0.21917808,0.52054795,0.01114442,0.99946928,0.52112666,0.24222328
th0_sl0.08_diff_a0.4,"clip(v110 + alpha*row_gate*support_gate*clip((auc_delta-threshold)/slope,0,1)*(v113-v110))",120,234,313,22,0.97911204,0.91503096,0.21917808,0.52054795,0.01114442,0.99946907,0.52112481,0.24218848
th0_sl0.08_diff_a0.55,"clip(v110 + alpha*row_gate*support_gate*clip((auc_delta-threshold)/slope,0,1)*(v113-v110))",120,234,313,22,0.97911204,0.91509654,0.23287671,0.52054795,0.01114442,0.99946876,0.52112203,0.24214154
th0_sl0.08_diff_a0.75,"clip(v110 + alpha*row_gate*support_gate*clip((auc_delta-threshold)/slope,0,1)*(v113-v110))",120,234,313,22,0.97911204,0.91516385,0.23287671,0.52054795,0.01114442,0.99946834,0.52111832,0.24208880
th0_sl0.08_diff_a1,"clip(v110 + alpha*row_gate*support_gate*clip((auc_delta-threshold)/slope,0,1)*(v113-v110))",120,234,313,22,0.97911204,0.91523197,0.23287671,0.52054795,0.01114442,0.99946783,0.52111369,0.24203871
th0_sl0.08_eco_a0.1,"clip(v110 + alpha*row_gate*support_gate*clip((auc_delta-threshold)/slope,0,1)*(v113-v110))",120,234,313,22,0.97911204,0.91490082,0.21917808,0.52054795,0.01114442,0.99946920,0.52113148,0.24228943
th0_sl0.08_eco_a0.15,"clip(v110 + alpha*row_gate*support_gate*clip((auc_delta-threshold)/slope,0,1)*(v113-v110))",120,234,313,22,0.97911204,0.91494293,0.21917808,0.52054795,0.01114442,0.99946885,0.52113111,0.24226321
th0_sl0.08_eco_a0.2,"clip(v110 + alpha*row_gate*support_gate*clip((auc_delta-threshold)/slope,0,1)*(v113-v110))",120,234,313,22,0.97911204,0.91497676,0.21917808,0.52054795,0.01114442,0.99946850,0.52113074,0.24223789
th0_sl0.08_eco_a0.25,"clip(v110 + alpha*row_gate*support_gate*clip((auc_delta-threshold)/slope,0,1)*(v113-v110))",120,234,313,22,0.97911204,0.91500955,0.23287671,0.52054795,0.01114442,0.99946815,0.52113037,0.24221346
th0_sl0.08_eco_a0.3,"clip(v110 + alpha*row_gate*support_gate*clip((auc_delta-threshold)/slope,0,1)*(v113-v110))",120,234,313,22,0.97911204,0.91503878,0.23287671,0.52054795,0.01114442,0.99946780,0.52113000,0.24218993
th0_sl0.08_eco_a0.4,"clip(v110 + alpha*row_gate*support_gate*clip((auc_delta-threshold)/slope,0,1)*(v113-v110))",120,234,313,22,0.97911204,0.91509251,0.23287671,0.52054795,0.01114442,0.99946710,0.52112926,0.24214557
th0_sl0.08_eco_a0.55,"clip(v110 + alpha*row_gate*support_gate*clip((auc_delta-threshold)/slope,0,1)*(v113-v110))",120,234,313,22,0.97911204,0.91516235,0.23287671,0.52054795,0.01114442,0.99946604,0.52112814,0.24208574
th0_sl0.08_eco_a0.75,"clip(v110 + alpha*row_gate*support_gate*clip((auc_delta-threshold)/slope,0,1)*(v113-v110))",120,234,313,22,0.97911204,0.91525049,0.23287671,0.52054795,0.01114442,0.99946464,0.52112666,0.24201854
th0_sl0.08_eco_a1,"clip(v110 + alpha*row_gate*support_gate*clip((auc_delta-threshold)/slope,0,1)*(v113-v110))",120,234,313,22,0.97911204,0.91532574,0.23287671,0.52054795,0.01114442,0.99946289,0.52112480,0.24195475
th0_sl0.08_inv_eco_a0.1,"clip(v110 + alpha*row_gate*support_gate*clip((auc_delta-threshold)/slope,0,1)*(v113-v110))",120,234,313,22,0.97911204,0.91488391,0.21917808,0.52054795,0.01114442,0.99946922,0.52113227,0.24230106
th0_sl0.08_inv_eco_a0.15,"clip(v110 + alpha*row_gate*support_gate*clip((auc_delta-threshold)/slope,0,1)*(v113-v110))",120,234,313,22,0.97911204,0.91491221,0.21917808,0.52054795,0.01114442,0.99946888,0.52113229,0.24228017
th0_sl0.08_inv_eco_a0.2,"clip(v110 + alpha*row_gate*support_gate*clip((auc_delta-threshold)/slope,0,1)*(v113-v110))",120,234,313,22,0.97911204,0.91493315,0.21917808,0.52054795,0.01114442,0.99946854,0.52113231,0.24225985
th0_sl0.08_inv_eco_a0.25,"clip(v110 + alpha*row_gate*support_gate*clip((auc_delta-threshold)/slope,0,1)*(v113-v110))",120,234,313,22,0.97911204,0.91495755,0.23287671,0.52054795,0.01114442,0.99946820,0.52113234,0.24224010
th0_sl0.08_inv_eco_a0.3,"clip(v110 + alpha*row_gate*support_gate*clip((auc_delta-threshold)/slope,0,1)*(v113-v110))",120,234,313,22,0.97911204,0.91498551,0.23287671,0.52054795,0.01114442,0.99946787,0.52113236,0.24222093
th0_sl0.08_inv_eco_a0.4,"clip(v110 + alpha*row_gate*support_gate*clip((auc_delta-threshold)/slope,0,1)*(v113-v110))",120,234,313,22,0.97911204,0.91504246,0.23287671,0.52054795,0.01114442,0.99946719,0.52113240,0.24218428
th0_sl0.08_inv_eco_a0.55,"clip(v110 + alpha*row_gate*support_gate*clip((auc_delta-threshold)/slope,0,1)*(v113-v110))",120,234,313,22,0.97911204,0.91510206,0.23287671,0.52054795,0.01114442,0.99946617,0.52113247,0.24213360
th0_sl0.08_inv_eco_a0.75,"clip(v110 + alpha*row_gate*support_gate*clip((auc_delta-threshold)/slope,0,1)*(v113-v110))",120,234,313,22,0.97911204,0.91517881,0.23287671,0.52054795,0.01114442,0.99946481,0.52113255,0.24207401
th0_sl0.08_inv_eco_a1,"clip(v110 + alpha*row_gate*support_gate*clip((auc_delta-threshold)/slope,0,1)*(v113-v110))",120,234,313,22,0.97911204,0.91526269,0.23287671,0.52054795,0.01114442,0.99946312,0.52113266,0.24201239
th0_sl0.12_flat_a0.1,"clip(v110 + alpha*row_gate*support_gate*clip((auc_delta-threshold)/slope,0,1)*(v113-v110))",120,234,313,22,0.97911204,0.91495237,0.21917808,0.52054795,0.01114442,0.99946852,0.52113160,0.24225312
th0_sl0.12_flat_a0.15,"clip(v110 + alpha*row_gate*support_gate*clip((auc_delta-threshold)/slope,0,1)*(v113-v110))",120,234,313,22,0.97911204,0.91500840,0.23287671,0.52054795,0.01114442,0.99946783,0.52113129,0.24221116
th0_sl0.12_flat_a0.2,"clip(v110 + alpha*row_gate*support_gate*clip((auc_delta-threshold)/slope,0,1)*(v113-v110))",120,234,313,22,0.97911204,0.91506179,0.23287671,0.52054795,0.01114442,0.99946714,0.52113097,0.24217170
th0_sl0.12_flat_a0.25,"clip(v110 + alpha*row_gate*support_gate*clip((auc_delta-threshold)/slope,0,1)*(v113-v110))",120,234,313,22,0.97911204,0.91510678,0.23287671,0.52054795,0.01114442,0.99946645,0.52113066,0.24213476
th0_sl0.12_flat_a0.3,"clip(v110 + alpha*row_gate*support_gate*clip((auc_delta-threshold)/slope,0,1)*(v113-v110))",120,234,313,22,0.97911204,0.91514751,0.23287671,0.52054795,0.01114442,0.99946576,0.52113035,0.24210031
th0_sl0.12_flat_a0.4,"clip(v110 + alpha*row_gate*support_gate*clip((auc_delta-threshold)/slope,0,1)*(v113-v110))",120,234,313,22,0.97911204,0.91521770,0.23287671,0.52054795,0.01114442,0.99946438,0.52112972,0.24203896
th0_sl0.12_flat_a0.55,"clip(v110 + alpha*row_gate*support_gate*clip((auc_delta-threshold)/slope,0,1)*(v113-v110))",120,234,313,22,0.97911204,0.91530745,0.23287671,0.52054795,0.01114442,0.99946231,0.52112878,0.24196575
th0_sl0.12_flat_a0.75,"clip(v110 + alpha*row_gate*support_gate*clip((auc_delta-threshold)/slope,0,1)*(v113-v110))",120,234,313,22,0.97911204,0.91538971,0.23287671,0.52054795,0.01114442,0.99945956,0.52112753,0.24190331
th0_sl0.12_flat_a1,"clip(v110 + alpha*row_gate*support_gate*clip((auc_delta-threshold)/slope,0,1)*(v113-v110))",120,234,313,22,0.97911204,0.91542228,0.23287671,0.52054795,0.01114442,0.99945611,0.52112597,0.24188183
th0_sl0.12_entropy_a0.1,"clip(v110 + alpha*row_gate*support_gate*clip((auc_delta-threshold)/slope,0,1)*(v113-v110))",120,234,313,22,0.97911204,0.91490899,0.21917808,0.52054795,0.01114442,0.99946893,0.52113185,0.24228618
th0_sl0.12_entropy_a0.15,"clip(v110 + alpha*row_gate*support_gate*clip((auc_delta-threshold)/slope,0,1)*(v113-v110))",120,234,313,22,0.97911204,0.91495271,0.21917808,0.52054795,0.01114442,0.99946845,0.52113166,0.24225860
th0_sl0.12_entropy_a0.2,"clip(v110 + alpha*row_gate*support_gate*clip((auc_delta-threshold)/slope,0,1)*(v113-v110))",120,234,313,22,0.97911204,0.91498574,0.23287671,0.52054795,0.01114442,0.99946797,0.52113147,0.24223209
th0_sl0.12_entropy_a0.25,"clip(v110 + alpha*row_gate*support_gate*clip((auc_delta-threshold)/slope,0,1)*(v113-v110))",120,234,313,22,0.97911204,0.91502175,0.23287671,0.52054795,0.01114442,0.99946748,0.52113128,0.24220665
th0_sl0.12_entropy_a0.3,"clip(v110 + alpha*row_gate*support_gate*clip((auc_delta-threshold)/slope,0,1)*(v113-v110))",120,234,313,22,0.97911204,0.91505259,0.23287671,0.52054795,0.01114442,0.99946700,0.52113109,0.24218228
th0_sl0.12_entropy_a0.4,"clip(v110 + alpha*row_gate*support_gate*clip((auc_delta-threshold)/slope,0,1)*(v113-v110))",120,234,313,22,0.97911204,0.91511265,0.23287671,0.52054795,0.01114442,0.99946603,0.52113072,0.24213675
th0_sl0.12_entropy_a0.55,"clip(v110 + alpha*row_gate*support_gate*clip((auc_delta-threshold)/slope,0,1)*(v113-v110))",120,234,313,22,0.97911204,0.91517950,0.23287671,0.52054795,0.01114442,0.99946458,0.52113015,0.24207649
th0_sl0.12_entropy_a0.75,"clip(v110 + alpha*row_gate*support_gate*clip((auc_delta-threshold)/slope,0,1)*(v113-v110))",120,234,313,22,0.97911204,0.91525567,0.23287671,0.52054795,0.01114442,0.99946265,0.52112939,0.24201116
th0_sl0.12_entropy_a1,"clip(v110 + alpha*row_gate*support_gate*clip((auc_delta-threshold)/slope,0,1)*(v113-v110))",120,234,313,22,0.97911204,0.91531688,0.23287671,0.52054795,0.01114442,0.99946023,0.52112845,0.24195362
th0_sl0.12_diff_a0.1,"clip(v110 + alpha*row_gate*support_gate*clip((auc_delta-threshold)/slope,0,1)*(v113-v110))",120,234,313,22,0.97911204,0.91487689,0.21917808,0.52054795,0.01114442,0.99946969,0.52113059,0.24230400
th0_sl0.12_diff_a0.15,"clip(v110 + alpha*row_gate*support_gate*clip((auc_delta-threshold)/slope,0,1)*(v113-v110))",120,234,313,22,0.97911204,0.91490335,0.21917808,0.52054795,0.01114442,0.99946959,0.52112977,0.24228471
th0_sl0.12_diff_a0.2,"clip(v110 + alpha*row_gate*support_gate*clip((auc_delta-threshold)/slope,0,1)*(v113-v110))",120,234,313,22,0.97911204,0.91492429,0.21917808,0.52054795,0.01114442,0.99946949,0.52112895,0.24226607
th0_sl0.12_diff_a0.25,"clip(v110 + alpha*row_gate*support_gate*clip((auc_delta-threshold)/slope,0,1)*(v113-v110))",120,234,313,22,0.97911204,0.91494834,0.21917808,0.52054795,0.01114442,0.99946938,0.52112813,0.24224809
th0_sl0.12_diff_a0.3,"clip(v110 + alpha*row_gate*support_gate*clip((auc_delta-threshold)/slope,0,1)*(v113-v110))",120,234,313,22,0.97911204,0.91497561,0.21917808,0.52054795,0.01114442,0.99946928,0.52112731,0.24223076
th0_sl0.12_diff_a0.4,"clip(v110 + alpha*row_gate*support_gate*clip((auc_delta-threshold)/slope,0,1)*(v113-v110))",120,234,313,22,0.97911204,0.91501807,0.21917808,0.52054795,0.01114442,0.99946907,0.52112567,0.24219805
th0_sl0.12_diff_a0.55,"clip(v110 + alpha*row_gate*support_gate*clip((auc_delta-threshold)/slope,0,1)*(v113-v110))",120,234,313,22,0.97911204,0.91507813,0.23287671,0.52054795,0.01114442,0.99946876,0.52112321,0.24215389
th0_sl0.12_diff_a0.75,"clip(v110 + alpha*row_gate*support_gate*clip((auc_delta-threshold)/slope,0,1)*(v113-v110))",120,234,313,22,0.97911204,0.91513589,0.23287671,0.52054795,0.01114442,0.99946834,0.52111994,0.24210417
th0_sl0.12_diff_a1,"clip(v110 + alpha*row_gate*support_gate*clip((auc_delta-threshold)/slope,0,1)*(v113-v110))",120,234,313,22,0.97911204,0.91520424,0.23287671,0.52054795,0.01114442,0.99946783,0.52111584,0.24205674
th0_sl0.12_eco_a0.1,"clip(v110 + alpha*row_gate*support_gate*clip((auc_delta-threshold)/slope,0,1)*(v113-v110))",120,234,313,22,0.97911204,0.91489702,0.21917808,0.52054795,0.01114442,0.99946920,0.52113141,0.24229225
th0_sl0.12_eco_a0.15,"clip(v110 + alpha*row_gate*support_gate*clip((auc_delta-threshold)/slope,0,1)*(v113-v110))",120,234,313,22,0.97911204,0.91493879,0.21917808,0.52054795,0.01114442,0.99946885,0.52113100,0.24226736
th0_sl0.12_eco_a0.2,"clip(v110 + alpha*row_gate*support_gate*clip((auc_delta-threshold)/slope,0,1)*(v113-v110))",120,234,313,22,0.97911204,0.91497285,0.21917808,0.52054795,0.01114442,0.99946850,0.52113059,0.24224331
th0_sl0.12_eco_a0.25,"clip(v110 + alpha*row_gate*support_gate*clip((auc_delta-threshold)/slope,0,1)*(v113-v110))",120,234,313,22,0.97911204,0.91500311,0.23287671,0.52054795,0.01114442,0.99946815,0.52113018,0.24222010
th0_sl0.12_eco_a0.3,"clip(v110 + alpha*row_gate*support_gate*clip((auc_delta-threshold)/slope,0,1)*(v113-v110))",120,234,313,22,0.97911204,0.91503026,0.23287671,0.52054795,0.01114442,0.99946780,0.52112977,0.24219772
th0_sl0.12_eco_a0.4,"clip(v110 + alpha*row_gate*support_gate*clip((auc_delta-threshold)/slope,0,1)*(v113-v110))",120,234,313,22,0.97911204,0.91508296,0.23287671,0.52054795,0.01114442,0.99946710,0.52112895,0.24215550
th0_sl0.12_eco_a0.55,"clip(v110 + alpha*row_gate*support_gate*clip((auc_delta-threshold)/slope,0,1)*(v113-v110))",120,234,313,22,0.97911204,0.91515027,0.23287671,0.52054795,0.01114442,0.99946604,0.52112772,0.24209846
th0_sl0.12_eco_a0.75,"clip(v110 + alpha*row_gate*support_gate*clip((auc_delta-threshold)/slope,0,1)*(v113-v110))",120,234,313,22,0.97911204,0.91522828,0.23287671,0.52054795,0.01114442,0.99946464,0.52112608,0.24203418
th0_sl0.12_eco_a1,"clip(v110 + alpha*row_gate*support_gate*clip((auc_delta-threshold)/slope,0,1)*(v113-v110))",120,234,313,22,0.97911204,0.91530054,0.23287671,0.52054795,0.01114442,0.99946289,0.52112404,0.24197277
th0_sl0.12_inv_eco_a0.1,"clip(v110 + alpha*row_gate*support_gate*clip((auc_delta-threshold)/slope,0,1)*(v113-v110))",120,234,313,22,0.97911204,0.91488011,0.21917808,0.52054795,0.01114442,0.99946922,0.52113242,0.24230316
th0_sl0.12_inv_eco_a0.15,"clip(v110 + alpha*row_gate*support_gate*clip((auc_delta-threshold)/slope,0,1)*(v113-v110))",120,234,313,22,0.97911204,0.91490922,0.21917808,0.52054795,0.01114442,0.99946888,0.52113252,0.24228328
th0_sl0.12_inv_eco_a0.2,"clip(v110 + alpha*row_gate*support_gate*clip((auc_delta-threshold)/slope,0,1)*(v113-v110))",120,234,313,22,0.97911204,0.91492901,0.21917808,0.52054795,0.01114442,0.99946854,0.52113261,0.24226394
th0_sl0.12_inv_eco_a0.25,"clip(v110 + alpha*row_gate*support_gate*clip((auc_delta-threshold)/slope,0,1)*(v113-v110))",120,234,313,22,0.97911204,0.91495041,0.23287671,0.52054795,0.01114442,0.99946820,0.52113271,0.24224513
th0_sl0.12_inv_eco_a0.3,"clip(v110 + alpha*row_gate*support_gate*clip((auc_delta-threshold)/slope,0,1)*(v113-v110))",120,234,313,22,0.97911204,0.91497653,0.23287671,0.52054795,0.01114442,0.99946787,0.52113281,0.24222686
th0_sl0.12_inv_eco_a0.4,"clip(v110 + alpha*row_gate*support_gate*clip((auc_delta-threshold)/slope,0,1)*(v113-v110))",120,234,313,22,0.97911204,0.91503211,0.23287671,0.52054795,0.01114442,0.99946719,0.52113300,0.24219194
th0_sl0.12_inv_eco_a0.55,"clip(v110 + alpha*row_gate*support_gate*clip((auc_delta-threshold)/slope,0,1)*(v113-v110))",120,234,313,22,0.97911204,0.91508964,0.23287671,0.52054795,0.01114442,0.99946617,0.52113329,0.24214361
th0_sl0.12_inv_eco_a0.75,"clip(v110 + alpha*row_gate*support_gate*clip((auc_delta-threshold)/slope,0,1)*(v113-v110))",120,234,313,22,0.97911204,0.91515683,0.23287671,0.52054795,0.01114442,0.99946481,0.52113368,0.24208672
th0_sl0.12_inv_eco_a1,"clip(v110 + alpha*row_gate*support_gate*clip((auc_delta-threshold)/slope,0,1)*(v113-v110))",120,234,313,22,0.97911204,0.91523519,0.23287671,0.52054795,0.01114442,0.99946312,0.52113416,0.24202776
th0_sl0.2_flat_a0.1,"clip(v110 + alpha*row_gate*support_gate*clip((auc_delta-threshold)/slope,0,1)*(v113-v110))",120,234,313,22,0.97911204,0.91492521,0.21917808,0.52054795,0.01114442,0.99946859,0.52113173,0.24227311
th0_sl0.2_flat_a0.15,"clip(v110 + alpha*row_gate*support_gate*clip((auc_delta-threshold)/slope,0,1)*(v113-v110))",120,234,313,22,0.97911204,0.91496836,0.23287671,0.52054795,0.01114442,0.99946794,0.52113148,0.24223971
th0_sl0.2_flat_a0.2,"clip(v110 + alpha*row_gate*support_gate*clip((auc_delta-threshold)/slope,0,1)*(v113-v110))",120,234,313,22,0.97911204,0.91501565,0.23287671,0.52054795,0.01114442,0.99946729,0.52113124,0.24220786
th0_sl0.2_flat_a0.25,"clip(v110 + alpha*row_gate*support_gate*clip((auc_delta-threshold)/slope,0,1)*(v113-v110))",120,234,313,22,0.97911204,0.91505892,0.23287671,0.52054795,0.01114442,0.99946663,0.52113099,0.24217755
th0_sl0.2_flat_a0.3,"clip(v110 + alpha*row_gate*support_gate*clip((auc_delta-threshold)/slope,0,1)*(v113-v110))",120,234,313,22,0.97911204,0.91509240,0.23287671,0.52054795,0.01114442,0.99946598,0.52113074,0.24214878
th0_sl0.2_flat_a0.4,"clip(v110 + alpha*row_gate*support_gate*clip((auc_delta-threshold)/slope,0,1)*(v113-v110))",120,234,313,22,0.97911204,0.91515798,0.23287671,0.52054795,0.01114442,0.99946467,0.52113025,0.24209590
th0_sl0.2_flat_a0.55,"clip(v110 + alpha*row_gate*support_gate*clip((auc_delta-threshold)/slope,0,1)*(v113-v110))",120,234,313,22,0.97911204,0.91523013,0.23287671,0.52054795,0.01114442,0.99946271,0.52112950,0.24202817
th0_sl0.2_flat_a0.75,"clip(v110 + alpha*row_gate*support_gate*clip((auc_delta-threshold)/slope,0,1)*(v113-v110))",120,234,313,22,0.97911204,0.91531124,0.23287671,0.52054795,0.01114442,0.99946010,0.52112851,0.24195955
th0_sl0.2_flat_a1,"clip(v110 + alpha*row_gate*support_gate*clip((auc_delta-threshold)/slope,0,1)*(v113-v110))",120,234,313,22,0.97911204,0.91537326,0.23287671,0.52054795,0.01114442,0.99945684,0.52112727,0.24190865
th0_sl0.2_entropy_a0.1,"clip(v110 + alpha*row_gate*support_gate*clip((auc_delta-threshold)/slope,0,1)*(v113-v110))",120,234,313,22,0.97911204,0.91488840,0.21917808,0.52054795,0.01114442,0.99946898,0.52113168,0.24229918
th0_sl0.2_entropy_a0.15,"clip(v110 + alpha*row_gate*support_gate*clip((auc_delta-threshold)/slope,0,1)*(v113-v110))",120,234,313,22,0.97911204,0.91492280,0.21917808,0.52054795,0.01114442,0.99946853,0.52113141,0.24227748
th0_sl0.2_entropy_a0.2,"clip(v110 + alpha*row_gate*support_gate*clip((auc_delta-threshold)/slope,0,1)*(v113-v110))",120,234,313,22,0.97911204,0.91495386,0.23287671,0.52054795,0.01114442,0.99946807,0.52113114,0.24225644
th0_sl0.2_entropy_a0.25,"clip(v110 + alpha*row_gate*support_gate*clip((auc_delta-threshold)/slope,0,1)*(v113-v110))",120,234,313,22,0.97911204,0.91498378,0.23287671,0.52054795,0.01114442,0.99946761,0.52113087,0.24223606
th0_sl0.2_entropy_a0.3,"clip(v110 + alpha*row_gate*support_gate*clip((auc_delta-threshold)/slope,0,1)*(v113-v110))",120,234,313,22,0.97911204,0.91501093,0.23287671,0.52054795,0.01114442,0.99946715,0.52113059,0.24221634
th0_sl0.2_entropy_a0.4,"clip(v110 + alpha*row_gate*support_gate*clip((auc_delta-threshold)/slope,0,1)*(v113-v110))",120,234,313,22,0.97911204,0.91506248,0.23287671,0.52054795,0.01114442,0.99946624,0.52113005,0.24217887
th0_sl0.2_entropy_a0.55,"clip(v110 + alpha*row_gate*support_gate*clip((auc_delta-threshold)/slope,0,1)*(v113-v110))",120,234,313,22,0.97911204,0.91512404,0.23287671,0.52054795,0.01114442,0.99946486,0.52112923,0.24212761
th0_sl0.2_entropy_a0.75,"clip(v110 + alpha*row_gate*support_gate*clip((auc_delta-threshold)/slope,0,1)*(v113-v110))",120,234,313,22,0.97911204,0.91519400,0.23287671,0.52054795,0.01114442,0.99946303,0.52112815,0.24206851
th0_sl0.2_entropy_a1,"clip(v110 + alpha*row_gate*support_gate*clip((auc_delta-threshold)/slope,0,1)*(v113-v110))",120,234,313,22,0.97911204,0.91526096,0.23287671,0.52054795,0.01114442,0.99946074,0.52112679,0.24200947
th0_sl0.2_diff_a0.1,"clip(v110 + alpha*row_gate*support_gate*clip((auc_delta-threshold)/slope,0,1)*(v113-v110))",120,234,313,22,0.97911204,0.91486032,0.21917808,0.52054795,0.01114442,0.99946970,0.52113133,0.24231335
th0_sl0.2_diff_a0.15,"clip(v110 + alpha*row_gate*support_gate*clip((auc_delta-threshold)/slope,0,1)*(v113-v110))",120,234,313,22,0.97911204,0.91488494,0.21917808,0.52054795,0.01114442,0.99946961,0.52113088,0.24229835
th0_sl0.2_diff_a0.2,"clip(v110 + alpha*row_gate*support_gate*clip((auc_delta-threshold)/slope,0,1)*(v113-v110))",120,234,313,22,0.97911204,0.91490370,0.21917808,0.52054795,0.01114442,0.99946951,0.52113043,0.24228374
th0_sl0.2_diff_a0.25,"clip(v110 + alpha*row_gate*support_gate*clip((auc_delta-threshold)/slope,0,1)*(v113-v110))",120,234,313,22,0.97911204,0.91492096,0.21917808,0.52054795,0.01114442,0.99946941,0.52112998,0.24226952
th0_sl0.2_diff_a0.3,"clip(v110 + alpha*row_gate*support_gate*clip((auc_delta-threshold)/slope,0,1)*(v113-v110))",120,234,313,22,0.97911204,0.91493868,0.21917808,0.52054795,0.01114442,0.99946931,0.52112953,0.24225570
th0_sl0.2_diff_a0.4,"clip(v110 + alpha*row_gate*support_gate*clip((auc_delta-threshold)/slope,0,1)*(v113-v110))",120,234,313,22,0.97911204,0.91497734,0.21917808,0.52054795,0.01114442,0.99946911,0.52112863,0.24222925
th0_sl0.2_diff_a0.55,"clip(v110 + alpha*row_gate*support_gate*clip((auc_delta-threshold)/slope,0,1)*(v113-v110))",120,234,313,22,0.97911204,0.91502555,0.21917808,0.52054795,0.01114442,0.99946882,0.52112728,0.24219254
th0_sl0.2_diff_a0.75,"clip(v110 + alpha*row_gate*support_gate*clip((auc_delta-threshold)/slope,0,1)*(v113-v110))",120,234,313,22,0.97911204,0.91508216,0.23287671,0.52054795,0.01114442,0.99946843,0.52112548,0.24214912
th0_sl0.2_diff_a1,"clip(v110 + alpha*row_gate*support_gate*clip((auc_delta-threshold)/slope,0,1)*(v113-v110))",120,234,313,22,0.97911204,0.91513163,0.23287671,0.52054795,0.01114442,0.99946794,0.52112324,0.24210376
th0_sl0.2_eco_a0.1,"clip(v110 + alpha*row_gate*support_gate*clip((auc_delta-threshold)/slope,0,1)*(v113-v110))",120,234,313,22,0.97911204,0.91487885,0.21917808,0.52054795,0.01114442,0.99946924,0.52113156,0.24230403
th0_sl0.2_eco_a0.15,"clip(v110 + alpha*row_gate*support_gate*clip((auc_delta-threshold)/slope,0,1)*(v113-v110))",120,234,313,22,0.97911204,0.91491026,0.21917808,0.52054795,0.01114442,0.99946890,0.52113122,0.24228455
th0_sl0.2_eco_a0.2,"clip(v110 + alpha*row_gate*support_gate*clip((auc_delta-threshold)/slope,0,1)*(v113-v110))",120,234,313,22,0.97911204,0.91494098,0.21917808,0.52054795,0.01114442,0.99946857,0.52113089,0.24226558
th0_sl0.2_eco_a0.25,"clip(v110 + alpha*row_gate*support_gate*clip((auc_delta-threshold)/slope,0,1)*(v113-v110))",120,234,313,22,0.97911204,0.91496606,0.21917808,0.52054795,0.01114442,0.99946824,0.52113056,0.24224713
th0_sl0.2_eco_a0.3,"clip(v110 + alpha*row_gate*support_gate*clip((auc_delta-threshold)/slope,0,1)*(v113-v110))",120,234,313,22,0.97911204,0.91499080,0.23287671,0.52054795,0.01114442,0.99946791,0.52113022,0.24222918
th0_sl0.2_eco_a0.4,"clip(v110 + alpha*row_gate*support_gate*clip((auc_delta-threshold)/slope,0,1)*(v113-v110))",120,234,313,22,0.97911204,0.91503728,0.23287671,0.52054795,0.01114442,0.99946724,0.52112955,0.24219485
th0_sl0.2_eco_a0.55,"clip(v110 + alpha*row_gate*support_gate*clip((auc_delta-threshold)/slope,0,1)*(v113-v110))",120,234,313,22,0.97911204,0.91509815,0.23287671,0.52054795,0.01114442,0.99946625,0.52112855,0.24214721
th0_sl0.2_eco_a0.75,"clip(v110 + alpha*row_gate*support_gate*clip((auc_delta-threshold)/slope,0,1)*(v113-v110))",120,234,313,22,0.97911204,0.91516696,0.23287671,0.52054795,0.01114442,0.99946492,0.52112721,0.24209090
th0_sl0.2_eco_a1,"clip(v110 + alpha*row_gate*support_gate*clip((auc_delta-threshold)/slope,0,1)*(v113-v110))",120,234,313,22,0.97911204,0.91523231,0.23287671,0.52054795,0.01114442,0.99946326,0.52112554,0.24203211
th0_sl0.2_inv_eco_a0.1,"clip(v110 + alpha*row_gate*support_gate*clip((auc_delta-threshold)/slope,0,1)*(v113-v110))",120,234,313,22,0.97911204,0.91486297,0.21917808,0.52054795,0.01114442,0.99946926,0.52113240,0.24231224
th0_sl0.2_inv_eco_a0.15,"clip(v110 + alpha*row_gate*support_gate*clip((auc_delta-threshold)/slope,0,1)*(v113-v110))",120,234,313,22,0.97911204,0.91489035,0.21917808,0.52054795,0.01114442,0.99946894,0.52113249,0.24229659
th0_sl0.2_inv_eco_a0.2,"clip(v110 + alpha*row_gate*support_gate*clip((auc_delta-threshold)/slope,0,1)*(v113-v110))",120,234,313,22,0.97911204,0.91491267,0.21917808,0.52054795,0.01114442,0.99946862,0.52113257,0.24228127
th0_sl0.2_inv_eco_a0.25,"clip(v110 + alpha*row_gate*support_gate*clip((auc_delta-threshold)/slope,0,1)*(v113-v110))",120,234,313,22,0.97911204,0.91492809,0.21917808,0.52054795,0.01114442,0.99946829,0.52113266,0.24226629
th0_sl0.2_inv_eco_a0.3,"clip(v110 + alpha*row_gate*support_gate*clip((auc_delta-threshold)/slope,0,1)*(v113-v110))",120,234,313,22,0.97911204,0.91494570,0.23287671,0.52054795,0.01114442,0.99946797,0.52113275,0.24225165
th0_sl0.2_inv_eco_a0.4,"clip(v110 + alpha*row_gate*support_gate*clip((auc_delta-threshold)/slope,0,1)*(v113-v110))",120,234,313,22,0.97911204,0.91498608,0.23287671,0.52054795,0.01114442,0.99946733,0.52113292,0.24222337
th0_sl0.2_inv_eco_a0.55,"clip(v110 + alpha*row_gate*support_gate*clip((auc_delta-threshold)/slope,0,1)*(v113-v110))",120,234,313,22,0.97911204,0.91504166,0.23287671,0.52054795,0.01114442,0.99946637,0.52113318,0.24218347
th0_sl0.2_inv_eco_a0.75,"clip(v110 + alpha*row_gate*support_gate*clip((auc_delta-threshold)/slope,0,1)*(v113-v110))",120,234,313,22,0.97911204,0.91509838,0.23287671,0.52054795,0.01114442,0.99946508,0.52113352,0.24213498
th0_sl0.2_inv_eco_a1,"clip(v110 + alpha*row_gate*support_gate*clip((auc_delta-threshold)/slope,0,1)*(v113-v110))",120,234,313,22,0.97911204,0.91516811,0.23287671,0.52054795,0.01114442,0.99946348,0.52113396,0.24208193
th0.01_sl0.04_flat_a0.1,"clip(v110 + alpha*row_gate*support_gate*clip((auc_delta-threshold)/slope,0,1)*(v113-v110))",120,234,313,22,0.97911204,0.91496537,0.21917808,0.52054795,0.01114442,0.99946852,0.52113144,0.24224289
th0.01_sl0.04_flat_a0.15,"clip(v110 + alpha*row_gate*support_gate*clip((auc_delta-threshold)/slope,0,1)*(v113-v110))",120,234,313,22,0.97911204,0.91502382,0.23287671,0.52054795,0.01114442,0.99946783,0.52113105,0.24219647
th0.01_sl0.04_flat_a0.2,"clip(v110 + alpha*row_gate*support_gate*clip((auc_delta-threshold)/slope,0,1)*(v113-v110))",120,234,313,22,0.97911204,0.91508089,0.23287671,0.52054795,0.01114442,0.99946714,0.52113065,0.24215299
th0.01_sl0.04_flat_a0.25,"clip(v110 + alpha*row_gate*support_gate*clip((auc_delta-threshold)/slope,0,1)*(v113-v110))",120,234,313,22,0.97911204,0.91513336,0.23287671,0.52054795,0.01114442,0.99946645,0.52113026,0.24211245
th0.01_sl0.04_flat_a0.3,"clip(v110 + alpha*row_gate*support_gate*clip((auc_delta-threshold)/slope,0,1)*(v113-v110))",120,234,313,22,0.97911204,0.91518318,0.23287671,0.52054795,0.01114442,0.99946576,0.52112987,0.24207485
th0.01_sl0.04_flat_a0.4,"clip(v110 + alpha*row_gate*support_gate*clip((auc_delta-threshold)/slope,0,1)*(v113-v110))",120,234,313,22,0.97911204,0.91527201,0.23287671,0.52054795,0.01114442,0.99946438,0.52112908,0.24200848
th0.01_sl0.04_flat_a0.55,"clip(v110 + alpha*row_gate*support_gate*clip((auc_delta-threshold)/slope,0,1)*(v113-v110))",120,234,313,22,0.97911204,0.91537165,0.23287671,0.52054795,0.01114442,0.99946231,0.52112790,0.24193101
th0.01_sl0.04_flat_a0.75,"clip(v110 + alpha*row_gate*support_gate*clip((auc_delta-threshold)/slope,0,1)*(v113-v110))",120,234,313,22,0.97911204,0.91543931,0.23287671,0.52054795,0.01114442,0.99945956,0.52112633,0.24186900
th0.01_sl0.04_flat_a1,"clip(v110 + alpha*row_gate*support_gate*clip((auc_delta-threshold)/slope,0,1)*(v113-v110))",120,234,313,22,0.97911204,0.91544794,0.23287671,0.52054795,0.01114442,0.99945611,0.52112436,0.24185788
th0.01_sl0.04_entropy_a0.1,"clip(v110 + alpha*row_gate*support_gate*clip((auc_delta-threshold)/slope,0,1)*(v113-v110))",120,234,313,22,0.97911204,0.91491532,0.21917808,0.52054795,0.01114442,0.99946893,0.52113235,0.24228002
th0.01_sl0.04_entropy_a0.15,"clip(v110 + alpha*row_gate*support_gate*clip((auc_delta-threshold)/slope,0,1)*(v113-v110))",120,234,313,22,0.97911204,0.91496054,0.21917808,0.52054795,0.01114442,0.99946845,0.52113241,0.24224965
th0.01_sl0.04_entropy_a0.2,"clip(v110 + alpha*row_gate*support_gate*clip((auc_delta-threshold)/slope,0,1)*(v113-v110))",120,234,313,22,0.97911204,0.91499517,0.23287671,0.52054795,0.01114442,0.99946797,0.52113247,0.24222053
th0.01_sl0.04_entropy_a0.25,"clip(v110 + alpha*row_gate*support_gate*clip((auc_delta-threshold)/slope,0,1)*(v113-v110))",120,234,313,22,0.97911204,0.91503257,0.23287671,0.52054795,0.01114442,0.99946748,0.52113253,0.24219266
th0.01_sl0.04_entropy_a0.3,"clip(v110 + alpha*row_gate*support_gate*clip((auc_delta-threshold)/slope,0,1)*(v113-v110))",120,234,313,22,0.97911204,0.91506651,0.23287671,0.52054795,0.01114442,0.99946700,0.52113259,0.24216606
th0.01_sl0.04_entropy_a0.4,"clip(v110 + alpha*row_gate*support_gate*clip((auc_delta-threshold)/slope,0,1)*(v113-v110))",120,234,313,22,0.97911204,0.91513313,0.23287671,0.52054795,0.01114442,0.99946603,0.52113271,0.24211663
th0.01_sl0.04_entropy_a0.55,"clip(v110 + alpha*row_gate*support_gate*clip((auc_delta-threshold)/slope,0,1)*(v113-v110))",120,234,313,22,0.97911204,0.91520861,0.23287671,0.52054795,0.01114442,0.99946458,0.52113289,0.24205193
th0.01_sl0.04_entropy_a0.75,"clip(v110 + alpha*row_gate*support_gate*clip((auc_delta-threshold)/slope,0,1)*(v113-v110))",120,234,313,22,0.97911204,0.91529260,0.23287671,0.52054795,0.01114442,0.99946265,0.52113314,0.24198330
th0.01_sl0.04_entropy_a1,"clip(v110 + alpha*row_gate*support_gate*clip((auc_delta-threshold)/slope,0,1)*(v113-v110))",120,234,313,22,0.97911204,0.91534967,0.23287671,0.52054795,0.01114442,0.99946023,0.52113344,0.24192590
th0.01_sl0.04_diff_a0.1,"clip(v110 + alpha*row_gate*support_gate*clip((auc_delta-threshold)/slope,0,1)*(v113-v110))",120,234,313,22,0.97911204,0.91488414,0.21917808,0.52054795,0.01114442,0.99946969,0.52113011,0.24229824
th0.01_sl0.04_diff_a0.15,"clip(v110 + alpha*row_gate*support_gate*clip((auc_delta-threshold)/slope,0,1)*(v113-v110))",120,234,313,22,0.97911204,0.91491405,0.21917808,0.52054795,0.01114442,0.99946959,0.52112906,0.24227627
th0.01_sl0.04_diff_a0.2,"clip(v110 + alpha*row_gate*support_gate*clip((auc_delta-threshold)/slope,0,1)*(v113-v110))",120,234,313,22,0.97911204,0.91493948,0.21917808,0.52054795,0.01114442,0.99946949,0.52112800,0.24225508
th0.01_sl0.04_diff_a0.25,"clip(v110 + alpha*row_gate*support_gate*clip((auc_delta-threshold)/slope,0,1)*(v113-v110))",120,234,313,22,0.97911204,0.91496698,0.21917808,0.52054795,0.01114442,0.99946938,0.52112695,0.24223467
th0.01_sl0.04_diff_a0.3,"clip(v110 + alpha*row_gate*support_gate*clip((auc_delta-threshold)/slope,0,1)*(v113-v110))",120,234,313,22,0.97911204,0.91499770,0.21917808,0.52054795,0.01114442,0.99946928,0.52112589,0.24221506
th0.01_sl0.04_diff_a0.4,"clip(v110 + alpha*row_gate*support_gate*clip((auc_delta-threshold)/slope,0,1)*(v113-v110))",120,234,313,22,0.97911204,0.91504844,0.21917808,0.52054795,0.01114442,0.99946907,0.52112378,0.24217818
th0.01_sl0.04_diff_a0.55,"clip(v110 + alpha*row_gate*support_gate*clip((auc_delta-threshold)/slope,0,1)*(v113-v110))",120,234,313,22,0.97911204,0.91512116,0.23287671,0.52054795,0.01114442,0.99946876,0.52112061,0.24212876
th0.01_sl0.04_diff_a0.75,"clip(v110 + alpha*row_gate*support_gate*clip((auc_delta-threshold)/slope,0,1)*(v113-v110))",120,234,313,22,0.97911204,0.91518893,0.23287671,0.52054795,0.01114442,0.99946834,0.52111639,0.24207388
th0.01_sl0.04_diff_a1,"clip(v110 + alpha*row_gate*support_gate*clip((auc_delta-threshold)/slope,0,1)*(v113-v110))",120,234,313,22,0.97911204,0.91525176,0.23287671,0.52054795,0.01114442,0.99946783,0.52111111,0.24202300
th0.01_sl0.04_eco_a0.1,"clip(v110 + alpha*row_gate*support_gate*clip((auc_delta-threshold)/slope,0,1)*(v113-v110))",120,234,313,22,0.97911204,0.91490462,0.21917808,0.52054795,0.01114442,0.99946920,0.52113157,0.24228620
th0.01_sl0.04_eco_a0.15,"clip(v110 + alpha*row_gate*support_gate*clip((auc_delta-threshold)/slope,0,1)*(v113-v110))",120,234,313,22,0.97911204,0.91494662,0.21917808,0.52054795,0.01114442,0.99946885,0.52113124,0.24225851
th0.01_sl0.04_eco_a0.2,"clip(v110 + alpha*row_gate*support_gate*clip((auc_delta-threshold)/slope,0,1)*(v113-v110))",120,234,313,22,0.97911204,0.91498309,0.21917808,0.52054795,0.01114442,0.99946850,0.52113091,0.24223182
th0.01_sl0.04_eco_a0.25,"clip(v110 + alpha*row_gate*support_gate*clip((auc_delta-threshold)/slope,0,1)*(v113-v110))",120,234,313,22,0.97911204,0.91501807,0.23287671,0.52054795,0.01114442,0.99946815,0.52113058,0.24220612
th0.01_sl0.04_eco_a0.3,"clip(v110 + alpha*row_gate*support_gate*clip((auc_delta-threshold)/slope,0,1)*(v113-v110))",120,234,313,22,0.97911204,0.91504557,0.23287671,0.52054795,0.01114442,0.99946780,0.52113025,0.24218141
th0.01_sl0.04_eco_a0.4,"clip(v110 + alpha*row_gate*support_gate*clip((auc_delta-threshold)/slope,0,1)*(v113-v110))",120,234,313,22,0.97911204,0.91510264,0.23287671,0.52054795,0.01114442,0.99946710,0.52112959,0.24213497
th0.01_sl0.04_eco_a0.55,"clip(v110 + alpha*row_gate*support_gate*clip((auc_delta-threshold)/slope,0,1)*(v113-v110))",120,234,313,22,0.97911204,0.91518238,0.23287671,0.52054795,0.01114442,0.99946604,0.52112859,0.24207276
th0.01_sl0.04_eco_a0.75,"clip(v110 + alpha*row_gate*support_gate*clip((auc_delta-threshold)/slope,0,1)*(v113-v110))",120,234,313,22,0.97911204,0.91527488,0.23287671,0.52054795,0.01114442,0.99946464,0.52112727,0.24200374
th0.01_sl0.04_eco_a1,"clip(v110 + alpha*row_gate*support_gate*clip((auc_delta-threshold)/slope,0,1)*(v113-v110))",120,234,313,22,0.97911204,0.91535289,0.23287671,0.52054795,0.01114442,0.99946289,0.52112562,0.24193985
th0.01_sl0.04_inv_eco_a0.1,"clip(v110 + alpha*row_gate*support_gate*clip((auc_delta-threshold)/slope,0,1)*(v113-v110))",120,234,313,22,0.97911204,0.91488632,0.21917808,0.52054795,0.01114442,0.99946922,0.52113210,0.24229860
th0.01_sl0.04_inv_eco_a0.15,"clip(v110 + alpha*row_gate*support_gate*clip((auc_delta-threshold)/slope,0,1)*(v113-v110))",120,234,313,22,0.97911204,0.91491624,0.21917808,0.52054795,0.01114442,0.99946888,0.52113204,0.24227657
th0.01_sl0.04_inv_eco_a0.2,"clip(v110 + alpha*row_gate*support_gate*clip((auc_delta-threshold)/slope,0,1)*(v113-v110))",120,234,313,22,0.97911204,0.91494109,0.21917808,0.52054795,0.01114442,0.99946854,0.52113197,0.24225515
th0.01_sl0.04_inv_eco_a0.25,"clip(v110 + alpha*row_gate*support_gate*clip((auc_delta-threshold)/slope,0,1)*(v113-v110))",120,234,313,22,0.97911204,0.91496618,0.23287671,0.52054795,0.01114442,0.99946820,0.52113191,0.24223437
th0.01_sl0.04_inv_eco_a0.3,"clip(v110 + alpha*row_gate*support_gate*clip((auc_delta-threshold)/slope,0,1)*(v113-v110))",120,234,313,22,0.97911204,0.91499517,0.23287671,0.52054795,0.01114442,0.99946787,0.52113185,0.24221420
th0.01_sl0.04_inv_eco_a0.4,"clip(v110 + alpha*row_gate*support_gate*clip((auc_delta-threshold)/slope,0,1)*(v113-v110))",120,234,313,22,0.97911204,0.91505351,0.23287671,0.52054795,0.01114442,0.99946719,0.52113172,0.24217575
th0.01_sl0.04_inv_eco_a0.55,"clip(v110 + alpha*row_gate*support_gate*clip((auc_delta-threshold)/slope,0,1)*(v113-v110))",120,234,313,22,0.97911204,0.91512139,0.23287671,0.52054795,0.01114442,0.99946617,0.52113153,0.24212275
th0.01_sl0.04_inv_eco_a0.75,"clip(v110 + alpha*row_gate*support_gate*clip((auc_delta-threshold)/slope,0,1)*(v113-v110))",120,234,313,22,0.97911204,0.91520458,0.23287671,0.52054795,0.01114442,0.99946481,0.52113128,0.24206085
th0.01_sl0.04_inv_eco_a1,"clip(v110 + alpha*row_gate*support_gate*clip((auc_delta-threshold)/slope,0,1)*(v113-v110))",120,234,313,22,0.97911204,0.91529640,0.23287671,0.52054795,0.01114442,0.99946312,0.52113096,0.24199754
th0.01_sl0.08_flat_a0.1,"clip(v110 + alpha*row_gate*support_gate*clip((auc_delta-threshold)/slope,0,1)*(v113-v110))",120,234,313,22,0.97911204,0.91495352,0.21917808,0.52054795,0.01114442,0.99946852,0.52113159,0.24225270
th0.01_sl0.08_flat_a0.15,"clip(v110 + alpha*row_gate*support_gate*clip((auc_delta-threshold)/slope,0,1)*(v113-v110))",120,234,313,22,0.97911204,0.91500886,0.23287671,0.52054795,0.01114442,0.99946783,0.52113128,0.24221056
th0.01_sl0.08_flat_a0.2,"clip(v110 + alpha*row_gate*support_gate*clip((auc_delta-threshold)/slope,0,1)*(v113-v110))",120,234,313,22,0.97911204,0.91506283,0.23287671,0.52054795,0.01114442,0.99946714,0.52113096,0.24217093
th0.01_sl0.08_flat_a0.25,"clip(v110 + alpha*row_gate*support_gate*clip((auc_delta-threshold)/slope,0,1)*(v113-v110))",120,234,313,22,0.97911204,0.91510770,0.23287671,0.52054795,0.01114442,0.99946645,0.52113064,0.24213383
th0.01_sl0.08_flat_a0.3,"clip(v110 + alpha*row_gate*support_gate*clip((auc_delta-threshold)/slope,0,1)*(v113-v110))",120,234,313,22,0.97911204,0.91514797,0.23287671,0.52054795,0.01114442,0.99946576,0.52113033,0.24209925
th0.01_sl0.08_flat_a0.4,"clip(v110 + alpha*row_gate*support_gate*clip((auc_delta-threshold)/slope,0,1)*(v113-v110))",120,234,313,22,0.97911204,0.91521850,0.23287671,0.52054795,0.01114442,0.99946438,0.52112969,0.24203767
th0.01_sl0.08_flat_a0.55,"clip(v110 + alpha*row_gate*support_gate*clip((auc_delta-threshold)/slope,0,1)*(v113-v110))",120,234,313,22,0.97911204,0.91531193,0.23287671,0.52054795,0.01114442,0.99946231,0.52112874,0.24196425
th0.01_sl0.08_flat_a0.75,"clip(v110 + alpha*row_gate*support_gate*clip((auc_delta-threshold)/slope,0,1)*(v113-v110))",120,234,313,22,0.97911204,0.91539501,0.23287671,0.52054795,0.01114442,0.99945956,0.52112748,0.24190176
th0.01_sl0.08_flat_a1,"clip(v110 + alpha*row_gate*support_gate*clip((auc_delta-threshold)/slope,0,1)*(v113-v110))",120,234,313,22,0.97911204,0.91542492,0.23287671,0.52054795,0.01114442,0.99945611,0.52112590,0.24188058
th0.01_sl0.08_entropy_a0.1,"clip(v110 + alpha*row_gate*support_gate*clip((auc_delta-threshold)/slope,0,1)*(v113-v110))",120,234,313,22,0.97911204,0.91490922,0.21917808,0.52054795,0.01114442,0.99946893,0.52113188,0.24228594
th0.01_sl0.08_entropy_a0.15,"clip(v110 + alpha*row_gate*support_gate*clip((auc_delta-threshold)/slope,0,1)*(v113-v110))",120,234,313,22,0.97911204,0.91495317,0.21917808,0.52054795,0.01114442,0.99946845,0.52113170,0.24225825
th0.01_sl0.08_entropy_a0.2,"clip(v110 + alpha*row_gate*support_gate*clip((auc_delta-threshold)/slope,0,1)*(v113-v110))",120,234,313,22,0.97911204,0.91498654,0.23287671,0.52054795,0.01114442,0.99946797,0.52113153,0.24223163
th0.01_sl0.08_entropy_a0.25,"clip(v110 + alpha*row_gate*support_gate*clip((auc_delta-threshold)/slope,0,1)*(v113-v110))",120,234,313,22,0.97911204,0.91502210,0.23287671,0.52054795,0.01114442,0.99946748,0.52113136,0.24220609
th0.01_sl0.08_entropy_a0.3,"clip(v110 + alpha*row_gate*support_gate*clip((auc_delta-threshold)/slope,0,1)*(v113-v110))",120,234,313,22,0.97911204,0.91505339,0.23287671,0.52054795,0.01114442,0.99946700,0.52113118,0.24218163
th0.01_sl0.08_entropy_a0.4,"clip(v110 + alpha*row_gate*support_gate*clip((auc_delta-threshold)/slope,0,1)*(v113-v110))",120,234,313,22,0.97911204,0.91511276,0.23287671,0.52054795,0.01114442,0.99946603,0.52113083,0.24213594
th0.01_sl0.08_entropy_a0.55,"clip(v110 + alpha*row_gate*support_gate*clip((auc_delta-threshold)/slope,0,1)*(v113-v110))",120,234,313,22,0.97911204,0.91518065,0.23287671,0.52054795,0.01114442,0.99946458,0.52113031,0.24207550
th0.01_sl0.08_entropy_a0.75,"clip(v110 + alpha*row_gate*support_gate*clip((auc_delta-threshold)/slope,0,1)*(v113-v110))",120,234,313,22,0.97911204,0.91525878,0.23287671,0.52054795,0.01114442,0.99946265,0.52112961,0.24201001
th0.01_sl0.08_entropy_a1,"clip(v110 + alpha*row_gate*support_gate*clip((auc_delta-threshold)/slope,0,1)*(v113-v110))",120,234,313,22,0.97911204,0.91532010,0.23287671,0.52054795,0.01114442,0.99946023,0.52112874,0.24195244
th0.01_sl0.08_diff_a0.1,"clip(v110 + alpha*row_gate*support_gate*clip((auc_delta-threshold)/slope,0,1)*(v113-v110))",120,234,313,22,0.97911204,0.91487746,0.21917808,0.52054795,0.01114442,0.99946969,0.52113057,0.24230378
th0.01_sl0.08_diff_a0.15,"clip(v110 + alpha*row_gate*support_gate*clip((auc_delta-threshold)/slope,0,1)*(v113-v110))",120,234,313,22,0.97911204,0.91490404,0.21917808,0.52054795,0.01114442,0.99946959,0.52112973,0.24228439
th0.01_sl0.08_diff_a0.2,"clip(v110 + alpha*row_gate*support_gate*clip((auc_delta-threshold)/slope,0,1)*(v113-v110))",120,234,313,22,0.97911204,0.91492498,0.21917808,0.52054795,0.01114442,0.99946949,0.52112890,0.24226565
th0.01_sl0.08_diff_a0.25,"clip(v110 + alpha*row_gate*support_gate*clip((auc_delta-threshold)/slope,0,1)*(v113-v110))",120,234,313,22,0.97911204,0.91494869,0.21917808,0.52054795,0.01114442,0.99946938,0.52112807,0.24224757
th0.01_sl0.08_diff_a0.3,"clip(v110 + alpha*row_gate*support_gate*clip((auc_delta-threshold)/slope,0,1)*(v113-v110))",120,234,313,22,0.97911204,0.91497642,0.21917808,0.52054795,0.01114442,0.99946928,0.52112724,0.24223014
th0.01_sl0.08_diff_a0.4,"clip(v110 + alpha*row_gate*support_gate*clip((auc_delta-threshold)/slope,0,1)*(v113-v110))",120,234,313,22,0.97911204,0.91501910,0.21917808,0.52054795,0.01114442,0.99946907,0.52112558,0.24219727
th0.01_sl0.08_diff_a0.55,"clip(v110 + alpha*row_gate*support_gate*clip((auc_delta-threshold)/slope,0,1)*(v113-v110))",120,234,313,22,0.97911204,0.91507974,0.23287671,0.52054795,0.01114442,0.99946876,0.52112309,0.24215291
th0.01_sl0.08_diff_a0.75,"clip(v110 + alpha*row_gate*support_gate*clip((auc_delta-threshold)/slope,0,1)*(v113-v110))",120,234,313,22,0.97911204,0.91513923,0.23287671,0.52054795,0.01114442,0.99946834,0.52111977,0.24210297
th0.01_sl0.08_diff_a1,"clip(v110 + alpha*row_gate*support_gate*clip((auc_delta-threshold)/slope,0,1)*(v113-v110))",120,234,313,22,0.97911204,0.91520734,0.23287671,0.52054795,0.01114442,0.99946783,0.52111562,0.24205538
th0.01_sl0.08_eco_a0.1,"clip(v110 + alpha*row_gate*support_gate*clip((auc_delta-threshold)/slope,0,1)*(v113-v110))",120,234,313,22,0.97911204,0.91489725,0.21917808,0.52054795,0.01114442,0.99946920,0.52113142,0.24229201
th0.01_sl0.08_eco_a0.15,"clip(v110 + alpha*row_gate*support_gate*clip((auc_delta-threshold)/slope,0,1)*(v113-v110))",120,234,313,22,0.97911204,0.91493960,0.21917808,0.52054795,0.01114442,0.99946885,0.52113101,0.24226701
th0.01_sl0.08_eco_a0.2,"clip(v110 + alpha*row_gate*support_gate*clip((auc_delta-threshold)/slope,0,1)*(v113-v110))",120,234,313,22,0.97911204,0.91497308,0.21917808,0.52054795,0.01114442,0.99946850,0.52113061,0.24224285
th0.01_sl0.08_eco_a0.25,"clip(v110 + alpha*row_gate*support_gate*clip((auc_delta-threshold)/slope,0,1)*(v113-v110))",120,234,313,22,0.97911204,0.91500415,0.23287671,0.52054795,0.01114442,0.99946815,0.52113021,0.24221954
th0.01_sl0.08_eco_a0.3,"clip(v110 + alpha*row_gate*support_gate*clip((auc_delta-threshold)/slope,0,1)*(v113-v110))",120,234,313,22,0.97911204,0.91503061,0.23287671,0.52054795,0.01114442,0.99946780,0.52112980,0.24219708
th0.01_sl0.08_eco_a0.4,"clip(v110 + alpha*row_gate*support_gate*clip((auc_delta-threshold)/slope,0,1)*(v113-v110))",120,234,313,22,0.97911204,0.91508354,0.23287671,0.52054795,0.01114442,0.99946710,0.52112900,0.24215468
th0.01_sl0.08_eco_a0.55,"clip(v110 + alpha*row_gate*support_gate*clip((auc_delta-threshold)/slope,0,1)*(v113-v110))",120,234,313,22,0.97911204,0.91515131,0.23287671,0.52054795,0.01114442,0.99946604,0.52112778,0.24209743
th0.01_sl0.08_eco_a0.75,"clip(v110 + alpha*row_gate*support_gate*clip((auc_delta-threshold)/slope,0,1)*(v113-v110))",120,234,313,22,0.97911204,0.91522909,0.23287671,0.52054795,0.01114442,0.99946464,0.52112617,0.24203295
th0.01_sl0.08_eco_a1,"clip(v110 + alpha*row_gate*support_gate*clip((auc_delta-threshold)/slope,0,1)*(v113-v110))",120,234,313,22,0.97911204,0.91530319,0.23287671,0.52054795,0.01114442,0.99946289,0.52112415,0.24197141
th0.01_sl0.08_inv_eco_a0.1,"clip(v110 + alpha*row_gate*support_gate*clip((auc_delta-threshold)/slope,0,1)*(v113-v110))",120,234,313,22,0.97911204,0.91488023,0.21917808,0.52054795,0.01114442,0.99946922,0.52113240,0.24230297
th0.01_sl0.08_inv_eco_a0.15,"clip(v110 + alpha*row_gate*support_gate*clip((auc_delta-threshold)/slope,0,1)*(v113-v110))",120,234,313,22,0.97911204,0.91490980,0.21917808,0.52054795,0.01114442,0.99946888,0.52113249,0.24228299
th0.01_sl0.08_inv_eco_a0.2,"clip(v110 + alpha*row_gate*support_gate*clip((auc_delta-threshold)/slope,0,1)*(v113-v110))",120,234,313,22,0.97911204,0.91492936,0.21917808,0.52054795,0.01114442,0.99946854,0.52113258,0.24226356
th0.01_sl0.08_inv_eco_a0.25,"clip(v110 + alpha*row_gate*support_gate*clip((auc_delta-threshold)/slope,0,1)*(v113-v110))",120,234,313,22,0.97911204,0.91495110,0.23287671,0.52054795,0.01114442,0.99946820,0.52113266,0.24224467
th0.01_sl0.08_inv_eco_a0.3,"clip(v110 + alpha*row_gate*support_gate*clip((auc_delta-threshold)/slope,0,1)*(v113-v110))",120,234,313,22,0.97911204,0.91497734,0.23287671,0.52054795,0.01114442,0.99946787,0.52113275,0.24222632
th0.01_sl0.08_inv_eco_a0.4,"clip(v110 + alpha*row_gate*support_gate*clip((auc_delta-threshold)/slope,0,1)*(v113-v110))",120,234,313,22,0.97911204,0.91503303,0.23287671,0.52054795,0.01114442,0.99946719,0.52113292,0.24219124
th0.01_sl0.08_inv_eco_a0.55,"clip(v110 + alpha*row_gate*support_gate*clip((auc_delta-threshold)/slope,0,1)*(v113-v110))",120,234,313,22,0.97911204,0.91509079,0.23287671,0.52054795,0.01114442,0.99946617,0.52113319,0.24214270
th0.01_sl0.08_inv_eco_a0.75,"clip(v110 + alpha*row_gate*support_gate*clip((auc_delta-threshold)/slope,0,1)*(v113-v110))",120,234,313,22,0.97911204,0.91515913,0.23287671,0.52054795,0.01114442,0.99946481,0.52113354,0.24208558
th0.01_sl0.08_inv_eco_a1,"clip(v110 + alpha*row_gate*support_gate*clip((auc_delta-threshold)/slope,0,1)*(v113-v110))",120,234,313,22,0.97911204,0.91523841,0.23287671,0.52054795,0.01114442,0.99946312,0.52113397,0.24202639
th0.01_sl0.12_flat_a0.1,"clip(v110 + alpha*row_gate*support_gate*clip((auc_delta-threshold)/slope,0,1)*(v113-v110))",120,234,313,22,0.97911204,0.91494984,0.21917808,0.52054795,0.01114442,0.99946852,0.52113164,0.24225610
th0.01_sl0.12_flat_a0.15,"clip(v110 + alpha*row_gate*support_gate*clip((auc_delta-threshold)/slope,0,1)*(v113-v110))",120,234,313,22,0.97911204,0.91500311,0.23287671,0.52054795,0.01114442,0.99946783,0.52113135,0.24221551
th0.01_sl0.12_flat_a0.2,"clip(v110 + alpha*row_gate*support_gate*clip((auc_delta-threshold)/slope,0,1)*(v113-v110))",120,234,313,22,0.97911204,0.91505512,0.23287671,0.52054795,0.01114442,0.99946714,0.52113106,0.24217734
th0.01_sl0.12_flat_a0.25,"clip(v110 + alpha*row_gate*support_gate*clip((auc_delta-threshold)/slope,0,1)*(v113-v110))",120,234,313,22,0.97911204,0.91509769,0.23287671,0.52054795,0.01114442,0.99946645,0.52113077,0.24214160
th0.01_sl0.12_flat_a0.3,"clip(v110 + alpha*row_gate*support_gate*clip((auc_delta-threshold)/slope,0,1)*(v113-v110))",120,234,313,22,0.97911204,0.91513969,0.23287671,0.52054795,0.01114442,0.99946576,0.52113047,0.24210829
th0.01_sl0.12_flat_a0.4,"clip(v110 + alpha*row_gate*support_gate*clip((auc_delta-threshold)/slope,0,1)*(v113-v110))",120,234,313,22,0.97911204,0.91520757,0.23287671,0.52054795,0.01114442,0.99946438,0.52112989,0.24204895
th0.01_sl0.12_flat_a0.55,"clip(v110 + alpha*row_gate*support_gate*clip((auc_delta-threshold)/slope,0,1)*(v113-v110))",120,234,313,22,0.97911204,0.91528938,0.23287671,0.52054795,0.01114442,0.99946231,0.52112902,0.24197816
th0.01_sl0.12_flat_a0.75,"clip(v110 + alpha*row_gate*support_gate*clip((auc_delta-threshold)/slope,0,1)*(v113-v110))",120,234,313,22,0.97911204,0.91536037,0.23287671,0.52054795,0.01114442,0.99945956,0.52112785,0.24191782
th0.01_sl0.12_flat_a1,"clip(v110 + alpha*row_gate*support_gate*clip((auc_delta-threshold)/slope,0,1)*(v113-v110))",120,234,313,22,0.97911204,0.91538695,0.23287671,0.52054795,0.01114442,0.99945611,0.52112639,0.24189714
th0.01_sl0.12_entropy_a0.1,"clip(v110 + alpha*row_gate*support_gate*clip((auc_delta-threshold)/slope,0,1)*(v113-v110))",120,234,313,22,0.97911204,0.91490669,0.21917808,0.52054795,0.01114442,0.99946893,0.52113166,0.24228798
th0.01_sl0.12_entropy_a0.15,"clip(v110 + alpha*row_gate*support_gate*clip((auc_delta-threshold)/slope,0,1)*(v113-v110))",120,234,313,22,0.97911204,0.91494995,0.21917808,0.52054795,0.01114442,0.99946845,0.52113137,0.24226125
th0.01_sl0.12_entropy_a0.2,"clip(v110 + alpha*row_gate*support_gate*clip((auc_delta-threshold)/slope,0,1)*(v113-v110))",120,234,313,22,0.97911204,0.91498263,0.23287671,0.52054795,0.01114442,0.99946797,0.52113109,0.24223556
th0.01_sl0.12_entropy_a0.25,"clip(v110 + alpha*row_gate*support_gate*clip((auc_delta-threshold)/slope,0,1)*(v113-v110))",120,234,313,22,0.97911204,0.91501795,0.23287671,0.52054795,0.01114442,0.99946748,0.52113080,0.24221090
th0.01_sl0.12_entropy_a0.3,"clip(v110 + alpha*row_gate*support_gate*clip((auc_delta-threshold)/slope,0,1)*(v113-v110))",120,234,313,22,0.97911204,0.91504913,0.23287671,0.52054795,0.01114442,0.99946700,0.52113052,0.24218727
th0.01_sl0.12_entropy_a0.4,"clip(v110 + alpha*row_gate*support_gate*clip((auc_delta-threshold)/slope,0,1)*(v113-v110))",120,234,313,22,0.97911204,0.91510724,0.23287671,0.52054795,0.01114442,0.99946603,0.52112995,0.24214313
th0.01_sl0.12_entropy_a0.55,"clip(v110 + alpha*row_gate*support_gate*clip((auc_delta-threshold)/slope,0,1)*(v113-v110))",120,234,313,22,0.97911204,0.91517432,0.23287671,0.52054795,0.01114442,0.99946458,0.52112910,0.24208468
th0.01_sl0.12_entropy_a0.75,"clip(v110 + alpha*row_gate*support_gate*clip((auc_delta-threshold)/slope,0,1)*(v113-v110))",120,234,313,22,0.97911204,0.91524497,0.23287671,0.52054795,0.01114442,0.99946265,0.52112796,0.24202127
th0.01_sl0.12_entropy_a1,"clip(v110 + alpha*row_gate*support_gate*clip((auc_delta-threshold)/slope,0,1)*(v113-v110))",120,234,313,22,0.97911204,0.91530250,0.23287671,0.52054795,0.01114442,0.99946023,0.52112654,0.24196536
th0.01_sl0.12_diff_a0.1,"clip(v110 + alpha*row_gate*support_gate*clip((auc_delta-threshold)/slope,0,1)*(v113-v110))",120,234,313,22,0.97911204,0.91487309,0.21917808,0.52054795,0.01114442,0.99946969,0.52113072,0.24230568
th0.01_sl0.12_diff_a0.15,"clip(v110 + alpha*row_gate*support_gate*clip((auc_delta-threshold)/slope,0,1)*(v113-v110))",120,234,313,22,0.97911204,0.91490036,0.21917808,0.52054795,0.01114442,0.99946959,0.52112997,0.24228718
th0.01_sl0.12_diff_a0.2,"clip(v110 + alpha*row_gate*support_gate*clip((auc_delta-threshold)/slope,0,1)*(v113-v110))",120,234,313,22,0.97911204,0.91492061,0.21917808,0.52054795,0.01114442,0.99946949,0.52112921,0.24226932
th0.01_sl0.12_diff_a0.25,"clip(v110 + alpha*row_gate*support_gate*clip((auc_delta-threshold)/slope,0,1)*(v113-v110))",120,234,313,22,0.97911204,0.91494374,0.21917808,0.52054795,0.01114442,0.99946938,0.52112846,0.24225208
th0.01_sl0.12_diff_a0.3,"clip(v110 + alpha*row_gate*support_gate*clip((auc_delta-threshold)/slope,0,1)*(v113-v110))",120,234,313,22,0.97911204,0.91496928,0.21917808,0.52054795,0.01114442,0.99946928,0.52112771,0.24223548
th0.01_sl0.12_diff_a0.4,"clip(v110 + alpha*row_gate*support_gate*clip((auc_delta-threshold)/slope,0,1)*(v113-v110))",120,234,313,22,0.97911204,0.91500955,0.21917808,0.52054795,0.01114442,0.99946907,0.52112620,0.24220415
th0.01_sl0.12_diff_a0.55,"clip(v110 + alpha*row_gate*support_gate*clip((auc_delta-threshold)/slope,0,1)*(v113-v110))",120,234,313,22,0.97911204,0.91506720,0.23287671,0.52054795,0.01114442,0.99946876,0.52112395,0.24216187
th0.01_sl0.12_diff_a0.75,"clip(v110 + alpha*row_gate*support_gate*clip((auc_delta-threshold)/slope,0,1)*(v113-v110))",120,234,313,22,0.97911204,0.91512220,0.23287671,0.52054795,0.01114442,0.99946834,0.52112093,0.24211431
th0.01_sl0.12_diff_a1,"clip(v110 + alpha*row_gate*support_gate*clip((auc_delta-threshold)/slope,0,1)*(v113-v110))",120,234,313,22,0.97911204,0.91518007,0.23287671,0.52054795,0.01114442,0.99946783,0.52111717,0.24206902
th0.01_sl0.12_eco_a0.1,"clip(v110 + alpha*row_gate*support_gate*clip((auc_delta-threshold)/slope,0,1)*(v113-v110))",120,234,313,22,0.97911204,0.91489438,0.21917808,0.52054795,0.01114442,0.99946920,0.52113133,0.24229401
th0.01_sl0.12_eco_a0.15,"clip(v110 + alpha*row_gate*support_gate*clip((auc_delta-threshold)/slope,0,1)*(v113-v110))",120,234,313,22,0.97911204,0.91493546,0.21917808,0.52054795,0.01114442,0.99946885,0.52113088,0.24226996
th0.01_sl0.12_eco_a0.2,"clip(v110 + alpha*row_gate*support_gate*clip((auc_delta-threshold)/slope,0,1)*(v113-v110))",120,234,313,22,0.97911204,0.91496825,0.21917808,0.52054795,0.01114442,0.99946850,0.52113043,0.24224672
th0.01_sl0.12_eco_a0.25,"clip(v110 + alpha*row_gate*support_gate*clip((auc_delta-threshold)/slope,0,1)*(v113-v110))",120,234,313,22,0.97911204,0.91500092,0.23287671,0.52054795,0.01114442,0.99946815,0.52112998,0.24222429
th0.01_sl0.12_eco_a0.3,"clip(v110 + alpha*row_gate*support_gate*clip((auc_delta-threshold)/slope,0,1)*(v113-v110))",120,234,313,22,0.97911204,0.91502658,0.23287671,0.52054795,0.01114442,0.99946780,0.52112954,0.24220267
th0.01_sl0.12_eco_a0.4,"clip(v110 + alpha*row_gate*support_gate*clip((auc_delta-threshold)/slope,0,1)*(v113-v110))",120,234,313,22,0.97911204,0.91507594,0.23287671,0.52054795,0.01114442,0.99946710,0.52112864,0.24216187
th0.01_sl0.12_eco_a0.55,"clip(v110 + alpha*row_gate*support_gate*clip((auc_delta-threshold)/slope,0,1)*(v113-v110))",120,234,313,22,0.97911204,0.91514141,0.23287671,0.52054795,0.01114442,0.99946604,0.52112729,0.24210675
th0.01_sl0.12_eco_a0.75,"clip(v110 + alpha*row_gate*support_gate*clip((auc_delta-threshold)/slope,0,1)*(v113-v110))",120,234,313,22,0.97911204,0.91521931,0.23287671,0.52054795,0.01114442,0.99946464,0.52112550,0.24204463
th0.01_sl0.12_eco_a1,"clip(v110 + alpha*row_gate*support_gate*clip((auc_delta-threshold)/slope,0,1)*(v113-v110))",120,234,313,22,0.97911204,0.91528098,0.23287671,0.52054795,0.01114442,0.99946289,0.52112326,0.24198528
th0.01_sl0.12_inv_eco_a0.1,"clip(v110 + alpha*row_gate*support_gate*clip((auc_delta-threshold)/slope,0,1)*(v113-v110))",120,234,313,22,0.97911204,0.91487723,0.21917808,0.52054795,0.01114442,0.99946922,0.52113254,0.24230445
th0.01_sl0.12_inv_eco_a0.15,"clip(v110 + alpha*row_gate*support_gate*clip((auc_delta-threshold)/slope,0,1)*(v113-v110))",120,234,313,22,0.97911204,0.91490565,0.21917808,0.52054795,0.01114442,0.99946888,0.52113270,0.24228519
th0.01_sl0.12_inv_eco_a0.2,"clip(v110 + alpha*row_gate*support_gate*clip((auc_delta-threshold)/slope,0,1)*(v113-v110))",120,234,313,22,0.97911204,0.91492602,0.21917808,0.52054795,0.01114442,0.99946854,0.52113285,0.24226645
th0.01_sl0.12_inv_eco_a0.25,"clip(v110 + alpha*row_gate*support_gate*clip((auc_delta-threshold)/slope,0,1)*(v113-v110))",120,234,313,22,0.97911204,0.91494811,0.23287671,0.52054795,0.01114442,0.99946820,0.52113301,0.24224824
th0.01_sl0.12_inv_eco_a0.3,"clip(v110 + alpha*row_gate*support_gate*clip((auc_delta-threshold)/slope,0,1)*(v113-v110))",120,234,313,22,0.97911204,0.91497273,0.23287671,0.52054795,0.01114442,0.99946787,0.52113316,0.24223054
th0.01_sl0.12_inv_eco_a0.4,"clip(v110 + alpha*row_gate*support_gate*clip((auc_delta-threshold)/slope,0,1)*(v113-v110))",120,234,313,22,0.97911204,0.91502417,0.23287671,0.52054795,0.01114442,0.99946719,0.52113348,0.24219673
th0.01_sl0.12_inv_eco_a0.55,"clip(v110 + alpha*row_gate*support_gate*clip((auc_delta-threshold)/slope,0,1)*(v113-v110))",120,234,313,22,0.97911204,0.91508078,0.23287671,0.52054795,0.01114442,0.99946617,0.52113395,0.24214993
th0.01_sl0.12_inv_eco_a0.75,"clip(v110 + alpha*row_gate*support_gate*clip((auc_delta-threshold)/slope,0,1)*(v113-v110))",120,234,313,22,0.97911204,0.91514717,0.23287671,0.52054795,0.01114442,0.99946481,0.52113457,0.24209486
th0.01_sl0.12_inv_eco_a1,"clip(v110 + alpha*row_gate*support_gate*clip((auc_delta-threshold)/slope,0,1)*(v113-v110))",120,234,313,22,0.97911204,0.91521942,0.23287671,0.52054795,0.01114442,0.99946312,0.52113536,0.24203782
th0.01_sl0.2_flat_a0.1,"clip(v110 + alpha*row_gate*support_gate*clip((auc_delta-threshold)/slope,0,1)*(v113-v110))",120,234,313,22,0.97911204,0.91491958,0.21917808,0.52054795,0.01114442,0.99946866,0.52113178,0.24227888
th0.01_sl0.2_flat_a0.15,"clip(v110 + alpha*row_gate*support_gate*clip((auc_delta-threshold)/slope,0,1)*(v113-v110))",120,234,313,22,0.97911204,0.91495651,0.23287671,0.52054795,0.01114442,0.99946804,0.52113156,0.24224805
th0.01_sl0.2_flat_a0.2,"clip(v110 + alpha*row_gate*support_gate*clip((auc_delta-threshold)/slope,0,1)*(v113-v110))",120,234,313,22,0.97911204,0.91499885,0.23287671,0.52054795,0.01114442,0.99946742,0.52113134,0.24221857
th0.01_sl0.2_flat_a0.25,"clip(v110 + alpha*row_gate*support_gate*clip((auc_delta-threshold)/slope,0,1)*(v113-v110))",120,234,313,22,0.97911204,0.91504258,0.23287671,0.52054795,0.01114442,0.99946681,0.52113111,0.24219043
th0.01_sl0.2_flat_a0.3,"clip(v110 + alpha*row_gate*support_gate*clip((auc_delta-threshold)/slope,0,1)*(v113-v110))",120,234,313,22,0.97911204,0.91507709,0.23287671,0.52054795,0.01114442,0.99946619,0.52113089,0.24216363
th0.01_sl0.2_flat_a0.4,"clip(v110 + alpha*row_gate*support_gate*clip((auc_delta-threshold)/slope,0,1)*(v113-v110))",120,234,313,22,0.97911204,0.91513578,0.23287671,0.52054795,0.01114442,0.99946495,0.52113045,0.24211405
th0.01_sl0.2_flat_a0.55,"clip(v110 + alpha*row_gate*support_gate*clip((auc_delta-threshold)/slope,0,1)*(v113-v110))",120,234,313,22,0.97911204,0.91520608,0.23287671,0.52054795,0.01114442,0.99946309,0.52112978,0.24204975
th0.01_sl0.2_flat_a0.75,"clip(v110 + alpha*row_gate*support_gate*clip((auc_delta-threshold)/slope,0,1)*(v113-v110))",120,234,313,22,0.97911204,0.91528581,0.23287671,0.52054795,0.01114442,0.99946062,0.52112889,0.24198282
th0.01_sl0.2_flat_a1,"clip(v110 + alpha*row_gate*support_gate*clip((auc_delta-threshold)/slope,0,1)*(v113-v110))",120,234,313,22,0.97911204,0.91534219,0.23287671,0.52054795,0.01114442,0.99945752,0.52112778,0.24192942
th0.01_sl0.2_entropy_a0.1,"clip(v110 + alpha*row_gate*support_gate*clip((auc_delta-threshold)/slope,0,1)*(v113-v110))",120,234,313,22,0.97911204,0.91488207,0.21917808,0.52054795,0.01114442,0.99946903,0.52113164,0.24230283
th0.01_sl0.2_entropy_a0.15,"clip(v110 + alpha*row_gate*support_gate*clip((auc_delta-threshold)/slope,0,1)*(v113-v110))",120,234,313,22,0.97911204,0.91491394,0.21917808,0.52054795,0.01114442,0.99946860,0.52113135,0.24228283
th0.01_sl0.2_entropy_a0.2,"clip(v110 + alpha*row_gate*support_gate*clip((auc_delta-threshold)/slope,0,1)*(v113-v110))",120,234,313,22,0.97911204,0.91494731,0.21917808,0.52054795,0.01114442,0.99946817,0.52113106,0.24226340
th0.01_sl0.2_entropy_a0.25,"clip(v110 + alpha*row_gate*support_gate*clip((auc_delta-threshold)/slope,0,1)*(v113-v110))",120,234,313,22,0.97911204,0.91497158,0.23287671,0.52054795,0.01114442,0.99946773,0.52113076,0.24224454
th0.01_sl0.2_entropy_a0.3,"clip(v110 + alpha*row_gate*support_gate*clip((auc_delta-threshold)/slope,0,1)*(v113-v110))",120,234,313,22,0.97911204,0.91499874,0.23287671,0.52054795,0.01114442,0.99946730,0.52113047,0.24222625
th0.01_sl0.2_entropy_a0.4,"clip(v110 + alpha*row_gate*support_gate*clip((auc_delta-threshold)/slope,0,1)*(v113-v110))",120,234,313,22,0.97911204,0.91504373,0.23287671,0.52054795,0.01114442,0.99946643,0.52112989,0.24219139
th0.01_sl0.2_entropy_a0.55,"clip(v110 + alpha*row_gate*support_gate*clip((auc_delta-threshold)/slope,0,1)*(v113-v110))",120,234,313,22,0.97911204,0.91510678,0.23287671,0.52054795,0.01114442,0.99946513,0.52112901,0.24214338
th0.01_sl0.2_entropy_a0.75,"clip(v110 + alpha*row_gate*support_gate*clip((auc_delta-threshold)/slope,0,1)*(v113-v110))",120,234,313,22,0.97911204,0.91517536,0.23287671,0.52054795,0.01114442,0.99946339,0.52112784,0.24208738
th0.01_sl0.2_entropy_a1,"clip(v110 + alpha*row_gate*support_gate*clip((auc_delta-threshold)/slope,0,1)*(v113-v110))",120,234,313,22,0.97911204,0.91523818,0.23287671,0.52054795,0.01114442,0.99946123,0.52112638,0.24203026
th0.01_sl0.2_diff_a0.1,"clip(v110 + alpha*row_gate*support_gate*clip((auc_delta-threshold)/slope,0,1)*(v113-v110))",120,234,313,22,0.97911204,0.91485641,0.21917808,0.52054795,0.01114442,0.99946971,0.52113146,0.24231608
th0.01_sl0.2_diff_a0.15,"clip(v110 + alpha*row_gate*support_gate*clip((auc_delta-threshold)/slope,0,1)*(v113-v110))",120,234,313,22,0.97911204,0.91487781,0.21917808,0.52054795,0.01114442,0.99946962,0.52113108,0.24230236
th0.01_sl0.2_diff_a0.2,"clip(v110 + alpha*row_gate*support_gate*clip((auc_delta-threshold)/slope,0,1)*(v113-v110))",120,234,313,22,0.97911204,0.91489518,0.21917808,0.52054795,0.01114442,0.99946953,0.52113070,0.24228898
th0.01_sl0.2_diff_a0.25,"clip(v110 + alpha*row_gate*support_gate*clip((auc_delta-threshold)/slope,0,1)*(v113-v110))",120,234,313,22,0.97911204,0.91491290,0.21917808,0.52054795,0.01114442,0.99946943,0.52113032,0.24227594
th0.01_sl0.2_diff_a0.3,"clip(v110 + alpha*row_gate*support_gate*clip((auc_delta-threshold)/slope,0,1)*(v113-v110))",120,234,313,22,0.97911204,0.91492855,0.21917808,0.52054795,0.01114442,0.99946934,0.52112994,0.24226325
th0.01_sl0.2_diff_a0.4,"clip(v110 + alpha*row_gate*support_gate*clip((auc_delta-threshold)/slope,0,1)*(v113-v110))",120,234,313,22,0.97911204,0.91496434,0.21917808,0.52054795,0.01114442,0.99946916,0.52112918,0.24223888
th0.01_sl0.2_diff_a0.55,"clip(v110 + alpha*row_gate*support_gate*clip((auc_delta-threshold)/slope,0,1)*(v113-v110))",120,234,313,22,0.97911204,0.91501174,0.21917808,0.52054795,0.01114442,0.99946888,0.52112804,0.24220489
th0.01_sl0.2_diff_a0.75,"clip(v110 + alpha*row_gate*support_gate*clip((auc_delta-threshold)/slope,0,1)*(v113-v110))",120,234,313,22,0.97911204,0.91506467,0.23287671,0.52054795,0.01114442,0.99946850,0.52112652,0.24216436
th0.01_sl0.2_diff_a1,"clip(v110 + alpha*row_gate*support_gate*clip((auc_delta-threshold)/slope,0,1)*(v113-v110))",120,234,313,22,0.97911204,0.91511023,0.23287671,0.52054795,0.01114442,0.99946804,0.52112461,0.24212140
th0.01_sl0.2_eco_a0.1,"clip(v110 + alpha*row_gate*support_gate*clip((auc_delta-threshold)/slope,0,1)*(v113-v110))",120,234,313,22,0.97911204,0.91487367,0.21917808,0.52054795,0.01114442,0.99946927,0.52113158,0.24230738
th0.01_sl0.2_eco_a0.15,"clip(v110 + alpha*row_gate*support_gate*clip((auc_delta-threshold)/slope,0,1)*(v113-v110))",120,234,313,22,0.97911204,0.91490370,0.21917808,0.52054795,0.01114442,0.99946896,0.52113126,0.24228946
th0.01_sl0.2_eco_a0.2,"clip(v110 + alpha*row_gate*support_gate*clip((auc_delta-threshold)/slope,0,1)*(v113-v110))",120,234,313,22,0.97911204,0.91493200,0.21917808,0.52054795,0.01114442,0.99946864,0.52113093,0.24227199
th0.01_sl0.2_eco_a0.25,"clip(v110 + alpha*row_gate*support_gate*clip((auc_delta-threshold)/slope,0,1)*(v113-v110))",120,234,313,22,0.97911204,0.91495571,0.21917808,0.52054795,0.01114442,0.99946833,0.52113061,0.24225497
th0.01_sl0.2_eco_a0.3,"clip(v110 + alpha*row_gate*support_gate*clip((auc_delta-threshold)/slope,0,1)*(v113-v110))",120,234,313,22,0.97911204,0.91497699,0.23287671,0.52054795,0.01114442,0.99946801,0.52113029,0.24223839
th0.01_sl0.2_eco_a0.4,"clip(v110 + alpha*row_gate*support_gate*clip((auc_delta-threshold)/slope,0,1)*(v113-v110))",120,234,313,22,0.97911204,0.91502336,0.23287671,0.52054795,0.01114442,0.99946738,0.52112964,0.24220657
th0.01_sl0.2_eco_a0.55,"clip(v110 + alpha*row_gate*support_gate*clip((auc_delta-threshold)/slope,0,1)*(v113-v110))",120,234,313,22,0.97911204,0.91508112,0.23287671,0.52054795,0.01114442,0.99946644,0.52112867,0.24216220
th0.01_sl0.2_eco_a0.75,"clip(v110 + alpha*row_gate*support_gate*clip((auc_delta-threshold)/slope,0,1)*(v113-v110))",120,234,313,22,0.97911204,0.91514521,0.23287671,0.52054795,0.01114442,0.99946518,0.52112738,0.24210928
th0.01_sl0.2_eco_a1,"clip(v110 + alpha*row_gate*support_gate*clip((auc_delta-threshold)/slope,0,1)*(v113-v110))",120,234,313,22,0.97911204,0.91521033,0.23287671,0.52054795,0.01114442,0.99946361,0.52112576,0.24205318
th0.01_sl0.2_inv_eco_a0.1,"clip(v110 + alpha*row_gate*support_gate*clip((auc_delta-threshold)/slope,0,1)*(v113-v110))",120,234,313,22,0.97911204,0.91485952,0.21917808,0.52054795,0.01114442,0.99946929,0.52113243,0.24231484
th0.01_sl0.2_inv_eco_a0.15,"clip(v110 + alpha*row_gate*support_gate*clip((auc_delta-threshold)/slope,0,1)*(v113-v110))",120,234,313,22,0.97911204,0.91488667,0.21917808,0.52054795,0.01114442,0.99946899,0.52113253,0.24230043
th0.01_sl0.2_inv_eco_a0.2,"clip(v110 + alpha*row_gate*support_gate*clip((auc_delta-threshold)/slope,0,1)*(v113-v110))",120,234,313,22,0.97911204,0.91490531,0.21917808,0.52054795,0.01114442,0.99946868,0.52113263,0.24228631
th0.01_sl0.2_inv_eco_a0.25,"clip(v110 + alpha*row_gate*support_gate*clip((auc_delta-threshold)/slope,0,1)*(v113-v110))",120,234,313,22,0.97911204,0.91492142,0.21917808,0.52054795,0.01114442,0.99946838,0.52113273,0.24227248
th0.01_sl0.2_inv_eco_a0.3,"clip(v110 + alpha*row_gate*support_gate*clip((auc_delta-threshold)/slope,0,1)*(v113-v110))",120,234,313,22,0.97911204,0.91493833,0.23287671,0.52054795,0.01114442,0.99946807,0.52113283,0.24225894
th0.01_sl0.2_inv_eco_a0.4,"clip(v110 + alpha*row_gate*support_gate*clip((auc_delta-threshold)/slope,0,1)*(v113-v110))",120,234,313,22,0.97911204,0.91497308,0.23287671,0.52054795,0.01114442,0.99946747,0.52113303,0.24223274
th0.01_sl0.2_inv_eco_a0.55,"clip(v110 + alpha*row_gate*support_gate*clip((auc_delta-threshold)/slope,0,1)*(v113-v110))",120,234,313,22,0.97911204,0.91502589,0.23287671,0.52054795,0.01114442,0.99946655,0.52113333,0.24219563
th0.01_sl0.2_inv_eco_a0.75,"clip(v110 + alpha*row_gate*support_gate*clip((auc_delta-threshold)/slope,0,1)*(v113-v110))",120,234,313,22,0.97911204,0.91507663,0.23287671,0.52054795,0.01114442,0.99946534,0.52113374,0.24215023
th0.01_sl0.2_inv_eco_a1,"clip(v110 + alpha*row_gate*support_gate*clip((auc_delta-threshold)/slope,0,1)*(v113-v110))",120,234,313,22,0.97911204,0.91514544,0.23287671,0.52054795,0.01114442,0.99946381,0.52113424,0.24210007
th0.02_sl0.04_flat_a0.1,"clip(v110 + alpha*row_gate*support_gate*clip((auc_delta-threshold)/slope,0,1)*(v113-v110))",120,234,313,22,0.97911204,0.91495559,0.21917808,0.52054795,0.01114442,0.99946852,0.52113157,0.24225146
th0.02_sl0.04_flat_a0.15,"clip(v110 + alpha*row_gate*support_gate*clip((auc_delta-threshold)/slope,0,1)*(v113-v110))",120,234,313,22,0.97911204,0.91501024,0.23287671,0.52054795,0.01114442,0.99946783,0.52113124,0.24220876
th0.02_sl0.04_flat_a0.2,"clip(v110 + alpha*row_gate*support_gate*clip((auc_delta-threshold)/slope,0,1)*(v113-v110))",120,234,313,22,0.97911204,0.91506651,0.23287671,0.52054795,0.01114442,0.99946714,0.52113091,0.24216862
th0.02_sl0.04_flat_a0.25,"clip(v110 + alpha*row_gate*support_gate*clip((auc_delta-threshold)/slope,0,1)*(v113-v110))",120,234,313,22,0.97911204,0.91511127,0.23287671,0.52054795,0.01114442,0.99946645,0.52113059,0.24213106
th0.02_sl0.04_flat_a0.3,"clip(v110 + alpha*row_gate*support_gate*clip((auc_delta-threshold)/slope,0,1)*(v113-v110))",120,234,313,22,0.97911204,0.91515292,0.23287671,0.52054795,0.01114442,0.99946576,0.52113026,0.24209606
th0.02_sl0.04_flat_a0.4,"clip(v110 + alpha*row_gate*support_gate*clip((auc_delta-threshold)/slope,0,1)*(v113-v110))",120,234,313,22,0.97911204,0.91522414,0.23287671,0.52054795,0.01114442,0.99946438,0.52112960,0.24203377
th0.02_sl0.04_flat_a0.55,"clip(v110 + alpha*row_gate*support_gate*clip((auc_delta-threshold)/slope,0,1)*(v113-v110))",120,234,313,22,0.97911204,0.91532183,0.23287671,0.52054795,0.01114442,0.99946231,0.52112862,0.24195962
th0.02_sl0.04_flat_a0.75,"clip(v110 + alpha*row_gate*support_gate*clip((auc_delta-threshold)/slope,0,1)*(v113-v110))",120,234,313,22,0.97911204,0.91540674,0.23287671,0.52054795,0.01114442,0.99945956,0.52112731,0.24189679
th0.02_sl0.04_flat_a1,"clip(v110 + alpha*row_gate*support_gate*clip((auc_delta-threshold)/slope,0,1)*(v113-v110))",120,234,313,22,0.97911204,0.91542999,0.23287671,0.52054795,0.01114442,0.99945611,0.52112567,0.24187620
th0.02_sl0.04_entropy_a0.1,"clip(v110 + alpha*row_gate*support_gate*clip((auc_delta-threshold)/slope,0,1)*(v113-v110))",120,234,313,22,0.97911204,0.91490980,0.21917808,0.52054795,0.01114442,0.99946893,0.52113194,0.24228522
th0.02_sl0.04_entropy_a0.15,"clip(v110 + alpha*row_gate*support_gate*clip((auc_delta-threshold)/slope,0,1)*(v113-v110))",120,234,313,22,0.97911204,0.91495398,0.21917808,0.52054795,0.01114442,0.99946845,0.52113179,0.24225720
th0.02_sl0.04_entropy_a0.2,"clip(v110 + alpha*row_gate*support_gate*clip((auc_delta-threshold)/slope,0,1)*(v113-v110))",120,234,313,22,0.97911204,0.91498792,0.23287671,0.52054795,0.01114442,0.99946797,0.52113165,0.24223027
th0.02_sl0.04_entropy_a0.25,"clip(v110 + alpha*row_gate*support_gate*clip((auc_delta-threshold)/slope,0,1)*(v113-v110))",120,234,313,22,0.97911204,0.91502302,0.23287671,0.52054795,0.01114442,0.99946748,0.52113151,0.24220444
th0.02_sl0.04_entropy_a0.3,"clip(v110 + alpha*row_gate*support_gate*clip((auc_delta-threshold)/slope,0,1)*(v113-v110))",120,234,313,22,0.97911204,0.91505512,0.23287671,0.52054795,0.01114442,0.99946700,0.52113136,0.24217971
th0.02_sl0.04_entropy_a0.4,"clip(v110 + alpha*row_gate*support_gate*clip((auc_delta-threshold)/slope,0,1)*(v113-v110))",120,234,313,22,0.97911204,0.91511587,0.23287671,0.52054795,0.01114442,0.99946603,0.52113107,0.24213353
th0.02_sl0.04_entropy_a0.55,"clip(v110 + alpha*row_gate*support_gate*clip((auc_delta-threshold)/slope,0,1)*(v113-v110))",120,234,313,22,0.97911204,0.91518284,0.23287671,0.52054795,0.01114442,0.99946458,0.52113064,0.24207249
th0.02_sl0.04_entropy_a0.75,"clip(v110 + alpha*row_gate*support_gate*clip((auc_delta-threshold)/slope,0,1)*(v113-v110))",120,234,313,22,0.97911204,0.91526257,0.23287671,0.52054795,0.01114442,0.99946265,0.52113007,0.24200649
th0.02_sl0.04_entropy_a1,"clip(v110 + alpha*row_gate*support_gate*clip((auc_delta-threshold)/slope,0,1)*(v113-v110))",120,234,313,22,0.97911204,0.91532275,0.23287671,0.52054795,0.01114442,0.99946023,0.52112935,0.24194871
th0.02_sl0.04_diff_a0.1,"clip(v110 + alpha*row_gate*support_gate*clip((auc_delta-threshold)/slope,0,1)*(v113-v110))",120,234,313,22,0.97911204,0.91487850,0.21917808,0.52054795,0.01114442,0.99946969,0.52113050,0.24230312
th0.02_sl0.04_diff_a0.15,"clip(v110 + alpha*row_gate*support_gate*clip((auc_delta-threshold)/slope,0,1)*(v113-v110))",120,234,313,22,0.97911204,0.91490462,0.21917808,0.52054795,0.01114442,0.99946959,0.52112964,0.24228341
th0.02_sl0.04_diff_a0.2,"clip(v110 + alpha*row_gate*support_gate*clip((auc_delta-threshold)/slope,0,1)*(v113-v110))",120,234,313,22,0.97911204,0.91492717,0.21917808,0.52054795,0.01114442,0.99946949,0.52112878,0.24226437
th0.02_sl0.04_diff_a0.25,"clip(v110 + alpha*row_gate*support_gate*clip((auc_delta-threshold)/slope,0,1)*(v113-v110))",120,234,313,22,0.97911204,0.91495110,0.21917808,0.52054795,0.01114442,0.99946938,0.52112791,0.24224601
th0.02_sl0.04_diff_a0.3,"clip(v110 + alpha*row_gate*support_gate*clip((auc_delta-threshold)/slope,0,1)*(v113-v110))",120,234,313,22,0.97911204,0.91497941,0.21917808,0.52054795,0.01114442,0.99946928,0.52112705,0.24222831
th0.02_sl0.04_diff_a0.4,"clip(v110 + alpha*row_gate*support_gate*clip((auc_delta-threshold)/slope,0,1)*(v113-v110))",120,234,313,22,0.97911204,0.91502164,0.21917808,0.52054795,0.01114442,0.99946907,0.52112532,0.24219494
th0.02_sl0.04_diff_a0.55,"clip(v110 + alpha*row_gate*support_gate*clip((auc_delta-threshold)/slope,0,1)*(v113-v110))",120,234,313,22,0.97911204,0.91508400,0.23287671,0.52054795,0.01114442,0.99946876,0.52112274,0.24214992
th0.02_sl0.04_diff_a0.75,"clip(v110 + alpha*row_gate*support_gate*clip((auc_delta-threshold)/slope,0,1)*(v113-v110))",120,234,313,22,0.97911204,0.91514947,0.23287671,0.52054795,0.01114442,0.99946834,0.52111929,0.24209930
th0.02_sl0.04_diff_a1,"clip(v110 + alpha*row_gate*support_gate*clip((auc_delta-threshold)/slope,0,1)*(v113-v110))",120,234,313,22,0.97911204,0.91521850,0.23287671,0.52054795,0.01114442,0.99946783,0.52111497,0.24205116
th0.02_sl0.04_eco_a0.1,"clip(v110 + alpha*row_gate*support_gate*clip((auc_delta-threshold)/slope,0,1)*(v113-v110))",120,234,313,22,0.97911204,0.91489818,0.21917808,0.52054795,0.01114442,0.99946920,0.52113143,0.24229131
th0.02_sl0.04_eco_a0.15,"clip(v110 + alpha*row_gate*support_gate*clip((auc_delta-threshold)/slope,0,1)*(v113-v110))",120,234,313,22,0.97911204,0.91494086,0.21917808,0.52054795,0.01114442,0.99946885,0.52113104,0.24226598
th0.02_sl0.04_eco_a0.2,"clip(v110 + alpha*row_gate*support_gate*clip((auc_delta-threshold)/slope,0,1)*(v113-v110))",120,234,313,22,0.97911204,0.91497389,0.21917808,0.52054795,0.01114442,0.99946850,0.52113064,0.24224151
th0.02_sl0.04_eco_a0.25,"clip(v110 + alpha*row_gate*support_gate*clip((auc_delta-threshold)/slope,0,1)*(v113-v110))",120,234,313,22,0.97911204,0.91500564,0.23287671,0.52054795,0.01114442,0.99946815,0.52113025,0.24221790
th0.02_sl0.04_eco_a0.3,"clip(v110 + alpha*row_gate*support_gate*clip((auc_delta-threshold)/slope,0,1)*(v113-v110))",120,234,313,22,0.97911204,0.91503303,0.23287671,0.52054795,0.01114442,0.99946780,0.52112985,0.24219516
th0.02_sl0.04_eco_a0.4,"clip(v110 + alpha*row_gate*support_gate*clip((auc_delta-threshold)/slope,0,1)*(v113-v110))",120,234,313,22,0.97911204,0.91508699,0.23287671,0.52054795,0.01114442,0.99946710,0.52112906,0.24215224
th0.02_sl0.04_eco_a0.55,"clip(v110 + alpha*row_gate*support_gate*clip((auc_delta-threshold)/slope,0,1)*(v113-v110))",120,234,313,22,0.97911204,0.91515488,0.23287671,0.52054795,0.01114442,0.99946604,0.52112787,0.24209434
th0.02_sl0.04_eco_a0.75,"clip(v110 + alpha*row_gate*support_gate*clip((auc_delta-threshold)/slope,0,1)*(v113-v110))",120,234,313,22,0.97911204,0.91523703,0.23287671,0.52054795,0.01114442,0.99946464,0.52112629,0.24202919
th0.02_sl0.04_eco_a1,"clip(v110 + alpha*row_gate*support_gate*clip((auc_delta-threshold)/slope,0,1)*(v113-v110))",120,234,313,22,0.97911204,0.91531136,0.23287671,0.52054795,0.01114442,0.99946289,0.52112431,0.24196718
th0.02_sl0.04_inv_eco_a0.1,"clip(v110 + alpha*row_gate*support_gate*clip((auc_delta-threshold)/slope,0,1)*(v113-v110))",120,234,313,22,0.97911204,0.91488184,0.21917808,0.52054795,0.01114442,0.99946922,0.52113236,0.24230239
th0.02_sl0.04_inv_eco_a0.15,"clip(v110 + alpha*row_gate*support_gate*clip((auc_delta-threshold)/slope,0,1)*(v113-v110))",120,234,313,22,0.97911204,0.91491095,0.21917808,0.52054795,0.01114442,0.99946888,0.52113243,0.24228213
th0.02_sl0.04_inv_eco_a0.2,"clip(v110 + alpha*row_gate*support_gate*clip((auc_delta-threshold)/slope,0,1)*(v113-v110))",120,234,313,22,0.97911204,0.91493051,0.21917808,0.52054795,0.01114442,0.99946854,0.52113250,0.24226243
th0.02_sl0.04_inv_eco_a0.25,"clip(v110 + alpha*row_gate*support_gate*clip((auc_delta-threshold)/slope,0,1)*(v113-v110))",120,234,313,22,0.97911204,0.91495317,0.23287671,0.52054795,0.01114442,0.99946820,0.52113256,0.24224328
th0.02_sl0.04_inv_eco_a0.3,"clip(v110 + alpha*row_gate*support_gate*clip((auc_delta-threshold)/slope,0,1)*(v113-v110))",120,234,313,22,0.97911204,0.91497941,0.23287671,0.52054795,0.01114442,0.99946787,0.52113263,0.24222468
th0.02_sl0.04_inv_eco_a0.4,"clip(v110 + alpha*row_gate*support_gate*clip((auc_delta-threshold)/slope,0,1)*(v113-v110))",120,234,313,22,0.97911204,0.91503717,0.23287671,0.52054795,0.01114442,0.99946719,0.52113277,0.24218913
th0.02_sl0.04_inv_eco_a0.55,"clip(v110 + alpha*row_gate*support_gate*clip((auc_delta-threshold)/slope,0,1)*(v113-v110))",120,234,313,22,0.97911204,0.91509378,0.23287671,0.52054795,0.01114442,0.99946617,0.52113297,0.24213994
th0.02_sl0.04_inv_eco_a0.75,"clip(v110 + alpha*row_gate*support_gate*clip((auc_delta-threshold)/slope,0,1)*(v113-v110))",120,234,313,22,0.97911204,0.91516604,0.23287671,0.52054795,0.01114442,0.99946481,0.52113324,0.24208209
th0.02_sl0.04_inv_eco_a1,"clip(v110 + alpha*row_gate*support_gate*clip((auc_delta-threshold)/slope,0,1)*(v113-v110))",120,234,313,22,0.97911204,0.91524589,0.23287671,0.52054795,0.01114442,0.99946312,0.52113358,0.24202219
th0.02_sl0.08_flat_a0.1,"clip(v110 + alpha*row_gate*support_gate*clip((auc_delta-threshold)/slope,0,1)*(v113-v110))",120,234,313,22,0.97911204,0.91494811,0.21917808,0.52054795,0.01114442,0.99946852,0.52113166,0.24225717
th0.02_sl0.08_flat_a0.15,"clip(v110 + alpha*row_gate*support_gate*clip((auc_delta-threshold)/slope,0,1)*(v113-v110))",120,234,313,22,0.97911204,0.91500219,0.23287671,0.52054795,0.01114442,0.99946783,0.52113137,0.24221712
th0.02_sl0.08_flat_a0.2,"clip(v110 + alpha*row_gate*support_gate*clip((auc_delta-threshold)/slope,0,1)*(v113-v110))",120,234,313,22,0.97911204,0.91505305,0.23287671,0.52054795,0.01114442,0.99946714,0.52113109,0.24217950
th0.02_sl0.08_flat_a0.25,"clip(v110 + alpha*row_gate*support_gate*clip((auc_delta-threshold)/slope,0,1)*(v113-v110))",120,234,313,22,0.97911204,0.91509596,0.23287671,0.52054795,0.01114442,0.99946645,0.52113081,0.24214430
th0.02_sl0.08_flat_a0.3,"clip(v110 + alpha*row_gate*support_gate*clip((auc_delta-threshold)/slope,0,1)*(v113-v110))",120,234,313,22,0.97911204,0.91513439,0.23287671,0.52054795,0.01114442,0.99946576,0.52113052,0.24211154
th0.02_sl0.08_flat_a0.4,"clip(v110 + alpha*row_gate*support_gate*clip((auc_delta-threshold)/slope,0,1)*(v113-v110))",120,234,313,22,0.97911204,0.91520412,0.23287671,0.52054795,0.01114442,0.99946438,0.52112996,0.24205331
th0.02_sl0.08_flat_a0.55,"clip(v110 + alpha*row_gate*support_gate*clip((auc_delta-threshold)/slope,0,1)*(v113-v110))",120,234,313,22,0.97911204,0.91528317,0.23287671,0.52054795,0.01114442,0.99946231,0.52112910,0.24198422
th0.02_sl0.08_flat_a0.75,"clip(v110 + alpha*row_gate*support_gate*clip((auc_delta-threshold)/slope,0,1)*(v113-v110))",120,234,313,22,0.97911204,0.91535002,0.23287671,0.52054795,0.01114442,0.99945956,0.52112797,0.24192618
th0.02_sl0.08_flat_a1,"clip(v110 + alpha*row_gate*support_gate*clip((auc_delta-threshold)/slope,0,1)*(v113-v110))",120,234,313,22,0.97911204,0.91537453,0.23287671,0.52054795,0.01114442,0.99945611,0.52112655,0.24190847
th0.02_sl0.08_entropy_a0.1,"clip(v110 + alpha*row_gate*support_gate*clip((auc_delta-threshold)/slope,0,1)*(v113-v110))",120,234,313,22,0.97911204,0.91490657,0.21917808,0.52054795,0.01114442,0.99946893,0.52113167,0.24228861
th0.02_sl0.08_entropy_a0.15,"clip(v110 + alpha*row_gate*support_gate*clip((auc_delta-threshold)/slope,0,1)*(v113-v110))",120,234,313,22,0.97911204,0.91494926,0.21917808,0.52054795,0.01114442,0.99946845,0.52113140,0.24226220
th0.02_sl0.08_entropy_a0.2,"clip(v110 + alpha*row_gate*support_gate*clip((auc_delta-threshold)/slope,0,1)*(v113-v110))",120,234,313,22,0.97911204,0.91498102,0.23287671,0.52054795,0.01114442,0.99946797,0.52113112,0.24223683
th0.02_sl0.08_entropy_a0.25,"clip(v110 + alpha*row_gate*support_gate*clip((auc_delta-threshold)/slope,0,1)*(v113-v110))",120,234,313,22,0.97911204,0.91501657,0.23287671,0.52054795,0.01114442,0.99946748,0.52113084,0.24221249
th0.02_sl0.08_entropy_a0.3,"clip(v110 + alpha*row_gate*support_gate*clip((auc_delta-threshold)/slope,0,1)*(v113-v110))",120,234,313,22,0.97911204,0.91504683,0.23287671,0.52054795,0.01114442,0.99946700,0.52113057,0.24218918
th0.02_sl0.08_entropy_a0.4,"clip(v110 + alpha*row_gate*support_gate*clip((auc_delta-threshold)/slope,0,1)*(v113-v110))",120,234,313,22,0.97911204,0.91510551,0.23287671,0.52054795,0.01114442,0.99946603,0.52113001,0.24214569
th0.02_sl0.08_entropy_a0.55,"clip(v110 + alpha*row_gate*support_gate*clip((auc_delta-threshold)/slope,0,1)*(v113-v110))",120,234,313,22,0.97911204,0.91516926,0.23287671,0.52054795,0.01114442,0.99946458,0.52112919,0.24208823
th0.02_sl0.08_entropy_a0.75,"clip(v110 + alpha*row_gate*support_gate*clip((auc_delta-threshold)/slope,0,1)*(v113-v110))",120,234,313,22,0.97911204,0.91524290,0.23287671,0.52054795,0.01114442,0.99946265,0.52112808,0.24202616
th0.02_sl0.08_entropy_a1,"clip(v110 + alpha*row_gate*support_gate*clip((auc_delta-threshold)/slope,0,1)*(v113-v110))",120,234,313,22,0.97911204,0.91529663,0.23287671,0.52054795,0.01114442,0.99946023,0.52112670,0.24197196
th0.02_sl0.08_diff_a0.1,"clip(v110 + alpha*row_gate*support_gate*clip((auc_delta-threshold)/slope,0,1)*(v113-v110))",120,234,313,22,0.97911204,0.91487206,0.21917808,0.52054795,0.01114442,0.99946969,0.52113076,0.24230628
th0.02_sl0.08_diff_a0.15,"clip(v110 + alpha*row_gate*support_gate*clip((auc_delta-threshold)/slope,0,1)*(v113-v110))",120,234,313,22,0.97911204,0.91489841,0.21917808,0.52054795,0.01114442,0.99946959,0.52113002,0.24228809
th0.02_sl0.08_diff_a0.2,"clip(v110 + alpha*row_gate*support_gate*clip((auc_delta-threshold)/slope,0,1)*(v113-v110))",120,234,313,22,0.97911204,0.91491935,0.21917808,0.52054795,0.01114442,0.99946949,0.52112929,0.24227052
th0.02_sl0.08_diff_a0.25,"clip(v110 + alpha*row_gate*support_gate*clip((auc_delta-threshold)/slope,0,1)*(v113-v110))",120,234,313,22,0.97911204,0.91494190,0.21917808,0.52054795,0.01114442,0.99946938,0.52112856,0.24225359
th0.02_sl0.08_diff_a0.3,"clip(v110 + alpha*row_gate*support_gate*clip((auc_delta-threshold)/slope,0,1)*(v113-v110))",120,234,313,22,0.97911204,0.91496698,0.21917808,0.52054795,0.01114442,0.99946928,0.52112782,0.24223729
th0.02_sl0.08_diff_a0.4,"clip(v110 + alpha*row_gate*support_gate*clip((auc_delta-threshold)/slope,0,1)*(v113-v110))",120,234,313,22,0.97911204,0.91500679,0.21917808,0.52054795,0.01114442,0.99946907,0.52112636,0.24220657
th0.02_sl0.08_diff_a0.55,"clip(v110 + alpha*row_gate*support_gate*clip((auc_delta-threshold)/slope,0,1)*(v113-v110))",120,234,313,22,0.97911204,0.91506306,0.23287671,0.52054795,0.01114442,0.99946876,0.52112415,0.24216522
th0.02_sl0.08_diff_a0.75,"clip(v110 + alpha*row_gate*support_gate*clip((auc_delta-threshold)/slope,0,1)*(v113-v110))",120,234,313,22,0.97911204,0.91511599,0.23287671,0.52054795,0.01114442,0.99946834,0.52112122,0.24211891
th0.02_sl0.08_diff_a1,"clip(v110 + alpha*row_gate*support_gate*clip((auc_delta-threshold)/slope,0,1)*(v113-v110))",120,234,313,22,0.97911204,0.91517455,0.23287671,0.52054795,0.01114442,0.99946783,0.52111755,0.24207520
th0.02_sl0.08_eco_a0.1,"clip(v110 + alpha*row_gate*support_gate*clip((auc_delta-threshold)/slope,0,1)*(v113-v110))",120,234,313,22,0.97911204,0.91489357,0.21917808,0.52054795,0.01114442,0.99946920,0.52113135,0.24229463
th0.02_sl0.08_eco_a0.15,"clip(v110 + alpha*row_gate*support_gate*clip((auc_delta-threshold)/slope,0,1)*(v113-v110))",120,234,313,22,0.97911204,0.91493396,0.21917808,0.52054795,0.01114442,0.99946885,0.52113092,0.24227089
th0.02_sl0.08_eco_a0.2,"clip(v110 + alpha*row_gate*support_gate*clip((auc_delta-threshold)/slope,0,1)*(v113-v110))",120,234,313,22,0.97911204,0.91496664,0.21917808,0.52054795,0.01114442,0.99946850,0.52113048,0.24224797
th0.02_sl0.08_eco_a0.25,"clip(v110 + alpha*row_gate*support_gate*clip((auc_delta-threshold)/slope,0,1)*(v113-v110))",120,234,313,22,0.97911204,0.91499805,0.23287671,0.52054795,0.01114442,0.99946815,0.52113004,0.24222585
th0.02_sl0.08_eco_a0.3,"clip(v110 + alpha*row_gate*support_gate*clip((auc_delta-threshold)/slope,0,1)*(v113-v110))",120,234,313,22,0.97911204,0.91502486,0.23287671,0.52054795,0.01114442,0.99946780,0.52112961,0.24220455
th0.02_sl0.08_eco_a0.4,"clip(v110 + alpha*row_gate*support_gate*clip((auc_delta-threshold)/slope,0,1)*(v113-v110))",120,234,313,22,0.97911204,0.91507433,0.23287671,0.52054795,0.01114442,0.99946710,0.52112873,0.24216438
th0.02_sl0.08_eco_a0.55,"clip(v110 + alpha*row_gate*support_gate*clip((auc_delta-threshold)/slope,0,1)*(v113-v110))",120,234,313,22,0.97911204,0.91513842,0.23287671,0.52054795,0.01114442,0.99946604,0.52112742,0.24211022
th0.02_sl0.08_eco_a0.75,"clip(v110 + alpha*row_gate*support_gate*clip((auc_delta-threshold)/slope,0,1)*(v113-v110))",120,234,313,22,0.97911204,0.91521367,0.23287671,0.52054795,0.01114442,0.99946464,0.52112568,0.24204940
th0.02_sl0.08_eco_a1,"clip(v110 + alpha*row_gate*support_gate*clip((auc_delta-threshold)/slope,0,1)*(v113-v110))",120,234,313,22,0.97911204,0.91527822,0.23287671,0.52054795,0.01114442,0.99946289,0.52112350,0.24199169
th0.02_sl0.08_inv_eco_a0.1,"clip(v110 + alpha*row_gate*support_gate*clip((auc_delta-threshold)/slope,0,1)*(v113-v110))",120,234,313,22,0.97911204,0.91487735,0.21917808,0.52054795,0.01114442,0.99946922,0.52113253,0.24230490
th0.02_sl0.08_inv_eco_a0.15,"clip(v110 + alpha*row_gate*support_gate*clip((auc_delta-threshold)/slope,0,1)*(v113-v110))",120,234,313,22,0.97911204,0.91490358,0.21917808,0.52054795,0.01114442,0.99946888,0.52113268,0.24228586
th0.02_sl0.08_inv_eco_a0.2,"clip(v110 + alpha*row_gate*support_gate*clip((auc_delta-threshold)/slope,0,1)*(v113-v110))",120,234,313,22,0.97911204,0.91492487,0.21917808,0.52054795,0.01114442,0.99946854,0.52113284,0.24226734
th0.02_sl0.08_inv_eco_a0.25,"clip(v110 + alpha*row_gate*support_gate*clip((auc_delta-threshold)/slope,0,1)*(v113-v110))",120,234,313,22,0.97911204,0.91494708,0.23287671,0.52054795,0.01114442,0.99946820,0.52113299,0.24224935
th0.02_sl0.08_inv_eco_a0.3,"clip(v110 + alpha*row_gate*support_gate*clip((auc_delta-threshold)/slope,0,1)*(v113-v110))",120,234,313,22,0.97911204,0.91497204,0.23287671,0.52054795,0.01114442,0.99946787,0.52113314,0.24223189
th0.02_sl0.08_inv_eco_a0.4,"clip(v110 + alpha*row_gate*support_gate*clip((auc_delta-threshold)/slope,0,1)*(v113-v110))",120,234,313,22,0.97911204,0.91502244,0.23287671,0.52054795,0.01114442,0.99946719,0.52113345,0.24219852
th0.02_sl0.08_inv_eco_a0.55,"clip(v110 + alpha*row_gate*support_gate*clip((auc_delta-threshold)/slope,0,1)*(v113-v110))",120,234,313,22,0.97911204,0.91507617,0.23287671,0.52054795,0.01114442,0.99946617,0.52113391,0.24215241
th0.02_sl0.08_inv_eco_a0.75,"clip(v110 + alpha*row_gate*support_gate*clip((auc_delta-threshold)/slope,0,1)*(v113-v110))",120,234,313,22,0.97911204,0.91514314,0.23287671,0.52054795,0.01114442,0.99946481,0.52113452,0.24209827
th0.02_sl0.08_inv_eco_a1,"clip(v110 + alpha*row_gate*support_gate*clip((auc_delta-threshold)/slope,0,1)*(v113-v110))",120,234,313,22,0.97911204,0.91521459,0.23287671,0.52054795,0.01114442,0.99946312,0.52113528,0.24204239
th0.02_sl0.12_flat_a0.1,"clip(v110 + alpha*row_gate*support_gate*clip((auc_delta-threshold)/slope,0,1)*(v113-v110))",120,234,313,22,0.97911204,0.91494501,0.21917808,0.52054795,0.01114442,0.99946852,0.52113169,0.24225946
th0.02_sl0.12_flat_a0.15,"clip(v110 + alpha*row_gate*support_gate*clip((auc_delta-threshold)/slope,0,1)*(v113-v110))",120,234,313,22,0.97911204,0.91499736,0.23287671,0.52054795,0.01114442,0.99946783,0.52113142,0.24222045
th0.02_sl0.12_flat_a0.2,"clip(v110 + alpha*row_gate*support_gate*clip((auc_delta-threshold)/slope,0,1)*(v113-v110))",120,234,313,22,0.97911204,0.91504775,0.23287671,0.52054795,0.01114442,0.99946714,0.52113114,0.24218378
th0.02_sl0.12_flat_a0.25,"clip(v110 + alpha*row_gate*support_gate*clip((auc_delta-threshold)/slope,0,1)*(v113-v110))",120,234,313,22,0.97911204,0.91509044,0.23287671,0.52054795,0.01114442,0.99946645,0.52113087,0.24214947
th0.02_sl0.12_flat_a0.3,"clip(v110 + alpha*row_gate*support_gate*clip((auc_delta-threshold)/slope,0,1)*(v113-v110))",120,234,313,22,0.97911204,0.91512864,0.23287671,0.52054795,0.01114442,0.99946576,0.52113060,0.24211751
th0.02_sl0.12_flat_a0.4,"clip(v110 + alpha*row_gate*support_gate*clip((auc_delta-threshold)/slope,0,1)*(v113-v110))",120,234,313,22,0.97911204,0.91519342,0.23287671,0.52054795,0.01114442,0.99946438,0.52113006,0.24206065
th0.02_sl0.12_flat_a0.55,"clip(v110 + alpha*row_gate*support_gate*clip((auc_delta-threshold)/slope,0,1)*(v113-v110))",120,234,313,22,0.97911204,0.91527431,0.23287671,0.52054795,0.01114442,0.99946231,0.52112925,0.24199303
th0.02_sl0.12_flat_a0.75,"clip(v110 + alpha*row_gate*support_gate*clip((auc_delta-threshold)/slope,0,1)*(v113-v110))",120,234,313,22,0.97911204,0.91533771,0.23287671,0.52054795,0.01114442,0.99945956,0.52112817,0.24193588
th0.02_sl0.12_flat_a1,"clip(v110 + alpha*row_gate*support_gate*clip((auc_delta-threshold)/slope,0,1)*(v113-v110))",120,234,313,22,0.97911204,0.91534933,0.23287671,0.52054795,0.01114442,0.99945611,0.52112682,0.24191752
th0.02_sl0.12_entropy_a0.1,"clip(v110 + alpha*row_gate*support_gate*clip((auc_delta-threshold)/slope,0,1)*(v113-v110))",120,234,313,22,0.97911204,0.91490542,0.21917808,0.52054795,0.01114442,0.99946893,0.52113148,0.24229004
th0.02_sl0.12_entropy_a0.15,"clip(v110 + alpha*row_gate*support_gate*clip((auc_delta-threshold)/slope,0,1)*(v113-v110))",120,234,313,22,0.97911204,0.91494708,0.21917808,0.52054795,0.01114442,0.99946845,0.52113110,0.24226429
th0.02_sl0.12_entropy_a0.2,"clip(v110 + alpha*row_gate*support_gate*clip((auc_delta-threshold)/slope,0,1)*(v113-v110))",120,234,313,22,0.97911204,0.91497975,0.23287671,0.52054795,0.01114442,0.99946797,0.52113073,0.24223954
th0.02_sl0.12_entropy_a0.25,"clip(v110 + alpha*row_gate*support_gate*clip((auc_delta-threshold)/slope,0,1)*(v113-v110))",120,234,313,22,0.97911204,0.91501289,0.23287671,0.52054795,0.01114442,0.99946748,0.52113035,0.24221579
th0.02_sl0.12_entropy_a0.3,"clip(v110 + alpha*row_gate*support_gate*clip((auc_delta-threshold)/slope,0,1)*(v113-v110))",120,234,313,22,0.97911204,0.91504338,0.23287671,0.52054795,0.01114442,0.99946700,0.52112998,0.24219305
th0.02_sl0.12_entropy_a0.4,"clip(v110 + alpha*row_gate*support_gate*clip((auc_delta-threshold)/slope,0,1)*(v113-v110))",120,234,313,22,0.97911204,0.91510057,0.23287671,0.52054795,0.01114442,0.99946603,0.52112923,0.24215058
th0.02_sl0.12_entropy_a0.55,"clip(v110 + alpha*row_gate*support_gate*clip((auc_delta-threshold)/slope,0,1)*(v113-v110))",120,234,313,22,0.97911204,0.91516558,0.23287671,0.52054795,0.01114442,0.99946458,0.52112811,0.24209440
th0.02_sl0.12_entropy_a0.75,"clip(v110 + alpha*row_gate*support_gate*clip((auc_delta-threshold)/slope,0,1)*(v113-v110))",120,234,313,22,0.97911204,0.91523565,0.23287671,0.52054795,0.01114442,0.99946265,0.52112661,0.24203356
th0.02_sl0.12_entropy_a1,"clip(v110 + alpha*row_gate*support_gate*clip((auc_delta-threshold)/slope,0,1)*(v113-v110))",120,234,313,22,0.97911204,0.91528892,0.23287671,0.52054795,0.01114442,0.99946023,0.52112474,0.24198014
th0.02_sl0.12_diff_a0.1,"clip(v110 + alpha*row_gate*support_gate*clip((auc_delta-threshold)/slope,0,1)*(v113-v110))",120,234,313,22,0.97911204,0.91486987,0.21917808,0.52054795,0.01114442,0.99946969,0.52113087,0.24230752
th0.02_sl0.12_diff_a0.15,"clip(v110 + alpha*row_gate*support_gate*clip((auc_delta-threshold)/slope,0,1)*(v113-v110))",120,234,313,22,0.97911204,0.91489472,0.21917808,0.52054795,0.01114442,0.99946959,0.52113020,0.24228991
th0.02_sl0.12_diff_a0.2,"clip(v110 + alpha*row_gate*support_gate*clip((auc_delta-threshold)/slope,0,1)*(v113-v110))",120,234,313,22,0.97911204,0.91491509,0.21917808,0.52054795,0.01114442,0.99946949,0.52112952,0.24227291
th0.02_sl0.12_diff_a0.25,"clip(v110 + alpha*row_gate*support_gate*clip((auc_delta-threshold)/slope,0,1)*(v113-v110))",120,234,313,22,0.97911204,0.91493856,0.21917808,0.52054795,0.01114442,0.99946938,0.52112884,0.24225652
th0.02_sl0.12_diff_a0.3,"clip(v110 + alpha*row_gate*support_gate*clip((auc_delta-threshold)/slope,0,1)*(v113-v110))",120,234,313,22,0.97911204,0.91496341,0.21917808,0.52054795,0.01114442,0.99946928,0.52112817,0.24224073
th0.02_sl0.12_diff_a0.4,"clip(v110 + alpha*row_gate*support_gate*clip((auc_delta-threshold)/slope,0,1)*(v113-v110))",120,234,313,22,0.97911204,0.91500081,0.21917808,0.52054795,0.01114442,0.99946907,0.52112682,0.24221097
th0.02_sl0.12_diff_a0.55,"clip(v110 + alpha*row_gate*support_gate*clip((auc_delta-threshold)/slope,0,1)*(v113-v110))",120,234,313,22,0.97911204,0.91505523,0.23287671,0.52054795,0.01114442,0.99946876,0.52112479,0.24217088
th0.02_sl0.12_diff_a0.75,"clip(v110 + alpha*row_gate*support_gate*clip((auc_delta-threshold)/slope,0,1)*(v113-v110))",120,234,313,22,0.97911204,0.91510574,0.23287671,0.52054795,0.01114442,0.99946834,0.52112208,0.24212593
th0.02_sl0.12_diff_a1,"clip(v110 + alpha*row_gate*support_gate*clip((auc_delta-threshold)/slope,0,1)*(v113-v110))",120,234,313,22,0.97911204,0.91516120,0.23287671,0.52054795,0.01114442,0.99946783,0.52111870,0.24208339
th0.02_sl0.12_eco_a0.1,"clip(v110 + alpha*row_gate*support_gate*clip((auc_delta-threshold)/slope,0,1)*(v113-v110))",120,234,313,22,0.97911204,0.91489150,0.21917808,0.52054795,0.01114442,0.99946920,0.52113127,0.24229600
th0.02_sl0.12_eco_a0.15,"clip(v110 + alpha*row_gate*support_gate*clip((auc_delta-threshold)/slope,0,1)*(v113-v110))",120,234,313,22,0.97911204,0.91493143,0.21917808,0.52054795,0.01114442,0.99946885,0.52113079,0.24227290
th0.02_sl0.12_eco_a0.2,"clip(v110 + alpha*row_gate*support_gate*clip((auc_delta-threshold)/slope,0,1)*(v113-v110))",120,234,313,22,0.97911204,0.91496272,0.21917808,0.52054795,0.01114442,0.99946850,0.52113031,0.24225059
th0.02_sl0.12_eco_a0.25,"clip(v110 + alpha*row_gate*support_gate*clip((auc_delta-threshold)/slope,0,1)*(v113-v110))",120,234,313,22,0.97911204,0.91499391,0.23287671,0.52054795,0.01114442,0.99946815,0.52112983,0.24222906
th0.02_sl0.12_eco_a0.3,"clip(v110 + alpha*row_gate*support_gate*clip((auc_delta-threshold)/slope,0,1)*(v113-v110))",120,234,313,22,0.97911204,0.91501945,0.23287671,0.52054795,0.01114442,0.99946780,0.52112935,0.24220831
th0.02_sl0.12_eco_a0.4,"clip(v110 + alpha*row_gate*support_gate*clip((auc_delta-threshold)/slope,0,1)*(v113-v110))",120,234,313,22,0.97911204,0.91506950,0.23287671,0.52054795,0.01114442,0.99946710,0.52112839,0.24216918
th0.02_sl0.12_eco_a0.55,"clip(v110 + alpha*row_gate*support_gate*clip((auc_delta-threshold)/slope,0,1)*(v113-v110))",120,234,313,22,0.97911204,0.91513370,0.23287671,0.52054795,0.01114442,0.99946604,0.52112695,0.24211638
th0.02_sl0.12_eco_a0.75,"clip(v110 + alpha*row_gate*support_gate*clip((auc_delta-threshold)/slope,0,1)*(v113-v110))",120,234,313,22,0.97911204,0.91520562,0.23287671,0.52054795,0.01114442,0.99946464,0.52112503,0.24205698
th0.02_sl0.12_eco_a1,"clip(v110 + alpha*row_gate*support_gate*clip((auc_delta-threshold)/slope,0,1)*(v113-v110))",120,234,313,22,0.97911204,0.91526706,0.23287671,0.52054795,0.01114442,0.99946289,0.52112263,0.24200044
th0.02_sl0.12_inv_eco_a0.1,"clip(v110 + alpha*row_gate*support_gate*clip((auc_delta-threshold)/slope,0,1)*(v113-v110))",120,234,313,22,0.97911204,0.91487551,0.21917808,0.52054795,0.01114442,0.99946922,0.52113265,0.24230590
th0.02_sl0.12_inv_eco_a0.15,"clip(v110 + alpha*row_gate*support_gate*clip((auc_delta-threshold)/slope,0,1)*(v113-v110))",120,234,313,22,0.97911204,0.91490278,0.21917808,0.52054795,0.01114442,0.99946888,0.52113285,0.24228734
th0.02_sl0.12_inv_eco_a0.2,"clip(v110 + alpha*row_gate*support_gate*clip((auc_delta-threshold)/slope,0,1)*(v113-v110))",120,234,313,22,0.97911204,0.91492130,0.21917808,0.52054795,0.01114442,0.99946854,0.52113306,0.24226929
th0.02_sl0.12_inv_eco_a0.25,"clip(v110 + alpha*row_gate*support_gate*clip((auc_delta-threshold)/slope,0,1)*(v113-v110))",120,234,313,22,0.97911204,0.91494224,0.23287671,0.52054795,0.01114442,0.99946820,0.52113327,0.24225175
th0.02_sl0.12_inv_eco_a0.3,"clip(v110 + alpha*row_gate*support_gate*clip((auc_delta-threshold)/slope,0,1)*(v113-v110))",120,234,313,22,0.97911204,0.91496802,0.23287671,0.52054795,0.01114442,0.99946787,0.52113348,0.24223471
th0.02_sl0.12_inv_eco_a0.4,"clip(v110 + alpha*row_gate*support_gate*clip((auc_delta-threshold)/slope,0,1)*(v113-v110))",120,234,313,22,0.97911204,0.91501864,0.23287671,0.52054795,0.01114442,0.99946719,0.52113390,0.24220217
th0.02_sl0.12_inv_eco_a0.55,"clip(v110 + alpha*row_gate*support_gate*clip((auc_delta-threshold)/slope,0,1)*(v113-v110))",120,234,313,22,0.97911204,0.91507065,0.23287671,0.52054795,0.01114442,0.99946617,0.52113453,0.24215717
th0.02_sl0.12_inv_eco_a0.75,"clip(v110 + alpha*row_gate*support_gate*clip((auc_delta-threshold)/slope,0,1)*(v113-v110))",120,234,313,22,0.97911204,0.91513370,0.23287671,0.52054795,0.01114442,0.99946481,0.52113537,0.24210431
th0.02_sl0.12_inv_eco_a1,"clip(v110 + alpha*row_gate*support_gate*clip((auc_delta-threshold)/slope,0,1)*(v113-v110))",120,234,313,22,0.97911204,0.91520355,0.23287671,0.52054795,0.01114442,0.99946312,0.52113642,0.24204969
th0.02_sl0.2_flat_a0.1,"clip(v110 + alpha*row_gate*support_gate*clip((auc_delta-threshold)/slope,0,1)*(v113-v110))",120,234,313,22,0.97911204,0.91491014,0.21917808,0.52054795,0.01114442,0.99946873,0.52113183,0.24228468
th0.02_sl0.2_flat_a0.15,"clip(v110 + alpha*row_gate*support_gate*clip((auc_delta-threshold)/slope,0,1)*(v113-v110))",120,234,313,22,0.97911204,0.91494708,0.21917808,0.52054795,0.01114442,0.99946815,0.52113163,0.24225649
th0.02_sl0.2_flat_a0.2,"clip(v110 + alpha*row_gate*support_gate*clip((auc_delta-threshold)/slope,0,1)*(v113-v110))",120,234,313,22,0.97911204,0.91498148,0.23287671,0.52054795,0.01114442,0.99946756,0.52113144,0.24222944
th0.02_sl0.2_flat_a0.25,"clip(v110 + alpha*row_gate*support_gate*clip((auc_delta-threshold)/slope,0,1)*(v113-v110))",120,234,313,22,0.97911204,0.91502279,0.23287671,0.52054795,0.01114442,0.99946698,0.52113124,0.24220356
th0.02_sl0.2_flat_a0.3,"clip(v110 + alpha*row_gate*support_gate*clip((auc_delta-threshold)/slope,0,1)*(v113-v110))",120,234,313,22,0.97911204,0.91505857,0.23287671,0.52054795,0.01114442,0.99946639,0.52113104,0.24217883
th0.02_sl0.2_flat_a0.4,"clip(v110 + alpha*row_gate*support_gate*clip((auc_delta-threshold)/slope,0,1)*(v113-v110))",120,234,313,22,0.97911204,0.91511529,0.23287671,0.52054795,0.01114442,0.99946523,0.52113065,0.24213284
th0.02_sl0.2_flat_a0.55,"clip(v110 + alpha*row_gate*support_gate*clip((auc_delta-threshold)/slope,0,1)*(v113-v110))",120,234,313,22,0.97911204,0.91518456,0.23287671,0.52054795,0.01114442,0.99946347,0.52113005,0.24207254
th0.02_sl0.2_flat_a0.75,"clip(v110 + alpha*row_gate*support_gate*clip((auc_delta-threshold)/slope,0,1)*(v113-v110))",120,234,313,22,0.97911204,0.91525728,0.23287671,0.52054795,0.01114442,0.99946114,0.52112926,0.24200835
th0.02_sl0.2_flat_a1,"clip(v110 + alpha*row_gate*support_gate*clip((auc_delta-threshold)/slope,0,1)*(v113-v110))",120,234,313,22,0.97911204,0.91532275,0.23287671,0.52054795,0.01114442,0.99945821,0.52112828,0.24195421
th0.02_sl0.2_entropy_a0.1,"clip(v110 + alpha*row_gate*support_gate*clip((auc_delta-threshold)/slope,0,1)*(v113-v110))",120,234,313,22,0.97911204,0.91487459,0.21917808,0.52054795,0.01114442,0.99946908,0.52113160,0.24230650
th0.02_sl0.2_entropy_a0.15,"clip(v110 + alpha*row_gate*support_gate*clip((auc_delta-threshold)/slope,0,1)*(v113-v110))",120,234,313,22,0.97911204,0.91490623,0.21917808,0.52054795,0.01114442,0.99946867,0.52113129,0.24228822
th0.02_sl0.2_entropy_a0.2,"clip(v110 + alpha*row_gate*support_gate*clip((auc_delta-threshold)/slope,0,1)*(v113-v110))",120,234,313,22,0.97911204,0.91493592,0.21917808,0.52054795,0.01114442,0.99946826,0.52113097,0.24227042
th0.02_sl0.2_entropy_a0.25,"clip(v110 + alpha*row_gate*support_gate*clip((auc_delta-threshold)/slope,0,1)*(v113-v110))",120,234,313,22,0.97911204,0.91495962,0.23287671,0.52054795,0.01114442,0.99946785,0.52113066,0.24225312
th0.02_sl0.2_entropy_a0.3,"clip(v110 + alpha*row_gate*support_gate*clip((auc_delta-threshold)/slope,0,1)*(v113-v110))",120,234,313,22,0.97911204,0.91498539,0.23287671,0.52054795,0.01114442,0.99946744,0.52113035,0.24223632
th0.02_sl0.2_entropy_a0.4,"clip(v110 + alpha*row_gate*support_gate*clip((auc_delta-threshold)/slope,0,1)*(v113-v110))",120,234,313,22,0.97911204,0.91502957,0.23287671,0.52054795,0.01114442,0.99946662,0.52112972,0.24220418
th0.02_sl0.2_entropy_a0.55,"clip(v110 + alpha*row_gate*support_gate*clip((auc_delta-threshold)/slope,0,1)*(v113-v110))",120,234,313,22,0.97911204,0.91508803,0.23287671,0.52054795,0.01114442,0.99946539,0.52112878,0.24215967
th0.02_sl0.2_entropy_a0.75,"clip(v110 + alpha*row_gate*support_gate*clip((auc_delta-threshold)/slope,0,1)*(v113-v110))",120,234,313,22,0.97911204,0.91515522,0.23287671,0.52054795,0.01114442,0.99946376,0.52112753,0.24210723
th0.02_sl0.2_entropy_a1,"clip(v110 + alpha*row_gate*support_gate*clip((auc_delta-threshold)/slope,0,1)*(v113-v110))",120,234,313,22,0.97911204,0.91521781,0.23287671,0.52054795,0.01114442,0.99946171,0.52112597,0.24205278
th0.02_sl0.2_diff_a0.1,"clip(v110 + alpha*row_gate*support_gate*clip((auc_delta-threshold)/slope,0,1)*(v113-v110))",120,234,313,22,0.97911204,0.91485181,0.21917808,0.52054795,0.01114442,0.99946972,0.52113160,0.24231882
th0.02_sl0.2_diff_a0.15,"clip(v110 + alpha*row_gate*support_gate*clip((auc_delta-threshold)/slope,0,1)*(v113-v110))",120,234,313,22,0.97911204,0.91487240,0.21917808,0.52054795,0.01114442,0.99946964,0.52113129,0.24230640
th0.02_sl0.2_diff_a0.2,"clip(v110 + alpha*row_gate*support_gate*clip((auc_delta-threshold)/slope,0,1)*(v113-v110))",120,234,313,22,0.97911204,0.91488563,0.21917808,0.52054795,0.01114442,0.99946955,0.52113098,0.24229427
th0.02_sl0.2_diff_a0.25,"clip(v110 + alpha*row_gate*support_gate*clip((auc_delta-threshold)/slope,0,1)*(v113-v110))",120,234,313,22,0.97911204,0.91490278,0.21917808,0.52054795,0.01114442,0.99946946,0.52113067,0.24228243
th0.02_sl0.2_diff_a0.3,"clip(v110 + alpha*row_gate*support_gate*clip((auc_delta-threshold)/slope,0,1)*(v113-v110))",120,234,313,22,0.97911204,0.91491728,0.21917808,0.52054795,0.01114442,0.99946937,0.52113036,0.24227089
th0.02_sl0.2_diff_a0.4,"clip(v110 + alpha*row_gate*support_gate*clip((auc_delta-threshold)/slope,0,1)*(v113-v110))",120,234,313,22,0.97911204,0.91495099,0.21917808,0.52054795,0.01114442,0.99946920,0.52112973,0.24224869
th0.02_sl0.2_diff_a0.55,"clip(v110 + alpha*row_gate*support_gate*clip((auc_delta-threshold)/slope,0,1)*(v113-v110))",120,234,313,22,0.97911204,0.91499437,0.21917808,0.52054795,0.01114442,0.99946893,0.52112880,0.24221759
th0.02_sl0.2_diff_a0.75,"clip(v110 + alpha*row_gate*support_gate*clip((auc_delta-threshold)/slope,0,1)*(v113-v110))",120,234,313,22,0.97911204,0.91504718,0.21917808,0.52054795,0.01114442,0.99946858,0.52112755,0.24218023
th0.02_sl0.2_diff_a1,"clip(v110 + alpha*row_gate*support_gate*clip((auc_delta-threshold)/slope,0,1)*(v113-v110))",120,234,313,22,0.97911204,0.91508929,0.23287671,0.52054795,0.01114442,0.99946814,0.52112599,0.24214016
th0.02_sl0.2_eco_a0.1,"clip(v110 + alpha*row_gate*support_gate*clip((auc_delta-threshold)/slope,0,1)*(v113-v110))",120,234,313,22,0.97911204,0.91486918,0.21917808,0.52054795,0.01114442,0.99946931,0.52113160,0.24231073
th0.02_sl0.2_eco_a0.15,"clip(v110 + alpha*row_gate*support_gate*clip((auc_delta-threshold)/slope,0,1)*(v113-v110))",120,234,313,22,0.97911204,0.91489645,0.21917808,0.52054795,0.01114442,0.99946901,0.52113129,0.24229441
th0.02_sl0.2_eco_a0.2,"clip(v110 + alpha*row_gate*support_gate*clip((auc_delta-threshold)/slope,0,1)*(v113-v110))",120,234,313,22,0.97911204,0.91492222,0.21917808,0.52054795,0.01114442,0.99946871,0.52113098,0.24227846
th0.02_sl0.2_eco_a0.25,"clip(v110 + alpha*row_gate*support_gate*clip((auc_delta-threshold)/slope,0,1)*(v113-v110))",120,234,313,22,0.97911204,0.91494443,0.21917808,0.52054795,0.01114442,0.99946842,0.52113066,0.24226290
th0.02_sl0.2_eco_a0.3,"clip(v110 + alpha*row_gate*support_gate*clip((auc_delta-threshold)/slope,0,1)*(v113-v110))",120,234,313,22,0.97911204,0.91496330,0.23287671,0.52054795,0.01114442,0.99946812,0.52113035,0.24224772
th0.02_sl0.2_eco_a0.4,"clip(v110 + alpha*row_gate*support_gate*clip((auc_delta-threshold)/slope,0,1)*(v113-v110))",120,234,313,22,0.97911204,0.91500679,0.23287671,0.52054795,0.01114442,0.99946752,0.52112973,0.24221852
th0.02_sl0.2_eco_a0.55,"clip(v110 + alpha*row_gate*support_gate*clip((auc_delta-threshold)/slope,0,1)*(v113-v110))",120,234,313,22,0.97911204,0.91506007,0.23287671,0.52054795,0.01114442,0.99946663,0.52112879,0.24217760
th0.02_sl0.2_eco_a0.75,"clip(v110 + alpha*row_gate*support_gate*clip((auc_delta-threshold)/slope,0,1)*(v113-v110))",120,234,313,22,0.97911204,0.91512657,0.23287671,0.52054795,0.01114442,0.99946545,0.52112754,0.24212843
th0.02_sl0.2_eco_a1,"clip(v110 + alpha*row_gate*support_gate*clip((auc_delta-threshold)/slope,0,1)*(v113-v110))",120,234,313,22,0.97911204,0.91518479,0.23287671,0.52054795,0.01114442,0.99946396,0.52112598,0.24207563
th0.02_sl0.2_inv_eco_a0.1,"clip(v110 + alpha*row_gate*support_gate*clip((auc_delta-threshold)/slope,0,1)*(v113-v110))",120,234,313,22,0.97911204,0.91485675,0.21917808,0.52054795,0.01114442,0.99946933,0.52113246,0.24231746
th0.02_sl0.2_inv_eco_a0.15,"clip(v110 + alpha*row_gate*support_gate*clip((auc_delta-threshold)/slope,0,1)*(v113-v110))",120,234,313,22,0.97911204,0.91487965,0.21917808,0.52054795,0.01114442,0.99946904,0.52113257,0.24230429
th0.02_sl0.2_inv_eco_a0.2,"clip(v110 + alpha*row_gate*support_gate*clip((auc_delta-threshold)/slope,0,1)*(v113-v110))",120,234,313,22,0.97911204,0.91489795,0.21917808,0.52054795,0.01114442,0.99946875,0.52113269,0.24229138
th0.02_sl0.2_inv_eco_a0.25,"clip(v110 + alpha*row_gate*support_gate*clip((auc_delta-threshold)/slope,0,1)*(v113-v110))",120,234,313,22,0.97911204,0.91491382,0.21917808,0.52054795,0.01114442,0.99946846,0.52113280,0.24227871
th0.02_sl0.2_inv_eco_a0.3,"clip(v110 + alpha*row_gate*support_gate*clip((auc_delta-threshold)/slope,0,1)*(v113-v110))",120,234,313,22,0.97911204,0.91492694,0.21917808,0.52054795,0.01114442,0.99946818,0.52113292,0.24226630
th0.02_sl0.2_inv_eco_a0.4,"clip(v110 + alpha*row_gate*support_gate*clip((auc_delta-threshold)/slope,0,1)*(v113-v110))",120,234,313,22,0.97911204,0.91495789,0.23287671,0.52054795,0.01114442,0.99946760,0.52113315,0.24224224
th0.02_sl0.2_inv_eco_a0.55,"clip(v110 + alpha*row_gate*support_gate*clip((auc_delta-threshold)/slope,0,1)*(v113-v110))",120,234,313,22,0.97911204,0.91501140,0.23287671,0.52054795,0.01114442,0.99946674,0.52113349,0.24220803
th0.02_sl0.2_inv_eco_a0.75,"clip(v110 + alpha*row_gate*support_gate*clip((auc_delta-threshold)/slope,0,1)*(v113-v110))",120,234,313,22,0.97911204,0.91506064,0.23287671,0.52054795,0.01114442,0.99946559,0.52113395,0.24216596
th0.02_sl0.2_inv_eco_a1,"clip(v110 + alpha*row_gate*support_gate*clip((auc_delta-threshold)/slope,0,1)*(v113-v110))",120,234,313,22,0.97911204,0.91512070,0.23287671,0.52054795,0.01114442,0.99946415,0.52113453,0.24211904
th0.04_sl0.04_flat_a0.1,"clip(v110 + alpha*row_gate*support_gate*clip((auc_delta-threshold)/slope,0,1)*(v113-v110))",120,234,313,22,0.97911204,0.91493983,0.21917808,0.52054795,0.01114442,0.99946852,0.52113175,0.24226306
th0.04_sl0.04_flat_a0.15,"clip(v110 + alpha*row_gate*support_gate*clip((auc_delta-threshold)/slope,0,1)*(v113-v110))",120,234,313,22,0.97911204,0.91498953,0.23287671,0.52054795,0.01114442,0.99946783,0.52113151,0.24222589
th0.04_sl0.04_flat_a0.2,"clip(v110 + alpha*row_gate*support_gate*clip((auc_delta-threshold)/slope,0,1)*(v113-v110))",120,234,313,22,0.97911204,0.91503728,0.23287671,0.52054795,0.01114442,0.99946714,0.52113127,0.24219111
th0.04_sl0.04_flat_a0.25,"clip(v110 + alpha*row_gate*support_gate*clip((auc_delta-threshold)/slope,0,1)*(v113-v110))",120,234,313,22,0.97911204,0.91507732,0.23287671,0.52054795,0.01114442,0.99946645,0.52113103,0.24215870
th0.04_sl0.04_flat_a0.3,"clip(v110 + alpha*row_gate*support_gate*clip((auc_delta-threshold)/slope,0,1)*(v113-v110))",120,234,313,22,0.97911204,0.91511368,0.23287671,0.52054795,0.01114442,0.99946576,0.52113079,0.24212868
th0.04_sl0.04_flat_a0.4,"clip(v110 + alpha*row_gate*support_gate*clip((auc_delta-threshold)/slope,0,1)*(v113-v110))",120,234,313,22,0.97911204,0.91517490,0.23287671,0.52054795,0.01114442,0.99946438,0.52113031,0.24207581
th0.04_sl0.04_flat_a0.55,"clip(v110 + alpha*row_gate*support_gate*clip((auc_delta-threshold)/slope,0,1)*(v113-v110))",120,234,313,22,0.97911204,0.91524830,0.23287671,0.52054795,0.01114442,0.99946231,0.52112959,0.24201439
th0.04_sl0.04_flat_a0.75,"clip(v110 + alpha*row_gate*support_gate*clip((auc_delta-threshold)/slope,0,1)*(v113-v110))",120,234,313,22,0.97911204,0.91530342,0.23287671,0.52054795,0.01114442,0.99945956,0.52112863,0.24196596
th0.04_sl0.04_flat_a1,"clip(v110 + alpha*row_gate*support_gate*clip((auc_delta-threshold)/slope,0,1)*(v113-v110))",120,234,313,22,0.97911204,0.91530837,0.23287671,0.52054795,0.01114442,0.99945611,0.52112743,0.24195920
th0.04_sl0.04_entropy_a0.1,"clip(v110 + alpha*row_gate*support_gate*clip((auc_delta-threshold)/slope,0,1)*(v113-v110))",120,234,313,22,0.97911204,0.91490347,0.21917808,0.52054795,0.01114442,0.99946893,0.52113141,0.24229209
th0.04_sl0.04_entropy_a0.15,"clip(v110 + alpha*row_gate*support_gate*clip((auc_delta-threshold)/slope,0,1)*(v113-v110))",120,234,313,22,0.97911204,0.91494420,0.21917808,0.52054795,0.01114442,0.99946845,0.52113100,0.24226739
th0.04_sl0.04_entropy_a0.2,"clip(v110 + alpha*row_gate*support_gate*clip((auc_delta-threshold)/slope,0,1)*(v113-v110))",120,234,313,22,0.97911204,0.91497469,0.23287671,0.52054795,0.01114442,0.99946797,0.52113059,0.24224370
th0.04_sl0.04_entropy_a0.25,"clip(v110 + alpha*row_gate*support_gate*clip((auc_delta-threshold)/slope,0,1)*(v113-v110))",120,234,313,22,0.97911204,0.91500794,0.23287671,0.52054795,0.01114442,0.99946748,0.52113018,0.24222103
th0.04_sl0.04_entropy_a0.3,"clip(v110 + alpha*row_gate*support_gate*clip((auc_delta-threshold)/slope,0,1)*(v113-v110))",120,234,313,22,0.97911204,0.91503705,0.23287671,0.52054795,0.01114442,0.99946700,0.52112977,0.24219938
th0.04_sl0.04_entropy_a0.4,"clip(v110 + alpha*row_gate*support_gate*clip((auc_delta-threshold)/slope,0,1)*(v113-v110))",120,234,313,22,0.97911204,0.91509228,0.23287671,0.52054795,0.01114442,0.99946603,0.52112896,0.24215913
th0.04_sl0.04_entropy_a0.55,"clip(v110 + alpha*row_gate*support_gate*clip((auc_delta-threshold)/slope,0,1)*(v113-v110))",120,234,313,22,0.97911204,0.91515361,0.23287671,0.52054795,0.01114442,0.99946458,0.52112773,0.24210639
th0.04_sl0.04_entropy_a0.75,"clip(v110 + alpha*row_gate*support_gate*clip((auc_delta-threshold)/slope,0,1)*(v113-v110))",120,234,313,22,0.97911204,0.91522000,0.23287671,0.52054795,0.01114442,0.99946265,0.52112609,0.24205032
th0.04_sl0.04_entropy_a1,"clip(v110 + alpha*row_gate*support_gate*clip((auc_delta-threshold)/slope,0,1)*(v113-v110))",120,234,313,22,0.97911204,0.91526913,0.23287671,0.52054795,0.01114442,0.99946023,0.52112405,0.24200318
th0.04_sl0.04_diff_a0.1,"clip(v110 + alpha*row_gate*support_gate*clip((auc_delta-threshold)/slope,0,1)*(v113-v110))",120,234,313,22,0.97911204,0.91486630,0.21917808,0.52054795,0.01114442,0.99946969,0.52113102,0.24230949
th0.04_sl0.04_diff_a0.15,"clip(v110 + alpha*row_gate*support_gate*clip((auc_delta-threshold)/slope,0,1)*(v113-v110))",120,234,313,22,0.97911204,0.91488909,0.21917808,0.52054795,0.01114442,0.99946959,0.52113041,0.24229289
th0.04_sl0.04_diff_a0.2,"clip(v110 + alpha*row_gate*support_gate*clip((auc_delta-threshold)/slope,0,1)*(v113-v110))",120,234,313,22,0.97911204,0.91490715,0.21917808,0.52054795,0.01114442,0.99946949,0.52112981,0.24227690
th0.04_sl0.04_diff_a0.25,"clip(v110 + alpha*row_gate*support_gate*clip((auc_delta-threshold)/slope,0,1)*(v113-v110))",120,234,313,22,0.97911204,0.91492763,0.21917808,0.52054795,0.01114442,0.99946938,0.52112920,0.24226153
th0.04_sl0.04_diff_a0.3,"clip(v110 + alpha*row_gate*support_gate*clip((auc_delta-threshold)/slope,0,1)*(v113-v110))",120,234,313,22,0.97911204,0.91495145,0.21917808,0.52054795,0.01114442,0.99946928,0.52112860,0.24224677
th0.04_sl0.04_diff_a0.4,"clip(v110 + alpha*row_gate*support_gate*clip((auc_delta-threshold)/slope,0,1)*(v113-v110))",120,234,313,22,0.97911204,0.91498677,0.21917808,0.52054795,0.01114442,0.99946907,0.52112739,0.24221910
th0.04_sl0.04_diff_a0.55,"clip(v110 + alpha*row_gate*support_gate*clip((auc_delta-threshold)/slope,0,1)*(v113-v110))",120,234,313,22,0.97911204,0.91503763,0.23287671,0.52054795,0.01114442,0.99946876,0.52112557,0.24218222
th0.04_sl0.04_diff_a0.75,"clip(v110 + alpha*row_gate*support_gate*clip((auc_delta-threshold)/slope,0,1)*(v113-v110))",120,234,313,22,0.97911204,0.91508273,0.23287671,0.52054795,0.01114442,0.99946834,0.52112315,0.24214167
th0.04_sl0.04_diff_a1,"clip(v110 + alpha*row_gate*support_gate*clip((auc_delta-threshold)/slope,0,1)*(v113-v110))",120,234,313,22,0.97911204,0.91513060,0.23287671,0.52054795,0.01114442,0.99946783,0.52112012,0.24210485
th0.04_sl0.04_eco_a0.1,"clip(v110 + alpha*row_gate*support_gate*clip((auc_delta-threshold)/slope,0,1)*(v113-v110))",120,234,313,22,0.97911204,0.91488966,0.21917808,0.52054795,0.01114442,0.99946920,0.52113127,0.24229802
th0.04_sl0.04_eco_a0.15,"clip(v110 + alpha*row_gate*support_gate*clip((auc_delta-threshold)/slope,0,1)*(v113-v110))",120,234,313,22,0.97911204,0.91492763,0.21917808,0.52054795,0.01114442,0.99946885,0.52113079,0.24227595
th0.04_sl0.04_eco_a0.2,"clip(v110 + alpha*row_gate*support_gate*clip((auc_delta-threshold)/slope,0,1)*(v113-v110))",120,234,313,22,0.97911204,0.91495812,0.21917808,0.52054795,0.01114442,0.99946850,0.52113032,0.24225468
th0.04_sl0.04_eco_a0.25,"clip(v110 + alpha*row_gate*support_gate*clip((auc_delta-threshold)/slope,0,1)*(v113-v110))",120,234,313,22,0.97911204,0.91498700,0.23287671,0.52054795,0.01114442,0.99946815,0.52112984,0.24223420
th0.04_sl0.04_eco_a0.3,"clip(v110 + alpha*row_gate*support_gate*clip((auc_delta-threshold)/slope,0,1)*(v113-v110))",120,234,313,22,0.97911204,0.91501163,0.23287671,0.52054795,0.01114442,0.99946780,0.52112936,0.24221452
th0.04_sl0.04_eco_a0.4,"clip(v110 + alpha*row_gate*support_gate*clip((auc_delta-threshold)/slope,0,1)*(v113-v110))",120,234,313,22,0.97911204,0.91505857,0.23287671,0.52054795,0.01114442,0.99946710,0.52112841,0.24217755
th0.04_sl0.04_eco_a0.55,"clip(v110 + alpha*row_gate*support_gate*clip((auc_delta-threshold)/slope,0,1)*(v113-v110))",120,234,313,22,0.97911204,0.91511875,0.23287671,0.52054795,0.01114442,0.99946604,0.52112697,0.24212807
th0.04_sl0.04_eco_a0.75,"clip(v110 + alpha*row_gate*support_gate*clip((auc_delta-threshold)/slope,0,1)*(v113-v110))",120,234,313,22,0.97911204,0.91518801,0.23287671,0.52054795,0.01114442,0.99946464,0.52112506,0.24207326
th0.04_sl0.04_eco_a1,"clip(v110 + alpha*row_gate*support_gate*clip((auc_delta-threshold)/slope,0,1)*(v113-v110))",120,234,313,22,0.97911204,0.91524416,0.23287671,0.52054795,0.01114442,0.99946289,0.52112268,0.24202270
th0.04_sl0.04_inv_eco_a0.1,"clip(v110 + alpha*row_gate*support_gate*clip((auc_delta-threshold)/slope,0,1)*(v113-v110))",120,234,313,22,0.97911204,0.91487309,0.21917808,0.52054795,0.01114442,0.99946922,0.52113270,0.24230745
th0.04_sl0.04_inv_eco_a0.15,"clip(v110 + alpha*row_gate*support_gate*clip((auc_delta-threshold)/slope,0,1)*(v113-v110))",120,234,313,22,0.97911204,0.91489841,0.21917808,0.52054795,0.01114442,0.99946888,0.52113294,0.24228967
th0.04_sl0.04_inv_eco_a0.2,"clip(v110 + alpha*row_gate*support_gate*clip((auc_delta-threshold)/slope,0,1)*(v113-v110))",120,234,313,22,0.97911204,0.91491612,0.21917808,0.52054795,0.01114442,0.99946854,0.52113318,0.24227240
th0.04_sl0.04_inv_eco_a0.25,"clip(v110 + alpha*row_gate*support_gate*clip((auc_delta-threshold)/slope,0,1)*(v113-v110))",120,234,313,22,0.97911204,0.91493580,0.23287671,0.52054795,0.01114442,0.99946820,0.52113341,0.24225565
th0.04_sl0.04_inv_eco_a0.3,"clip(v110 + alpha*row_gate*support_gate*clip((auc_delta-threshold)/slope,0,1)*(v113-v110))",120,234,313,22,0.97911204,0.91495950,0.23287671,0.52054795,0.01114442,0.99946787,0.52113365,0.24223942
th0.04_sl0.04_inv_eco_a0.4,"clip(v110 + alpha*row_gate*support_gate*clip((auc_delta-threshold)/slope,0,1)*(v113-v110))",120,234,313,22,0.97911204,0.91500806,0.23287671,0.52054795,0.01114442,0.99946719,0.52113413,0.24220850
th0.04_sl0.04_inv_eco_a0.55,"clip(v110 + alpha*row_gate*support_gate*clip((auc_delta-threshold)/slope,0,1)*(v113-v110))",120,234,313,22,0.97911204,0.91505765,0.23287671,0.52054795,0.01114442,0.99946617,0.52113484,0.24216598
th0.04_sl0.04_inv_eco_a0.75,"clip(v110 + alpha*row_gate*support_gate*clip((auc_delta-threshold)/slope,0,1)*(v113-v110))",120,234,313,22,0.97911204,0.91511656,0.23287671,0.52054795,0.01114442,0.99946481,0.52113579,0.24211650
th0.04_sl0.04_inv_eco_a1,"clip(v110 + alpha*row_gate*support_gate*clip((auc_delta-threshold)/slope,0,1)*(v113-v110))",120,234,313,22,0.97911204,0.91518030,0.23287671,0.52054795,0.01114442,0.99946312,0.52113698,0.24206625
th0.04_sl0.08_flat_a0.1,"clip(v110 + alpha*row_gate*support_gate*clip((auc_delta-threshold)/slope,0,1)*(v113-v110))",120,234,313,22,0.97911204,0.91493971,0.21917808,0.52054795,0.01114442,0.99946852,0.52113175,0.24226306
th0.04_sl0.08_flat_a0.15,"clip(v110 + alpha*row_gate*support_gate*clip((auc_delta-threshold)/slope,0,1)*(v113-v110))",120,234,313,22,0.97911204,0.91498953,0.23287671,0.52054795,0.01114442,0.99946783,0.52113151,0.24222589
th0.04_sl0.08_flat_a0.2,"clip(v110 + alpha*row_gate*support_gate*clip((auc_delta-threshold)/slope,0,1)*(v113-v110))",120,234,313,22,0.97911204,0.91503717,0.23287671,0.52054795,0.01114442,0.99946714,0.52113127,0.24219109
th0.04_sl0.08_flat_a0.25,"clip(v110 + alpha*row_gate*support_gate*clip((auc_delta-threshold)/slope,0,1)*(v113-v110))",120,234,313,22,0.97911204,0.91507721,0.23287671,0.52054795,0.01114442,0.99946645,0.52113103,0.24215867
th0.04_sl0.08_flat_a0.3,"clip(v110 + alpha*row_gate*support_gate*clip((auc_delta-threshold)/slope,0,1)*(v113-v110))",120,234,313,22,0.97911204,0.91511368,0.23287671,0.52054795,0.01114442,0.99946576,0.52113079,0.24212863
th0.04_sl0.08_flat_a0.4,"clip(v110 + alpha*row_gate*support_gate*clip((auc_delta-threshold)/slope,0,1)*(v113-v110))",120,234,313,22,0.97911204,0.91517501,0.23287671,0.52054795,0.01114442,0.99946438,0.52113031,0.24207570
th0.04_sl0.08_flat_a0.55,"clip(v110 + alpha*row_gate*support_gate*clip((auc_delta-threshold)/slope,0,1)*(v113-v110))",120,234,313,22,0.97911204,0.91524830,0.23287671,0.52054795,0.01114442,0.99946231,0.52112959,0.24201418
th0.04_sl0.08_flat_a0.75,"clip(v110 + alpha*row_gate*support_gate*clip((auc_delta-threshold)/slope,0,1)*(v113-v110))",120,234,313,22,0.97911204,0.91530342,0.23287671,0.52054795,0.01114442,0.99945956,0.52112863,0.24196553
th0.04_sl0.08_flat_a1,"clip(v110 + alpha*row_gate*support_gate*clip((auc_delta-threshold)/slope,0,1)*(v113-v110))",120,234,313,22,0.97911204,0.91530883,0.23287671,0.52054795,0.01114442,0.99945611,0.52112743,0.24195840
th0.04_sl0.08_entropy_a0.1,"clip(v110 + alpha*row_gate*support_gate*clip((auc_delta-threshold)/slope,0,1)*(v113-v110))",120,234,313,22,0.97911204,0.91490347,0.21917808,0.52054795,0.01114442,0.99946893,0.52113139,0.24229210
th0.04_sl0.08_entropy_a0.15,"clip(v110 + alpha*row_gate*support_gate*clip((auc_delta-threshold)/slope,0,1)*(v113-v110))",120,234,313,22,0.97911204,0.91494420,0.21917808,0.52054795,0.01114442,0.99946845,0.52113098,0.24226739
th0.04_sl0.08_entropy_a0.2,"clip(v110 + alpha*row_gate*support_gate*clip((auc_delta-threshold)/slope,0,1)*(v113-v110))",120,234,313,22,0.97911204,0.91497481,0.23287671,0.52054795,0.01114442,0.99946797,0.52113056,0.24224370
th0.04_sl0.08_entropy_a0.25,"clip(v110 + alpha*row_gate*support_gate*clip((auc_delta-threshold)/slope,0,1)*(v113-v110))",120,234,313,22,0.97911204,0.91500794,0.23287671,0.52054795,0.01114442,0.99946748,0.52113015,0.24222103
th0.04_sl0.08_entropy_a0.3,"clip(v110 + alpha*row_gate*support_gate*clip((auc_delta-threshold)/slope,0,1)*(v113-v110))",120,234,313,22,0.97911204,0.91503705,0.23287671,0.52054795,0.01114442,0.99946700,0.52112973,0.24219937
th0.04_sl0.08_entropy_a0.4,"clip(v110 + alpha*row_gate*support_gate*clip((auc_delta-threshold)/slope,0,1)*(v113-v110))",120,234,313,22,0.97911204,0.91509240,0.23287671,0.52054795,0.01114442,0.99946603,0.52112890,0.24215910
th0.04_sl0.08_entropy_a0.55,"clip(v110 + alpha*row_gate*support_gate*clip((auc_delta-threshold)/slope,0,1)*(v113-v110))",120,234,313,22,0.97911204,0.91515361,0.23287671,0.52054795,0.01114442,0.99946458,0.52112765,0.24210632
th0.04_sl0.08_entropy_a0.75,"clip(v110 + alpha*row_gate*support_gate*clip((auc_delta-threshold)/slope,0,1)*(v113-v110))",120,234,313,22,0.97911204,0.91522000,0.23287671,0.52054795,0.01114442,0.99946265,0.52112599,0.24205017
th0.04_sl0.08_entropy_a1,"clip(v110 + alpha*row_gate*support_gate*clip((auc_delta-threshold)/slope,0,1)*(v113-v110))",120,234,313,22,0.97911204,0.91526936,0.23287671,0.52054795,0.01114442,0.99946023,0.52112391,0.24200288
th0.04_sl0.08_diff_a0.1,"clip(v110 + alpha*row_gate*support_gate*clip((auc_delta-threshold)/slope,0,1)*(v113-v110))",120,234,313,22,0.97911204,0.91486630,0.21917808,0.52054795,0.01114442,0.99946969,0.52113102,0.24230949
th0.04_sl0.08_diff_a0.15,"clip(v110 + alpha*row_gate*support_gate*clip((auc_delta-threshold)/slope,0,1)*(v113-v110))",120,234,313,22,0.97911204,0.91488897,0.21917808,0.52054795,0.01114442,0.99946959,0.52113041,0.24229289
th0.04_sl0.08_diff_a0.2,"clip(v110 + alpha*row_gate*support_gate*clip((auc_delta-threshold)/slope,0,1)*(v113-v110))",120,234,313,22,0.97911204,0.91490715,0.21917808,0.52054795,0.01114442,0.99946949,0.52112981,0.24227690
th0.04_sl0.08_diff_a0.25,"clip(v110 + alpha*row_gate*support_gate*clip((auc_delta-threshold)/slope,0,1)*(v113-v110))",120,234,313,22,0.97911204,0.91492763,0.21917808,0.52054795,0.01114442,0.99946938,0.52112920,0.24226152
th0.04_sl0.08_diff_a0.3,"clip(v110 + alpha*row_gate*support_gate*clip((auc_delta-threshold)/slope,0,1)*(v113-v110))",120,234,313,22,0.97911204,0.91495145,0.21917808,0.52054795,0.01114442,0.99946928,0.52112860,0.24224676
th0.04_sl0.08_diff_a0.4,"clip(v110 + alpha*row_gate*support_gate*clip((auc_delta-threshold)/slope,0,1)*(v113-v110))",120,234,313,22,0.97911204,0.91498700,0.21917808,0.52054795,0.01114442,0.99946907,0.52112739,0.24221908
th0.04_sl0.08_diff_a0.55,"clip(v110 + alpha*row_gate*support_gate*clip((auc_delta-threshold)/slope,0,1)*(v113-v110))",120,234,313,22,0.97911204,0.91503763,0.23287671,0.52054795,0.01114442,0.99946876,0.52112558,0.24218216
th0.04_sl0.08_diff_a0.75,"clip(v110 + alpha*row_gate*support_gate*clip((auc_delta-threshold)/slope,0,1)*(v113-v110))",120,234,313,22,0.97911204,0.91508273,0.23287671,0.52054795,0.01114442,0.99946834,0.52112316,0.24214155
th0.04_sl0.08_diff_a1,"clip(v110 + alpha*row_gate*support_gate*clip((auc_delta-threshold)/slope,0,1)*(v113-v110))",120,234,313,22,0.97911204,0.91513083,0.23287671,0.52054795,0.01114442,0.99946783,0.52112014,0.24210463
th0.04_sl0.08_eco_a0.1,"clip(v110 + alpha*row_gate*support_gate*clip((auc_delta-threshold)/slope,0,1)*(v113-v110))",120,234,313,22,0.97911204,0.91488978,0.21917808,0.52054795,0.01114442,0.99946920,0.52113126,0.24229803
th0.04_sl0.08_eco_a0.15,"clip(v110 + alpha*row_gate*support_gate*clip((auc_delta-threshold)/slope,0,1)*(v113-v110))",120,234,313,22,0.97911204,0.91492763,0.21917808,0.52054795,0.01114442,0.99946885,0.52113078,0.24227596
th0.04_sl0.08_eco_a0.2,"clip(v110 + alpha*row_gate*support_gate*clip((auc_delta-threshold)/slope,0,1)*(v113-v110))",120,234,313,22,0.97911204,0.91495812,0.21917808,0.52054795,0.01114442,0.99946850,0.52113030,0.24225468
th0.04_sl0.08_eco_a0.25,"clip(v110 + alpha*row_gate*support_gate*clip((auc_delta-threshold)/slope,0,1)*(v113-v110))",120,234,313,22,0.97911204,0.91498689,0.23287671,0.52054795,0.01114442,0.99946815,0.52112982,0.24223420
th0.04_sl0.08_eco_a0.3,"clip(v110 + alpha*row_gate*support_gate*clip((auc_delta-threshold)/slope,0,1)*(v113-v110))",120,234,313,22,0.97911204,0.91501163,0.23287671,0.52054795,0.01114442,0.99946780,0.52112933,0.24221452
th0.04_sl0.08_eco_a0.4,"clip(v110 + alpha*row_gate*support_gate*clip((auc_delta-threshold)/slope,0,1)*(v113-v110))",120,234,313,22,0.97911204,0.91505857,0.23287671,0.52054795,0.01114442,0.99946710,0.52112837,0.24217753
th0.04_sl0.08_eco_a0.55,"clip(v110 + alpha*row_gate*support_gate*clip((auc_delta-threshold)/slope,0,1)*(v113-v110))",120,234,313,22,0.97911204,0.91511875,0.23287671,0.52054795,0.01114442,0.99946604,0.52112692,0.24212802
th0.04_sl0.08_eco_a0.75,"clip(v110 + alpha*row_gate*support_gate*clip((auc_delta-threshold)/slope,0,1)*(v113-v110))",120,234,313,22,0.97911204,0.91518801,0.23287671,0.52054795,0.01114442,0.99946464,0.52112500,0.24207314
th0.04_sl0.08_eco_a1,"clip(v110 + alpha*row_gate*support_gate*clip((auc_delta-threshold)/slope,0,1)*(v113-v110))",120,234,313,22,0.97911204,0.91524416,0.23287671,0.52054795,0.01114442,0.99946289,0.52112259,0.24202246
th0.04_sl0.08_inv_eco_a0.1,"clip(v110 + alpha*row_gate*support_gate*clip((auc_delta-threshold)/slope,0,1)*(v113-v110))",120,234,313,22,0.97911204,0.91487309,0.21917808,0.52054795,0.01114442,0.99946922,0.52113271,0.24230745
th0.04_sl0.08_inv_eco_a0.15,"clip(v110 + alpha*row_gate*support_gate*clip((auc_delta-threshold)/slope,0,1)*(v113-v110))",120,234,313,22,0.97911204,0.91489841,0.21917808,0.52054795,0.01114442,0.99946888,0.52113295,0.24228967
th0.04_sl0.08_inv_eco_a0.2,"clip(v110 + alpha*row_gate*support_gate*clip((auc_delta-threshold)/slope,0,1)*(v113-v110))",120,234,313,22,0.97911204,0.91491612,0.21917808,0.52054795,0.01114442,0.99946854,0.52113319,0.24227240
th0.04_sl0.08_inv_eco_a0.25,"clip(v110 + alpha*row_gate*support_gate*clip((auc_delta-threshold)/slope,0,1)*(v113-v110))",120,234,313,22,0.97911204,0.91493580,0.23287671,0.52054795,0.01114442,0.99946820,0.52113344,0.24225565
th0.04_sl0.08_inv_eco_a0.3,"clip(v110 + alpha*row_gate*support_gate*clip((auc_delta-threshold)/slope,0,1)*(v113-v110))",120,234,313,22,0.97911204,0.91495950,0.23287671,0.52054795,0.01114442,0.99946787,0.52113368,0.24223941
th0.04_sl0.08_inv_eco_a0.4,"clip(v110 + alpha*row_gate*support_gate*clip((auc_delta-threshold)/slope,0,1)*(v113-v110))",120,234,313,22,0.97911204,0.91500806,0.23287671,0.52054795,0.01114442,0.99946719,0.52113416,0.24220848
th0.04_sl0.08_inv_eco_a0.55,"clip(v110 + alpha*row_gate*support_gate*clip((auc_delta-threshold)/slope,0,1)*(v113-v110))",120,234,313,22,0.97911204,0.91505765,0.23287671,0.52054795,0.01114442,0.99946617,0.52113489,0.24216594
th0.04_sl0.08_inv_eco_a0.75,"clip(v110 + alpha*row_gate*support_gate*clip((auc_delta-threshold)/slope,0,1)*(v113-v110))",120,234,313,22,0.97911204,0.91511679,0.23287671,0.52054795,0.01114442,0.99946481,0.52113586,0.24211642
th0.04_sl0.08_inv_eco_a1,"clip(v110 + alpha*row_gate*support_gate*clip((auc_delta-threshold)/slope,0,1)*(v113-v110))",120,234,313,22,0.97911204,0.91518030,0.23287671,0.52054795,0.01114442,0.99946312,0.52113707,0.24206611
th0.04_sl0.12_flat_a0.1,"clip(v110 + alpha*row_gate*support_gate*clip((auc_delta-threshold)/slope,0,1)*(v113-v110))",120,234,313,22,0.97911204,0.91492867,0.21917808,0.52054795,0.01114442,0.99946852,0.52113176,0.24226956
th0.04_sl0.12_flat_a0.15,"clip(v110 + alpha*row_gate*support_gate*clip((auc_delta-threshold)/slope,0,1)*(v113-v110))",120,234,313,22,0.97911204,0.91497492,0.23287671,0.52054795,0.01114442,0.99946783,0.52113153,0.24223510
th0.04_sl0.12_flat_a0.2,"clip(v110 + alpha*row_gate*support_gate*clip((auc_delta-threshold)/slope,0,1)*(v113-v110))",120,234,313,22,0.97911204,0.91502382,0.23287671,0.52054795,0.01114442,0.99946714,0.52113130,0.24220266
th0.04_sl0.12_flat_a0.25,"clip(v110 + alpha*row_gate*support_gate*clip((auc_delta-threshold)/slope,0,1)*(v113-v110))",120,234,313,22,0.97911204,0.91506191,0.23287671,0.52054795,0.01114442,0.99946645,0.52113107,0.24217224
th0.04_sl0.12_flat_a0.3,"clip(v110 + alpha*row_gate*support_gate*clip((auc_delta-threshold)/slope,0,1)*(v113-v110))",120,234,313,22,0.97911204,0.91509769,0.23287671,0.52054795,0.01114442,0.99946576,0.52113083,0.24214385
th0.04_sl0.12_flat_a0.4,"clip(v110 + alpha*row_gate*support_gate*clip((auc_delta-threshold)/slope,0,1)*(v113-v110))",120,234,313,22,0.97911204,0.91515488,0.23287671,0.52054795,0.01114442,0.99946438,0.52113037,0.24209313
th0.04_sl0.12_flat_a0.55,"clip(v110 + alpha*row_gate*support_gate*clip((auc_delta-threshold)/slope,0,1)*(v113-v110))",120,234,313,22,0.97911204,0.91523024,0.23287671,0.52054795,0.01114442,0.99946231,0.52112968,0.24203223
th0.04_sl0.12_flat_a0.75,"clip(v110 + alpha*row_gate*support_gate*clip((auc_delta-threshold)/slope,0,1)*(v113-v110))",120,234,313,22,0.97911204,0.91528501,0.23287671,0.52054795,0.01114442,0.99945956,0.52112875,0.24197941
th0.04_sl0.12_flat_a1,"clip(v110 + alpha*row_gate*support_gate*clip((auc_delta-threshold)/slope,0,1)*(v113-v110))",120,234,313,22,0.97911204,0.91530330,0.23287671,0.52054795,0.01114442,0.99945611,0.52112759,0.24195900
th0.04_sl0.12_entropy_a0.1,"clip(v110 + alpha*row_gate*support_gate*clip((auc_delta-threshold)/slope,0,1)*(v113-v110))",120,234,313,22,0.97911204,0.91489484,0.21917808,0.52054795,0.01114442,0.99946893,0.52113140,0.24229655
th0.04_sl0.12_entropy_a0.15,"clip(v110 + alpha*row_gate*support_gate*clip((auc_delta-threshold)/slope,0,1)*(v113-v110))",120,234,313,22,0.97911204,0.91493338,0.21917808,0.52054795,0.01114442,0.99946845,0.52113098,0.24227384
th0.04_sl0.12_entropy_a0.2,"clip(v110 + alpha*row_gate*support_gate*clip((auc_delta-threshold)/slope,0,1)*(v113-v110))",120,234,313,22,0.97911204,0.91496434,0.23287671,0.52054795,0.01114442,0.99946797,0.52113057,0.24225199
th0.04_sl0.12_entropy_a0.25,"clip(v110 + alpha*row_gate*support_gate*clip((auc_delta-threshold)/slope,0,1)*(v113-v110))",120,234,313,22,0.97911204,0.91499276,0.23287671,0.52054795,0.01114442,0.99946748,0.52113015,0.24223101
th0.04_sl0.12_entropy_a0.3,"clip(v110 + alpha*row_gate*support_gate*clip((auc_delta-threshold)/slope,0,1)*(v113-v110))",120,234,313,22,0.97911204,0.91502198,0.23287671,0.52054795,0.01114442,0.99946700,0.52112974,0.24221088
th0.04_sl0.12_entropy_a0.4,"clip(v110 + alpha*row_gate*support_gate*clip((auc_delta-threshold)/slope,0,1)*(v113-v110))",120,234,313,22,0.97911204,0.91507387,0.23287671,0.52054795,0.01114442,0.99946603,0.52112891,0.24217321
th0.04_sl0.12_entropy_a0.55,"clip(v110 + alpha*row_gate*support_gate*clip((auc_delta-threshold)/slope,0,1)*(v113-v110))",120,234,313,22,0.97911204,0.91513934,0.23287671,0.52054795,0.01114442,0.99946458,0.52112766,0.24212317
th0.04_sl0.12_entropy_a0.75,"clip(v110 + alpha*row_gate*support_gate*clip((auc_delta-threshold)/slope,0,1)*(v113-v110))",120,234,313,22,0.97911204,0.91519998,0.23287671,0.52054795,0.01114442,0.99946265,0.52112601,0.24206852
th0.04_sl0.12_entropy_a1,"clip(v110 + alpha*row_gate*support_gate*clip((auc_delta-threshold)/slope,0,1)*(v113-v110))",120,234,313,22,0.97911204,0.91525348,0.23287671,0.52054795,0.01114442,0.99946023,0.52112393,0.24201962
th0.04_sl0.12_diff_a0.1,"clip(v110 + alpha*row_gate*support_gate*clip((auc_delta-threshold)/slope,0,1)*(v113-v110))",120,234,313,22,0.97911204,0.91486136,0.21917808,0.52054795,0.01114442,0.99946969,0.52113142,0.24231245
th0.04_sl0.12_diff_a0.15,"clip(v110 + alpha*row_gate*support_gate*clip((auc_delta-threshold)/slope,0,1)*(v113-v110))",120,234,313,22,0.97911204,0.91488253,0.21917808,0.52054795,0.01114442,0.99946959,0.52113101,0.24229716
th0.04_sl0.12_diff_a0.2,"clip(v110 + alpha*row_gate*support_gate*clip((auc_delta-threshold)/slope,0,1)*(v113-v110))",120,234,313,22,0.97911204,0.91489990,0.21917808,0.52054795,0.01114442,0.99946949,0.52113061,0.24228239
th0.04_sl0.12_diff_a0.25,"clip(v110 + alpha*row_gate*support_gate*clip((auc_delta-threshold)/slope,0,1)*(v113-v110))",120,234,313,22,0.97911204,0.91491946,0.21917808,0.52054795,0.01114442,0.99946938,0.52113020,0.24226812
th0.04_sl0.12_diff_a0.3,"clip(v110 + alpha*row_gate*support_gate*clip((auc_delta-threshold)/slope,0,1)*(v113-v110))",120,234,313,22,0.97911204,0.91493902,0.21917808,0.52054795,0.01114442,0.99946928,0.52112980,0.24225436
th0.04_sl0.12_diff_a0.4,"clip(v110 + alpha*row_gate*support_gate*clip((auc_delta-threshold)/slope,0,1)*(v113-v110))",120,234,313,22,0.97911204,0.91497550,0.21917808,0.52054795,0.01114442,0.99946907,0.52112899,0.24222837
th0.04_sl0.12_diff_a0.55,"clip(v110 + alpha*row_gate*support_gate*clip((auc_delta-threshold)/slope,0,1)*(v113-v110))",120,234,313,22,0.97911204,0.91502486,0.23287671,0.52054795,0.01114442,0.99946876,0.52112778,0.24219320
th0.04_sl0.12_diff_a0.75,"clip(v110 + alpha*row_gate*support_gate*clip((auc_delta-threshold)/slope,0,1)*(v113-v110))",120,234,313,22,0.97911204,0.91506858,0.23287671,0.52054795,0.01114442,0.99946834,0.52112616,0.24215344
th0.04_sl0.12_diff_a1,"clip(v110 + alpha*row_gate*support_gate*clip((auc_delta-threshold)/slope,0,1)*(v113-v110))",120,234,313,22,0.97911204,0.91510966,0.23287671,0.52054795,0.01114442,0.99946783,0.52112413,0.24211521
th0.04_sl0.12_eco_a0.1,"clip(v110 + alpha*row_gate*support_gate*clip((auc_delta-threshold)/slope,0,1)*(v113-v110))",120,234,313,22,0.97911204,0.91488276,0.21917808,0.52054795,0.01114442,0.99946920,0.52113140,0.24230198
th0.04_sl0.12_eco_a0.15,"clip(v110 + alpha*row_gate*support_gate*clip((auc_delta-threshold)/slope,0,1)*(v113-v110))",120,234,313,22,0.97911204,0.91491808,0.21917808,0.52054795,0.01114442,0.99946885,0.52113099,0.24228170
th0.04_sl0.12_eco_a0.2,"clip(v110 + alpha*row_gate*support_gate*clip((auc_delta-threshold)/slope,0,1)*(v113-v110))",120,234,313,22,0.97911204,0.91494673,0.21917808,0.52054795,0.01114442,0.99946850,0.52113058,0.24226209
th0.04_sl0.12_eco_a0.25,"clip(v110 + alpha*row_gate*support_gate*clip((auc_delta-threshold)/slope,0,1)*(v113-v110))",120,234,313,22,0.97911204,0.91497296,0.23287671,0.52054795,0.01114442,0.99946815,0.52113017,0.24224315
th0.04_sl0.12_eco_a0.3,"clip(v110 + alpha*row_gate*support_gate*clip((auc_delta-threshold)/slope,0,1)*(v113-v110))",120,234,313,22,0.97911204,0.91499759,0.23287671,0.52054795,0.01114442,0.99946780,0.52112976,0.24222488
th0.04_sl0.12_eco_a0.4,"clip(v110 + alpha*row_gate*support_gate*clip((auc_delta-threshold)/slope,0,1)*(v113-v110))",120,234,313,22,0.97911204,0.91504258,0.23287671,0.52054795,0.01114442,0.99946710,0.52112894,0.24219035
th0.04_sl0.12_eco_a0.55,"clip(v110 + alpha*row_gate*support_gate*clip((auc_delta-threshold)/slope,0,1)*(v113-v110))",120,234,313,22,0.97911204,0.91510264,0.23287671,0.52054795,0.01114442,0.99946604,0.52112770,0.24214358
th0.04_sl0.12_eco_a0.75,"clip(v110 + alpha*row_gate*support_gate*clip((auc_delta-threshold)/slope,0,1)*(v113-v110))",120,234,313,22,0.97911204,0.91516454,0.23287671,0.52054795,0.01114442,0.99946464,0.52112606,0.24209062
th0.04_sl0.12_eco_a1,"clip(v110 + alpha*row_gate*support_gate*clip((auc_delta-threshold)/slope,0,1)*(v113-v110))",120,234,313,22,0.97911204,0.91522610,0.23287671,0.52054795,0.01114442,0.99946289,0.52112400,0.24203952
th0.04_sl0.12_inv_eco_a0.1,"clip(v110 + alpha*row_gate*support_gate*clip((auc_delta-threshold)/slope,0,1)*(v113-v110))",120,234,313,22,0.97911204,0.91486849,0.21917808,0.52054795,0.01114442,0.99946922,0.52113258,0.24231031
th0.04_sl0.12_inv_eco_a0.15,"clip(v110 + alpha*row_gate*support_gate*clip((auc_delta-threshold)/slope,0,1)*(v113-v110))",120,234,313,22,0.97911204,0.91489369,0.21917808,0.52054795,0.01114442,0.99946888,0.52113276,0.24229386
th0.04_sl0.12_inv_eco_a0.2,"clip(v110 + alpha*row_gate*support_gate*clip((auc_delta-threshold)/slope,0,1)*(v113-v110))",120,234,313,22,0.97911204,0.91491198,0.21917808,0.52054795,0.01114442,0.99946854,0.52113294,0.24227785
th0.04_sl0.12_inv_eco_a0.25,"clip(v110 + alpha*row_gate*support_gate*clip((auc_delta-threshold)/slope,0,1)*(v113-v110))",120,234,313,22,0.97911204,0.91492890,0.23287671,0.52054795,0.01114442,0.99946820,0.52113312,0.24226229
th0.04_sl0.12_inv_eco_a0.3,"clip(v110 + alpha*row_gate*support_gate*clip((auc_delta-threshold)/slope,0,1)*(v113-v110))",120,234,313,22,0.97911204,0.91494823,0.23287671,0.52054795,0.01114442,0.99946787,0.52113330,0.24224716
th0.04_sl0.12_inv_eco_a0.4,"clip(v110 + alpha*row_gate*support_gate*clip((auc_delta-threshold)/slope,0,1)*(v113-v110))",120,234,313,22,0.97911204,0.91499333,0.23287671,0.52054795,0.01114442,0.99946719,0.52113366,0.24221825
th0.04_sl0.12_inv_eco_a0.55,"clip(v110 + alpha*row_gate*support_gate*clip((auc_delta-threshold)/slope,0,1)*(v113-v110))",120,234,313,22,0.97911204,0.91504269,0.23287671,0.52054795,0.01114442,0.99946617,0.52113420,0.24217819
th0.04_sl0.12_inv_eco_a0.75,"clip(v110 + alpha*row_gate*support_gate*clip((auc_delta-threshold)/slope,0,1)*(v113-v110))",120,234,313,22,0.97911204,0.91510206,0.23287671,0.52054795,0.01114442,0.99946481,0.52113492,0.24213099
th0.04_sl0.12_inv_eco_a1,"clip(v110 + alpha*row_gate*support_gate*clip((auc_delta-threshold)/slope,0,1)*(v113-v110))",120,234,313,22,0.97911204,0.91516281,0.23287671,0.52054795,0.01114442,0.99946312,0.52113581,0.24208197
th0.04_sl0.2_flat_a0.1,"clip(v110 + alpha*row_gate*support_gate*clip((auc_delta-threshold)/slope,0,1)*(v113-v110))",120,234,313,22,0.97911204,0.91489541,0.21917808,0.52054795,0.01114442,0.99946887,0.52113191,0.24229508
th0.04_sl0.2_flat_a0.15,"clip(v110 + alpha*row_gate*support_gate*clip((auc_delta-threshold)/slope,0,1)*(v113-v110))",120,234,313,22,0.97911204,0.91492544,0.21917808,0.52054795,0.01114442,0.99946835,0.52113176,0.24227162
th0.04_sl0.2_flat_a0.2,"clip(v110 + alpha*row_gate*support_gate*clip((auc_delta-threshold)/slope,0,1)*(v113-v110))",120,234,313,22,0.97911204,0.91495467,0.23287671,0.52054795,0.01114442,0.99946784,0.52113160,0.24224900
th0.04_sl0.2_flat_a0.25,"clip(v110 + alpha*row_gate*support_gate*clip((auc_delta-threshold)/slope,0,1)*(v113-v110))",120,234,313,22,0.97911204,0.91498666,0.23287671,0.52054795,0.01114442,0.99946732,0.52113145,0.24222722
th0.04_sl0.2_flat_a0.3,"clip(v110 + alpha*row_gate*support_gate*clip((auc_delta-threshold)/slope,0,1)*(v113-v110))",120,234,313,22,0.97911204,0.91502118,0.23287671,0.52054795,0.01114442,0.99946681,0.52113129,0.24220629
th0.04_sl0.2_flat_a0.4,"clip(v110 + alpha*row_gate*support_gate*clip((auc_delta-threshold)/slope,0,1)*(v113-v110))",120,234,313,22,0.97911204,0.91507134,0.23287671,0.52054795,0.01114442,0.99946578,0.52113098,0.24216697
th0.04_sl0.2_flat_a0.55,"clip(v110 + alpha*row_gate*support_gate*clip((auc_delta-threshold)/slope,0,1)*(v113-v110))",120,234,313,22,0.97911204,0.91513451,0.23287671,0.52054795,0.01114442,0.99946423,0.52113051,0.24211434
th0.04_sl0.2_flat_a0.75,"clip(v110 + alpha*row_gate*support_gate*clip((auc_delta-threshold)/slope,0,1)*(v113-v110))",120,234,313,22,0.97911204,0.91519814,0.23287671,0.52054795,0.01114442,0.99946217,0.52112989,0.24205601
th0.04_sl0.2_flat_a1,"clip(v110 + alpha*row_gate*support_gate*clip((auc_delta-threshold)/slope,0,1)*(v113-v110))",120,234,313,22,0.97911204,0.91526246,0.23287671,0.52054795,0.01114442,0.99945959,0.52112911,0.24200216
th0.04_sl0.2_entropy_a0.1,"clip(v110 + alpha*row_gate*support_gate*clip((auc_delta-threshold)/slope,0,1)*(v113-v110))",120,234,313,22,0.97911204,0.91486619,0.21917808,0.52054795,0.01114442,0.99946918,0.52113158,0.24231309
th0.04_sl0.2_entropy_a0.15,"clip(v110 + alpha*row_gate*support_gate*clip((auc_delta-threshold)/slope,0,1)*(v113-v110))",120,234,313,22,0.97911204,0.91489438,0.21917808,0.52054795,0.01114442,0.99946882,0.52113125,0.24229790
th0.04_sl0.2_entropy_a0.2,"clip(v110 + alpha*row_gate*support_gate*clip((auc_delta-threshold)/slope,0,1)*(v113-v110))",120,234,313,22,0.97911204,0.91491682,0.21917808,0.52054795,0.01114442,0.99946846,0.52113093,0.24228307
th0.04_sl0.2_entropy_a0.25,"clip(v110 + alpha*row_gate*support_gate*clip((auc_delta-threshold)/slope,0,1)*(v113-v110))",120,234,313,22,0.97911204,0.91494006,0.21917808,0.52054795,0.01114442,0.99946809,0.52113060,0.24226861
th0.04_sl0.2_entropy_a0.3,"clip(v110 + alpha*row_gate*support_gate*clip((auc_delta-threshold)/slope,0,1)*(v113-v110))",120,234,313,22,0.97911204,0.91495847,0.23287671,0.52054795,0.01114442,0.99946773,0.52113028,0.24225450
th0.04_sl0.2_entropy_a0.4,"clip(v110 + alpha*row_gate*support_gate*clip((auc_delta-threshold)/slope,0,1)*(v113-v110))",120,234,313,22,0.97911204,0.91500069,0.23287671,0.52054795,0.01114442,0.99946701,0.52112963,0.24222736
th0.04_sl0.2_entropy_a0.55,"clip(v110 + alpha*row_gate*support_gate*clip((auc_delta-threshold)/slope,0,1)*(v113-v110))",120,234,313,22,0.97911204,0.91505362,0.23287671,0.52054795,0.01114442,0.99946593,0.52112865,0.24218936
th0.04_sl0.2_entropy_a0.75,"clip(v110 + alpha*row_gate*support_gate*clip((auc_delta-threshold)/slope,0,1)*(v113-v110))",120,234,313,22,0.97911204,0.91511173,0.23287671,0.52054795,0.01114442,0.99946448,0.52112735,0.24214373
th0.04_sl0.2_entropy_a1,"clip(v110 + alpha*row_gate*support_gate*clip((auc_delta-threshold)/slope,0,1)*(v113-v110))",120,234,313,22,0.97911204,0.91517133,0.23287671,0.52054795,0.01114442,0.99946268,0.52112573,0.24209481
th0.04_sl0.2_diff_a0.1,"clip(v110 + alpha*row_gate*support_gate*clip((auc_delta-threshold)/slope,0,1)*(v113-v110))",120,234,313,22,0.97911204,0.91484605,0.21917808,0.52054795,0.01114442,0.99946975,0.52113183,0.24232358
th0.04_sl0.2_diff_a0.15,"clip(v110 + alpha*row_gate*support_gate*clip((auc_delta-threshold)/slope,0,1)*(v113-v110))",120,234,313,22,0.97911204,0.91486021,0.21917808,0.52054795,0.01114442,0.99946967,0.52113163,0.24231343
th0.04_sl0.2_diff_a0.2,"clip(v110 + alpha*row_gate*support_gate*clip((auc_delta-threshold)/slope,0,1)*(v113-v110))",120,234,313,22,0.97911204,0.91487516,0.21917808,0.52054795,0.01114442,0.99946959,0.52113143,0.24230348
th0.04_sl0.2_diff_a0.25,"clip(v110 + alpha*row_gate*support_gate*clip((auc_delta-threshold)/slope,0,1)*(v113-v110))",120,234,313,22,0.97911204,0.91488678,0.21917808,0.52054795,0.01114442,0.99946951,0.52113123,0.24229375
th0.04_sl0.2_diff_a0.3,"clip(v110 + alpha*row_gate*support_gate*clip((auc_delta-threshold)/slope,0,1)*(v113-v110))",120,234,313,22,0.97911204,0.91489910,0.21917808,0.52054795,0.01114442,0.99946944,0.52113103,0.24228423
th0.04_sl0.2_diff_a0.4,"clip(v110 + alpha*row_gate*support_gate*clip((auc_delta-threshold)/slope,0,1)*(v113-v110))",120,234,313,22,0.97911204,0.91492211,0.21917808,0.52054795,0.01114442,0.99946928,0.52113063,0.24226584
th0.04_sl0.2_diff_a0.55,"clip(v110 + alpha*row_gate*support_gate*clip((auc_delta-threshold)/slope,0,1)*(v113-v110))",120,234,313,22,0.97911204,0.91496157,0.21917808,0.52054795,0.01114442,0.99946905,0.52113003,0.24223985
th0.04_sl0.2_diff_a0.75,"clip(v110 + alpha*row_gate*support_gate*clip((auc_delta-threshold)/slope,0,1)*(v113-v110))",120,234,313,22,0.97911204,0.91500334,0.21917808,0.52054795,0.01114442,0.99946874,0.52112923,0.24220820
th0.04_sl0.2_diff_a1,"clip(v110 + alpha*row_gate*support_gate*clip((auc_delta-threshold)/slope,0,1)*(v113-v110))",120,234,313,22,0.97911204,0.91504798,0.23287671,0.52054795,0.01114442,0.99946835,0.52112823,0.24217345
th0.04_sl0.2_eco_a0.1,"clip(v110 + alpha*row_gate*support_gate*clip((auc_delta-threshold)/slope,0,1)*(v113-v110))",120,234,313,22,0.97911204,0.91486147,0.21917808,0.52054795,0.01114442,0.99946938,0.52113166,0.24231671
th0.04_sl0.2_eco_a0.15,"clip(v110 + alpha*row_gate*support_gate*clip((auc_delta-threshold)/slope,0,1)*(v113-v110))",120,234,313,22,0.97911204,0.91488230,0.21917808,0.52054795,0.01114442,0.99946911,0.52113138,0.24230321
th0.04_sl0.2_eco_a0.2,"clip(v110 + alpha*row_gate*support_gate*clip((auc_delta-threshold)/slope,0,1)*(v113-v110))",120,234,313,22,0.97911204,0.91490439,0.21917808,0.52054795,0.01114442,0.99946885,0.52113110,0.24228999
th0.04_sl0.2_eco_a0.25,"clip(v110 + alpha*row_gate*support_gate*clip((auc_delta-threshold)/slope,0,1)*(v113-v110))",120,234,313,22,0.97911204,0.91492521,0.21917808,0.52054795,0.01114442,0.99946859,0.52113082,0.24227705
th0.04_sl0.2_eco_a0.3,"clip(v110 + alpha*row_gate*support_gate*clip((auc_delta-threshold)/slope,0,1)*(v113-v110))",120,234,313,22,0.97911204,0.91494293,0.21917808,0.52054795,0.01114442,0.99946833,0.52113054,0.24226440
th0.04_sl0.2_eco_a0.4,"clip(v110 + alpha*row_gate*support_gate*clip((auc_delta-threshold)/slope,0,1)*(v113-v110))",120,234,313,22,0.97911204,0.91497446,0.23287671,0.52054795,0.01114442,0.99946780,0.52112998,0.24223993
th0.04_sl0.2_eco_a0.55,"clip(v110 + alpha*row_gate*support_gate*clip((auc_delta-threshold)/slope,0,1)*(v113-v110))",120,234,313,22,0.97911204,0.91502635,0.23287671,0.52054795,0.01114442,0.99946702,0.52112913,0.24220532
th0.04_sl0.2_eco_a0.75,"clip(v110 + alpha*row_gate*support_gate*clip((auc_delta-threshold)/slope,0,1)*(v113-v110))",120,234,313,22,0.97911204,0.91508032,0.23287671,0.52054795,0.01114442,0.99946597,0.52112801,0.24216312
th0.04_sl0.2_eco_a1,"clip(v110 + alpha*row_gate*support_gate*clip((auc_delta-threshold)/slope,0,1)*(v113-v110))",120,234,313,22,0.97911204,0.91514072,0.23287671,0.52054795,0.01114442,0.99946466,0.52112660,0.24211669
th0.04_sl0.2_inv_eco_a0.1,"clip(v110 + alpha*row_gate*support_gate*clip((auc_delta-threshold)/slope,0,1)*(v113-v110))",120,234,313,22,0.97911204,0.91484973,0.21917808,0.52054795,0.01114442,0.99946939,0.52113248,0.24232216
th0.04_sl0.2_inv_eco_a0.15,"clip(v110 + alpha*row_gate*support_gate*clip((auc_delta-threshold)/slope,0,1)*(v113-v110))",120,234,313,22,0.97911204,0.91486596,0.21917808,0.52054795,0.01114442,0.99946914,0.52113260,0.24231125
th0.04_sl0.2_inv_eco_a0.2,"clip(v110 + alpha*row_gate*support_gate*clip((auc_delta-threshold)/slope,0,1)*(v113-v110))",120,234,313,22,0.97911204,0.91488552,0.21917808,0.52054795,0.01114442,0.99946889,0.52113273,0.24230051
th0.04_sl0.2_inv_eco_a0.25,"clip(v110 + alpha*row_gate*support_gate*clip((auc_delta-threshold)/slope,0,1)*(v113-v110))",120,234,313,22,0.97911204,0.91489956,0.21917808,0.52054795,0.01114442,0.99946863,0.52113285,0.24228997
th0.04_sl0.2_inv_eco_a0.3,"clip(v110 + alpha*row_gate*support_gate*clip((auc_delta-threshold)/slope,0,1)*(v113-v110))",120,234,313,22,0.97911204,0.91491187,0.21917808,0.52054795,0.01114442,0.99946838,0.52113298,0.24227961
th0.04_sl0.2_inv_eco_a0.4,"clip(v110 + alpha*row_gate*support_gate*clip((auc_delta-threshold)/slope,0,1)*(v113-v110))",120,234,313,22,0.97911204,0.91493407,0.23287671,0.52054795,0.01114442,0.99946787,0.52113323,0.24225944
th0.04_sl0.2_inv_eco_a0.55,"clip(v110 + alpha*row_gate*support_gate*clip((auc_delta-threshold)/slope,0,1)*(v113-v110))",120,234,313,22,0.97911204,0.91497469,0.23287671,0.52054795,0.01114442,0.99946711,0.52113360,0.24223057
th0.04_sl0.2_inv_eco_a0.75,"clip(v110 + alpha*row_gate*support_gate*clip((auc_delta-threshold)/slope,0,1)*(v113-v110))",120,234,313,22,0.97911204,0.91502543,0.23287671,0.52054795,0.01114442,0.99946610,0.52113411,0.24219467
th0.04_sl0.2_inv_eco_a1,"clip(v110 + alpha*row_gate*support_gate*clip((auc_delta-threshold)/slope,0,1)*(v113-v110))",120,234,313,22,0.97911204,0.91507226,0.23287671,0.52054795,0.01114442,0.99946483,0.52113473,0.24215395
th0.08_sl0.04_flat_a0.1,"clip(v110 + alpha*row_gate*support_gate*clip((auc_delta-threshold)/slope,0,1)*(v113-v110))",120,234,313,22,0.97911204,0.91493971,0.21917808,0.52054795,0.01114442,0.99946852,0.52113175,0.24226306
th0.08_sl0.04_flat_a0.15,"clip(v110 + alpha*row_gate*support_gate*clip((auc_delta-threshold)/slope,0,1)*(v113-v110))",120,234,313,22,0.97911204,0.91498930,0.23287671,0.52054795,0.01114442,0.99946783,0.52113151,0.24222588
th0.08_sl0.04_flat_a0.2,"clip(v110 + alpha*row_gate*support_gate*clip((auc_delta-threshold)/slope,0,1)*(v113-v110))",120,234,313,22,0.97911204,0.91503705,0.23287671,0.52054795,0.01114442,0.99946714,0.52113127,0.24219108
th0.08_sl0.04_flat_a0.25,"clip(v110 + alpha*row_gate*support_gate*clip((auc_delta-threshold)/slope,0,1)*(v113-v110))",120,234,313,22,0.97911204,0.91507721,0.23287671,0.52054795,0.01114442,0.99946645,0.52113103,0.24215864
th0.08_sl0.04_flat_a0.3,"clip(v110 + alpha*row_gate*support_gate*clip((auc_delta-threshold)/slope,0,1)*(v113-v110))",120,234,313,22,0.97911204,0.91511380,0.23287671,0.52054795,0.01114442,0.99946576,0.52113079,0.24212859
th0.08_sl0.04_flat_a0.4,"clip(v110 + alpha*row_gate*support_gate*clip((auc_delta-threshold)/slope,0,1)*(v113-v110))",120,234,313,22,0.97911204,0.91517513,0.23287671,0.52054795,0.01114442,0.99946438,0.52113030,0.24207560
th0.08_sl0.04_flat_a0.55,"clip(v110 + alpha*row_gate*support_gate*clip((auc_delta-threshold)/slope,0,1)*(v113-v110))",120,234,313,22,0.97911204,0.91524830,0.23287671,0.52054795,0.01114442,0.99946231,0.52112958,0.24201397
th0.08_sl0.04_flat_a0.75,"clip(v110 + alpha*row_gate*support_gate*clip((auc_delta-threshold)/slope,0,1)*(v113-v110))",120,234,313,22,0.97911204,0.91530376,0.23287671,0.52054795,0.01114442,0.99945956,0.52112862,0.24196511
th0.08_sl0.04_flat_a1,"clip(v110 + alpha*row_gate*support_gate*clip((auc_delta-threshold)/slope,0,1)*(v113-v110))",120,234,313,22,0.97911204,0.91530883,0.23287671,0.52054795,0.01114442,0.99945611,0.52112742,0.24195763
th0.08_sl0.04_entropy_a0.1,"clip(v110 + alpha*row_gate*support_gate*clip((auc_delta-threshold)/slope,0,1)*(v113-v110))",120,234,313,22,0.97911204,0.91490347,0.21917808,0.52054795,0.01114442,0.99946893,0.52113138,0.24229210
th0.08_sl0.04_entropy_a0.15,"clip(v110 + alpha*row_gate*support_gate*clip((auc_delta-threshold)/slope,0,1)*(v113-v110))",120,234,313,22,0.97911204,0.91494420,0.21917808,0.52054795,0.01114442,0.99946845,0.52113096,0.24226740
th0.08_sl0.04_entropy_a0.2,"clip(v110 + alpha*row_gate*support_gate*clip((auc_delta-threshold)/slope,0,1)*(v113-v110))",120,234,313,22,0.97911204,0.91497481,0.23287671,0.52054795,0.01114442,0.99946797,0.52113053,0.24224371
th0.08_sl0.04_entropy_a0.25,"clip(v110 + alpha*row_gate*support_gate*clip((auc_delta-threshold)/slope,0,1)*(v113-v110))",120,234,313,22,0.97911204,0.91500794,0.23287671,0.52054795,0.01114442,0.99946748,0.52113011,0.24222103
th0.08_sl0.04_entropy_a0.3,"clip(v110 + alpha*row_gate*support_gate*clip((auc_delta-threshold)/slope,0,1)*(v113-v110))",120,234,313,22,0.97911204,0.91503717,0.23287671,0.52054795,0.01114442,0.99946700,0.52112969,0.24219936
th0.08_sl0.04_entropy_a0.4,"clip(v110 + alpha*row_gate*support_gate*clip((auc_delta-threshold)/slope,0,1)*(v113-v110))",120,234,313,22,0.97911204,0.91509263,0.23287671,0.52054795,0.01114442,0.99946603,0.52112884,0.24215907
th0.08_sl0.04_entropy_a0.55,"clip(v110 + alpha*row_gate*support_gate*clip((auc_delta-threshold)/slope,0,1)*(v113-v110))",120,234,313,22,0.97911204,0.91515373,0.23287671,0.52054795,0.01114442,0.99946458,0.52112757,0.24210625
th0.08_sl0.04_entropy_a0.75,"clip(v110 + alpha*row_gate*support_gate*clip((auc_delta-threshold)/slope,0,1)*(v113-v110))",120,234,313,22,0.97911204,0.91522011,0.23287671,0.52054795,0.01114442,0.99946265,0.52112588,0.24205002
th0.08_sl0.04_entropy_a1,"clip(v110 + alpha*row_gate*support_gate*clip((auc_delta-threshold)/slope,0,1)*(v113-v110))",120,234,313,22,0.97911204,0.91526936,0.23287671,0.52054795,0.01114442,0.99946023,0.52112377,0.24200258
th0.08_sl0.04_diff_a0.1,"clip(v110 + alpha*row_gate*support_gate*clip((auc_delta-threshold)/slope,0,1)*(v113-v110))",120,234,313,22,0.97911204,0.91486630,0.21917808,0.52054795,0.01114442,0.99946969,0.52113102,0.24230950
th0.08_sl0.04_diff_a0.15,"clip(v110 + alpha*row_gate*support_gate*clip((auc_delta-threshold)/slope,0,1)*(v113-v110))",120,234,313,22,0.97911204,0.91488897,0.21917808,0.52054795,0.01114442,0.99946959,0.52113041,0.24229289
th0.08_sl0.04_diff_a0.2,"clip(v110 + alpha*row_gate*support_gate*clip((auc_delta-threshold)/slope,0,1)*(v113-v110))",120,234,313,22,0.97911204,0.91490727,0.21917808,0.52054795,0.01114442,0.99946949,0.52112981,0.24227690
th0.08_sl0.04_diff_a0.25,"clip(v110 + alpha*row_gate*support_gate*clip((auc_delta-threshold)/slope,0,1)*(v113-v110))",120,234,313,22,0.97911204,0.91492775,0.21917808,0.52054795,0.01114442,0.99946938,0.52112921,0.24226152
th0.08_sl0.04_diff_a0.3,"clip(v110 + alpha*row_gate*support_gate*clip((auc_delta-threshold)/slope,0,1)*(v113-v110))",120,234,313,22,0.97911204,0.91495145,0.21917808,0.52054795,0.01114442,0.99946928,0.52112860,0.24224675
th0.08_sl0.04_diff_a0.4,"clip(v110 + alpha*row_gate*support_gate*clip((auc_delta-threshold)/slope,0,1)*(v113-v110))",120,234,313,22,0.97911204,0.91498700,0.21917808,0.52054795,0.01114442,0.99946907,0.52112739,0.24221905
th0.08_sl0.04_diff_a0.55,"clip(v110 + alpha*row_gate*support_gate*clip((auc_delta-threshold)/slope,0,1)*(v113-v110))",120,234,313,22,0.97911204,0.91503763,0.23287671,0.52054795,0.01114442,0.99946876,0.52112558,0.24218211
th0.08_sl0.04_diff_a0.75,"clip(v110 + alpha*row_gate*support_gate*clip((auc_delta-threshold)/slope,0,1)*(v113-v110))",120,234,313,22,0.97911204,0.91508285,0.23287671,0.52054795,0.01114442,0.99946834,0.52112317,0.24214144
th0.08_sl0.04_diff_a1,"clip(v110 + alpha*row_gate*support_gate*clip((auc_delta-threshold)/slope,0,1)*(v113-v110))",120,234,313,22,0.97911204,0.91513083,0.23287671,0.52054795,0.01114442,0.99946783,0.52112015,0.24210441
th0.08_sl0.04_eco_a0.1,"clip(v110 + alpha*row_gate*support_gate*clip((auc_delta-threshold)/slope,0,1)*(v113-v110))",120,234,313,22,0.97911204,0.91488966,0.21917808,0.52054795,0.01114442,0.99946920,0.52113125,0.24229803
th0.08_sl0.04_eco_a0.15,"clip(v110 + alpha*row_gate*support_gate*clip((auc_delta-threshold)/slope,0,1)*(v113-v110))",120,234,313,22,0.97911204,0.91492763,0.21917808,0.52054795,0.01114442,0.99946885,0.52113077,0.24227596
th0.08_sl0.04_eco_a0.2,"clip(v110 + alpha*row_gate*support_gate*clip((auc_delta-threshold)/slope,0,1)*(v113-v110))",120,234,313,22,0.97911204,0.91495812,0.21917808,0.52054795,0.01114442,0.99946850,0.52113028,0.24225468
th0.08_sl0.04_eco_a0.25,"clip(v110 + alpha*row_gate*support_gate*clip((auc_delta-threshold)/slope,0,1)*(v113-v110))",120,234,313,22,0.97911204,0.91498689,0.23287671,0.52054795,0.01114442,0.99946815,0.52112979,0.24223420
th0.08_sl0.04_eco_a0.3,"clip(v110 + alpha*row_gate*support_gate*clip((auc_delta-threshold)/slope,0,1)*(v113-v110))",120,234,313,22,0.97911204,0.91501163,0.23287671,0.52054795,0.01114442,0.99946780,0.52112931,0.24221451
th0.08_sl0.04_eco_a0.4,"clip(v110 + alpha*row_gate*support_gate*clip((auc_delta-threshold)/slope,0,1)*(v113-v110))",120,234,313,22,0.97911204,0.91505845,0.23287671,0.52054795,0.01114442,0.99946710,0.52112834,0.24217751
th0.08_sl0.04_eco_a0.55,"clip(v110 + alpha*row_gate*support_gate*clip((auc_delta-threshold)/slope,0,1)*(v113-v110))",120,234,313,22,0.97911204,0.91511863,0.23287671,0.52054795,0.01114442,0.99946604,0.52112688,0.24212796
th0.08_sl0.04_eco_a0.75,"clip(v110 + alpha*row_gate*support_gate*clip((auc_delta-threshold)/slope,0,1)*(v113-v110))",120,234,313,22,0.97911204,0.91518813,0.23287671,0.52054795,0.01114442,0.99946464,0.52112493,0.24207302
th0.08_sl0.04_eco_a1,"clip(v110 + alpha*row_gate*support_gate*clip((auc_delta-threshold)/slope,0,1)*(v113-v110))",120,234,313,22,0.97911204,0.91524405,0.23287671,0.52054795,0.01114442,0.99946289,0.52112250,0.24202222
th0.08_sl0.04_inv_eco_a0.1,"clip(v110 + alpha*row_gate*support_gate*clip((auc_delta-threshold)/slope,0,1)*(v113-v110))",120,234,313,22,0.97911204,0.91487309,0.21917808,0.52054795,0.01114442,0.99946922,0.52113272,0.24230745
th0.08_sl0.04_inv_eco_a0.15,"clip(v110 + alpha*row_gate*support_gate*clip((auc_delta-threshold)/slope,0,1)*(v113-v110))",120,234,313,22,0.97911204,0.91489841,0.21917808,0.52054795,0.01114442,0.99946888,0.52113296,0.24228967
th0.08_sl0.04_inv_eco_a0.2,"clip(v110 + alpha*row_gate*support_gate*clip((auc_delta-threshold)/slope,0,1)*(v113-v110))",120,234,313,22,0.97911204,0.91491601,0.21917808,0.52054795,0.01114442,0.99946854,0.52113321,0.24227240
th0.08_sl0.04_inv_eco_a0.25,"clip(v110 + alpha*row_gate*support_gate*clip((auc_delta-threshold)/slope,0,1)*(v113-v110))",120,234,313,22,0.97911204,0.91493580,0.23287671,0.52054795,0.01114442,0.99946820,0.52113346,0.24225565
th0.08_sl0.04_inv_eco_a0.3,"clip(v110 + alpha*row_gate*support_gate*clip((auc_delta-threshold)/slope,0,1)*(v113-v110))",120,234,313,22,0.97911204,0.91495950,0.23287671,0.52054795,0.01114442,0.99946787,0.52113370,0.24223941
th0.08_sl0.04_inv_eco_a0.4,"clip(v110 + alpha*row_gate*support_gate*clip((auc_delta-threshold)/slope,0,1)*(v113-v110))",120,234,313,22,0.97911204,0.91500806,0.23287671,0.52054795,0.01114442,0.99946719,0.52113420,0.24220846
th0.08_sl0.04_inv_eco_a0.55,"clip(v110 + alpha*row_gate*support_gate*clip((auc_delta-threshold)/slope,0,1)*(v113-v110))",120,234,313,22,0.97911204,0.91505765,0.23287671,0.52054795,0.01114442,0.99946617,0.52113493,0.24216590
th0.08_sl0.04_inv_eco_a0.75,"clip(v110 + alpha*row_gate*support_gate*clip((auc_delta-threshold)/slope,0,1)*(v113-v110))",120,234,313,22,0.97911204,0.91511668,0.23287671,0.52054795,0.01114442,0.99946481,0.52113592,0.24211634
th0.08_sl0.04_inv_eco_a1,"clip(v110 + alpha*row_gate*support_gate*clip((auc_delta-threshold)/slope,0,1)*(v113-v110))",120,234,313,22,0.97911204,0.91518030,0.23287671,0.52054795,0.01114442,0.99946312,0.52113715,0.24206596
th0.08_sl0.08_flat_a0.1,"clip(v110 + alpha*row_gate*support_gate*clip((auc_delta-threshold)/slope,0,1)*(v113-v110))",120,234,313,22,0.97911204,0.91492395,0.21917808,0.52054795,0.01114442,0.99946852,0.52113177,0.24227287
th0.08_sl0.08_flat_a0.15,"clip(v110 + alpha*row_gate*support_gate*clip((auc_delta-threshold)/slope,0,1)*(v113-v110))",120,234,313,22,0.97911204,0.91496836,0.23287671,0.52054795,0.01114442,0.99946783,0.52113154,0.24223985
th0.08_sl0.08_flat_a0.2,"clip(v110 + alpha*row_gate*support_gate*clip((auc_delta-threshold)/slope,0,1)*(v113-v110))",120,234,313,22,0.97911204,0.91501542,0.23287671,0.52054795,0.01114442,0.99946714,0.52113131,0.24220869
th0.08_sl0.08_flat_a0.25,"clip(v110 + alpha*row_gate*support_gate*clip((auc_delta-threshold)/slope,0,1)*(v113-v110))",120,234,313,22,0.97911204,0.91505282,0.23287671,0.52054795,0.01114442,0.99946645,0.52113109,0.24217940
th0.08_sl0.08_flat_a0.3,"clip(v110 + alpha*row_gate*support_gate*clip((auc_delta-threshold)/slope,0,1)*(v113-v110))",120,234,313,22,0.97911204,0.91508849,0.23287671,0.52054795,0.01114442,0.99946576,0.52113086,0.24215199
th0.08_sl0.08_flat_a0.4,"clip(v110 + alpha*row_gate*support_gate*clip((auc_delta-threshold)/slope,0,1)*(v113-v110))",120,234,313,22,0.97911204,0.91514556,0.23287671,0.52054795,0.01114442,0.99946438,0.52113040,0.24210279
th0.08_sl0.08_flat_a0.55,"clip(v110 + alpha*row_gate*support_gate*clip((auc_delta-threshold)/slope,0,1)*(v113-v110))",120,234,313,22,0.97911204,0.91521724,0.23287671,0.52054795,0.01114442,0.99946231,0.52112972,0.24204305
th0.08_sl0.08_flat_a0.75,"clip(v110 + alpha*row_gate*support_gate*clip((auc_delta-threshold)/slope,0,1)*(v113-v110))",120,234,313,22,0.97911204,0.91527511,0.23287671,0.52054795,0.01114442,0.99945956,0.52112881,0.24198967
th0.08_sl0.08_flat_a1,"clip(v110 + alpha*row_gate*support_gate*clip((auc_delta-threshold)/slope,0,1)*(v113-v110))",120,234,313,22,0.97911204,0.91529536,0.23287671,0.52054795,0.01114442,0.99945611,0.52112767,0.24196518
th0.08_sl0.08_entropy_a0.1,"clip(v110 + alpha*row_gate*support_gate*clip((auc_delta-threshold)/slope,0,1)*(v113-v110))",120,234,313,22,0.97911204,0.91489093,0.21917808,0.52054795,0.01114442,0.99946893,0.52113139,0.24229881
th0.08_sl0.08_entropy_a0.15,"clip(v110 + alpha*row_gate*support_gate*clip((auc_delta-threshold)/slope,0,1)*(v113-v110))",120,234,313,22,0.97911204,0.91492625,0.21917808,0.52054795,0.01114442,0.99946845,0.52113097,0.24227713
th0.08_sl0.08_entropy_a0.2,"clip(v110 + alpha*row_gate*support_gate*clip((auc_delta-threshold)/slope,0,1)*(v113-v110))",120,234,313,22,0.97911204,0.91495571,0.23287671,0.52054795,0.01114442,0.99946797,0.52113056,0.24225625
th0.08_sl0.08_entropy_a0.25,"clip(v110 + alpha*row_gate*support_gate*clip((auc_delta-threshold)/slope,0,1)*(v113-v110))",120,234,313,22,0.97911204,0.91498873,0.23287671,0.52054795,0.01114442,0.99946748,0.52113014,0.24223616
th0.08_sl0.08_entropy_a0.3,"clip(v110 + alpha*row_gate*support_gate*clip((auc_delta-threshold)/slope,0,1)*(v113-v110))",120,234,313,22,0.97911204,0.91501324,0.23287671,0.52054795,0.01114442,0.99946700,0.52112972,0.24221688
th0.08_sl0.08_entropy_a0.4,"clip(v110 + alpha*row_gate*support_gate*clip((auc_delta-threshold)/slope,0,1)*(v113-v110))",120,234,313,22,0.97911204,0.91506559,0.23287671,0.52054795,0.01114442,0.99946603,0.52112888,0.24218069
th0.08_sl0.08_entropy_a0.55,"clip(v110 + alpha*row_gate*support_gate*clip((auc_delta-threshold)/slope,0,1)*(v113-v110))",120,234,313,22,0.97911204,0.91512795,0.23287671,0.52054795,0.01114442,0.99946458,0.52112763,0.24213239
th0.08_sl0.08_entropy_a0.75,"clip(v110 + alpha*row_gate*support_gate*clip((auc_delta-threshold)/slope,0,1)*(v113-v110))",120,234,313,22,0.97911204,0.91518732,0.23287671,0.52054795,0.01114442,0.99946265,0.52112596,0.24207915
th0.08_sl0.08_entropy_a1,"clip(v110 + alpha*row_gate*support_gate*clip((auc_delta-threshold)/slope,0,1)*(v113-v110))",120,234,313,22,0.97911204,0.91524416,0.23287671,0.52054795,0.01114442,0.99946023,0.52112387,0.24203055
th0.08_sl0.08_diff_a0.1,"clip(v110 + alpha*row_gate*support_gate*clip((auc_delta-threshold)/slope,0,1)*(v113-v110))",120,234,313,22,0.97911204,0.91485859,0.21917808,0.52054795,0.01114442,0.99946969,0.52113162,0.24231394
th0.08_sl0.08_diff_a0.15,"clip(v110 + alpha*row_gate*support_gate*clip((auc_delta-threshold)/slope,0,1)*(v113-v110))",120,234,313,22,0.97911204,0.91487954,0.21917808,0.52054795,0.01114442,0.99946959,0.52113131,0.24229934
th0.08_sl0.08_diff_a0.2,"clip(v110 + alpha*row_gate*support_gate*clip((auc_delta-threshold)/slope,0,1)*(v113-v110))",120,234,313,22,0.97911204,0.91489795,0.21917808,0.52054795,0.01114442,0.99946949,0.52113101,0.24228520
th0.08_sl0.08_diff_a0.25,"clip(v110 + alpha*row_gate*support_gate*clip((auc_delta-threshold)/slope,0,1)*(v113-v110))",120,234,313,22,0.97911204,0.91491555,0.21917808,0.52054795,0.01114442,0.99946938,0.52113070,0.24227153
th0.08_sl0.08_diff_a0.3,"clip(v110 + alpha*row_gate*support_gate*clip((auc_delta-threshold)/slope,0,1)*(v113-v110))",120,234,313,22,0.97911204,0.91493384,0.21917808,0.52054795,0.01114442,0.99946928,0.52113040,0.24225832
th0.08_sl0.08_diff_a0.4,"clip(v110 + alpha*row_gate*support_gate*clip((auc_delta-threshold)/slope,0,1)*(v113-v110))",120,234,313,22,0.97911204,0.91497101,0.21917808,0.52054795,0.01114442,0.99946907,0.52112979,0.24223330
th0.08_sl0.08_diff_a0.55,"clip(v110 + alpha*row_gate*support_gate*clip((auc_delta-threshold)/slope,0,1)*(v113-v110))",120,234,313,22,0.97911204,0.91501623,0.23287671,0.52054795,0.01114442,0.99946876,0.52112888,0.24219925
th0.08_sl0.08_diff_a0.75,"clip(v110 + alpha*row_gate*support_gate*clip((auc_delta-threshold)/slope,0,1)*(v113-v110))",120,234,313,22,0.97911204,0.91505949,0.23287671,0.52054795,0.01114442,0.99946834,0.52112766,0.24216037
th0.08_sl0.08_diff_a1,"clip(v110 + alpha*row_gate*support_gate*clip((auc_delta-threshold)/slope,0,1)*(v113-v110))",120,234,313,22,0.97911204,0.91509953,0.23287671,0.52054795,0.01114442,0.99946783,0.52112614,0.24212225
th0.08_sl0.08_eco_a0.1,"clip(v110 + alpha*row_gate*support_gate*clip((auc_delta-threshold)/slope,0,1)*(v113-v110))",120,234,313,22,0.97911204,0.91488000,0.21917808,0.52054795,0.01114442,0.99946920,0.52113147,0.24230398
th0.08_sl0.08_eco_a0.15,"clip(v110 + alpha*row_gate*support_gate*clip((auc_delta-threshold)/slope,0,1)*(v113-v110))",120,234,313,22,0.97911204,0.91491336,0.21917808,0.52054795,0.01114442,0.99946885,0.52113109,0.24228462
th0.08_sl0.08_eco_a0.2,"clip(v110 + alpha*row_gate*support_gate*clip((auc_delta-threshold)/slope,0,1)*(v113-v110))",120,234,313,22,0.97911204,0.91493983,0.21917808,0.52054795,0.01114442,0.99946850,0.52113071,0.24226588
th0.08_sl0.08_eco_a0.25,"clip(v110 + alpha*row_gate*support_gate*clip((auc_delta-threshold)/slope,0,1)*(v113-v110))",120,234,313,22,0.97911204,0.91496399,0.23287671,0.52054795,0.01114442,0.99946815,0.52113034,0.24224776
th0.08_sl0.08_eco_a0.3,"clip(v110 + alpha*row_gate*support_gate*clip((auc_delta-threshold)/slope,0,1)*(v113-v110))",120,234,313,22,0.97911204,0.91499034,0.23287671,0.52054795,0.01114442,0.99946780,0.52112996,0.24223026
th0.08_sl0.08_eco_a0.4,"clip(v110 + alpha*row_gate*support_gate*clip((auc_delta-threshold)/slope,0,1)*(v113-v110))",120,234,313,22,0.97911204,0.91503659,0.23287671,0.52054795,0.01114442,0.99946710,0.52112920,0.24219710
th0.08_sl0.08_eco_a0.55,"clip(v110 + alpha*row_gate*support_gate*clip((auc_delta-threshold)/slope,0,1)*(v113-v110))",120,234,313,22,0.97911204,0.91509297,0.23287671,0.52054795,0.01114442,0.99946604,0.52112807,0.24215200
th0.08_sl0.08_eco_a0.75,"clip(v110 + alpha*row_gate*support_gate*clip((auc_delta-threshold)/slope,0,1)*(v113-v110))",120,234,313,22,0.97911204,0.91515465,0.23287671,0.52054795,0.01114442,0.99946464,0.52112656,0.24210053
th0.08_sl0.08_eco_a1,"clip(v110 + alpha*row_gate*support_gate*clip((auc_delta-threshold)/slope,0,1)*(v113-v110))",120,234,313,22,0.97911204,0.91521275,0.23287671,0.52054795,0.01114442,0.99946289,0.52112467,0.24205012
th0.08_sl0.08_inv_eco_a0.1,"clip(v110 + alpha*row_gate*support_gate*clip((auc_delta-threshold)/slope,0,1)*(v113-v110))",120,234,313,22,0.97911204,0.91486619,0.21917808,0.52054795,0.01114442,0.99946922,0.52113253,0.24231176
th0.08_sl0.08_inv_eco_a0.15,"clip(v110 + alpha*row_gate*support_gate*clip((auc_delta-threshold)/slope,0,1)*(v113-v110))",120,234,313,22,0.97911204,0.91489081,0.21917808,0.52054795,0.01114442,0.99946888,0.52113268,0.24229599
th0.08_sl0.08_inv_eco_a0.2,"clip(v110 + alpha*row_gate*support_gate*clip((auc_delta-threshold)/slope,0,1)*(v113-v110))",120,234,313,22,0.97911204,0.91490968,0.21917808,0.52054795,0.01114442,0.99946854,0.52113283,0.24228063
th0.08_sl0.08_inv_eco_a0.25,"clip(v110 + alpha*row_gate*support_gate*clip((auc_delta-threshold)/slope,0,1)*(v113-v110))",120,234,313,22,0.97911204,0.91492625,0.23287671,0.52054795,0.01114442,0.99946820,0.52113298,0.24226568
th0.08_sl0.08_inv_eco_a0.3,"clip(v110 + alpha*row_gate*support_gate*clip((auc_delta-threshold)/slope,0,1)*(v113-v110))",120,234,313,22,0.97911204,0.91494454,0.23287671,0.52054795,0.01114442,0.99946787,0.52113313,0.24225115
th0.08_sl0.08_inv_eco_a0.4,"clip(v110 + alpha*row_gate*support_gate*clip((auc_delta-threshold)/slope,0,1)*(v113-v110))",120,234,313,22,0.97911204,0.91498838,0.23287671,0.52054795,0.01114442,0.99946719,0.52113343,0.24222332
th0.08_sl0.08_inv_eco_a0.55,"clip(v110 + alpha*row_gate*support_gate*clip((auc_delta-threshold)/slope,0,1)*(v113-v110))",120,234,313,22,0.97911204,0.91503441,0.23287671,0.52054795,0.01114442,0.99946617,0.52113388,0.24218467
th0.08_sl0.08_inv_eco_a0.75,"clip(v110 + alpha*row_gate*support_gate*clip((auc_delta-threshold)/slope,0,1)*(v113-v110))",120,234,313,22,0.97911204,0.91509251,0.23287671,0.52054795,0.01114442,0.99946481,0.52113448,0.24213894
th0.08_sl0.08_inv_eco_a1,"clip(v110 + alpha*row_gate*support_gate*clip((auc_delta-threshold)/slope,0,1)*(v113-v110))",120,234,313,22,0.97911204,0.91515361,0.23287671,0.52054795,0.01114442,0.99946312,0.52113523,0.24209108
th0.08_sl0.12_flat_a0.1,"clip(v110 + alpha*row_gate*support_gate*clip((auc_delta-threshold)/slope,0,1)*(v113-v110))",120,234,313,22,0.97911204,0.91490427,0.21917808,0.52054795,0.01114442,0.99946864,0.52113187,0.24229015
th0.08_sl0.12_flat_a0.15,"clip(v110 + alpha*row_gate*support_gate*clip((auc_delta-threshold)/slope,0,1)*(v113-v110))",120,234,313,22,0.97911204,0.91493269,0.21917808,0.52054795,0.01114442,0.99946801,0.52113169,0.24226455
th0.08_sl0.12_flat_a0.2,"clip(v110 + alpha*row_gate*support_gate*clip((auc_delta-threshold)/slope,0,1)*(v113-v110))",120,234,313,22,0.97911204,0.91496779,0.23287671,0.52054795,0.01114442,0.99946738,0.52113151,0.24224000
th0.08_sl0.12_flat_a0.25,"clip(v110 + alpha*row_gate*support_gate*clip((auc_delta-threshold)/slope,0,1)*(v113-v110))",120,234,313,22,0.97911204,0.91500645,0.23287671,0.52054795,0.01114442,0.99946676,0.52113133,0.24221650
th0.08_sl0.12_flat_a0.3,"clip(v110 + alpha*row_gate*support_gate*clip((auc_delta-threshold)/slope,0,1)*(v113-v110))",120,234,313,22,0.97911204,0.91503763,0.23287671,0.52054795,0.01114442,0.99946613,0.52113115,0.24219407
th0.08_sl0.12_flat_a0.4,"clip(v110 + alpha*row_gate*support_gate*clip((auc_delta-threshold)/slope,0,1)*(v113-v110))",120,234,313,22,0.97911204,0.91509125,0.23287671,0.52054795,0.01114442,0.99946487,0.52113079,0.24215239
th0.08_sl0.12_flat_a0.55,"clip(v110 + alpha*row_gate*support_gate*clip((auc_delta-threshold)/slope,0,1)*(v113-v110))",120,234,313,22,0.97911204,0.91515614,0.23287671,0.52054795,0.01114442,0.99946298,0.52113025,0.24209781
th0.08_sl0.12_flat_a0.75,"clip(v110 + alpha*row_gate*support_gate*clip((auc_delta-threshold)/slope,0,1)*(v113-v110))",120,234,313,22,0.97911204,0.91521988,0.23287671,0.52054795,0.01114442,0.99946047,0.52112953,0.24203988
th0.08_sl0.12_flat_a1,"clip(v110 + alpha*row_gate*support_gate*clip((auc_delta-threshold)/slope,0,1)*(v113-v110))",120,234,313,22,0.97911204,0.91527857,0.23287671,0.52054795,0.01114442,0.99945732,0.52112863,0.24199136
th0.08_sl0.12_entropy_a0.1,"clip(v110 + alpha*row_gate*support_gate*clip((auc_delta-threshold)/slope,0,1)*(v113-v110))",120,234,313,22,0.97911204,0.91487183,0.21917808,0.52054795,0.01114442,0.99946902,0.52113141,0.24230998
th0.08_sl0.12_entropy_a0.15,"clip(v110 + alpha*row_gate*support_gate*clip((auc_delta-threshold)/slope,0,1)*(v113-v110))",120,234,313,22,0.97911204,0.91489979,0.21917808,0.52054795,0.01114442,0.99946858,0.52113101,0.24229338
th0.08_sl0.12_entropy_a0.2,"clip(v110 + alpha*row_gate*support_gate*clip((auc_delta-threshold)/slope,0,1)*(v113-v110))",120,234,313,22,0.97911204,0.91492567,0.21917808,0.52054795,0.01114442,0.99946814,0.52113060,0.24227722
th0.08_sl0.12_entropy_a0.25,"clip(v110 + alpha*row_gate*support_gate*clip((auc_delta-threshold)/slope,0,1)*(v113-v110))",120,234,313,22,0.97911204,0.91494742,0.23287671,0.52054795,0.01114442,0.99946770,0.52113020,0.24226152
th0.08_sl0.12_entropy_a0.3,"clip(v110 + alpha*row_gate*support_gate*clip((auc_delta-threshold)/slope,0,1)*(v113-v110))",120,234,313,22,0.97911204,0.91497170,0.23287671,0.52054795,0.01114442,0.99946725,0.52112979,0.24224626
th0.08_sl0.12_entropy_a0.4,"clip(v110 + alpha*row_gate*support_gate*clip((auc_delta-threshold)/slope,0,1)*(v113-v110))",120,234,313,22,0.97911204,0.91501370,0.23287671,0.52054795,0.01114442,0.99946637,0.52112898,0.24221711
th0.08_sl0.12_entropy_a0.55,"clip(v110 + alpha*row_gate*support_gate*clip((auc_delta-threshold)/slope,0,1)*(v113-v110))",120,234,313,22,0.97911204,0.91507134,0.23287671,0.52054795,0.01114442,0.99946505,0.52112777,0.24217675
th0.08_sl0.12_entropy_a0.75,"clip(v110 + alpha*row_gate*support_gate*clip((auc_delta-threshold)/slope,0,1)*(v113-v110))",120,234,313,22,0.97911204,0.91512979,0.23287671,0.52054795,0.01114442,0.99946329,0.52112614,0.24212926
th0.08_sl0.12_entropy_a1,"clip(v110 + alpha*row_gate*support_gate*clip((auc_delta-threshold)/slope,0,1)*(v113-v110))",120,234,313,22,0.97911204,0.91518985,0.23287671,0.52054795,0.01114442,0.99946108,0.52112412,0.24208005
th0.08_sl0.12_diff_a0.1,"clip(v110 + alpha*row_gate*support_gate*clip((auc_delta-threshold)/slope,0,1)*(v113-v110))",120,234,313,22,0.97911204,0.91484858,0.21917808,0.52054795,0.01114442,0.99946971,0.52113196,0.24232152
th0.08_sl0.12_diff_a0.15,"clip(v110 + alpha*row_gate*support_gate*clip((auc_delta-threshold)/slope,0,1)*(v113-v110))",120,234,313,22,0.97911204,0.91486400,0.21917808,0.52054795,0.01114442,0.99946962,0.52113183,0.24231041
th0.08_sl0.12_diff_a0.2,"clip(v110 + alpha*row_gate*support_gate*clip((auc_delta-threshold)/slope,0,1)*(v113-v110))",120,234,313,22,0.97911204,0.91487896,0.21917808,0.52054795,0.01114442,0.99946952,0.52113170,0.24229957
th0.08_sl0.12_diff_a0.25,"clip(v110 + alpha*row_gate*support_gate*clip((auc_delta-threshold)/slope,0,1)*(v113-v110))",120,234,313,22,0.97911204,0.91489208,0.21917808,0.52054795,0.01114442,0.99946943,0.52113157,0.24228899
th0.08_sl0.12_diff_a0.3,"clip(v110 + alpha*row_gate*support_gate*clip((auc_delta-threshold)/slope,0,1)*(v113-v110))",120,234,313,22,0.97911204,0.91490704,0.21917808,0.52054795,0.01114442,0.99946933,0.52113144,0.24227867
th0.08_sl0.12_diff_a0.4,"clip(v110 + alpha*row_gate*support_gate*clip((auc_delta-threshold)/slope,0,1)*(v113-v110))",120,234,313,22,0.97911204,0.91493281,0.21917808,0.52054795,0.01114442,0.99946914,0.52113118,0.24225884
th0.08_sl0.12_diff_a0.55,"clip(v110 + alpha*row_gate*support_gate*clip((auc_delta-threshold)/slope,0,1)*(v113-v110))",120,234,313,22,0.97911204,0.91497296,0.21917808,0.52054795,0.01114442,0.99946886,0.52113078,0.24223109
th0.08_sl0.12_diff_a0.75,"clip(v110 + alpha*row_gate*support_gate*clip((auc_delta-threshold)/slope,0,1)*(v113-v110))",120,234,313,22,0.97911204,0.91501956,0.21917808,0.52054795,0.01114442,0.99946848,0.52113026,0.24219781
th0.08_sl0.12_diff_a1,"clip(v110 + alpha*row_gate*support_gate*clip((auc_delta-threshold)/slope,0,1)*(v113-v110))",120,234,313,22,0.97911204,0.91505627,0.23287671,0.52054795,0.01114442,0.99946801,0.52112960,0.24216220
th0.08_sl0.12_eco_a0.1,"clip(v110 + alpha*row_gate*support_gate*clip((auc_delta-threshold)/slope,0,1)*(v113-v110))",120,234,313,22,0.97911204,0.91486481,0.21917808,0.52054795,0.01114442,0.99946926,0.52113161,0.24231395
th0.08_sl0.12_eco_a0.15,"clip(v110 + alpha*row_gate*support_gate*clip((auc_delta-threshold)/slope,0,1)*(v113-v110))",120,234,313,22,0.97911204,0.91488989,0.21917808,0.52054795,0.01114442,0.99946894,0.52113130,0.24229918
th0.08_sl0.12_eco_a0.2,"clip(v110 + alpha*row_gate*support_gate*clip((auc_delta-threshold)/slope,0,1)*(v113-v110))",120,234,313,22,0.97911204,0.91491244,0.21917808,0.52054795,0.01114442,0.99946862,0.52113099,0.24228476
th0.08_sl0.12_eco_a0.25,"clip(v110 + alpha*row_gate*support_gate*clip((auc_delta-threshold)/slope,0,1)*(v113-v110))",120,234,313,22,0.97911204,0.91493200,0.21917808,0.52054795,0.01114442,0.99946830,0.52113068,0.24227069
th0.08_sl0.12_eco_a0.3,"clip(v110 + alpha*row_gate*support_gate*clip((auc_delta-threshold)/slope,0,1)*(v113-v110))",120,234,313,22,0.97911204,0.91494995,0.21917808,0.52054795,0.01114442,0.99946798,0.52113037,0.24225697
th0.08_sl0.12_eco_a0.4,"clip(v110 + alpha*row_gate*support_gate*clip((auc_delta-threshold)/slope,0,1)*(v113-v110))",120,234,313,22,0.97911204,0.91498930,0.23287671,0.52054795,0.01114442,0.99946734,0.52112975,0.24223059
th0.08_sl0.12_eco_a0.55,"clip(v110 + alpha*row_gate*support_gate*clip((auc_delta-threshold)/slope,0,1)*(v113-v110))",120,234,313,22,0.97911204,0.91504131,0.23287671,0.52054795,0.01114442,0.99946638,0.52112882,0.24219364
th0.08_sl0.12_eco_a0.75,"clip(v110 + alpha*row_gate*support_gate*clip((auc_delta-threshold)/slope,0,1)*(v113-v110))",120,234,313,22,0.97911204,0.91510275,0.23287671,0.52054795,0.01114442,0.99946510,0.52112758,0.24214930
th0.08_sl0.12_eco_a1,"clip(v110 + alpha*row_gate*support_gate*clip((auc_delta-threshold)/slope,0,1)*(v113-v110))",120,234,313,22,0.97911204,0.91515706,0.23287671,0.52054795,0.01114442,0.99946351,0.52112604,0.24210177
th0.08_sl0.12_inv_eco_a0.1,"clip(v110 + alpha*row_gate*support_gate*clip((auc_delta-threshold)/slope,0,1)*(v113-v110))",120,234,313,22,0.97911204,0.91485296,0.21917808,0.52054795,0.01114442,0.99946928,0.52113249,0.24231980
th0.08_sl0.12_inv_eco_a0.15,"clip(v110 + alpha*row_gate*support_gate*clip((auc_delta-threshold)/slope,0,1)*(v113-v110))",120,234,313,22,0.97911204,0.91487367,0.21917808,0.52054795,0.01114442,0.99946897,0.52113261,0.24230777
th0.08_sl0.12_inv_eco_a0.2,"clip(v110 + alpha*row_gate*support_gate*clip((auc_delta-threshold)/slope,0,1)*(v113-v110))",120,234,313,22,0.97911204,0.91489208,0.21917808,0.52054795,0.01114442,0.99946866,0.52113274,0.24229598
th0.08_sl0.12_inv_eco_a0.25,"clip(v110 + alpha*row_gate*support_gate*clip((auc_delta-threshold)/slope,0,1)*(v113-v110))",120,234,313,22,0.97911204,0.91490657,0.21917808,0.52054795,0.01114442,0.99946835,0.52113287,0.24228441
th0.08_sl0.12_inv_eco_a0.3,"clip(v110 + alpha*row_gate*support_gate*clip((auc_delta-threshold)/slope,0,1)*(v113-v110))",120,234,313,22,0.97911204,0.91492096,0.21917808,0.52054795,0.01114442,0.99946804,0.52113300,0.24227308
th0.08_sl0.12_inv_eco_a0.4,"clip(v110 + alpha*row_gate*support_gate*clip((auc_delta-threshold)/slope,0,1)*(v113-v110))",120,234,313,22,0.97911204,0.91494857,0.23287671,0.52054795,0.01114442,0.99946743,0.52113326,0.24225112
th0.08_sl0.12_inv_eco_a0.55,"clip(v110 + alpha*row_gate*support_gate*clip((auc_delta-threshold)/slope,0,1)*(v113-v110))",120,234,313,22,0.97911204,0.91499276,0.23287671,0.52054795,0.01114442,0.99946650,0.52113365,0.24221992
th0.08_sl0.12_inv_eco_a0.75,"clip(v110 + alpha*row_gate*support_gate*clip((auc_delta-threshold)/slope,0,1)*(v113-v110))",120,234,313,22,0.97911204,0.91503740,0.23287671,0.52054795,0.01114442,0.99946526,0.52113417,0.24218157
th0.08_sl0.12_inv_eco_a1,"clip(v110 + alpha*row_gate*support_gate*clip((auc_delta-threshold)/slope,0,1)*(v113-v110))",120,234,313,22,0.97911204,0.91509596,0.23287671,0.52054795,0.01114442,0.99946371,0.52113482,0.24213887
th0.08_sl0.2_flat_a0.1,"clip(v110 + alpha*row_gate*support_gate*clip((auc_delta-threshold)/slope,0,1)*(v113-v110))",120,234,313,22,0.97911204,0.91486907,0.21917808,0.52054795,0.01114442,0.99946915,0.52113201,0.24231140
th0.08_sl0.2_flat_a0.15,"clip(v110 + alpha*row_gate*support_gate*clip((auc_delta-threshold)/slope,0,1)*(v113-v110))",120,234,313,22,0.97911204,0.91489518,0.21917808,0.52054795,0.01114442,0.99946877,0.52113190,0.24229540
th0.08_sl0.2_flat_a0.2,"clip(v110 + alpha*row_gate*support_gate*clip((auc_delta-threshold)/slope,0,1)*(v113-v110))",120,234,313,22,0.97911204,0.91491532,0.21917808,0.52054795,0.01114442,0.99946839,0.52113179,0.24227978
th0.08_sl0.2_flat_a0.25,"clip(v110 + alpha*row_gate*support_gate*clip((auc_delta-threshold)/slope,0,1)*(v113-v110))",120,234,313,22,0.97911204,0.91493269,0.21917808,0.52054795,0.01114442,0.99946801,0.52113169,0.24226455
th0.08_sl0.2_flat_a0.3,"clip(v110 + alpha*row_gate*support_gate*clip((auc_delta-threshold)/slope,0,1)*(v113-v110))",120,234,313,22,0.97911204,0.91495317,0.23287671,0.52054795,0.01114442,0.99946764,0.52113158,0.24224969
th0.08_sl0.2_flat_a0.4,"clip(v110 + alpha*row_gate*support_gate*clip((auc_delta-threshold)/slope,0,1)*(v113-v110))",120,234,313,22,0.97911204,0.91499793,0.23287671,0.52054795,0.01114442,0.99946688,0.52113136,0.24222112
th0.08_sl0.2_flat_a0.55,"clip(v110 + alpha*row_gate*support_gate*clip((auc_delta-threshold)/slope,0,1)*(v113-v110))",120,234,313,22,0.97911204,0.91505638,0.23287671,0.52054795,0.01114442,0.99946575,0.52113104,0.24218112
th0.08_sl0.2_flat_a0.75,"clip(v110 + alpha*row_gate*support_gate*clip((auc_delta-threshold)/slope,0,1)*(v113-v110))",120,234,313,22,0.97911204,0.91511288,0.23287671,0.52054795,0.01114442,0.99946424,0.52113061,0.24213313
th0.08_sl0.2_flat_a1,"clip(v110 + alpha*row_gate*support_gate*clip((auc_delta-threshold)/slope,0,1)*(v113-v110))",120,234,313,22,0.97911204,0.91517156,0.23287671,0.52054795,0.01114442,0.99946235,0.52113007,0.24208173
th0.08_sl0.2_entropy_a0.1,"clip(v110 + alpha*row_gate*support_gate*clip((auc_delta-threshold)/slope,0,1)*(v113-v110))",120,234,313,22,0.97911204,0.91484985,0.21917808,0.52054795,0.01114442,0.99946937,0.52113174,0.24232359
th0.08_sl0.2_entropy_a0.15,"clip(v110 + alpha*row_gate*support_gate*clip((auc_delta-threshold)/slope,0,1)*(v113-v110))",120,234,313,22,0.97911204,0.91486630,0.21917808,0.52054795,0.01114442,0.99946911,0.52113150,0.24231336
th0.08_sl0.2_entropy_a0.2,"clip(v110 + alpha*row_gate*support_gate*clip((auc_delta-threshold)/slope,0,1)*(v113-v110))",120,234,313,22,0.97911204,0.91488471,0.21917808,0.52054795,0.01114442,0.99946884,0.52113125,0.24230329
th0.08_sl0.2_entropy_a0.25,"clip(v110 + alpha*row_gate*support_gate*clip((auc_delta-threshold)/slope,0,1)*(v113-v110))",120,234,313,22,0.97911204,0.91489979,0.21917808,0.52054795,0.01114442,0.99946858,0.52113101,0.24229338
th0.08_sl0.2_entropy_a0.3,"clip(v110 + alpha*row_gate*support_gate*clip((auc_delta-threshold)/slope,0,1)*(v113-v110))",120,234,313,22,0.97911204,0.91491520,0.21917808,0.52054795,0.01114442,0.99946831,0.52113077,0.24228363
th0.08_sl0.2_entropy_a0.4,"clip(v110 + alpha*row_gate*support_gate*clip((auc_delta-threshold)/slope,0,1)*(v113-v110))",120,234,313,22,0.97911204,0.91494374,0.23287671,0.52054795,0.01114442,0.99946778,0.52113028,0.24226462
th0.08_sl0.2_entropy_a0.55,"clip(v110 + alpha*row_gate*support_gate*clip((auc_delta-threshold)/slope,0,1)*(v113-v110))",120,234,313,22,0.97911204,0.91498631,0.23287671,0.52054795,0.01114442,0.99946699,0.52112955,0.24223733
th0.08_sl0.2_entropy_a0.75,"clip(v110 + alpha*row_gate*support_gate*clip((auc_delta-threshold)/slope,0,1)*(v113-v110))",120,234,313,22,0.97911204,0.91503234,0.23287671,0.52054795,0.01114442,0.99946593,0.52112858,0.24220321
th0.08_sl0.2_entropy_a1,"clip(v110 + alpha*row_gate*support_gate*clip((auc_delta-threshold)/slope,0,1)*(v113-v110))",120,234,313,22,0.97911204,0.91508826,0.23287671,0.52054795,0.01114442,0.99946461,0.52112736,0.24216420
th0.08_sl0.2_diff_a0.1,"clip(v110 + alpha*row_gate*support_gate*clip((auc_delta-threshold)/slope,0,1)*(v113-v110))",120,234,313,22,0.97911204,0.91483547,0.21917808,0.52054795,0.01114442,0.99946979,0.52113207,0.24233061
th0.08_sl0.2_diff_a0.15,"clip(v110 + alpha*row_gate*support_gate*clip((auc_delta-threshold)/slope,0,1)*(v113-v110))",120,234,313,22,0.97911204,0.91484582,0.21917808,0.52054795,0.01114442,0.99946973,0.52113199,0.24232378
th0.08_sl0.2_diff_a0.2,"clip(v110 + alpha*row_gate*support_gate*clip((auc_delta-threshold)/slope,0,1)*(v113-v110))",120,234,313,22,0.97911204,0.91485365,0.21917808,0.52054795,0.01114442,0.99946967,0.52113191,0.24231705
th0.08_sl0.2_diff_a0.25,"clip(v110 + alpha*row_gate*support_gate*clip((auc_delta-threshold)/slope,0,1)*(v113-v110))",120,234,313,22,0.97911204,0.91486400,0.21917808,0.52054795,0.01114442,0.99946962,0.52113183,0.24231041
th0.08_sl0.2_diff_a0.3,"clip(v110 + alpha*row_gate*support_gate*clip((auc_delta-threshold)/slope,0,1)*(v113-v110))",120,234,313,22,0.97911204,0.91487505,0.21917808,0.52054795,0.01114442,0.99946956,0.52113175,0.24230387
th0.08_sl0.2_diff_a0.4,"clip(v110 + alpha*row_gate*support_gate*clip((auc_delta-threshold)/slope,0,1)*(v113-v110))",120,234,313,22,0.97911204,0.91488851,0.21917808,0.52054795,0.01114442,0.99946945,0.52113160,0.24229108
th0.08_sl0.2_diff_a0.55,"clip(v110 + alpha*row_gate*support_gate*clip((auc_delta-threshold)/slope,0,1)*(v113-v110))",120,234,313,22,0.97911204,0.91491417,0.21917808,0.52054795,0.01114442,0.99946928,0.52113136,0.24227261
th0.08_sl0.2_diff_a0.75,"clip(v110 + alpha*row_gate*support_gate*clip((auc_delta-threshold)/slope,0,1)*(v113-v110))",120,234,313,22,0.97911204,0.91494788,0.21917808,0.52054795,0.01114442,0.99946905,0.52113105,0.24224932
th0.08_sl0.2_diff_a1,"clip(v110 + alpha*row_gate*support_gate*clip((auc_delta-threshold)/slope,0,1)*(v113-v110))",120,234,313,22,0.97911204,0.91498689,0.21917808,0.52054795,0.01114442,0.99946877,0.52113065,0.24222237
th0.08_sl0.2_eco_a0.1,"clip(v110 + alpha*row_gate*support_gate*clip((auc_delta-threshold)/slope,0,1)*(v113-v110))",120,234,313,22,0.97911204,0.91484421,0.21917808,0.52054795,0.01114442,0.99946952,0.52113185,0.24232602
th0.08_sl0.2_eco_a0.15,"clip(v110 + alpha*row_gate*support_gate*clip((auc_delta-threshold)/slope,0,1)*(v113-v110))",120,234,313,22,0.97911204,0.91486113,0.21917808,0.52054795,0.01114442,0.99946932,0.52113167,0.24231695
th0.08_sl0.2_eco_a0.2,"clip(v110 + alpha*row_gate*support_gate*clip((auc_delta-threshold)/slope,0,1)*(v113-v110))",120,234,313,22,0.97911204,0.91487447,0.21917808,0.52054795,0.01114442,0.99946913,0.52113148,0.24230800
th0.08_sl0.2_eco_a0.25,"clip(v110 + alpha*row_gate*support_gate*clip((auc_delta-threshold)/slope,0,1)*(v113-v110))",120,234,313,22,0.97911204,0.91488989,0.21917808,0.52054795,0.01114442,0.99946894,0.52113130,0.24229918
th0.08_sl0.2_eco_a0.3,"clip(v110 + alpha*row_gate*support_gate*clip((auc_delta-threshold)/slope,0,1)*(v113-v110))",120,234,313,22,0.97911204,0.91490427,0.21917808,0.52054795,0.01114442,0.99946875,0.52113111,0.24229049
th0.08_sl0.2_eco_a0.4,"clip(v110 + alpha*row_gate*support_gate*clip((auc_delta-threshold)/slope,0,1)*(v113-v110))",120,234,313,22,0.97911204,0.91492844,0.21917808,0.52054795,0.01114442,0.99946837,0.52113074,0.24227348
th0.08_sl0.2_eco_a0.55,"clip(v110 + alpha*row_gate*support_gate*clip((auc_delta-threshold)/slope,0,1)*(v113-v110))",120,234,313,22,0.97911204,0.91496042,0.23287671,0.52054795,0.01114442,0.99946779,0.52113018,0.24224891
th0.08_sl0.2_eco_a0.75,"clip(v110 + alpha*row_gate*support_gate*clip((auc_delta-threshold)/slope,0,1)*(v113-v110))",120,234,313,22,0.97911204,0.91500898,0.23287671,0.52054795,0.01114442,0.99946702,0.52112944,0.24221792
th0.08_sl0.2_eco_a1,"clip(v110 + alpha*row_gate*support_gate*clip((auc_delta-threshold)/slope,0,1)*(v113-v110))",120,234,313,22,0.97911204,0.91505880,0.23287671,0.52054795,0.01114442,0.99946606,0.52112851,0.24218203
th0.08_sl0.2_inv_eco_a0.1,"clip(v110 + alpha*row_gate*support_gate*clip((auc_delta-threshold)/slope,0,1)*(v113-v110))",120,234,313,22,0.97911204,0.91483880,0.21917808,0.52054795,0.01114442,0.99946953,0.52113238,0.24232958
th0.08_sl0.2_inv_eco_a0.15,"clip(v110 + alpha*row_gate*support_gate*clip((auc_delta-threshold)/slope,0,1)*(v113-v110))",120,234,313,22,0.97911204,0.91484962,0.21917808,0.52054795,0.01114442,0.99946934,0.52113246,0.24232223
th0.08_sl0.2_inv_eco_a0.2,"clip(v110 + alpha*row_gate*support_gate*clip((auc_delta-threshold)/slope,0,1)*(v113-v110))",120,234,313,22,0.97911204,0.91486170,0.21917808,0.52054795,0.01114442,0.99946916,0.52113254,0.24231496
th0.08_sl0.2_inv_eco_a0.25,"clip(v110 + alpha*row_gate*support_gate*clip((auc_delta-threshold)/slope,0,1)*(v113-v110))",120,234,313,22,0.97911204,0.91487367,0.21917808,0.52054795,0.01114442,0.99946897,0.52113261,0.24230777
th0.08_sl0.2_inv_eco_a0.3,"clip(v110 + alpha*row_gate*support_gate*clip((auc_delta-threshold)/slope,0,1)*(v113-v110))",120,234,313,22,0.97911204,0.91488517,0.21917808,0.52054795,0.01114442,0.99946879,0.52113269,0.24230067
th0.08_sl0.2_inv_eco_a0.4,"clip(v110 + alpha*row_gate*support_gate*clip((auc_delta-threshold)/slope,0,1)*(v113-v110))",120,234,313,22,0.97911204,0.91490255,0.21917808,0.52054795,0.01114442,0.99946842,0.52113285,0.24228671
th0.08_sl0.2_inv_eco_a0.55,"clip(v110 + alpha*row_gate*support_gate*clip((auc_delta-threshold)/slope,0,1)*(v113-v110))",120,234,313,22,0.97911204,0.91492821,0.23287671,0.52054795,0.01114442,0.99946786,0.52113308,0.24226640
th0.08_sl0.2_inv_eco_a0.75,"clip(v110 + alpha*row_gate*support_gate*clip((auc_delta-threshold)/slope,0,1)*(v113-v110))",120,234,313,22,0.97911204,0.91496457,0.23287671,0.52054795,0.01114442,0.99946712,0.52113339,0.24224049
th0.08_sl0.2_inv_eco_a1,"clip(v110 + alpha*row_gate*support_gate*clip((auc_delta-threshold)/slope,0,1)*(v113-v110))",120,234,313,22,0.97911204,0.91500748,0.23287671,0.52054795,0.01114442,0.99946619,0.52113378,0.24220999
v113,baseline,120,234,313,22,0.97755927,0.91558215,0.17808219,0.53424658,0.01114442,0.99950665,0.52102174,0.24324007
