name,macro_auc,micro_auc,top1_hit,top5_hit,scored_classes,min,max,mean,std,kind,params,classes_mixed
v114_v116_cls_margin-0.02_w0.4_side_gt_anchor,0.9827547338957483,0.9258880752441212,0.2465753424657534,0.5342465753424658,22,0.011144416,0.9994662,0.5223652274433119,0.24183018205584664,class_selective_prob,anchor=v114;side=v116;margin=-0.02;w=0.4;gate=side_gt_anchor,10
v110_v116_cls_margin-0.02_w0.4_side_gt_anchor,0.9827547338957483,0.9251080217846569,0.2328767123287671,0.5342465753424658,22,0.011144416,0.9994699,0.5223760101891595,0.24225406836448335,class_selective_prob,anchor=v110;side=v116;margin=-0.02;w=0.4;gate=side_gt_anchor,10
v114_v116_cls_margin-0.02_w0.25_anchor_not_top5,0.9826897619637098,0.9208632054668521,0.2328767123287671,0.5205479452054794,22,0.011144416,0.9994662,0.5210837325030894,0.24174369247000183,class_selective_prob,anchor=v114;side=v116;margin=-0.02;w=0.25;gate=anchor_not_top5,10
v114_v116_cls_margin-0.02_w0.25_none,0.9826897619637098,0.9207221411492323,0.2465753424657534,0.5068493150684932,22,0.011144416,0.9994662,0.5210784839091613,0.24173391845035552,class_selective_prob,anchor=v114;side=v116;margin=-0.02;w=0.25;gate=none,10
v114_v116_cls_margin-0.02_w0.2_anchor_not_top5,0.9826694756580878,0.9199107336713738,0.2328767123287671,0.5205479452054794,22,0.011144416,0.9994662,0.5210901189545869,0.24174332758493886,class_selective_prob,anchor=v114;side=v116;margin=-0.02;w=0.2;gate=anchor_not_top5,10
v114_v116_cls_margin-0.02_w0.2_none,0.9826694756580878,0.9198024616298728,0.2465753424657534,0.5068493150684932,22,0.011144416,0.9994662,0.5210859200794444,0.2417354626352495,class_selective_prob,anchor=v114;side=v116;margin=-0.02;w=0.2;gate=none,10
v114_v116_cls_margin-0.02_w0.3_anchor_not_top5,0.9826555357343106,0.9217651656510457,0.2328767123287671,0.5205479452054794,22,0.011144416,0.9994662,0.5210773460515918,0.24176186948542255,class_selective_prob,anchor=v114;side=v116;margin=-0.02;w=0.3;gate=anchor_not_top5,10
v110_v116_cls_margin-0.02_w0.3_anchor_not_top5,0.9826176253544485,0.9209482927938341,0.2191780821917808,0.5205479452054794,22,0.011144416,0.9994699,0.5210901630205093,0.24218505833385434,class_selective_prob,anchor=v110;side=v116;margin=-0.02;w=0.3;gate=anchor_not_top5,10
v110_v116_cls_margin-0.02_w0.25_anchor_not_top5,0.9825760308241237,0.9200214795161609,0.2191780821917808,0.5205479452054794,22,0.011144416,0.9994699,0.5210971735015045,0.24216725240229958,class_selective_prob,anchor=v110;side=v116;margin=-0.02;w=0.25;gate=anchor_not_top5,10
v110_v116_cls_margin-0.02_w0.25_none,0.9825760308241237,0.9198684488942732,0.2328767123287671,0.5068493150684932,22,0.011144416,0.9994699,0.5210925705155717,0.24215853550687827,class_selective_prob,anchor=v110;side=v116;margin=-0.02;w=0.25;gate=none,10
v114_v116_cls_margin-0.02_w0.18_anchor_not_top5,0.9825678449460656,0.9195016931745236,0.2328767123287671,0.5205479452054794,22,0.011144416,0.9994662,0.521092673535186,0.24174816917777112,class_selective_prob,anchor=v114;side=v116;margin=-0.02;w=0.18;gate=anchor_not_top5,10
v114_v116_cls_margin-0.02_w0.18_none,0.9825678449460656,0.9194060778009983,0.2465753424657534,0.5068493150684932,22,0.011144416,0.9994662,0.5210888945475577,0.2417410744053516,class_selective_prob,anchor=v114;side=v116;margin=-0.02;w=0.18;gate=none,10
v110_v116_cls_margin-0.02_w0.2_anchor_not_top5,0.9825557445185017,0.9190548552646733,0.2191780821917808,0.5205479452054794,22,0.011144416,0.9994699,0.5211041839825,0.24216720520238033,class_selective_prob,anchor=v110;side=v116;margin=-0.02;w=0.2;gate=anchor_not_top5,10
v110_v116_cls_margin-0.02_w0.2_none,0.9825557445185017,0.9189379536768253,0.2328767123287671,0.5068493150684932,22,0.011144416,0.9994699,0.5211005015937535,0.24216018989648377,class_selective_prob,anchor=v110;side=v116;margin=-0.02;w=0.2;gate=none,10
v114_v116_cls_margin-0.02_w0.35_side_gt_anchor,0.9825309240546609,0.9246913297567124,0.2465753424657534,0.5205479452054794,22,0.011144416,0.9994662,0.5222090321079701,0.24181132284066909,class_selective_prob,anchor=v114;side=v116;margin=-0.02;w=0.35;gate=side_gt_anchor,10
v110_v116_cls_margin-0.02_w0.35_side_gt_anchor,0.9825309240546609,0.9238914858709588,0.2328767123287671,0.5205479452054794,22,0.011144416,0.9994699,0.5222205371538248,0.24223538802328165,class_selective_prob,anchor=v110;side=v116;margin=-0.02;w=0.35;gate=side_gt_anchor,10
v110_v116_cls_margin-0.02_w0.18_anchor_not_top5,0.9824541138064796,0.9186503021319237,0.2191780821917808,0.5205479452054794,22,0.011144416,0.9994699,0.5211069881748982,0.24217215890086494,class_selective_prob,anchor=v110;side=v116;margin=-0.02;w=0.18;gate=anchor_not_top5,10
v110_v116_cls_margin-0.02_w0.18_none,0.9824541138064796,0.9185460572120513,0.2328767123287671,0.5068493150684932,22,0.011144416,0.9994699,0.5211036740250263,0.2421658302114175,class_selective_prob,anchor=v110;side=v116;margin=-0.02;w=0.18;gate=none,10
v114_v116_cls_margin-0.02_w0.15_anchor_not_top5,0.9824302477123993,0.918904068324836,0.2328767123287671,0.5205479452054794,22,0.011144416,0.9994662,0.5210965054060844,0.24176077491088416,class_selective_prob,anchor=v114;side=v116;margin=-0.02;w=0.15;gate=anchor_not_top5,10
v114_v116_cls_margin-0.02_w0.15_none,0.9824302477123993,0.9188292789231615,0.2465753424657534,0.5068493150684932,22,0.011144416,0.9994662,0.5210933562497276,0.24175484233572322,class_selective_prob,anchor=v114;side=v116;margin=-0.02;w=0.15;gate=none,10
v114_v116_cls_margin-0.02_w0.3_side_gt_anchor,0.9823491935934012,0.9234559239016688,0.2465753424657534,0.5205479452054794,22,0.011144416,0.9994662,0.5220528367726283,0.24180105742746114,class_selective_prob,anchor=v114;side=v116;margin=-0.02;w=0.3;gate=side_gt_anchor,10
v110_v116_cls_margin-0.02_w0.4_side_rank_top,0.982343092218628,0.923224076756478,0.2328767123287671,0.5205479452054794,22,0.011144416,0.9994699,0.5214283531191596,0.2424931448884293,class_selective_prob,anchor=v110;side=v116;margin=-0.02;w=0.4;gate=side_rank_top,10
v114_v116_cls_margin-0.02_w0.4_side_rank_top,0.9823183348409295,0.9240091928831325,0.2465753424657534,0.5205479452054794,22,0.011144416,0.9994662,0.5214119969443376,0.2420697237745205,class_selective_prob,anchor=v114;side=v116;margin=-0.02;w=0.4;gate=side_rank_top,10
v110_v116_cls_margin-0.02_w0.15_anchor_not_top5,0.9823165165728134,0.9180366838563394,0.2191780821917808,0.5205479452054794,22,0.011144416,0.9994699,0.5211111944634953,0.24218491674447967,class_selective_prob,anchor=v110;side=v116;margin=-0.02;w=0.15;gate=anchor_not_top5,10
v110_v116_cls_margin-0.02_w0.15_none,0.9823165165728134,0.9179549908175874,0.2328767123287671,0.5068493150684932,22,0.011144416,0.9994699,0.5211084326719355,0.24217962431144024,class_selective_prob,anchor=v110;side=v116;margin=-0.02;w=0.15;gate=none,10
v110_v116_cls_margin-0.02_w0.3_side_gt_anchor,0.9823112832135391,0.922636174529008,0.2328767123287671,0.5205479452054794,22,0.011144416,0.9994699,0.52206506411849,0.24222527637103616,class_selective_prob,anchor=v110;side=v116;margin=-0.02;w=0.3;gate=side_gt_anchor,10
v114_v116_cls_margin-0.02_w0.3_none,0.9822735647641043,0.9215898132692737,0.2465753424657534,0.5068493150684932,22,0.011144416,0.9994662,0.5210710477388782,0.24175021012281553,class_selective_prob,anchor=v114;side=v116;margin=-0.02;w=0.3;gate=none,10
v114_v116_cls_margin-0.02_w0.25_side_rank_top,0.982239799196729,0.9210820507622133,0.2465753424657534,0.5068493150684932,22,0.011144416,0.9994662,0.5213008723754273,0.24199624407622913,class_selective_prob,anchor=v114;side=v116;margin=-0.02;w=0.25;gate=side_rank_top,10
v110_v116_cls_margin-0.02_w0.3_none,0.9822356543842422,0.9207606289259402,0.2328767123287671,0.5068493150684932,22,0.011144416,0.9994699,0.5210846394373896,0.24217466150701059,class_selective_prob,anchor=v110;side=v116;margin=-0.02;w=0.3;gate=none,10
v114_v116_cls_margin-0.02_w0.35_anchor_not_top5,0.9822047969534399,0.9226647095622622,0.2328767123287671,0.5205479452054794,22,0.011144416,0.9994662,0.5210709596000944,0.2417978546141509,class_selective_prob,anchor=v114;side=v116;margin=-0.02;w=0.35;gate=anchor_not_top5,10
v110_v116_cls_margin-0.02_w0.35_anchor_not_top5,0.9822047969534399,0.9218760265564508,0.2191780821917808,0.5205479452054794,22,0.011144416,0.9994699,0.5210831525395139,0.24222061908064696,class_selective_prob,anchor=v110;side=v116;margin=-0.02;w=0.35;gate=anchor_not_top5,10
v110_v116_cls_margin-0.02_w0.25_side_rank_top,0.9821260680571431,0.9202350320230959,0.2328767123287671,0.5068493150684932,22,0.011144416,0.9994699,0.5213173054144052,0.24242014390260172,class_selective_prob,anchor=v110;side=v116;margin=-0.02;w=0.25;gate=side_rank_top,10
v114_v116_cls_margin-0.02_w0.35_side_rank_top,0.9820602029376342,0.923051543359846,0.2465753424657534,0.5068493150684932,22,0.011144416,0.9994662,0.5213749554213676,0.24204292424383675,class_selective_prob,anchor=v114;side=v116;margin=-0.02;w=0.35;gate=side_rank_top,10
v110_v116_cls_margin-0.02_w0.35_side_rank_top,0.9820602029376342,0.9222485928374075,0.2328767123287671,0.5068493150684932,22,0.011144416,0.9994699,0.5213913372175748,0.24246650912626552,class_selective_prob,anchor=v110;side=v116;margin=-0.02;w=0.35;gate=side_rank_top,10
v114_v116_cls_margin-0.02_w0.3_side_rank_top,0.9819797175428618,0.9220666244701027,0.2465753424657534,0.5068493150684932,22,0.011144416,0.9994662,0.5213379138983975,0.24201843077766638,class_selective_prob,anchor=v114;side=v116;margin=-0.02;w=0.3;gate=side_rank_top,10
v114_v116_cls_margin-0.02_w0.25_side_gt_anchor,0.9819722358812283,0.9222293777142081,0.2465753424657534,0.5205479452054794,22,0.011144416,0.9994662,0.5218966414372864,0.24179938691075328,class_selective_prob,anchor=v114;side=v116;margin=-0.02;w=0.25;gate=side_gt_anchor,10
v110_v116_cls_margin-0.02_w0.3_side_rank_top,0.981941807163,0.9212396262785104,0.2328767123287671,0.5068493150684932,22,0.011144416,0.9994699,0.52135432131599,0.24244217523326367,class_selective_prob,anchor=v110;side=v116;margin=-0.02;w=0.3;gate=side_rank_top,10
v110_v116_cls_margin-0.02_w0.25_side_gt_anchor,0.9818585047416424,0.9213878818847527,0.2328767123287671,0.5205479452054794,22,0.011144416,0.9994699,0.5219095910831553,0.24222373448084902,class_selective_prob,anchor=v110;side=v116;margin=-0.02;w=0.25;gate=side_gt_anchor,10
v114_v116_cls_margin-0.02_w0.35_none,0.9818228259832336,0.9224552992375739,0.2465753424657534,0.5068493150684932,22,0.011144416,0.9994662,0.521063611568595,0.24178433404723534,class_selective_prob,anchor=v114;side=v116;margin=-0.02;w=0.35;gate=none,10
v110_v116_cls_margin-0.02_w0.35_none,0.9818228259832336,0.9216532692000791,0.2328767123287671,0.5068493150684932,22,0.011144416,0.9994699,0.5210767083592077,0.24220856434547994,class_selective_prob,anchor=v110;side=v116;margin=-0.02;w=0.35;gate=none,10
v110_v116_cls_margin-0.02_w0.4_anchor_not_top5,0.9817377458301358,0.9227724638309824,0.2191780821917808,0.5342465753424658,22,0.011144416,0.9994699,0.5210761420585185,0.24227392682457055,class_selective_prob,anchor=v110;side=v116;margin=-0.02;w=0.4;gate=anchor_not_top5,10
v114_v116_cls_margin-0.02_w0.4_anchor_not_top5,0.9817129884524374,0.9235383648344375,0.2328767123287671,0.5342465753424658,22,0.011144416,0.9994662,0.5210645731485969,0.24185163990717434,class_selective_prob,anchor=v114;side=v116;margin=-0.02;w=0.4;gate=anchor_not_top5,10
v114_v116_cls_margin-0.02_w0.2_side_rank_top,0.9817040203755859,0.9200610028384304,0.2465753424657534,0.5068493150684932,22,0.011144416,0.9994662,0.5212638308524573,0.24197636477404355,class_selective_prob,anchor=v114;side=v116;margin=-0.02;w=0.2;gate=side_rank_top,10
v114_v116_cls_margin-0.02_w0.1_anchor_not_top5,0.9816003549879073,0.9178757715821214,0.2328767123287671,0.5205479452054794,22,0.011144416,0.9994662,0.521102891857582,0.24179603059199967,class_selective_prob,anchor=v114;side=v116;margin=-0.02;w=0.1;gate=anchor_not_top5,10
v114_v116_cls_margin-0.02_w0.1_none,0.9816003549879073,0.9178291720318474,0.2465753424657534,0.5068493150684932,22,0.011144416,0.9994662,0.5211007924200107,0.24179205326321204,class_selective_prob,anchor=v114;side=v116;margin=-0.02;w=0.1;gate=none,10
v110_v116_cls_margin-0.02_w0.2_side_rank_top,0.9815902892359998,0.9192039738255504,0.2328767123287671,0.5068493150684932,22,0.011144416,0.9994699,0.5212802895128205,0.24240041576210675,class_selective_prob,anchor=v110;side=v116;margin=-0.02;w=0.2;gate=side_rank_top,10
v114_v116_cls_margin-0.02_w0.18_side_rank_top,0.9815596850700498,0.9196258435813032,0.2465753424657534,0.5068493150684932,22,0.011144416,0.9994662,0.5212490142432692,0.2419690592545671,class_selective_prob,anchor=v114;side=v116;margin=-0.02;w=0.18;gate=side_rank_top,10
v114_v116_cls_margin-0.02_w0.12_anchor_not_top5,0.9815581127006271,0.9182858476245332,0.2328767123287671,0.5205479452054794,22,0.011144416,0.9994662,0.5211003372769829,0.2417797917273674,class_selective_prob,anchor=v114;side=v116;margin=-0.02;w=0.12;gate=anchor_not_top5,10
v114_v116_cls_margin-0.02_w0.12_none,0.9815581127006271,0.9182267064669015,0.2465753424657534,0.5068493150684932,22,0.011144416,0.9994662,0.5210978179518975,0.2417750295835177,class_selective_prob,anchor=v114;side=v116;margin=-0.02;w=0.12;gate=none,10
v110_v116_cls_margin-0.02_w0.1_anchor_not_top5,0.9814866238483212,0.9170134497808152,0.2191780821917808,0.5205479452054794,22,0.011144416,0.9994699,0.5211182049444908,0.2422203831329548,class_selective_prob,anchor=v110;side=v116;margin=-0.02;w=0.1;gate=anchor_not_top5,10
v110_v116_cls_margin-0.02_w0.1_none,0.9814866238483212,0.9169609821390252,0.2191780821917808,0.5068493150684932,22,0.011144416,0.9994699,0.5211163637501175,0.24221683447197428,class_selective_prob,anchor=v110;side=v116;margin=-0.02;w=0.1;gate=none,10
v110_v116_cls_margin-0.02_w0.18_side_rank_top,0.9814459539304639,0.918775027841793,0.2328767123287671,0.5068493150684932,22,0.011144416,0.9994699,0.5212654831521867,0.24239316952733078,class_selective_prob,anchor=v110;side=v116;margin=-0.02;w=0.18;gate=side_rank_top,10
v110_v116_cls_margin-0.02_w0.12_anchor_not_top5,0.9814443815610411,0.9174222601564295,0.2191780821917808,0.5205479452054794,22,0.011144416,0.9994699,0.5211154007520926,0.2422040664077132,class_selective_prob,anchor=v110;side=v116;margin=-0.02;w=0.12;gate=anchor_not_top5,10
v110_v116_cls_margin-0.02_w0.12_none,0.9814443815610411,0.9173577111497536,0.2328767123287671,0.5068493150684932,22,0.011144416,0.9994699,0.5211131913188447,0.24219981775496593,class_selective_prob,anchor=v110;side=v116;margin=-0.02;w=0.12;gate=none,10
v120,0.9813992464995634,0.914352500399548,0.1917808219178082,0.4794520547945205,22,0.013461866,0.9991453,0.5210780120264957,0.23614893664974163,single,v120,0
v114_v116_cls_margin-0.02_w0.2_side_gt_anchor,0.9813972782802665,0.9209642862197306,0.2465753424657534,0.5205479452054794,22,0.011144416,0.9994662,0.5217404461019446,0.24180631146867876,class_selective_prob,anchor=v114;side=v116;margin=-0.02;w=0.2;gate=side_gt_anchor,10
v114_v116_cls_margin-0.02_w0.18_side_gt_anchor,0.9813790220796155,0.9204368483469989,0.2465753424657534,0.5205479452054794,22,0.011144416,0.9994662,0.5216779679678077,0.24181148777814204,class_selective_prob,anchor=v114;side=v116;margin=-0.02;w=0.18;gate=side_gt_anchor,10
v110_v116_cls_margin-0.02_w0.4_none,0.9813557748599296,0.9225172593803457,0.2328767123287671,0.5205479452054794,22,0.011144416,0.9994699,0.5210687772810256,0.242260236559007,class_selective_prob,anchor=v110;side=v116;margin=-0.02;w=0.4;gate=none,10
v114_v116_cls_margin-0.02_w0.15_side_rank_top,0.9813520246639431,0.9190016397288665,0.2465753424657534,0.5068493150684932,22,0.011144416,0.9994662,0.5212267893294872,0.24195879343983648,class_selective_prob,anchor=v114;side=v116;margin=-0.02;w=0.15;gate=side_rank_top,10
v114_v116_cls_margin-0.02_w0.4_none,0.9813310174822312,0.9232948965668328,0.2465753424657534,0.5205479452054794,22,0.011144416,0.9994662,0.521056175398312,0.24183628267504037,class_selective_prob,anchor=v114;side=v116;margin=-0.02;w=0.4;gate=none,10
v110_v116_cls_margin-0.02_w0.2_side_gt_anchor,0.9812835471406803,0.9201103638435355,0.2328767123287671,0.5205479452054794,22,0.011144416,0.9994699,0.5217541180478205,0.2422307625163695,class_selective_prob,anchor=v110;side=v116;margin=-0.02;w=0.2;gate=side_gt_anchor,10
v110_v116_cls_margin-0.02_w0.18_side_gt_anchor,0.9812652909400295,0.9195868380318145,0.2328767123287671,0.5205479452054794,22,0.011144416,0.9994699,0.5216919288336866,0.2422359731732508,class_selective_prob,anchor=v110;side=v116;margin=-0.02;w=0.18;gate=side_gt_anchor,10
v110_v116_cls_margin-0.02_w0.15_side_rank_top,0.981238293524357,0.918134485381606,0.2328767123287671,0.5068493150684932,22,0.011144416,0.9994699,0.5212432736112358,0.24238299137416544,class_selective_prob,anchor=v110;side=v116;margin=-0.02;w=0.15;gate=side_rank_top,10
v114_v116_cls_margin-0.02_w0.15_side_gt_anchor,0.9811824941567555,0.9196710048738527,0.2465753424657534,0.5205479452054794,22,0.011144416,0.9994662,0.5215842507666025,0.24182183036287883,class_selective_prob,anchor=v114;side=v116;margin=-0.02;w=0.15;gate=side_gt_anchor,10
v110_v116_cls_margin-0.02_w0.15_side_gt_anchor,0.9810687630171695,0.9188087981331645,0.2328767123287671,0.5205479452054794,22,0.011144416,0.9994699,0.5215986450124858,0.24224635973170724,class_selective_prob,anchor=v110;side=v116;margin=-0.02;w=0.15;gate=side_gt_anchor,10
v114_v116_cls_margin-0.02_w0.12_side_gt_anchor,0.9809079107463691,0.9188875571261585,0.2465753424657534,0.5205479452054794,22,0.011144416,0.9994662,0.5214905335653974,0.2418352663306431,class_selective_prob,anchor=v114;side=v116;margin=-0.02;w=0.12;gate=side_gt_anchor,10
v114_v116_cls_margin-0.02_w0.08_anchor_not_top5,0.9808494423634091,0.9174805383594266,0.2328767123287671,0.5205479452054794,22,0.011144416,0.9994662,0.521105446438181,0.24181511759131924,class_selective_prob,anchor=v114;side=v116;margin=-0.02;w=0.08;gate=anchor_not_top5,10
v114_v116_cls_margin-0.02_w0.08_none,0.9808494423634091,0.9174429135373534,0.2328767123287671,0.5205479452054794,22,0.011144416,0.9994662,0.5211037668881239,0.24181192866638618,class_selective_prob,anchor=v114;side=v116;margin=-0.02;w=0.08;gate=none,10
v114_v116_cls_margin-0.02_w0.12_side_rank_top,0.9808293929526087,0.9183551141165456,0.2465753424657534,0.5068493150684932,22,0.011144416,0.9994662,0.5212045644157052,0.24194935867587167,class_selective_prob,anchor=v114;side=v116;margin=-0.02;w=0.12;gate=side_rank_top,10
v110_v116_cls_margin-0.02_w0.12_side_gt_anchor,0.9807941796067831,0.9180313335376042,0.2328767123287671,0.5205479452054794,22,0.011144416,0.9994699,0.5215053611912849,0.2422598306165254,class_selective_prob,anchor=v110;side=v116;margin=-0.02;w=0.12;gate=side_gt_anchor,10
v110_v116_cls_margin-0.02_w0.08_anchor_not_top5,0.9807357112238232,0.9166002671017185,0.2191780821917808,0.5205479452054794,22,0.011144416,0.9994699,0.521121009136889,0.2422395394296444,class_selective_prob,anchor=v110;side=v116;margin=-0.02;w=0.08;gate=anchor_not_top5,10
v110_v116_cls_margin-0.02_w0.08_none,0.9807357112238232,0.9165581549155449,0.2191780821917808,0.5205479452054794,22,0.011144416,0.9994699,0.5211195361813904,0.24223669404150802,class_selective_prob,anchor=v110;side=v116;margin=-0.02;w=0.08;gate=none,10
v110_v116_cls_margin-0.02_w0.12_side_rank_top,0.9807156618130226,0.9174921019515316,0.2328767123287671,0.5068493150684932,22,0.011144416,0.9994699,0.5212210640702849,0.24237364275205067,class_selective_prob,anchor=v110;side=v116;margin=-0.02;w=0.12;gate=side_rank_top,10
v114_v116_cls_margin-0.02_w0.1_side_gt_anchor,0.9807018947996987,0.918368633739156,0.2465753424657534,0.5205479452054794,22,0.011144416,0.9994662,0.5214280554312607,0.2418459419388961,class_selective_prob,anchor=v114;side=v116;margin=-0.02;w=0.1;gate=side_gt_anchor,10
v110_v116_cls_margin-0.02_w0.1_side_gt_anchor,0.9805881636601128,0.9175124101506017,0.2191780821917808,0.5205479452054794,22,0.011144416,0.9994699,0.5214431719771511,0.24227052447182804,class_selective_prob,anchor=v110;side=v116;margin=-0.02;w=0.1;gate=side_gt_anchor,10
v114_v116_cls_margin-0.02_w0.1_side_rank_top,0.9805580218003964,0.9179252476478446,0.2465753424657534,0.5068493150684932,22,0.011144416,0.9994662,0.5211897478065171,0.24194353057646176,class_selective_prob,anchor=v114;side=v116;margin=-0.02;w=0.1;gate=side_rank_top,10
v110_v116_cls_margin-0.02_w0.1_side_rank_top,0.9804442906608105,0.9170629258465384,0.2191780821917808,0.5068493150684932,22,0.011144416,0.9994699,0.521206257709651,0.24236787123564418,class_selective_prob,anchor=v110;side=v116;margin=-0.02;w=0.1;gate=side_rank_top,10
v114_v116_cls_margin-0.02_w0.08_side_gt_anchor,0.9803751187719882,0.9178561537467592,0.2328767123287671,0.5205479452054794,22,0.011144416,0.9994662,0.521365577297124,0.24185799197532784,class_selective_prob,anchor=v114;side=v116;margin=-0.02;w=0.08;gate=side_gt_anchor,10
v114_v119_cls_margin0_w0.4_side_gt_anchor,0.9803401946215465,0.9187547196427229,0.2328767123287671,0.5205479452054794,22,0.011144416,0.9994662,0.522238046258725,0.2416308830901392,class_selective_prob,anchor=v114;side=v119;margin=0;w=0.4;gate=side_gt_anchor,6
v114_v119_cls_margin-0.02_w0.4_side_gt_anchor,0.9803401946215465,0.9187158291538523,0.2328767123287671,0.5205479452054794,22,0.011144416,0.9994662,0.5223590742676282,0.24157366150615303,class_selective_prob,anchor=v114;side=v119;margin=-0.02;w=0.4;gate=side_gt_anchor,7
v114_v116_cls_margin-0.02_w0.08_side_rank_top,0.980296600978228,0.9175111444838041,0.2328767123287671,0.5205479452054794,22,0.011144416,0.9994662,0.521174931197329,0.2419380719030298,class_selective_prob,anchor=v114;side=v116;margin=-0.02;w=0.08;gate=side_rank_top,10
v110_v116_cls_margin-0.02_w0.08_side_gt_anchor,0.9802613876324023,0.9169800246712977,0.2191780821917808,0.5205479452054794,22,0.011144416,0.9994699,0.5213809827630171,0.24228258873112588,class_selective_prob,anchor=v110;side=v116;margin=-0.02;w=0.08;gate=side_gt_anchor,10
v110_v119_cls_margin0_w0.4_side_gt_anchor,0.980251220859659,0.9178523567463664,0.2191780821917808,0.5205479452054794,22,0.011144416,0.9994699,0.5222546074462393,0.24205592676368268,class_selective_prob,anchor=v110;side=v119;margin=0;w=0.4;gate=side_gt_anchor,6
v110_v119_cls_margin-0.02_w0.4_side_gt_anchor,0.980251220859659,0.9178142716818215,0.2191780821917808,0.5205479452054794,22,0.011144416,0.9994699,0.522375635463889,0.24199879739965507,class_selective_prob,anchor=v110;side=v119;margin=-0.02;w=0.4;gate=side_gt_anchor,7
v114_v119_cls_margin-0.02_w0.4_anchor_not_top5,0.9802220504952934,0.9189985906224906,0.2328767123287671,0.5205479452054794,22,0.011144416,0.9994662,0.5210993337805911,0.24123438022222302,class_selective_prob,anchor=v114;side=v119;margin=-0.02;w=0.4;gate=anchor_not_top5,7
v114_v119_cls_margin0_w0.4_anchor_not_top5,0.9802220504952934,0.9189515308297447,0.2328767123287671,0.5205479452054794,22,0.011144416,0.9994662,0.5210988274767308,0.2412856150917194,class_selective_prob,anchor=v114;side=v119;margin=0;w=0.4;gate=anchor_not_top5,6
v114_v119_cls_margin-0.02_w0.4_none,0.9802220504952934,0.9186646847091687,0.2465753424657534,0.5205479452054794,22,0.011144416,0.9994662,0.5210910615509616,0.24121873560849857,class_selective_prob,anchor=v114;side=v119;margin=-0.02;w=0.4;gate=none,7
v114_v119_cls_margin0_w0.4_none,0.9802220504952934,0.9186237231291747,0.2465753424657534,0.5205479452054794,22,0.011144416,0.9994662,0.5210899205921155,0.24126888088448276,class_selective_prob,anchor=v114;side=v119;margin=0;w=0.4;gate=none,6
v114_v119_cls_margin-0.02_w0.35_anchor_not_top5,0.9801993232225662,0.9186694021945051,0.2328767123287671,0.5205479452054794,22,0.011144416,0.9994662,0.5211013751530894,0.24124553730818243,class_selective_prob,anchor=v114;side=v119;margin=-0.02;w=0.35;gate=anchor_not_top5,7
v114_v119_cls_margin0_w0.35_anchor_not_top5,0.9801993232225662,0.9186246436141184,0.2328767123287671,0.5205479452054794,22,0.011144416,0.9994662,0.5211009321372115,0.2412948472434428,class_selective_prob,anchor=v114;side=v119;margin=0;w=0.35;gate=anchor_not_top5,6
v114_v119_cls_margin-0.02_w0.35_none,0.9801993232225662,0.9183893446503889,0.2465753424657534,0.5205479452054794,22,0.011144416,0.9994662,0.5210941369521634,0.24123177317987113,class_selective_prob,anchor=v114;side=v119;margin=-0.02;w=0.35;gate=none,7
v114_v119_cls_margin0_w0.35_none,0.9801993232225662,0.9183497637978104,0.2465753424657534,0.5205479452054794,22,0.011144416,0.9994662,0.5210931386131731,0.24128013145048532,class_selective_prob,anchor=v114;side=v119;margin=0;w=0.35;gate=none,6
v114_v116_cls_margin-0.02_w0.05_anchor_not_top5,0.9801918300980453,0.9168229669277814,0.2328767123287671,0.5205479452054794,22,0.011144416,0.9994662,0.5211092783090795,0.24184908684021775,class_selective_prob,anchor=v114;side=v116;margin=-0.02;w=0.05;gate=anchor_not_top5,10
v114_v116_cls_margin-0.02_w0.05_none,0.9801918300980453,0.9168009903497509,0.2328767123287671,0.5205479452054794,22,0.011144416,0.9994662,0.5211082285902938,0.24184708718710435,class_selective_prob,anchor=v114;side=v116;margin=-0.02;w=0.05;gate=none,10
v110_v116_cls_margin-0.02_w0.08_side_rank_top,0.980182869838642,0.9166276515287932,0.2191780821917808,0.5205479452054794,22,0.011144416,0.9994699,0.5211914513490171,0.24236246846888423,class_selective_prob,anchor=v110;side=v116;margin=-0.02;w=0.08;gate=side_rank_top,10
v114_v119_cls_margin-0.02_w0.3_anchor_not_top5,0.980137719242131,0.9183157058548941,0.2328767123287671,0.5205479452054794,22,0.011144416,0.9994662,0.5211034165255876,0.2412780219299456,class_selective_prob,anchor=v114;side=v119;margin=-0.02;w=0.3;gate=anchor_not_top5,7
v114_v119_cls_margin0_w0.3_anchor_not_top5,0.980137719242131,0.9182730183656307,0.2328767123287671,0.5205479452054794,22,0.011144416,0.9994662,0.5211030367976924,0.2413241228186305,class_selective_prob,anchor=v114;side=v119;margin=0;w=0.3;gate=anchor_not_top5,6
v114_v119_cls_margin-0.02_w0.3_none,0.980137719242131,0.9180796014668388,0.2465753424657534,0.5205479452054794,22,0.011144416,0.9994662,0.5210972123533655,0.24126616079728536,class_selective_prob,anchor=v114;side=v119;margin=-0.02;w=0.3;gate=none,7
v114_v119_cls_margin0_w0.3_none,0.980137719242131,0.9180415164022938,0.2465753424657534,0.5205479452054794,22,0.011144416,0.9994662,0.5210963566342308,0.2413114474592129,class_selective_prob,anchor=v114;side=v119;margin=0;w=0.3;gate=none,6
v110_v119_cls_margin-0.02_w0.4_anchor_not_top5,0.9801330767334059,0.9180864475736075,0.2191780821917808,0.5205479452054794,22,0.011144416,0.9994699,0.5211163027342592,0.24166087141443662,class_selective_prob,anchor=v110;side=v119;margin=-0.02;w=0.4;gate=anchor_not_top5,7
v110_v119_cls_margin0_w0.4_anchor_not_top5,0.9801330767334059,0.9180443353874338,0.2191780821917808,0.5205479452054794,22,0.011144416,0.9994699,0.5211152832092592,0.24171115338759747,class_selective_prob,anchor=v110;side=v119;margin=0;w=0.4;gate=anchor_not_top5,6
v110_v119_cls_margin-0.02_w0.4_none,0.9801330767334059,0.9177478241749492,0.2328767123287671,0.5205479452054794,22,0.011144416,0.9994699,0.5211075173126068,0.24164439223838052,class_selective_prob,anchor=v110;side=v119;margin=-0.02;w=0.4;gate=none,7
v110_v119_cls_margin0_w0.4_none,0.9801330767334059,0.9177070927161911,0.2328767123287671,0.5205479452054794,22,0.011144416,0.9994699,0.5211063763360398,0.24169444927155828,class_selective_prob,anchor=v110;side=v119;margin=0;w=0.4;gate=none,6
v114_v119_cls_margin0_w0.4_side_rank_top,0.9801166364288403,0.9181740662341845,0.2465753424657534,0.5205479452054794,22,0.011144416,0.9994662,0.5212465264288105,0.24201407316043705,class_selective_prob,anchor=v114;side=v119;margin=0;w=0.4;gate=side_rank_top,6
v114_v119_cls_margin-0.02_w0.4_side_rank_top,0.9801166364288403,0.9181474872314356,0.2465753424657534,0.5205479452054794,22,0.011144416,0.9994662,0.521271889410292,0.24202823657450015,class_selective_prob,anchor=v114;side=v119;margin=-0.02;w=0.4;gate=side_rank_top,7
v110_v119_cls_margin-0.02_w0.35_anchor_not_top5,0.9801103494606788,0.9177558784182065,0.2191780821917808,0.5205479452054794,22,0.011144416,0.9994699,0.521118293130787,0.2416719223453167,class_selective_prob,anchor=v110;side=v119;margin=-0.02;w=0.35;gate=anchor_not_top5,7
v110_v119_cls_margin0_w0.35_anchor_not_top5,0.9801103494606788,0.9177143415351227,0.2191780821917808,0.5205479452054794,22,0.011144416,0.9994699,0.5211174010464121,0.24172039232303855,class_selective_prob,anchor=v110;side=v119;margin=0;w=0.35;gate=anchor_not_top5,6
v110_v119_cls_margin-0.02_w0.35_none,0.9801103494606788,0.9174690322976305,0.2328767123287671,0.5205479452054794,22,0.011144416,0.9994699,0.5211106058868412,0.24165742981850538,class_selective_prob,anchor=v110;side=v119;margin=-0.02;w=0.35;gate=none,7
v110_v119_cls_margin0_w0.35_none,0.9801103494606788,0.9174285309601083,0.2328767123287671,0.5205479452054794,22,0.011144416,0.9994699,0.5211096075323451,0.24170570298867056,class_selective_prob,anchor=v110;side=v119;margin=0;w=0.35;gate=none,6
v110_v116_cls_margin-0.02_w0.05_anchor_not_top5,0.9801028563361579,0.9159362522754676,0.2191780821917808,0.5205479452054794,22,0.011144416,0.9994699,0.5211252154254861,0.24227359657041936,class_selective_prob,anchor=v110;side=v116;margin=-0.02;w=0.05;gate=anchor_not_top5,10
v110_v116_cls_margin-0.02_w0.05_none,0.9801028563361579,0.915911399181988,0.2191780821917808,0.5205479452054794,22,0.011144416,0.9994699,0.5211242948282996,0.24227181218763658,class_selective_prob,anchor=v110;side=v116;margin=-0.02;w=0.05;gate=none,10
v114_v119_cls_margin-0.02_w0.25_anchor_not_top5,0.9800744708022592,0.9179294473604002,0.2328767123287671,0.5205479452054794,22,0.011144416,0.9994662,0.5211054578980858,0.24133182547509366,class_selective_prob,anchor=v114;side=v119;margin=-0.02;w=0.25;gate=anchor_not_top5,7
v114_v119_cls_margin0_w0.25_anchor_not_top5,0.9800744708022592,0.9178891761441139,0.2328767123287671,0.5205479452054794,22,0.011144416,0.9994662,0.5211051414581731,0.24137343452423382,class_selective_prob,anchor=v114;side=v119;margin=0;w=0.25;gate=anchor_not_top5,6
v114_v119_cls_margin-0.02_w0.25_none,0.9800744708022592,0.917736720825316,0.2465753424657534,0.5205479452054794,22,0.011144416,0.9994662,0.5211002877545674,0.24132188933379628,class_selective_prob,anchor=v114;side=v119;margin=-0.02;w=0.25;gate=none,7
v114_v119_cls_margin0_w0.25_none,0.9800744708022592,0.9177001315488045,0.2465753424657534,0.5205479452054794,22,0.011144416,0.9994662,0.5210995746552886,0.24136282110039578,class_selective_prob,anchor=v114;side=v119;margin=0;w=0.25;gate=none,6
v110_v119_cls_margin-0.02_w0.3_anchor_not_top5,0.9800487454802436,0.9173990754419105,0.2191780821917808,0.5205479452054794,22,0.011144416,0.9994699,0.5211202835273148,0.24170426387014177,class_selective_prob,anchor=v110;side=v119;margin=-0.02;w=0.3;gate=anchor_not_top5,7
v110_v119_cls_margin0_w0.3_anchor_not_top5,0.9800487454802436,0.917359494589332,0.2191780821917808,0.5205479452054794,22,0.011144416,0.9994699,0.5211195188835649,0.24174963958225187,class_selective_prob,anchor=v110;side=v119;margin=0;w=0.3;gate=anchor_not_top5,6
v110_v119_cls_margin-0.02_w0.3_none,0.9800487454802436,0.9171567577804853,0.2328767123287671,0.5205479452054794,22,0.011144416,0.9994699,0.5211136944610755,0.24169178002710262,class_selective_prob,anchor=v110;side=v119;margin=-0.02;w=0.3;gate=none,7
v110_v119_cls_margin0_w0.3_none,0.9800487454802436,0.9171182124734685,0.2328767123287671,0.5205479452054794,22,0.011144416,0.9994699,0.5211128387286502,0.2417369870064187,class_selective_prob,anchor=v110;side=v119;margin=0;w=0.3;gate=none,6
v110_v119_cls_margin0_w0.4_side_rank_top,0.980027662666953,0.9172565153362572,0.2328767123287671,0.5205479452054794,22,0.011144416,0.9994699,0.5212629820821225,0.24243832277226326,class_selective_prob,anchor=v110;side=v119;margin=0;w=0.4;gate=side_rank_top,6
v110_v119_cls_margin-0.02_w0.4_side_rank_top,0.980027662666953,0.9172303965759802,0.2328767123287671,0.5205479452054794,22,0.011144416,0.9994699,0.521288345067735,0.24245245968575788,class_selective_prob,anchor=v110;side=v119;margin=-0.02;w=0.4;gate=side_rank_top,7
v110_v119_cls_margin-0.02_w0.25_anchor_not_top5,0.9799854970403717,0.9170122416443267,0.2191780821917808,0.5205479452054794,22,0.011144416,0.9994699,0.5211222739238425,0.24175788744436824,class_selective_prob,anchor=v110;side=v119;margin=-0.02;w=0.25;gate=anchor_not_top5,7
v110_v119_cls_margin0_w0.25_anchor_not_top5,0.9799854970403717,0.9169745017616356,0.2191780821917808,0.5205479452054794,22,0.011144416,0.9994699,0.5211216367207175,0.24179888790479936,class_selective_prob,anchor=v110;side=v119;margin=0;w=0.25;gate=anchor_not_top5,6
v110_v119_cls_margin-0.02_w0.25_none,0.9799854970403717,0.9168137620783445,0.2328767123287671,0.5205479452054794,22,0.011144416,0.9994699,0.5211167830353098,0.24174743377915478,class_selective_prob,anchor=v110;side=v119;margin=-0.02;w=0.25;gate=none,7
v110_v119_cls_margin0_w0.25_none,0.9799854970403717,0.9167765974987433,0.2328767123287671,0.5205479452054794,22,0.011144416,0.9994699,0.5211160699249555,0.24178829354988202,class_selective_prob,anchor=v110;side=v119;margin=0;w=0.25;gate=none,6
v114_v119_cls_margin0.02_w0.4_side_gt_anchor,0.9799649592290348,0.915715738601146,0.2328767123287671,0.5205479452054794,22,0.011144416,0.9994662,0.5211996750773006,0.24190562081194442,class_selective_prob,anchor=v114;side=v119;margin=0.02;w=0.4;gate=side_gt_anchor,1
v114_v119_cls_margin-0.02_w0.2_anchor_not_top5,0.9799236021903517,0.917520176742314,0.2328767123287671,0.5205479452054794,22,0.011144416,0.9994662,0.5211074992705841,0.24140693368926855,class_selective_prob,anchor=v114;side=v119;margin=-0.02;w=0.2;gate=anchor_not_top5,7
v114_v119_cls_margin0_w0.2_anchor_not_top5,0.9799236021903517,0.9174843928901283,0.2328767123287671,0.5205479452054794,22,0.011144416,0.9994662,0.5211072461186539,0.2414427700838561,class_selective_prob,anchor=v114;side=v119;margin=0;w=0.2;gate=anchor_not_top5,6
v114_v119_cls_margin-0.02_w0.2_none,0.9799236021903517,0.9173717485451448,0.2465753424657534,0.5205479452054794,22,0.011144416,0.9994662,0.5211033631557693,0.24139894400932912,class_selective_prob,anchor=v114;side=v119;margin=-0.02;w=0.2;gate=none,7
v114_v119_cls_margin0_w0.2_none,0.9799236021903517,0.917338956269026,0.2465753424657534,0.5205479452054794,22,0.011144416,0.9994662,0.5211027926763462,0.24143423957013033,class_selective_prob,anchor=v114;side=v119;margin=0;w=0.2;gate=none,6
v110_v119_cls_margin0.02_w0.4_side_gt_anchor,0.9798759854671474,0.9148079678557453,0.2191780821917808,0.5205479452054794,22,0.011144416,0.9994699,0.5212162362311966,0.24233025357166493,class_selective_prob,anchor=v110;side=v119;margin=0.02;w=0.4;gate=side_gt_anchor,1
v114_v116_cls_margin-0.02_w0.05_side_rank_top,0.9798714064966698,0.9168405712023294,0.2328767123287671,0.5205479452054794,22,0.011144416,0.9994662,0.521152706283547,0.24193057662082834,class_selective_prob,anchor=v114;side=v116;margin=-0.02;w=0.05;gate=side_rank_top,10
v114_v119_cls_margin-0.02_w0.18_anchor_not_top5,0.9798603537504799,0.9173563304223381,0.2328767123287671,0.5205479452054794,22,0.011144416,0.9994662,0.5211083158195834,0.2414429380181008,class_selective_prob,anchor=v114;side=v119;margin=-0.02;w=0.18;gate=anchor_not_top5,7
v114_v119_cls_margin0_w0.18_anchor_not_top5,0.9798603537504799,0.9173233080249833,0.2328767123287671,0.5205479452054794,22,0.011144416,0.9994662,0.5211080879828461,0.24147610729054275,class_selective_prob,anchor=v114;side=v119;margin=0;w=0.18;gate=anchor_not_top5,6
v114_v119_cls_margin-0.02_w0.18_none,0.9798603537504799,0.917224816136009,0.2465753424657534,0.5205479452054794,22,0.011144416,0.9994662,0.52110459331625,0.2414357328145314,class_selective_prob,anchor=v114;side=v119;margin=-0.02;w=0.18;gate=none,7
v114_v119_cls_margin0_w0.18_none,0.9798603537504799,0.9171946702541033,0.2465753424657534,0.5205479452054794,22,0.011144416,0.9994662,0.5211040798847693,0.2414684156937235,class_selective_prob,anchor=v114;side=v119;margin=0;w=0.18;gate=none,6
v114_v119_cls_margin0_w0.35_side_gt_anchor,0.9798570648316065,0.918418167335188,0.2328767123287671,0.5205479452054794,22,0.011144416,0.9994662,0.5220977485714566,0.24163232032542475,class_selective_prob,anchor=v114;side=v119;margin=0;w=0.35;gate=side_gt_anchor,6
v114_v119_cls_margin-0.02_w0.35_side_gt_anchor,0.9798570648316065,0.9183843395135076,0.2328767123287671,0.5205479452054794,22,0.011144416,0.9994662,0.5222036480792468,0.2415800471372359,class_selective_prob,anchor=v114;side=v119;margin=-0.02;w=0.35;gate=side_gt_anchor,7
v110_v119_cls_margin-0.02_w0.2_anchor_not_top5,0.9798346284284641,0.9166052722385998,0.2191780821917808,0.5205479452054794,22,0.011144416,0.9994699,0.5211242643203704,0.24183277891086422,class_selective_prob,anchor=v110;side=v119;margin=-0.02;w=0.2;gate=anchor_not_top5,7
v110_v119_cls_margin0_w0.2_anchor_not_top5,0.9798346284284641,0.9165707540532116,0.2191780821917808,0.5205479452054794,22,0.011144416,0.9994699,0.5211237545578704,0.24186812507304634,class_selective_prob,anchor=v110;side=v119;margin=0;w=0.2;gate=anchor_not_top5,6
v110_v119_cls_margin-0.02_w0.2_none,0.9798346284284641,0.9164517813742403,0.2328767123287671,0.5205479452054794,22,0.011144416,0.9994699,0.5211198716095442,0.2418243763661931,class_selective_prob,anchor=v110;side=v119;margin=-0.02;w=0.2;gate=none,7
v110_v119_cls_margin0_w0.2_none,0.9798346284284641,0.9164178384919419,0.2328767123287671,0.5205479452054794,22,0.011144416,0.9994699,0.5211193011212607,0.24185960987671107,class_selective_prob,anchor=v110;side=v119;margin=0;w=0.2;gate=none,6
v114_v119_cls_margin0_w0.3_side_gt_anchor,0.9798148992050252,0.9180651613592847,0.2328767123287671,0.5205479452054794,22,0.011144416,0.9994662,0.521957450884188,0.2416436759385838,class_selective_prob,anchor=v114;side=v119;margin=0;w=0.3;gate=side_gt_anchor,6
v114_v119_cls_margin-0.02_w0.3_side_gt_anchor,0.9798148992050252,0.9180366263260304,0.2328767123287671,0.5205479452054794,22,0.011144416,0.9994662,0.5220482218908654,0.24159698298585064,class_selective_prob,anchor=v114;side=v119;margin=-0.02;w=0.3;gate=side_gt_anchor,7
v114_v116_cls_margin-0.02_w0.05_side_gt_anchor,0.9797944565016471,0.9170532607546297,0.2328767123287671,0.5205479452054794,22,0.011144416,0.9994662,0.5212718600959189,0.24187864362705655,class_selective_prob,anchor=v114;side=v116;margin=-0.02;w=0.05;gate=side_gt_anchor,10
v110_v116_cls_margin-0.02_w0.05_side_rank_top,0.9797824327347822,0.9159508649739485,0.2191780821917808,0.5205479452054794,22,0.011144416,0.9994699,0.5211692418080662,0.24235505577781807,class_selective_prob,anchor=v110;side=v116;margin=-0.02;w=0.05;gate=side_rank_top,10
v114_v119_cls_margin-0.02_w0.15_anchor_not_top5,0.9797743780378806,0.9171058434570377,0.2328767123287671,0.5205479452054794,22,0.011144416,0.9994662,0.5211095406430823,0.24150332669503502,class_selective_prob,anchor=v114;side=v119;margin=-0.02;w=0.15;gate=anchor_not_top5,7
v114_v119_cls_margin0_w0.15_anchor_not_top5,0.9797743780378806,0.9170770783025475,0.2328767123287671,0.5205479452054794,22,0.011144416,0.9994662,0.5211093507791347,0.24153211225301913,class_selective_prob,anchor=v114;side=v119;margin=0;w=0.15;gate=anchor_not_top5,6
v114_v119_cls_margin-0.02_w0.15_none,0.9797743780378806,0.9169976864761546,0.2465753424657534,0.5205479452054794,22,0.011144416,0.9994662,0.5211064385569711,0.24149730441025652,class_selective_prob,anchor=v114;side=v119;margin=-0.02;w=0.15;gate=none,7
v114_v119_cls_margin0_w0.15_none,0.9797743780378806,0.9169708773521699,0.2465753424657534,0.5205479452054794,22,0.011144416,0.9994662,0.5211060106974039,0.2415256850868179,class_selective_prob,anchor=v114;side=v119;margin=0;w=0.15;gate=none,6
v110_v119_cls_margin-0.02_w0.18_anchor_not_top5,0.9797713799885923,0.9164421162823316,0.2191780821917808,0.5205479452054794,22,0.011144416,0.9994699,0.5211250604789815,0.24186868627046845,class_selective_prob,anchor=v110;side=v119;margin=-0.02;w=0.18;gate=anchor_not_top5,7
v110_v119_cls_margin0_w0.18_anchor_not_top5,0.9797713799885923,0.9164104746123924,0.2191780821917808,0.5205479452054794,22,0.011144416,0.9994699,0.5211246016927316,0.24190141313897515,class_selective_prob,anchor=v110;side=v119;margin=0;w=0.18;gate=anchor_not_top5,6
v110_v119_cls_margin-0.02_w0.18_none,0.9797713799885923,0.9163042736620147,0.2328767123287671,0.5205479452054794,22,0.011144416,0.9994699,0.5211211070392379,0.24186110991253199,class_selective_prob,anchor=v110;side=v119;margin=-0.02;w=0.18;gate=none,7
v110_v119_cls_margin0_w0.18_none,0.9797713799885923,0.9162733223557833,0.2328767123287671,0.5205479452054794,22,0.011144416,0.9994699,0.5211205935997827,0.24189373534924635,class_selective_prob,anchor=v110;side=v119;margin=0;w=0.18;gate=none,6
v110_v119_cls_margin0_w0.35_side_gt_anchor,0.979768091069719,0.9175128128627645,0.2191780821917808,0.5205479452054794,22,0.011144416,0.9994699,0.5221143097537696,0.242057371073493,class_selective_prob,anchor=v110;side=v119;margin=0;w=0.35;gate=side_gt_anchor,6
v110_v119_cls_margin-0.02_w0.35_side_gt_anchor,0.979768091069719,0.9174799055260278,0.2191780821917808,0.5205479452054794,22,0.011144416,0.9994699,0.522220209269213,0.2420051824484899,class_selective_prob,anchor=v110;side=v119;margin=-0.02;w=0.35;gate=side_gt_anchor,7
v110_v119_cls_margin0_w0.3_side_gt_anchor,0.9797259254431377,0.917157505674502,0.2191780821917808,0.5205479452054794,22,0.011144416,0.9994699,0.5219740120612999,0.24206871634542304,class_selective_prob,anchor=v110;side=v119;margin=0;w=0.3;gate=side_gt_anchor,6
v110_v119_cls_margin-0.02_w0.3_side_gt_anchor,0.9797259254431377,0.9171295459443376,0.2191780821917808,0.5205479452054794,22,0.011144416,0.9994699,0.5220647830745371,0.24202209918287776,class_selective_prob,anchor=v110;side=v119;margin=-0.02;w=0.3;gate=side_gt_anchor,7
v110_v119_cls_margin-0.02_w0.15_anchor_not_top5,0.9796854042759933,0.9161933552263006,0.2191780821917808,0.5205479452054794,22,0.011144416,0.9994699,0.5211262547168981,0.24192891851857737,class_selective_prob,anchor=v110;side=v119;margin=-0.02;w=0.15;gate=anchor_not_top5,7
v110_v119_cls_margin0_w0.15_anchor_not_top5,0.9796854042759933,0.9161658557386081,0.2191780821917808,0.5205479452054794,22,0.011144416,0.9994699,0.5211258723950231,0.2419573339273019,class_selective_prob,anchor=v110;side=v119;margin=0;w=0.15;gate=anchor_not_top5,6
v110_v119_cls_margin-0.02_w0.15_none,0.9796854042759933,0.9160779494264861,0.2328767123287671,0.5205479452054794,22,0.011144416,0.9994699,0.5211229601837786,0.24192258747571208,class_selective_prob,anchor=v110;side=v119;margin=-0.02;w=0.15;gate=none,7
v110_v119_cls_margin0_w0.15_none,0.9796854042759933,0.9160511403025012,0.2328767123287671,0.5205479452054794,22,0.011144416,0.9994699,0.5211225323175659,0.24195091829293452,class_selective_prob,anchor=v110;side=v119;margin=0;w=0.15;gate=none,6
v110_v116_cls_margin-0.02_w0.05_side_gt_anchor,0.979680725362061,0.9161672364660236,0.2191780821917808,0.5205479452054794,22,0.011144416,0.9994699,0.5212876989418163,0.24230325417343135,class_selective_prob,anchor=v110;side=v116;margin=-0.02;w=0.05;gate=side_gt_anchor,10
v114_v119_cls_margin0_w0.3_side_rank_top,0.9796714170187623,0.9176360427846004,0.2465753424657534,0.5205479452054794,22,0.011144416,0.9994662,0.5212138110117522,0.24198547861915215,class_selective_prob,anchor=v114;side=v119;margin=0;w=0.3;gate=side_rank_top,6
v114_v119_cls_margin-0.02_w0.3_side_rank_top,0.9796714170187623,0.9176145264490417,0.2465753424657534,0.5205479452054794,22,0.011144416,0.9994662,0.5212328332478633,0.24199531559416781,class_selective_prob,anchor=v114;side=v119;margin=-0.02;w=0.3;gate=side_rank_top,7
v114_v119_cls_margin0_w0.35_side_rank_top,0.9796697725593255,0.9179137991163575,0.2465753424657534,0.5205479452054794,22,0.011144416,0.9994662,0.5212301687202814,0.24199935444306225,class_selective_prob,anchor=v114;side=v119;margin=0;w=0.35;gate=side_rank_top,6
v114_v119_cls_margin-0.02_w0.35_side_rank_top,0.9796697725593255,0.9178892912047318,0.2465753424657534,0.5205479452054794,22,0.011144416,0.9994662,0.5212523613290777,0.24201128922365897,class_selective_prob,anchor=v114;side=v119;margin=-0.02;w=0.35;gate=side_rank_top,7
v114_v119_cls_margin0_w0.25_side_rank_top,0.979629251392181,0.9173350442080154,0.2465753424657534,0.5205479452054794,22,0.011144416,0.9994662,0.521197453303223,0.241972445833713,class_selective_prob,anchor=v114;side=v119;margin=0;w=0.25;gate=side_rank_top,6
v114_v119_cls_margin-0.02_w0.25_side_rank_top,0.979629251392181,0.9173166345091416,0.2465753424657534,0.5205479452054794,22,0.011144416,0.9994662,0.5212133051666489,0.24198031587885896,class_selective_prob,anchor=v114;side=v119;margin=-0.02;w=0.25;gate=side_rank_top,7
v114_v116_cls_margin0_w0.4_anchor_not_top5,0.9795971353317993,0.9161327182806354,0.2328767123287671,0.5205479452054794,22,0.011144416,0.9994662,0.5211134459280129,0.24193237843323087,class_selective_prob,anchor=v114;side=v116;margin=0;w=0.4;gate=anchor_not_top5,1
v114_v116_cls_margin0_w0.4_none,0.9795971353317993,0.91613076225013,0.2328767123287671,0.5205479452054794,22,0.011144416,0.9994662,0.5211133559674715,0.24193220486412886,class_selective_prob,anchor=v114;side=v116;margin=0;w=0.4;gate=none,1
v114_v116_cls_margin0_w0.35_anchor_not_top5,0.9795971353317993,0.9160834723361482,0.2328767123287671,0.5205479452054794,22,0.011144416,0.9994662,0.5211137232820834,0.2419301863534043,class_selective_prob,anchor=v114;side=v116;margin=0;w=0.35;gate=anchor_not_top5,1
v114_v116_cls_margin0_w0.35_none,0.9795971353317993,0.9160823217299686,0.2328767123287671,0.5205479452054794,22,0.011144416,0.9994662,0.5211136445666097,0.24193003374083144,class_selective_prob,anchor=v114;side=v116;margin=0;w=0.35;gate=none,1
v114_v119_cls_margin0.02_w0.4_anchor_not_top5,0.9795829882588286,0.9157523278776575,0.2328767123287671,0.5205479452054794,22,0.011144416,0.9994662,0.5211111901560328,0.24192289545965473,class_selective_prob,anchor=v114;side=v119;margin=0.02;w=0.4;gate=anchor_not_top5,1
v114_v119_cls_margin0.02_w0.4_none,0.9795829882588286,0.9157514073927138,0.2328767123287671,0.5205479452054794,22,0.011144416,0.9994662,0.5211112750718447,0.241923045126007,class_selective_prob,anchor=v114;side=v119;margin=0.02;w=0.4;gate=none,1
v114_v119_cls_margin0.02_w0.35_anchor_not_top5,0.9795829882588286,0.9157486459378826,0.2328767123287671,0.5205479452054794,22,0.011144416,0.9994662,0.5211117494816008,0.2419199867900968,class_selective_prob,anchor=v114;side=v119;margin=0.02;w=0.35;gate=anchor_not_top5,1
v114_v119_cls_margin0.02_w0.35_none,0.9795829882588286,0.9157481856954108,0.2328767123287671,0.5205479452054794,22,0.011144416,0.9994662,0.5211118237829363,0.24192011706407882,class_selective_prob,anchor=v114;side=v119;margin=0.02;w=0.35;gate=none,1
v114_v119_cls_margin0.02_w0.3_anchor_not_top5,0.9795829882588286,0.9157472652104671,0.2328767123287671,0.5205479452054794,22,0.011144416,0.9994662,0.5211123088071689,0.24191780330616555,class_selective_prob,anchor=v114;side=v119;margin=0.02;w=0.3;gate=anchor_not_top5,1
v114_v119_cls_margin0.02_w0.3_none,0.9795829882588286,0.9157469200286132,0.2328767123287671,0.5205479452054794,22,0.011144416,0.9994662,0.5211123724940279,0.24191791438288043,class_selective_prob,anchor=v114;side=v119;margin=0.02;w=0.3;gate=none,1
v114_v119_cls_margin0.02_w0.25_none,0.9795829882588286,0.9157454242405798,0.2328767123287671,0.5205479452054794,22,0.011144416,0.9994662,0.5211129212051193,0.241916437102226,class_selective_prob,anchor=v114;side=v119;margin=0.02;w=0.25;gate=none,1
v114_v119_cls_margin0.02_w0.25_anchor_not_top5,0.9795829882588286,0.9157454242405798,0.2328767123287671,0.5205479452054794,22,0.011144416,0.9994662,0.5211128681327369,0.241916345027497,class_selective_prob,anchor=v114;side=v119;margin=0.02;w=0.25;gate=anchor_not_top5,1
v114_v119_cls_margin0.02_w0.2_none,0.9795829882588286,0.9157415121795691,0.2328767123287671,0.5205479452054794,22,0.011144416,0.9994662,0.5211134699162109,0.24191568523540466,class_selective_prob,anchor=v114;side=v119;margin=0.02;w=0.2;gate=none,1
v114_v119_cls_margin0.02_w0.2_anchor_not_top5,0.9795829882588286,0.9157415121795691,0.2328767123287671,0.5205479452054794,22,0.011144416,0.9994662,0.5211134274583049,0.241915611967206,class_selective_prob,anchor=v114;side=v119;margin=0.02;w=0.2;gate=anchor_not_top5,1
v114_v119_cls_margin0.02_w0.18_none,0.9795829882588286,0.9157401314521536,0.2328767123287671,0.5205479452054794,22,0.011144416,0.9994662,0.5211136894006475,0.24191558760628373,class_selective_prob,anchor=v114;side=v119;margin=0.02;w=0.18;gate=none,1
v114_v119_cls_margin0.02_w0.18_anchor_not_top5,0.9795829882588286,0.9157401314521536,0.2328767123287671,0.5205479452054794,22,0.011144416,0.9994662,0.521113651188532,0.24191552180593123,class_selective_prob,anchor=v114;side=v119;margin=0.02;w=0.18;gate=anchor_not_top5,1
v114_v119_cls_margin0.02_w0.15_none,0.9795829882588286,0.9157392109672099,0.2328767123287671,0.5205479452054794,22,0.011144416,0.9994662,0.5211140186273023,0.24191565878918012,class_selective_prob,anchor=v114;side=v119;margin=0.02;w=0.15;gate=none,1
v114_v119_cls_margin0.02_w0.15_anchor_not_top5,0.9795829882588286,0.9157392109672099,0.2328767123287671,0.5205479452054794,22,0.011144416,0.9994662,0.5211139867838729,0.2419156041318852,class_selective_prob,anchor=v114;side=v119;margin=0.02;w=0.15;gate=anchor_not_top5,1
v114_v119_cls_margin0.02_w0.4_side_rank_top,0.9795829882588286,0.9157251735718187,0.2328767123287671,0.5205479452054794,22,0.011144416,0.9994662,0.5211314238195514,0.24193436587819758,class_selective_prob,anchor=v114;side=v119;margin=0.02;w=0.4;gate=side_rank_top,1
v114_v119_cls_margin0.02_w0.3_side_gt_anchor,0.9795829882588286,0.9157181548741231,0.2328767123287671,0.5205479452054794,22,0.011144416,0.9994662,0.5211786724981197,0.24190722148528787,class_selective_prob,anchor=v114;side=v119;margin=0.02;w=0.3;gate=side_gt_anchor,1
v114_v119_cls_margin0.02_w0.35_side_gt_anchor,0.9795829882588286,0.9157161988436178,0.2328767123287671,0.5205479452054794,22,0.011144416,0.9994662,0.5211891737877102,0.24190625638291535,class_selective_prob,anchor=v114;side=v119;margin=0.02;w=0.35;gate=side_gt_anchor,1
v110_v119_cls_margin0_w0.3_side_rank_top,0.9795824432568749,0.9167119334314494,0.2328767123287671,0.5205479452054794,22,0.011144416,0.9994699,0.5212302930382123,0.24240982690140203,class_selective_prob,anchor=v110;side=v119;margin=0;w=0.3;gate=side_rank_top,6
v110_v119_cls_margin-0.02_w0.3_side_rank_top,0.9795824432568749,0.9166909923989806,0.2328767123287671,0.5205479452054794,22,0.011144416,0.9994699,0.5212493152774216,0.2424196453669565,class_selective_prob,anchor=v110;side=v119;margin=-0.02;w=0.3;gate=side_rank_top,7
v110_v119_cls_margin0_w0.35_side_rank_top,0.9795807987974382,0.916990840369386,0.2328767123287671,0.5205479452054794,22,0.011144416,0.9994699,0.5212466375601673,0.24242365403216307,class_selective_prob,anchor=v110;side=v119;margin=0;w=0.35;gate=side_rank_top,6
v110_v119_cls_margin-0.02_w0.35_side_rank_top,0.9795807987974382,0.916967368003322,0.2328767123287671,0.5205479452054794,22,0.011144416,0.9994699,0.5212688301725783,0.24243556642126152,class_selective_prob,anchor=v110;side=v119;margin=-0.02;w=0.35;gate=side_rank_top,7
v114_v116_cls_margin0_w0.3_anchor_not_top5,0.9795723779541007,0.9160298540881785,0.2328767123287671,0.5205479452054794,22,0.011144416,0.9994662,0.5211140006361539,0.24192817605658232,class_selective_prob,anchor=v114;side=v116;margin=0;w=0.3;gate=anchor_not_top5,1
v114_v116_cls_margin0_w0.3_none,0.9795723779541007,0.916028473360763,0.2328767123287671,0.5205479452054794,22,0.011144416,0.9994662,0.521113933165748,0.24192804461194276,class_selective_prob,anchor=v114;side=v116;margin=0;w=0.3;gate=none,1
v110_v119_cls_margin0_w0.25_side_rank_top,0.9795402776302936,0.9164139264309312,0.2328767123287671,0.5205479452054794,22,0.011144416,0.9994699,0.5212139485162572,0.24239684152400487,class_selective_prob,anchor=v110;side=v119;margin=0;w=0.25;gate=side_rank_top,6
v110_v119_cls_margin-0.02_w0.25_side_rank_top,0.9795402776302936,0.9163962070957653,0.2328767123287671,0.5205479452054794,22,0.011144416,0.9994699,0.5212298003822651,0.24240469671440626,class_selective_prob,anchor=v110;side=v119;margin=-0.02;w=0.25;gate=side_rank_top,7
v110_v116_cls_margin0_w0.4_anchor_not_top5,0.9795081615699117,0.9152316210510765,0.2191780821917808,0.5205479452054794,22,0.011144416,0.9994699,0.5211300558797436,0.2423570512953716,class_selective_prob,anchor=v110;side=v116;margin=0;w=0.4;gate=anchor_not_top5,1
v110_v116_cls_margin0_w0.4_none,0.9795081615699117,0.9152294348993352,0.2191780821917808,0.5205479452054794,22,0.011144416,0.9994699,0.5211299659192022,0.2423568780365737,class_selective_prob,anchor=v110;side=v116;margin=0;w=0.4;gate=none,1
v114_v116_cls_margin0_w0.25_anchor_not_top5,0.9794981058210049,0.915987626841387,0.2328767123287671,0.5205479452054794,22,0.011144416,0.9994662,0.5211142779902244,0.2419263475472965,class_selective_prob,anchor=v114;side=v116;margin=0;w=0.25;gate=anchor_not_top5,1
v114_v116_cls_margin0_w0.25_none,0.9794981058210049,0.9159864762352073,0.2328767123287671,0.5205479452054794,22,0.011144416,0.9994662,0.5211142217648861,0.24192623748195186,class_selective_prob,anchor=v114;side=v116;margin=0;w=0.25;gate=none,1
v110_v119_cls_margin0.02_w0.4_anchor_not_top5,0.9794940144969412,0.914843866768549,0.2191780821917808,0.5205479452054794,22,0.011144416,0.9994699,0.5211277513181909,0.24234750400228638,class_selective_prob,anchor=v110;side=v119;margin=0.02;w=0.4;gate=anchor_not_top5,1
v110_v119_cls_margin0.02_w0.4_none,0.9794940144969412,0.9148430613442233,0.2191780821917808,0.5205479452054794,22,0.011144416,0.9994699,0.5211278362345726,0.24234765340164435,class_selective_prob,anchor=v110;side=v119;margin=0.02;w=0.4;gate=none,1
v110_v119_cls_margin0.02_w0.35_anchor_not_top5,0.9794940144969412,0.9148396095256844,0.2191780821917808,0.5205479452054794,22,0.011144416,0.9994699,0.5211283106417272,0.24234460038993305,class_selective_prob,anchor=v110;side=v119;margin=0.02;w=0.35;gate=anchor_not_top5,1
v110_v119_cls_margin0.02_w0.3_anchor_not_top5,0.9794940144969412,0.9148393794044486,0.2191780821917808,0.5205479452054794,22,0.011144416,0.9994699,0.5211288699652635,0.24234242069269063,class_selective_prob,anchor=v110;side=v119;margin=0.02;w=0.3;gate=anchor_not_top5,1
v110_v119_cls_margin0.02_w0.35_none,0.9794940144969412,0.9148392643438306,0.2191780821917808,0.5205479452054794,22,0.011144416,0.9994699,0.5211283849435612,0.2423447304314894,class_selective_prob,anchor=v110;side=v119;margin=0.02;w=0.35;gate=none,1
v110_v119_cls_margin0.02_w0.3_none,0.9794940144969412,0.9148391492832126,0.2191780821917808,0.5205479452054794,22,0.011144416,0.9994699,0.5211289336525499,0.24234253157120914,class_selective_prob,anchor=v110;side=v119;margin=0.02;w=0.3;gate=none,1
v110_v119_cls_margin0.02_w0.25_none,0.9794940144969412,0.9148376534951791,0.2191780821917808,0.5205479452054794,22,0.011144416,0.9994699,0.5211294823615384,0.24234105684051396,class_selective_prob,anchor=v110;side=v119;margin=0.02;w=0.25;gate=none,1
v110_v119_cls_margin0.02_w0.25_anchor_not_top5,0.9794940144969412,0.9148376534951791,0.2191780821917808,0.5205479452054794,22,0.011144416,0.9994699,0.5211294292887999,0.24234096493009247,class_selective_prob,anchor=v110;side=v119;margin=0.02;w=0.25;gate=anchor_not_top5,1
v110_v119_cls_margin0.02_w0.2_none,0.9794940144969412,0.9148337414341685,0.2191780821917808,0.5205479452054794,22,0.011144416,0.9994699,0.521130031070527,0.24234030625262368,class_selective_prob,anchor=v110;side=v119;margin=0.02;w=0.2;gate=none,1
v110_v119_cls_margin0.02_w0.2_anchor_not_top5,0.9794940144969412,0.9148337414341685,0.2191780821917808,0.5205479452054794,22,0.011144416,0.9994699,0.5211299886123363,0.24234023311518488,class_selective_prob,anchor=v110;side=v119;margin=0.02;w=0.2;gate=anchor_not_top5,1
v110_v119_cls_margin0.02_w0.18_none,0.9794940144969412,0.9148328209492248,0.2191780821917808,0.5205479452054794,22,0.011144416,0.9994699,0.5211302505541224,0.24234020877917825,class_selective_prob,anchor=v110;side=v119;margin=0.02;w=0.18;gate=none,1
v110_v119_cls_margin0.02_w0.18_anchor_not_top5,0.9794940144969412,0.9148328209492248,0.2191780821917808,0.5205479452054794,22,0.011144416,0.9994699,0.5211302123417507,0.24234014309626234,class_selective_prob,anchor=v110;side=v119;margin=0.02;w=0.18;gate=anchor_not_top5,1
v110_v119_cls_margin0.02_w0.15_none,0.9794940144969412,0.9148317854036632,0.2191780821917808,0.5205479452054794,22,0.011144416,0.9994699,0.5211305797795157,0.24234027981426684,class_selective_prob,anchor=v110;side=v119;margin=0.02;w=0.15;gate=none,1
v110_v119_cls_margin0.02_w0.15_anchor_not_top5,0.9794940144969412,0.9148317854036632,0.2191780821917808,0.5205479452054794,22,0.011144416,0.9994699,0.5211305479358724,0.24234022525452634,class_selective_prob,anchor=v110;side=v119;margin=0.02;w=0.15;gate=anchor_not_top5,1
v110_v119_cls_margin0.02_w0.4_side_rank_top,0.9794940144969412,0.914817517887036,0.2191780821917808,0.5205479452054794,22,0.011144416,0.9994699,0.521147984972151,0.24235895294268775,class_selective_prob,anchor=v110;side=v119;margin=0.02;w=0.4;gate=side_rank_top,1
v110_v119_cls_margin0.02_w0.3_side_gt_anchor,0.9794940144969412,0.9148109594318122,0.2191780821917808,0.5205479452054794,22,0.011144416,0.9994699,0.5211952336500179,0.24233185287465192,class_selective_prob,anchor=v110;side=v119;margin=0.02;w=0.3;gate=side_gt_anchor,1
v110_v119_cls_margin0.02_w0.35_side_gt_anchor,0.9794940144969412,0.9148081979769812,0.2191780821917808,0.5205479452054794,22,0.011144416,0.9994699,0.5212057349406073,0.24233088874615163,class_selective_prob,anchor=v110;side=v119;margin=0.02;w=0.35;gate=side_gt_anchor,1
v110_v116_cls_margin0_w0.35_anchor_not_top5,0.9794834041922132,0.9151816847428815,0.2191780821917808,0.5205479452054794,22,0.011144416,0.9994699,0.5211303271330858,0.24235485326571127,class_selective_prob,anchor=v110;side=v116;margin=0;w=0.35;gate=anchor_not_top5,1
v110_v116_cls_margin0_w0.35_none,0.9794834041922132,0.9151804190760839,0.2191780821917808,0.5205479452054794,22,0.011144416,0.9994699,0.5211302484176121,0.24235470092594716,class_selective_prob,anchor=v110;side=v116;margin=0;w=0.35;gate=none,1
v114_v116_cls_margin0_w0.2_anchor_not_top5,0.9794733484433066,0.91593780559381,0.2328767123287671,0.5205479452054794,22,0.011144416,0.9994662,0.521114555344295,0.2419247008296688,class_selective_prob,anchor=v114;side=v116;margin=0;w=0.2;gate=anchor_not_top5,1
v114_v116_cls_margin0_w0.2_none,0.9794733484433066,0.9159371152301022,0.2328767123287671,0.5205479452054794,22,0.011144416,0.9994662,0.5211145103640242,0.24192461235493723,class_selective_prob,anchor=v114;side=v116;margin=0;w=0.2;gate=none,1
v110_v116_cls_margin0_w0.3_anchor_not_top5,0.9794586468145146,0.9151282966161478,0.2191780821917808,0.5205479452054794,22,0.011144416,0.9994699,0.5211305983864281,0.24235283659616444,class_selective_prob,anchor=v110;side=v116;margin=0;w=0.3;gate=anchor_not_top5,1
v110_v116_cls_margin0_w0.3_none,0.9794586468145146,0.9151270309493502,0.2191780821917808,0.5205479452054794,22,0.011144416,0.9994699,0.5211305309160221,0.24235270538646841,class_selective_prob,anchor=v110;side=v116;margin=0;w=0.3;gate=none,1
v114_v119_cls_margin0_w0.2_side_rank_top,0.9794572999669828,0.917028867903622,0.2465753424657534,0.5205479452054794,22,0.011144416,0.9994662,0.5211810955946937,0.24196025622297146,class_selective_prob,anchor=v114;side=v119;margin=0;w=0.2;gate=side_rank_top,6
v114_v119_cls_margin-0.02_w0.2_side_rank_top,0.9794572999669828,0.9170149455688488,0.2465753424657534,0.5205479452054794,22,0.011144416,0.9994662,0.5211937770854346,0.24196629025885388,class_selective_prob,anchor=v114;side=v119;margin=-0.02;w=0.2;gate=side_rank_top,7
v114_v119_cls_margin0_w0.18_side_rank_top,0.9794362171536922,0.9169064434061118,0.2465753424657534,0.5205479452054794,22,0.011144416,0.9994662,0.5211745525112821,0.24195561649643205,class_selective_prob,anchor=v114;side=v119;margin=0;w=0.18;gate=side_rank_top,6
v114_v119_cls_margin-0.02_w0.18_side_rank_top,0.9794362171536922,0.9168939017987542,0.2465753424657534,0.5205479452054794,22,0.011144416,0.9994662,0.5211859658529487,0.24196095279587654,class_selective_prob,anchor=v114;side=v119;margin=-0.02;w=0.18;gate=side_rank_top,7
v114_v116_cls_margin0_w0.18_anchor_not_top5,0.9794238336879094,0.9159155988945437,0.2328767123287671,0.5205479452054794,22,0.011144416,0.9994662,0.5211146662859231,0.2419240930451273,class_selective_prob,anchor=v114;side=v116;margin=0;w=0.18;gate=anchor_not_top5,1
v114_v116_cls_margin0_w0.18_none,0.9794238336879094,0.9159149085308358,0.2328767123287671,0.5205479452054794,22,0.011144416,0.9994662,0.5211146258036795,0.24192401326580013,class_selective_prob,anchor=v114;side=v116;margin=0;w=0.18;gate=none,1
v114_v119_cls_margin0_w0.25_side_gt_anchor,0.9794102009620917,0.9176921348358562,0.2328767123287671,0.5205479452054794,22,0.011144416,0.9994662,0.5218171531969195,0.24166494853145007,class_selective_prob,anchor=v114;side=v119;margin=0;w=0.25;gate=side_gt_anchor,6
v114_v119_cls_margin-0.02_w0.25_side_gt_anchor,0.9794102009620917,0.9176685474091744,0.2328767123287671,0.5205479452054794,22,0.011144416,0.9994662,0.5218927957024839,0.24162446683355196,class_selective_prob,anchor=v114;side=v119;margin=-0.02;w=0.25;gate=side_gt_anchor,7
v114_v116_cls_margin0_w0.4_side_gt_anchor,0.9793990763102108,0.9162106143189948,0.2328767123287671,0.5205479452054794,22,0.011144416,0.9994662,0.52115545812297,0.2419141669821916,class_selective_prob,anchor=v114;side=v116;margin=0;w=0.4;gate=side_gt_anchor,1
v114_v116_cls_margin0_w0.35_side_gt_anchor,0.9793990763102108,0.9161507827976552,0.2328767123287671,0.5205479452054794,22,0.011144416,0.9994662,0.5211504839526709,0.2419146153354438,class_selective_prob,anchor=v114;side=v116;margin=0;w=0.35;gate=side_gt_anchor,1
v110_v116_cls_margin0_w0.25_anchor_not_top5,0.9793843746814189,0.9150844585207047,0.2191780821917808,0.5205479452054794,22,0.011144416,0.9994699,0.5211308696397703,0.24235100129125858,class_selective_prob,anchor=v110;side=v116;margin=0;w=0.25;gate=anchor_not_top5,1
v110_v116_cls_margin0_w0.25_none,0.9793843746814189,0.9150834229751431,0.2191780821917808,0.5205479452054794,22,0.011144416,0.9994699,0.521130813414432,0.24235089142262262,class_selective_prob,anchor=v110;side=v116;margin=0;w=0.25;gate=none,1
v114_v116_cls_margin0_w0.3_side_gt_anchor,0.9793743189325124,0.9160880747608666,0.2328767123287671,0.5205479452054794,22,0.011144416,0.9994662,0.5211455097823718,0.24191514148045687,class_selective_prob,anchor=v114;side=v116;margin=0;w=0.3;gate=side_gt_anchor,1
v114_v116_cls_margin0_w0.15_none,0.9793743189325124,0.9158849927701661,0.2328767123287671,0.5205479452054794,22,0.011144416,0.9994662,0.5211147989631624,0.24192316923456675,class_selective_prob,anchor=v114;side=v116;margin=0;w=0.15;gate=none,1
v114_v116_cls_margin0_w0.15_anchor_not_top5,0.9793743189325124,0.9158849927701661,0.2328767123287671,0.5205479452054794,22,0.011144416,0.9994662,0.5211148326983654,0.24192323590741144,class_selective_prob,anchor=v114;side=v116;margin=0;w=0.15;gate=anchor_not_top5,1
v114_v116_cls_margin0_w0.12_none,0.9793743189325124,0.9158554221913502,0.2328767123287671,0.5205479452054794,22,0.011144416,0.9994662,0.5211149721226453,0.24192239072690566,class_selective_prob,anchor=v114;side=v116;margin=0;w=0.12;gate=none,1
v114_v116_cls_margin0_w0.12_anchor_not_top5,0.9793743189325124,0.9158549619488784,0.2328767123287671,0.5205479452054794,22,0.011144416,0.9994662,0.5211149991108077,0.2419224442172257,class_selective_prob,anchor=v114;side=v116;margin=0;w=0.12;gate=anchor_not_top5,1
v110_v119_cls_margin0_w0.2_side_rank_top,0.9793683262050955,0.9161118923087845,0.2328767123287671,0.5205479452054794,22,0.011144416,0.9994699,0.521197603994302,0.24238469803525842,class_selective_prob,anchor=v110;side=v119;margin=0;w=0.2;gate=side_rank_top,6
v110_v119_cls_margin-0.02_w0.2_side_rank_top,0.9793683262050955,0.916098890458955,0.2328767123287671,0.5205479452054794,22,0.011144416,0.9994699,0.5212102854871082,0.2423907206435197,class_selective_prob,anchor=v110;side=v119;margin=-0.02;w=0.2;gate=side_rank_top,7
v110_v116_cls_margin0_w0.2_anchor_not_top5,0.9793596173037205,0.9150333716063302,0.2191780821917808,0.5205479452054794,22,0.011144416,0.9994699,0.5211311408931125,0.24234934735511413,class_selective_prob,anchor=v110;side=v116;margin=0;w=0.2;gate=anchor_not_top5,1
v110_v116_cls_margin0_w0.2_none,0.9793596173037205,0.9150329113638583,0.2191780821917808,0.5205479452054794,22,0.011144416,0.9994699,0.5211310959128418,0.24234925903848706,class_selective_prob,anchor=v110;side=v116;margin=0;w=0.2;gate=none,1
v114_v119_cls_margin0_w0.15_side_rank_top,0.9793502414410932,0.9167145222953534,0.2465753424657534,0.5205479452054794,22,0.011144416,0.9994662,0.5211647378861646,0.24194890991436724,class_selective_prob,anchor=v114;side=v119;margin=0;w=0.15;gate=side_rank_top,6
v114_v119_cls_margin-0.02_w0.15_side_rank_top,0.9793502414410932,0.9167040517791191,0.2465753424657534,0.5205479452054794,22,0.011144416,0.9994662,0.52117424900422,0.24195323890355253,class_selective_prob,anchor=v114;side=v119;margin=-0.02;w=0.15;gate=side_rank_top,7
v114_v116_cls_margin0_w0.1_none,0.9793495615548138,0.9158337907951736,0.2328767123287671,0.5205479452054794,22,0.011144416,0.9994662,0.5211150875623006,0.2419219081240975,class_selective_prob,anchor=v114;side=v116;margin=0;w=0.1;gate=none,1
v114_v116_cls_margin0_w0.1_anchor_not_top5,0.9793495615548138,0.9158334456133197,0.2328767123287671,0.5205479452054794,22,0.011144416,0.9994662,0.5211151100524359,0.24192195278382694,class_selective_prob,anchor=v114;side=v116;margin=0;w=0.1;gate=anchor_not_top5,1
v114_v116_cls_margin0_w0.08_none,0.9793495615548138,0.9158146907325921,0.2328767123287671,0.5205479452054794,22,0.011144416,0.9994662,0.5211152030019559,0.24192145464333353,class_selective_prob,anchor=v114;side=v116;margin=0;w=0.08;gate=none,1
v114_v116_cls_margin0_w0.08_anchor_not_top5,0.9793495615548138,0.9158144606113562,0.2328767123287671,0.5205479452054794,22,0.011144416,0.9994662,0.5211152209940642,0.2419214904386833,class_selective_prob,anchor=v114;side=v116;margin=0;w=0.08;gate=anchor_not_top5,1
v110_v119_cls_margin0_w0.18_side_rank_top,0.979347243391805,0.9159894678112743,0.2328767123287671,0.5205479452054794,22,0.011144416,0.9994699,0.5211910661855199,0.24238007639722142,class_selective_prob,anchor=v110;side=v119;margin=0;w=0.18;gate=side_rank_top,6
v110_v119_cls_margin-0.02_w0.18_side_rank_top,0.979347243391805,0.9159775015070064,0.2328767123287671,0.5205479452054794,22,0.011144416,0.9994699,0.5212024795290456,0.2423854025761098,class_selective_prob,anchor=v110;side=v119;margin=-0.02;w=0.18;gate=side_rank_top,7
v114_v119_cls_margin0_w0.2_side_gt_anchor,0.979327514168366,0.9173101335842269,0.2328767123287671,0.5205479452054794,22,0.011144416,0.9994662,0.521676855509651,0.24169613548553065,class_selective_prob,anchor=v114;side=v119;margin=0;w=0.2;gate=side_gt_anchor,6
v114_v119_cls_margin-0.02_w0.2_side_gt_anchor,0.979327514168366,0.917292184127825,0.2328767123287671,0.5205479452054794,22,0.011144416,0.9994662,0.5217373695141025,0.2416624950815241,class_selective_prob,anchor=v114;side=v119;margin=-0.02;w=0.2;gate=side_gt_anchor,7
v114_v119_cls_margin-0.02_w0.12_anchor_not_top5,0.979327514168366,0.9168352208835943,0.2328767123287671,0.5205479452054794,22,0.011144416,0.9994662,0.5211107654665812,0.24157136883304114,class_selective_prob,anchor=v114;side=v119;margin=-0.02;w=0.12;gate=anchor_not_top5,7
v114_v119_cls_margin0_w0.12_anchor_not_top5,0.979327514168366,0.9168109430932045,0.2328767123287671,0.5205479452054794,22,0.011144416,0.9994662,0.5211106135754231,0.24159531170057838,class_selective_prob,anchor=v114;side=v119;margin=0;w=0.12;gate=anchor_not_top5,6
v114_v119_cls_margin-0.02_w0.12_none,0.979327514168366,0.916751111571865,0.2328767123287671,0.5205479452054794,22,0.011144416,0.9994662,0.5211082837976924,0.24156653680685927,class_selective_prob,anchor=v114;side=v119;margin=-0.02;w=0.12;gate=none,7
v114_v119_cls_margin0_w0.12_none,0.979327514168366,0.9167284446301267,0.2328767123287671,0.5205479452054794,22,0.011144416,0.9994662,0.5211079415100385,0.24159015612604534,class_selective_prob,anchor=v114;side=v119;margin=0;w=0.12;gate=none,6
v114_v119_cls_margin-0.02_w0.1_anchor_not_top5,0.979327514168366,0.9166594082593503,0.2328767123287671,0.5205479452054794,22,0.011144416,0.9994662,0.5211115820155805,0.24162097901813662,class_selective_prob,anchor=v114;side=v119;margin=-0.02;w=0.1;gate=anchor_not_top5,7
v114_v119_cls_margin0_w0.1_anchor_not_top5,0.979327514168366,0.9166397328936791,0.2328767123287671,0.5205479452054794,22,0.011144416,0.9994662,0.5211114554396153,0.24164143884057285,class_selective_prob,anchor=v114;side=v119;margin=0;w=0.1;gate=anchor_not_top5,6
v114_v119_cls_margin-0.02_w0.1_none,0.979327514168366,0.9165889911611584,0.2328767123287671,0.5205479452054794,22,0.011144416,0.9994662,0.5211095139581731,0.2416169445163888,class_selective_prob,anchor=v114;side=v119;margin=-0.02;w=0.1;gate=none,7
v114_v119_cls_margin0_w0.1_none,0.979327514168366,0.9165704664016667,0.2328767123287671,0.5205479452054794,22,0.011144416,0.9994662,0.5211092287184617,0.2416371349132633,class_selective_prob,anchor=v114;side=v119;margin=0;w=0.1;gate=none,6
v114_v119_cls_margin-0.02_w0.08_anchor_not_top5,0.979327514168366,0.9164802588771855,0.2328767123287671,0.5205479452054794,22,0.011144416,0.9994662,0.5211123985645798,0.24167398578986618,class_selective_prob,anchor=v114;side=v119;margin=-0.02;w=0.08;gate=anchor_not_top5,7
v114_v119_cls_margin0_w0.08_anchor_not_top5,0.979327514168366,0.9164634600269633,0.2328767123287671,0.5205479452054794,22,0.011144416,0.9994662,0.5211122973038077,0.241690759204585,class_selective_prob,anchor=v114;side=v119;margin=0;w=0.08;gate=anchor_not_top5,6
v114_v119_cls_margin-0.02_w0.08_none,0.979327514168366,0.9164253749624183,0.2328767123287671,0.5205479452054794,22,0.011144416,0.9994662,0.521110744118654,0.24167075198591587,class_selective_prob,anchor=v114;side=v119;margin=-0.02;w=0.08;gate=none,7
v114_v119_cls_margin0_w0.08_none,0.979327514168366,0.9164089212940499,0.2328767123287671,0.5205479452054794,22,0.011144416,0.9994662,0.5211105159268846,0.24168731001851906,class_selective_prob,anchor=v114;side=v119;margin=0;w=0.08;gate=none,6
v114_v119_cls_margin-0.02_w0.05_anchor_not_top5,0.979327514168366,0.9161989356662718,0.2328767123287671,0.5205479452054794,22,0.011144416,0.9994662,0.5211136233880788,0.24175985962106467,class_selective_prob,anchor=v114;side=v119;margin=-0.02;w=0.05;gate=anchor_not_top5,7
v114_v119_cls_margin0_w0.05_anchor_not_top5,0.979327514168366,0.9161882350288014,0.2328767123287671,0.5205479452054794,22,0.011144416,0.9994662,0.5211135601000961,0.24177072273618586,class_selective_prob,anchor=v114;side=v119;margin=0;w=0.05;gate=anchor_not_top5,6
v114_v119_cls_margin-0.02_w0.05_none,0.979327514168366,0.9161652229052093,0.2328767123287671,0.5205479452054794,22,0.011144416,0.9994662,0.521112589359375,0.24175783273529322,class_selective_prob,anchor=v114;side=v119;margin=-0.02;w=0.05;gate=none,7
v114_v119_cls_margin0_w0.05_none,0.979327514168366,0.9161546373283569,0.2328767123287671,0.5205479452054794,22,0.011144416,0.9994662,0.5211124467395192,0.24176856138486807,class_selective_prob,anchor=v114;side=v119;margin=0;w=0.05;gate=none,6
v114_v116_cls_margin0_w0.25_side_gt_anchor,0.9793248041771151,0.9160327306036276,0.2328767123287671,0.5205479452054794,22,0.011144416,0.9994662,0.5211405356120727,0.24191574541672325,class_selective_prob,anchor=v114;side=v116;margin=0;w=0.25;gate=side_gt_anchor,1
v114_v116_cls_margin0_w0.2_side_gt_anchor,0.9793248041771151,0.9159726689610521,0.2328767123287671,0.5205479452054794,22,0.011144416,0.9994662,0.5211355614417735,0.24191642714366038,class_selective_prob,anchor=v114;side=v116;margin=0;w=0.2;gate=side_gt_anchor,1
v114_v116_cls_margin0_w0.18_side_gt_anchor,0.9793248041771151,0.9159475857463367,0.2328767123287671,0.5205479452054794,22,0.011144416,0.9994662,0.5211335717736538,0.24191672161567823,class_selective_prob,anchor=v114;side=v116;margin=0;w=0.18;gate=side_gt_anchor,1
v114_v116_cls_margin0_w0.15_side_gt_anchor,0.9793248041771151,0.9159113416516791,0.2328767123287671,0.5205479452054794,22,0.011144416,0.9994662,0.5211305872714744,0.24191718666061054,class_selective_prob,anchor=v114;side=v116;margin=0;w=0.15;gate=side_gt_anchor,1
v110_v119_cls_margin0_w0.25_side_gt_anchor,0.9793212272002042,0.916785859878489,0.2191780821917808,0.5205479452054794,22,0.011144416,0.9994699,0.5218337143688301,0.2420899611874807,class_selective_prob,anchor=v110;side=v119;margin=0;w=0.25;gate=side_gt_anchor,6
v110_v119_cls_margin-0.02_w0.25_side_gt_anchor,0.9793212272002042,0.916762962815515,0.2191780821917808,0.5205479452054794,22,0.011144416,0.9994699,0.5219093568798612,0.24204954539465431,class_selective_prob,anchor=v110;side=v119;margin=-0.02;w=0.25;gate=side_gt_anchor,7
v110_v116_cls_margin0_w0.18_anchor_not_top5,0.9793101025483234,0.9150108197252099,0.2191780821917808,0.5205479452054794,22,0.011144416,0.9994699,0.5211312493944494,0.24234873656475497,class_selective_prob,anchor=v110;side=v116;margin=0;w=0.18;gate=anchor_not_top5,1
v110_v116_cls_margin0_w0.18_none,0.9793101025483234,0.9150101293615022,0.2191780821917808,0.5205479452054794,22,0.011144416,0.9994699,0.5211312089122059,0.24234865692798732,class_selective_prob,anchor=v110;side=v116;margin=0;w=0.18;gate=none,1
v114_v119_cls_margin0_w0.12_side_rank_top,0.9793064313550753,0.9165175385174048,0.2328767123287671,0.5205479452054794,22,0.011144416,0.9994662,0.5211549232610471,0.2419425069639535,class_selective_prob,anchor=v114;side=v119;margin=0;w=0.12;gate=side_rank_top,6
v114_v119_cls_margin-0.02_w0.12_side_rank_top,0.9793064313550753,0.9165086788498219,0.2328767123287671,0.5205479452054794,22,0.011144416,0.9994662,0.5211625321554915,0.24194587580350785,class_selective_prob,anchor=v114;side=v119;margin=-0.02;w=0.12;gate=side_rank_top,7
v114_v119_cls_margin0_w0.1_side_rank_top,0.9793064313550753,0.9163869447160194,0.2328767123287671,0.5205479452054794,22,0.011144416,0.9994662,0.5211483801776353,0.24193840702654668,class_selective_prob,anchor=v114;side=v119;margin=0;w=0.1;gate=side_rank_top,6
v114_v119_cls_margin-0.02_w0.1_side_rank_top,0.9793064313550753,0.9163801561395598,0.2328767123287671,0.5205479452054794,22,0.011144416,0.9994662,0.5211547209230057,0.24194116197062315,class_selective_prob,anchor=v114;side=v119;margin=-0.02;w=0.1;gate=side_rank_top,7
v114_v119_cls_margin0_w0.08_side_rank_top,0.9793064313550753,0.9162547400659826,0.2328767123287671,0.5205479452054794,22,0.011144416,0.9994662,0.5211418370942237,0.24193444205413933,class_selective_prob,anchor=v114;side=v119;margin=0;w=0.08;gate=side_rank_top,6
v114_v119_cls_margin-0.02_w0.08_side_rank_top,0.9793064313550753,0.9162502527018822,0.2328767123287671,0.5205479452054794,22,0.011144416,0.9994662,0.52114690969052,0.24193660406879786,class_selective_prob,anchor=v114;side=v119;margin=-0.02;w=0.08;gate=side_rank_top,7
v114_v119_cls_margin0_w0.05_side_rank_top,0.9793064313550753,0.9160539592876413,0.2328767123287671,0.5205479452054794,22,0.011144416,0.9994662,0.5211320224691062,0.2419287476693564,class_selective_prob,anchor=v114;side=v119;margin=0;w=0.05;gate=side_rank_top,6
v114_v119_cls_margin-0.02_w0.05_side_rank_top,0.9793064313550753,0.9160509677115743,0.2328767123287671,0.5205479452054794,22,0.011144416,0.9994662,0.5211351928417913,0.2419300596059926,class_selective_prob,anchor=v114;side=v119;margin=-0.02;w=0.05;gate=side_rank_top,7
v114_v119_cls_margin0_w0.18_side_gt_anchor,0.9793047868956386,0.9171549168105979,0.2328767123287671,0.5205479452054794,22,0.011144416,0.9994662,0.5216207364347436,0.2417113854696677,class_selective_prob,anchor=v114;side=v119;margin=0;w=0.18;gate=side_gt_anchor,6
v114_v119_cls_margin-0.02_w0.18_side_gt_anchor,0.9793047868956386,0.9171391535059373,0.2328767123287671,0.5205479452054794,22,0.011144416,0.9994662,0.52167519903875,0.24168065774421105,class_selective_prob,anchor=v114;side=v119;margin=-0.02;w=0.18;gate=side_gt_anchor,7
v114_v116_cls_margin0_w0.12_side_gt_anchor,0.9793000467994166,0.9158744071933137,0.2328767123287671,0.5205479452054794,22,0.011144416,0.9994662,0.5211276027692949,0.24191767970968528,class_selective_prob,anchor=v114;side=v116;margin=0;w=0.12;gate=side_gt_anchor,1
v114_v116_cls_margin0_w0.1_side_gt_anchor,0.9793000467994166,0.9158503595241599,0.2328767123287671,0.5205479452054794,22,0.011144416,0.9994662,0.5211256131011752,0.24191802396684117,class_selective_prob,anchor=v114;side=v116;margin=0;w=0.1;gate=side_gt_anchor,1
v114_v116_cls_margin0_w0.08_side_gt_anchor,0.9793000467994166,0.9158264269156241,0.2328767123287671,0.5205479452054794,22,0.011144416,0.9994662,0.5211236234330556,0.2419183806701535,class_selective_prob,anchor=v114;side=v116;margin=0;w=0.08;gate=side_gt_anchor,1
v114_v116_cls_margin0_w0.2_side_rank_top,0.9793000467994166,0.915803414792032,0.2328767123287671,0.5205479452054794,22,0.011144416,0.9994662,0.5211164603139957,0.2419207447366034,class_selective_prob,anchor=v114;side=v116;margin=0;w=0.2;gate=side_rank_top,1
v114_v116_cls_margin0_w0.05_anchor_not_top5,0.9793000467994166,0.9157776412136087,0.2328767123287671,0.5205479452054794,22,0.011144416,0.9994662,0.5211153874065064,0.24192085146180806,class_selective_prob,anchor=v114;side=v116;margin=0;w=0.05;gate=anchor_not_top5,1
v114_v116_cls_margin0_w0.05_none,0.9793000467994166,0.9157771809711369,0.2328767123287671,0.5205479452054794,22,0.011144416,0.9994662,0.5211153761614388,0.24192082902637593,class_selective_prob,anchor=v114;side=v116;margin=0;w=0.05;gate=none,1
v114_v119_cls_margin0_w0.05_side_gt_anchor,0.9792853485417847,0.9161196013701879,0.2328767123287671,0.5205479452054794,22,0.011144416,0.9994662,0.5212559624478456,0.2418491380642932,class_selective_prob,anchor=v114;side=v119;margin=0;w=0.05;gate=side_gt_anchor,6
v114_v119_cls_margin-0.02_w0.05_side_gt_anchor,0.9792853485417847,0.9161154591879412,0.2328767123287671,0.5205479452054794,22,0.011144416,0.9994662,0.5212710909489584,0.24183978958909003,class_selective_prob,anchor=v114;side=v119;margin=-0.02;w=0.05;gate=side_gt_anchor,7
v110_v116_cls_margin0_w0.4_side_gt_anchor,0.9792853451706247,0.9153097472106717,0.2191780821917808,0.5205479452054794,22,0.011144416,0.9994699,0.5211720192775641,0.2423387877906585,class_selective_prob,anchor=v110;side=v116;margin=0;w=0.4;gate=side_gt_anchor,1
v110_v116_cls_margin0_w0.35_side_gt_anchor,0.9792853451706247,0.9152491102650064,0.2191780821917808,0.5205479452054794,22,0.011144416,0.9994699,0.5211670451061787,0.24233923569762175,class_selective_prob,anchor=v110;side=v116;margin=0;w=0.35;gate=side_gt_anchor,1
v114_v119_cls_margin0_w0.15_side_gt_anchor,0.9792837040823481,0.9169192726650145,0.2328767123287671,0.5205479452054794,22,0.011144416,0.9994662,0.5215365578223825,0.24173723296361702,class_selective_prob,anchor=v114;side=v119;margin=0;w=0.15;gate=side_gt_anchor,6
v114_v119_cls_margin-0.02_w0.15_side_gt_anchor,0.9792837040823481,0.9169059256333311,0.2328767123287671,0.5205479452054794,22,0.011144416,0.9994662,0.5215819433257212,0.24171106275293577,class_selective_prob,anchor=v114;side=v119;margin=-0.02;w=0.15;gate=side_gt_anchor,7
v114_v116_cls_margin0_w0.4_side_rank_top,0.979275289421718,0.9158661228288205,0.2328767123287671,0.5205479452054794,22,0.011144416,0.9994662,0.5211172558674145,0.24192169950095727,class_selective_prob,anchor=v114;side=v116;margin=0;w=0.4;gate=side_rank_top,1
v114_v116_cls_margin0_w0.35_side_rank_top,0.979275289421718,0.9158502444635419,0.2328767123287671,0.5205479452054794,22,0.011144416,0.9994662,0.5211170569790599,0.2419214475001201,class_selective_prob,anchor=v114;side=v116;margin=0;w=0.35;gate=side_rank_top,1
v114_v116_cls_margin0_w0.3_side_rank_top,0.979275289421718,0.9158304540372527,0.2328767123287671,0.5205479452054794,22,0.011144416,0.9994662,0.5211168580907052,0.24192120437243103,class_selective_prob,anchor=v114;side=v116;margin=0;w=0.3;gate=side_rank_top,1
v114_v116_cls_margin0_w0.25_side_rank_top,0.979275289421718,0.9158199835210183,0.2328767123287671,0.5205479452054794,22,0.011144416,0.9994662,0.5211166592023505,0.24192097011791688,class_selective_prob,anchor=v114;side=v116;margin=0;w=0.25;gate=side_rank_top,1
v114_v116_cls_margin0_w0.18_side_rank_top,0.979275289421718,0.9157955906700106,0.2328767123287671,0.5205479452054794,22,0.011144416,0.9994662,0.5211163807586539,0.24192065706857982,class_selective_prob,anchor=v114;side=v116;margin=0;w=0.18;gate=side_rank_top,1
v114_v116_cls_margin0_w0.15_side_rank_top,0.979275289421718,0.9157841996688325,0.2328767123287671,0.5205479452054794,22,0.011144416,0.9994662,0.521116261425641,0.24192052822851542,class_selective_prob,anchor=v114;side=v116;margin=0;w=0.15;gate=side_rank_top,1
v114_v116_cls_margin0_w0.12_side_rank_top,0.979275289421718,0.9157726936070365,0.2328767123287671,0.5205479452054794,22,0.011144416,0.9994662,0.5211161420926282,0.24192040258282083,class_selective_prob,anchor=v114;side=v116;margin=0;w=0.12;gate=side_rank_top,1
v114_v116_cls_margin0_w0.1_side_rank_top,0.979275289421718,0.9157648694850151,0.2328767123287671,0.5205479452054794,22,0.011144416,0.9994662,0.5211160625372864,0.24192032059367674,class_selective_prob,anchor=v114;side=v116;margin=0;w=0.1;gate=side_rank_top,1
v114_v116_cls_margin0_w0.08_side_rank_top,0.979275289421718,0.9157584260904094,0.2328767123287671,0.5205479452054794,22,0.011144416,0.9994662,0.5211159829819445,0.2419202400242562,class_selective_prob,anchor=v114;side=v116;margin=0;w=0.08;gate=side_rank_top,1
v114_v119_cls_margin0_w0.12_side_gt_anchor,0.9792626212690575,0.916672007397017,0.2328767123287671,0.5205479452054794,22,0.011144416,0.9994662,0.5214523792100214,0.2417666464502211,class_selective_prob,anchor=v114;side=v119;margin=0;w=0.12;gate=side_gt_anchor,6
v114_v119_cls_margin-0.02_w0.12_side_gt_anchor,0.9792626212690575,0.9166605013352209,0.2328767123287671,0.5205479452054794,22,0.011144416,0.9994662,0.5214886876126923,0.24174525969384303,class_selective_prob,anchor=v114;side=v119;margin=-0.02;w=0.12;gate=side_gt_anchor,7
v114_v119_cls_margin0_w0.1_side_gt_anchor,0.9792626212690575,0.9165161002596803,0.2328767123287671,0.5205479452054794,22,0.011144416,0.9994662,0.521396260135114,0.2417882359121439,class_selective_prob,anchor=v114;side=v119;margin=0;w=0.1;gate=side_gt_anchor,6
v114_v119_cls_margin-0.02_w0.1_side_gt_anchor,0.9792626212690575,0.9165071255314794,0.2328767123287671,0.5205479452054794,22,0.011144416,0.9994662,0.5214265171373398,0.24177016349619368,class_selective_prob,anchor=v114;side=v119;margin=-0.02;w=0.1;gate=side_gt_anchor,7
v114_v119_cls_margin0_w0.08_side_gt_anchor,0.9792626212690575,0.9163597328798717,0.2328767123287671,0.5205479452054794,22,0.011144416,0.9994662,0.5213401410602065,0.24181140926019273,class_selective_prob,anchor=v114;side=v119;margin=0;w=0.08;gate=side_gt_anchor,6
v114_v119_cls_margin-0.02_w0.08_side_gt_anchor,0.9792626212690575,0.9163535196065019,0.2328767123287671,0.5205479452054794,22,0.011144416,0.9994662,0.5213643466619872,0.24179675136978224,class_selective_prob,anchor=v114;side=v119;margin=-0.02;w=0.08;gate=side_gt_anchor,7
v110_v119_cls_margin0_w0.15_side_rank_top,0.9792612676792057,0.9157973165792801,0.2328767123287671,0.5205479452054794,22,0.011144416,0.9994699,0.5211812594723468,0.24237339656170462,class_selective_prob,anchor=v110;side=v119;margin=0;w=0.15;gate=side_rank_top,6
v110_v119_cls_margin-0.02_w0.15_side_rank_top,0.9792612676792057,0.9157873063055174,0.2328767123287671,0.5205479452054794,22,0.011144416,0.9994699,0.5211907705919514,0.242377717322541,class_selective_prob,anchor=v110;side=v119;margin=-0.02;w=0.15;gate=side_rank_top,7
v110_v116_cls_margin0_w0.3_side_gt_anchor,0.9792605877929262,0.9151862871676,0.2191780821917808,0.5205479452054794,22,0.011144416,0.9994699,0.5211620709347935,0.24233976126006582,class_selective_prob,anchor=v110;side=v116;margin=0;w=0.3;gate=side_gt_anchor,1
v110_v116_cls_margin0_w0.15_none,0.9792605877929262,0.9149789479340348,0.2191780821917808,0.5205479452054794,22,0.011144416,0.9994699,0.5211313784112518,0.24234780823773092,class_selective_prob,anchor=v110;side=v116;margin=0;w=0.15;gate=none,1
v110_v116_cls_margin0_w0.15_anchor_not_top5,0.9792605877929262,0.9149789479340348,0.2191780821917808,0.5205479452054794,22,0.011144416,0.9994699,0.5211314121464548,0.24234787479144437,class_selective_prob,anchor=v110;side=v116;margin=0;w=0.15;gate=anchor_not_top5,1
v110_v116_cls_margin0_w0.12_none,0.9792605877929262,0.9149482267490393,0.2191780821917808,0.5205479452054794,22,0.011144416,0.9994699,0.5211315479102977,0.24234702491867294,class_selective_prob,anchor=v110;side=v116;margin=0;w=0.12;gate=none,1
v110_v116_cls_margin0_w0.12_anchor_not_top5,0.9792605877929262,0.9149477665065675,0.2191780821917808,0.5205479452054794,22,0.011144416,0.9994699,0.5211315748984601,0.2423470783134227,class_selective_prob,anchor=v110;side=v116;margin=0;w=0.12;gate=anchor_not_top5,1
v114_v116_cls_margin0_w0.05_side_gt_anchor,0.9792505320440196,0.915785810517484,0.2328767123287671,0.5205479452054794,22,0.011144416,0.9994662,0.5211206389308761,0.24191893906154444,class_selective_prob,anchor=v114;side=v116;margin=0;w=0.05;gate=side_gt_anchor,1
v114_v116_cls_margin0_w0.05_side_rank_top,0.9792505320440196,0.9157445037556361,0.2328767123287671,0.5205479452054794,22,0.011144416,0.9994662,0.5211158636489317,0.24192012183211017,class_selective_prob,anchor=v114;side=v116;margin=0;w=0.05;gate=side_rank_top,1
v110_v119_cls_margin0_w0.2_side_gt_anchor,0.9792385404064785,0.9164060447786009,0.2191780821917808,0.5205479452054794,22,0.011144416,0.9994699,0.5216934166763604,0.2421211029937617,class_selective_prob,anchor=v110;side=v119;margin=0;w=0.2;gate=side_gt_anchor,6
v110_v119_cls_margin-0.02_w0.2_side_gt_anchor,0.9792385404064785,0.9163887856859069,0.2191780821917808,0.5205479452054794,22,0.011144416,0.9994699,0.5217539306851852,0.2420875175025412,class_selective_prob,anchor=v110;side=v119;margin=-0.02;w=0.2;gate=side_gt_anchor,7
v110_v119_cls_margin-0.02_w0.12_anchor_not_top5,0.9792385404064785,0.915923307955947,0.2191780821917808,0.5205479452054794,22,0.011144416,0.9994699,0.5211274489548149,0.2419967910889761,class_selective_prob,anchor=v110;side=v119;margin=-0.02;w=0.12;gate=anchor_not_top5,7
v110_v119_cls_margin0_w0.12_anchor_not_top5,0.9792385404064785,0.9159006410142088,0.2191780821917808,0.5205479452054794,22,0.011144416,0.9994699,0.5211271430973149,0.2420204366675758,class_selective_prob,anchor=v110;side=v119;margin=0;w=0.12;gate=anchor_not_top5,6
v110_v119_cls_margin-0.02_w0.12_none,0.9792385404064785,0.9158347112801173,0.2191780821917808,0.5205479452054794,22,0.011144416,0.9994699,0.5211248133283192,0.24199171249311136,class_selective_prob,anchor=v110;side=v119;margin=-0.02;w=0.12;gate=none,7
v110_v119_cls_margin0_w0.12_none,0.9792385404064785,0.9158126196414688,0.2191780821917808,0.5205479452054794,22,0.011144416,0.9994699,0.5211244710353491,0.24201529033840735,class_selective_prob,anchor=v110;side=v119;margin=0;w=0.12;gate=none,6
v110_v119_cls_margin-0.02_w0.1_anchor_not_top5,0.9792385404064785,0.9157515224533317,0.2191780821917808,0.5205479452054794,22,0.011144416,0.9994699,0.5211282451134259,0.24204628094853334,class_selective_prob,anchor=v110;side=v119;margin=-0.02;w=0.1;gate=anchor_not_top5,7
v110_v119_cls_margin0_w0.1_anchor_not_top5,0.9792385404064785,0.9157332278150759,0.2191780821917808,0.5205479452054794,22,0.011144416,0.9994699,0.5211279902321759,0.24206649238704847,class_selective_prob,anchor=v110;side=v119;margin=0;w=0.1;gate=anchor_not_top5,6
v110_v119_cls_margin-0.02_w0.1_none,0.9792385404064785,0.9156769631728932,0.2191780821917808,0.5205479452054794,22,0.011144416,0.9994699,0.5211260487580127,0.24204204121793152,class_selective_prob,anchor=v110;side=v119;margin=-0.02;w=0.1;gate=none,7
v110_v119_cls_margin0_w0.1_none,0.9792385404064785,0.9156591287771093,0.2191780821917808,0.5205479452054794,22,0.011144416,0.9994699,0.521125763513871,0.2420621961748719,class_selective_prob,anchor=v110;side=v119;margin=0;w=0.1;gate=none,6
v110_v119_cls_margin-0.02_w0.08_anchor_not_top5,0.9792385404064785,0.9155719128286951,0.2191780821917808,0.5205479452054794,22,0.011144416,0.9994699,0.521129041272037,0.24209916158461184,class_selective_prob,anchor=v110;side=v119;margin=-0.02;w=0.08;gate=anchor_not_top5,7
v110_v119_cls_margin0_w0.08_anchor_not_top5,0.9792385404064785,0.9155556892815626,0.2191780821917808,0.5205479452054794,22,0.011144416,0.9994699,0.5211288373670371,0.24211573578199036,class_selective_prob,anchor=v110;side=v119;margin=0;w=0.08;gate=anchor_not_top5,6
v110_v119_cls_margin-0.02_w0.08_none,0.9792385404064785,0.9155128867316813,0.2191780821917808,0.5205479452054794,22,0.011144416,0.9994699,0.5211272841877066,0.24209576379633263,class_selective_prob,anchor=v110;side=v119;margin=-0.02;w=0.08;gate=none,7
v110_v119_cls_margin0_w0.08_none,0.9792385404064785,0.9154967782451668,0.2191780821917808,0.5205479452054794,22,0.011144416,0.9994699,0.5211270559923932,0.24211229277630922,class_selective_prob,anchor=v110;side=v119;margin=0;w=0.08;gate=none,6
v110_v119_cls_margin-0.02_w0.05_anchor_not_top5,0.9792385404064785,0.9152924305876686,0.2191780821917808,0.5205479452054794,22,0.011144416,0.9994699,0.5211302355099536,0.2421848353470849,class_selective_prob,anchor=v110;side=v119;margin=-0.02;w=0.05;gate=anchor_not_top5,7
v110_v119_cls_margin0_w0.05_anchor_not_top5,0.9792385404064785,0.9152816148895804,0.2191780821917808,0.5205479452054794,22,0.011144416,0.9994699,0.5211301080693286,0.24219557347819992,class_selective_prob,anchor=v110;side=v119;margin=0;w=0.05;gate=anchor_not_top5,6
v110_v119_cls_margin-0.02_w0.05_none,0.9792385404064785,0.9152548057655955,0.2191780821917808,0.5205479452054794,22,0.011144416,0.9994699,0.5211291373322472,0.24218270615982496,class_selective_prob,anchor=v110;side=v119;margin=-0.02;w=0.05;gate=none,7
v110_v119_cls_margin0_w0.05_none,0.9792385404064785,0.9152441051281252,0.2191780821917808,0.5205479452054794,22,0.011144416,0.9994699,0.5211289947101763,0.24219341599708794,class_selective_prob,anchor=v110;side=v119;margin=0;w=0.05;gate=none,6
v110_v116_cls_margin0_w0.1_none,0.9792358304152277,0.9149268254740986,0.2191780821917808,0.5205479452054794,22,0.011144416,0.9994699,0.5211316609096617,0.2423465390236153,class_selective_prob,anchor=v110;side=v116;margin=0;w=0.1;gate=none,1
v110_v116_cls_margin0_w0.1_anchor_not_top5,0.9792358304152277,0.9149265953528627,0.2191780821917808,0.5205479452054794,22,0.011144416,0.9994699,0.521131683399797,0.24234658360355554,class_selective_prob,anchor=v110;side=v116;margin=0;w=0.1;gate=anchor_not_top5,1
v110_v116_cls_margin0_w0.08_none,0.9792358304152277,0.9149065748053375,0.2191780821917808,0.5205479452054794,22,0.011144416,0.9994699,0.5211317739090255,0.24234608218288117,class_selective_prob,anchor=v110;side=v116;margin=0;w=0.08;gate=none,1
v110_v116_cls_margin0_w0.08_anchor_not_top5,0.9792358304152277,0.9149062296234837,0.2191780821917808,0.5205479452054794,22,0.011144416,0.9994699,0.5211317919011339,0.24234611791428173,class_selective_prob,anchor=v110;side=v116;margin=0;w=0.08;gate=anchor_not_top5,1
v110_v119_cls_margin0_w0.12_side_rank_top,0.979217457593188,0.9156036695592522,0.2191780821917808,0.5205479452054794,22,0.011144416,0.9994699,0.5211714527591739,0.24236701989422987,class_selective_prob,anchor=v110;side=v119;margin=0;w=0.12;gate=side_rank_top,6
v110_v119_cls_margin-0.02_w0.12_side_rank_top,0.979217457593188,0.9155952701341411,0.2191780821917808,0.5205479452054794,22,0.011144416,0.9994699,0.5211790616548576,0.24237038231552815,class_selective_prob,anchor=v110;side=v119;margin=-0.02;w=0.12;gate=side_rank_top,7
v110_v119_cls_margin0_w0.1_side_rank_top,0.979217457593188,0.9154768727582596,0.2191780821917808,0.5205479452054794,22,0.011144416,0.9994699,0.5211649149503916,0.2423629372211339,class_selective_prob,anchor=v110;side=v119;margin=0;w=0.1;gate=side_rank_top,6
v110_v119_cls_margin-0.02_w0.1_side_rank_top,0.979217457593188,0.9154706594848897,0.2191780821917808,0.5205479452054794,22,0.011144416,0.9994699,0.5211712556967948,0.242365686908039,class_selective_prob,anchor=v110;side=v119;margin=-0.02;w=0.1;gate=side_rank_top,7
v110_v119_cls_margin0_w0.08_side_rank_top,0.979217457593188,0.9153444379869868,0.2191780821917808,0.5205479452054794,22,0.011144416,0.9994699,0.5211583771416097,0.2423589893068586,class_selective_prob,anchor=v110;side=v119;margin=0;w=0.08;gate=side_rank_top,6
v110_v119_cls_margin-0.02_w0.08_side_rank_top,0.979217457593188,0.9153406409865942,0.2191780821917808,0.5205479452054794,22,0.011144416,0.9994699,0.5211634497387322,0.24236114718889862,class_selective_prob,anchor=v110;side=v119;margin=-0.02;w=0.08;gate=side_rank_top,7
v110_v119_cls_margin0_w0.05_side_rank_top,0.979217457593188,0.9151437722692635,0.2191780821917808,0.5205479452054794,22,0.011144416,0.9994699,0.5211485704284365,0.24235332012257904,class_selective_prob,anchor=v110;side=v119;margin=0;w=0.05;gate=side_rank_top,6
v110_v119_cls_margin-0.02_w0.05_side_rank_top,0.979217457593188,0.9151413559962863,0.2191780821917808,0.5205479452054794,22,0.011144416,0.9994699,0.5211517408016382,0.24235462954489817,class_selective_prob,anchor=v110;side=v119;margin=-0.02;w=0.05;gate=side_rank_top,7
v110_v119_cls_margin0_w0.18_side_gt_anchor,0.9792158131337513,0.9162503677625001,0.2191780821917808,0.5205479452054794,22,0.011144416,0.9994699,0.5216372975993725,0.24213633005166044,class_selective_prob,anchor=v110;side=v119;margin=0;w=0.18;gate=side_gt_anchor,6
v110_v119_cls_margin-0.02_w0.18_side_gt_anchor,0.9792158131337513,0.9162348345790755,0.2191780821917808,0.5205479452054794,22,0.011144416,0.9994699,0.5216917602073148,0.24210565253333588,class_selective_prob,anchor=v110;side=v119;margin=-0.02;w=0.18;gate=side_gt_anchor,7
v110_v116_cls_margin0_w0.25_side_gt_anchor,0.9792110730375291,0.915130712889125,0.2191780821917808,0.5205479452054794,22,0.011144416,0.9994699,0.521157096763408,0.2423403644774855,class_selective_prob,anchor=v110;side=v116;margin=0;w=0.25;gate=side_gt_anchor,1
v110_v116_cls_margin0_w0.2_side_gt_anchor,0.9792110730375291,0.915069040397898,0.2191780821917808,0.5205479452054794,22,0.011144416,0.9994699,0.5211521225920228,0.24234104534930087,class_selective_prob,anchor=v110;side=v116;margin=0;w=0.2;gate=side_gt_anchor,1
v110_v116_cls_margin0_w0.18_side_gt_anchor,0.9792110730375291,0.9150436120013287,0.2191780821917808,0.5205479452054794,22,0.011144416,0.9994699,0.5211501329234687,0.24234133944111372,class_selective_prob,anchor=v110;side=v116;margin=0;w=0.18;gate=side_gt_anchor,1
v110_v116_cls_margin0_w0.15_side_gt_anchor,0.9792110730375291,0.9150065624823454,0.2191780821917808,0.5205479452054794,22,0.011144416,0.9994699,0.5211471484206375,0.24234180387485746,class_selective_prob,anchor=v110;side=v116;margin=0;w=0.15;gate=side_gt_anchor,1
v110_v116_cls_margin0_w0.05_anchor_not_top5,0.9792110730375291,0.9148682596195566,0.2191780821917808,0.5205479452054794,22,0.011144416,0.9994699,0.5211319546531392,0.24234547379434668,class_selective_prob,anchor=v110;side=v116;margin=0;w=0.05;gate=anchor_not_top5,1
v110_v116_cls_margin0_w0.05_none,0.9792110730375291,0.9148681445589387,0.2191780821917808,0.5205479452054794,22,0.011144416,0.9994699,0.5211319434080716,0.24234545139899324,class_selective_prob,anchor=v110;side=v116;margin=0;w=0.05;gate=none,1
v114_v119_cls_margin0.02_w0.12_none,0.9792010172886223,0.9157370248154687,0.2328767123287671,0.5205479452054794,22,0.011144416,0.9994662,0.5211143478539574,0.2419159911237023,class_selective_prob,anchor=v114;side=v119;margin=0.02;w=0.12;gate=none,1
v114_v119_cls_margin0.02_w0.12_anchor_not_top5,0.9792010172886223,0.9157370248154687,0.2328767123287671,0.5205479452054794,22,0.011144416,0.9994662,0.5211143223792137,0.24191594753897908,class_selective_prob,anchor=v114;side=v119;margin=0.02;w=0.12;gate=anchor_not_top5,1
v114_v119_cls_margin0.02_w0.1_none,0.9792010172886223,0.9157347236031095,0.2328767123287671,0.5205479452054794,22,0.011144416,0.9994662,0.521114567338394,0.24191635776379028,class_selective_prob,anchor=v114;side=v119;margin=0.02;w=0.1;gate=none,1
v114_v119_cls_margin0.02_w0.1_anchor_not_top5,0.9792010172886223,0.9157347236031095,0.2328767123287671,0.5205479452054794,22,0.011144416,0.9994662,0.521114546109441,0.24191632152160508,class_selective_prob,anchor=v114;side=v119;margin=0.02;w=0.1;gate=anchor_not_top5,1
v114_v119_cls_margin0.02_w0.08_none,0.9792010172886223,0.9157341483000196,0.2328767123287671,0.5205479452054794,22,0.011144416,0.9994662,0.5211147868228305,0.24191684047027884,class_selective_prob,anchor=v114;side=v119;margin=0.02;w=0.08;gate=none,1
v114_v119_cls_margin0.02_w0.08_anchor_not_top5,0.9792010172886223,0.9157341483000196,0.2328767123287671,0.5205479452054794,22,0.011144416,0.9994662,0.5211147698396682,0.24191681153927833,class_selective_prob,anchor=v114;side=v119;margin=0.02;w=0.08;gate=anchor_not_top5,1
v114_v119_cls_margin0.02_w0.05_anchor_not_top5,0.9792010172886223,0.9157310416633347,0.2328767123287671,0.5205479452054794,22,0.011144416,0.9994662,0.5211151054350089,0.2419177641299138,class_selective_prob,anchor=v114;side=v119;margin=0.02;w=0.05;gate=anchor_not_top5,1
v114_v119_cls_margin0.02_w0.05_none,0.9792010172886223,0.9157309266027167,0.2328767123287671,0.5205479452054794,22,0.011144416,0.9994662,0.5211151160494855,0.24191778215294726,class_selective_prob,anchor=v114;side=v119;margin=0.02;w=0.05;gate=none,1
v114_v119_cls_margin0.02_w0.25_side_rank_top,0.9792010172886223,0.9157275898447959,0.2328767123287671,0.5205479452054794,22,0.011144416,0.9994662,0.521125514172436,0.2419286468756342,class_selective_prob,anchor=v114;side=v119;margin=0.02;w=0.25;gate=side_rank_top,1
v114_v119_cls_margin0.02_w0.2_side_rank_top,0.9792010172886223,0.9157266693598523,0.2328767123287671,0.5205479452054794,22,0.011144416,0.9994662,0.5211235442900641,0.24192682221291045,class_selective_prob,anchor=v114;side=v119;margin=0.02;w=0.2;gate=side_rank_top,1
v114_v119_cls_margin0.02_w0.18_side_rank_top,0.9792010172886223,0.9157264392386163,0.2328767123287671,0.5205479452054794,22,0.011144416,0.9994662,0.5211227563371155,0.24192610378221086,class_selective_prob,anchor=v114;side=v119;margin=0.02;w=0.18;gate=side_rank_top,1
v114_v119_cls_margin0.02_w0.08_side_rank_top,0.9792010172886223,0.9157262091173803,0.2328767123287671,0.5205479452054794,22,0.011144416,0.9994662,0.5211188165723718,0.2419226096402294,class_selective_prob,anchor=v114;side=v119;margin=0.02;w=0.08;gate=side_rank_top,1
v114_v119_cls_margin0.02_w0.15_side_rank_top,0.9792010172886223,0.9157259789961444,0.2328767123287671,0.5205479452054794,22,0.011144416,0.9994662,0.5211215744076924,0.24192503838747587,class_selective_prob,anchor=v114;side=v119;margin=0.02;w=0.15;gate=side_rank_top,1
v114_v119_cls_margin0.02_w0.05_side_rank_top,0.9792010172886223,0.9157257488749085,0.2328767123287671,0.5205479452054794,22,0.011144416,0.9994662,0.5211176346429488,0.24192159325206714,class_selective_prob,anchor=v114;side=v119;margin=0.02;w=0.05;gate=side_rank_top,1
v114_v119_cls_margin0.02_w0.3_side_rank_top,0.9792010172886223,0.9157256338142905,0.2328767123287671,0.5205479452054794,22,0.011144416,0.9994662,0.5211274840548077,0.2419305123747232,class_selective_prob,anchor=v114;side=v119;margin=0.02;w=0.3;gate=side_rank_top,1
v114_v119_cls_margin0.02_w0.1_side_rank_top,0.9792010172886223,0.9157252886324366,0.2328767123287671,0.5205479452054794,22,0.011144416,0.9994662,0.5211196045253206,0.24192329540023388,class_selective_prob,anchor=v114;side=v119;margin=0.02;w=0.1;gate=side_rank_top,1
v114_v119_cls_margin0.02_w0.12_side_rank_top,0.9792010172886223,0.9157252886324366,0.2328767123287671,0.5205479452054794,22,0.011144416,0.9994662,0.5211203924782692,0.2419239876944906,class_selective_prob,anchor=v114;side=v119;margin=0.02;w=0.12;gate=side_rank_top,1
v114_v119_cls_margin0.02_w0.05_side_gt_anchor,0.9792010172886223,0.9157249434505828,0.2328767123287671,0.5205479452054794,22,0.011144416,0.9994662,0.5211261660501675,0.24191698978300571,class_selective_prob,anchor=v114;side=v119;margin=0.02;w=0.05;gate=side_gt_anchor,1
v114_v119_cls_margin0.02_w0.08_side_gt_anchor,0.9792010172886223,0.9157248283899648,0.2328767123287671,0.5205479452054794,22,0.011144416,0.9994662,0.5211324668239217,0.24191538263981308,class_selective_prob,anchor=v114;side=v119;margin=0.02;w=0.08;gate=side_gt_anchor,1
v114_v119_cls_margin0.02_w0.35_side_rank_top,0.9792010172886223,0.9157247133293469,0.2328767123287671,0.5205479452054794,22,0.011144416,0.9994662,0.5211294539371796,0.24193241870923274,class_selective_prob,anchor=v114;side=v119;margin=0.02;w=0.35;gate=side_rank_top,1
v114,0.9792010172886223,0.9157240229656392,0.2328767123287671,0.5205479452054794,22,0.011144416,0.9994662,0.5211156647605769,0.24191993194383765,single,v114,0
v114_v116_cls_margin0.02_w0.05_none,0.9792010172886223,0.9157240229656392,0.2328767123287671,0.5205479452054794,22,0.011144416,0.9994662,0.5211156647605769,0.24191993194383765,class_selective_prob,anchor=v114;side=v116;margin=0.02;w=0.05;gate=none,0
v114_v116_cls_margin0.02_w0.05_side_gt_anchor,0.9792010172886223,0.9157240229656392,0.2328767123287671,0.5205479452054794,22,0.011144416,0.9994662,0.5211156647605769,0.24191993194383765,class_selective_prob,anchor=v114;side=v116;margin=0.02;w=0.05;gate=side_gt_anchor,0
v114_v116_cls_margin0.02_w0.05_side_rank_top,0.9792010172886223,0.9157240229656392,0.2328767123287671,0.5205479452054794,22,0.011144416,0.9994662,0.5211156647605769,0.24191993194383765,class_selective_prob,anchor=v114;side=v116;margin=0.02;w=0.05;gate=side_rank_top,0
v114_v116_cls_margin0.02_w0.05_anchor_not_top5,0.9792010172886223,0.9157240229656392,0.2328767123287671,0.5205479452054794,22,0.011144416,0.9994662,0.5211156647605769,0.24191993194383765,class_selective_prob,anchor=v114;side=v116;margin=0.02;w=0.05;gate=anchor_not_top5,0
v114_v116_cls_margin0.02_w0.08_none,0.9792010172886223,0.9157240229656392,0.2328767123287671,0.5205479452054794,22,0.011144416,0.9994662,0.5211156647605769,0.24191993194383765,class_selective_prob,anchor=v114;side=v116;margin=0.02;w=0.08;gate=none,0
v114_v116_cls_margin0.02_w0.08_side_gt_anchor,0.9792010172886223,0.9157240229656392,0.2328767123287671,0.5205479452054794,22,0.011144416,0.9994662,0.5211156647605769,0.24191993194383765,class_selective_prob,anchor=v114;side=v116;margin=0.02;w=0.08;gate=side_gt_anchor,0
v114_v116_cls_margin0.02_w0.08_side_rank_top,0.9792010172886223,0.9157240229656392,0.2328767123287671,0.5205479452054794,22,0.011144416,0.9994662,0.5211156647605769,0.24191993194383765,class_selective_prob,anchor=v114;side=v116;margin=0.02;w=0.08;gate=side_rank_top,0
v114_v116_cls_margin0.02_w0.08_anchor_not_top5,0.9792010172886223,0.9157240229656392,0.2328767123287671,0.5205479452054794,22,0.011144416,0.9994662,0.5211156647605769,0.24191993194383765,class_selective_prob,anchor=v114;side=v116;margin=0.02;w=0.08;gate=anchor_not_top5,0
v114_v116_cls_margin0.02_w0.1_none,0.9792010172886223,0.9157240229656392,0.2328767123287671,0.5205479452054794,22,0.011144416,0.9994662,0.5211156647605769,0.24191993194383765,class_selective_prob,anchor=v114;side=v116;margin=0.02;w=0.1;gate=none,0
v114_v116_cls_margin0.02_w0.1_side_gt_anchor,0.9792010172886223,0.9157240229656392,0.2328767123287671,0.5205479452054794,22,0.011144416,0.9994662,0.5211156647605769,0.24191993194383765,class_selective_prob,anchor=v114;side=v116;margin=0.02;w=0.1;gate=side_gt_anchor,0
v114_v116_cls_margin0.02_w0.1_side_rank_top,0.9792010172886223,0.9157240229656392,0.2328767123287671,0.5205479452054794,22,0.011144416,0.9994662,0.5211156647605769,0.24191993194383765,class_selective_prob,anchor=v114;side=v116;margin=0.02;w=0.1;gate=side_rank_top,0
v114_v116_cls_margin0.02_w0.1_anchor_not_top5,0.9792010172886223,0.9157240229656392,0.2328767123287671,0.5205479452054794,22,0.011144416,0.9994662,0.5211156647605769,0.24191993194383765,class_selective_prob,anchor=v114;side=v116;margin=0.02;w=0.1;gate=anchor_not_top5,0
v114_v116_cls_margin0.02_w0.12_none,0.9792010172886223,0.9157240229656392,0.2328767123287671,0.5205479452054794,22,0.011144416,0.9994662,0.5211156647605769,0.24191993194383765,class_selective_prob,anchor=v114;side=v116;margin=0.02;w=0.12;gate=none,0
v114_v116_cls_margin0.02_w0.12_side_gt_anchor,0.9792010172886223,0.9157240229656392,0.2328767123287671,0.5205479452054794,22,0.011144416,0.9994662,0.5211156647605769,0.24191993194383765,class_selective_prob,anchor=v114;side=v116;margin=0.02;w=0.12;gate=side_gt_anchor,0
v114_v116_cls_margin0.02_w0.12_side_rank_top,0.9792010172886223,0.9157240229656392,0.2328767123287671,0.5205479452054794,22,0.011144416,0.9994662,0.5211156647605769,0.24191993194383765,class_selective_prob,anchor=v114;side=v116;margin=0.02;w=0.12;gate=side_rank_top,0
v114_v116_cls_margin0.02_w0.12_anchor_not_top5,0.9792010172886223,0.9157240229656392,0.2328767123287671,0.5205479452054794,22,0.011144416,0.9994662,0.5211156647605769,0.24191993194383765,class_selective_prob,anchor=v114;side=v116;margin=0.02;w=0.12;gate=anchor_not_top5,0
v114_v116_cls_margin0.02_w0.15_none,0.9792010172886223,0.9157240229656392,0.2328767123287671,0.5205479452054794,22,0.011144416,0.9994662,0.5211156647605769,0.24191993194383765,class_selective_prob,anchor=v114;side=v116;margin=0.02;w=0.15;gate=none,0
v114_v116_cls_margin0.02_w0.15_side_gt_anchor,0.9792010172886223,0.9157240229656392,0.2328767123287671,0.5205479452054794,22,0.011144416,0.9994662,0.5211156647605769,0.24191993194383765,class_selective_prob,anchor=v114;side=v116;margin=0.02;w=0.15;gate=side_gt_anchor,0
v114_v116_cls_margin0.02_w0.15_side_rank_top,0.9792010172886223,0.9157240229656392,0.2328767123287671,0.5205479452054794,22,0.011144416,0.9994662,0.5211156647605769,0.24191993194383765,class_selective_prob,anchor=v114;side=v116;margin=0.02;w=0.15;gate=side_rank_top,0
v114_v116_cls_margin0.02_w0.15_anchor_not_top5,0.9792010172886223,0.9157240229656392,0.2328767123287671,0.5205479452054794,22,0.011144416,0.9994662,0.5211156647605769,0.24191993194383765,class_selective_prob,anchor=v114;side=v116;margin=0.02;w=0.15;gate=anchor_not_top5,0
v114_v116_cls_margin0.02_w0.18_none,0.9792010172886223,0.9157240229656392,0.2328767123287671,0.5205479452054794,22,0.011144416,0.9994662,0.5211156647605769,0.24191993194383765,class_selective_prob,anchor=v114;side=v116;margin=0.02;w=0.18;gate=none,0
v114_v116_cls_margin0.02_w0.18_side_gt_anchor,0.9792010172886223,0.9157240229656392,0.2328767123287671,0.5205479452054794,22,0.011144416,0.9994662,0.5211156647605769,0.24191993194383765,class_selective_prob,anchor=v114;side=v116;margin=0.02;w=0.18;gate=side_gt_anchor,0
v114_v116_cls_margin0.02_w0.18_side_rank_top,0.9792010172886223,0.9157240229656392,0.2328767123287671,0.5205479452054794,22,0.011144416,0.9994662,0.5211156647605769,0.24191993194383765,class_selective_prob,anchor=v114;side=v116;margin=0.02;w=0.18;gate=side_rank_top,0
v114_v116_cls_margin0.02_w0.18_anchor_not_top5,0.9792010172886223,0.9157240229656392,0.2328767123287671,0.5205479452054794,22,0.011144416,0.9994662,0.5211156647605769,0.24191993194383765,class_selective_prob,anchor=v114;side=v116;margin=0.02;w=0.18;gate=anchor_not_top5,0
v114_v116_cls_margin0.02_w0.2_none,0.9792010172886223,0.9157240229656392,0.2328767123287671,0.5205479452054794,22,0.011144416,0.9994662,0.5211156647605769,0.24191993194383765,class_selective_prob,anchor=v114;side=v116;margin=0.02;w=0.2;gate=none,0
v114_v116_cls_margin0.02_w0.2_side_gt_anchor,0.9792010172886223,0.9157240229656392,0.2328767123287671,0.5205479452054794,22,0.011144416,0.9994662,0.5211156647605769,0.24191993194383765,class_selective_prob,anchor=v114;side=v116;margin=0.02;w=0.2;gate=side_gt_anchor,0
v114_v116_cls_margin0.02_w0.2_side_rank_top,0.9792010172886223,0.9157240229656392,0.2328767123287671,0.5205479452054794,22,0.011144416,0.9994662,0.5211156647605769,0.24191993194383765,class_selective_prob,anchor=v114;side=v116;margin=0.02;w=0.2;gate=side_rank_top,0
v114_v116_cls_margin0.02_w0.2_anchor_not_top5,0.9792010172886223,0.9157240229656392,0.2328767123287671,0.5205479452054794,22,0.011144416,0.9994662,0.5211156647605769,0.24191993194383765,class_selective_prob,anchor=v114;side=v116;margin=0.02;w=0.2;gate=anchor_not_top5,0
v114_v116_cls_margin0.02_w0.25_none,0.9792010172886223,0.9157240229656392,0.2328767123287671,0.5205479452054794,22,0.011144416,0.9994662,0.5211156647605769,0.24191993194383765,class_selective_prob,anchor=v114;side=v116;margin=0.02;w=0.25;gate=none,0
v114_v116_cls_margin0.02_w0.25_side_gt_anchor,0.9792010172886223,0.9157240229656392,0.2328767123287671,0.5205479452054794,22,0.011144416,0.9994662,0.5211156647605769,0.24191993194383765,class_selective_prob,anchor=v114;side=v116;margin=0.02;w=0.25;gate=side_gt_anchor,0
v114_v116_cls_margin0.02_w0.25_side_rank_top,0.9792010172886223,0.9157240229656392,0.2328767123287671,0.5205479452054794,22,0.011144416,0.9994662,0.5211156647605769,0.24191993194383765,class_selective_prob,anchor=v114;side=v116;margin=0.02;w=0.25;gate=side_rank_top,0
v114_v116_cls_margin0.02_w0.25_anchor_not_top5,0.9792010172886223,0.9157240229656392,0.2328767123287671,0.5205479452054794,22,0.011144416,0.9994662,0.5211156647605769,0.24191993194383765,class_selective_prob,anchor=v114;side=v116;margin=0.02;w=0.25;gate=anchor_not_top5,0
v114_v116_cls_margin0.02_w0.3_none,0.9792010172886223,0.9157240229656392,0.2328767123287671,0.5205479452054794,22,0.011144416,0.9994662,0.5211156647605769,0.24191993194383765,class_selective_prob,anchor=v114;side=v116;margin=0.02;w=0.3;gate=none,0
v114_v116_cls_margin0.02_w0.3_side_gt_anchor,0.9792010172886223,0.9157240229656392,0.2328767123287671,0.5205479452054794,22,0.011144416,0.9994662,0.5211156647605769,0.24191993194383765,class_selective_prob,anchor=v114;side=v116;margin=0.02;w=0.3;gate=side_gt_anchor,0
v114_v116_cls_margin0.02_w0.3_side_rank_top,0.9792010172886223,0.9157240229656392,0.2328767123287671,0.5205479452054794,22,0.011144416,0.9994662,0.5211156647605769,0.24191993194383765,class_selective_prob,anchor=v114;side=v116;margin=0.02;w=0.3;gate=side_rank_top,0
v114_v116_cls_margin0.02_w0.3_anchor_not_top5,0.9792010172886223,0.9157240229656392,0.2328767123287671,0.5205479452054794,22,0.011144416,0.9994662,0.5211156647605769,0.24191993194383765,class_selective_prob,anchor=v114;side=v116;margin=0.02;w=0.3;gate=anchor_not_top5,0
v114_v116_cls_margin0.02_w0.35_none,0.9792010172886223,0.9157240229656392,0.2328767123287671,0.5205479452054794,22,0.011144416,0.9994662,0.5211156647605769,0.24191993194383765,class_selective_prob,anchor=v114;side=v116;margin=0.02;w=0.35;gate=none,0
v114_v116_cls_margin0.02_w0.35_side_gt_anchor,0.9792010172886223,0.9157240229656392,0.2328767123287671,0.5205479452054794,22,0.011144416,0.9994662,0.5211156647605769,0.24191993194383765,class_selective_prob,anchor=v114;side=v116;margin=0.02;w=0.35;gate=side_gt_anchor,0
v114_v116_cls_margin0.02_w0.35_side_rank_top,0.9792010172886223,0.9157240229656392,0.2328767123287671,0.5205479452054794,22,0.011144416,0.9994662,0.5211156647605769,0.24191993194383765,class_selective_prob,anchor=v114;side=v116;margin=0.02;w=0.35;gate=side_rank_top,0
v114_v116_cls_margin0.02_w0.35_anchor_not_top5,0.9792010172886223,0.9157240229656392,0.2328767123287671,0.5205479452054794,22,0.011144416,0.9994662,0.5211156647605769,0.24191993194383765,class_selective_prob,anchor=v114;side=v116;margin=0.02;w=0.35;gate=anchor_not_top5,0
v114_v116_cls_margin0.02_w0.4_none,0.9792010172886223,0.9157240229656392,0.2328767123287671,0.5205479452054794,22,0.011144416,0.9994662,0.5211156647605769,0.24191993194383765,class_selective_prob,anchor=v114;side=v116;margin=0.02;w=0.4;gate=none,0
v114_v116_cls_margin0.02_w0.4_side_gt_anchor,0.9792010172886223,0.9157240229656392,0.2328767123287671,0.5205479452054794,22,0.011144416,0.9994662,0.5211156647605769,0.24191993194383765,class_selective_prob,anchor=v114;side=v116;margin=0.02;w=0.4;gate=side_gt_anchor,0
v114_v116_cls_margin0.02_w0.4_side_rank_top,0.9792010172886223,0.9157240229656392,0.2328767123287671,0.5205479452054794,22,0.011144416,0.9994662,0.5211156647605769,0.24191993194383765,class_selective_prob,anchor=v114;side=v116;margin=0.02;w=0.4;gate=side_rank_top,0
v114_v116_cls_margin0.02_w0.4_anchor_not_top5,0.9792010172886223,0.9157240229656392,0.2328767123287671,0.5205479452054794,22,0.011144416,0.9994662,0.5211156647605769,0.24191993194383765,class_selective_prob,anchor=v114;side=v116;margin=0.02;w=0.4;gate=anchor_not_top5,0
v114_v116_cls_margin0.05_w0.05_none,0.9792010172886223,0.9157240229656392,0.2328767123287671,0.5205479452054794,22,0.011144416,0.9994662,0.5211156647605769,0.24191993194383765,class_selective_prob,anchor=v114;side=v116;margin=0.05;w=0.05;gate=none,0
v114_v116_cls_margin0.05_w0.05_side_gt_anchor,0.9792010172886223,0.9157240229656392,0.2328767123287671,0.5205479452054794,22,0.011144416,0.9994662,0.5211156647605769,0.24191993194383765,class_selective_prob,anchor=v114;side=v116;margin=0.05;w=0.05;gate=side_gt_anchor,0
v114_v116_cls_margin0.05_w0.05_side_rank_top,0.9792010172886223,0.9157240229656392,0.2328767123287671,0.5205479452054794,22,0.011144416,0.9994662,0.5211156647605769,0.24191993194383765,class_selective_prob,anchor=v114;side=v116;margin=0.05;w=0.05;gate=side_rank_top,0
v114_v116_cls_margin0.05_w0.05_anchor_not_top5,0.9792010172886223,0.9157240229656392,0.2328767123287671,0.5205479452054794,22,0.011144416,0.9994662,0.5211156647605769,0.24191993194383765,class_selective_prob,anchor=v114;side=v116;margin=0.05;w=0.05;gate=anchor_not_top5,0
v114_v116_cls_margin0.05_w0.08_none,0.9792010172886223,0.9157240229656392,0.2328767123287671,0.5205479452054794,22,0.011144416,0.9994662,0.5211156647605769,0.24191993194383765,class_selective_prob,anchor=v114;side=v116;margin=0.05;w=0.08;gate=none,0
v114_v116_cls_margin0.05_w0.08_side_gt_anchor,0.9792010172886223,0.9157240229656392,0.2328767123287671,0.5205479452054794,22,0.011144416,0.9994662,0.5211156647605769,0.24191993194383765,class_selective_prob,anchor=v114;side=v116;margin=0.05;w=0.08;gate=side_gt_anchor,0
v114_v116_cls_margin0.05_w0.08_side_rank_top,0.9792010172886223,0.9157240229656392,0.2328767123287671,0.5205479452054794,22,0.011144416,0.9994662,0.5211156647605769,0.24191993194383765,class_selective_prob,anchor=v114;side=v116;margin=0.05;w=0.08;gate=side_rank_top,0
v114_v116_cls_margin0.05_w0.08_anchor_not_top5,0.9792010172886223,0.9157240229656392,0.2328767123287671,0.5205479452054794,22,0.011144416,0.9994662,0.5211156647605769,0.24191993194383765,class_selective_prob,anchor=v114;side=v116;margin=0.05;w=0.08;gate=anchor_not_top5,0
v114_v116_cls_margin0.05_w0.1_none,0.9792010172886223,0.9157240229656392,0.2328767123287671,0.5205479452054794,22,0.011144416,0.9994662,0.5211156647605769,0.24191993194383765,class_selective_prob,anchor=v114;side=v116;margin=0.05;w=0.1;gate=none,0
v114_v116_cls_margin0.05_w0.1_side_gt_anchor,0.9792010172886223,0.9157240229656392,0.2328767123287671,0.5205479452054794,22,0.011144416,0.9994662,0.5211156647605769,0.24191993194383765,class_selective_prob,anchor=v114;side=v116;margin=0.05;w=0.1;gate=side_gt_anchor,0
v114_v116_cls_margin0.05_w0.1_side_rank_top,0.9792010172886223,0.9157240229656392,0.2328767123287671,0.5205479452054794,22,0.011144416,0.9994662,0.5211156647605769,0.24191993194383765,class_selective_prob,anchor=v114;side=v116;margin=0.05;w=0.1;gate=side_rank_top,0
v114_v116_cls_margin0.05_w0.1_anchor_not_top5,0.9792010172886223,0.9157240229656392,0.2328767123287671,0.5205479452054794,22,0.011144416,0.9994662,0.5211156647605769,0.24191993194383765,class_selective_prob,anchor=v114;side=v116;margin=0.05;w=0.1;gate=anchor_not_top5,0
v114_v116_cls_margin0.05_w0.12_none,0.9792010172886223,0.9157240229656392,0.2328767123287671,0.5205479452054794,22,0.011144416,0.9994662,0.5211156647605769,0.24191993194383765,class_selective_prob,anchor=v114;side=v116;margin=0.05;w=0.12;gate=none,0
v114_v116_cls_margin0.05_w0.12_side_gt_anchor,0.9792010172886223,0.9157240229656392,0.2328767123287671,0.5205479452054794,22,0.011144416,0.9994662,0.5211156647605769,0.24191993194383765,class_selective_prob,anchor=v114;side=v116;margin=0.05;w=0.12;gate=side_gt_anchor,0
v114_v116_cls_margin0.05_w0.12_side_rank_top,0.9792010172886223,0.9157240229656392,0.2328767123287671,0.5205479452054794,22,0.011144416,0.9994662,0.5211156647605769,0.24191993194383765,class_selective_prob,anchor=v114;side=v116;margin=0.05;w=0.12;gate=side_rank_top,0
v114_v116_cls_margin0.05_w0.12_anchor_not_top5,0.9792010172886223,0.9157240229656392,0.2328767123287671,0.5205479452054794,22,0.011144416,0.9994662,0.5211156647605769,0.24191993194383765,class_selective_prob,anchor=v114;side=v116;margin=0.05;w=0.12;gate=anchor_not_top5,0
v114_v116_cls_margin0.05_w0.15_none,0.9792010172886223,0.9157240229656392,0.2328767123287671,0.5205479452054794,22,0.011144416,0.9994662,0.5211156647605769,0.24191993194383765,class_selective_prob,anchor=v114;side=v116;margin=0.05;w=0.15;gate=none,0
v114_v116_cls_margin0.05_w0.15_side_gt_anchor,0.9792010172886223,0.9157240229656392,0.2328767123287671,0.5205479452054794,22,0.011144416,0.9994662,0.5211156647605769,0.24191993194383765,class_selective_prob,anchor=v114;side=v116;margin=0.05;w=0.15;gate=side_gt_anchor,0
v114_v116_cls_margin0.05_w0.15_side_rank_top,0.9792010172886223,0.9157240229656392,0.2328767123287671,0.5205479452054794,22,0.011144416,0.9994662,0.5211156647605769,0.24191993194383765,class_selective_prob,anchor=v114;side=v116;margin=0.05;w=0.15;gate=side_rank_top,0
v114_v116_cls_margin0.05_w0.15_anchor_not_top5,0.9792010172886223,0.9157240229656392,0.2328767123287671,0.5205479452054794,22,0.011144416,0.9994662,0.5211156647605769,0.24191993194383765,class_selective_prob,anchor=v114;side=v116;margin=0.05;w=0.15;gate=anchor_not_top5,0
v114_v116_cls_margin0.05_w0.18_none,0.9792010172886223,0.9157240229656392,0.2328767123287671,0.5205479452054794,22,0.011144416,0.9994662,0.5211156647605769,0.24191993194383765,class_selective_prob,anchor=v114;side=v116;margin=0.05;w=0.18;gate=none,0
v114_v116_cls_margin0.05_w0.18_side_gt_anchor,0.9792010172886223,0.9157240229656392,0.2328767123287671,0.5205479452054794,22,0.011144416,0.9994662,0.5211156647605769,0.24191993194383765,class_selective_prob,anchor=v114;side=v116;margin=0.05;w=0.18;gate=side_gt_anchor,0
v114_v116_cls_margin0.05_w0.18_side_rank_top,0.9792010172886223,0.9157240229656392,0.2328767123287671,0.5205479452054794,22,0.011144416,0.9994662,0.5211156647605769,0.24191993194383765,class_selective_prob,anchor=v114;side=v116;margin=0.05;w=0.18;gate=side_rank_top,0
v114_v116_cls_margin0.05_w0.18_anchor_not_top5,0.9792010172886223,0.9157240229656392,0.2328767123287671,0.5205479452054794,22,0.011144416,0.9994662,0.5211156647605769,0.24191993194383765,class_selective_prob,anchor=v114;side=v116;margin=0.05;w=0.18;gate=anchor_not_top5,0
v114_v116_cls_margin0.05_w0.2_none,0.9792010172886223,0.9157240229656392,0.2328767123287671,0.5205479452054794,22,0.011144416,0.9994662,0.5211156647605769,0.24191993194383765,class_selective_prob,anchor=v114;side=v116;margin=0.05;w=0.2;gate=none,0
v114_v116_cls_margin0.05_w0.2_side_gt_anchor,0.9792010172886223,0.9157240229656392,0.2328767123287671,0.5205479452054794,22,0.011144416,0.9994662,0.5211156647605769,0.24191993194383765,class_selective_prob,anchor=v114;side=v116;margin=0.05;w=0.2;gate=side_gt_anchor,0
v114_v116_cls_margin0.05_w0.2_side_rank_top,0.9792010172886223,0.9157240229656392,0.2328767123287671,0.5205479452054794,22,0.011144416,0.9994662,0.5211156647605769,0.24191993194383765,class_selective_prob,anchor=v114;side=v116;margin=0.05;w=0.2;gate=side_rank_top,0
v114_v116_cls_margin0.05_w0.2_anchor_not_top5,0.9792010172886223,0.9157240229656392,0.2328767123287671,0.5205479452054794,22,0.011144416,0.9994662,0.5211156647605769,0.24191993194383765,class_selective_prob,anchor=v114;side=v116;margin=0.05;w=0.2;gate=anchor_not_top5,0
v114_v116_cls_margin0.05_w0.25_none,0.9792010172886223,0.9157240229656392,0.2328767123287671,0.5205479452054794,22,0.011144416,0.9994662,0.5211156647605769,0.24191993194383765,class_selective_prob,anchor=v114;side=v116;margin=0.05;w=0.25;gate=none,0
v114_v116_cls_margin0.05_w0.25_side_gt_anchor,0.9792010172886223,0.9157240229656392,0.2328767123287671,0.5205479452054794,22,0.011144416,0.9994662,0.5211156647605769,0.24191993194383765,class_selective_prob,anchor=v114;side=v116;margin=0.05;w=0.25;gate=side_gt_anchor,0
v114_v116_cls_margin0.05_w0.25_side_rank_top,0.9792010172886223,0.9157240229656392,0.2328767123287671,0.5205479452054794,22,0.011144416,0.9994662,0.5211156647605769,0.24191993194383765,class_selective_prob,anchor=v114;side=v116;margin=0.05;w=0.25;gate=side_rank_top,0
v114_v116_cls_margin0.05_w0.25_anchor_not_top5,0.9792010172886223,0.9157240229656392,0.2328767123287671,0.5205479452054794,22,0.011144416,0.9994662,0.5211156647605769,0.24191993194383765,class_selective_prob,anchor=v114;side=v116;margin=0.05;w=0.25;gate=anchor_not_top5,0
v114_v116_cls_margin0.05_w0.3_none,0.9792010172886223,0.9157240229656392,0.2328767123287671,0.5205479452054794,22,0.011144416,0.9994662,0.5211156647605769,0.24191993194383765,class_selective_prob,anchor=v114;side=v116;margin=0.05;w=0.3;gate=none,0
v114_v116_cls_margin0.05_w0.3_side_gt_anchor,0.9792010172886223,0.9157240229656392,0.2328767123287671,0.5205479452054794,22,0.011144416,0.9994662,0.5211156647605769,0.24191993194383765,class_selective_prob,anchor=v114;side=v116;margin=0.05;w=0.3;gate=side_gt_anchor,0
v114_v116_cls_margin0.05_w0.3_side_rank_top,0.9792010172886223,0.9157240229656392,0.2328767123287671,0.5205479452054794,22,0.011144416,0.9994662,0.5211156647605769,0.24191993194383765,class_selective_prob,anchor=v114;side=v116;margin=0.05;w=0.3;gate=side_rank_top,0
v114_v116_cls_margin0.05_w0.3_anchor_not_top5,0.9792010172886223,0.9157240229656392,0.2328767123287671,0.5205479452054794,22,0.011144416,0.9994662,0.5211156647605769,0.24191993194383765,class_selective_prob,anchor=v114;side=v116;margin=0.05;w=0.3;gate=anchor_not_top5,0
v114_v116_cls_margin0.05_w0.35_none,0.9792010172886223,0.9157240229656392,0.2328767123287671,0.5205479452054794,22,0.011144416,0.9994662,0.5211156647605769,0.24191993194383765,class_selective_prob,anchor=v114;side=v116;margin=0.05;w=0.35;gate=none,0
v114_v116_cls_margin0.05_w0.35_side_gt_anchor,0.9792010172886223,0.9157240229656392,0.2328767123287671,0.5205479452054794,22,0.011144416,0.9994662,0.5211156647605769,0.24191993194383765,class_selective_prob,anchor=v114;side=v116;margin=0.05;w=0.35;gate=side_gt_anchor,0
v114_v116_cls_margin0.05_w0.35_side_rank_top,0.9792010172886223,0.9157240229656392,0.2328767123287671,0.5205479452054794,22,0.011144416,0.9994662,0.5211156647605769,0.24191993194383765,class_selective_prob,anchor=v114;side=v116;margin=0.05;w=0.35;gate=side_rank_top,0
v114_v116_cls_margin0.05_w0.35_anchor_not_top5,0.9792010172886223,0.9157240229656392,0.2328767123287671,0.5205479452054794,22,0.011144416,0.9994662,0.5211156647605769,0.24191993194383765,class_selective_prob,anchor=v114;side=v116;margin=0.05;w=0.35;gate=anchor_not_top5,0
v114_v116_cls_margin0.05_w0.4_none,0.9792010172886223,0.9157240229656392,0.2328767123287671,0.5205479452054794,22,0.011144416,0.9994662,0.5211156647605769,0.24191993194383765,class_selective_prob,anchor=v114;side=v116;margin=0.05;w=0.4;gate=none,0
v114_v116_cls_margin0.05_w0.4_side_gt_anchor,0.9792010172886223,0.9157240229656392,0.2328767123287671,0.5205479452054794,22,0.011144416,0.9994662,0.5211156647605769,0.24191993194383765,class_selective_prob,anchor=v114;side=v116;margin=0.05;w=0.4;gate=side_gt_anchor,0
v114_v116_cls_margin0.05_w0.4_side_rank_top,0.9792010172886223,0.9157240229656392,0.2328767123287671,0.5205479452054794,22,0.011144416,0.9994662,0.5211156647605769,0.24191993194383765,class_selective_prob,anchor=v114;side=v116;margin=0.05;w=0.4;gate=side_rank_top,0
v114_v116_cls_margin0.05_w0.4_anchor_not_top5,0.9792010172886223,0.9157240229656392,0.2328767123287671,0.5205479452054794,22,0.011144416,0.9994662,0.5211156647605769,0.24191993194383765,class_selective_prob,anchor=v114;side=v116;margin=0.05;w=0.4;gate=anchor_not_top5,0
v114_v116_cls_margin0.08_w0.05_none,0.9792010172886223,0.9157240229656392,0.2328767123287671,0.5205479452054794,22,0.011144416,0.9994662,0.5211156647605769,0.24191993194383765,class_selective_prob,anchor=v114;side=v116;margin=0.08;w=0.05;gate=none,0
v114_v116_cls_margin0.08_w0.05_side_gt_anchor,0.9792010172886223,0.9157240229656392,0.2328767123287671,0.5205479452054794,22,0.011144416,0.9994662,0.5211156647605769,0.24191993194383765,class_selective_prob,anchor=v114;side=v116;margin=0.08;w=0.05;gate=side_gt_anchor,0
v114_v116_cls_margin0.08_w0.05_side_rank_top,0.9792010172886223,0.9157240229656392,0.2328767123287671,0.5205479452054794,22,0.011144416,0.9994662,0.5211156647605769,0.24191993194383765,class_selective_prob,anchor=v114;side=v116;margin=0.08;w=0.05;gate=side_rank_top,0
v114_v116_cls_margin0.08_w0.05_anchor_not_top5,0.9792010172886223,0.9157240229656392,0.2328767123287671,0.5205479452054794,22,0.011144416,0.9994662,0.5211156647605769,0.24191993194383765,class_selective_prob,anchor=v114;side=v116;margin=0.08;w=0.05;gate=anchor_not_top5,0
v114_v116_cls_margin0.08_w0.08_none,0.9792010172886223,0.9157240229656392,0.2328767123287671,0.5205479452054794,22,0.011144416,0.9994662,0.5211156647605769,0.24191993194383765,class_selective_prob,anchor=v114;side=v116;margin=0.08;w=0.08;gate=none,0
v114_v116_cls_margin0.08_w0.08_side_gt_anchor,0.9792010172886223,0.9157240229656392,0.2328767123287671,0.5205479452054794,22,0.011144416,0.9994662,0.5211156647605769,0.24191993194383765,class_selective_prob,anchor=v114;side=v116;margin=0.08;w=0.08;gate=side_gt_anchor,0
v114_v116_cls_margin0.08_w0.08_side_rank_top,0.9792010172886223,0.9157240229656392,0.2328767123287671,0.5205479452054794,22,0.011144416,0.9994662,0.5211156647605769,0.24191993194383765,class_selective_prob,anchor=v114;side=v116;margin=0.08;w=0.08;gate=side_rank_top,0
v114_v116_cls_margin0.08_w0.08_anchor_not_top5,0.9792010172886223,0.9157240229656392,0.2328767123287671,0.5205479452054794,22,0.011144416,0.9994662,0.5211156647605769,0.24191993194383765,class_selective_prob,anchor=v114;side=v116;margin=0.08;w=0.08;gate=anchor_not_top5,0
v114_v116_cls_margin0.08_w0.1_none,0.9792010172886223,0.9157240229656392,0.2328767123287671,0.5205479452054794,22,0.011144416,0.9994662,0.5211156647605769,0.24191993194383765,class_selective_prob,anchor=v114;side=v116;margin=0.08;w=0.1;gate=none,0
v114_v116_cls_margin0.08_w0.1_side_gt_anchor,0.9792010172886223,0.9157240229656392,0.2328767123287671,0.5205479452054794,22,0.011144416,0.9994662,0.5211156647605769,0.24191993194383765,class_selective_prob,anchor=v114;side=v116;margin=0.08;w=0.1;gate=side_gt_anchor,0
v114_v116_cls_margin0.08_w0.1_side_rank_top,0.9792010172886223,0.9157240229656392,0.2328767123287671,0.5205479452054794,22,0.011144416,0.9994662,0.5211156647605769,0.24191993194383765,class_selective_prob,anchor=v114;side=v116;margin=0.08;w=0.1;gate=side_rank_top,0
v114_v116_cls_margin0.08_w0.1_anchor_not_top5,0.9792010172886223,0.9157240229656392,0.2328767123287671,0.5205479452054794,22,0.011144416,0.9994662,0.5211156647605769,0.24191993194383765,class_selective_prob,anchor=v114;side=v116;margin=0.08;w=0.1;gate=anchor_not_top5,0
v114_v116_cls_margin0.08_w0.12_none,0.9792010172886223,0.9157240229656392,0.2328767123287671,0.5205479452054794,22,0.011144416,0.9994662,0.5211156647605769,0.24191993194383765,class_selective_prob,anchor=v114;side=v116;margin=0.08;w=0.12;gate=none,0
v114_v116_cls_margin0.08_w0.12_side_gt_anchor,0.9792010172886223,0.9157240229656392,0.2328767123287671,0.5205479452054794,22,0.011144416,0.9994662,0.5211156647605769,0.24191993194383765,class_selective_prob,anchor=v114;side=v116;margin=0.08;w=0.12;gate=side_gt_anchor,0
v114_v116_cls_margin0.08_w0.12_side_rank_top,0.9792010172886223,0.9157240229656392,0.2328767123287671,0.5205479452054794,22,0.011144416,0.9994662,0.5211156647605769,0.24191993194383765,class_selective_prob,anchor=v114;side=v116;margin=0.08;w=0.12;gate=side_rank_top,0
v114_v116_cls_margin0.08_w0.12_anchor_not_top5,0.9792010172886223,0.9157240229656392,0.2328767123287671,0.5205479452054794,22,0.011144416,0.9994662,0.5211156647605769,0.24191993194383765,class_selective_prob,anchor=v114;side=v116;margin=0.08;w=0.12;gate=anchor_not_top5,0
v114_v116_cls_margin0.08_w0.15_none,0.9792010172886223,0.9157240229656392,0.2328767123287671,0.5205479452054794,22,0.011144416,0.9994662,0.5211156647605769,0.24191993194383765,class_selective_prob,anchor=v114;side=v116;margin=0.08;w=0.15;gate=none,0
v114_v116_cls_margin0.08_w0.15_side_gt_anchor,0.9792010172886223,0.9157240229656392,0.2328767123287671,0.5205479452054794,22,0.011144416,0.9994662,0.5211156647605769,0.24191993194383765,class_selective_prob,anchor=v114;side=v116;margin=0.08;w=0.15;gate=side_gt_anchor,0
v114_v116_cls_margin0.08_w0.15_side_rank_top,0.9792010172886223,0.9157240229656392,0.2328767123287671,0.5205479452054794,22,0.011144416,0.9994662,0.5211156647605769,0.24191993194383765,class_selective_prob,anchor=v114;side=v116;margin=0.08;w=0.15;gate=side_rank_top,0
v114_v116_cls_margin0.08_w0.15_anchor_not_top5,0.9792010172886223,0.9157240229656392,0.2328767123287671,0.5205479452054794,22,0.011144416,0.9994662,0.5211156647605769,0.24191993194383765,class_selective_prob,anchor=v114;side=v116;margin=0.08;w=0.15;gate=anchor_not_top5,0
v114_v116_cls_margin0.08_w0.18_none,0.9792010172886223,0.9157240229656392,0.2328767123287671,0.5205479452054794,22,0.011144416,0.9994662,0.5211156647605769,0.24191993194383765,class_selective_prob,anchor=v114;side=v116;margin=0.08;w=0.18;gate=none,0
v114_v116_cls_margin0.08_w0.18_side_gt_anchor,0.9792010172886223,0.9157240229656392,0.2328767123287671,0.5205479452054794,22,0.011144416,0.9994662,0.5211156647605769,0.24191993194383765,class_selective_prob,anchor=v114;side=v116;margin=0.08;w=0.18;gate=side_gt_anchor,0
v114_v116_cls_margin0.08_w0.18_side_rank_top,0.9792010172886223,0.9157240229656392,0.2328767123287671,0.5205479452054794,22,0.011144416,0.9994662,0.5211156647605769,0.24191993194383765,class_selective_prob,anchor=v114;side=v116;margin=0.08;w=0.18;gate=side_rank_top,0
v114_v116_cls_margin0.08_w0.18_anchor_not_top5,0.9792010172886223,0.9157240229656392,0.2328767123287671,0.5205479452054794,22,0.011144416,0.9994662,0.5211156647605769,0.24191993194383765,class_selective_prob,anchor=v114;side=v116;margin=0.08;w=0.18;gate=anchor_not_top5,0
v114_v116_cls_margin0.08_w0.2_none,0.9792010172886223,0.9157240229656392,0.2328767123287671,0.5205479452054794,22,0.011144416,0.9994662,0.5211156647605769,0.24191993194383765,class_selective_prob,anchor=v114;side=v116;margin=0.08;w=0.2;gate=none,0
v114_v116_cls_margin0.08_w0.2_side_gt_anchor,0.9792010172886223,0.9157240229656392,0.2328767123287671,0.5205479452054794,22,0.011144416,0.9994662,0.5211156647605769,0.24191993194383765,class_selective_prob,anchor=v114;side=v116;margin=0.08;w=0.2;gate=side_gt_anchor,0
v114_v116_cls_margin0.08_w0.2_side_rank_top,0.9792010172886223,0.9157240229656392,0.2328767123287671,0.5205479452054794,22,0.011144416,0.9994662,0.5211156647605769,0.24191993194383765,class_selective_prob,anchor=v114;side=v116;margin=0.08;w=0.2;gate=side_rank_top,0
v114_v116_cls_margin0.08_w0.2_anchor_not_top5,0.9792010172886223,0.9157240229656392,0.2328767123287671,0.5205479452054794,22,0.011144416,0.9994662,0.5211156647605769,0.24191993194383765,class_selective_prob,anchor=v114;side=v116;margin=0.08;w=0.2;gate=anchor_not_top5,0
v114_v116_cls_margin0.08_w0.25_none,0.9792010172886223,0.9157240229656392,0.2328767123287671,0.5205479452054794,22,0.011144416,0.9994662,0.5211156647605769,0.24191993194383765,class_selective_prob,anchor=v114;side=v116;margin=0.08;w=0.25;gate=none,0
v114_v116_cls_margin0.08_w0.25_side_gt_anchor,0.9792010172886223,0.9157240229656392,0.2328767123287671,0.5205479452054794,22,0.011144416,0.9994662,0.5211156647605769,0.24191993194383765,class_selective_prob,anchor=v114;side=v116;margin=0.08;w=0.25;gate=side_gt_anchor,0
v114_v116_cls_margin0.08_w0.25_side_rank_top,0.9792010172886223,0.9157240229656392,0.2328767123287671,0.5205479452054794,22,0.011144416,0.9994662,0.5211156647605769,0.24191993194383765,class_selective_prob,anchor=v114;side=v116;margin=0.08;w=0.25;gate=side_rank_top,0
v114_v116_cls_margin0.08_w0.25_anchor_not_top5,0.9792010172886223,0.9157240229656392,0.2328767123287671,0.5205479452054794,22,0.011144416,0.9994662,0.5211156647605769,0.24191993194383765,class_selective_prob,anchor=v114;side=v116;margin=0.08;w=0.25;gate=anchor_not_top5,0
v114_v116_cls_margin0.08_w0.3_none,0.9792010172886223,0.9157240229656392,0.2328767123287671,0.5205479452054794,22,0.011144416,0.9994662,0.5211156647605769,0.24191993194383765,class_selective_prob,anchor=v114;side=v116;margin=0.08;w=0.3;gate=none,0
v114_v116_cls_margin0.08_w0.3_side_gt_anchor,0.9792010172886223,0.9157240229656392,0.2328767123287671,0.5205479452054794,22,0.011144416,0.9994662,0.5211156647605769,0.24191993194383765,class_selective_prob,anchor=v114;side=v116;margin=0.08;w=0.3;gate=side_gt_anchor,0
v114_v116_cls_margin0.08_w0.3_side_rank_top,0.9792010172886223,0.9157240229656392,0.2328767123287671,0.5205479452054794,22,0.011144416,0.9994662,0.5211156647605769,0.24191993194383765,class_selective_prob,anchor=v114;side=v116;margin=0.08;w=0.3;gate=side_rank_top,0
v114_v116_cls_margin0.08_w0.3_anchor_not_top5,0.9792010172886223,0.9157240229656392,0.2328767123287671,0.5205479452054794,22,0.011144416,0.9994662,0.5211156647605769,0.24191993194383765,class_selective_prob,anchor=v114;side=v116;margin=0.08;w=0.3;gate=anchor_not_top5,0
v114_v116_cls_margin0.08_w0.35_none,0.9792010172886223,0.9157240229656392,0.2328767123287671,0.5205479452054794,22,0.011144416,0.9994662,0.5211156647605769,0.24191993194383765,class_selective_prob,anchor=v114;side=v116;margin=0.08;w=0.35;gate=none,0
v114_v116_cls_margin0.08_w0.35_side_gt_anchor,0.9792010172886223,0.9157240229656392,0.2328767123287671,0.5205479452054794,22,0.011144416,0.9994662,0.5211156647605769,0.24191993194383765,class_selective_prob,anchor=v114;side=v116;margin=0.08;w=0.35;gate=side_gt_anchor,0
v114_v116_cls_margin0.08_w0.35_side_rank_top,0.9792010172886223,0.9157240229656392,0.2328767123287671,0.5205479452054794,22,0.011144416,0.9994662,0.5211156647605769,0.24191993194383765,class_selective_prob,anchor=v114;side=v116;margin=0.08;w=0.35;gate=side_rank_top,0
v114_v116_cls_margin0.08_w0.35_anchor_not_top5,0.9792010172886223,0.9157240229656392,0.2328767123287671,0.5205479452054794,22,0.011144416,0.9994662,0.5211156647605769,0.24191993194383765,class_selective_prob,anchor=v114;side=v116;margin=0.08;w=0.35;gate=anchor_not_top5,0
v114_v116_cls_margin0.08_w0.4_none,0.9792010172886223,0.9157240229656392,0.2328767123287671,0.5205479452054794,22,0.011144416,0.9994662,0.5211156647605769,0.24191993194383765,class_selective_prob,anchor=v114;side=v116;margin=0.08;w=0.4;gate=none,0
v114_v116_cls_margin0.08_w0.4_side_gt_anchor,0.9792010172886223,0.9157240229656392,0.2328767123287671,0.5205479452054794,22,0.011144416,0.9994662,0.5211156647605769,0.24191993194383765,class_selective_prob,anchor=v114;side=v116;margin=0.08;w=0.4;gate=side_gt_anchor,0
v114_v116_cls_margin0.08_w0.4_side_rank_top,0.9792010172886223,0.9157240229656392,0.2328767123287671,0.5205479452054794,22,0.011144416,0.9994662,0.5211156647605769,0.24191993194383765,class_selective_prob,anchor=v114;side=v116;margin=0.08;w=0.4;gate=side_rank_top,0
v114_v116_cls_margin0.08_w0.4_anchor_not_top5,0.9792010172886223,0.9157240229656392,0.2328767123287671,0.5205479452054794,22,0.011144416,0.9994662,0.5211156647605769,0.24191993194383765,class_selective_prob,anchor=v114;side=v116;margin=0.08;w=0.4;gate=anchor_not_top5,0
v114_v116_cls_margin0.1_w0.05_none,0.9792010172886223,0.9157240229656392,0.2328767123287671,0.5205479452054794,22,0.011144416,0.9994662,0.5211156647605769,0.24191993194383765,class_selective_prob,anchor=v114;side=v116;margin=0.1;w=0.05;gate=none,0
v114_v116_cls_margin0.1_w0.05_side_gt_anchor,0.9792010172886223,0.9157240229656392,0.2328767123287671,0.5205479452054794,22,0.011144416,0.9994662,0.5211156647605769,0.24191993194383765,class_selective_prob,anchor=v114;side=v116;margin=0.1;w=0.05;gate=side_gt_anchor,0
v114_v116_cls_margin0.1_w0.05_side_rank_top,0.9792010172886223,0.9157240229656392,0.2328767123287671,0.5205479452054794,22,0.011144416,0.9994662,0.5211156647605769,0.24191993194383765,class_selective_prob,anchor=v114;side=v116;margin=0.1;w=0.05;gate=side_rank_top,0
v114_v116_cls_margin0.1_w0.05_anchor_not_top5,0.9792010172886223,0.9157240229656392,0.2328767123287671,0.5205479452054794,22,0.011144416,0.9994662,0.5211156647605769,0.24191993194383765,class_selective_prob,anchor=v114;side=v116;margin=0.1;w=0.05;gate=anchor_not_top5,0
v114_v116_cls_margin0.1_w0.08_none,0.9792010172886223,0.9157240229656392,0.2328767123287671,0.5205479452054794,22,0.011144416,0.9994662,0.5211156647605769,0.24191993194383765,class_selective_prob,anchor=v114;side=v116;margin=0.1;w=0.08;gate=none,0
v114_v116_cls_margin0.1_w0.08_side_gt_anchor,0.9792010172886223,0.9157240229656392,0.2328767123287671,0.5205479452054794,22,0.011144416,0.9994662,0.5211156647605769,0.24191993194383765,class_selective_prob,anchor=v114;side=v116;margin=0.1;w=0.08;gate=side_gt_anchor,0
v114_v116_cls_margin0.1_w0.08_side_rank_top,0.9792010172886223,0.9157240229656392,0.2328767123287671,0.5205479452054794,22,0.011144416,0.9994662,0.5211156647605769,0.24191993194383765,class_selective_prob,anchor=v114;side=v116;margin=0.1;w=0.08;gate=side_rank_top,0
v114_v116_cls_margin0.1_w0.08_anchor_not_top5,0.9792010172886223,0.9157240229656392,0.2328767123287671,0.5205479452054794,22,0.011144416,0.9994662,0.5211156647605769,0.24191993194383765,class_selective_prob,anchor=v114;side=v116;margin=0.1;w=0.08;gate=anchor_not_top5,0
v114_v116_cls_margin0.1_w0.1_none,0.9792010172886223,0.9157240229656392,0.2328767123287671,0.5205479452054794,22,0.011144416,0.9994662,0.5211156647605769,0.24191993194383765,class_selective_prob,anchor=v114;side=v116;margin=0.1;w=0.1;gate=none,0
v114_v116_cls_margin0.1_w0.1_side_gt_anchor,0.9792010172886223,0.9157240229656392,0.2328767123287671,0.5205479452054794,22,0.011144416,0.9994662,0.5211156647605769,0.24191993194383765,class_selective_prob,anchor=v114;side=v116;margin=0.1;w=0.1;gate=side_gt_anchor,0
v114_v116_cls_margin0.1_w0.1_side_rank_top,0.9792010172886223,0.9157240229656392,0.2328767123287671,0.5205479452054794,22,0.011144416,0.9994662,0.5211156647605769,0.24191993194383765,class_selective_prob,anchor=v114;side=v116;margin=0.1;w=0.1;gate=side_rank_top,0
v114_v116_cls_margin0.1_w0.1_anchor_not_top5,0.9792010172886223,0.9157240229656392,0.2328767123287671,0.5205479452054794,22,0.011144416,0.9994662,0.5211156647605769,0.24191993194383765,class_selective_prob,anchor=v114;side=v116;margin=0.1;w=0.1;gate=anchor_not_top5,0
v114_v116_cls_margin0.1_w0.12_none,0.9792010172886223,0.9157240229656392,0.2328767123287671,0.5205479452054794,22,0.011144416,0.9994662,0.5211156647605769,0.24191993194383765,class_selective_prob,anchor=v114;side=v116;margin=0.1;w=0.12;gate=none,0
v114_v116_cls_margin0.1_w0.12_side_gt_anchor,0.9792010172886223,0.9157240229656392,0.2328767123287671,0.5205479452054794,22,0.011144416,0.9994662,0.5211156647605769,0.24191993194383765,class_selective_prob,anchor=v114;side=v116;margin=0.1;w=0.12;gate=side_gt_anchor,0
v114_v116_cls_margin0.1_w0.12_side_rank_top,0.9792010172886223,0.9157240229656392,0.2328767123287671,0.5205479452054794,22,0.011144416,0.9994662,0.5211156647605769,0.24191993194383765,class_selective_prob,anchor=v114;side=v116;margin=0.1;w=0.12;gate=side_rank_top,0
v114_v116_cls_margin0.1_w0.12_anchor_not_top5,0.9792010172886223,0.9157240229656392,0.2328767123287671,0.5205479452054794,22,0.011144416,0.9994662,0.5211156647605769,0.24191993194383765,class_selective_prob,anchor=v114;side=v116;margin=0.1;w=0.12;gate=anchor_not_top5,0
v114_v116_cls_margin0.1_w0.15_none,0.9792010172886223,0.9157240229656392,0.2328767123287671,0.5205479452054794,22,0.011144416,0.9994662,0.5211156647605769,0.24191993194383765,class_selective_prob,anchor=v114;side=v116;margin=0.1;w=0.15;gate=none,0
v114_v116_cls_margin0.1_w0.15_side_gt_anchor,0.9792010172886223,0.9157240229656392,0.2328767123287671,0.5205479452054794,22,0.011144416,0.9994662,0.5211156647605769,0.24191993194383765,class_selective_prob,anchor=v114;side=v116;margin=0.1;w=0.15;gate=side_gt_anchor,0
v114_v116_cls_margin0.1_w0.15_side_rank_top,0.9792010172886223,0.9157240229656392,0.2328767123287671,0.5205479452054794,22,0.011144416,0.9994662,0.5211156647605769,0.24191993194383765,class_selective_prob,anchor=v114;side=v116;margin=0.1;w=0.15;gate=side_rank_top,0
v114_v116_cls_margin0.1_w0.15_anchor_not_top5,0.9792010172886223,0.9157240229656392,0.2328767123287671,0.5205479452054794,22,0.011144416,0.9994662,0.5211156647605769,0.24191993194383765,class_selective_prob,anchor=v114;side=v116;margin=0.1;w=0.15;gate=anchor_not_top5,0
v114_v116_cls_margin0.1_w0.18_none,0.9792010172886223,0.9157240229656392,0.2328767123287671,0.5205479452054794,22,0.011144416,0.9994662,0.5211156647605769,0.24191993194383765,class_selective_prob,anchor=v114;side=v116;margin=0.1;w=0.18;gate=none,0
v114_v116_cls_margin0.1_w0.18_side_gt_anchor,0.9792010172886223,0.9157240229656392,0.2328767123287671,0.5205479452054794,22,0.011144416,0.9994662,0.5211156647605769,0.24191993194383765,class_selective_prob,anchor=v114;side=v116;margin=0.1;w=0.18;gate=side_gt_anchor,0
v114_v116_cls_margin0.1_w0.18_side_rank_top,0.9792010172886223,0.9157240229656392,0.2328767123287671,0.5205479452054794,22,0.011144416,0.9994662,0.5211156647605769,0.24191993194383765,class_selective_prob,anchor=v114;side=v116;margin=0.1;w=0.18;gate=side_rank_top,0
v114_v116_cls_margin0.1_w0.18_anchor_not_top5,0.9792010172886223,0.9157240229656392,0.2328767123287671,0.5205479452054794,22,0.011144416,0.9994662,0.5211156647605769,0.24191993194383765,class_selective_prob,anchor=v114;side=v116;margin=0.1;w=0.18;gate=anchor_not_top5,0
v114_v116_cls_margin0.1_w0.2_none,0.9792010172886223,0.9157240229656392,0.2328767123287671,0.5205479452054794,22,0.011144416,0.9994662,0.5211156647605769,0.24191993194383765,class_selective_prob,anchor=v114;side=v116;margin=0.1;w=0.2;gate=none,0
v114_v116_cls_margin0.1_w0.2_side_gt_anchor,0.9792010172886223,0.9157240229656392,0.2328767123287671,0.5205479452054794,22,0.011144416,0.9994662,0.5211156647605769,0.24191993194383765,class_selective_prob,anchor=v114;side=v116;margin=0.1;w=0.2;gate=side_gt_anchor,0
v114_v116_cls_margin0.1_w0.2_side_rank_top,0.9792010172886223,0.9157240229656392,0.2328767123287671,0.5205479452054794,22,0.011144416,0.9994662,0.5211156647605769,0.24191993194383765,class_selective_prob,anchor=v114;side=v116;margin=0.1;w=0.2;gate=side_rank_top,0
v114_v116_cls_margin0.1_w0.2_anchor_not_top5,0.9792010172886223,0.9157240229656392,0.2328767123287671,0.5205479452054794,22,0.011144416,0.9994662,0.5211156647605769,0.24191993194383765,class_selective_prob,anchor=v114;side=v116;margin=0.1;w=0.2;gate=anchor_not_top5,0
v114_v116_cls_margin0.1_w0.25_none,0.9792010172886223,0.9157240229656392,0.2328767123287671,0.5205479452054794,22,0.011144416,0.9994662,0.5211156647605769,0.24191993194383765,class_selective_prob,anchor=v114;side=v116;margin=0.1;w=0.25;gate=none,0
v114_v116_cls_margin0.1_w0.25_side_gt_anchor,0.9792010172886223,0.9157240229656392,0.2328767123287671,0.5205479452054794,22,0.011144416,0.9994662,0.5211156647605769,0.24191993194383765,class_selective_prob,anchor=v114;side=v116;margin=0.1;w=0.25;gate=side_gt_anchor,0
v114_v116_cls_margin0.1_w0.25_side_rank_top,0.9792010172886223,0.9157240229656392,0.2328767123287671,0.5205479452054794,22,0.011144416,0.9994662,0.5211156647605769,0.24191993194383765,class_selective_prob,anchor=v114;side=v116;margin=0.1;w=0.25;gate=side_rank_top,0
v114_v116_cls_margin0.1_w0.25_anchor_not_top5,0.9792010172886223,0.9157240229656392,0.2328767123287671,0.5205479452054794,22,0.011144416,0.9994662,0.5211156647605769,0.24191993194383765,class_selective_prob,anchor=v114;side=v116;margin=0.1;w=0.25;gate=anchor_not_top5,0
v114_v116_cls_margin0.1_w0.3_none,0.9792010172886223,0.9157240229656392,0.2328767123287671,0.5205479452054794,22,0.011144416,0.9994662,0.5211156647605769,0.24191993194383765,class_selective_prob,anchor=v114;side=v116;margin=0.1;w=0.3;gate=none,0
v114_v116_cls_margin0.1_w0.3_side_gt_anchor,0.9792010172886223,0.9157240229656392,0.2328767123287671,0.5205479452054794,22,0.011144416,0.9994662,0.5211156647605769,0.24191993194383765,class_selective_prob,anchor=v114;side=v116;margin=0.1;w=0.3;gate=side_gt_anchor,0
v114_v116_cls_margin0.1_w0.3_side_rank_top,0.9792010172886223,0.9157240229656392,0.2328767123287671,0.5205479452054794,22,0.011144416,0.9994662,0.5211156647605769,0.24191993194383765,class_selective_prob,anchor=v114;side=v116;margin=0.1;w=0.3;gate=side_rank_top,0
v114_v116_cls_margin0.1_w0.3_anchor_not_top5,0.9792010172886223,0.9157240229656392,0.2328767123287671,0.5205479452054794,22,0.011144416,0.9994662,0.5211156647605769,0.24191993194383765,class_selective_prob,anchor=v114;side=v116;margin=0.1;w=0.3;gate=anchor_not_top5,0
v114_v116_cls_margin0.1_w0.35_none,0.9792010172886223,0.9157240229656392,0.2328767123287671,0.5205479452054794,22,0.011144416,0.9994662,0.5211156647605769,0.24191993194383765,class_selective_prob,anchor=v114;side=v116;margin=0.1;w=0.35;gate=none,0
v114_v116_cls_margin0.1_w0.35_side_gt_anchor,0.9792010172886223,0.9157240229656392,0.2328767123287671,0.5205479452054794,22,0.011144416,0.9994662,0.5211156647605769,0.24191993194383765,class_selective_prob,anchor=v114;side=v116;margin=0.1;w=0.35;gate=side_gt_anchor,0
v114_v116_cls_margin0.1_w0.35_side_rank_top,0.9792010172886223,0.9157240229656392,0.2328767123287671,0.5205479452054794,22,0.011144416,0.9994662,0.5211156647605769,0.24191993194383765,class_selective_prob,anchor=v114;side=v116;margin=0.1;w=0.35;gate=side_rank_top,0
v114_v116_cls_margin0.1_w0.35_anchor_not_top5,0.9792010172886223,0.9157240229656392,0.2328767123287671,0.5205479452054794,22,0.011144416,0.9994662,0.5211156647605769,0.24191993194383765,class_selective_prob,anchor=v114;side=v116;margin=0.1;w=0.35;gate=anchor_not_top5,0
v114_v116_cls_margin0.1_w0.4_none,0.9792010172886223,0.9157240229656392,0.2328767123287671,0.5205479452054794,22,0.011144416,0.9994662,0.5211156647605769,0.24191993194383765,class_selective_prob,anchor=v114;side=v116;margin=0.1;w=0.4;gate=none,0
v114_v116_cls_margin0.1_w0.4_side_gt_anchor,0.9792010172886223,0.9157240229656392,0.2328767123287671,0.5205479452054794,22,0.011144416,0.9994662,0.5211156647605769,0.24191993194383765,class_selective_prob,anchor=v114;side=v116;margin=0.1;w=0.4;gate=side_gt_anchor,0
v114_v116_cls_margin0.1_w0.4_side_rank_top,0.9792010172886223,0.9157240229656392,0.2328767123287671,0.5205479452054794,22,0.011144416,0.9994662,0.5211156647605769,0.24191993194383765,class_selective_prob,anchor=v114;side=v116;margin=0.1;w=0.4;gate=side_rank_top,0
v114_v116_cls_margin0.1_w0.4_anchor_not_top5,0.9792010172886223,0.9157240229656392,0.2328767123287671,0.5205479452054794,22,0.011144416,0.9994662,0.5211156647605769,0.24191993194383765,class_selective_prob,anchor=v114;side=v116;margin=0.1;w=0.4;gate=anchor_not_top5,0
v114_v116_cls_margin0.15_w0.05_none,0.9792010172886223,0.9157240229656392,0.2328767123287671,0.5205479452054794,22,0.011144416,0.9994662,0.5211156647605769,0.24191993194383765,class_selective_prob,anchor=v114;side=v116;margin=0.15;w=0.05;gate=none,0
v114_v116_cls_margin0.15_w0.05_side_gt_anchor,0.9792010172886223,0.9157240229656392,0.2328767123287671,0.5205479452054794,22,0.011144416,0.9994662,0.5211156647605769,0.24191993194383765,class_selective_prob,anchor=v114;side=v116;margin=0.15;w=0.05;gate=side_gt_anchor,0
v114_v116_cls_margin0.15_w0.05_side_rank_top,0.9792010172886223,0.9157240229656392,0.2328767123287671,0.5205479452054794,22,0.011144416,0.9994662,0.5211156647605769,0.24191993194383765,class_selective_prob,anchor=v114;side=v116;margin=0.15;w=0.05;gate=side_rank_top,0
v114_v116_cls_margin0.15_w0.05_anchor_not_top5,0.9792010172886223,0.9157240229656392,0.2328767123287671,0.5205479452054794,22,0.011144416,0.9994662,0.5211156647605769,0.24191993194383765,class_selective_prob,anchor=v114;side=v116;margin=0.15;w=0.05;gate=anchor_not_top5,0
v114_v116_cls_margin0.15_w0.08_none,0.9792010172886223,0.9157240229656392,0.2328767123287671,0.5205479452054794,22,0.011144416,0.9994662,0.5211156647605769,0.24191993194383765,class_selective_prob,anchor=v114;side=v116;margin=0.15;w=0.08;gate=none,0
v114_v116_cls_margin0.15_w0.08_side_gt_anchor,0.9792010172886223,0.9157240229656392,0.2328767123287671,0.5205479452054794,22,0.011144416,0.9994662,0.5211156647605769,0.24191993194383765,class_selective_prob,anchor=v114;side=v116;margin=0.15;w=0.08;gate=side_gt_anchor,0
v114_v116_cls_margin0.15_w0.08_side_rank_top,0.9792010172886223,0.9157240229656392,0.2328767123287671,0.5205479452054794,22,0.011144416,0.9994662,0.5211156647605769,0.24191993194383765,class_selective_prob,anchor=v114;side=v116;margin=0.15;w=0.08;gate=side_rank_top,0
v114_v116_cls_margin0.15_w0.08_anchor_not_top5,0.9792010172886223,0.9157240229656392,0.2328767123287671,0.5205479452054794,22,0.011144416,0.9994662,0.5211156647605769,0.24191993194383765,class_selective_prob,anchor=v114;side=v116;margin=0.15;w=0.08;gate=anchor_not_top5,0
v114_v116_cls_margin0.15_w0.1_none,0.9792010172886223,0.9157240229656392,0.2328767123287671,0.5205479452054794,22,0.011144416,0.9994662,0.5211156647605769,0.24191993194383765,class_selective_prob,anchor=v114;side=v116;margin=0.15;w=0.1;gate=none,0
v114_v116_cls_margin0.15_w0.1_side_gt_anchor,0.9792010172886223,0.9157240229656392,0.2328767123287671,0.5205479452054794,22,0.011144416,0.9994662,0.5211156647605769,0.24191993194383765,class_selective_prob,anchor=v114;side=v116;margin=0.15;w=0.1;gate=side_gt_anchor,0
v114_v116_cls_margin0.15_w0.1_side_rank_top,0.9792010172886223,0.9157240229656392,0.2328767123287671,0.5205479452054794,22,0.011144416,0.9994662,0.5211156647605769,0.24191993194383765,class_selective_prob,anchor=v114;side=v116;margin=0.15;w=0.1;gate=side_rank_top,0
v114_v116_cls_margin0.15_w0.1_anchor_not_top5,0.9792010172886223,0.9157240229656392,0.2328767123287671,0.5205479452054794,22,0.011144416,0.9994662,0.5211156647605769,0.24191993194383765,class_selective_prob,anchor=v114;side=v116;margin=0.15;w=0.1;gate=anchor_not_top5,0
v114_v116_cls_margin0.15_w0.12_none,0.9792010172886223,0.9157240229656392,0.2328767123287671,0.5205479452054794,22,0.011144416,0.9994662,0.5211156647605769,0.24191993194383765,class_selective_prob,anchor=v114;side=v116;margin=0.15;w=0.12;gate=none,0
v114_v116_cls_margin0.15_w0.12_side_gt_anchor,0.9792010172886223,0.9157240229656392,0.2328767123287671,0.5205479452054794,22,0.011144416,0.9994662,0.5211156647605769,0.24191993194383765,class_selective_prob,anchor=v114;side=v116;margin=0.15;w=0.12;gate=side_gt_anchor,0
v114_v116_cls_margin0.15_w0.12_side_rank_top,0.9792010172886223,0.9157240229656392,0.2328767123287671,0.5205479452054794,22,0.011144416,0.9994662,0.5211156647605769,0.24191993194383765,class_selective_prob,anchor=v114;side=v116;margin=0.15;w=0.12;gate=side_rank_top,0
v114_v116_cls_margin0.15_w0.12_anchor_not_top5,0.9792010172886223,0.9157240229656392,0.2328767123287671,0.5205479452054794,22,0.011144416,0.9994662,0.5211156647605769,0.24191993194383765,class_selective_prob,anchor=v114;side=v116;margin=0.15;w=0.12;gate=anchor_not_top5,0
v114_v116_cls_margin0.15_w0.15_none,0.9792010172886223,0.9157240229656392,0.2328767123287671,0.5205479452054794,22,0.011144416,0.9994662,0.5211156647605769,0.24191993194383765,class_selective_prob,anchor=v114;side=v116;margin=0.15;w=0.15;gate=none,0
v114_v116_cls_margin0.15_w0.15_side_gt_anchor,0.9792010172886223,0.9157240229656392,0.2328767123287671,0.5205479452054794,22,0.011144416,0.9994662,0.5211156647605769,0.24191993194383765,class_selective_prob,anchor=v114;side=v116;margin=0.15;w=0.15;gate=side_gt_anchor,0
v114_v116_cls_margin0.15_w0.15_side_rank_top,0.9792010172886223,0.9157240229656392,0.2328767123287671,0.5205479452054794,22,0.011144416,0.9994662,0.5211156647605769,0.24191993194383765,class_selective_prob,anchor=v114;side=v116;margin=0.15;w=0.15;gate=side_rank_top,0
v114_v116_cls_margin0.15_w0.15_anchor_not_top5,0.9792010172886223,0.9157240229656392,0.2328767123287671,0.5205479452054794,22,0.011144416,0.9994662,0.5211156647605769,0.24191993194383765,class_selective_prob,anchor=v114;side=v116;margin=0.15;w=0.15;gate=anchor_not_top5,0
v114_v116_cls_margin0.15_w0.18_none,0.9792010172886223,0.9157240229656392,0.2328767123287671,0.5205479452054794,22,0.011144416,0.9994662,0.5211156647605769,0.24191993194383765,class_selective_prob,anchor=v114;side=v116;margin=0.15;w=0.18;gate=none,0
v114_v116_cls_margin0.15_w0.18_side_gt_anchor,0.9792010172886223,0.9157240229656392,0.2328767123287671,0.5205479452054794,22,0.011144416,0.9994662,0.5211156647605769,0.24191993194383765,class_selective_prob,anchor=v114;side=v116;margin=0.15;w=0.18;gate=side_gt_anchor,0
v114_v116_cls_margin0.15_w0.18_side_rank_top,0.9792010172886223,0.9157240229656392,0.2328767123287671,0.5205479452054794,22,0.011144416,0.9994662,0.5211156647605769,0.24191993194383765,class_selective_prob,anchor=v114;side=v116;margin=0.15;w=0.18;gate=side_rank_top,0
v114_v116_cls_margin0.15_w0.18_anchor_not_top5,0.9792010172886223,0.9157240229656392,0.2328767123287671,0.5205479452054794,22,0.011144416,0.9994662,0.5211156647605769,0.24191993194383765,class_selective_prob,anchor=v114;side=v116;margin=0.15;w=0.18;gate=anchor_not_top5,0
v114_v116_cls_margin0.15_w0.2_none,0.9792010172886223,0.9157240229656392,0.2328767123287671,0.5205479452054794,22,0.011144416,0.9994662,0.5211156647605769,0.24191993194383765,class_selective_prob,anchor=v114;side=v116;margin=0.15;w=0.2;gate=none,0
v114_v116_cls_margin0.15_w0.2_side_gt_anchor,0.9792010172886223,0.9157240229656392,0.2328767123287671,0.5205479452054794,22,0.011144416,0.9994662,0.5211156647605769,0.24191993194383765,class_selective_prob,anchor=v114;side=v116;margin=0.15;w=0.2;gate=side_gt_anchor,0
v114_v116_cls_margin0.15_w0.2_side_rank_top,0.9792010172886223,0.9157240229656392,0.2328767123287671,0.5205479452054794,22,0.011144416,0.9994662,0.5211156647605769,0.24191993194383765,class_selective_prob,anchor=v114;side=v116;margin=0.15;w=0.2;gate=side_rank_top,0
v114_v116_cls_margin0.15_w0.2_anchor_not_top5,0.9792010172886223,0.9157240229656392,0.2328767123287671,0.5205479452054794,22,0.011144416,0.9994662,0.5211156647605769,0.24191993194383765,class_selective_prob,anchor=v114;side=v116;margin=0.15;w=0.2;gate=anchor_not_top5,0
v114_v116_cls_margin0.15_w0.25_none,0.9792010172886223,0.9157240229656392,0.2328767123287671,0.5205479452054794,22,0.011144416,0.9994662,0.5211156647605769,0.24191993194383765,class_selective_prob,anchor=v114;side=v116;margin=0.15;w=0.25;gate=none,0
v114_v116_cls_margin0.15_w0.25_side_gt_anchor,0.9792010172886223,0.9157240229656392,0.2328767123287671,0.5205479452054794,22,0.011144416,0.9994662,0.5211156647605769,0.24191993194383765,class_selective_prob,anchor=v114;side=v116;margin=0.15;w=0.25;gate=side_gt_anchor,0
v114_v116_cls_margin0.15_w0.25_side_rank_top,0.9792010172886223,0.9157240229656392,0.2328767123287671,0.5205479452054794,22,0.011144416,0.9994662,0.5211156647605769,0.24191993194383765,class_selective_prob,anchor=v114;side=v116;margin=0.15;w=0.25;gate=side_rank_top,0
v114_v116_cls_margin0.15_w0.25_anchor_not_top5,0.9792010172886223,0.9157240229656392,0.2328767123287671,0.5205479452054794,22,0.011144416,0.9994662,0.5211156647605769,0.24191993194383765,class_selective_prob,anchor=v114;side=v116;margin=0.15;w=0.25;gate=anchor_not_top5,0
v114_v116_cls_margin0.15_w0.3_none,0.9792010172886223,0.9157240229656392,0.2328767123287671,0.5205479452054794,22,0.011144416,0.9994662,0.5211156647605769,0.24191993194383765,class_selective_prob,anchor=v114;side=v116;margin=0.15;w=0.3;gate=none,0
v114_v116_cls_margin0.15_w0.3_side_gt_anchor,0.9792010172886223,0.9157240229656392,0.2328767123287671,0.5205479452054794,22,0.011144416,0.9994662,0.5211156647605769,0.24191993194383765,class_selective_prob,anchor=v114;side=v116;margin=0.15;w=0.3;gate=side_gt_anchor,0
v114_v116_cls_margin0.15_w0.3_side_rank_top,0.9792010172886223,0.9157240229656392,0.2328767123287671,0.5205479452054794,22,0.011144416,0.9994662,0.5211156647605769,0.24191993194383765,class_selective_prob,anchor=v114;side=v116;margin=0.15;w=0.3;gate=side_rank_top,0
v114_v116_cls_margin0.15_w0.3_anchor_not_top5,0.9792010172886223,0.9157240229656392,0.2328767123287671,0.5205479452054794,22,0.011144416,0.9994662,0.5211156647605769,0.24191993194383765,class_selective_prob,anchor=v114;side=v116;margin=0.15;w=0.3;gate=anchor_not_top5,0
v114_v116_cls_margin0.15_w0.35_none,0.9792010172886223,0.9157240229656392,0.2328767123287671,0.5205479452054794,22,0.011144416,0.9994662,0.5211156647605769,0.24191993194383765,class_selective_prob,anchor=v114;side=v116;margin=0.15;w=0.35;gate=none,0
v114_v116_cls_margin0.15_w0.35_side_gt_anchor,0.9792010172886223,0.9157240229656392,0.2328767123287671,0.5205479452054794,22,0.011144416,0.9994662,0.5211156647605769,0.24191993194383765,class_selective_prob,anchor=v114;side=v116;margin=0.15;w=0.35;gate=side_gt_anchor,0
v114_v116_cls_margin0.15_w0.35_side_rank_top,0.9792010172886223,0.9157240229656392,0.2328767123287671,0.5205479452054794,22,0.011144416,0.9994662,0.5211156647605769,0.24191993194383765,class_selective_prob,anchor=v114;side=v116;margin=0.15;w=0.35;gate=side_rank_top,0
v114_v116_cls_margin0.15_w0.35_anchor_not_top5,0.9792010172886223,0.9157240229656392,0.2328767123287671,0.5205479452054794,22,0.011144416,0.9994662,0.5211156647605769,0.24191993194383765,class_selective_prob,anchor=v114;side=v116;margin=0.15;w=0.35;gate=anchor_not_top5,0
v114_v116_cls_margin0.15_w0.4_none,0.9792010172886223,0.9157240229656392,0.2328767123287671,0.5205479452054794,22,0.011144416,0.9994662,0.5211156647605769,0.24191993194383765,class_selective_prob,anchor=v114;side=v116;margin=0.15;w=0.4;gate=none,0
v114_v116_cls_margin0.15_w0.4_side_gt_anchor,0.9792010172886223,0.9157240229656392,0.2328767123287671,0.5205479452054794,22,0.011144416,0.9994662,0.5211156647605769,0.24191993194383765,class_selective_prob,anchor=v114;side=v116;margin=0.15;w=0.4;gate=side_gt_anchor,0
v114_v116_cls_margin0.15_w0.4_side_rank_top,0.9792010172886223,0.9157240229656392,0.2328767123287671,0.5205479452054794,22,0.011144416,0.9994662,0.5211156647605769,0.24191993194383765,class_selective_prob,anchor=v114;side=v116;margin=0.15;w=0.4;gate=side_rank_top,0
v114_v116_cls_margin0.15_w0.4_anchor_not_top5,0.9792010172886223,0.9157240229656392,0.2328767123287671,0.5205479452054794,22,0.011144416,0.9994662,0.5211156647605769,0.24191993194383765,class_selective_prob,anchor=v114;side=v116;margin=0.15;w=0.4;gate=anchor_not_top5,0
v114_v119_cls_margin0.05_w0.05_none,0.9792010172886223,0.9157240229656392,0.2328767123287671,0.5205479452054794,22,0.011144416,0.9994662,0.5211156647605769,0.24191993194383765,class_selective_prob,anchor=v114;side=v119;margin=0.05;w=0.05;gate=none,0
v114_v119_cls_margin0.05_w0.05_side_gt_anchor,0.9792010172886223,0.9157240229656392,0.2328767123287671,0.5205479452054794,22,0.011144416,0.9994662,0.5211156647605769,0.24191993194383765,class_selective_prob,anchor=v114;side=v119;margin=0.05;w=0.05;gate=side_gt_anchor,0
v114_v119_cls_margin0.05_w0.05_side_rank_top,0.9792010172886223,0.9157240229656392,0.2328767123287671,0.5205479452054794,22,0.011144416,0.9994662,0.5211156647605769,0.24191993194383765,class_selective_prob,anchor=v114;side=v119;margin=0.05;w=0.05;gate=side_rank_top,0
v114_v119_cls_margin0.05_w0.05_anchor_not_top5,0.9792010172886223,0.9157240229656392,0.2328767123287671,0.5205479452054794,22,0.011144416,0.9994662,0.5211156647605769,0.24191993194383765,class_selective_prob,anchor=v114;side=v119;margin=0.05;w=0.05;gate=anchor_not_top5,0
v114_v119_cls_margin0.05_w0.08_none,0.9792010172886223,0.9157240229656392,0.2328767123287671,0.5205479452054794,22,0.011144416,0.9994662,0.5211156647605769,0.24191993194383765,class_selective_prob,anchor=v114;side=v119;margin=0.05;w=0.08;gate=none,0
v114_v119_cls_margin0.05_w0.08_side_gt_anchor,0.9792010172886223,0.9157240229656392,0.2328767123287671,0.5205479452054794,22,0.011144416,0.9994662,0.5211156647605769,0.24191993194383765,class_selective_prob,anchor=v114;side=v119;margin=0.05;w=0.08;gate=side_gt_anchor,0
v114_v119_cls_margin0.05_w0.08_side_rank_top,0.9792010172886223,0.9157240229656392,0.2328767123287671,0.5205479452054794,22,0.011144416,0.9994662,0.5211156647605769,0.24191993194383765,class_selective_prob,anchor=v114;side=v119;margin=0.05;w=0.08;gate=side_rank_top,0
v114_v119_cls_margin0.05_w0.08_anchor_not_top5,0.9792010172886223,0.9157240229656392,0.2328767123287671,0.5205479452054794,22,0.011144416,0.9994662,0.5211156647605769,0.24191993194383765,class_selective_prob,anchor=v114;side=v119;margin=0.05;w=0.08;gate=anchor_not_top5,0
v114_v119_cls_margin0.05_w0.1_none,0.9792010172886223,0.9157240229656392,0.2328767123287671,0.5205479452054794,22,0.011144416,0.9994662,0.5211156647605769,0.24191993194383765,class_selective_prob,anchor=v114;side=v119;margin=0.05;w=0.1;gate=none,0
v114_v119_cls_margin0.05_w0.1_side_gt_anchor,0.9792010172886223,0.9157240229656392,0.2328767123287671,0.5205479452054794,22,0.011144416,0.9994662,0.5211156647605769,0.24191993194383765,class_selective_prob,anchor=v114;side=v119;margin=0.05;w=0.1;gate=side_gt_anchor,0
v114_v119_cls_margin0.05_w0.1_side_rank_top,0.9792010172886223,0.9157240229656392,0.2328767123287671,0.5205479452054794,22,0.011144416,0.9994662,0.5211156647605769,0.24191993194383765,class_selective_prob,anchor=v114;side=v119;margin=0.05;w=0.1;gate=side_rank_top,0
v114_v119_cls_margin0.05_w0.1_anchor_not_top5,0.9792010172886223,0.9157240229656392,0.2328767123287671,0.5205479452054794,22,0.011144416,0.9994662,0.5211156647605769,0.24191993194383765,class_selective_prob,anchor=v114;side=v119;margin=0.05;w=0.1;gate=anchor_not_top5,0
v114_v119_cls_margin0.05_w0.12_none,0.9792010172886223,0.9157240229656392,0.2328767123287671,0.5205479452054794,22,0.011144416,0.9994662,0.5211156647605769,0.24191993194383765,class_selective_prob,anchor=v114;side=v119;margin=0.05;w=0.12;gate=none,0
v114_v119_cls_margin0.05_w0.12_side_gt_anchor,0.9792010172886223,0.9157240229656392,0.2328767123287671,0.5205479452054794,22,0.011144416,0.9994662,0.5211156647605769,0.24191993194383765,class_selective_prob,anchor=v114;side=v119;margin=0.05;w=0.12;gate=side_gt_anchor,0
v114_v119_cls_margin0.05_w0.12_side_rank_top,0.9792010172886223,0.9157240229656392,0.2328767123287671,0.5205479452054794,22,0.011144416,0.9994662,0.5211156647605769,0.24191993194383765,class_selective_prob,anchor=v114;side=v119;margin=0.05;w=0.12;gate=side_rank_top,0
v114_v119_cls_margin0.05_w0.12_anchor_not_top5,0.9792010172886223,0.9157240229656392,0.2328767123287671,0.5205479452054794,22,0.011144416,0.9994662,0.5211156647605769,0.24191993194383765,class_selective_prob,anchor=v114;side=v119;margin=0.05;w=0.12;gate=anchor_not_top5,0
v114_v119_cls_margin0.05_w0.15_none,0.9792010172886223,0.9157240229656392,0.2328767123287671,0.5205479452054794,22,0.011144416,0.9994662,0.5211156647605769,0.24191993194383765,class_selective_prob,anchor=v114;side=v119;margin=0.05;w=0.15;gate=none,0
v114_v119_cls_margin0.05_w0.15_side_gt_anchor,0.9792010172886223,0.9157240229656392,0.2328767123287671,0.5205479452054794,22,0.011144416,0.9994662,0.5211156647605769,0.24191993194383765,class_selective_prob,anchor=v114;side=v119;margin=0.05;w=0.15;gate=side_gt_anchor,0
v114_v119_cls_margin0.05_w0.15_side_rank_top,0.9792010172886223,0.9157240229656392,0.2328767123287671,0.5205479452054794,22,0.011144416,0.9994662,0.5211156647605769,0.24191993194383765,class_selective_prob,anchor=v114;side=v119;margin=0.05;w=0.15;gate=side_rank_top,0
v114_v119_cls_margin0.05_w0.15_anchor_not_top5,0.9792010172886223,0.9157240229656392,0.2328767123287671,0.5205479452054794,22,0.011144416,0.9994662,0.5211156647605769,0.24191993194383765,class_selective_prob,anchor=v114;side=v119;margin=0.05;w=0.15;gate=anchor_not_top5,0
v114_v119_cls_margin0.05_w0.18_none,0.9792010172886223,0.9157240229656392,0.2328767123287671,0.5205479452054794,22,0.011144416,0.9994662,0.5211156647605769,0.24191993194383765,class_selective_prob,anchor=v114;side=v119;margin=0.05;w=0.18;gate=none,0
v114_v119_cls_margin0.05_w0.18_side_gt_anchor,0.9792010172886223,0.9157240229656392,0.2328767123287671,0.5205479452054794,22,0.011144416,0.9994662,0.5211156647605769,0.24191993194383765,class_selective_prob,anchor=v114;side=v119;margin=0.05;w=0.18;gate=side_gt_anchor,0
v114_v119_cls_margin0.05_w0.18_side_rank_top,0.9792010172886223,0.9157240229656392,0.2328767123287671,0.5205479452054794,22,0.011144416,0.9994662,0.5211156647605769,0.24191993194383765,class_selective_prob,anchor=v114;side=v119;margin=0.05;w=0.18;gate=side_rank_top,0
v114_v119_cls_margin0.05_w0.18_anchor_not_top5,0.9792010172886223,0.9157240229656392,0.2328767123287671,0.5205479452054794,22,0.011144416,0.9994662,0.5211156647605769,0.24191993194383765,class_selective_prob,anchor=v114;side=v119;margin=0.05;w=0.18;gate=anchor_not_top5,0
v114_v119_cls_margin0.05_w0.2_none,0.9792010172886223,0.9157240229656392,0.2328767123287671,0.5205479452054794,22,0.011144416,0.9994662,0.5211156647605769,0.24191993194383765,class_selective_prob,anchor=v114;side=v119;margin=0.05;w=0.2;gate=none,0
v114_v119_cls_margin0.05_w0.2_side_gt_anchor,0.9792010172886223,0.9157240229656392,0.2328767123287671,0.5205479452054794,22,0.011144416,0.9994662,0.5211156647605769,0.24191993194383765,class_selective_prob,anchor=v114;side=v119;margin=0.05;w=0.2;gate=side_gt_anchor,0
v114_v119_cls_margin0.05_w0.2_side_rank_top,0.9792010172886223,0.9157240229656392,0.2328767123287671,0.5205479452054794,22,0.011144416,0.9994662,0.5211156647605769,0.24191993194383765,class_selective_prob,anchor=v114;side=v119;margin=0.05;w=0.2;gate=side_rank_top,0
v114_v119_cls_margin0.05_w0.2_anchor_not_top5,0.9792010172886223,0.9157240229656392,0.2328767123287671,0.5205479452054794,22,0.011144416,0.9994662,0.5211156647605769,0.24191993194383765,class_selective_prob,anchor=v114;side=v119;margin=0.05;w=0.2;gate=anchor_not_top5,0
v114_v119_cls_margin0.05_w0.25_none,0.9792010172886223,0.9157240229656392,0.2328767123287671,0.5205479452054794,22,0.011144416,0.9994662,0.5211156647605769,0.24191993194383765,class_selective_prob,anchor=v114;side=v119;margin=0.05;w=0.25;gate=none,0
v114_v119_cls_margin0.05_w0.25_side_gt_anchor,0.9792010172886223,0.9157240229656392,0.2328767123287671,0.5205479452054794,22,0.011144416,0.9994662,0.5211156647605769,0.24191993194383765,class_selective_prob,anchor=v114;side=v119;margin=0.05;w=0.25;gate=side_gt_anchor,0
v114_v119_cls_margin0.05_w0.25_side_rank_top,0.9792010172886223,0.9157240229656392,0.2328767123287671,0.5205479452054794,22,0.011144416,0.9994662,0.5211156647605769,0.24191993194383765,class_selective_prob,anchor=v114;side=v119;margin=0.05;w=0.25;gate=side_rank_top,0
v114_v119_cls_margin0.05_w0.25_anchor_not_top5,0.9792010172886223,0.9157240229656392,0.2328767123287671,0.5205479452054794,22,0.011144416,0.9994662,0.5211156647605769,0.24191993194383765,class_selective_prob,anchor=v114;side=v119;margin=0.05;w=0.25;gate=anchor_not_top5,0
v114_v119_cls_margin0.05_w0.3_none,0.9792010172886223,0.9157240229656392,0.2328767123287671,0.5205479452054794,22,0.011144416,0.9994662,0.5211156647605769,0.24191993194383765,class_selective_prob,anchor=v114;side=v119;margin=0.05;w=0.3;gate=none,0
v114_v119_cls_margin0.05_w0.3_side_gt_anchor,0.9792010172886223,0.9157240229656392,0.2328767123287671,0.5205479452054794,22,0.011144416,0.9994662,0.5211156647605769,0.24191993194383765,class_selective_prob,anchor=v114;side=v119;margin=0.05;w=0.3;gate=side_gt_anchor,0
v114_v119_cls_margin0.05_w0.3_side_rank_top,0.9792010172886223,0.9157240229656392,0.2328767123287671,0.5205479452054794,22,0.011144416,0.9994662,0.5211156647605769,0.24191993194383765,class_selective_prob,anchor=v114;side=v119;margin=0.05;w=0.3;gate=side_rank_top,0
v114_v119_cls_margin0.05_w0.3_anchor_not_top5,0.9792010172886223,0.9157240229656392,0.2328767123287671,0.5205479452054794,22,0.011144416,0.9994662,0.5211156647605769,0.24191993194383765,class_selective_prob,anchor=v114;side=v119;margin=0.05;w=0.3;gate=anchor_not_top5,0
v114_v119_cls_margin0.05_w0.35_none,0.9792010172886223,0.9157240229656392,0.2328767123287671,0.5205479452054794,22,0.011144416,0.9994662,0.5211156647605769,0.24191993194383765,class_selective_prob,anchor=v114;side=v119;margin=0.05;w=0.35;gate=none,0
v114_v119_cls_margin0.05_w0.35_side_gt_anchor,0.9792010172886223,0.9157240229656392,0.2328767123287671,0.5205479452054794,22,0.011144416,0.9994662,0.5211156647605769,0.24191993194383765,class_selective_prob,anchor=v114;side=v119;margin=0.05;w=0.35;gate=side_gt_anchor,0
v114_v119_cls_margin0.05_w0.35_side_rank_top,0.9792010172886223,0.9157240229656392,0.2328767123287671,0.5205479452054794,22,0.011144416,0.9994662,0.5211156647605769,0.24191993194383765,class_selective_prob,anchor=v114;side=v119;margin=0.05;w=0.35;gate=side_rank_top,0
v114_v119_cls_margin0.05_w0.35_anchor_not_top5,0.9792010172886223,0.9157240229656392,0.2328767123287671,0.5205479452054794,22,0.011144416,0.9994662,0.5211156647605769,0.24191993194383765,class_selective_prob,anchor=v114;side=v119;margin=0.05;w=0.35;gate=anchor_not_top5,0
v114_v119_cls_margin0.05_w0.4_none,0.9792010172886223,0.9157240229656392,0.2328767123287671,0.5205479452054794,22,0.011144416,0.9994662,0.5211156647605769,0.24191993194383765,class_selective_prob,anchor=v114;side=v119;margin=0.05;w=0.4;gate=none,0
v114_v119_cls_margin0.05_w0.4_side_gt_anchor,0.9792010172886223,0.9157240229656392,0.2328767123287671,0.5205479452054794,22,0.011144416,0.9994662,0.5211156647605769,0.24191993194383765,class_selective_prob,anchor=v114;side=v119;margin=0.05;w=0.4;gate=side_gt_anchor,0
v114_v119_cls_margin0.05_w0.4_side_rank_top,0.9792010172886223,0.9157240229656392,0.2328767123287671,0.5205479452054794,22,0.011144416,0.9994662,0.5211156647605769,0.24191993194383765,class_selective_prob,anchor=v114;side=v119;margin=0.05;w=0.4;gate=side_rank_top,0
v114_v119_cls_margin0.05_w0.4_anchor_not_top5,0.9792010172886223,0.9157240229656392,0.2328767123287671,0.5205479452054794,22,0.011144416,0.9994662,0.5211156647605769,0.24191993194383765,class_selective_prob,anchor=v114;side=v119;margin=0.05;w=0.4;gate=anchor_not_top5,0
v114_v119_cls_margin0.08_w0.05_none,0.9792010172886223,0.9157240229656392,0.2328767123287671,0.5205479452054794,22,0.011144416,0.9994662,0.5211156647605769,0.24191993194383765,class_selective_prob,anchor=v114;side=v119;margin=0.08;w=0.05;gate=none,0
v114_v119_cls_margin0.08_w0.05_side_gt_anchor,0.9792010172886223,0.9157240229656392,0.2328767123287671,0.5205479452054794,22,0.011144416,0.9994662,0.5211156647605769,0.24191993194383765,class_selective_prob,anchor=v114;side=v119;margin=0.08;w=0.05;gate=side_gt_anchor,0
v114_v119_cls_margin0.08_w0.05_side_rank_top,0.9792010172886223,0.9157240229656392,0.2328767123287671,0.5205479452054794,22,0.011144416,0.9994662,0.5211156647605769,0.24191993194383765,class_selective_prob,anchor=v114;side=v119;margin=0.08;w=0.05;gate=side_rank_top,0
v114_v119_cls_margin0.08_w0.05_anchor_not_top5,0.9792010172886223,0.9157240229656392,0.2328767123287671,0.5205479452054794,22,0.011144416,0.9994662,0.5211156647605769,0.24191993194383765,class_selective_prob,anchor=v114;side=v119;margin=0.08;w=0.05;gate=anchor_not_top5,0
v114_v119_cls_margin0.08_w0.08_none,0.9792010172886223,0.9157240229656392,0.2328767123287671,0.5205479452054794,22,0.011144416,0.9994662,0.5211156647605769,0.24191993194383765,class_selective_prob,anchor=v114;side=v119;margin=0.08;w=0.08;gate=none,0
v114_v119_cls_margin0.08_w0.08_side_gt_anchor,0.9792010172886223,0.9157240229656392,0.2328767123287671,0.5205479452054794,22,0.011144416,0.9994662,0.5211156647605769,0.24191993194383765,class_selective_prob,anchor=v114;side=v119;margin=0.08;w=0.08;gate=side_gt_anchor,0
v114_v119_cls_margin0.08_w0.08_side_rank_top,0.9792010172886223,0.9157240229656392,0.2328767123287671,0.5205479452054794,22,0.011144416,0.9994662,0.5211156647605769,0.24191993194383765,class_selective_prob,anchor=v114;side=v119;margin=0.08;w=0.08;gate=side_rank_top,0
v114_v119_cls_margin0.08_w0.08_anchor_not_top5,0.9792010172886223,0.9157240229656392,0.2328767123287671,0.5205479452054794,22,0.011144416,0.9994662,0.5211156647605769,0.24191993194383765,class_selective_prob,anchor=v114;side=v119;margin=0.08;w=0.08;gate=anchor_not_top5,0
v114_v119_cls_margin0.08_w0.1_none,0.9792010172886223,0.9157240229656392,0.2328767123287671,0.5205479452054794,22,0.011144416,0.9994662,0.5211156647605769,0.24191993194383765,class_selective_prob,anchor=v114;side=v119;margin=0.08;w=0.1;gate=none,0
v114_v119_cls_margin0.08_w0.1_side_gt_anchor,0.9792010172886223,0.9157240229656392,0.2328767123287671,0.5205479452054794,22,0.011144416,0.9994662,0.5211156647605769,0.24191993194383765,class_selective_prob,anchor=v114;side=v119;margin=0.08;w=0.1;gate=side_gt_anchor,0
v114_v119_cls_margin0.08_w0.1_side_rank_top,0.9792010172886223,0.9157240229656392,0.2328767123287671,0.5205479452054794,22,0.011144416,0.9994662,0.5211156647605769,0.24191993194383765,class_selective_prob,anchor=v114;side=v119;margin=0.08;w=0.1;gate=side_rank_top,0
v114_v119_cls_margin0.08_w0.1_anchor_not_top5,0.9792010172886223,0.9157240229656392,0.2328767123287671,0.5205479452054794,22,0.011144416,0.9994662,0.5211156647605769,0.24191993194383765,class_selective_prob,anchor=v114;side=v119;margin=0.08;w=0.1;gate=anchor_not_top5,0
v114_v119_cls_margin0.08_w0.12_none,0.9792010172886223,0.9157240229656392,0.2328767123287671,0.5205479452054794,22,0.011144416,0.9994662,0.5211156647605769,0.24191993194383765,class_selective_prob,anchor=v114;side=v119;margin=0.08;w=0.12;gate=none,0
v114_v119_cls_margin0.08_w0.12_side_gt_anchor,0.9792010172886223,0.9157240229656392,0.2328767123287671,0.5205479452054794,22,0.011144416,0.9994662,0.5211156647605769,0.24191993194383765,class_selective_prob,anchor=v114;side=v119;margin=0.08;w=0.12;gate=side_gt_anchor,0
v114_v119_cls_margin0.08_w0.12_side_rank_top,0.9792010172886223,0.9157240229656392,0.2328767123287671,0.5205479452054794,22,0.011144416,0.9994662,0.5211156647605769,0.24191993194383765,class_selective_prob,anchor=v114;side=v119;margin=0.08;w=0.12;gate=side_rank_top,0
v114_v119_cls_margin0.08_w0.12_anchor_not_top5,0.9792010172886223,0.9157240229656392,0.2328767123287671,0.5205479452054794,22,0.011144416,0.9994662,0.5211156647605769,0.24191993194383765,class_selective_prob,anchor=v114;side=v119;margin=0.08;w=0.12;gate=anchor_not_top5,0
v114_v119_cls_margin0.08_w0.15_none,0.9792010172886223,0.9157240229656392,0.2328767123287671,0.5205479452054794,22,0.011144416,0.9994662,0.5211156647605769,0.24191993194383765,class_selective_prob,anchor=v114;side=v119;margin=0.08;w=0.15;gate=none,0
v114_v119_cls_margin0.08_w0.15_side_gt_anchor,0.9792010172886223,0.9157240229656392,0.2328767123287671,0.5205479452054794,22,0.011144416,0.9994662,0.5211156647605769,0.24191993194383765,class_selective_prob,anchor=v114;side=v119;margin=0.08;w=0.15;gate=side_gt_anchor,0
v114_v119_cls_margin0.08_w0.15_side_rank_top,0.9792010172886223,0.9157240229656392,0.2328767123287671,0.5205479452054794,22,0.011144416,0.9994662,0.5211156647605769,0.24191993194383765,class_selective_prob,anchor=v114;side=v119;margin=0.08;w=0.15;gate=side_rank_top,0
v114_v119_cls_margin0.08_w0.15_anchor_not_top5,0.9792010172886223,0.9157240229656392,0.2328767123287671,0.5205479452054794,22,0.011144416,0.9994662,0.5211156647605769,0.24191993194383765,class_selective_prob,anchor=v114;side=v119;margin=0.08;w=0.15;gate=anchor_not_top5,0
v114_v119_cls_margin0.08_w0.18_none,0.9792010172886223,0.9157240229656392,0.2328767123287671,0.5205479452054794,22,0.011144416,0.9994662,0.5211156647605769,0.24191993194383765,class_selective_prob,anchor=v114;side=v119;margin=0.08;w=0.18;gate=none,0
v114_v119_cls_margin0.08_w0.18_side_gt_anchor,0.9792010172886223,0.9157240229656392,0.2328767123287671,0.5205479452054794,22,0.011144416,0.9994662,0.5211156647605769,0.24191993194383765,class_selective_prob,anchor=v114;side=v119;margin=0.08;w=0.18;gate=side_gt_anchor,0
v114_v119_cls_margin0.08_w0.18_side_rank_top,0.9792010172886223,0.9157240229656392,0.2328767123287671,0.5205479452054794,22,0.011144416,0.9994662,0.5211156647605769,0.24191993194383765,class_selective_prob,anchor=v114;side=v119;margin=0.08;w=0.18;gate=side_rank_top,0
v114_v119_cls_margin0.08_w0.18_anchor_not_top5,0.9792010172886223,0.9157240229656392,0.2328767123287671,0.5205479452054794,22,0.011144416,0.9994662,0.5211156647605769,0.24191993194383765,class_selective_prob,anchor=v114;side=v119;margin=0.08;w=0.18;gate=anchor_not_top5,0
v114_v119_cls_margin0.08_w0.2_none,0.9792010172886223,0.9157240229656392,0.2328767123287671,0.5205479452054794,22,0.011144416,0.9994662,0.5211156647605769,0.24191993194383765,class_selective_prob,anchor=v114;side=v119;margin=0.08;w=0.2;gate=none,0
v114_v119_cls_margin0.08_w0.2_side_gt_anchor,0.9792010172886223,0.9157240229656392,0.2328767123287671,0.5205479452054794,22,0.011144416,0.9994662,0.5211156647605769,0.24191993194383765,class_selective_prob,anchor=v114;side=v119;margin=0.08;w=0.2;gate=side_gt_anchor,0
v114_v119_cls_margin0.08_w0.2_side_rank_top,0.9792010172886223,0.9157240229656392,0.2328767123287671,0.5205479452054794,22,0.011144416,0.9994662,0.5211156647605769,0.24191993194383765,class_selective_prob,anchor=v114;side=v119;margin=0.08;w=0.2;gate=side_rank_top,0
v114_v119_cls_margin0.08_w0.2_anchor_not_top5,0.9792010172886223,0.9157240229656392,0.2328767123287671,0.5205479452054794,22,0.011144416,0.9994662,0.5211156647605769,0.24191993194383765,class_selective_prob,anchor=v114;side=v119;margin=0.08;w=0.2;gate=anchor_not_top5,0
v114_v119_cls_margin0.08_w0.25_none,0.9792010172886223,0.9157240229656392,0.2328767123287671,0.5205479452054794,22,0.011144416,0.9994662,0.5211156647605769,0.24191993194383765,class_selective_prob,anchor=v114;side=v119;margin=0.08;w=0.25;gate=none,0
v114_v119_cls_margin0.08_w0.25_side_gt_anchor,0.9792010172886223,0.9157240229656392,0.2328767123287671,0.5205479452054794,22,0.011144416,0.9994662,0.5211156647605769,0.24191993194383765,class_selective_prob,anchor=v114;side=v119;margin=0.08;w=0.25;gate=side_gt_anchor,0
v114_v119_cls_margin0.08_w0.25_side_rank_top,0.9792010172886223,0.9157240229656392,0.2328767123287671,0.5205479452054794,22,0.011144416,0.9994662,0.5211156647605769,0.24191993194383765,class_selective_prob,anchor=v114;side=v119;margin=0.08;w=0.25;gate=side_rank_top,0
v114_v119_cls_margin0.08_w0.25_anchor_not_top5,0.9792010172886223,0.9157240229656392,0.2328767123287671,0.5205479452054794,22,0.011144416,0.9994662,0.5211156647605769,0.24191993194383765,class_selective_prob,anchor=v114;side=v119;margin=0.08;w=0.25;gate=anchor_not_top5,0
v114_v119_cls_margin0.08_w0.3_none,0.9792010172886223,0.9157240229656392,0.2328767123287671,0.5205479452054794,22,0.011144416,0.9994662,0.5211156647605769,0.24191993194383765,class_selective_prob,anchor=v114;side=v119;margin=0.08;w=0.3;gate=none,0
v114_v119_cls_margin0.08_w0.3_side_gt_anchor,0.9792010172886223,0.9157240229656392,0.2328767123287671,0.5205479452054794,22,0.011144416,0.9994662,0.5211156647605769,0.24191993194383765,class_selective_prob,anchor=v114;side=v119;margin=0.08;w=0.3;gate=side_gt_anchor,0
v114_v119_cls_margin0.08_w0.3_side_rank_top,0.9792010172886223,0.9157240229656392,0.2328767123287671,0.5205479452054794,22,0.011144416,0.9994662,0.5211156647605769,0.24191993194383765,class_selective_prob,anchor=v114;side=v119;margin=0.08;w=0.3;gate=side_rank_top,0
v114_v119_cls_margin0.08_w0.3_anchor_not_top5,0.9792010172886223,0.9157240229656392,0.2328767123287671,0.5205479452054794,22,0.011144416,0.9994662,0.5211156647605769,0.24191993194383765,class_selective_prob,anchor=v114;side=v119;margin=0.08;w=0.3;gate=anchor_not_top5,0
v114_v119_cls_margin0.08_w0.35_none,0.9792010172886223,0.9157240229656392,0.2328767123287671,0.5205479452054794,22,0.011144416,0.9994662,0.5211156647605769,0.24191993194383765,class_selective_prob,anchor=v114;side=v119;margin=0.08;w=0.35;gate=none,0
v114_v119_cls_margin0.08_w0.35_side_gt_anchor,0.9792010172886223,0.9157240229656392,0.2328767123287671,0.5205479452054794,22,0.011144416,0.9994662,0.5211156647605769,0.24191993194383765,class_selective_prob,anchor=v114;side=v119;margin=0.08;w=0.35;gate=side_gt_anchor,0
v114_v119_cls_margin0.08_w0.35_side_rank_top,0.9792010172886223,0.9157240229656392,0.2328767123287671,0.5205479452054794,22,0.011144416,0.9994662,0.5211156647605769,0.24191993194383765,class_selective_prob,anchor=v114;side=v119;margin=0.08;w=0.35;gate=side_rank_top,0
v114_v119_cls_margin0.08_w0.35_anchor_not_top5,0.9792010172886223,0.9157240229656392,0.2328767123287671,0.5205479452054794,22,0.011144416,0.9994662,0.5211156647605769,0.24191993194383765,class_selective_prob,anchor=v114;side=v119;margin=0.08;w=0.35;gate=anchor_not_top5,0
v114_v119_cls_margin0.08_w0.4_none,0.9792010172886223,0.9157240229656392,0.2328767123287671,0.5205479452054794,22,0.011144416,0.9994662,0.5211156647605769,0.24191993194383765,class_selective_prob,anchor=v114;side=v119;margin=0.08;w=0.4;gate=none,0
v114_v119_cls_margin0.08_w0.4_side_gt_anchor,0.9792010172886223,0.9157240229656392,0.2328767123287671,0.5205479452054794,22,0.011144416,0.9994662,0.5211156647605769,0.24191993194383765,class_selective_prob,anchor=v114;side=v119;margin=0.08;w=0.4;gate=side_gt_anchor,0
v114_v119_cls_margin0.08_w0.4_side_rank_top,0.9792010172886223,0.9157240229656392,0.2328767123287671,0.5205479452054794,22,0.011144416,0.9994662,0.5211156647605769,0.24191993194383765,class_selective_prob,anchor=v114;side=v119;margin=0.08;w=0.4;gate=side_rank_top,0
v114_v119_cls_margin0.08_w0.4_anchor_not_top5,0.9792010172886223,0.9157240229656392,0.2328767123287671,0.5205479452054794,22,0.011144416,0.9994662,0.5211156647605769,0.24191993194383765,class_selective_prob,anchor=v114;side=v119;margin=0.08;w=0.4;gate=anchor_not_top5,0
v114_v119_cls_margin0.1_w0.05_none,0.9792010172886223,0.9157240229656392,0.2328767123287671,0.5205479452054794,22,0.011144416,0.9994662,0.5211156647605769,0.24191993194383765,class_selective_prob,anchor=v114;side=v119;margin=0.1;w=0.05;gate=none,0
v114_v119_cls_margin0.1_w0.05_side_gt_anchor,0.9792010172886223,0.9157240229656392,0.2328767123287671,0.5205479452054794,22,0.011144416,0.9994662,0.5211156647605769,0.24191993194383765,class_selective_prob,anchor=v114;side=v119;margin=0.1;w=0.05;gate=side_gt_anchor,0
v114_v119_cls_margin0.1_w0.05_side_rank_top,0.9792010172886223,0.9157240229656392,0.2328767123287671,0.5205479452054794,22,0.011144416,0.9994662,0.5211156647605769,0.24191993194383765,class_selective_prob,anchor=v114;side=v119;margin=0.1;w=0.05;gate=side_rank_top,0
v114_v119_cls_margin0.1_w0.05_anchor_not_top5,0.9792010172886223,0.9157240229656392,0.2328767123287671,0.5205479452054794,22,0.011144416,0.9994662,0.5211156647605769,0.24191993194383765,class_selective_prob,anchor=v114;side=v119;margin=0.1;w=0.05;gate=anchor_not_top5,0
v114_v119_cls_margin0.1_w0.08_none,0.9792010172886223,0.9157240229656392,0.2328767123287671,0.5205479452054794,22,0.011144416,0.9994662,0.5211156647605769,0.24191993194383765,class_selective_prob,anchor=v114;side=v119;margin=0.1;w=0.08;gate=none,0
v114_v119_cls_margin0.1_w0.08_side_gt_anchor,0.9792010172886223,0.9157240229656392,0.2328767123287671,0.5205479452054794,22,0.011144416,0.9994662,0.5211156647605769,0.24191993194383765,class_selective_prob,anchor=v114;side=v119;margin=0.1;w=0.08;gate=side_gt_anchor,0
v114_v119_cls_margin0.1_w0.08_side_rank_top,0.9792010172886223,0.9157240229656392,0.2328767123287671,0.5205479452054794,22,0.011144416,0.9994662,0.5211156647605769,0.24191993194383765,class_selective_prob,anchor=v114;side=v119;margin=0.1;w=0.08;gate=side_rank_top,0
v114_v119_cls_margin0.1_w0.08_anchor_not_top5,0.9792010172886223,0.9157240229656392,0.2328767123287671,0.5205479452054794,22,0.011144416,0.9994662,0.5211156647605769,0.24191993194383765,class_selective_prob,anchor=v114;side=v119;margin=0.1;w=0.08;gate=anchor_not_top5,0
v114_v119_cls_margin0.1_w0.1_none,0.9792010172886223,0.9157240229656392,0.2328767123287671,0.5205479452054794,22,0.011144416,0.9994662,0.5211156647605769,0.24191993194383765,class_selective_prob,anchor=v114;side=v119;margin=0.1;w=0.1;gate=none,0
v114_v119_cls_margin0.1_w0.1_side_gt_anchor,0.9792010172886223,0.9157240229656392,0.2328767123287671,0.5205479452054794,22,0.011144416,0.9994662,0.5211156647605769,0.24191993194383765,class_selective_prob,anchor=v114;side=v119;margin=0.1;w=0.1;gate=side_gt_anchor,0
v114_v119_cls_margin0.1_w0.1_side_rank_top,0.9792010172886223,0.9157240229656392,0.2328767123287671,0.5205479452054794,22,0.011144416,0.9994662,0.5211156647605769,0.24191993194383765,class_selective_prob,anchor=v114;side=v119;margin=0.1;w=0.1;gate=side_rank_top,0
v114_v119_cls_margin0.1_w0.1_anchor_not_top5,0.9792010172886223,0.9157240229656392,0.2328767123287671,0.5205479452054794,22,0.011144416,0.9994662,0.5211156647605769,0.24191993194383765,class_selective_prob,anchor=v114;side=v119;margin=0.1;w=0.1;gate=anchor_not_top5,0
v114_v119_cls_margin0.1_w0.12_none,0.9792010172886223,0.9157240229656392,0.2328767123287671,0.5205479452054794,22,0.011144416,0.9994662,0.5211156647605769,0.24191993194383765,class_selective_prob,anchor=v114;side=v119;margin=0.1;w=0.12;gate=none,0
v114_v119_cls_margin0.1_w0.12_side_gt_anchor,0.9792010172886223,0.9157240229656392,0.2328767123287671,0.5205479452054794,22,0.011144416,0.9994662,0.5211156647605769,0.24191993194383765,class_selective_prob,anchor=v114;side=v119;margin=0.1;w=0.12;gate=side_gt_anchor,0
v114_v119_cls_margin0.1_w0.12_side_rank_top,0.9792010172886223,0.9157240229656392,0.2328767123287671,0.5205479452054794,22,0.011144416,0.9994662,0.5211156647605769,0.24191993194383765,class_selective_prob,anchor=v114;side=v119;margin=0.1;w=0.12;gate=side_rank_top,0
v114_v119_cls_margin0.1_w0.12_anchor_not_top5,0.9792010172886223,0.9157240229656392,0.2328767123287671,0.5205479452054794,22,0.011144416,0.9994662,0.5211156647605769,0.24191993194383765,class_selective_prob,anchor=v114;side=v119;margin=0.1;w=0.12;gate=anchor_not_top5,0
v114_v119_cls_margin0.1_w0.15_none,0.9792010172886223,0.9157240229656392,0.2328767123287671,0.5205479452054794,22,0.011144416,0.9994662,0.5211156647605769,0.24191993194383765,class_selective_prob,anchor=v114;side=v119;margin=0.1;w=0.15;gate=none,0
v114_v119_cls_margin0.1_w0.15_side_gt_anchor,0.9792010172886223,0.9157240229656392,0.2328767123287671,0.5205479452054794,22,0.011144416,0.9994662,0.5211156647605769,0.24191993194383765,class_selective_prob,anchor=v114;side=v119;margin=0.1;w=0.15;gate=side_gt_anchor,0
v114_v119_cls_margin0.1_w0.15_side_rank_top,0.9792010172886223,0.9157240229656392,0.2328767123287671,0.5205479452054794,22,0.011144416,0.9994662,0.5211156647605769,0.24191993194383765,class_selective_prob,anchor=v114;side=v119;margin=0.1;w=0.15;gate=side_rank_top,0
v114_v119_cls_margin0.1_w0.15_anchor_not_top5,0.9792010172886223,0.9157240229656392,0.2328767123287671,0.5205479452054794,22,0.011144416,0.9994662,0.5211156647605769,0.24191993194383765,class_selective_prob,anchor=v114;side=v119;margin=0.1;w=0.15;gate=anchor_not_top5,0
v114_v119_cls_margin0.1_w0.18_none,0.9792010172886223,0.9157240229656392,0.2328767123287671,0.5205479452054794,22,0.011144416,0.9994662,0.5211156647605769,0.24191993194383765,class_selective_prob,anchor=v114;side=v119;margin=0.1;w=0.18;gate=none,0
v114_v119_cls_margin0.1_w0.18_side_gt_anchor,0.9792010172886223,0.9157240229656392,0.2328767123287671,0.5205479452054794,22,0.011144416,0.9994662,0.5211156647605769,0.24191993194383765,class_selective_prob,anchor=v114;side=v119;margin=0.1;w=0.18;gate=side_gt_anchor,0
v114_v119_cls_margin0.1_w0.18_side_rank_top,0.9792010172886223,0.9157240229656392,0.2328767123287671,0.5205479452054794,22,0.011144416,0.9994662,0.5211156647605769,0.24191993194383765,class_selective_prob,anchor=v114;side=v119;margin=0.1;w=0.18;gate=side_rank_top,0
v114_v119_cls_margin0.1_w0.18_anchor_not_top5,0.9792010172886223,0.9157240229656392,0.2328767123287671,0.5205479452054794,22,0.011144416,0.9994662,0.5211156647605769,0.24191993194383765,class_selective_prob,anchor=v114;side=v119;margin=0.1;w=0.18;gate=anchor_not_top5,0
v114_v119_cls_margin0.1_w0.2_none,0.9792010172886223,0.9157240229656392,0.2328767123287671,0.5205479452054794,22,0.011144416,0.9994662,0.5211156647605769,0.24191993194383765,class_selective_prob,anchor=v114;side=v119;margin=0.1;w=0.2;gate=none,0
v114_v119_cls_margin0.1_w0.2_side_gt_anchor,0.9792010172886223,0.9157240229656392,0.2328767123287671,0.5205479452054794,22,0.011144416,0.9994662,0.5211156647605769,0.24191993194383765,class_selective_prob,anchor=v114;side=v119;margin=0.1;w=0.2;gate=side_gt_anchor,0
v114_v119_cls_margin0.1_w0.2_side_rank_top,0.9792010172886223,0.9157240229656392,0.2328767123287671,0.5205479452054794,22,0.011144416,0.9994662,0.5211156647605769,0.24191993194383765,class_selective_prob,anchor=v114;side=v119;margin=0.1;w=0.2;gate=side_rank_top,0
v114_v119_cls_margin0.1_w0.2_anchor_not_top5,0.9792010172886223,0.9157240229656392,0.2328767123287671,0.5205479452054794,22,0.011144416,0.9994662,0.5211156647605769,0.24191993194383765,class_selective_prob,anchor=v114;side=v119;margin=0.1;w=0.2;gate=anchor_not_top5,0
v114_v119_cls_margin0.1_w0.25_none,0.9792010172886223,0.9157240229656392,0.2328767123287671,0.5205479452054794,22,0.011144416,0.9994662,0.5211156647605769,0.24191993194383765,class_selective_prob,anchor=v114;side=v119;margin=0.1;w=0.25;gate=none,0
v114_v119_cls_margin0.1_w0.25_side_gt_anchor,0.9792010172886223,0.9157240229656392,0.2328767123287671,0.5205479452054794,22,0.011144416,0.9994662,0.5211156647605769,0.24191993194383765,class_selective_prob,anchor=v114;side=v119;margin=0.1;w=0.25;gate=side_gt_anchor,0
v114_v119_cls_margin0.1_w0.25_side_rank_top,0.9792010172886223,0.9157240229656392,0.2328767123287671,0.5205479452054794,22,0.011144416,0.9994662,0.5211156647605769,0.24191993194383765,class_selective_prob,anchor=v114;side=v119;margin=0.1;w=0.25;gate=side_rank_top,0
v114_v119_cls_margin0.1_w0.25_anchor_not_top5,0.9792010172886223,0.9157240229656392,0.2328767123287671,0.5205479452054794,22,0.011144416,0.9994662,0.5211156647605769,0.24191993194383765,class_selective_prob,anchor=v114;side=v119;margin=0.1;w=0.25;gate=anchor_not_top5,0
v114_v119_cls_margin0.1_w0.3_none,0.9792010172886223,0.9157240229656392,0.2328767123287671,0.5205479452054794,22,0.011144416,0.9994662,0.5211156647605769,0.24191993194383765,class_selective_prob,anchor=v114;side=v119;margin=0.1;w=0.3;gate=none,0
v114_v119_cls_margin0.1_w0.3_side_gt_anchor,0.9792010172886223,0.9157240229656392,0.2328767123287671,0.5205479452054794,22,0.011144416,0.9994662,0.5211156647605769,0.24191993194383765,class_selective_prob,anchor=v114;side=v119;margin=0.1;w=0.3;gate=side_gt_anchor,0
v114_v119_cls_margin0.1_w0.3_side_rank_top,0.9792010172886223,0.9157240229656392,0.2328767123287671,0.5205479452054794,22,0.011144416,0.9994662,0.5211156647605769,0.24191993194383765,class_selective_prob,anchor=v114;side=v119;margin=0.1;w=0.3;gate=side_rank_top,0
v114_v119_cls_margin0.1_w0.3_anchor_not_top5,0.9792010172886223,0.9157240229656392,0.2328767123287671,0.5205479452054794,22,0.011144416,0.9994662,0.5211156647605769,0.24191993194383765,class_selective_prob,anchor=v114;side=v119;margin=0.1;w=0.3;gate=anchor_not_top5,0
v114_v119_cls_margin0.1_w0.35_none,0.9792010172886223,0.9157240229656392,0.2328767123287671,0.5205479452054794,22,0.011144416,0.9994662,0.5211156647605769,0.24191993194383765,class_selective_prob,anchor=v114;side=v119;margin=0.1;w=0.35;gate=none,0
v114_v119_cls_margin0.1_w0.35_side_gt_anchor,0.9792010172886223,0.9157240229656392,0.2328767123287671,0.5205479452054794,22,0.011144416,0.9994662,0.5211156647605769,0.24191993194383765,class_selective_prob,anchor=v114;side=v119;margin=0.1;w=0.35;gate=side_gt_anchor,0
v114_v119_cls_margin0.1_w0.35_side_rank_top,0.9792010172886223,0.9157240229656392,0.2328767123287671,0.5205479452054794,22,0.011144416,0.9994662,0.5211156647605769,0.24191993194383765,class_selective_prob,anchor=v114;side=v119;margin=0.1;w=0.35;gate=side_rank_top,0
v114_v119_cls_margin0.1_w0.35_anchor_not_top5,0.9792010172886223,0.9157240229656392,0.2328767123287671,0.5205479452054794,22,0.011144416,0.9994662,0.5211156647605769,0.24191993194383765,class_selective_prob,anchor=v114;side=v119;margin=0.1;w=0.35;gate=anchor_not_top5,0
v114_v119_cls_margin0.1_w0.4_none,0.9792010172886223,0.9157240229656392,0.2328767123287671,0.5205479452054794,22,0.011144416,0.9994662,0.5211156647605769,0.24191993194383765,class_selective_prob,anchor=v114;side=v119;margin=0.1;w=0.4;gate=none,0
v114_v119_cls_margin0.1_w0.4_side_gt_anchor,0.9792010172886223,0.9157240229656392,0.2328767123287671,0.5205479452054794,22,0.011144416,0.9994662,0.5211156647605769,0.24191993194383765,class_selective_prob,anchor=v114;side=v119;margin=0.1;w=0.4;gate=side_gt_anchor,0
v114_v119_cls_margin0.1_w0.4_side_rank_top,0.9792010172886223,0.9157240229656392,0.2328767123287671,0.5205479452054794,22,0.011144416,0.9994662,0.5211156647605769,0.24191993194383765,class_selective_prob,anchor=v114;side=v119;margin=0.1;w=0.4;gate=side_rank_top,0
v114_v119_cls_margin0.1_w0.4_anchor_not_top5,0.9792010172886223,0.9157240229656392,0.2328767123287671,0.5205479452054794,22,0.011144416,0.9994662,0.5211156647605769,0.24191993194383765,class_selective_prob,anchor=v114;side=v119;margin=0.1;w=0.4;gate=anchor_not_top5,0
v114_v119_cls_margin0.15_w0.05_none,0.9792010172886223,0.9157240229656392,0.2328767123287671,0.5205479452054794,22,0.011144416,0.9994662,0.5211156647605769,0.24191993194383765,class_selective_prob,anchor=v114;side=v119;margin=0.15;w=0.05;gate=none,0
v114_v119_cls_margin0.15_w0.05_side_gt_anchor,0.9792010172886223,0.9157240229656392,0.2328767123287671,0.5205479452054794,22,0.011144416,0.9994662,0.5211156647605769,0.24191993194383765,class_selective_prob,anchor=v114;side=v119;margin=0.15;w=0.05;gate=side_gt_anchor,0
v114_v119_cls_margin0.15_w0.05_side_rank_top,0.9792010172886223,0.9157240229656392,0.2328767123287671,0.5205479452054794,22,0.011144416,0.9994662,0.5211156647605769,0.24191993194383765,class_selective_prob,anchor=v114;side=v119;margin=0.15;w=0.05;gate=side_rank_top,0
v114_v119_cls_margin0.15_w0.05_anchor_not_top5,0.9792010172886223,0.9157240229656392,0.2328767123287671,0.5205479452054794,22,0.011144416,0.9994662,0.5211156647605769,0.24191993194383765,class_selective_prob,anchor=v114;side=v119;margin=0.15;w=0.05;gate=anchor_not_top5,0
v114_v119_cls_margin0.15_w0.08_none,0.9792010172886223,0.9157240229656392,0.2328767123287671,0.5205479452054794,22,0.011144416,0.9994662,0.5211156647605769,0.24191993194383765,class_selective_prob,anchor=v114;side=v119;margin=0.15;w=0.08;gate=none,0
v114_v119_cls_margin0.15_w0.08_side_gt_anchor,0.9792010172886223,0.9157240229656392,0.2328767123287671,0.5205479452054794,22,0.011144416,0.9994662,0.5211156647605769,0.24191993194383765,class_selective_prob,anchor=v114;side=v119;margin=0.15;w=0.08;gate=side_gt_anchor,0
v114_v119_cls_margin0.15_w0.08_side_rank_top,0.9792010172886223,0.9157240229656392,0.2328767123287671,0.5205479452054794,22,0.011144416,0.9994662,0.5211156647605769,0.24191993194383765,class_selective_prob,anchor=v114;side=v119;margin=0.15;w=0.08;gate=side_rank_top,0
v114_v119_cls_margin0.15_w0.08_anchor_not_top5,0.9792010172886223,0.9157240229656392,0.2328767123287671,0.5205479452054794,22,0.011144416,0.9994662,0.5211156647605769,0.24191993194383765,class_selective_prob,anchor=v114;side=v119;margin=0.15;w=0.08;gate=anchor_not_top5,0
v114_v119_cls_margin0.15_w0.1_none,0.9792010172886223,0.9157240229656392,0.2328767123287671,0.5205479452054794,22,0.011144416,0.9994662,0.5211156647605769,0.24191993194383765,class_selective_prob,anchor=v114;side=v119;margin=0.15;w=0.1;gate=none,0
v114_v119_cls_margin0.15_w0.1_side_gt_anchor,0.9792010172886223,0.9157240229656392,0.2328767123287671,0.5205479452054794,22,0.011144416,0.9994662,0.5211156647605769,0.24191993194383765,class_selective_prob,anchor=v114;side=v119;margin=0.15;w=0.1;gate=side_gt_anchor,0
v114_v119_cls_margin0.15_w0.1_side_rank_top,0.9792010172886223,0.9157240229656392,0.2328767123287671,0.5205479452054794,22,0.011144416,0.9994662,0.5211156647605769,0.24191993194383765,class_selective_prob,anchor=v114;side=v119;margin=0.15;w=0.1;gate=side_rank_top,0
v114_v119_cls_margin0.15_w0.1_anchor_not_top5,0.9792010172886223,0.9157240229656392,0.2328767123287671,0.5205479452054794,22,0.011144416,0.9994662,0.5211156647605769,0.24191993194383765,class_selective_prob,anchor=v114;side=v119;margin=0.15;w=0.1;gate=anchor_not_top5,0
v114_v119_cls_margin0.15_w0.12_none,0.9792010172886223,0.9157240229656392,0.2328767123287671,0.5205479452054794,22,0.011144416,0.9994662,0.5211156647605769,0.24191993194383765,class_selective_prob,anchor=v114;side=v119;margin=0.15;w=0.12;gate=none,0
v114_v119_cls_margin0.15_w0.12_side_gt_anchor,0.9792010172886223,0.9157240229656392,0.2328767123287671,0.5205479452054794,22,0.011144416,0.9994662,0.5211156647605769,0.24191993194383765,class_selective_prob,anchor=v114;side=v119;margin=0.15;w=0.12;gate=side_gt_anchor,0
v114_v119_cls_margin0.15_w0.12_side_rank_top,0.9792010172886223,0.9157240229656392,0.2328767123287671,0.5205479452054794,22,0.011144416,0.9994662,0.5211156647605769,0.24191993194383765,class_selective_prob,anchor=v114;side=v119;margin=0.15;w=0.12;gate=side_rank_top,0
v114_v119_cls_margin0.15_w0.12_anchor_not_top5,0.9792010172886223,0.9157240229656392,0.2328767123287671,0.5205479452054794,22,0.011144416,0.9994662,0.5211156647605769,0.24191993194383765,class_selective_prob,anchor=v114;side=v119;margin=0.15;w=0.12;gate=anchor_not_top5,0
v114_v119_cls_margin0.15_w0.15_none,0.9792010172886223,0.9157240229656392,0.2328767123287671,0.5205479452054794,22,0.011144416,0.9994662,0.5211156647605769,0.24191993194383765,class_selective_prob,anchor=v114;side=v119;margin=0.15;w=0.15;gate=none,0
v114_v119_cls_margin0.15_w0.15_side_gt_anchor,0.9792010172886223,0.9157240229656392,0.2328767123287671,0.5205479452054794,22,0.011144416,0.9994662,0.5211156647605769,0.24191993194383765,class_selective_prob,anchor=v114;side=v119;margin=0.15;w=0.15;gate=side_gt_anchor,0
v114_v119_cls_margin0.15_w0.15_side_rank_top,0.9792010172886223,0.9157240229656392,0.2328767123287671,0.5205479452054794,22,0.011144416,0.9994662,0.5211156647605769,0.24191993194383765,class_selective_prob,anchor=v114;side=v119;margin=0.15;w=0.15;gate=side_rank_top,0
v114_v119_cls_margin0.15_w0.15_anchor_not_top5,0.9792010172886223,0.9157240229656392,0.2328767123287671,0.5205479452054794,22,0.011144416,0.9994662,0.5211156647605769,0.24191993194383765,class_selective_prob,anchor=v114;side=v119;margin=0.15;w=0.15;gate=anchor_not_top5,0
v114_v119_cls_margin0.15_w0.18_none,0.9792010172886223,0.9157240229656392,0.2328767123287671,0.5205479452054794,22,0.011144416,0.9994662,0.5211156647605769,0.24191993194383765,class_selective_prob,anchor=v114;side=v119;margin=0.15;w=0.18;gate=none,0
v114_v119_cls_margin0.15_w0.18_side_gt_anchor,0.9792010172886223,0.9157240229656392,0.2328767123287671,0.5205479452054794,22,0.011144416,0.9994662,0.5211156647605769,0.24191993194383765,class_selective_prob,anchor=v114;side=v119;margin=0.15;w=0.18;gate=side_gt_anchor,0
v114_v119_cls_margin0.15_w0.18_side_rank_top,0.9792010172886223,0.9157240229656392,0.2328767123287671,0.5205479452054794,22,0.011144416,0.9994662,0.5211156647605769,0.24191993194383765,class_selective_prob,anchor=v114;side=v119;margin=0.15;w=0.18;gate=side_rank_top,0
v114_v119_cls_margin0.15_w0.18_anchor_not_top5,0.9792010172886223,0.9157240229656392,0.2328767123287671,0.5205479452054794,22,0.011144416,0.9994662,0.5211156647605769,0.24191993194383765,class_selective_prob,anchor=v114;side=v119;margin=0.15;w=0.18;gate=anchor_not_top5,0
v114_v119_cls_margin0.15_w0.2_none,0.9792010172886223,0.9157240229656392,0.2328767123287671,0.5205479452054794,22,0.011144416,0.9994662,0.5211156647605769,0.24191993194383765,class_selective_prob,anchor=v114;side=v119;margin=0.15;w=0.2;gate=none,0
v114_v119_cls_margin0.15_w0.2_side_gt_anchor,0.9792010172886223,0.9157240229656392,0.2328767123287671,0.5205479452054794,22,0.011144416,0.9994662,0.5211156647605769,0.24191993194383765,class_selective_prob,anchor=v114;side=v119;margin=0.15;w=0.2;gate=side_gt_anchor,0
v114_v119_cls_margin0.15_w0.2_side_rank_top,0.9792010172886223,0.9157240229656392,0.2328767123287671,0.5205479452054794,22,0.011144416,0.9994662,0.5211156647605769,0.24191993194383765,class_selective_prob,anchor=v114;side=v119;margin=0.15;w=0.2;gate=side_rank_top,0
v114_v119_cls_margin0.15_w0.2_anchor_not_top5,0.9792010172886223,0.9157240229656392,0.2328767123287671,0.5205479452054794,22,0.011144416,0.9994662,0.5211156647605769,0.24191993194383765,class_selective_prob,anchor=v114;side=v119;margin=0.15;w=0.2;gate=anchor_not_top5,0
v114_v119_cls_margin0.15_w0.25_none,0.9792010172886223,0.9157240229656392,0.2328767123287671,0.5205479452054794,22,0.011144416,0.9994662,0.5211156647605769,0.24191993194383765,class_selective_prob,anchor=v114;side=v119;margin=0.15;w=0.25;gate=none,0
v114_v119_cls_margin0.15_w0.25_side_gt_anchor,0.9792010172886223,0.9157240229656392,0.2328767123287671,0.5205479452054794,22,0.011144416,0.9994662,0.5211156647605769,0.24191993194383765,class_selective_prob,anchor=v114;side=v119;margin=0.15;w=0.25;gate=side_gt_anchor,0
v114_v119_cls_margin0.15_w0.25_side_rank_top,0.9792010172886223,0.9157240229656392,0.2328767123287671,0.5205479452054794,22,0.011144416,0.9994662,0.5211156647605769,0.24191993194383765,class_selective_prob,anchor=v114;side=v119;margin=0.15;w=0.25;gate=side_rank_top,0
v114_v119_cls_margin0.15_w0.25_anchor_not_top5,0.9792010172886223,0.9157240229656392,0.2328767123287671,0.5205479452054794,22,0.011144416,0.9994662,0.5211156647605769,0.24191993194383765,class_selective_prob,anchor=v114;side=v119;margin=0.15;w=0.25;gate=anchor_not_top5,0
v114_v119_cls_margin0.15_w0.3_none,0.9792010172886223,0.9157240229656392,0.2328767123287671,0.5205479452054794,22,0.011144416,0.9994662,0.5211156647605769,0.24191993194383765,class_selective_prob,anchor=v114;side=v119;margin=0.15;w=0.3;gate=none,0
v114_v119_cls_margin0.15_w0.3_side_gt_anchor,0.9792010172886223,0.9157240229656392,0.2328767123287671,0.5205479452054794,22,0.011144416,0.9994662,0.5211156647605769,0.24191993194383765,class_selective_prob,anchor=v114;side=v119;margin=0.15;w=0.3;gate=side_gt_anchor,0
v114_v119_cls_margin0.15_w0.3_side_rank_top,0.9792010172886223,0.9157240229656392,0.2328767123287671,0.5205479452054794,22,0.011144416,0.9994662,0.5211156647605769,0.24191993194383765,class_selective_prob,anchor=v114;side=v119;margin=0.15;w=0.3;gate=side_rank_top,0
v114_v119_cls_margin0.15_w0.3_anchor_not_top5,0.9792010172886223,0.9157240229656392,0.2328767123287671,0.5205479452054794,22,0.011144416,0.9994662,0.5211156647605769,0.24191993194383765,class_selective_prob,anchor=v114;side=v119;margin=0.15;w=0.3;gate=anchor_not_top5,0
v114_v119_cls_margin0.15_w0.35_none,0.9792010172886223,0.9157240229656392,0.2328767123287671,0.5205479452054794,22,0.011144416,0.9994662,0.5211156647605769,0.24191993194383765,class_selective_prob,anchor=v114;side=v119;margin=0.15;w=0.35;gate=none,0
v114_v119_cls_margin0.15_w0.35_side_gt_anchor,0.9792010172886223,0.9157240229656392,0.2328767123287671,0.5205479452054794,22,0.011144416,0.9994662,0.5211156647605769,0.24191993194383765,class_selective_prob,anchor=v114;side=v119;margin=0.15;w=0.35;gate=side_gt_anchor,0
v114_v119_cls_margin0.15_w0.35_side_rank_top,0.9792010172886223,0.9157240229656392,0.2328767123287671,0.5205479452054794,22,0.011144416,0.9994662,0.5211156647605769,0.24191993194383765,class_selective_prob,anchor=v114;side=v119;margin=0.15;w=0.35;gate=side_rank_top,0
v114_v119_cls_margin0.15_w0.35_anchor_not_top5,0.9792010172886223,0.9157240229656392,0.2328767123287671,0.5205479452054794,22,0.011144416,0.9994662,0.5211156647605769,0.24191993194383765,class_selective_prob,anchor=v114;side=v119;margin=0.15;w=0.35;gate=anchor_not_top5,0
v114_v119_cls_margin0.15_w0.4_none,0.9792010172886223,0.9157240229656392,0.2328767123287671,0.5205479452054794,22,0.011144416,0.9994662,0.5211156647605769,0.24191993194383765,class_selective_prob,anchor=v114;side=v119;margin=0.15;w=0.4;gate=none,0
v114_v119_cls_margin0.15_w0.4_side_gt_anchor,0.9792010172886223,0.9157240229656392,0.2328767123287671,0.5205479452054794,22,0.011144416,0.9994662,0.5211156647605769,0.24191993194383765,class_selective_prob,anchor=v114;side=v119;margin=0.15;w=0.4;gate=side_gt_anchor,0
v114_v119_cls_margin0.15_w0.4_side_rank_top,0.9792010172886223,0.9157240229656392,0.2328767123287671,0.5205479452054794,22,0.011144416,0.9994662,0.5211156647605769,0.24191993194383765,class_selective_prob,anchor=v114;side=v119;margin=0.15;w=0.4;gate=side_rank_top,0
v114_v119_cls_margin0.15_w0.4_anchor_not_top5,0.9792010172886223,0.9157240229656392,0.2328767123287671,0.5205479452054794,22,0.011144416,0.9994662,0.5211156647605769,0.24191993194383765,class_selective_prob,anchor=v114;side=v119;margin=0.15;w=0.4;gate=anchor_not_top5,0
v114_v119_cls_margin0.02_w0.12_side_gt_anchor,0.9792010172886223,0.9157236777837853,0.2328767123287671,0.5205479452054794,22,0.011144416,0.9994662,0.5211408678555941,0.24191342429934726,class_selective_prob,anchor=v114;side=v119;margin=0.02;w=0.12;gate=side_gt_anchor,1
v114_v119_cls_margin0.02_w0.1_side_gt_anchor,0.9792010172886223,0.9157234476625493,0.2328767123287671,0.5205479452054794,22,0.011144416,0.9994662,0.5211366673397578,0.24191437710971525,class_selective_prob,anchor=v114;side=v119;margin=0.02;w=0.1;gate=side_gt_anchor,1
v114_v119_cls_margin0.02_w0.15_side_gt_anchor,0.9792010172886223,0.9157228723594595,0.2328767123287671,0.5205479452054794,22,0.011144416,0.9994662,0.5211471686293483,0.24191209393464186,class_selective_prob,anchor=v114;side=v119;margin=0.02;w=0.15;gate=side_gt_anchor,1
v114_v119_cls_margin0.02_w0.18_side_gt_anchor,0.9792010172886223,0.9157221819957517,0.2328767123287671,0.5205479452054794,22,0.011144416,0.9994662,0.5211534694031026,0.24191088219267903,class_selective_prob,anchor=v114;side=v119;margin=0.02;w=0.18;gate=side_gt_anchor,1
v114_v119_cls_margin0.02_w0.2_side_gt_anchor,0.9792010172886223,0.915721491632044,0.2328767123287671,0.5205479452054794,22,0.011144416,0.9994662,0.5211576699189389,0.24191014026711494,class_selective_prob,anchor=v114;side=v119;margin=0.02;w=0.2;gate=side_gt_anchor,1
v114_v119_cls_margin0.02_w0.25_side_gt_anchor,0.9792010172886223,0.9157208012683362,0.2328767123287671,0.5205479452054794,22,0.011144416,0.9994662,0.5211681712085292,0.24190851611511793,class_selective_prob,anchor=v114;side=v119;margin=0.02;w=0.25;gate=side_gt_anchor,1
v110_v119_cls_margin0_w0.05_side_gt_anchor,0.9791963747798973,0.9152125209884949,0.2191780821917808,0.5205479452054794,22,0.011144416,0.9994699,0.5212725235989512,0.2422738659689571,class_selective_prob,anchor=v110;side=v119;margin=0;w=0.05;gate=side_gt_anchor,6
v110_v119_cls_margin-0.02_w0.05_side_gt_anchor,0.9791963747798973,0.9152084938668663,0.2191780821917808,0.5205479452054794,22,0.011144416,0.9994699,0.5212876521011575,0.24226453284864022,class_selective_prob,anchor=v110;side=v119;margin=-0.02;w=0.05;gate=side_gt_anchor,7
v110_v119_cls_margin0_w0.15_side_gt_anchor,0.9791947303204606,0.9160133428895012,0.2191780821917808,0.5205479452054794,22,0.011144416,0.9994699,0.5215531189838907,0.24216213794604724,class_selective_prob,anchor=v110;side=v119;margin=0;w=0.15;gate=side_gt_anchor,6
v110_v119_cls_margin-0.02_w0.15_side_gt_anchor,0.9791947303204606,0.9160001109184357,0.2191780821917808,0.5205479452054794,22,0.011144416,0.9994699,0.5215985044905093,0.24213601055448117,class_selective_prob,anchor=v110;side=v119;margin=-0.02;w=0.15;gate=side_gt_anchor,7
v110_v116_cls_margin0_w0.12_side_gt_anchor,0.9791863156598306,0.9149691677815082,0.2191780821917808,0.5205479452054794,22,0.011144416,0.9994699,0.5211441639178063,0.24234229626368695,class_selective_prob,anchor=v110;side=v116;margin=0;w=0.12;gate=side_gt_anchor,1
v110_v116_cls_margin0_w0.4_side_rank_top,0.9791863156598306,0.9149612285988689,0.2191780821917808,0.5205479452054794,22,0.011144416,0.9994699,0.5211338658077634,0.2423463908135073,class_selective_prob,anchor=v110;side=v116;margin=0;w=0.4;gate=side_rank_top,1
v110_v116_cls_margin0_w0.1_side_gt_anchor,0.9791863156598306,0.9149455803548262,0.2191780821917808,0.5205479452054794,22,0.011144416,0.9994699,0.5211421742492521,0.24234264005342607,class_selective_prob,anchor=v110;side=v116;margin=0;w=0.1;gate=side_gt_anchor,1
v110_v116_cls_margin0_w0.08_side_gt_anchor,0.9791863156598306,0.9149196917157851,0.2191780821917808,0.5205479452054794,22,0.011144416,0.9994699,0.521140184580698,0.24234299626751934,class_selective_prob,anchor=v110;side=v116;margin=0;w=0.08;gate=side_gt_anchor,1
v110_v116_cls_margin0_w0.2_side_rank_top,0.9791863156598306,0.914896679592193,0.2191780821917808,0.5205479452054794,22,0.011144416,0.9994699,0.5211330458571225,0.24234539806291197,class_selective_prob,anchor=v110;side=v116;margin=0;w=0.2;gate=side_rank_top,1
v110_v119_cls_margin0_w0.12_side_gt_anchor,0.9791736475071701,0.9157675734095372,0.2191780821917808,0.5205479452054794,22,0.011144416,0.9994699,0.5214689403684087,0.24219150558601993,class_selective_prob,anchor=v110;side=v119;margin=0;w=0.12;gate=side_gt_anchor,6
v110_v119_cls_margin-0.02_w0.12_side_gt_anchor,0.9791736475071701,0.9157561824083591,0.2191780821917808,0.5205479452054794,22,0.011144416,0.9994699,0.5215052487737036,0.24217015386660612,class_selective_prob,anchor=v110;side=v119;margin=-0.02;w=0.12;gate=side_gt_anchor,7
v110_v119_cls_margin0_w0.1_side_gt_anchor,0.9791736475071701,0.9156124716965263,0.2191780821917808,0.5205479452054794,22,0.011144416,0.9994699,0.521412821291421,0.24221306101614318,class_selective_prob,anchor=v110;side=v119;margin=0;w=0.1;gate=side_gt_anchor,6
v110_v119_cls_margin-0.02_w0.1_side_gt_anchor,0.9791736475071701,0.9156036120289432,0.2191780821917808,0.5205479452054794,22,0.011144416,0.9994699,0.5214430782958334,0.24219501823086434,class_selective_prob,anchor=v110;side=v119;margin=-0.02;w=0.1;gate=side_gt_anchor,7
v110_v119_cls_margin0_w0.08_side_gt_anchor,0.9791736475071701,0.9154559892560997,0.2191780821917808,0.5205479452054794,22,0.011144416,0.9994699,0.521356702214433,0.2422361975609769,class_selective_prob,anchor=v110;side=v119;margin=0;w=0.08;gate=side_gt_anchor,6
v110_v119_cls_margin-0.02_w0.08_side_gt_anchor,0.9791736475071701,0.9154497759827298,0.2191780821917808,0.5205479452054794,22,0.011144416,0.9994699,0.5213809078179629,0.24222156372096126,class_selective_prob,anchor=v110;side=v119;margin=-0.02;w=0.08;gate=side_gt_anchor,7
v110_v116_cls_margin0_w0.35_side_rank_top,0.9791615582821319,0.9149456954154442,0.2191780821917808,0.5205479452054794,22,0.011144416,0.9994699,0.5211336608201033,0.2423461294958866,class_selective_prob,anchor=v110;side=v116;margin=0;w=0.35;gate=side_rank_top,1
v110_v116_cls_margin0_w0.3_side_rank_top,0.9791615582821319,0.9149263652316268,0.2191780821917808,0.5205479452054794,22,0.011144416,0.9994699,0.5211334558324431,0.2423458769315624,class_selective_prob,anchor=v110;side=v116;margin=0;w=0.3;gate=side_rank_top,1
v110_v116_cls_margin0_w0.25_side_rank_top,0.9791615582821319,0.914913938684887,0.2191780821917808,0.5205479452054794,22,0.011144416,0.9994699,0.5211332508447827,0.24234563312056204,class_selective_prob,anchor=v110;side=v116;margin=0;w=0.25;gate=side_rank_top,1
v110_v116_cls_margin0_w0.18_side_rank_top,0.9791615582821319,0.9148887404095537,0.2191780821917808,0.5205479452054794,22,0.011144416,0.9994699,0.5211329638620584,0.24234530649079575,class_selective_prob,anchor=v110;side=v116;margin=0;w=0.18;gate=side_rank_top,1
v110_v116_cls_margin0_w0.15_side_rank_top,0.9791615582821319,0.914876198802196,0.2191780821917808,0.5205479452054794,22,0.011144416,0.9994699,0.5211328408694623,0.24234517175863762,class_selective_prob,anchor=v110;side=v116;margin=0;w=0.15;gate=side_rank_top,1
v110_v116_cls_margin0_w0.12_side_rank_top,0.9791615582821319,0.914864462619164,0.2191780821917808,0.5205479452054794,22,0.011144416,0.9994699,0.5211327178768661,0.24234504017770364,class_selective_prob,anchor=v110;side=v116;margin=0;w=0.12;gate=side_rank_top,1
v110_v116_cls_margin0_w0.1_side_rank_top,0.9791615582821319,0.9148561782546708,0.2191780821917808,0.5205479452054794,22,0.011144416,0.9994699,0.5211326358818019,0.24234495420776359,class_selective_prob,anchor=v110;side=v116;margin=0;w=0.1;gate=side_rank_top,1
v110_v116_cls_margin0_w0.08_side_rank_top,0.9791615582821319,0.9148492746175931,0.2191780821917808,0.5205479452054794,22,0.011144416,0.9994699,0.5211325538867378,0.24234486963837135,class_selective_prob,anchor=v110;side=v116;margin=0;w=0.08;gate=side_rank_top,1
v110_v116_cls_margin0_w0.05_side_rank_top,0.9791615582821319,0.9148358125252918,0.2191780821917808,0.5205479452054794,22,0.011144416,0.9994699,0.5211324308941417,0.2423447454103134,class_selective_prob,anchor=v110;side=v116;margin=0;w=0.05;gate=side_rank_top,1
v110_v116_cls_margin0_w0.05_side_gt_anchor,0.9791368009044334,0.9148776945902295,0.2191780821917808,0.5205479452054794,22,0.011144416,0.9994699,0.5211372000778668,0.24234355388420295,class_selective_prob,anchor=v110;side=v116;margin=0;w=0.05;gate=side_gt_anchor,1
v110_v119_cls_margin0.02_w0.12_none,0.9791120435267349,0.9148297143125399,0.2191780821917808,0.5205479452054794,22,0.011144416,0.9994699,0.5211309090049089,0.24234061154339745,class_selective_prob,anchor=v110;side=v119;margin=0.02;w=0.12;gate=none,1
v110_v119_cls_margin0.02_w0.12_anchor_not_top5,0.9791120435267349,0.9148297143125399,0.2191780821917808,0.5205479452054794,22,0.011144416,0.9994699,0.5211308835299943,0.24234056803647003,class_selective_prob,anchor=v110;side=v119;margin=0.02;w=0.12;gate=anchor_not_top5,1
v110_v119_cls_margin0.02_w0.1_none,0.9791120435267349,0.9148279884032704,0.2191780821917808,0.5205479452054794,22,0.011144416,0.9994699,0.5211311284885043,0.24234097752568048,class_selective_prob,anchor=v110;side=v119;margin=0.02;w=0.1;gate=none,1
v110_v119_cls_margin0.02_w0.1_anchor_not_top5,0.9791120435267349,0.9148279884032704,0.2191780821917808,0.5205479452054794,22,0.011144416,0.9994699,0.5211311072594088,0.24234094134818734,class_selective_prob,anchor=v110;side=v119;margin=0.02;w=0.1;gate=anchor_not_top5,1
v110_v119_cls_margin0.02_w0.08_none,0.9791120435267349,0.9148270679183268,0.2191780821917808,0.5205479452054794,22,0.011144416,0.9994699,0.5211313479720997,0.24234145937099874,class_selective_prob,anchor=v110;side=v119;margin=0.02;w=0.08;gate=none,1
v110_v119_cls_margin0.02_w0.08_anchor_not_top5,0.9791120435267349,0.9148270679183268,0.2191780821917808,0.5205479452054794,22,0.011144416,0.9994699,0.5211313309888234,0.24234143049164164,class_selective_prob,anchor=v110;side=v119;margin=0.02;w=0.08;gate=anchor_not_top5,1
v110_v119_cls_margin0.02_w0.05_anchor_not_top5,0.9791120435267349,0.9148238462210239,0.2191780821917808,0.5205479452054794,22,0.011144416,0.9994699,0.5211316665829452,0.2423423813897502,class_selective_prob,anchor=v110;side=v119;margin=0.02;w=0.05;gate=anchor_not_top5,1
v110_v119_cls_margin0.02_w0.05_none,0.9791120435267349,0.9148237311604059,0.2191780821917808,0.5205479452054794,22,0.011144416,0.9994699,0.5211316771974929,0.24234239938061,class_selective_prob,anchor=v110;side=v119;margin=0.02;w=0.05;gate=none,1
v110_v119_cls_margin0.02_w0.25_side_rank_top,0.9791120435267349,0.9148206245237209,0.2191780821917808,0.5205479452054794,22,0.011144416,0.9994699,0.521142075322525,0.24235324436044187,class_selective_prob,anchor=v110;side=v119;margin=0.02;w=0.25;gate=side_rank_top,1
v110_v119_cls_margin0.02_w0.2_side_rank_top,0.9791120435267349,0.9148198190993952,0.2191780821917808,0.5205479452054794,22,0.011144416,0.9994699,0.5211401054393162,0.24235142302821713,class_selective_prob,anchor=v110;side=v119;margin=0.02;w=0.2;gate=side_rank_top,1
v110_v119_cls_margin0.02_w0.18_side_rank_top,0.9791120435267349,0.9148197040387772,0.2191780821917808,0.5205479452054794,22,0.011144416,0.9994699,0.5211393174860328,0.24235070590970353,class_selective_prob,anchor=v110;side=v119;margin=0.02;w=0.18;gate=side_rank_top,1
v110_v119_cls_margin0.02_w0.15_side_rank_top,0.9791120435267349,0.9148191287356875,0.2191780821917808,0.5205479452054794,22,0.011144416,0.9994699,0.5211381355561076,0.2423496424618033,class_selective_prob,anchor=v110;side=v119;margin=0.02;w=0.15;gate=side_rank_top,1
v110_v119_cls_margin0.02_w0.08_side_rank_top,0.9791120435267349,0.9148190136750695,0.2191780821917808,0.5205479452054794,22,0.011144416,0.9994699,0.5211353777196155,0.2423472181570931,class_selective_prob,anchor=v110;side=v119;margin=0.02;w=0.08;gate=side_rank_top,1
v110_v119_cls_margin0.02_w0.1_side_rank_top,0.9791120435267349,0.9148185534325977,0.2191780821917808,0.5205479452054794,22,0.011144416,0.9994699,0.5211361656728989,0.24234790266209885,class_selective_prob,anchor=v110;side=v119;margin=0.02;w=0.1;gate=side_rank_top,1
v110_v119_cls_margin0.02_w0.3_side_rank_top,0.9791120435267349,0.9148185534325977,0.2191780821917808,0.5205479452054794,22,0.011144416,0.9994699,0.5211440452057337,0.2423551064575584,class_selective_prob,anchor=v110;side=v119;margin=0.02;w=0.3;gate=side_rank_top,1
v110_v119_cls_margin0.02_w0.12_side_rank_top,0.9791120435267349,0.9148183233113617,0.2191780821917808,0.5205479452054794,22,0.011144416,0.9994699,0.5211369536261823,0.24234859368991885,class_selective_prob,anchor=v110;side=v119;margin=0.02;w=0.12;gate=side_rank_top,1
v110_v119_cls_margin0.02_w0.05_side_rank_top,0.9791120435267349,0.9148182082507438,0.2191780821917808,0.5205479452054794,22,0.011144416,0.9994699,0.5211341957896902,0.24234620362998183,class_selective_prob,anchor=v110;side=v119;margin=0.02;w=0.05;gate=side_rank_top,1
v110_v119_cls_margin0.02_w0.08_side_gt_anchor,0.9791120435267349,0.914817748008272,0.2191780821917808,0.5205479452054794,22,0.011144416,0.9994699,0.5211490279714246,0.2423400028853722,class_selective_prob,anchor=v110;side=v119;margin=0.02;w=0.08;gate=side_gt_anchor,1
v110_v119_cls_margin0.02_w0.05_side_gt_anchor,0.9791120435267349,0.9148174028264181,0.2191780821917808,0.5205479452054794,22,0.011144416,0.9994699,0.5211427271970709,0.24234160764305754,class_selective_prob,anchor=v110;side=v119;margin=0.02;w=0.05;gate=side_gt_anchor,1
v110_v119_cls_margin0.02_w0.1_side_gt_anchor,0.9791120435267349,0.9148168275233283,0.2191780821917808,0.5205479452054794,22,0.011144416,0.9994699,0.5211532284876603,0.24233899883017154,class_selective_prob,anchor=v110;side=v119;margin=0.02;w=0.1;gate=side_gt_anchor,1
v110_v119_cls_margin0.02_w0.12_side_gt_anchor,0.9791120435267349,0.9148168275233283,0.2191780821917808,0.5205479452054794,22,0.011144416,0.9994699,0.5211574290038961,0.24233804740234405,class_selective_prob,anchor=v110;side=v119;margin=0.02;w=0.12;gate=side_gt_anchor,1
v110_v119_cls_margin0.02_w0.35_side_rank_top,0.9791120435267349,0.9148167124627103,0.2191780821917808,0.5205479452054794,22,0.011144416,0.9994699,0.5211460150889423,0.24235700931862705,class_selective_prob,anchor=v110;side=v119;margin=0.02;w=0.35;gate=side_rank_top,1
v110,0.9791120435267349,0.9148163672808564,0.2191780821917808,0.5205479452054794,22,0.011144416,0.9994699,0.5211322259064816,0.24234454536630962,single,v110,0
v110_v116_cls_margin0.02_w0.05_none,0.9791120435267349,0.9148163672808564,0.2191780821917808,0.5205479452054794,22,0.011144416,0.9994699,0.5211322259064816,0.24234454536630962,class_selective_prob,anchor=v110;side=v116;margin=0.02;w=0.05;gate=none,0
v110_v116_cls_margin0.02_w0.05_side_gt_anchor,0.9791120435267349,0.9148163672808564,0.2191780821917808,0.5205479452054794,22,0.011144416,0.9994699,0.5211322259064816,0.24234454536630962,class_selective_prob,anchor=v110;side=v116;margin=0.02;w=0.05;gate=side_gt_anchor,0
v110_v116_cls_margin0.02_w0.05_side_rank_top,0.9791120435267349,0.9148163672808564,0.2191780821917808,0.5205479452054794,22,0.011144416,0.9994699,0.5211322259064816,0.24234454536630962,class_selective_prob,anchor=v110;side=v116;margin=0.02;w=0.05;gate=side_rank_top,0
v110_v116_cls_margin0.02_w0.05_anchor_not_top5,0.9791120435267349,0.9148163672808564,0.2191780821917808,0.5205479452054794,22,0.011144416,0.9994699,0.5211322259064816,0.24234454536630962,class_selective_prob,anchor=v110;side=v116;margin=0.02;w=0.05;gate=anchor_not_top5,0
v110_v116_cls_margin0.02_w0.08_none,0.9791120435267349,0.9148163672808564,0.2191780821917808,0.5205479452054794,22,0.011144416,0.9994699,0.5211322259064816,0.24234454536630962,class_selective_prob,anchor=v110;side=v116;margin=0.02;w=0.08;gate=none,0
v110_v116_cls_margin0.02_w0.08_side_gt_anchor,0.9791120435267349,0.9148163672808564,0.2191780821917808,0.5205479452054794,22,0.011144416,0.9994699,0.5211322259064816,0.24234454536630962,class_selective_prob,anchor=v110;side=v116;margin=0.02;w=0.08;gate=side_gt_anchor,0
v110_v116_cls_margin0.02_w0.08_side_rank_top,0.9791120435267349,0.9148163672808564,0.2191780821917808,0.5205479452054794,22,0.011144416,0.9994699,0.5211322259064816,0.24234454536630962,class_selective_prob,anchor=v110;side=v116;margin=0.02;w=0.08;gate=side_rank_top,0
v110_v116_cls_margin0.02_w0.08_anchor_not_top5,0.9791120435267349,0.9148163672808564,0.2191780821917808,0.5205479452054794,22,0.011144416,0.9994699,0.5211322259064816,0.24234454536630962,class_selective_prob,anchor=v110;side=v116;margin=0.02;w=0.08;gate=anchor_not_top5,0
v110_v116_cls_margin0.02_w0.1_none,0.9791120435267349,0.9148163672808564,0.2191780821917808,0.5205479452054794,22,0.011144416,0.9994699,0.5211322259064816,0.24234454536630962,class_selective_prob,anchor=v110;side=v116;margin=0.02;w=0.1;gate=none,0
v110_v116_cls_margin0.02_w0.1_side_gt_anchor,0.9791120435267349,0.9148163672808564,0.2191780821917808,0.5205479452054794,22,0.011144416,0.9994699,0.5211322259064816,0.24234454536630962,class_selective_prob,anchor=v110;side=v116;margin=0.02;w=0.1;gate=side_gt_anchor,0
v110_v116_cls_margin0.02_w0.1_side_rank_top,0.9791120435267349,0.9148163672808564,0.2191780821917808,0.5205479452054794,22,0.011144416,0.9994699,0.5211322259064816,0.24234454536630962,class_selective_prob,anchor=v110;side=v116;margin=0.02;w=0.1;gate=side_rank_top,0
v110_v116_cls_margin0.02_w0.1_anchor_not_top5,0.9791120435267349,0.9148163672808564,0.2191780821917808,0.5205479452054794,22,0.011144416,0.9994699,0.5211322259064816,0.24234454536630962,class_selective_prob,anchor=v110;side=v116;margin=0.02;w=0.1;gate=anchor_not_top5,0
v110_v116_cls_margin0.02_w0.12_none,0.9791120435267349,0.9148163672808564,0.2191780821917808,0.5205479452054794,22,0.011144416,0.9994699,0.5211322259064816,0.24234454536630962,class_selective_prob,anchor=v110;side=v116;margin=0.02;w=0.12;gate=none,0
v110_v116_cls_margin0.02_w0.12_side_gt_anchor,0.9791120435267349,0.9148163672808564,0.2191780821917808,0.5205479452054794,22,0.011144416,0.9994699,0.5211322259064816,0.24234454536630962,class_selective_prob,anchor=v110;side=v116;margin=0.02;w=0.12;gate=side_gt_anchor,0
v110_v116_cls_margin0.02_w0.12_side_rank_top,0.9791120435267349,0.9148163672808564,0.2191780821917808,0.5205479452054794,22,0.011144416,0.9994699,0.5211322259064816,0.24234454536630962,class_selective_prob,anchor=v110;side=v116;margin=0.02;w=0.12;gate=side_rank_top,0
v110_v116_cls_margin0.02_w0.12_anchor_not_top5,0.9791120435267349,0.9148163672808564,0.2191780821917808,0.5205479452054794,22,0.011144416,0.9994699,0.5211322259064816,0.24234454536630962,class_selective_prob,anchor=v110;side=v116;margin=0.02;w=0.12;gate=anchor_not_top5,0
v110_v116_cls_margin0.02_w0.15_none,0.9791120435267349,0.9148163672808564,0.2191780821917808,0.5205479452054794,22,0.011144416,0.9994699,0.5211322259064816,0.24234454536630962,class_selective_prob,anchor=v110;side=v116;margin=0.02;w=0.15;gate=none,0
v110_v116_cls_margin0.02_w0.15_side_gt_anchor,0.9791120435267349,0.9148163672808564,0.2191780821917808,0.5205479452054794,22,0.011144416,0.9994699,0.5211322259064816,0.24234454536630962,class_selective_prob,anchor=v110;side=v116;margin=0.02;w=0.15;gate=side_gt_anchor,0
v110_v116_cls_margin0.02_w0.15_side_rank_top,0.9791120435267349,0.9148163672808564,0.2191780821917808,0.5205479452054794,22,0.011144416,0.9994699,0.5211322259064816,0.24234454536630962,class_selective_prob,anchor=v110;side=v116;margin=0.02;w=0.15;gate=side_rank_top,0
v110_v116_cls_margin0.02_w0.15_anchor_not_top5,0.9791120435267349,0.9148163672808564,0.2191780821917808,0.5205479452054794,22,0.011144416,0.9994699,0.5211322259064816,0.24234454536630962,class_selective_prob,anchor=v110;side=v116;margin=0.02;w=0.15;gate=anchor_not_top5,0
v110_v116_cls_margin0.02_w0.18_none,0.9791120435267349,0.9148163672808564,0.2191780821917808,0.5205479452054794,22,0.011144416,0.9994699,0.5211322259064816,0.24234454536630962,class_selective_prob,anchor=v110;side=v116;margin=0.02;w=0.18;gate=none,0
v110_v116_cls_margin0.02_w0.18_side_gt_anchor,0.9791120435267349,0.9148163672808564,0.2191780821917808,0.5205479452054794,22,0.011144416,0.9994699,0.5211322259064816,0.24234454536630962,class_selective_prob,anchor=v110;side=v116;margin=0.02;w=0.18;gate=side_gt_anchor,0
v110_v116_cls_margin0.02_w0.18_side_rank_top,0.9791120435267349,0.9148163672808564,0.2191780821917808,0.5205479452054794,22,0.011144416,0.9994699,0.5211322259064816,0.24234454536630962,class_selective_prob,anchor=v110;side=v116;margin=0.02;w=0.18;gate=side_rank_top,0
v110_v116_cls_margin0.02_w0.18_anchor_not_top5,0.9791120435267349,0.9148163672808564,0.2191780821917808,0.5205479452054794,22,0.011144416,0.9994699,0.5211322259064816,0.24234454536630962,class_selective_prob,anchor=v110;side=v116;margin=0.02;w=0.18;gate=anchor_not_top5,0
v110_v116_cls_margin0.02_w0.2_none,0.9791120435267349,0.9148163672808564,0.2191780821917808,0.5205479452054794,22,0.011144416,0.9994699,0.5211322259064816,0.24234454536630962,class_selective_prob,anchor=v110;side=v116;margin=0.02;w=0.2;gate=none,0
v110_v116_cls_margin0.02_w0.2_side_gt_anchor,0.9791120435267349,0.9148163672808564,0.2191780821917808,0.5205479452054794,22,0.011144416,0.9994699,0.5211322259064816,0.24234454536630962,class_selective_prob,anchor=v110;side=v116;margin=0.02;w=0.2;gate=side_gt_anchor,0
v110_v116_cls_margin0.02_w0.2_side_rank_top,0.9791120435267349,0.9148163672808564,0.2191780821917808,0.5205479452054794,22,0.011144416,0.9994699,0.5211322259064816,0.24234454536630962,class_selective_prob,anchor=v110;side=v116;margin=0.02;w=0.2;gate=side_rank_top,0
v110_v116_cls_margin0.02_w0.2_anchor_not_top5,0.9791120435267349,0.9148163672808564,0.2191780821917808,0.5205479452054794,22,0.011144416,0.9994699,0.5211322259064816,0.24234454536630962,class_selective_prob,anchor=v110;side=v116;margin=0.02;w=0.2;gate=anchor_not_top5,0
v110_v116_cls_margin0.02_w0.25_none,0.9791120435267349,0.9148163672808564,0.2191780821917808,0.5205479452054794,22,0.011144416,0.9994699,0.5211322259064816,0.24234454536630962,class_selective_prob,anchor=v110;side=v116;margin=0.02;w=0.25;gate=none,0
v110_v116_cls_margin0.02_w0.25_side_gt_anchor,0.9791120435267349,0.9148163672808564,0.2191780821917808,0.5205479452054794,22,0.011144416,0.9994699,0.5211322259064816,0.24234454536630962,class_selective_prob,anchor=v110;side=v116;margin=0.02;w=0.25;gate=side_gt_anchor,0
v110_v116_cls_margin0.02_w0.25_side_rank_top,0.9791120435267349,0.9148163672808564,0.2191780821917808,0.5205479452054794,22,0.011144416,0.9994699,0.5211322259064816,0.24234454536630962,class_selective_prob,anchor=v110;side=v116;margin=0.02;w=0.25;gate=side_rank_top,0
v110_v116_cls_margin0.02_w0.25_anchor_not_top5,0.9791120435267349,0.9148163672808564,0.2191780821917808,0.5205479452054794,22,0.011144416,0.9994699,0.5211322259064816,0.24234454536630962,class_selective_prob,anchor=v110;side=v116;margin=0.02;w=0.25;gate=anchor_not_top5,0
v110_v116_cls_margin0.02_w0.3_none,0.9791120435267349,0.9148163672808564,0.2191780821917808,0.5205479452054794,22,0.011144416,0.9994699,0.5211322259064816,0.24234454536630962,class_selective_prob,anchor=v110;side=v116;margin=0.02;w=0.3;gate=none,0
v110_v116_cls_margin0.02_w0.3_side_gt_anchor,0.9791120435267349,0.9148163672808564,0.2191780821917808,0.5205479452054794,22,0.011144416,0.9994699,0.5211322259064816,0.24234454536630962,class_selective_prob,anchor=v110;side=v116;margin=0.02;w=0.3;gate=side_gt_anchor,0
v110_v116_cls_margin0.02_w0.3_side_rank_top,0.9791120435267349,0.9148163672808564,0.2191780821917808,0.5205479452054794,22,0.011144416,0.9994699,0.5211322259064816,0.24234454536630962,class_selective_prob,anchor=v110;side=v116;margin=0.02;w=0.3;gate=side_rank_top,0
v110_v116_cls_margin0.02_w0.3_anchor_not_top5,0.9791120435267349,0.9148163672808564,0.2191780821917808,0.5205479452054794,22,0.011144416,0.9994699,0.5211322259064816,0.24234454536630962,class_selective_prob,anchor=v110;side=v116;margin=0.02;w=0.3;gate=anchor_not_top5,0
v110_v116_cls_margin0.02_w0.35_none,0.9791120435267349,0.9148163672808564,0.2191780821917808,0.5205479452054794,22,0.011144416,0.9994699,0.5211322259064816,0.24234454536630962,class_selective_prob,anchor=v110;side=v116;margin=0.02;w=0.35;gate=none,0
v110_v116_cls_margin0.02_w0.35_side_gt_anchor,0.9791120435267349,0.9148163672808564,0.2191780821917808,0.5205479452054794,22,0.011144416,0.9994699,0.5211322259064816,0.24234454536630962,class_selective_prob,anchor=v110;side=v116;margin=0.02;w=0.35;gate=side_gt_anchor,0
v110_v116_cls_margin0.02_w0.35_side_rank_top,0.9791120435267349,0.9148163672808564,0.2191780821917808,0.5205479452054794,22,0.011144416,0.9994699,0.5211322259064816,0.24234454536630962,class_selective_prob,anchor=v110;side=v116;margin=0.02;w=0.35;gate=side_rank_top,0
v110_v116_cls_margin0.02_w0.35_anchor_not_top5,0.9791120435267349,0.9148163672808564,0.2191780821917808,0.5205479452054794,22,0.011144416,0.9994699,0.5211322259064816,0.24234454536630962,class_selective_prob,anchor=v110;side=v116;margin=0.02;w=0.35;gate=anchor_not_top5,0
v110_v116_cls_margin0.02_w0.4_none,0.9791120435267349,0.9148163672808564,0.2191780821917808,0.5205479452054794,22,0.011144416,0.9994699,0.5211322259064816,0.24234454536630962,class_selective_prob,anchor=v110;side=v116;margin=0.02;w=0.4;gate=none,0
v110_v116_cls_margin0.02_w0.4_side_gt_anchor,0.9791120435267349,0.9148163672808564,0.2191780821917808,0.5205479452054794,22,0.011144416,0.9994699,0.5211322259064816,0.24234454536630962,class_selective_prob,anchor=v110;side=v116;margin=0.02;w=0.4;gate=side_gt_anchor,0
v110_v116_cls_margin0.02_w0.4_side_rank_top,0.9791120435267349,0.9148163672808564,0.2191780821917808,0.5205479452054794,22,0.011144416,0.9994699,0.5211322259064816,0.24234454536630962,class_selective_prob,anchor=v110;side=v116;margin=0.02;w=0.4;gate=side_rank_top,0
v110_v116_cls_margin0.02_w0.4_anchor_not_top5,0.9791120435267349,0.9148163672808564,0.2191780821917808,0.5205479452054794,22,0.011144416,0.9994699,0.5211322259064816,0.24234454536630962,class_selective_prob,anchor=v110;side=v116;margin=0.02;w=0.4;gate=anchor_not_top5,0
v110_v116_cls_margin0.05_w0.05_none,0.9791120435267349,0.9148163672808564,0.2191780821917808,0.5205479452054794,22,0.011144416,0.9994699,0.5211322259064816,0.24234454536630962,class_selective_prob,anchor=v110;side=v116;margin=0.05;w=0.05;gate=none,0
v110_v116_cls_margin0.05_w0.05_side_gt_anchor,0.9791120435267349,0.9148163672808564,0.2191780821917808,0.5205479452054794,22,0.011144416,0.9994699,0.5211322259064816,0.24234454536630962,class_selective_prob,anchor=v110;side=v116;margin=0.05;w=0.05;gate=side_gt_anchor,0
v110_v116_cls_margin0.05_w0.05_side_rank_top,0.9791120435267349,0.9148163672808564,0.2191780821917808,0.5205479452054794,22,0.011144416,0.9994699,0.5211322259064816,0.24234454536630962,class_selective_prob,anchor=v110;side=v116;margin=0.05;w=0.05;gate=side_rank_top,0
v110_v116_cls_margin0.05_w0.05_anchor_not_top5,0.9791120435267349,0.9148163672808564,0.2191780821917808,0.5205479452054794,22,0.011144416,0.9994699,0.5211322259064816,0.24234454536630962,class_selective_prob,anchor=v110;side=v116;margin=0.05;w=0.05;gate=anchor_not_top5,0
v110_v116_cls_margin0.05_w0.08_none,0.9791120435267349,0.9148163672808564,0.2191780821917808,0.5205479452054794,22,0.011144416,0.9994699,0.5211322259064816,0.24234454536630962,class_selective_prob,anchor=v110;side=v116;margin=0.05;w=0.08;gate=none,0
v110_v116_cls_margin0.05_w0.08_side_gt_anchor,0.9791120435267349,0.9148163672808564,0.2191780821917808,0.5205479452054794,22,0.011144416,0.9994699,0.5211322259064816,0.24234454536630962,class_selective_prob,anchor=v110;side=v116;margin=0.05;w=0.08;gate=side_gt_anchor,0
v110_v116_cls_margin0.05_w0.08_side_rank_top,0.9791120435267349,0.9148163672808564,0.2191780821917808,0.5205479452054794,22,0.011144416,0.9994699,0.5211322259064816,0.24234454536630962,class_selective_prob,anchor=v110;side=v116;margin=0.05;w=0.08;gate=side_rank_top,0
v110_v116_cls_margin0.05_w0.08_anchor_not_top5,0.9791120435267349,0.9148163672808564,0.2191780821917808,0.5205479452054794,22,0.011144416,0.9994699,0.5211322259064816,0.24234454536630962,class_selective_prob,anchor=v110;side=v116;margin=0.05;w=0.08;gate=anchor_not_top5,0
v110_v116_cls_margin0.05_w0.1_none,0.9791120435267349,0.9148163672808564,0.2191780821917808,0.5205479452054794,22,0.011144416,0.9994699,0.5211322259064816,0.24234454536630962,class_selective_prob,anchor=v110;side=v116;margin=0.05;w=0.1;gate=none,0
v110_v116_cls_margin0.05_w0.1_side_gt_anchor,0.9791120435267349,0.9148163672808564,0.2191780821917808,0.5205479452054794,22,0.011144416,0.9994699,0.5211322259064816,0.24234454536630962,class_selective_prob,anchor=v110;side=v116;margin=0.05;w=0.1;gate=side_gt_anchor,0
v110_v116_cls_margin0.05_w0.1_side_rank_top,0.9791120435267349,0.9148163672808564,0.2191780821917808,0.5205479452054794,22,0.011144416,0.9994699,0.5211322259064816,0.24234454536630962,class_selective_prob,anchor=v110;side=v116;margin=0.05;w=0.1;gate=side_rank_top,0
v110_v116_cls_margin0.05_w0.1_anchor_not_top5,0.9791120435267349,0.9148163672808564,0.2191780821917808,0.5205479452054794,22,0.011144416,0.9994699,0.5211322259064816,0.24234454536630962,class_selective_prob,anchor=v110;side=v116;margin=0.05;w=0.1;gate=anchor_not_top5,0
v110_v116_cls_margin0.05_w0.12_none,0.9791120435267349,0.9148163672808564,0.2191780821917808,0.5205479452054794,22,0.011144416,0.9994699,0.5211322259064816,0.24234454536630962,class_selective_prob,anchor=v110;side=v116;margin=0.05;w=0.12;gate=none,0
v110_v116_cls_margin0.05_w0.12_side_gt_anchor,0.9791120435267349,0.9148163672808564,0.2191780821917808,0.5205479452054794,22,0.011144416,0.9994699,0.5211322259064816,0.24234454536630962,class_selective_prob,anchor=v110;side=v116;margin=0.05;w=0.12;gate=side_gt_anchor,0
v110_v116_cls_margin0.05_w0.12_side_rank_top,0.9791120435267349,0.9148163672808564,0.2191780821917808,0.5205479452054794,22,0.011144416,0.9994699,0.5211322259064816,0.24234454536630962,class_selective_prob,anchor=v110;side=v116;margin=0.05;w=0.12;gate=side_rank_top,0
v110_v116_cls_margin0.05_w0.12_anchor_not_top5,0.9791120435267349,0.9148163672808564,0.2191780821917808,0.5205479452054794,22,0.011144416,0.9994699,0.5211322259064816,0.24234454536630962,class_selective_prob,anchor=v110;side=v116;margin=0.05;w=0.12;gate=anchor_not_top5,0
v110_v116_cls_margin0.05_w0.15_none,0.9791120435267349,0.9148163672808564,0.2191780821917808,0.5205479452054794,22,0.011144416,0.9994699,0.5211322259064816,0.24234454536630962,class_selective_prob,anchor=v110;side=v116;margin=0.05;w=0.15;gate=none,0
v110_v116_cls_margin0.05_w0.15_side_gt_anchor,0.9791120435267349,0.9148163672808564,0.2191780821917808,0.5205479452054794,22,0.011144416,0.9994699,0.5211322259064816,0.24234454536630962,class_selective_prob,anchor=v110;side=v116;margin=0.05;w=0.15;gate=side_gt_anchor,0
v110_v116_cls_margin0.05_w0.15_side_rank_top,0.9791120435267349,0.9148163672808564,0.2191780821917808,0.5205479452054794,22,0.011144416,0.9994699,0.5211322259064816,0.24234454536630962,class_selective_prob,anchor=v110;side=v116;margin=0.05;w=0.15;gate=side_rank_top,0
v110_v116_cls_margin0.05_w0.15_anchor_not_top5,0.9791120435267349,0.9148163672808564,0.2191780821917808,0.5205479452054794,22,0.011144416,0.9994699,0.5211322259064816,0.24234454536630962,class_selective_prob,anchor=v110;side=v116;margin=0.05;w=0.15;gate=anchor_not_top5,0
v110_v116_cls_margin0.05_w0.18_none,0.9791120435267349,0.9148163672808564,0.2191780821917808,0.5205479452054794,22,0.011144416,0.9994699,0.5211322259064816,0.24234454536630962,class_selective_prob,anchor=v110;side=v116;margin=0.05;w=0.18;gate=none,0
v110_v116_cls_margin0.05_w0.18_side_gt_anchor,0.9791120435267349,0.9148163672808564,0.2191780821917808,0.5205479452054794,22,0.011144416,0.9994699,0.5211322259064816,0.24234454536630962,class_selective_prob,anchor=v110;side=v116;margin=0.05;w=0.18;gate=side_gt_anchor,0
v110_v116_cls_margin0.05_w0.18_side_rank_top,0.9791120435267349,0.9148163672808564,0.2191780821917808,0.5205479452054794,22,0.011144416,0.9994699,0.5211322259064816,0.24234454536630962,class_selective_prob,anchor=v110;side=v116;margin=0.05;w=0.18;gate=side_rank_top,0
v110_v116_cls_margin0.05_w0.18_anchor_not_top5,0.9791120435267349,0.9148163672808564,0.2191780821917808,0.5205479452054794,22,0.011144416,0.9994699,0.5211322259064816,0.24234454536630962,class_selective_prob,anchor=v110;side=v116;margin=0.05;w=0.18;gate=anchor_not_top5,0
v110_v116_cls_margin0.05_w0.2_none,0.9791120435267349,0.9148163672808564,0.2191780821917808,0.5205479452054794,22,0.011144416,0.9994699,0.5211322259064816,0.24234454536630962,class_selective_prob,anchor=v110;side=v116;margin=0.05;w=0.2;gate=none,0
v110_v116_cls_margin0.05_w0.2_side_gt_anchor,0.9791120435267349,0.9148163672808564,0.2191780821917808,0.5205479452054794,22,0.011144416,0.9994699,0.5211322259064816,0.24234454536630962,class_selective_prob,anchor=v110;side=v116;margin=0.05;w=0.2;gate=side_gt_anchor,0
v110_v116_cls_margin0.05_w0.2_side_rank_top,0.9791120435267349,0.9148163672808564,0.2191780821917808,0.5205479452054794,22,0.011144416,0.9994699,0.5211322259064816,0.24234454536630962,class_selective_prob,anchor=v110;side=v116;margin=0.05;w=0.2;gate=side_rank_top,0
v110_v116_cls_margin0.05_w0.2_anchor_not_top5,0.9791120435267349,0.9148163672808564,0.2191780821917808,0.5205479452054794,22,0.011144416,0.9994699,0.5211322259064816,0.24234454536630962,class_selective_prob,anchor=v110;side=v116;margin=0.05;w=0.2;gate=anchor_not_top5,0
v110_v116_cls_margin0.05_w0.25_none,0.9791120435267349,0.9148163672808564,0.2191780821917808,0.5205479452054794,22,0.011144416,0.9994699,0.5211322259064816,0.24234454536630962,class_selective_prob,anchor=v110;side=v116;margin=0.05;w=0.25;gate=none,0
v110_v116_cls_margin0.05_w0.25_side_gt_anchor,0.9791120435267349,0.9148163672808564,0.2191780821917808,0.5205479452054794,22,0.011144416,0.9994699,0.5211322259064816,0.24234454536630962,class_selective_prob,anchor=v110;side=v116;margin=0.05;w=0.25;gate=side_gt_anchor,0
v110_v116_cls_margin0.05_w0.25_side_rank_top,0.9791120435267349,0.9148163672808564,0.2191780821917808,0.5205479452054794,22,0.011144416,0.9994699,0.5211322259064816,0.24234454536630962,class_selective_prob,anchor=v110;side=v116;margin=0.05;w=0.25;gate=side_rank_top,0
v110_v116_cls_margin0.05_w0.25_anchor_not_top5,0.9791120435267349,0.9148163672808564,0.2191780821917808,0.5205479452054794,22,0.011144416,0.9994699,0.5211322259064816,0.24234454536630962,class_selective_prob,anchor=v110;side=v116;margin=0.05;w=0.25;gate=anchor_not_top5,0
v110_v116_cls_margin0.05_w0.3_none,0.9791120435267349,0.9148163672808564,0.2191780821917808,0.5205479452054794,22,0.011144416,0.9994699,0.5211322259064816,0.24234454536630962,class_selective_prob,anchor=v110;side=v116;margin=0.05;w=0.3;gate=none,0
v110_v116_cls_margin0.05_w0.3_side_gt_anchor,0.9791120435267349,0.9148163672808564,0.2191780821917808,0.5205479452054794,22,0.011144416,0.9994699,0.5211322259064816,0.24234454536630962,class_selective_prob,anchor=v110;side=v116;margin=0.05;w=0.3;gate=side_gt_anchor,0
v110_v116_cls_margin0.05_w0.3_side_rank_top,0.9791120435267349,0.9148163672808564,0.2191780821917808,0.5205479452054794,22,0.011144416,0.9994699,0.5211322259064816,0.24234454536630962,class_selective_prob,anchor=v110;side=v116;margin=0.05;w=0.3;gate=side_rank_top,0
v110_v116_cls_margin0.05_w0.3_anchor_not_top5,0.9791120435267349,0.9148163672808564,0.2191780821917808,0.5205479452054794,22,0.011144416,0.9994699,0.5211322259064816,0.24234454536630962,class_selective_prob,anchor=v110;side=v116;margin=0.05;w=0.3;gate=anchor_not_top5,0
v110_v116_cls_margin0.05_w0.35_none,0.9791120435267349,0.9148163672808564,0.2191780821917808,0.5205479452054794,22,0.011144416,0.9994699,0.5211322259064816,0.24234454536630962,class_selective_prob,anchor=v110;side=v116;margin=0.05;w=0.35;gate=none,0
v110_v116_cls_margin0.05_w0.35_side_gt_anchor,0.9791120435267349,0.9148163672808564,0.2191780821917808,0.5205479452054794,22,0.011144416,0.9994699,0.5211322259064816,0.24234454536630962,class_selective_prob,anchor=v110;side=v116;margin=0.05;w=0.35;gate=side_gt_anchor,0
v110_v116_cls_margin0.05_w0.35_side_rank_top,0.9791120435267349,0.9148163672808564,0.2191780821917808,0.5205479452054794,22,0.011144416,0.9994699,0.5211322259064816,0.24234454536630962,class_selective_prob,anchor=v110;side=v116;margin=0.05;w=0.35;gate=side_rank_top,0
v110_v116_cls_margin0.05_w0.35_anchor_not_top5,0.9791120435267349,0.9148163672808564,0.2191780821917808,0.5205479452054794,22,0.011144416,0.9994699,0.5211322259064816,0.24234454536630962,class_selective_prob,anchor=v110;side=v116;margin=0.05;w=0.35;gate=anchor_not_top5,0
v110_v116_cls_margin0.05_w0.4_none,0.9791120435267349,0.9148163672808564,0.2191780821917808,0.5205479452054794,22,0.011144416,0.9994699,0.5211322259064816,0.24234454536630962,class_selective_prob,anchor=v110;side=v116;margin=0.05;w=0.4;gate=none,0
v110_v116_cls_margin0.05_w0.4_side_gt_anchor,0.9791120435267349,0.9148163672808564,0.2191780821917808,0.5205479452054794,22,0.011144416,0.9994699,0.5211322259064816,0.24234454536630962,class_selective_prob,anchor=v110;side=v116;margin=0.05;w=0.4;gate=side_gt_anchor,0
v110_v116_cls_margin0.05_w0.4_side_rank_top,0.9791120435267349,0.9148163672808564,0.2191780821917808,0.5205479452054794,22,0.011144416,0.9994699,0.5211322259064816,0.24234454536630962,class_selective_prob,anchor=v110;side=v116;margin=0.05;w=0.4;gate=side_rank_top,0
v110_v116_cls_margin0.05_w0.4_anchor_not_top5,0.9791120435267349,0.9148163672808564,0.2191780821917808,0.5205479452054794,22,0.011144416,0.9994699,0.5211322259064816,0.24234454536630962,class_selective_prob,anchor=v110;side=v116;margin=0.05;w=0.4;gate=anchor_not_top5,0
v110_v116_cls_margin0.08_w0.05_none,0.9791120435267349,0.9148163672808564,0.2191780821917808,0.5205479452054794,22,0.011144416,0.9994699,0.5211322259064816,0.24234454536630962,class_selective_prob,anchor=v110;side=v116;margin=0.08;w=0.05;gate=none,0
v110_v116_cls_margin0.08_w0.05_side_gt_anchor,0.9791120435267349,0.9148163672808564,0.2191780821917808,0.5205479452054794,22,0.011144416,0.9994699,0.5211322259064816,0.24234454536630962,class_selective_prob,anchor=v110;side=v116;margin=0.08;w=0.05;gate=side_gt_anchor,0
v110_v116_cls_margin0.08_w0.05_side_rank_top,0.9791120435267349,0.9148163672808564,0.2191780821917808,0.5205479452054794,22,0.011144416,0.9994699,0.5211322259064816,0.24234454536630962,class_selective_prob,anchor=v110;side=v116;margin=0.08;w=0.05;gate=side_rank_top,0
v110_v116_cls_margin0.08_w0.05_anchor_not_top5,0.9791120435267349,0.9148163672808564,0.2191780821917808,0.5205479452054794,22,0.011144416,0.9994699,0.5211322259064816,0.24234454536630962,class_selective_prob,anchor=v110;side=v116;margin=0.08;w=0.05;gate=anchor_not_top5,0
v110_v116_cls_margin0.08_w0.08_none,0.9791120435267349,0.9148163672808564,0.2191780821917808,0.5205479452054794,22,0.011144416,0.9994699,0.5211322259064816,0.24234454536630962,class_selective_prob,anchor=v110;side=v116;margin=0.08;w=0.08;gate=none,0
v110_v116_cls_margin0.08_w0.08_side_gt_anchor,0.9791120435267349,0.9148163672808564,0.2191780821917808,0.5205479452054794,22,0.011144416,0.9994699,0.5211322259064816,0.24234454536630962,class_selective_prob,anchor=v110;side=v116;margin=0.08;w=0.08;gate=side_gt_anchor,0
v110_v116_cls_margin0.08_w0.08_side_rank_top,0.9791120435267349,0.9148163672808564,0.2191780821917808,0.5205479452054794,22,0.011144416,0.9994699,0.5211322259064816,0.24234454536630962,class_selective_prob,anchor=v110;side=v116;margin=0.08;w=0.08;gate=side_rank_top,0
v110_v116_cls_margin0.08_w0.08_anchor_not_top5,0.9791120435267349,0.9148163672808564,0.2191780821917808,0.5205479452054794,22,0.011144416,0.9994699,0.5211322259064816,0.24234454536630962,class_selective_prob,anchor=v110;side=v116;margin=0.08;w=0.08;gate=anchor_not_top5,0
v110_v116_cls_margin0.08_w0.1_none,0.9791120435267349,0.9148163672808564,0.2191780821917808,0.5205479452054794,22,0.011144416,0.9994699,0.5211322259064816,0.24234454536630962,class_selective_prob,anchor=v110;side=v116;margin=0.08;w=0.1;gate=none,0
v110_v116_cls_margin0.08_w0.1_side_gt_anchor,0.9791120435267349,0.9148163672808564,0.2191780821917808,0.5205479452054794,22,0.011144416,0.9994699,0.5211322259064816,0.24234454536630962,class_selective_prob,anchor=v110;side=v116;margin=0.08;w=0.1;gate=side_gt_anchor,0
v110_v116_cls_margin0.08_w0.1_side_rank_top,0.9791120435267349,0.9148163672808564,0.2191780821917808,0.5205479452054794,22,0.011144416,0.9994699,0.5211322259064816,0.24234454536630962,class_selective_prob,anchor=v110;side=v116;margin=0.08;w=0.1;gate=side_rank_top,0
v110_v116_cls_margin0.08_w0.1_anchor_not_top5,0.9791120435267349,0.9148163672808564,0.2191780821917808,0.5205479452054794,22,0.011144416,0.9994699,0.5211322259064816,0.24234454536630962,class_selective_prob,anchor=v110;side=v116;margin=0.08;w=0.1;gate=anchor_not_top5,0
v110_v116_cls_margin0.08_w0.12_none,0.9791120435267349,0.9148163672808564,0.2191780821917808,0.5205479452054794,22,0.011144416,0.9994699,0.5211322259064816,0.24234454536630962,class_selective_prob,anchor=v110;side=v116;margin=0.08;w=0.12;gate=none,0
v110_v116_cls_margin0.08_w0.12_side_gt_anchor,0.9791120435267349,0.9148163672808564,0.2191780821917808,0.5205479452054794,22,0.011144416,0.9994699,0.5211322259064816,0.24234454536630962,class_selective_prob,anchor=v110;side=v116;margin=0.08;w=0.12;gate=side_gt_anchor,0
v110_v116_cls_margin0.08_w0.12_side_rank_top,0.9791120435267349,0.9148163672808564,0.2191780821917808,0.5205479452054794,22,0.011144416,0.9994699,0.5211322259064816,0.24234454536630962,class_selective_prob,anchor=v110;side=v116;margin=0.08;w=0.12;gate=side_rank_top,0
v110_v116_cls_margin0.08_w0.12_anchor_not_top5,0.9791120435267349,0.9148163672808564,0.2191780821917808,0.5205479452054794,22,0.011144416,0.9994699,0.5211322259064816,0.24234454536630962,class_selective_prob,anchor=v110;side=v116;margin=0.08;w=0.12;gate=anchor_not_top5,0
v110_v116_cls_margin0.08_w0.15_none,0.9791120435267349,0.9148163672808564,0.2191780821917808,0.5205479452054794,22,0.011144416,0.9994699,0.5211322259064816,0.24234454536630962,class_selective_prob,anchor=v110;side=v116;margin=0.08;w=0.15;gate=none,0
v110_v116_cls_margin0.08_w0.15_side_gt_anchor,0.9791120435267349,0.9148163672808564,0.2191780821917808,0.5205479452054794,22,0.011144416,0.9994699,0.5211322259064816,0.24234454536630962,class_selective_prob,anchor=v110;side=v116;margin=0.08;w=0.15;gate=side_gt_anchor,0
v110_v116_cls_margin0.08_w0.15_side_rank_top,0.9791120435267349,0.9148163672808564,0.2191780821917808,0.5205479452054794,22,0.011144416,0.9994699,0.5211322259064816,0.24234454536630962,class_selective_prob,anchor=v110;side=v116;margin=0.08;w=0.15;gate=side_rank_top,0
v110_v116_cls_margin0.08_w0.15_anchor_not_top5,0.9791120435267349,0.9148163672808564,0.2191780821917808,0.5205479452054794,22,0.011144416,0.9994699,0.5211322259064816,0.24234454536630962,class_selective_prob,anchor=v110;side=v116;margin=0.08;w=0.15;gate=anchor_not_top5,0
v110_v116_cls_margin0.08_w0.18_none,0.9791120435267349,0.9148163672808564,0.2191780821917808,0.5205479452054794,22,0.011144416,0.9994699,0.5211322259064816,0.24234454536630962,class_selective_prob,anchor=v110;side=v116;margin=0.08;w=0.18;gate=none,0
v110_v116_cls_margin0.08_w0.18_side_gt_anchor,0.9791120435267349,0.9148163672808564,0.2191780821917808,0.5205479452054794,22,0.011144416,0.9994699,0.5211322259064816,0.24234454536630962,class_selective_prob,anchor=v110;side=v116;margin=0.08;w=0.18;gate=side_gt_anchor,0
v110_v116_cls_margin0.08_w0.18_side_rank_top,0.9791120435267349,0.9148163672808564,0.2191780821917808,0.5205479452054794,22,0.011144416,0.9994699,0.5211322259064816,0.24234454536630962,class_selective_prob,anchor=v110;side=v116;margin=0.08;w=0.18;gate=side_rank_top,0
v110_v116_cls_margin0.08_w0.18_anchor_not_top5,0.9791120435267349,0.9148163672808564,0.2191780821917808,0.5205479452054794,22,0.011144416,0.9994699,0.5211322259064816,0.24234454536630962,class_selective_prob,anchor=v110;side=v116;margin=0.08;w=0.18;gate=anchor_not_top5,0
v110_v116_cls_margin0.08_w0.2_none,0.9791120435267349,0.9148163672808564,0.2191780821917808,0.5205479452054794,22,0.011144416,0.9994699,0.5211322259064816,0.24234454536630962,class_selective_prob,anchor=v110;side=v116;margin=0.08;w=0.2;gate=none,0
v110_v116_cls_margin0.08_w0.2_side_gt_anchor,0.9791120435267349,0.9148163672808564,0.2191780821917808,0.5205479452054794,22,0.011144416,0.9994699,0.5211322259064816,0.24234454536630962,class_selective_prob,anchor=v110;side=v116;margin=0.08;w=0.2;gate=side_gt_anchor,0
v110_v116_cls_margin0.08_w0.2_side_rank_top,0.9791120435267349,0.9148163672808564,0.2191780821917808,0.5205479452054794,22,0.011144416,0.9994699,0.5211322259064816,0.24234454536630962,class_selective_prob,anchor=v110;side=v116;margin=0.08;w=0.2;gate=side_rank_top,0
v110_v116_cls_margin0.08_w0.2_anchor_not_top5,0.9791120435267349,0.9148163672808564,0.2191780821917808,0.5205479452054794,22,0.011144416,0.9994699,0.5211322259064816,0.24234454536630962,class_selective_prob,anchor=v110;side=v116;margin=0.08;w=0.2;gate=anchor_not_top5,0
v110_v116_cls_margin0.08_w0.25_none,0.9791120435267349,0.9148163672808564,0.2191780821917808,0.5205479452054794,22,0.011144416,0.9994699,0.5211322259064816,0.24234454536630962,class_selective_prob,anchor=v110;side=v116;margin=0.08;w=0.25;gate=none,0
v110_v116_cls_margin0.08_w0.25_side_gt_anchor,0.9791120435267349,0.9148163672808564,0.2191780821917808,0.5205479452054794,22,0.011144416,0.9994699,0.5211322259064816,0.24234454536630962,class_selective_prob,anchor=v110;side=v116;margin=0.08;w=0.25;gate=side_gt_anchor,0
v110_v116_cls_margin0.08_w0.25_side_rank_top,0.9791120435267349,0.9148163672808564,0.2191780821917808,0.5205479452054794,22,0.011144416,0.9994699,0.5211322259064816,0.24234454536630962,class_selective_prob,anchor=v110;side=v116;margin=0.08;w=0.25;gate=side_rank_top,0
v110_v116_cls_margin0.08_w0.25_anchor_not_top5,0.9791120435267349,0.9148163672808564,0.2191780821917808,0.5205479452054794,22,0.011144416,0.9994699,0.5211322259064816,0.24234454536630962,class_selective_prob,anchor=v110;side=v116;margin=0.08;w=0.25;gate=anchor_not_top5,0
v110_v116_cls_margin0.08_w0.3_none,0.9791120435267349,0.9148163672808564,0.2191780821917808,0.5205479452054794,22,0.011144416,0.9994699,0.5211322259064816,0.24234454536630962,class_selective_prob,anchor=v110;side=v116;margin=0.08;w=0.3;gate=none,0
v110_v116_cls_margin0.08_w0.3_side_gt_anchor,0.9791120435267349,0.9148163672808564,0.2191780821917808,0.5205479452054794,22,0.011144416,0.9994699,0.5211322259064816,0.24234454536630962,class_selective_prob,anchor=v110;side=v116;margin=0.08;w=0.3;gate=side_gt_anchor,0
v110_v116_cls_margin0.08_w0.3_side_rank_top,0.9791120435267349,0.9148163672808564,0.2191780821917808,0.5205479452054794,22,0.011144416,0.9994699,0.5211322259064816,0.24234454536630962,class_selective_prob,anchor=v110;side=v116;margin=0.08;w=0.3;gate=side_rank_top,0
v110_v116_cls_margin0.08_w0.3_anchor_not_top5,0.9791120435267349,0.9148163672808564,0.2191780821917808,0.5205479452054794,22,0.011144416,0.9994699,0.5211322259064816,0.24234454536630962,class_selective_prob,anchor=v110;side=v116;margin=0.08;w=0.3;gate=anchor_not_top5,0
v110_v116_cls_margin0.08_w0.35_none,0.9791120435267349,0.9148163672808564,0.2191780821917808,0.5205479452054794,22,0.011144416,0.9994699,0.5211322259064816,0.24234454536630962,class_selective_prob,anchor=v110;side=v116;margin=0.08;w=0.35;gate=none,0
v110_v116_cls_margin0.08_w0.35_side_gt_anchor,0.9791120435267349,0.9148163672808564,0.2191780821917808,0.5205479452054794,22,0.011144416,0.9994699,0.5211322259064816,0.24234454536630962,class_selective_prob,anchor=v110;side=v116;margin=0.08;w=0.35;gate=side_gt_anchor,0
v110_v116_cls_margin0.08_w0.35_side_rank_top,0.9791120435267349,0.9148163672808564,0.2191780821917808,0.5205479452054794,22,0.011144416,0.9994699,0.5211322259064816,0.24234454536630962,class_selective_prob,anchor=v110;side=v116;margin=0.08;w=0.35;gate=side_rank_top,0
v110_v116_cls_margin0.08_w0.35_anchor_not_top5,0.9791120435267349,0.9148163672808564,0.2191780821917808,0.5205479452054794,22,0.011144416,0.9994699,0.5211322259064816,0.24234454536630962,class_selective_prob,anchor=v110;side=v116;margin=0.08;w=0.35;gate=anchor_not_top5,0
v110_v116_cls_margin0.08_w0.4_none,0.9791120435267349,0.9148163672808564,0.2191780821917808,0.5205479452054794,22,0.011144416,0.9994699,0.5211322259064816,0.24234454536630962,class_selective_prob,anchor=v110;side=v116;margin=0.08;w=0.4;gate=none,0
v110_v116_cls_margin0.08_w0.4_side_gt_anchor,0.9791120435267349,0.9148163672808564,0.2191780821917808,0.5205479452054794,22,0.011144416,0.9994699,0.5211322259064816,0.24234454536630962,class_selective_prob,anchor=v110;side=v116;margin=0.08;w=0.4;gate=side_gt_anchor,0
v110_v116_cls_margin0.08_w0.4_side_rank_top,0.9791120435267349,0.9148163672808564,0.2191780821917808,0.5205479452054794,22,0.011144416,0.9994699,0.5211322259064816,0.24234454536630962,class_selective_prob,anchor=v110;side=v116;margin=0.08;w=0.4;gate=side_rank_top,0
v110_v116_cls_margin0.08_w0.4_anchor_not_top5,0.9791120435267349,0.9148163672808564,0.2191780821917808,0.5205479452054794,22,0.011144416,0.9994699,0.5211322259064816,0.24234454536630962,class_selective_prob,anchor=v110;side=v116;margin=0.08;w=0.4;gate=anchor_not_top5,0
v110_v116_cls_margin0.1_w0.05_none,0.9791120435267349,0.9148163672808564,0.2191780821917808,0.5205479452054794,22,0.011144416,0.9994699,0.5211322259064816,0.24234454536630962,class_selective_prob,anchor=v110;side=v116;margin=0.1;w=0.05;gate=none,0
v110_v116_cls_margin0.1_w0.05_side_gt_anchor,0.9791120435267349,0.9148163672808564,0.2191780821917808,0.5205479452054794,22,0.011144416,0.9994699,0.5211322259064816,0.24234454536630962,class_selective_prob,anchor=v110;side=v116;margin=0.1;w=0.05;gate=side_gt_anchor,0
v110_v116_cls_margin0.1_w0.05_side_rank_top,0.9791120435267349,0.9148163672808564,0.2191780821917808,0.5205479452054794,22,0.011144416,0.9994699,0.5211322259064816,0.24234454536630962,class_selective_prob,anchor=v110;side=v116;margin=0.1;w=0.05;gate=side_rank_top,0
v110_v116_cls_margin0.1_w0.05_anchor_not_top5,0.9791120435267349,0.9148163672808564,0.2191780821917808,0.5205479452054794,22,0.011144416,0.9994699,0.5211322259064816,0.24234454536630962,class_selective_prob,anchor=v110;side=v116;margin=0.1;w=0.05;gate=anchor_not_top5,0
v110_v116_cls_margin0.1_w0.08_none,0.9791120435267349,0.9148163672808564,0.2191780821917808,0.5205479452054794,22,0.011144416,0.9994699,0.5211322259064816,0.24234454536630962,class_selective_prob,anchor=v110;side=v116;margin=0.1;w=0.08;gate=none,0
v110_v116_cls_margin0.1_w0.08_side_gt_anchor,0.9791120435267349,0.9148163672808564,0.2191780821917808,0.5205479452054794,22,0.011144416,0.9994699,0.5211322259064816,0.24234454536630962,class_selective_prob,anchor=v110;side=v116;margin=0.1;w=0.08;gate=side_gt_anchor,0
v110_v116_cls_margin0.1_w0.08_side_rank_top,0.9791120435267349,0.9148163672808564,0.2191780821917808,0.5205479452054794,22,0.011144416,0.9994699,0.5211322259064816,0.24234454536630962,class_selective_prob,anchor=v110;side=v116;margin=0.1;w=0.08;gate=side_rank_top,0
v110_v116_cls_margin0.1_w0.08_anchor_not_top5,0.9791120435267349,0.9148163672808564,0.2191780821917808,0.5205479452054794,22,0.011144416,0.9994699,0.5211322259064816,0.24234454536630962,class_selective_prob,anchor=v110;side=v116;margin=0.1;w=0.08;gate=anchor_not_top5,0
v110_v116_cls_margin0.1_w0.1_none,0.9791120435267349,0.9148163672808564,0.2191780821917808,0.5205479452054794,22,0.011144416,0.9994699,0.5211322259064816,0.24234454536630962,class_selective_prob,anchor=v110;side=v116;margin=0.1;w=0.1;gate=none,0
v110_v116_cls_margin0.1_w0.1_side_gt_anchor,0.9791120435267349,0.9148163672808564,0.2191780821917808,0.5205479452054794,22,0.011144416,0.9994699,0.5211322259064816,0.24234454536630962,class_selective_prob,anchor=v110;side=v116;margin=0.1;w=0.1;gate=side_gt_anchor,0
v110_v116_cls_margin0.1_w0.1_side_rank_top,0.9791120435267349,0.9148163672808564,0.2191780821917808,0.5205479452054794,22,0.011144416,0.9994699,0.5211322259064816,0.24234454536630962,class_selective_prob,anchor=v110;side=v116;margin=0.1;w=0.1;gate=side_rank_top,0
v110_v116_cls_margin0.1_w0.1_anchor_not_top5,0.9791120435267349,0.9148163672808564,0.2191780821917808,0.5205479452054794,22,0.011144416,0.9994699,0.5211322259064816,0.24234454536630962,class_selective_prob,anchor=v110;side=v116;margin=0.1;w=0.1;gate=anchor_not_top5,0
v110_v116_cls_margin0.1_w0.12_none,0.9791120435267349,0.9148163672808564,0.2191780821917808,0.5205479452054794,22,0.011144416,0.9994699,0.5211322259064816,0.24234454536630962,class_selective_prob,anchor=v110;side=v116;margin=0.1;w=0.12;gate=none,0
v110_v116_cls_margin0.1_w0.12_side_gt_anchor,0.9791120435267349,0.9148163672808564,0.2191780821917808,0.5205479452054794,22,0.011144416,0.9994699,0.5211322259064816,0.24234454536630962,class_selective_prob,anchor=v110;side=v116;margin=0.1;w=0.12;gate=side_gt_anchor,0
v110_v116_cls_margin0.1_w0.12_side_rank_top,0.9791120435267349,0.9148163672808564,0.2191780821917808,0.5205479452054794,22,0.011144416,0.9994699,0.5211322259064816,0.24234454536630962,class_selective_prob,anchor=v110;side=v116;margin=0.1;w=0.12;gate=side_rank_top,0
v110_v116_cls_margin0.1_w0.12_anchor_not_top5,0.9791120435267349,0.9148163672808564,0.2191780821917808,0.5205479452054794,22,0.011144416,0.9994699,0.5211322259064816,0.24234454536630962,class_selective_prob,anchor=v110;side=v116;margin=0.1;w=0.12;gate=anchor_not_top5,0
v110_v116_cls_margin0.1_w0.15_none,0.9791120435267349,0.9148163672808564,0.2191780821917808,0.5205479452054794,22,0.011144416,0.9994699,0.5211322259064816,0.24234454536630962,class_selective_prob,anchor=v110;side=v116;margin=0.1;w=0.15;gate=none,0
v110_v116_cls_margin0.1_w0.15_side_gt_anchor,0.9791120435267349,0.9148163672808564,0.2191780821917808,0.5205479452054794,22,0.011144416,0.9994699,0.5211322259064816,0.24234454536630962,class_selective_prob,anchor=v110;side=v116;margin=0.1;w=0.15;gate=side_gt_anchor,0
v110_v116_cls_margin0.1_w0.15_side_rank_top,0.9791120435267349,0.9148163672808564,0.2191780821917808,0.5205479452054794,22,0.011144416,0.9994699,0.5211322259064816,0.24234454536630962,class_selective_prob,anchor=v110;side=v116;margin=0.1;w=0.15;gate=side_rank_top,0
v110_v116_cls_margin0.1_w0.15_anchor_not_top5,0.9791120435267349,0.9148163672808564,0.2191780821917808,0.5205479452054794,22,0.011144416,0.9994699,0.5211322259064816,0.24234454536630962,class_selective_prob,anchor=v110;side=v116;margin=0.1;w=0.15;gate=anchor_not_top5,0
v110_v116_cls_margin0.1_w0.18_none,0.9791120435267349,0.9148163672808564,0.2191780821917808,0.5205479452054794,22,0.011144416,0.9994699,0.5211322259064816,0.24234454536630962,class_selective_prob,anchor=v110;side=v116;margin=0.1;w=0.18;gate=none,0
v110_v116_cls_margin0.1_w0.18_side_gt_anchor,0.9791120435267349,0.9148163672808564,0.2191780821917808,0.5205479452054794,22,0.011144416,0.9994699,0.5211322259064816,0.24234454536630962,class_selective_prob,anchor=v110;side=v116;margin=0.1;w=0.18;gate=side_gt_anchor,0
v110_v116_cls_margin0.1_w0.18_side_rank_top,0.9791120435267349,0.9148163672808564,0.2191780821917808,0.5205479452054794,22,0.011144416,0.9994699,0.5211322259064816,0.24234454536630962,class_selective_prob,anchor=v110;side=v116;margin=0.1;w=0.18;gate=side_rank_top,0
v110_v116_cls_margin0.1_w0.18_anchor_not_top5,0.9791120435267349,0.9148163672808564,0.2191780821917808,0.5205479452054794,22,0.011144416,0.9994699,0.5211322259064816,0.24234454536630962,class_selective_prob,anchor=v110;side=v116;margin=0.1;w=0.18;gate=anchor_not_top5,0
v110_v116_cls_margin0.1_w0.2_none,0.9791120435267349,0.9148163672808564,0.2191780821917808,0.5205479452054794,22,0.011144416,0.9994699,0.5211322259064816,0.24234454536630962,class_selective_prob,anchor=v110;side=v116;margin=0.1;w=0.2;gate=none,0
v110_v116_cls_margin0.1_w0.2_side_gt_anchor,0.9791120435267349,0.9148163672808564,0.2191780821917808,0.5205479452054794,22,0.011144416,0.9994699,0.5211322259064816,0.24234454536630962,class_selective_prob,anchor=v110;side=v116;margin=0.1;w=0.2;gate=side_gt_anchor,0
v110_v116_cls_margin0.1_w0.2_side_rank_top,0.9791120435267349,0.9148163672808564,0.2191780821917808,0.5205479452054794,22,0.011144416,0.9994699,0.5211322259064816,0.24234454536630962,class_selective_prob,anchor=v110;side=v116;margin=0.1;w=0.2;gate=side_rank_top,0
v110_v116_cls_margin0.1_w0.2_anchor_not_top5,0.9791120435267349,0.9148163672808564,0.2191780821917808,0.5205479452054794,22,0.011144416,0.9994699,0.5211322259064816,0.24234454536630962,class_selective_prob,anchor=v110;side=v116;margin=0.1;w=0.2;gate=anchor_not_top5,0
v110_v116_cls_margin0.1_w0.25_none,0.9791120435267349,0.9148163672808564,0.2191780821917808,0.5205479452054794,22,0.011144416,0.9994699,0.5211322259064816,0.24234454536630962,class_selective_prob,anchor=v110;side=v116;margin=0.1;w=0.25;gate=none,0
v110_v116_cls_margin0.1_w0.25_side_gt_anchor,0.9791120435267349,0.9148163672808564,0.2191780821917808,0.5205479452054794,22,0.011144416,0.9994699,0.5211322259064816,0.24234454536630962,class_selective_prob,anchor=v110;side=v116;margin=0.1;w=0.25;gate=side_gt_anchor,0
v110_v116_cls_margin0.1_w0.25_side_rank_top,0.9791120435267349,0.9148163672808564,0.2191780821917808,0.5205479452054794,22,0.011144416,0.9994699,0.5211322259064816,0.24234454536630962,class_selective_prob,anchor=v110;side=v116;margin=0.1;w=0.25;gate=side_rank_top,0
v110_v116_cls_margin0.1_w0.25_anchor_not_top5,0.9791120435267349,0.9148163672808564,0.2191780821917808,0.5205479452054794,22,0.011144416,0.9994699,0.5211322259064816,0.24234454536630962,class_selective_prob,anchor=v110;side=v116;margin=0.1;w=0.25;gate=anchor_not_top5,0
v110_v116_cls_margin0.1_w0.3_none,0.9791120435267349,0.9148163672808564,0.2191780821917808,0.5205479452054794,22,0.011144416,0.9994699,0.5211322259064816,0.24234454536630962,class_selective_prob,anchor=v110;side=v116;margin=0.1;w=0.3;gate=none,0
v110_v116_cls_margin0.1_w0.3_side_gt_anchor,0.9791120435267349,0.9148163672808564,0.2191780821917808,0.5205479452054794,22,0.011144416,0.9994699,0.5211322259064816,0.24234454536630962,class_selective_prob,anchor=v110;side=v116;margin=0.1;w=0.3;gate=side_gt_anchor,0
v110_v116_cls_margin0.1_w0.3_side_rank_top,0.9791120435267349,0.9148163672808564,0.2191780821917808,0.5205479452054794,22,0.011144416,0.9994699,0.5211322259064816,0.24234454536630962,class_selective_prob,anchor=v110;side=v116;margin=0.1;w=0.3;gate=side_rank_top,0
v110_v116_cls_margin0.1_w0.3_anchor_not_top5,0.9791120435267349,0.9148163672808564,0.2191780821917808,0.5205479452054794,22,0.011144416,0.9994699,0.5211322259064816,0.24234454536630962,class_selective_prob,anchor=v110;side=v116;margin=0.1;w=0.3;gate=anchor_not_top5,0
v110_v116_cls_margin0.1_w0.35_none,0.9791120435267349,0.9148163672808564,0.2191780821917808,0.5205479452054794,22,0.011144416,0.9994699,0.5211322259064816,0.24234454536630962,class_selective_prob,anchor=v110;side=v116;margin=0.1;w=0.35;gate=none,0
v110_v116_cls_margin0.1_w0.35_side_gt_anchor,0.9791120435267349,0.9148163672808564,0.2191780821917808,0.5205479452054794,22,0.011144416,0.9994699,0.5211322259064816,0.24234454536630962,class_selective_prob,anchor=v110;side=v116;margin=0.1;w=0.35;gate=side_gt_anchor,0
v110_v116_cls_margin0.1_w0.35_side_rank_top,0.9791120435267349,0.9148163672808564,0.2191780821917808,0.5205479452054794,22,0.011144416,0.9994699,0.5211322259064816,0.24234454536630962,class_selective_prob,anchor=v110;side=v116;margin=0.1;w=0.35;gate=side_rank_top,0
v110_v116_cls_margin0.1_w0.35_anchor_not_top5,0.9791120435267349,0.9148163672808564,0.2191780821917808,0.5205479452054794,22,0.011144416,0.9994699,0.5211322259064816,0.24234454536630962,class_selective_prob,anchor=v110;side=v116;margin=0.1;w=0.35;gate=anchor_not_top5,0
v110_v116_cls_margin0.1_w0.4_none,0.9791120435267349,0.9148163672808564,0.2191780821917808,0.5205479452054794,22,0.011144416,0.9994699,0.5211322259064816,0.24234454536630962,class_selective_prob,anchor=v110;side=v116;margin=0.1;w=0.4;gate=none,0
v110_v116_cls_margin0.1_w0.4_side_gt_anchor,0.9791120435267349,0.9148163672808564,0.2191780821917808,0.5205479452054794,22,0.011144416,0.9994699,0.5211322259064816,0.24234454536630962,class_selective_prob,anchor=v110;side=v116;margin=0.1;w=0.4;gate=side_gt_anchor,0
v110_v116_cls_margin0.1_w0.4_side_rank_top,0.9791120435267349,0.9148163672808564,0.2191780821917808,0.5205479452054794,22,0.011144416,0.9994699,0.5211322259064816,0.24234454536630962,class_selective_prob,anchor=v110;side=v116;margin=0.1;w=0.4;gate=side_rank_top,0
v110_v116_cls_margin0.1_w0.4_anchor_not_top5,0.9791120435267349,0.9148163672808564,0.2191780821917808,0.5205479452054794,22,0.011144416,0.9994699,0.5211322259064816,0.24234454536630962,class_selective_prob,anchor=v110;side=v116;margin=0.1;w=0.4;gate=anchor_not_top5,0
v110_v116_cls_margin0.15_w0.05_none,0.9791120435267349,0.9148163672808564,0.2191780821917808,0.5205479452054794,22,0.011144416,0.9994699,0.5211322259064816,0.24234454536630962,class_selective_prob,anchor=v110;side=v116;margin=0.15;w=0.05;gate=none,0
v110_v116_cls_margin0.15_w0.05_side_gt_anchor,0.9791120435267349,0.9148163672808564,0.2191780821917808,0.5205479452054794,22,0.011144416,0.9994699,0.5211322259064816,0.24234454536630962,class_selective_prob,anchor=v110;side=v116;margin=0.15;w=0.05;gate=side_gt_anchor,0
v110_v116_cls_margin0.15_w0.05_side_rank_top,0.9791120435267349,0.9148163672808564,0.2191780821917808,0.5205479452054794,22,0.011144416,0.9994699,0.5211322259064816,0.24234454536630962,class_selective_prob,anchor=v110;side=v116;margin=0.15;w=0.05;gate=side_rank_top,0
v110_v116_cls_margin0.15_w0.05_anchor_not_top5,0.9791120435267349,0.9148163672808564,0.2191780821917808,0.5205479452054794,22,0.011144416,0.9994699,0.5211322259064816,0.24234454536630962,class_selective_prob,anchor=v110;side=v116;margin=0.15;w=0.05;gate=anchor_not_top5,0
v110_v116_cls_margin0.15_w0.08_none,0.9791120435267349,0.9148163672808564,0.2191780821917808,0.5205479452054794,22,0.011144416,0.9994699,0.5211322259064816,0.24234454536630962,class_selective_prob,anchor=v110;side=v116;margin=0.15;w=0.08;gate=none,0
v110_v116_cls_margin0.15_w0.08_side_gt_anchor,0.9791120435267349,0.9148163672808564,0.2191780821917808,0.5205479452054794,22,0.011144416,0.9994699,0.5211322259064816,0.24234454536630962,class_selective_prob,anchor=v110;side=v116;margin=0.15;w=0.08;gate=side_gt_anchor,0
v110_v116_cls_margin0.15_w0.08_side_rank_top,0.9791120435267349,0.9148163672808564,0.2191780821917808,0.5205479452054794,22,0.011144416,0.9994699,0.5211322259064816,0.24234454536630962,class_selective_prob,anchor=v110;side=v116;margin=0.15;w=0.08;gate=side_rank_top,0
v110_v116_cls_margin0.15_w0.08_anchor_not_top5,0.9791120435267349,0.9148163672808564,0.2191780821917808,0.5205479452054794,22,0.011144416,0.9994699,0.5211322259064816,0.24234454536630962,class_selective_prob,anchor=v110;side=v116;margin=0.15;w=0.08;gate=anchor_not_top5,0
v110_v116_cls_margin0.15_w0.1_none,0.9791120435267349,0.9148163672808564,0.2191780821917808,0.5205479452054794,22,0.011144416,0.9994699,0.5211322259064816,0.24234454536630962,class_selective_prob,anchor=v110;side=v116;margin=0.15;w=0.1;gate=none,0
v110_v116_cls_margin0.15_w0.1_side_gt_anchor,0.9791120435267349,0.9148163672808564,0.2191780821917808,0.5205479452054794,22,0.011144416,0.9994699,0.5211322259064816,0.24234454536630962,class_selective_prob,anchor=v110;side=v116;margin=0.15;w=0.1;gate=side_gt_anchor,0
v110_v116_cls_margin0.15_w0.1_side_rank_top,0.9791120435267349,0.9148163672808564,0.2191780821917808,0.5205479452054794,22,0.011144416,0.9994699,0.5211322259064816,0.24234454536630962,class_selective_prob,anchor=v110;side=v116;margin=0.15;w=0.1;gate=side_rank_top,0
v110_v116_cls_margin0.15_w0.1_anchor_not_top5,0.9791120435267349,0.9148163672808564,0.2191780821917808,0.5205479452054794,22,0.011144416,0.9994699,0.5211322259064816,0.24234454536630962,class_selective_prob,anchor=v110;side=v116;margin=0.15;w=0.1;gate=anchor_not_top5,0
v110_v116_cls_margin0.15_w0.12_none,0.9791120435267349,0.9148163672808564,0.2191780821917808,0.5205479452054794,22,0.011144416,0.9994699,0.5211322259064816,0.24234454536630962,class_selective_prob,anchor=v110;side=v116;margin=0.15;w=0.12;gate=none,0
v110_v116_cls_margin0.15_w0.12_side_gt_anchor,0.9791120435267349,0.9148163672808564,0.2191780821917808,0.5205479452054794,22,0.011144416,0.9994699,0.5211322259064816,0.24234454536630962,class_selective_prob,anchor=v110;side=v116;margin=0.15;w=0.12;gate=side_gt_anchor,0
v110_v116_cls_margin0.15_w0.12_side_rank_top,0.9791120435267349,0.9148163672808564,0.2191780821917808,0.5205479452054794,22,0.011144416,0.9994699,0.5211322259064816,0.24234454536630962,class_selective_prob,anchor=v110;side=v116;margin=0.15;w=0.12;gate=side_rank_top,0
v110_v116_cls_margin0.15_w0.12_anchor_not_top5,0.9791120435267349,0.9148163672808564,0.2191780821917808,0.5205479452054794,22,0.011144416,0.9994699,0.5211322259064816,0.24234454536630962,class_selective_prob,anchor=v110;side=v116;margin=0.15;w=0.12;gate=anchor_not_top5,0
v110_v116_cls_margin0.15_w0.15_none,0.9791120435267349,0.9148163672808564,0.2191780821917808,0.5205479452054794,22,0.011144416,0.9994699,0.5211322259064816,0.24234454536630962,class_selective_prob,anchor=v110;side=v116;margin=0.15;w=0.15;gate=none,0
v110_v116_cls_margin0.15_w0.15_side_gt_anchor,0.9791120435267349,0.9148163672808564,0.2191780821917808,0.5205479452054794,22,0.011144416,0.9994699,0.5211322259064816,0.24234454536630962,class_selective_prob,anchor=v110;side=v116;margin=0.15;w=0.15;gate=side_gt_anchor,0
v110_v116_cls_margin0.15_w0.15_side_rank_top,0.9791120435267349,0.9148163672808564,0.2191780821917808,0.5205479452054794,22,0.011144416,0.9994699,0.5211322259064816,0.24234454536630962,class_selective_prob,anchor=v110;side=v116;margin=0.15;w=0.15;gate=side_rank_top,0
v110_v116_cls_margin0.15_w0.15_anchor_not_top5,0.9791120435267349,0.9148163672808564,0.2191780821917808,0.5205479452054794,22,0.011144416,0.9994699,0.5211322259064816,0.24234454536630962,class_selective_prob,anchor=v110;side=v116;margin=0.15;w=0.15;gate=anchor_not_top5,0
v110_v116_cls_margin0.15_w0.18_none,0.9791120435267349,0.9148163672808564,0.2191780821917808,0.5205479452054794,22,0.011144416,0.9994699,0.5211322259064816,0.24234454536630962,class_selective_prob,anchor=v110;side=v116;margin=0.15;w=0.18;gate=none,0
v110_v116_cls_margin0.15_w0.18_side_gt_anchor,0.9791120435267349,0.9148163672808564,0.2191780821917808,0.5205479452054794,22,0.011144416,0.9994699,0.5211322259064816,0.24234454536630962,class_selective_prob,anchor=v110;side=v116;margin=0.15;w=0.18;gate=side_gt_anchor,0
v110_v116_cls_margin0.15_w0.18_side_rank_top,0.9791120435267349,0.9148163672808564,0.2191780821917808,0.5205479452054794,22,0.011144416,0.9994699,0.5211322259064816,0.24234454536630962,class_selective_prob,anchor=v110;side=v116;margin=0.15;w=0.18;gate=side_rank_top,0
v110_v116_cls_margin0.15_w0.18_anchor_not_top5,0.9791120435267349,0.9148163672808564,0.2191780821917808,0.5205479452054794,22,0.011144416,0.9994699,0.5211322259064816,0.24234454536630962,class_selective_prob,anchor=v110;side=v116;margin=0.15;w=0.18;gate=anchor_not_top5,0
v110_v116_cls_margin0.15_w0.2_none,0.9791120435267349,0.9148163672808564,0.2191780821917808,0.5205479452054794,22,0.011144416,0.9994699,0.5211322259064816,0.24234454536630962,class_selective_prob,anchor=v110;side=v116;margin=0.15;w=0.2;gate=none,0
v110_v116_cls_margin0.15_w0.2_side_gt_anchor,0.9791120435267349,0.9148163672808564,0.2191780821917808,0.5205479452054794,22,0.011144416,0.9994699,0.5211322259064816,0.24234454536630962,class_selective_prob,anchor=v110;side=v116;margin=0.15;w=0.2;gate=side_gt_anchor,0
v110_v116_cls_margin0.15_w0.2_side_rank_top,0.9791120435267349,0.9148163672808564,0.2191780821917808,0.5205479452054794,22,0.011144416,0.9994699,0.5211322259064816,0.24234454536630962,class_selective_prob,anchor=v110;side=v116;margin=0.15;w=0.2;gate=side_rank_top,0
v110_v116_cls_margin0.15_w0.2_anchor_not_top5,0.9791120435267349,0.9148163672808564,0.2191780821917808,0.5205479452054794,22,0.011144416,0.9994699,0.5211322259064816,0.24234454536630962,class_selective_prob,anchor=v110;side=v116;margin=0.15;w=0.2;gate=anchor_not_top5,0
v110_v116_cls_margin0.15_w0.25_none,0.9791120435267349,0.9148163672808564,0.2191780821917808,0.5205479452054794,22,0.011144416,0.9994699,0.5211322259064816,0.24234454536630962,class_selective_prob,anchor=v110;side=v116;margin=0.15;w=0.25;gate=none,0
v110_v116_cls_margin0.15_w0.25_side_gt_anchor,0.9791120435267349,0.9148163672808564,0.2191780821917808,0.5205479452054794,22,0.011144416,0.9994699,0.5211322259064816,0.24234454536630962,class_selective_prob,anchor=v110;side=v116;margin=0.15;w=0.25;gate=side_gt_anchor,0
v110_v116_cls_margin0.15_w0.25_side_rank_top,0.9791120435267349,0.9148163672808564,0.2191780821917808,0.5205479452054794,22,0.011144416,0.9994699,0.5211322259064816,0.24234454536630962,class_selective_prob,anchor=v110;side=v116;margin=0.15;w=0.25;gate=side_rank_top,0
v110_v116_cls_margin0.15_w0.25_anchor_not_top5,0.9791120435267349,0.9148163672808564,0.2191780821917808,0.5205479452054794,22,0.011144416,0.9994699,0.5211322259064816,0.24234454536630962,class_selective_prob,anchor=v110;side=v116;margin=0.15;w=0.25;gate=anchor_not_top5,0
v110_v116_cls_margin0.15_w0.3_none,0.9791120435267349,0.9148163672808564,0.2191780821917808,0.5205479452054794,22,0.011144416,0.9994699,0.5211322259064816,0.24234454536630962,class_selective_prob,anchor=v110;side=v116;margin=0.15;w=0.3;gate=none,0
v110_v116_cls_margin0.15_w0.3_side_gt_anchor,0.9791120435267349,0.9148163672808564,0.2191780821917808,0.5205479452054794,22,0.011144416,0.9994699,0.5211322259064816,0.24234454536630962,class_selective_prob,anchor=v110;side=v116;margin=0.15;w=0.3;gate=side_gt_anchor,0
v110_v116_cls_margin0.15_w0.3_side_rank_top,0.9791120435267349,0.9148163672808564,0.2191780821917808,0.5205479452054794,22,0.011144416,0.9994699,0.5211322259064816,0.24234454536630962,class_selective_prob,anchor=v110;side=v116;margin=0.15;w=0.3;gate=side_rank_top,0
v110_v116_cls_margin0.15_w0.3_anchor_not_top5,0.9791120435267349,0.9148163672808564,0.2191780821917808,0.5205479452054794,22,0.011144416,0.9994699,0.5211322259064816,0.24234454536630962,class_selective_prob,anchor=v110;side=v116;margin=0.15;w=0.3;gate=anchor_not_top5,0
v110_v116_cls_margin0.15_w0.35_none,0.9791120435267349,0.9148163672808564,0.2191780821917808,0.5205479452054794,22,0.011144416,0.9994699,0.5211322259064816,0.24234454536630962,class_selective_prob,anchor=v110;side=v116;margin=0.15;w=0.35;gate=none,0
v110_v116_cls_margin0.15_w0.35_side_gt_anchor,0.9791120435267349,0.9148163672808564,0.2191780821917808,0.5205479452054794,22,0.011144416,0.9994699,0.5211322259064816,0.24234454536630962,class_selective_prob,anchor=v110;side=v116;margin=0.15;w=0.35;gate=side_gt_anchor,0
v110_v116_cls_margin0.15_w0.35_side_rank_top,0.9791120435267349,0.9148163672808564,0.2191780821917808,0.5205479452054794,22,0.011144416,0.9994699,0.5211322259064816,0.24234454536630962,class_selective_prob,anchor=v110;side=v116;margin=0.15;w=0.35;gate=side_rank_top,0
v110_v116_cls_margin0.15_w0.35_anchor_not_top5,0.9791120435267349,0.9148163672808564,0.2191780821917808,0.5205479452054794,22,0.011144416,0.9994699,0.5211322259064816,0.24234454536630962,class_selective_prob,anchor=v110;side=v116;margin=0.15;w=0.35;gate=anchor_not_top5,0
v110_v116_cls_margin0.15_w0.4_none,0.9791120435267349,0.9148163672808564,0.2191780821917808,0.5205479452054794,22,0.011144416,0.9994699,0.5211322259064816,0.24234454536630962,class_selective_prob,anchor=v110;side=v116;margin=0.15;w=0.4;gate=none,0
v110_v116_cls_margin0.15_w0.4_side_gt_anchor,0.9791120435267349,0.9148163672808564,0.2191780821917808,0.5205479452054794,22,0.011144416,0.9994699,0.5211322259064816,0.24234454536630962,class_selective_prob,anchor=v110;side=v116;margin=0.15;w=0.4;gate=side_gt_anchor,0
v110_v116_cls_margin0.15_w0.4_side_rank_top,0.9791120435267349,0.9148163672808564,0.2191780821917808,0.5205479452054794,22,0.011144416,0.9994699,0.5211322259064816,0.24234454536630962,class_selective_prob,anchor=v110;side=v116;margin=0.15;w=0.4;gate=side_rank_top,0
v110_v116_cls_margin0.15_w0.4_anchor_not_top5,0.9791120435267349,0.9148163672808564,0.2191780821917808,0.5205479452054794,22,0.011144416,0.9994699,0.5211322259064816,0.24234454536630962,class_selective_prob,anchor=v110;side=v116;margin=0.15;w=0.4;gate=anchor_not_top5,0
v110_v119_cls_margin0.05_w0.05_none,0.9791120435267349,0.9148163672808564,0.2191780821917808,0.5205479452054794,22,0.011144416,0.9994699,0.5211322259064816,0.24234454536630962,class_selective_prob,anchor=v110;side=v119;margin=0.05;w=0.05;gate=none,0
v110_v119_cls_margin0.05_w0.05_side_gt_anchor,0.9791120435267349,0.9148163672808564,0.2191780821917808,0.5205479452054794,22,0.011144416,0.9994699,0.5211322259064816,0.24234454536630962,class_selective_prob,anchor=v110;side=v119;margin=0.05;w=0.05;gate=side_gt_anchor,0
v110_v119_cls_margin0.05_w0.05_side_rank_top,0.9791120435267349,0.9148163672808564,0.2191780821917808,0.5205479452054794,22,0.011144416,0.9994699,0.5211322259064816,0.24234454536630962,class_selective_prob,anchor=v110;side=v119;margin=0.05;w=0.05;gate=side_rank_top,0
v110_v119_cls_margin0.05_w0.05_anchor_not_top5,0.9791120435267349,0.9148163672808564,0.2191780821917808,0.5205479452054794,22,0.011144416,0.9994699,0.5211322259064816,0.24234454536630962,class_selective_prob,anchor=v110;side=v119;margin=0.05;w=0.05;gate=anchor_not_top5,0
v110_v119_cls_margin0.05_w0.08_none,0.9791120435267349,0.9148163672808564,0.2191780821917808,0.5205479452054794,22,0.011144416,0.9994699,0.5211322259064816,0.24234454536630962,class_selective_prob,anchor=v110;side=v119;margin=0.05;w=0.08;gate=none,0
v110_v119_cls_margin0.05_w0.08_side_gt_anchor,0.9791120435267349,0.9148163672808564,0.2191780821917808,0.5205479452054794,22,0.011144416,0.9994699,0.5211322259064816,0.24234454536630962,class_selective_prob,anchor=v110;side=v119;margin=0.05;w=0.08;gate=side_gt_anchor,0
v110_v119_cls_margin0.05_w0.08_side_rank_top,0.9791120435267349,0.9148163672808564,0.2191780821917808,0.5205479452054794,22,0.011144416,0.9994699,0.5211322259064816,0.24234454536630962,class_selective_prob,anchor=v110;side=v119;margin=0.05;w=0.08;gate=side_rank_top,0
v110_v119_cls_margin0.05_w0.08_anchor_not_top5,0.9791120435267349,0.9148163672808564,0.2191780821917808,0.5205479452054794,22,0.011144416,0.9994699,0.5211322259064816,0.24234454536630962,class_selective_prob,anchor=v110;side=v119;margin=0.05;w=0.08;gate=anchor_not_top5,0
v110_v119_cls_margin0.05_w0.1_none,0.9791120435267349,0.9148163672808564,0.2191780821917808,0.5205479452054794,22,0.011144416,0.9994699,0.5211322259064816,0.24234454536630962,class_selective_prob,anchor=v110;side=v119;margin=0.05;w=0.1;gate=none,0
v110_v119_cls_margin0.05_w0.1_side_gt_anchor,0.9791120435267349,0.9148163672808564,0.2191780821917808,0.5205479452054794,22,0.011144416,0.9994699,0.5211322259064816,0.24234454536630962,class_selective_prob,anchor=v110;side=v119;margin=0.05;w=0.1;gate=side_gt_anchor,0
v110_v119_cls_margin0.05_w0.1_side_rank_top,0.9791120435267349,0.9148163672808564,0.2191780821917808,0.5205479452054794,22,0.011144416,0.9994699,0.5211322259064816,0.24234454536630962,class_selective_prob,anchor=v110;side=v119;margin=0.05;w=0.1;gate=side_rank_top,0
v110_v119_cls_margin0.05_w0.1_anchor_not_top5,0.9791120435267349,0.9148163672808564,0.2191780821917808,0.5205479452054794,22,0.011144416,0.9994699,0.5211322259064816,0.24234454536630962,class_selective_prob,anchor=v110;side=v119;margin=0.05;w=0.1;gate=anchor_not_top5,0
v110_v119_cls_margin0.05_w0.12_none,0.9791120435267349,0.9148163672808564,0.2191780821917808,0.5205479452054794,22,0.011144416,0.9994699,0.5211322259064816,0.24234454536630962,class_selective_prob,anchor=v110;side=v119;margin=0.05;w=0.12;gate=none,0
v110_v119_cls_margin0.05_w0.12_side_gt_anchor,0.9791120435267349,0.9148163672808564,0.2191780821917808,0.5205479452054794,22,0.011144416,0.9994699,0.5211322259064816,0.24234454536630962,class_selective_prob,anchor=v110;side=v119;margin=0.05;w=0.12;gate=side_gt_anchor,0
v110_v119_cls_margin0.05_w0.12_side_rank_top,0.9791120435267349,0.9148163672808564,0.2191780821917808,0.5205479452054794,22,0.011144416,0.9994699,0.5211322259064816,0.24234454536630962,class_selective_prob,anchor=v110;side=v119;margin=0.05;w=0.12;gate=side_rank_top,0
v110_v119_cls_margin0.05_w0.12_anchor_not_top5,0.9791120435267349,0.9148163672808564,0.2191780821917808,0.5205479452054794,22,0.011144416,0.9994699,0.5211322259064816,0.24234454536630962,class_selective_prob,anchor=v110;side=v119;margin=0.05;w=0.12;gate=anchor_not_top5,0
v110_v119_cls_margin0.05_w0.15_none,0.9791120435267349,0.9148163672808564,0.2191780821917808,0.5205479452054794,22,0.011144416,0.9994699,0.5211322259064816,0.24234454536630962,class_selective_prob,anchor=v110;side=v119;margin=0.05;w=0.15;gate=none,0
v110_v119_cls_margin0.05_w0.15_side_gt_anchor,0.9791120435267349,0.9148163672808564,0.2191780821917808,0.5205479452054794,22,0.011144416,0.9994699,0.5211322259064816,0.24234454536630962,class_selective_prob,anchor=v110;side=v119;margin=0.05;w=0.15;gate=side_gt_anchor,0
v110_v119_cls_margin0.05_w0.15_side_rank_top,0.9791120435267349,0.9148163672808564,0.2191780821917808,0.5205479452054794,22,0.011144416,0.9994699,0.5211322259064816,0.24234454536630962,class_selective_prob,anchor=v110;side=v119;margin=0.05;w=0.15;gate=side_rank_top,0
v110_v119_cls_margin0.05_w0.15_anchor_not_top5,0.9791120435267349,0.9148163672808564,0.2191780821917808,0.5205479452054794,22,0.011144416,0.9994699,0.5211322259064816,0.24234454536630962,class_selective_prob,anchor=v110;side=v119;margin=0.05;w=0.15;gate=anchor_not_top5,0
v110_v119_cls_margin0.05_w0.18_none,0.9791120435267349,0.9148163672808564,0.2191780821917808,0.5205479452054794,22,0.011144416,0.9994699,0.5211322259064816,0.24234454536630962,class_selective_prob,anchor=v110;side=v119;margin=0.05;w=0.18;gate=none,0
v110_v119_cls_margin0.05_w0.18_side_gt_anchor,0.9791120435267349,0.9148163672808564,0.2191780821917808,0.5205479452054794,22,0.011144416,0.9994699,0.5211322259064816,0.24234454536630962,class_selective_prob,anchor=v110;side=v119;margin=0.05;w=0.18;gate=side_gt_anchor,0
v110_v119_cls_margin0.05_w0.18_side_rank_top,0.9791120435267349,0.9148163672808564,0.2191780821917808,0.5205479452054794,22,0.011144416,0.9994699,0.5211322259064816,0.24234454536630962,class_selective_prob,anchor=v110;side=v119;margin=0.05;w=0.18;gate=side_rank_top,0
v110_v119_cls_margin0.05_w0.18_anchor_not_top5,0.9791120435267349,0.9148163672808564,0.2191780821917808,0.5205479452054794,22,0.011144416,0.9994699,0.5211322259064816,0.24234454536630962,class_selective_prob,anchor=v110;side=v119;margin=0.05;w=0.18;gate=anchor_not_top5,0
v110_v119_cls_margin0.05_w0.2_none,0.9791120435267349,0.9148163672808564,0.2191780821917808,0.5205479452054794,22,0.011144416,0.9994699,0.5211322259064816,0.24234454536630962,class_selective_prob,anchor=v110;side=v119;margin=0.05;w=0.2;gate=none,0
v110_v119_cls_margin0.05_w0.2_side_gt_anchor,0.9791120435267349,0.9148163672808564,0.2191780821917808,0.5205479452054794,22,0.011144416,0.9994699,0.5211322259064816,0.24234454536630962,class_selective_prob,anchor=v110;side=v119;margin=0.05;w=0.2;gate=side_gt_anchor,0
v110_v119_cls_margin0.05_w0.2_side_rank_top,0.9791120435267349,0.9148163672808564,0.2191780821917808,0.5205479452054794,22,0.011144416,0.9994699,0.5211322259064816,0.24234454536630962,class_selective_prob,anchor=v110;side=v119;margin=0.05;w=0.2;gate=side_rank_top,0
v110_v119_cls_margin0.05_w0.2_anchor_not_top5,0.9791120435267349,0.9148163672808564,0.2191780821917808,0.5205479452054794,22,0.011144416,0.9994699,0.5211322259064816,0.24234454536630962,class_selective_prob,anchor=v110;side=v119;margin=0.05;w=0.2;gate=anchor_not_top5,0
v110_v119_cls_margin0.05_w0.25_none,0.9791120435267349,0.9148163672808564,0.2191780821917808,0.5205479452054794,22,0.011144416,0.9994699,0.5211322259064816,0.24234454536630962,class_selective_prob,anchor=v110;side=v119;margin=0.05;w=0.25;gate=none,0
v110_v119_cls_margin0.05_w0.25_side_gt_anchor,0.9791120435267349,0.9148163672808564,0.2191780821917808,0.5205479452054794,22,0.011144416,0.9994699,0.5211322259064816,0.24234454536630962,class_selective_prob,anchor=v110;side=v119;margin=0.05;w=0.25;gate=side_gt_anchor,0
v110_v119_cls_margin0.05_w0.25_side_rank_top,0.9791120435267349,0.9148163672808564,0.2191780821917808,0.5205479452054794,22,0.011144416,0.9994699,0.5211322259064816,0.24234454536630962,class_selective_prob,anchor=v110;side=v119;margin=0.05;w=0.25;gate=side_rank_top,0
v110_v119_cls_margin0.05_w0.25_anchor_not_top5,0.9791120435267349,0.9148163672808564,0.2191780821917808,0.5205479452054794,22,0.011144416,0.9994699,0.5211322259064816,0.24234454536630962,class_selective_prob,anchor=v110;side=v119;margin=0.05;w=0.25;gate=anchor_not_top5,0
v110_v119_cls_margin0.05_w0.3_none,0.9791120435267349,0.9148163672808564,0.2191780821917808,0.5205479452054794,22,0.011144416,0.9994699,0.5211322259064816,0.24234454536630962,class_selective_prob,anchor=v110;side=v119;margin=0.05;w=0.3;gate=none,0
v110_v119_cls_margin0.05_w0.3_side_gt_anchor,0.9791120435267349,0.9148163672808564,0.2191780821917808,0.5205479452054794,22,0.011144416,0.9994699,0.5211322259064816,0.24234454536630962,class_selective_prob,anchor=v110;side=v119;margin=0.05;w=0.3;gate=side_gt_anchor,0
v110_v119_cls_margin0.05_w0.3_side_rank_top,0.9791120435267349,0.9148163672808564,0.2191780821917808,0.5205479452054794,22,0.011144416,0.9994699,0.5211322259064816,0.24234454536630962,class_selective_prob,anchor=v110;side=v119;margin=0.05;w=0.3;gate=side_rank_top,0
v110_v119_cls_margin0.05_w0.3_anchor_not_top5,0.9791120435267349,0.9148163672808564,0.2191780821917808,0.5205479452054794,22,0.011144416,0.9994699,0.5211322259064816,0.24234454536630962,class_selective_prob,anchor=v110;side=v119;margin=0.05;w=0.3;gate=anchor_not_top5,0
v110_v119_cls_margin0.05_w0.35_none,0.9791120435267349,0.9148163672808564,0.2191780821917808,0.5205479452054794,22,0.011144416,0.9994699,0.5211322259064816,0.24234454536630962,class_selective_prob,anchor=v110;side=v119;margin=0.05;w=0.35;gate=none,0
v110_v119_cls_margin0.05_w0.35_side_gt_anchor,0.9791120435267349,0.9148163672808564,0.2191780821917808,0.5205479452054794,22,0.011144416,0.9994699,0.5211322259064816,0.24234454536630962,class_selective_prob,anchor=v110;side=v119;margin=0.05;w=0.35;gate=side_gt_anchor,0
v110_v119_cls_margin0.05_w0.35_side_rank_top,0.9791120435267349,0.9148163672808564,0.2191780821917808,0.5205479452054794,22,0.011144416,0.9994699,0.5211322259064816,0.24234454536630962,class_selective_prob,anchor=v110;side=v119;margin=0.05;w=0.35;gate=side_rank_top,0
v110_v119_cls_margin0.05_w0.35_anchor_not_top5,0.9791120435267349,0.9148163672808564,0.2191780821917808,0.5205479452054794,22,0.011144416,0.9994699,0.5211322259064816,0.24234454536630962,class_selective_prob,anchor=v110;side=v119;margin=0.05;w=0.35;gate=anchor_not_top5,0
v110_v119_cls_margin0.05_w0.4_none,0.9791120435267349,0.9148163672808564,0.2191780821917808,0.5205479452054794,22,0.011144416,0.9994699,0.5211322259064816,0.24234454536630962,class_selective_prob,anchor=v110;side=v119;margin=0.05;w=0.4;gate=none,0
v110_v119_cls_margin0.05_w0.4_side_gt_anchor,0.9791120435267349,0.9148163672808564,0.2191780821917808,0.5205479452054794,22,0.011144416,0.9994699,0.5211322259064816,0.24234454536630962,class_selective_prob,anchor=v110;side=v119;margin=0.05;w=0.4;gate=side_gt_anchor,0
v110_v119_cls_margin0.05_w0.4_side_rank_top,0.9791120435267349,0.9148163672808564,0.2191780821917808,0.5205479452054794,22,0.011144416,0.9994699,0.5211322259064816,0.24234454536630962,class_selective_prob,anchor=v110;side=v119;margin=0.05;w=0.4;gate=side_rank_top,0
v110_v119_cls_margin0.05_w0.4_anchor_not_top5,0.9791120435267349,0.9148163672808564,0.2191780821917808,0.5205479452054794,22,0.011144416,0.9994699,0.5211322259064816,0.24234454536630962,class_selective_prob,anchor=v110;side=v119;margin=0.05;w=0.4;gate=anchor_not_top5,0
v110_v119_cls_margin0.08_w0.05_none,0.9791120435267349,0.9148163672808564,0.2191780821917808,0.5205479452054794,22,0.011144416,0.9994699,0.5211322259064816,0.24234454536630962,class_selective_prob,anchor=v110;side=v119;margin=0.08;w=0.05;gate=none,0
v110_v119_cls_margin0.08_w0.05_side_gt_anchor,0.9791120435267349,0.9148163672808564,0.2191780821917808,0.5205479452054794,22,0.011144416,0.9994699,0.5211322259064816,0.24234454536630962,class_selective_prob,anchor=v110;side=v119;margin=0.08;w=0.05;gate=side_gt_anchor,0
v110_v119_cls_margin0.08_w0.05_side_rank_top,0.9791120435267349,0.9148163672808564,0.2191780821917808,0.5205479452054794,22,0.011144416,0.9994699,0.5211322259064816,0.24234454536630962,class_selective_prob,anchor=v110;side=v119;margin=0.08;w=0.05;gate=side_rank_top,0
v110_v119_cls_margin0.08_w0.05_anchor_not_top5,0.9791120435267349,0.9148163672808564,0.2191780821917808,0.5205479452054794,22,0.011144416,0.9994699,0.5211322259064816,0.24234454536630962,class_selective_prob,anchor=v110;side=v119;margin=0.08;w=0.05;gate=anchor_not_top5,0
v110_v119_cls_margin0.08_w0.08_none,0.9791120435267349,0.9148163672808564,0.2191780821917808,0.5205479452054794,22,0.011144416,0.9994699,0.5211322259064816,0.24234454536630962,class_selective_prob,anchor=v110;side=v119;margin=0.08;w=0.08;gate=none,0
v110_v119_cls_margin0.08_w0.08_side_gt_anchor,0.9791120435267349,0.9148163672808564,0.2191780821917808,0.5205479452054794,22,0.011144416,0.9994699,0.5211322259064816,0.24234454536630962,class_selective_prob,anchor=v110;side=v119;margin=0.08;w=0.08;gate=side_gt_anchor,0
v110_v119_cls_margin0.08_w0.08_side_rank_top,0.9791120435267349,0.9148163672808564,0.2191780821917808,0.5205479452054794,22,0.011144416,0.9994699,0.5211322259064816,0.24234454536630962,class_selective_prob,anchor=v110;side=v119;margin=0.08;w=0.08;gate=side_rank_top,0
v110_v119_cls_margin0.08_w0.08_anchor_not_top5,0.9791120435267349,0.9148163672808564,0.2191780821917808,0.5205479452054794,22,0.011144416,0.9994699,0.5211322259064816,0.24234454536630962,class_selective_prob,anchor=v110;side=v119;margin=0.08;w=0.08;gate=anchor_not_top5,0
v110_v119_cls_margin0.08_w0.1_none,0.9791120435267349,0.9148163672808564,0.2191780821917808,0.5205479452054794,22,0.011144416,0.9994699,0.5211322259064816,0.24234454536630962,class_selective_prob,anchor=v110;side=v119;margin=0.08;w=0.1;gate=none,0
v110_v119_cls_margin0.08_w0.1_side_gt_anchor,0.9791120435267349,0.9148163672808564,0.2191780821917808,0.5205479452054794,22,0.011144416,0.9994699,0.5211322259064816,0.24234454536630962,class_selective_prob,anchor=v110;side=v119;margin=0.08;w=0.1;gate=side_gt_anchor,0
v110_v119_cls_margin0.08_w0.1_side_rank_top,0.9791120435267349,0.9148163672808564,0.2191780821917808,0.5205479452054794,22,0.011144416,0.9994699,0.5211322259064816,0.24234454536630962,class_selective_prob,anchor=v110;side=v119;margin=0.08;w=0.1;gate=side_rank_top,0
v110_v119_cls_margin0.08_w0.1_anchor_not_top5,0.9791120435267349,0.9148163672808564,0.2191780821917808,0.5205479452054794,22,0.011144416,0.9994699,0.5211322259064816,0.24234454536630962,class_selective_prob,anchor=v110;side=v119;margin=0.08;w=0.1;gate=anchor_not_top5,0
v110_v119_cls_margin0.08_w0.12_none,0.9791120435267349,0.9148163672808564,0.2191780821917808,0.5205479452054794,22,0.011144416,0.9994699,0.5211322259064816,0.24234454536630962,class_selective_prob,anchor=v110;side=v119;margin=0.08;w=0.12;gate=none,0
v110_v119_cls_margin0.08_w0.12_side_gt_anchor,0.9791120435267349,0.9148163672808564,0.2191780821917808,0.5205479452054794,22,0.011144416,0.9994699,0.5211322259064816,0.24234454536630962,class_selective_prob,anchor=v110;side=v119;margin=0.08;w=0.12;gate=side_gt_anchor,0
v110_v119_cls_margin0.08_w0.12_side_rank_top,0.9791120435267349,0.9148163672808564,0.2191780821917808,0.5205479452054794,22,0.011144416,0.9994699,0.5211322259064816,0.24234454536630962,class_selective_prob,anchor=v110;side=v119;margin=0.08;w=0.12;gate=side_rank_top,0
v110_v119_cls_margin0.08_w0.12_anchor_not_top5,0.9791120435267349,0.9148163672808564,0.2191780821917808,0.5205479452054794,22,0.011144416,0.9994699,0.5211322259064816,0.24234454536630962,class_selective_prob,anchor=v110;side=v119;margin=0.08;w=0.12;gate=anchor_not_top5,0
v110_v119_cls_margin0.08_w0.15_none,0.9791120435267349,0.9148163672808564,0.2191780821917808,0.5205479452054794,22,0.011144416,0.9994699,0.5211322259064816,0.24234454536630962,class_selective_prob,anchor=v110;side=v119;margin=0.08;w=0.15;gate=none,0
v110_v119_cls_margin0.08_w0.15_side_gt_anchor,0.9791120435267349,0.9148163672808564,0.2191780821917808,0.5205479452054794,22,0.011144416,0.9994699,0.5211322259064816,0.24234454536630962,class_selective_prob,anchor=v110;side=v119;margin=0.08;w=0.15;gate=side_gt_anchor,0
v110_v119_cls_margin0.08_w0.15_side_rank_top,0.9791120435267349,0.9148163672808564,0.2191780821917808,0.5205479452054794,22,0.011144416,0.9994699,0.5211322259064816,0.24234454536630962,class_selective_prob,anchor=v110;side=v119;margin=0.08;w=0.15;gate=side_rank_top,0
v110_v119_cls_margin0.08_w0.15_anchor_not_top5,0.9791120435267349,0.9148163672808564,0.2191780821917808,0.5205479452054794,22,0.011144416,0.9994699,0.5211322259064816,0.24234454536630962,class_selective_prob,anchor=v110;side=v119;margin=0.08;w=0.15;gate=anchor_not_top5,0
v110_v119_cls_margin0.08_w0.18_none,0.9791120435267349,0.9148163672808564,0.2191780821917808,0.5205479452054794,22,0.011144416,0.9994699,0.5211322259064816,0.24234454536630962,class_selective_prob,anchor=v110;side=v119;margin=0.08;w=0.18;gate=none,0
v110_v119_cls_margin0.08_w0.18_side_gt_anchor,0.9791120435267349,0.9148163672808564,0.2191780821917808,0.5205479452054794,22,0.011144416,0.9994699,0.5211322259064816,0.24234454536630962,class_selective_prob,anchor=v110;side=v119;margin=0.08;w=0.18;gate=side_gt_anchor,0
v110_v119_cls_margin0.08_w0.18_side_rank_top,0.9791120435267349,0.9148163672808564,0.2191780821917808,0.5205479452054794,22,0.011144416,0.9994699,0.5211322259064816,0.24234454536630962,class_selective_prob,anchor=v110;side=v119;margin=0.08;w=0.18;gate=side_rank_top,0
v110_v119_cls_margin0.08_w0.18_anchor_not_top5,0.9791120435267349,0.9148163672808564,0.2191780821917808,0.5205479452054794,22,0.011144416,0.9994699,0.5211322259064816,0.24234454536630962,class_selective_prob,anchor=v110;side=v119;margin=0.08;w=0.18;gate=anchor_not_top5,0
v110_v119_cls_margin0.08_w0.2_none,0.9791120435267349,0.9148163672808564,0.2191780821917808,0.5205479452054794,22,0.011144416,0.9994699,0.5211322259064816,0.24234454536630962,class_selective_prob,anchor=v110;side=v119;margin=0.08;w=0.2;gate=none,0
v110_v119_cls_margin0.08_w0.2_side_gt_anchor,0.9791120435267349,0.9148163672808564,0.2191780821917808,0.5205479452054794,22,0.011144416,0.9994699,0.5211322259064816,0.24234454536630962,class_selective_prob,anchor=v110;side=v119;margin=0.08;w=0.2;gate=side_gt_anchor,0
v110_v119_cls_margin0.08_w0.2_side_rank_top,0.9791120435267349,0.9148163672808564,0.2191780821917808,0.5205479452054794,22,0.011144416,0.9994699,0.5211322259064816,0.24234454536630962,class_selective_prob,anchor=v110;side=v119;margin=0.08;w=0.2;gate=side_rank_top,0
v110_v119_cls_margin0.08_w0.2_anchor_not_top5,0.9791120435267349,0.9148163672808564,0.2191780821917808,0.5205479452054794,22,0.011144416,0.9994699,0.5211322259064816,0.24234454536630962,class_selective_prob,anchor=v110;side=v119;margin=0.08;w=0.2;gate=anchor_not_top5,0
v110_v119_cls_margin0.08_w0.25_none,0.9791120435267349,0.9148163672808564,0.2191780821917808,0.5205479452054794,22,0.011144416,0.9994699,0.5211322259064816,0.24234454536630962,class_selective_prob,anchor=v110;side=v119;margin=0.08;w=0.25;gate=none,0
v110_v119_cls_margin0.08_w0.25_side_gt_anchor,0.9791120435267349,0.9148163672808564,0.2191780821917808,0.5205479452054794,22,0.011144416,0.9994699,0.5211322259064816,0.24234454536630962,class_selective_prob,anchor=v110;side=v119;margin=0.08;w=0.25;gate=side_gt_anchor,0
v110_v119_cls_margin0.08_w0.25_side_rank_top,0.9791120435267349,0.9148163672808564,0.2191780821917808,0.5205479452054794,22,0.011144416,0.9994699,0.5211322259064816,0.24234454536630962,class_selective_prob,anchor=v110;side=v119;margin=0.08;w=0.25;gate=side_rank_top,0
v110_v119_cls_margin0.08_w0.25_anchor_not_top5,0.9791120435267349,0.9148163672808564,0.2191780821917808,0.5205479452054794,22,0.011144416,0.9994699,0.5211322259064816,0.24234454536630962,class_selective_prob,anchor=v110;side=v119;margin=0.08;w=0.25;gate=anchor_not_top5,0
v110_v119_cls_margin0.08_w0.3_none,0.9791120435267349,0.9148163672808564,0.2191780821917808,0.5205479452054794,22,0.011144416,0.9994699,0.5211322259064816,0.24234454536630962,class_selective_prob,anchor=v110;side=v119;margin=0.08;w=0.3;gate=none,0
v110_v119_cls_margin0.08_w0.3_side_gt_anchor,0.9791120435267349,0.9148163672808564,0.2191780821917808,0.5205479452054794,22,0.011144416,0.9994699,0.5211322259064816,0.24234454536630962,class_selective_prob,anchor=v110;side=v119;margin=0.08;w=0.3;gate=side_gt_anchor,0
v110_v119_cls_margin0.08_w0.3_side_rank_top,0.9791120435267349,0.9148163672808564,0.2191780821917808,0.5205479452054794,22,0.011144416,0.9994699,0.5211322259064816,0.24234454536630962,class_selective_prob,anchor=v110;side=v119;margin=0.08;w=0.3;gate=side_rank_top,0
v110_v119_cls_margin0.08_w0.3_anchor_not_top5,0.9791120435267349,0.9148163672808564,0.2191780821917808,0.5205479452054794,22,0.011144416,0.9994699,0.5211322259064816,0.24234454536630962,class_selective_prob,anchor=v110;side=v119;margin=0.08;w=0.3;gate=anchor_not_top5,0
v110_v119_cls_margin0.08_w0.35_none,0.9791120435267349,0.9148163672808564,0.2191780821917808,0.5205479452054794,22,0.011144416,0.9994699,0.5211322259064816,0.24234454536630962,class_selective_prob,anchor=v110;side=v119;margin=0.08;w=0.35;gate=none,0
v110_v119_cls_margin0.08_w0.35_side_gt_anchor,0.9791120435267349,0.9148163672808564,0.2191780821917808,0.5205479452054794,22,0.011144416,0.9994699,0.5211322259064816,0.24234454536630962,class_selective_prob,anchor=v110;side=v119;margin=0.08;w=0.35;gate=side_gt_anchor,0
v110_v119_cls_margin0.08_w0.35_side_rank_top,0.9791120435267349,0.9148163672808564,0.2191780821917808,0.5205479452054794,22,0.011144416,0.9994699,0.5211322259064816,0.24234454536630962,class_selective_prob,anchor=v110;side=v119;margin=0.08;w=0.35;gate=side_rank_top,0
v110_v119_cls_margin0.08_w0.35_anchor_not_top5,0.9791120435267349,0.9148163672808564,0.2191780821917808,0.5205479452054794,22,0.011144416,0.9994699,0.5211322259064816,0.24234454536630962,class_selective_prob,anchor=v110;side=v119;margin=0.08;w=0.35;gate=anchor_not_top5,0
v110_v119_cls_margin0.08_w0.4_none,0.9791120435267349,0.9148163672808564,0.2191780821917808,0.5205479452054794,22,0.011144416,0.9994699,0.5211322259064816,0.24234454536630962,class_selective_prob,anchor=v110;side=v119;margin=0.08;w=0.4;gate=none,0
v110_v119_cls_margin0.08_w0.4_side_gt_anchor,0.9791120435267349,0.9148163672808564,0.2191780821917808,0.5205479452054794,22,0.011144416,0.9994699,0.5211322259064816,0.24234454536630962,class_selective_prob,anchor=v110;side=v119;margin=0.08;w=0.4;gate=side_gt_anchor,0
v110_v119_cls_margin0.08_w0.4_side_rank_top,0.9791120435267349,0.9148163672808564,0.2191780821917808,0.5205479452054794,22,0.011144416,0.9994699,0.5211322259064816,0.24234454536630962,class_selective_prob,anchor=v110;side=v119;margin=0.08;w=0.4;gate=side_rank_top,0
v110_v119_cls_margin0.08_w0.4_anchor_not_top5,0.9791120435267349,0.9148163672808564,0.2191780821917808,0.5205479452054794,22,0.011144416,0.9994699,0.5211322259064816,0.24234454536630962,class_selective_prob,anchor=v110;side=v119;margin=0.08;w=0.4;gate=anchor_not_top5,0
v110_v119_cls_margin0.1_w0.05_none,0.9791120435267349,0.9148163672808564,0.2191780821917808,0.5205479452054794,22,0.011144416,0.9994699,0.5211322259064816,0.24234454536630962,class_selective_prob,anchor=v110;side=v119;margin=0.1;w=0.05;gate=none,0
v110_v119_cls_margin0.1_w0.05_side_gt_anchor,0.9791120435267349,0.9148163672808564,0.2191780821917808,0.5205479452054794,22,0.011144416,0.9994699,0.5211322259064816,0.24234454536630962,class_selective_prob,anchor=v110;side=v119;margin=0.1;w=0.05;gate=side_gt_anchor,0
v110_v119_cls_margin0.1_w0.05_side_rank_top,0.9791120435267349,0.9148163672808564,0.2191780821917808,0.5205479452054794,22,0.011144416,0.9994699,0.5211322259064816,0.24234454536630962,class_selective_prob,anchor=v110;side=v119;margin=0.1;w=0.05;gate=side_rank_top,0
v110_v119_cls_margin0.1_w0.05_anchor_not_top5,0.9791120435267349,0.9148163672808564,0.2191780821917808,0.5205479452054794,22,0.011144416,0.9994699,0.5211322259064816,0.24234454536630962,class_selective_prob,anchor=v110;side=v119;margin=0.1;w=0.05;gate=anchor_not_top5,0
v110_v119_cls_margin0.1_w0.08_none,0.9791120435267349,0.9148163672808564,0.2191780821917808,0.5205479452054794,22,0.011144416,0.9994699,0.5211322259064816,0.24234454536630962,class_selective_prob,anchor=v110;side=v119;margin=0.1;w=0.08;gate=none,0
v110_v119_cls_margin0.1_w0.08_side_gt_anchor,0.9791120435267349,0.9148163672808564,0.2191780821917808,0.5205479452054794,22,0.011144416,0.9994699,0.5211322259064816,0.24234454536630962,class_selective_prob,anchor=v110;side=v119;margin=0.1;w=0.08;gate=side_gt_anchor,0
v110_v119_cls_margin0.1_w0.08_side_rank_top,0.9791120435267349,0.9148163672808564,0.2191780821917808,0.5205479452054794,22,0.011144416,0.9994699,0.5211322259064816,0.24234454536630962,class_selective_prob,anchor=v110;side=v119;margin=0.1;w=0.08;gate=side_rank_top,0
v110_v119_cls_margin0.1_w0.08_anchor_not_top5,0.9791120435267349,0.9148163672808564,0.2191780821917808,0.5205479452054794,22,0.011144416,0.9994699,0.5211322259064816,0.24234454536630962,class_selective_prob,anchor=v110;side=v119;margin=0.1;w=0.08;gate=anchor_not_top5,0
v110_v119_cls_margin0.1_w0.1_none,0.9791120435267349,0.9148163672808564,0.2191780821917808,0.5205479452054794,22,0.011144416,0.9994699,0.5211322259064816,0.24234454536630962,class_selective_prob,anchor=v110;side=v119;margin=0.1;w=0.1;gate=none,0
v110_v119_cls_margin0.1_w0.1_side_gt_anchor,0.9791120435267349,0.9148163672808564,0.2191780821917808,0.5205479452054794,22,0.011144416,0.9994699,0.5211322259064816,0.24234454536630962,class_selective_prob,anchor=v110;side=v119;margin=0.1;w=0.1;gate=side_gt_anchor,0
v110_v119_cls_margin0.1_w0.1_side_rank_top,0.9791120435267349,0.9148163672808564,0.2191780821917808,0.5205479452054794,22,0.011144416,0.9994699,0.5211322259064816,0.24234454536630962,class_selective_prob,anchor=v110;side=v119;margin=0.1;w=0.1;gate=side_rank_top,0
v110_v119_cls_margin0.1_w0.1_anchor_not_top5,0.9791120435267349,0.9148163672808564,0.2191780821917808,0.5205479452054794,22,0.011144416,0.9994699,0.5211322259064816,0.24234454536630962,class_selective_prob,anchor=v110;side=v119;margin=0.1;w=0.1;gate=anchor_not_top5,0
v110_v119_cls_margin0.1_w0.12_none,0.9791120435267349,0.9148163672808564,0.2191780821917808,0.5205479452054794,22,0.011144416,0.9994699,0.5211322259064816,0.24234454536630962,class_selective_prob,anchor=v110;side=v119;margin=0.1;w=0.12;gate=none,0
v110_v119_cls_margin0.1_w0.12_side_gt_anchor,0.9791120435267349,0.9148163672808564,0.2191780821917808,0.5205479452054794,22,0.011144416,0.9994699,0.5211322259064816,0.24234454536630962,class_selective_prob,anchor=v110;side=v119;margin=0.1;w=0.12;gate=side_gt_anchor,0
v110_v119_cls_margin0.1_w0.12_side_rank_top,0.9791120435267349,0.9148163672808564,0.2191780821917808,0.5205479452054794,22,0.011144416,0.9994699,0.5211322259064816,0.24234454536630962,class_selective_prob,anchor=v110;side=v119;margin=0.1;w=0.12;gate=side_rank_top,0
v110_v119_cls_margin0.1_w0.12_anchor_not_top5,0.9791120435267349,0.9148163672808564,0.2191780821917808,0.5205479452054794,22,0.011144416,0.9994699,0.5211322259064816,0.24234454536630962,class_selective_prob,anchor=v110;side=v119;margin=0.1;w=0.12;gate=anchor_not_top5,0
v110_v119_cls_margin0.1_w0.15_none,0.9791120435267349,0.9148163672808564,0.2191780821917808,0.5205479452054794,22,0.011144416,0.9994699,0.5211322259064816,0.24234454536630962,class_selective_prob,anchor=v110;side=v119;margin=0.1;w=0.15;gate=none,0
v110_v119_cls_margin0.1_w0.15_side_gt_anchor,0.9791120435267349,0.9148163672808564,0.2191780821917808,0.5205479452054794,22,0.011144416,0.9994699,0.5211322259064816,0.24234454536630962,class_selective_prob,anchor=v110;side=v119;margin=0.1;w=0.15;gate=side_gt_anchor,0
v110_v119_cls_margin0.1_w0.15_side_rank_top,0.9791120435267349,0.9148163672808564,0.2191780821917808,0.5205479452054794,22,0.011144416,0.9994699,0.5211322259064816,0.24234454536630962,class_selective_prob,anchor=v110;side=v119;margin=0.1;w=0.15;gate=side_rank_top,0
v110_v119_cls_margin0.1_w0.15_anchor_not_top5,0.9791120435267349,0.9148163672808564,0.2191780821917808,0.5205479452054794,22,0.011144416,0.9994699,0.5211322259064816,0.24234454536630962,class_selective_prob,anchor=v110;side=v119;margin=0.1;w=0.15;gate=anchor_not_top5,0
v110_v119_cls_margin0.1_w0.18_none,0.9791120435267349,0.9148163672808564,0.2191780821917808,0.5205479452054794,22,0.011144416,0.9994699,0.5211322259064816,0.24234454536630962,class_selective_prob,anchor=v110;side=v119;margin=0.1;w=0.18;gate=none,0
v110_v119_cls_margin0.1_w0.18_side_gt_anchor,0.9791120435267349,0.9148163672808564,0.2191780821917808,0.5205479452054794,22,0.011144416,0.9994699,0.5211322259064816,0.24234454536630962,class_selective_prob,anchor=v110;side=v119;margin=0.1;w=0.18;gate=side_gt_anchor,0
v110_v119_cls_margin0.1_w0.18_side_rank_top,0.9791120435267349,0.9148163672808564,0.2191780821917808,0.5205479452054794,22,0.011144416,0.9994699,0.5211322259064816,0.24234454536630962,class_selective_prob,anchor=v110;side=v119;margin=0.1;w=0.18;gate=side_rank_top,0
v110_v119_cls_margin0.1_w0.18_anchor_not_top5,0.9791120435267349,0.9148163672808564,0.2191780821917808,0.5205479452054794,22,0.011144416,0.9994699,0.5211322259064816,0.24234454536630962,class_selective_prob,anchor=v110;side=v119;margin=0.1;w=0.18;gate=anchor_not_top5,0
v110_v119_cls_margin0.1_w0.2_none,0.9791120435267349,0.9148163672808564,0.2191780821917808,0.5205479452054794,22,0.011144416,0.9994699,0.5211322259064816,0.24234454536630962,class_selective_prob,anchor=v110;side=v119;margin=0.1;w=0.2;gate=none,0
v110_v119_cls_margin0.1_w0.2_side_gt_anchor,0.9791120435267349,0.9148163672808564,0.2191780821917808,0.5205479452054794,22,0.011144416,0.9994699,0.5211322259064816,0.24234454536630962,class_selective_prob,anchor=v110;side=v119;margin=0.1;w=0.2;gate=side_gt_anchor,0
v110_v119_cls_margin0.1_w0.2_side_rank_top,0.9791120435267349,0.9148163672808564,0.2191780821917808,0.5205479452054794,22,0.011144416,0.9994699,0.5211322259064816,0.24234454536630962,class_selective_prob,anchor=v110;side=v119;margin=0.1;w=0.2;gate=side_rank_top,0
v110_v119_cls_margin0.1_w0.2_anchor_not_top5,0.9791120435267349,0.9148163672808564,0.2191780821917808,0.5205479452054794,22,0.011144416,0.9994699,0.5211322259064816,0.24234454536630962,class_selective_prob,anchor=v110;side=v119;margin=0.1;w=0.2;gate=anchor_not_top5,0
v110_v119_cls_margin0.1_w0.25_none,0.9791120435267349,0.9148163672808564,0.2191780821917808,0.5205479452054794,22,0.011144416,0.9994699,0.5211322259064816,0.24234454536630962,class_selective_prob,anchor=v110;side=v119;margin=0.1;w=0.25;gate=none,0
v110_v119_cls_margin0.1_w0.25_side_gt_anchor,0.9791120435267349,0.9148163672808564,0.2191780821917808,0.5205479452054794,22,0.011144416,0.9994699,0.5211322259064816,0.24234454536630962,class_selective_prob,anchor=v110;side=v119;margin=0.1;w=0.25;gate=side_gt_anchor,0
v110_v119_cls_margin0.1_w0.25_side_rank_top,0.9791120435267349,0.9148163672808564,0.2191780821917808,0.5205479452054794,22,0.011144416,0.9994699,0.5211322259064816,0.24234454536630962,class_selective_prob,anchor=v110;side=v119;margin=0.1;w=0.25;gate=side_rank_top,0
v110_v119_cls_margin0.1_w0.25_anchor_not_top5,0.9791120435267349,0.9148163672808564,0.2191780821917808,0.5205479452054794,22,0.011144416,0.9994699,0.5211322259064816,0.24234454536630962,class_selective_prob,anchor=v110;side=v119;margin=0.1;w=0.25;gate=anchor_not_top5,0
v110_v119_cls_margin0.1_w0.3_none,0.9791120435267349,0.9148163672808564,0.2191780821917808,0.5205479452054794,22,0.011144416,0.9994699,0.5211322259064816,0.24234454536630962,class_selective_prob,anchor=v110;side=v119;margin=0.1;w=0.3;gate=none,0
v110_v119_cls_margin0.1_w0.3_side_gt_anchor,0.9791120435267349,0.9148163672808564,0.2191780821917808,0.5205479452054794,22,0.011144416,0.9994699,0.5211322259064816,0.24234454536630962,class_selective_prob,anchor=v110;side=v119;margin=0.1;w=0.3;gate=side_gt_anchor,0
v110_v119_cls_margin0.1_w0.3_side_rank_top,0.9791120435267349,0.9148163672808564,0.2191780821917808,0.5205479452054794,22,0.011144416,0.9994699,0.5211322259064816,0.24234454536630962,class_selective_prob,anchor=v110;side=v119;margin=0.1;w=0.3;gate=side_rank_top,0
v110_v119_cls_margin0.1_w0.3_anchor_not_top5,0.9791120435267349,0.9148163672808564,0.2191780821917808,0.5205479452054794,22,0.011144416,0.9994699,0.5211322259064816,0.24234454536630962,class_selective_prob,anchor=v110;side=v119;margin=0.1;w=0.3;gate=anchor_not_top5,0
v110_v119_cls_margin0.1_w0.35_none,0.9791120435267349,0.9148163672808564,0.2191780821917808,0.5205479452054794,22,0.011144416,0.9994699,0.5211322259064816,0.24234454536630962,class_selective_prob,anchor=v110;side=v119;margin=0.1;w=0.35;gate=none,0
v110_v119_cls_margin0.1_w0.35_side_gt_anchor,0.9791120435267349,0.9148163672808564,0.2191780821917808,0.5205479452054794,22,0.011144416,0.9994699,0.5211322259064816,0.24234454536630962,class_selective_prob,anchor=v110;side=v119;margin=0.1;w=0.35;gate=side_gt_anchor,0
v110_v119_cls_margin0.1_w0.35_side_rank_top,0.9791120435267349,0.9148163672808564,0.2191780821917808,0.5205479452054794,22,0.011144416,0.9994699,0.5211322259064816,0.24234454536630962,class_selective_prob,anchor=v110;side=v119;margin=0.1;w=0.35;gate=side_rank_top,0
v110_v119_cls_margin0.1_w0.35_anchor_not_top5,0.9791120435267349,0.9148163672808564,0.2191780821917808,0.5205479452054794,22,0.011144416,0.9994699,0.5211322259064816,0.24234454536630962,class_selective_prob,anchor=v110;side=v119;margin=0.1;w=0.35;gate=anchor_not_top5,0
v110_v119_cls_margin0.1_w0.4_none,0.9791120435267349,0.9148163672808564,0.2191780821917808,0.5205479452054794,22,0.011144416,0.9994699,0.5211322259064816,0.24234454536630962,class_selective_prob,anchor=v110;side=v119;margin=0.1;w=0.4;gate=none,0
v110_v119_cls_margin0.1_w0.4_side_gt_anchor,0.9791120435267349,0.9148163672808564,0.2191780821917808,0.5205479452054794,22,0.011144416,0.9994699,0.5211322259064816,0.24234454536630962,class_selective_prob,anchor=v110;side=v119;margin=0.1;w=0.4;gate=side_gt_anchor,0
v110_v119_cls_margin0.1_w0.4_side_rank_top,0.9791120435267349,0.9148163672808564,0.2191780821917808,0.5205479452054794,22,0.011144416,0.9994699,0.5211322259064816,0.24234454536630962,class_selective_prob,anchor=v110;side=v119;margin=0.1;w=0.4;gate=side_rank_top,0
v110_v119_cls_margin0.1_w0.4_anchor_not_top5,0.9791120435267349,0.9148163672808564,0.2191780821917808,0.5205479452054794,22,0.011144416,0.9994699,0.5211322259064816,0.24234454536630962,class_selective_prob,anchor=v110;side=v119;margin=0.1;w=0.4;gate=anchor_not_top5,0
v110_v119_cls_margin0.15_w0.05_none,0.9791120435267349,0.9148163672808564,0.2191780821917808,0.5205479452054794,22,0.011144416,0.9994699,0.5211322259064816,0.24234454536630962,class_selective_prob,anchor=v110;side=v119;margin=0.15;w=0.05;gate=none,0
v110_v119_cls_margin0.15_w0.05_side_gt_anchor,0.9791120435267349,0.9148163672808564,0.2191780821917808,0.5205479452054794,22,0.011144416,0.9994699,0.5211322259064816,0.24234454536630962,class_selective_prob,anchor=v110;side=v119;margin=0.15;w=0.05;gate=side_gt_anchor,0
v110_v119_cls_margin0.15_w0.05_side_rank_top,0.9791120435267349,0.9148163672808564,0.2191780821917808,0.5205479452054794,22,0.011144416,0.9994699,0.5211322259064816,0.24234454536630962,class_selective_prob,anchor=v110;side=v119;margin=0.15;w=0.05;gate=side_rank_top,0
v110_v119_cls_margin0.15_w0.05_anchor_not_top5,0.9791120435267349,0.9148163672808564,0.2191780821917808,0.5205479452054794,22,0.011144416,0.9994699,0.5211322259064816,0.24234454536630962,class_selective_prob,anchor=v110;side=v119;margin=0.15;w=0.05;gate=anchor_not_top5,0
v110_v119_cls_margin0.15_w0.08_none,0.9791120435267349,0.9148163672808564,0.2191780821917808,0.5205479452054794,22,0.011144416,0.9994699,0.5211322259064816,0.24234454536630962,class_selective_prob,anchor=v110;side=v119;margin=0.15;w=0.08;gate=none,0
v110_v119_cls_margin0.15_w0.08_side_gt_anchor,0.9791120435267349,0.9148163672808564,0.2191780821917808,0.5205479452054794,22,0.011144416,0.9994699,0.5211322259064816,0.24234454536630962,class_selective_prob,anchor=v110;side=v119;margin=0.15;w=0.08;gate=side_gt_anchor,0
v110_v119_cls_margin0.15_w0.08_side_rank_top,0.9791120435267349,0.9148163672808564,0.2191780821917808,0.5205479452054794,22,0.011144416,0.9994699,0.5211322259064816,0.24234454536630962,class_selective_prob,anchor=v110;side=v119;margin=0.15;w=0.08;gate=side_rank_top,0
v110_v119_cls_margin0.15_w0.08_anchor_not_top5,0.9791120435267349,0.9148163672808564,0.2191780821917808,0.5205479452054794,22,0.011144416,0.9994699,0.5211322259064816,0.24234454536630962,class_selective_prob,anchor=v110;side=v119;margin=0.15;w=0.08;gate=anchor_not_top5,0
v110_v119_cls_margin0.15_w0.1_none,0.9791120435267349,0.9148163672808564,0.2191780821917808,0.5205479452054794,22,0.011144416,0.9994699,0.5211322259064816,0.24234454536630962,class_selective_prob,anchor=v110;side=v119;margin=0.15;w=0.1;gate=none,0
v110_v119_cls_margin0.15_w0.1_side_gt_anchor,0.9791120435267349,0.9148163672808564,0.2191780821917808,0.5205479452054794,22,0.011144416,0.9994699,0.5211322259064816,0.24234454536630962,class_selective_prob,anchor=v110;side=v119;margin=0.15;w=0.1;gate=side_gt_anchor,0
v110_v119_cls_margin0.15_w0.1_side_rank_top,0.9791120435267349,0.9148163672808564,0.2191780821917808,0.5205479452054794,22,0.011144416,0.9994699,0.5211322259064816,0.24234454536630962,class_selective_prob,anchor=v110;side=v119;margin=0.15;w=0.1;gate=side_rank_top,0
v110_v119_cls_margin0.15_w0.1_anchor_not_top5,0.9791120435267349,0.9148163672808564,0.2191780821917808,0.5205479452054794,22,0.011144416,0.9994699,0.5211322259064816,0.24234454536630962,class_selective_prob,anchor=v110;side=v119;margin=0.15;w=0.1;gate=anchor_not_top5,0
v110_v119_cls_margin0.15_w0.12_none,0.9791120435267349,0.9148163672808564,0.2191780821917808,0.5205479452054794,22,0.011144416,0.9994699,0.5211322259064816,0.24234454536630962,class_selective_prob,anchor=v110;side=v119;margin=0.15;w=0.12;gate=none,0
v110_v119_cls_margin0.15_w0.12_side_gt_anchor,0.9791120435267349,0.9148163672808564,0.2191780821917808,0.5205479452054794,22,0.011144416,0.9994699,0.5211322259064816,0.24234454536630962,class_selective_prob,anchor=v110;side=v119;margin=0.15;w=0.12;gate=side_gt_anchor,0
v110_v119_cls_margin0.15_w0.12_side_rank_top,0.9791120435267349,0.9148163672808564,0.2191780821917808,0.5205479452054794,22,0.011144416,0.9994699,0.5211322259064816,0.24234454536630962,class_selective_prob,anchor=v110;side=v119;margin=0.15;w=0.12;gate=side_rank_top,0
v110_v119_cls_margin0.15_w0.12_anchor_not_top5,0.9791120435267349,0.9148163672808564,0.2191780821917808,0.5205479452054794,22,0.011144416,0.9994699,0.5211322259064816,0.24234454536630962,class_selective_prob,anchor=v110;side=v119;margin=0.15;w=0.12;gate=anchor_not_top5,0
v110_v119_cls_margin0.15_w0.15_none,0.9791120435267349,0.9148163672808564,0.2191780821917808,0.5205479452054794,22,0.011144416,0.9994699,0.5211322259064816,0.24234454536630962,class_selective_prob,anchor=v110;side=v119;margin=0.15;w=0.15;gate=none,0
v110_v119_cls_margin0.15_w0.15_side_gt_anchor,0.9791120435267349,0.9148163672808564,0.2191780821917808,0.5205479452054794,22,0.011144416,0.9994699,0.5211322259064816,0.24234454536630962,class_selective_prob,anchor=v110;side=v119;margin=0.15;w=0.15;gate=side_gt_anchor,0
v110_v119_cls_margin0.15_w0.15_side_rank_top,0.9791120435267349,0.9148163672808564,0.2191780821917808,0.5205479452054794,22,0.011144416,0.9994699,0.5211322259064816,0.24234454536630962,class_selective_prob,anchor=v110;side=v119;margin=0.15;w=0.15;gate=side_rank_top,0
v110_v119_cls_margin0.15_w0.15_anchor_not_top5,0.9791120435267349,0.9148163672808564,0.2191780821917808,0.5205479452054794,22,0.011144416,0.9994699,0.5211322259064816,0.24234454536630962,class_selective_prob,anchor=v110;side=v119;margin=0.15;w=0.15;gate=anchor_not_top5,0
v110_v119_cls_margin0.15_w0.18_none,0.9791120435267349,0.9148163672808564,0.2191780821917808,0.5205479452054794,22,0.011144416,0.9994699,0.5211322259064816,0.24234454536630962,class_selective_prob,anchor=v110;side=v119;margin=0.15;w=0.18;gate=none,0
v110_v119_cls_margin0.15_w0.18_side_gt_anchor,0.9791120435267349,0.9148163672808564,0.2191780821917808,0.5205479452054794,22,0.011144416,0.9994699,0.5211322259064816,0.24234454536630962,class_selective_prob,anchor=v110;side=v119;margin=0.15;w=0.18;gate=side_gt_anchor,0
v110_v119_cls_margin0.15_w0.18_side_rank_top,0.9791120435267349,0.9148163672808564,0.2191780821917808,0.5205479452054794,22,0.011144416,0.9994699,0.5211322259064816,0.24234454536630962,class_selective_prob,anchor=v110;side=v119;margin=0.15;w=0.18;gate=side_rank_top,0
v110_v119_cls_margin0.15_w0.18_anchor_not_top5,0.9791120435267349,0.9148163672808564,0.2191780821917808,0.5205479452054794,22,0.011144416,0.9994699,0.5211322259064816,0.24234454536630962,class_selective_prob,anchor=v110;side=v119;margin=0.15;w=0.18;gate=anchor_not_top5,0
v110_v119_cls_margin0.15_w0.2_none,0.9791120435267349,0.9148163672808564,0.2191780821917808,0.5205479452054794,22,0.011144416,0.9994699,0.5211322259064816,0.24234454536630962,class_selective_prob,anchor=v110;side=v119;margin=0.15;w=0.2;gate=none,0
v110_v119_cls_margin0.15_w0.2_side_gt_anchor,0.9791120435267349,0.9148163672808564,0.2191780821917808,0.5205479452054794,22,0.011144416,0.9994699,0.5211322259064816,0.24234454536630962,class_selective_prob,anchor=v110;side=v119;margin=0.15;w=0.2;gate=side_gt_anchor,0
v110_v119_cls_margin0.15_w0.2_side_rank_top,0.9791120435267349,0.9148163672808564,0.2191780821917808,0.5205479452054794,22,0.011144416,0.9994699,0.5211322259064816,0.24234454536630962,class_selective_prob,anchor=v110;side=v119;margin=0.15;w=0.2;gate=side_rank_top,0
v110_v119_cls_margin0.15_w0.2_anchor_not_top5,0.9791120435267349,0.9148163672808564,0.2191780821917808,0.5205479452054794,22,0.011144416,0.9994699,0.5211322259064816,0.24234454536630962,class_selective_prob,anchor=v110;side=v119;margin=0.15;w=0.2;gate=anchor_not_top5,0
v110_v119_cls_margin0.15_w0.25_none,0.9791120435267349,0.9148163672808564,0.2191780821917808,0.5205479452054794,22,0.011144416,0.9994699,0.5211322259064816,0.24234454536630962,class_selective_prob,anchor=v110;side=v119;margin=0.15;w=0.25;gate=none,0
v110_v119_cls_margin0.15_w0.25_side_gt_anchor,0.9791120435267349,0.9148163672808564,0.2191780821917808,0.5205479452054794,22,0.011144416,0.9994699,0.5211322259064816,0.24234454536630962,class_selective_prob,anchor=v110;side=v119;margin=0.15;w=0.25;gate=side_gt_anchor,0
v110_v119_cls_margin0.15_w0.25_side_rank_top,0.9791120435267349,0.9148163672808564,0.2191780821917808,0.5205479452054794,22,0.011144416,0.9994699,0.5211322259064816,0.24234454536630962,class_selective_prob,anchor=v110;side=v119;margin=0.15;w=0.25;gate=side_rank_top,0
v110_v119_cls_margin0.15_w0.25_anchor_not_top5,0.9791120435267349,0.9148163672808564,0.2191780821917808,0.5205479452054794,22,0.011144416,0.9994699,0.5211322259064816,0.24234454536630962,class_selective_prob,anchor=v110;side=v119;margin=0.15;w=0.25;gate=anchor_not_top5,0
v110_v119_cls_margin0.15_w0.3_none,0.9791120435267349,0.9148163672808564,0.2191780821917808,0.5205479452054794,22,0.011144416,0.9994699,0.5211322259064816,0.24234454536630962,class_selective_prob,anchor=v110;side=v119;margin=0.15;w=0.3;gate=none,0
v110_v119_cls_margin0.15_w0.3_side_gt_anchor,0.9791120435267349,0.9148163672808564,0.2191780821917808,0.5205479452054794,22,0.011144416,0.9994699,0.5211322259064816,0.24234454536630962,class_selective_prob,anchor=v110;side=v119;margin=0.15;w=0.3;gate=side_gt_anchor,0
v110_v119_cls_margin0.15_w0.3_side_rank_top,0.9791120435267349,0.9148163672808564,0.2191780821917808,0.5205479452054794,22,0.011144416,0.9994699,0.5211322259064816,0.24234454536630962,class_selective_prob,anchor=v110;side=v119;margin=0.15;w=0.3;gate=side_rank_top,0
v110_v119_cls_margin0.15_w0.3_anchor_not_top5,0.9791120435267349,0.9148163672808564,0.2191780821917808,0.5205479452054794,22,0.011144416,0.9994699,0.5211322259064816,0.24234454536630962,class_selective_prob,anchor=v110;side=v119;margin=0.15;w=0.3;gate=anchor_not_top5,0
v110_v119_cls_margin0.15_w0.35_none,0.9791120435267349,0.9148163672808564,0.2191780821917808,0.5205479452054794,22,0.011144416,0.9994699,0.5211322259064816,0.24234454536630962,class_selective_prob,anchor=v110;side=v119;margin=0.15;w=0.35;gate=none,0
v110_v119_cls_margin0.15_w0.35_side_gt_anchor,0.9791120435267349,0.9148163672808564,0.2191780821917808,0.5205479452054794,22,0.011144416,0.9994699,0.5211322259064816,0.24234454536630962,class_selective_prob,anchor=v110;side=v119;margin=0.15;w=0.35;gate=side_gt_anchor,0
v110_v119_cls_margin0.15_w0.35_side_rank_top,0.9791120435267349,0.9148163672808564,0.2191780821917808,0.5205479452054794,22,0.011144416,0.9994699,0.5211322259064816,0.24234454536630962,class_selective_prob,anchor=v110;side=v119;margin=0.15;w=0.35;gate=side_rank_top,0
v110_v119_cls_margin0.15_w0.35_anchor_not_top5,0.9791120435267349,0.9148163672808564,0.2191780821917808,0.5205479452054794,22,0.011144416,0.9994699,0.5211322259064816,0.24234454536630962,class_selective_prob,anchor=v110;side=v119;margin=0.15;w=0.35;gate=anchor_not_top5,0
v110_v119_cls_margin0.15_w0.4_none,0.9791120435267349,0.9148163672808564,0.2191780821917808,0.5205479452054794,22,0.011144416,0.9994699,0.5211322259064816,0.24234454536630962,class_selective_prob,anchor=v110;side=v119;margin=0.15;w=0.4;gate=none,0
v110_v119_cls_margin0.15_w0.4_side_gt_anchor,0.9791120435267349,0.9148163672808564,0.2191780821917808,0.5205479452054794,22,0.011144416,0.9994699,0.5211322259064816,0.24234454536630962,class_selective_prob,anchor=v110;side=v119;margin=0.15;w=0.4;gate=side_gt_anchor,0
v110_v119_cls_margin0.15_w0.4_side_rank_top,0.9791120435267349,0.9148163672808564,0.2191780821917808,0.5205479452054794,22,0.011144416,0.9994699,0.5211322259064816,0.24234454536630962,class_selective_prob,anchor=v110;side=v119;margin=0.15;w=0.4;gate=side_rank_top,0
v110_v119_cls_margin0.15_w0.4_anchor_not_top5,0.9791120435267349,0.9148163672808564,0.2191780821917808,0.5205479452054794,22,0.011144416,0.9994699,0.5211322259064816,0.24234454536630962,class_selective_prob,anchor=v110;side=v119;margin=0.15;w=0.4;gate=anchor_not_top5,0
v110_v119_cls_margin0.02_w0.15_side_gt_anchor,0.9791120435267349,0.9148161371596205,0.2191780821917808,0.5205479452054794,22,0.011144416,0.9994699,0.5211637297782497,0.24233671893827405,class_selective_prob,anchor=v110;side=v119;margin=0.02;w=0.15;gate=side_gt_anchor,1
v110_v119_cls_margin0.02_w0.18_side_gt_anchor,0.9791120435267349,0.9148155618565307,0.2191780821917808,0.5205479452054794,22,0.011144416,0.9994699,0.5211700305526034,0.2423355088891277,class_selective_prob,anchor=v110;side=v119;margin=0.02;w=0.18;gate=side_gt_anchor,1
v110_v119_cls_margin0.02_w0.2_side_gt_anchor,0.9791120435267349,0.914814756432205,0.2191780821917808,0.5205479452054794,22,0.011144416,0.9994699,0.5211742310688391,0.24233476797664857,class_selective_prob,anchor=v110;side=v119;margin=0.02;w=0.2;gate=side_gt_anchor,1
v110_v119_cls_margin0.02_w0.25_side_gt_anchor,0.9791120435267349,0.9148139510078792,0.2191780821917808,0.5205479452054794,22,0.011144416,0.9994699,0.5211847323594285,0.2423331459532395,class_selective_prob,anchor=v110;side=v119;margin=0.02;w=0.25;gate=side_gt_anchor,1
v110_v116_rank_cls_margin-0.02_w0.4_anchor_not_top5,0.9729747310562641,0.9040953640811357,0.2191780821917808,0.5205479452054794,22,0.0,1.0,0.4999618502622794,0.28902997504223044,class_selective_rank,anchor=v110;side=v116;margin=-0.02;w=0.4;gate=anchor_not_top5,10
v110_v116_rank_cls_margin-0.02_w0.4_none,0.9729631266807289,0.9035539463433218,0.2191780821917808,0.5068493150684932,22,0.0,1.0,0.5000278273926253,0.2890584813790018,class_selective_rank,anchor=v110;side=v116;margin=-0.02;w=0.4;gate=none,10
v110_v116_rank_cls_margin-0.02_w0.35_none,0.9728642158659688,0.9027819471271147,0.2191780821917808,0.5068493150684932,22,0.0,1.0,0.5000265643694796,0.289083575409613,class_selective_rank,anchor=v110;side=v116;margin=-0.02;w=0.35;gate=none,10
v110_v116_rank_cls_margin-0.02_w0.35_anchor_not_top5,0.9728594814401184,0.90323752964393,0.2191780821917808,0.5205479452054794,22,0.0,1.0,0.4999666189794945,0.28905743649989196,class_selective_rank,anchor=v110;side=v116;margin=-0.02;w=0.35;gate=anchor_not_top5,10
v114_v116_rank_cls_margin-0.02_w0.4_none,0.9727303508183166,0.9036340285334225,0.2328767123287671,0.5068493150684932,22,0.0,1.0,0.5000359563492989,0.28904458667673105,class_selective_rank,anchor=v114;side=v116;margin=-0.02;w=0.4;gate=none,10
v114_v116_rank_cls_margin-0.02_w0.35_none,0.9726230262202707,0.902845287997302,0.2328767123287671,0.5068493150684932,22,0.0,1.0,0.5000336775765932,0.2890709517214826,class_selective_rank,anchor=v114;side=v116;margin=-0.02;w=0.35;gate=none,10
v110_v116_rank_cls_margin-0.02_w0.3_none,0.9723875840888834,0.9022206814327026,0.2191780821917808,0.5068493150684932,22,0.0,1.0,0.500025309815941,0.2891323790715222,class_selective_rank,anchor=v110;side=v116;margin=-0.02;w=0.3;gate=none,10
v114_v116_rank_cls_margin-0.02_w0.4_anchor_not_top5,0.9723782307162403,0.9041545627690765,0.2328767123287671,0.5205479452054794,22,0.0,1.0,0.49997102087230844,0.28901776143908847,class_selective_rank,anchor=v114;side=v116;margin=-0.02;w=0.4;gate=anchor_not_top5,10
v110_v116_rank_cls_margin-0.02_w0.3_anchor_not_top5,0.9723744310867201,0.9026382939455908,0.2191780821917808,0.5205479452054794,22,0.0,1.0,0.4999713876967096,0.2891085721407338,class_selective_rank,anchor=v110;side=v116;margin=-0.02;w=0.3;gate=anchor_not_top5,10
v114_v116_rank_cls_margin-0.02_w0.35_anchor_not_top5,0.9722211058146691,0.9032925861496242,0.2328767123287671,0.5205479452054794,22,0.0,1.0,0.4999746432632699,0.2890462896641562,class_selective_rank,anchor=v114;side=v116;margin=-0.02;w=0.35;gate=anchor_not_top5,10
v114_v116_rank_cls_margin-0.02_w0.3_none,0.9719400149773038,0.9022977720467362,0.2328767123287671,0.5068493150684932,22,0.0,1.0,0.5000314071674665,0.2891211605368345,class_selective_rank,anchor=v114;side=v116;margin=-0.02;w=0.3;gate=none,10
v110_v116_rank_cls_margin-0.02_w0.25_anchor_not_top5,0.9715766920016861,0.9017874206757717,0.2191780821917808,0.5205479452054794,22,0.0,1.0,0.4999761564139247,0.2891833694059997,class_selective_rank,anchor=v110;side=v116;margin=-0.02;w=0.25;gate=anchor_not_top5,10
v110_v116_rank_cls_margin-0.02_w0.25_none,0.9715650876261509,0.9014317107753463,0.2191780821917808,0.5068493150684932,22,0.0,1.0,0.5000240637215146,0.28920487879368467,class_selective_rank,anchor=v110;side=v116;margin=-0.02;w=0.25;gate=none,10
v114_v116_rank_cls_margin-0.02_w0.3_anchor_not_top5,0.9715380945717023,0.9027092288165636,0.2328767123287671,0.5205479452054794,22,0.0,1.0,0.49997826565423137,0.2890986243751324,class_selective_rank,anchor=v114;side=v116;margin=-0.02;w=0.3;gate=anchor_not_top5,10
v114_v116_rank_cls_margin-0.02_w0.25_none,0.9711712789306329,0.9015310656189554,0.2328767123287671,0.5068493150684932,22,0.0,1.0,0.5000291451115775,0.2891951991091715,class_selective_rank,anchor=v114;side=v116;margin=-0.02;w=0.25;gate=none,10
v114_v116_rank_cls_margin-0.02_w0.25_anchor_not_top5,0.9707693585250314,0.9018756721697475,0.2328767123287671,0.5205479452054794,22,0.0,1.0,0.4999818880451928,0.28917475264655734,class_selective_rank,anchor=v114;side=v116;margin=-0.02;w=0.25;gate=anchor_not_top5,10
v110_v116_rank_cls_margin-0.02_w0.2_anchor_not_top5,0.9693692229374286,0.9010470631295038,0.2191780821917808,0.5205479452054794,22,0.0,1.0,0.49998092513113973,0.28928180994170366,class_selective_rank,anchor=v110;side=v116;margin=-0.02;w=0.2;gate=anchor_not_top5,10
v110_v116_rank_cls_margin-0.02_w0.2_none,0.9693576185618934,0.9008038249831349,0.2191780821917808,0.5205479452054794,22,0.0,1.0,0.500022826075725,0.28930105519728005,class_selective_rank,anchor=v110;side=v116;margin=-0.02;w=0.2;gate=none,10
v114_v116_rank_cls_margin-0.02_w0.2_none,0.9693382435000175,0.9009043304329236,0.2328767123287671,0.5205479452054794,22,0.0,1.0,0.5000268913986045,0.2892930475517834,class_selective_rank,anchor=v114;side=v116;margin=-0.02;w=0.2;gate=none,10
v114_v116_rank_cls_margin-0.02_w0.2_anchor_not_top5,0.9693306727534717,0.9011442318213716,0.2328767123287671,0.5205479452054794,22,0.0,1.0,0.49998551043615413,0.2892746556932123,class_selective_rank,anchor=v114;side=v116;margin=-0.02;w=0.2;gate=anchor_not_top5,10
v110_v116_rank_cls_margin-0.02_w0.18_none,0.9687637563618122,0.9004076137451874,0.2191780821917808,0.5205479452054794,22,0.0,1.0,0.5000223333806848,0.28934614978661904,class_selective_rank,anchor=v110;side=v116;margin=-0.02;w=0.18;gate=none,10
v114_v116_rank_cls_margin-0.02_w0.18_anchor_not_top5,0.9687594682437887,0.9007083246702277,0.2328767123287671,0.5205479452054794,22,0.0,1.0,0.4999869593925388,0.2893212685291096,class_selective_rank,anchor=v114;side=v116;margin=-0.02;w=0.18;gate=anchor_not_top5,10
v114_v116_rank_cls_margin-0.02_w0.18_none,0.9687546603014853,0.9004959802997813,0.2328767123287671,0.5205479452054794,22,0.0,1.0,0.5000259922471232,0.28933884812352356,class_selective_rank,anchor=v114;side=v116;margin=-0.02;w=0.18;gate=none,10
v110_v116_rank_cls_margin-0.02_w0.18_anchor_not_top5,0.9687506033596488,0.9006241578281894,0.2191780821917808,0.5205479452054794,22,0.0,1.0,0.49998283261802584,0.28932780106065353,class_selective_rank,anchor=v110;side=v116;margin=-0.02;w=0.18;gate=anchor_not_top5,10
v110_v116_rank_cls_margin-0.02_w0.4_side_gt_anchor,0.9683251285604579,0.9061679509924612,0.2191780821917808,0.5205479452054794,22,0.0,1.0,0.5015002506633408,0.28941268457024083,class_selective_rank,anchor=v110;side=v116;margin=-0.02;w=0.4;gate=side_gt_anchor,10
v110_v116_rank_cls_margin-0.02_w0.4_side_rank_top,0.9680983203402977,0.9037830895639904,0.2191780821917808,0.5068493150684932,22,0.0,1.0,0.5003738123532224,0.290035173655943,class_selective_rank,anchor=v110;side=v116;margin=-0.02;w=0.4;gate=side_rank_top,10
v110_v116_rank_cls_margin-0.02_w0.35_side_gt_anchor,0.9678379163775063,0.9050745874702899,0.2191780821917808,0.5205479452054794,22,0.0,1.0,0.5013127193304232,0.2894349880685334,class_selective_rank,anchor=v110;side=v116;margin=-0.02;w=0.35;gate=side_gt_anchor,10
v110_v116_rank_cls_margin-0.02_w0.15_none,0.9677686473684218,0.9000119202800207,0.2191780821917808,0.5205479452054794,22,0.0,1.0,0.5000215968681165,0.289420883118834,class_selective_rank,anchor=v110;side=v116;margin=-0.02;w=0.15;gate=none,10
v110_v116_rank_cls_margin-0.02_w0.15_anchor_not_top5,0.9677228167634871,0.9001737530391823,0.2191780821917808,0.5205479452054794,22,0.0,1.0,0.4999856938483548,0.28940386962111825,class_selective_rank,anchor=v110;side=v116;margin=-0.02;w=0.15;gate=anchor_not_top5,10
v114_v116_rank_cls_margin-0.02_w0.4_side_gt_anchor,0.9676305823842918,0.9062381954997261,0.2328767123287671,0.5205479452054794,22,0.0,1.0,0.5015143734027854,0.28940663648687753,class_selective_rank,anchor=v114;side=v116;margin=-0.02;w=0.4;gate=side_gt_anchor,10
v114_v116_rank_cls_margin-0.02_w0.15_none,0.9676259195084213,0.9001440673997485,0.2328767123287671,0.5205479452054794,22,0.0,1.0,0.5000246460182448,0.289414680128732,class_selective_rank,anchor=v114;side=v116;margin=-0.02;w=0.15;gate=none,10
v114_v116_rank_cls_margin-0.02_w0.15_anchor_not_top5,0.9676228072256521,0.900306532992309,0.2328767123287671,0.5205479452054794,22,0.0,1.0,0.49998913282711566,0.2893983088932633,class_selective_rank,anchor=v114;side=v116;margin=-0.02;w=0.15;gate=anchor_not_top5,10
v110_v116_rank_cls_margin-0.02_w0.35_side_rank_top,0.9675836597359395,0.9029563790239431,0.2191780821917808,0.5068493150684932,22,0.0,1.0,0.500329299641666,0.29001154498406173,class_selective_rank,anchor=v110;side=v116;margin=-0.02;w=0.35;gate=side_rank_top,10
v114_v116_rank_cls_margin-0.02_w0.4_side_rank_top,0.9673178630830293,0.9038593747536984,0.2328767123287671,0.5068493150684932,22,0.0,1.0,0.5003738732270994,0.2900360264704607,class_selective_rank,anchor=v114;side=v116;margin=-0.02;w=0.4;gate=side_rank_top,10
v110_v116_rank_cls_margin-0.02_w0.3_side_gt_anchor,0.9672873011229011,0.9040833402465588,0.2191780821917808,0.5205479452054794,22,0.0,1.0,0.5011251879975056,0.2894687430941074,class_selective_rank,anchor=v110;side=v116;margin=-0.02;w=0.3;gate=side_gt_anchor,10
v114_v116_rank_cls_margin-0.02_w0.35_side_gt_anchor,0.9672465503482262,0.9051353970068822,0.2328767123287671,0.5205479452054794,22,0.0,1.0,0.5013250767274372,0.2894293826088536,class_selective_rank,anchor=v114;side=v116;margin=-0.02;w=0.35;gate=side_gt_anchor,10
v110_v116_rank_cls_margin-0.02_w0.3_side_rank_top,0.9672330958612133,0.9023112341390377,0.2191780821917808,0.5068493150684932,22,0.0,1.0,0.5002847958512759,0.28999062364543354,class_selective_rank,anchor=v110;side=v116;margin=-0.02;w=0.3;gate=side_rank_top,10
v110_v116_rank_cls_margin-0.02_w0.12_none,0.9671761351624659,0.899551907929414,0.2191780821917808,0.5205479452054794,22,0.0,1.0,0.5000208633895361,0.2895041199768345,class_selective_rank,anchor=v110;side=v116;margin=-0.02;w=0.12;gate=none,10
v110_v116_rank_cls_margin-0.02_w0.12_anchor_not_top5,0.9671629821603024,0.8997024072177066,0.2191780821917808,0.5205479452054794,22,0.0,1.0,0.49998855507868384,0.28948843042971695,class_selective_rank,anchor=v110;side=v116;margin=-0.02;w=0.12;gate=anchor_not_top5,10
v114_v116_rank_cls_margin-0.02_w0.35_side_rank_top,0.9671591925507935,0.9030229991217423,0.2328767123287671,0.5068493150684932,22,0.0,1.0,0.5003293529063083,0.2900122846609433,class_selective_rank,anchor=v114;side=v116;margin=-0.02;w=0.35;gate=side_rank_top,10
v114_v116_rank_cls_margin-0.02_w0.12_anchor_not_top5,0.966998737066169,0.8997941680605301,0.2328767123287671,0.5205479452054794,22,0.0,1.0,0.4999913062616925,0.28948388846927753,class_selective_rank,anchor=v114;side=v116;margin=-0.02;w=0.12;gate=anchor_not_top5,10
v114_v116_rank_cls_margin-0.02_w0.12_none,0.9669691717461671,0.8996468329392315,0.2328767123287671,0.5205479452054794,22,0.0,1.0,0.5000233027854052,0.28949906317380364,class_selective_rank,anchor=v114;side=v116;margin=-0.02;w=0.12;gate=none,10
v114_v116_rank_cls_margin-0.02_w0.3_side_rank_top,0.9668075761014677,0.9023837223283528,0.2328767123287671,0.5068493150684932,22,0.0,1.0,0.5002848415066837,0.28999125204706566,class_selective_rank,anchor=v114;side=v116;margin=-0.02;w=0.3;gate=side_rank_top,10
v110_v116_rank_cls_margin-0.02_w0.25_side_rank_top,0.9667517681971,0.9015077658438183,0.2191780821917808,0.5068493150684932,22,0.0,1.0,0.5002403009698186,0.2899724095311338,class_selective_rank,anchor=v110;side=v116;margin=-0.02;w=0.25;gate=side_rank_top,10
v114_v116_rank_cls_margin-0.02_w0.3_side_gt_anchor,0.9666113343569922,0.9041758489833992,0.2328767123287671,0.5205479452054794,22,0.0,1.0,0.501135780052089,0.28946367004047424,class_selective_rank,anchor=v114;side=v116;margin=-0.02;w=0.3;gate=side_gt_anchor,10
v110_v116_rank_cls_margin-0.02_w0.25_side_gt_anchor,0.9665314588938277,0.9030047620137955,0.2191780821917808,0.5205479452054794,22,0.0,1.0,0.500937656664588,0.28951394564149147,class_selective_rank,anchor=v110;side=v116;margin=-0.02;w=0.25;gate=side_gt_anchor,10
v114_v116_rank_cls_margin-0.02_w0.25_side_rank_top,0.9663931714416343,0.9016020580202371,0.2328767123287671,0.5068493150684932,22,0.0,1.0,0.5002403390159917,0.28997292852252743,class_selective_rank,anchor=v114;side=v116;margin=-0.02;w=0.25;gate=side_rank_top,10
v114_v116_rank_cls_margin-0.02_w0.1_none,0.966062051754195,0.8994086574600529,0.2328767123287671,0.5205479452054794,22,0.0,1.0,0.5000224089602159,0.2895600652858712,class_selective_rank,anchor=v114;side=v116;margin=-0.02;w=0.1;gate=none,10
v114_v116_rank_cls_margin-0.02_w0.1_anchor_not_top5,0.9660421023187996,0.8995176198652617,0.2328767123287671,0.5205479452054794,22,0.0,1.0,0.49999275521807707,0.28954568181853413,class_selective_rank,anchor=v114;side=v116;margin=-0.02;w=0.1;gate=anchor_not_top5,10
v110_v116_rank_cls_margin-0.02_w0.1_anchor_not_top5,0.9660210394887074,0.8993785691084563,0.2191780821917808,0.5205479452054794,22,0.0,1.0,0.4999904625655699,0.28954951857427524,class_selective_rank,anchor=v110;side=v116;margin=-0.02;w=0.1;gate=anchor_not_top5,10
v110_v116_rank_cls_margin-0.02_w0.1_none,0.9660094351131725,0.8992687437486128,0.2191780821917808,0.5205479452054794,22,0.0,1.0,0.5000203760882529,0.2895643316403762,class_selective_rank,anchor=v110;side=v116;margin=-0.02;w=0.1;gate=none,10
v114_v116_rank_cls_margin-0.02_w0.25_side_gt_anchor,0.9659986124798322,0.9031052099332751,0.2328767123287671,0.5205479452054794,22,0.0,1.0,0.5009464833767409,0.2895094946811294,class_selective_rank,anchor=v114;side=v116;margin=-0.02;w=0.25;gate=side_gt_anchor,10
v110_v116_rank_cls_margin-0.02_w0.2_side_rank_top,0.9659954923636196,0.9008201060605764,0.2191780821917808,0.5205479452054794,22,0.0,1.0,0.5001958149850856,0.2899569024573311,class_selective_rank,anchor=v110;side=v116;margin=-0.02;w=0.2;gate=side_rank_top,10
v110_v119_rank_cls_margin-0.02_w0.4_none,0.9658599885242779,0.8976987416165395,0.2191780821917808,0.5205479452054794,22,0.0,1.0,0.5000278857024472,0.28823645401076914,class_selective_rank,anchor=v110;side=v119;margin=-0.02;w=0.4;gate=none,7
v110_v116_rank_cls_margin-0.02_w0.2_side_gt_anchor,0.9658468733735162,0.9019873384994783,0.2191780821917808,0.5205479452054794,22,0.0,1.0,0.5007501253316704,0.28957059034974275,class_selective_rank,anchor=v110;side=v116;margin=-0.02;w=0.2;gate=side_gt_anchor,10
v110_v116_rank_cls_margin-0.02_w0.18_side_rank_top,0.9657809615195488,0.9004433975973732,0.2191780821917808,0.5205479452054794,22,0.0,1.0,0.5001780230795453,0.2899514575437071,class_selective_rank,anchor=v110;side=v116;margin=-0.02;w=0.18;gate=side_rank_top,10
v114_v119_rank_cls_margin-0.02_w0.4_none,0.9657681999469611,0.8979104531535872,0.2328767123287671,0.5205479452054794,22,0.0,1.0,0.5000284967610369,0.288219043025097,class_selective_rank,anchor=v114;side=v119;margin=-0.02;w=0.4;gate=none,7
v110_v116_rank_cls_margin-0.02_w0.08_anchor_not_top5,0.9656902309786409,0.8989753967031221,0.2191780821917808,0.5205479452054794,22,0.0,1.0,0.4999923700524559,0.2896143753737894,class_selective_rank,anchor=v110;side=v116;margin=-0.02;w=0.08;gate=anchor_not_top5,10
v110_v116_rank_cls_margin-0.02_w0.08_none,0.9656786266031058,0.8989140118634401,0.2191780821917808,0.5205479452054794,22,0.0,1.0,0.5000198901337422,0.2896283168018109,class_selective_rank,anchor=v110;side=v116;margin=-0.02;w=0.08;gate=none,10
v114_v116_rank_cls_margin-0.02_w0.2_side_rank_top,0.9656413820079898,0.9009201512678933,0.2328767123287671,0.5205479452054794,22,0.0,1.0,0.500195845422024,0.2899573139060186,class_selective_rank,anchor=v114;side=v116;margin=-0.02;w=0.2;gate=side_rank_top,10
v114_v116_rank_cls_margin-0.02_w0.18_side_rank_top,0.9655440161287415,0.9005238824996367,0.2328767123287671,0.5205479452054794,22,0.0,1.0,0.5001780504727898,0.2899518264987664,class_selective_rank,anchor=v114;side=v116;margin=-0.02;w=0.18;gate=side_rank_top,10
v110_v116_rank_cls_margin-0.02_w0.18_side_gt_anchor,0.9655236138220691,0.9014605909904545,0.2191780821917808,0.5205479452054794,22,0.0,1.0,0.5006751127985033,0.2895964505796718,class_selective_rank,anchor=v110;side=v116;margin=-0.02;w=0.18;gate=side_gt_anchor,10
v114_v116_rank_cls_margin-0.02_w0.08_none,0.9655175033777961,0.8990360911790963,0.2328767123287671,0.5205479452054794,22,0.0,1.0,0.5000215164649572,0.2896248619015289,class_selective_rank,anchor=v114;side=v116;margin=-0.02;w=0.08;gate=none,10
v114_v116_rank_cls_margin-0.02_w0.08_anchor_not_top5,0.9654975539424008,0.8990959802307449,0.2328767123287671,0.5205479452054794,22,0.0,1.0,0.4999942041744616,0.2896112645964009,class_selective_rank,anchor=v114;side=v116;margin=-0.02;w=0.08;gate=anchor_not_top5,10
v110_v119_rank_cls_margin0_w0.4_none,0.9654780175540716,0.8976986840862305,0.2191780821917808,0.5205479452054794,22,0.0,1.0,0.5000114663365784,0.2882863857971268,class_selective_rank,anchor=v110;side=v119;margin=0;w=0.4;gate=none,6
v110_v119_rank_cls_margin-0.02_w0.35_none,0.9654358519274905,0.8977627728504347,0.2191780821917808,0.5205479452054794,22,0.0,1.0,0.5000266203713893,0.288337687818504,class_selective_rank,anchor=v110;side=v119;margin=-0.02;w=0.35;gate=none,7
v114_v116_rank_cls_margin-0.02_w0.2_side_gt_anchor,0.965419441834209,0.9020868084037054,0.2328767123287671,0.5205479452054794,22,0.0,1.0,0.5007571867013927,0.28956685105344704,class_selective_rank,anchor=v114;side=v116;margin=-0.02;w=0.2;gate=side_gt_anchor,10
v114_v119_rank_cls_margin0_w0.4_none,0.9653862289767549,0.8979076341684471,0.2328767123287671,0.5205479452054794,22,0.0,1.0,0.5000125055672443,0.28827005233031805,class_selective_rank,anchor=v114;side=v119;margin=0;w=0.4;gate=none,6
v114_v119_rank_cls_margin-0.02_w0.35_none,0.9653440633501735,0.8979588361434396,0.2328767123287671,0.5205479452054794,22,0.0,1.0,0.5000271550822055,0.2883219371443871,class_selective_rank,anchor=v114;side=v119;margin=-0.02;w=0.35;gate=none,7
v110_v116_rank_cls_margin-0.02_w0.15_side_rank_top,0.9653026956773171,0.8999852262166539,0.2191780821917808,0.5205479452054794,22,0.0,1.0,0.5001513378848936,0.2899441021652788,class_selective_rank,anchor=v110;side=v116;margin=-0.02;w=0.15;gate=side_rank_top,10
v114_v116_rank_cls_margin-0.02_w0.18_side_gt_anchor,0.9652493603489681,0.9015430894535322,0.2328767123287671,0.5205479452054794,22,0.0,1.0,0.5006814680312534,0.2895930209987071,class_selective_rank,anchor=v114;side=v116;margin=-0.02;w=0.18;gate=side_gt_anchor,10
v110_v119_rank_cls_margin-0.02_w0.4_anchor_not_top5,0.9651397591514951,0.8985317804905748,0.2191780821917808,0.5205479452054794,22,0.0,1.0,0.4999589156670702,0.28821058623493084,class_selective_rank,anchor=v110;side=v119;margin=-0.02;w=0.4;gate=anchor_not_top5,7
v114_v116_rank_cls_margin-0.02_w0.15_side_rank_top,0.965127946151782,0.9001128284419723,0.2328767123287671,0.5205479452054794,22,0.0,1.0,0.5001513607125976,0.28994440794121096,class_selective_rank,anchor=v114;side=v116;margin=-0.02;w=0.15;gate=side_rank_top,10
v110_v119_rank_cls_margin-0.02_w0.35_anchor_not_top5,0.9650975935249139,0.8985077328214209,0.2191780821917808,0.5205479452054794,22,0.0,1.0,0.4999640512086864,0.2883138447154133,class_selective_rank,anchor=v110;side=v119;margin=-0.02;w=0.35;gate=anchor_not_top5,7
v110_v119_rank_cls_margin0_w0.35_none,0.9650538809572843,0.8977485628641165,0.2191780821917808,0.5205479452054794,22,0.0,1.0,0.5000122519245981,0.28838613389080814,class_selective_rank,anchor=v110;side=v119;margin=0;w=0.35;gate=none,6
v110_v119_rank_cls_margin-0.02_w0.3_anchor_not_top5,0.9650432420322507,0.8983674163978179,0.2191780821917808,0.5205479452054794,22,0.0,1.0,0.4999691867503026,0.28844845820602155,class_selective_rank,anchor=v110;side=v119;margin=-0.02;w=0.3;gate=anchor_not_top5,7
v114_v119_rank_cls_margin-0.02_w0.4_anchor_not_top5,0.9650166366953978,0.8987346898903484,0.2328767123287671,0.5205479452054794,22,0.0,1.0,0.4999592824914713,0.2881927539126538,class_selective_rank,anchor=v114;side=v119;margin=-0.02;w=0.4;gate=anchor_not_top5,7
v110_v119_rank_cls_margin-0.02_w0.25_anchor_not_top5,0.9650010764056695,0.8983441166226809,0.2191780821917808,0.5205479452054794,22,0.0,1.0,0.4999743222919188,0.288614382833609,class_selective_rank,anchor=v110;side=v119;margin=-0.02;w=0.25;gate=anchor_not_top5,7
v110_v119_rank_cls_margin-0.02_w0.3_none,0.9649995294646211,0.897729577862153,0.2191780821917808,0.5205479452054794,22,0.0,1.0,0.5000253621005855,0.2884703062716524,class_selective_rank,anchor=v110;side=v119;margin=-0.02;w=0.3;gate=none,7
v114_v119_rank_cls_margin-0.02_w0.35_anchor_not_top5,0.9649744710688167,0.8986954542196238,0.2328767123287671,0.5205479452054794,22,0.0,1.0,0.4999643721800374,0.2882977248936721,class_selective_rank,anchor=v114;side=v119;margin=-0.02;w=0.35;gate=anchor_not_top5,7
v114_v119_rank_cls_margin0_w0.35_none,0.9649620923799673,0.8979416345810545,0.2328767123287671,0.5205479452054794,22,0.0,1.0,0.5000131612629475,0.2883713101960153,class_selective_rank,anchor=v114;side=v119;margin=0;w=0.35;gate=none,6
v110_v119_rank_cls_margin-0.02_w0.25_none,0.96495736383804,0.8978152980225337,0.2191780821917808,0.5205479452054794,22,0.0,1.0,0.5000241108726262,0.28863426555237887,class_selective_rank,anchor=v110;side=v119;margin=-0.02;w=0.25;gate=none,7
v114_v119_rank_cls_margin-0.02_w0.3_anchor_not_top5,0.9649306609827989,0.8985146364584986,0.2328767123287671,0.5205479452054794,22,0.0,1.0,0.49996946186860347,0.2884342003410261,class_selective_rank,anchor=v114;side=v119;margin=-0.02;w=0.3;gate=anchor_not_top5,7
v114_v119_rank_cls_margin-0.02_w0.3_none,0.9649182822939495,0.8978740364680026,0.2328767123287671,0.5205479452054794,22,0.0,1.0,0.5000258204537438,0.28845636519160833,class_selective_rank,anchor=v114;side=v119;margin=-0.02;w=0.3;gate=none,7
v110_v116_rank_cls_margin-0.02_w0.15_side_gt_anchor,0.9649141327389053,0.9008454193965277,0.2191780821917808,0.5205479452054794,22,0.0,1.0,0.5005625939987528,0.2896386705056224,class_selective_rank,anchor=v110;side=v116;margin=-0.02;w=0.15;gate=side_gt_anchor,10
v114_v119_rank_cls_margin-0.02_w0.25_anchor_not_top5,0.9648657680834904,0.8985159596556052,0.2328767123287671,0.5205479452054794,22,0.0,1.0,0.49997455155716963,0.28860213556080766,class_selective_rank,anchor=v114;side=v119;margin=-0.02;w=0.25;gate=anchor_not_top5,7
v114_v119_rank_cls_margin-0.02_w0.25_none,0.964853389394641,0.8979849549037167,0.2328767123287671,0.5205479452054794,22,0.0,1.0,0.500024492858249,0.28862228254683037,class_selective_rank,anchor=v114;side=v119;margin=-0.02;w=0.25;gate=none,7
v114_v116_rank_cls_margin-0.02_w0.05_none,0.9648147022462445,0.8986063973013222,0.2328767123287671,0.5205479452054794,22,0.0,1.0,0.5000201802142541,0.28972916568893187,class_selective_rank,anchor=v114;side=v116;margin=-0.02;w=0.05;gate=none,10
v110_v116_rank_cls_margin-0.02_w0.12_side_rank_top,0.9648105236571031,0.8995248111538843,0.2191780821917808,0.5205479452054794,22,0.0,1.0,0.5001246558842997,0.28993772110960175,class_selective_rank,anchor=v110;side=v116;margin=-0.02;w=0.12;gate=side_rank_top,10
v114_v116_rank_cls_margin-0.02_w0.05_anchor_not_top5,0.9647947528108495,0.8985986307096099,0.2328767123287671,0.5205479452054794,22,0.0,1.0,0.4999963776090386,0.2897167382718233,class_selective_rank,anchor=v114;side=v116;margin=-0.02;w=0.05;gate=anchor_not_top5,10
v114_v116_rank_cls_margin-0.02_w0.15_side_gt_anchor,0.964791520785252,0.9009772788647107,0.2328767123287671,0.5205479452054794,22,0.0,1.0,0.5005678900260445,0.28963573230656364,class_selective_rank,anchor=v114;side=v116;margin=-0.02;w=0.15;gate=side_gt_anchor,10
v110_v119_rank_cls_margin0_w0.4_anchor_not_top5,0.9647577881812889,0.8985301696419233,0.2191780821917808,0.5205479452054794,22,0.0,1.0,0.49994265311861874,0.28826080960680944,class_selective_rank,anchor=v110;side=v119;margin=0;w=0.4;gate=anchor_not_top5,6
v110_v119_rank_cls_margin0_w0.35_anchor_not_top5,0.9647156225547076,0.8984916243349065,0.2191780821917808,0.5205479452054794,22,0.0,1.0,0.49994982147879147,0.2883625458609325,class_selective_rank,anchor=v110;side=v119;margin=0;w=0.35;gate=anchor_not_top5,6
v110_v116_rank_cls_margin-0.02_w0.05_none,0.9646837628482386,0.8984396744658972,0.2191780821917808,0.5205479452054794,22,0.0,1.0,0.5000191637257181,0.28973136412654915,class_selective_rank,anchor=v110;side=v116;margin=-0.02;w=0.05;gate=none,10
v110_v116_rank_cls_margin-0.02_w0.05_anchor_not_top5,0.9646706098460751,0.8984324831772748,0.2191780821917808,0.5205479452054794,22,0.0,1.0,0.4999952312827849,0.28971872122439735,class_selective_rank,anchor=v110;side=v116;margin=-0.02;w=0.05;gate=anchor_not_top5,10
v110_v119_rank_cls_margin0_w0.3_anchor_not_top5,0.9646612710620445,0.898352861229646,0.2191780821917808,0.5205479452054794,22,0.0,1.0,0.4999569898389641,0.28849427058658983,class_selective_rank,anchor=v110;side=v119;margin=0;w=0.3;gate=anchor_not_top5,6
v114_v119_rank_cls_margin0_w0.4_anchor_not_top5,0.9646346657251915,0.8987289943897593,0.2328767123287671,0.5205479452054794,22,0.0,1.0,0.4999436313170219,0.2882443631175738,class_selective_rank,anchor=v114;side=v119;margin=0;w=0.4;gate=anchor_not_top5,6
v110_v119_rank_cls_margin0_w0.25_anchor_not_top5,0.9646191054354631,0.8983327256215028,0.2191780821917808,0.5205479452054794,22,0.0,1.0,0.4999641581991367,0.2886559427291315,class_selective_rank,anchor=v110;side=v119;margin=0;w=0.25;gate=anchor_not_top5,6
v110_v119_rank_cls_margin0_w0.3_none,0.9646175584944149,0.8977153678758348,0.2191780821917808,0.5205479452054794,22,0.0,1.0,0.5000130450031869,0.2885159000745068,class_selective_rank,anchor=v110;side=v119;margin=0;w=0.3;gate=none,6
v114_v119_rank_cls_margin0_w0.35_anchor_not_top5,0.9645925000986104,0.8986749158993178,0.2328767123287671,0.5205479452054794,22,0.0,1.0,0.4999506774023942,0.2883476225916345,class_selective_rank,anchor=v114;side=v119;margin=0;w=0.35;gate=anchor_not_top5,6
v110_v119_rank_cls_margin0_w0.25_none,0.9645753928678338,0.8978045973850634,0.2191780821917808,0.5205479452054794,22,0.0,1.0,0.5000138455542986,0.2886756433470929,class_selective_rank,anchor=v110;side=v119;margin=0;w=0.25;gate=none,6
v114_v119_rank_cls_margin0_w0.3_anchor_not_top5,0.9645486900125927,0.8984954788656082,0.2328767123287671,0.5205479452054794,22,0.0,1.0,0.49995772348776635,0.2884810244111953,class_selective_rank,anchor=v114;side=v119;margin=0;w=0.3;gate=anchor_not_top5,6
v114_v119_rank_cls_margin0_w0.3_none,0.9645363113237433,0.8978568349056175,0.2328767123287671,0.5205479452054794,22,0.0,1.0,0.5000138244459249,0.2885027398199991,class_selective_rank,anchor=v114;side=v119;margin=0;w=0.3;gate=none,6
v110_v119_rank_cls_margin-0.02_w0.2_anchor_not_top5,0.9645031499623649,0.8982987252088954,0.2191780821917808,0.5205479452054794,22,0.0,1.0,0.4999794578335351,0.28881156463266083,class_selective_rank,anchor=v110;side=v119;margin=-0.02;w=0.2;gate=anchor_not_top5,7
v110_v119_rank_cls_margin0_w0.2_anchor_not_top5,0.9645031499623649,0.8982830194345438,0.2191780821917808,0.5205479452054794,22,0.0,1.0,0.4999713265593094,0.28884751200255077,class_selective_rank,anchor=v110;side=v119;margin=0;w=0.2;gate=anchor_not_top5,6
v114_v116_rank_cls_margin-0.02_w0.12_side_rank_top,0.9644904946245095,0.899624971421819,0.2328767123287671,0.5205479452054794,22,0.0,1.0,0.5001246741464627,0.28993796438042424,class_selective_rank,anchor=v114;side=v116;margin=-0.02;w=0.12;gate=side_rank_top,10
v114_v119_rank_cls_margin0_w0.25_anchor_not_top5,0.9644837971132841,0.8985007716540343,0.2328767123287671,0.5205479452054794,22,0.0,1.0,0.4999647695731387,0.2886445267839154,class_selective_rank,anchor=v114;side=v119;margin=0;w=0.25;gate=anchor_not_top5,6
v110_v119_rank_cls_margin-0.02_w0.18_anchor_not_top5,0.9644820671490743,0.8982115092604812,0.2191780821917808,0.5205479452054794,22,0.0,1.0,0.49998151205018154,0.28889917536480253,class_selective_rank,anchor=v110;side=v119;margin=-0.02;w=0.18;gate=anchor_not_top5,7
v110_v119_rank_cls_margin0_w0.18_anchor_not_top5,0.9644820671490743,0.8981897052733777,0.2191780821917808,0.5205479452054794,22,0.0,1.0,0.49997419390337844,0.2889324978996615,class_selective_rank,anchor=v110;side=v119;margin=0;w=0.18;gate=anchor_not_top5,6
v114_v119_rank_cls_margin0_w0.25_none,0.9644714184244347,0.8979710900992525,0.2328767123287671,0.5205479452054794,22,0.0,1.0,0.5000144950981328,0.2886642994691829,class_selective_rank,anchor=v114;side=v119;margin=0;w=0.25;gate=none,6
v110_v119_rank_cls_margin-0.02_w0.2_none,0.9644594373947354,0.8978694915735932,0.2191780821917808,0.5205479452054794,22,0.0,1.0,0.5000192518752847,0.288827363059296,class_selective_rank,anchor=v110;side=v119;margin=-0.02;w=0.2;gate=none,7
v110_v119_rank_cls_margin0_w0.2_none,0.9644594373947354,0.8978549939357301,0.2191780821917808,0.5205479452054794,22,0.0,1.0,0.5000110374648801,0.2888631631552644,class_selective_rank,anchor=v110;side=v119;margin=0;w=0.2;gate=none,6
v110_v119_rank_cls_margin-0.02_w0.18_none,0.9644383545814447,0.8978250206447513,0.2191780821917808,0.5205479452054794,22,0.0,1.0,0.5000173134531432,0.28891335502509613,class_selective_rank,anchor=v110;side=v119;margin=-0.02;w=0.18;gate=none,7
v110_v119_rank_cls_margin0_w0.18_none,0.9644383545814447,0.8978048850366083,0.2191780821917808,0.5205479452054794,22,0.0,1.0,0.5000099197090544,0.2889465444288634,class_selective_rank,anchor=v110;side=v119;margin=0;w=0.18;gate=none,6
v110_v119_rank_cls_margin-0.02_w0.15_anchor_not_top5,0.9643960914364752,0.898136317146644,0.2191780821917808,0.5205479452054794,22,0.0,1.0,0.49998459337515133,0.2890399396326619,class_selective_rank,anchor=v110;side=v119;margin=-0.02;w=0.15;gate=anchor_not_top5,7
v110_v119_rank_cls_margin0_w0.15_anchor_not_top5,0.9643960914364752,0.8981174472052984,0.2191780821917808,0.5205479452054794,22,0.0,1.0,0.4999784949194821,0.28906891896734377,class_selective_rank,anchor=v110;side=v119;margin=0;w=0.15;gate=anchor_not_top5,6
v110_v116_rank_cls_margin-0.02_w0.12_side_gt_anchor,0.9643856189458024,0.9002666069578766,0.2191780821917808,0.5205479452054794,22,0.0,1.0,0.5004500751990022,0.28968500431635497,class_selective_rank,anchor=v110;side=v116;margin=-0.02;w=0.12;gate=side_gt_anchor,10
v114_v119_rank_cls_margin-0.02_w0.2_anchor_not_top5,0.9643556557741039,0.8984585444072428,0.2328767123287671,0.5205479452054794,22,0.0,1.0,0.4999796412457357,0.2888014756723763,class_selective_rank,anchor=v114;side=v119;margin=-0.02;w=0.2;gate=anchor_not_top5,7
v114_v119_rank_cls_margin0_w0.2_anchor_not_top5,0.9643556557741039,0.8984399045871332,0.2328767123287671,0.5205479452054794,22,0.0,1.0,0.49997181565851095,0.2888380785928013,class_selective_rank,anchor=v114;side=v119;margin=0;w=0.2;gate=anchor_not_top5,6
v110_v119_rank_cls_margin-0.02_w0.15_none,0.9643523788688455,0.897843545404243,0.2191780821917808,0.5205479452054794,22,0.0,1.0,0.5000144113535937,0.28905170724733886,class_selective_rank,anchor=v110;side=v119;margin=-0.02;w=0.15;gate=none,7
v110_v119_rank_cls_margin0_w0.15_none,0.9643523788688455,0.897825998660004,0.2191780821917808,0.5205479452054794,22,0.0,1.0,0.5000082489329769,0.28908057489885597,class_selective_rank,anchor=v110;side=v119;margin=0;w=0.15;gate=none,6
v114_v119_rank_cls_margin-0.02_w0.2_none,0.9643432770852545,0.8980282176960699,0.2328767123287671,0.5205479452054794,22,0.0,1.0,0.5000195574835002,0.2888174856424781,class_selective_rank,anchor=v114;side=v119;margin=-0.02;w=0.2;gate=none,7
v114_v119_rank_cls_margin0_w0.2_none,0.9643432770852545,0.898010498360904,0.2328767123287671,0.5205479452054794,22,0.0,1.0,0.5000115571065198,0.288853787701723,class_selective_rank,anchor=v114;side=v119;margin=0;w=0.2;gate=none,6
v114_v119_rank_cls_margin-0.02_w0.18_anchor_not_top5,0.9642907628747953,0.8983834673540234,0.2328767123287671,0.5205479452054794,22,0.0,1.0,0.4999816771211621,0.2888899908685748,class_selective_rank,anchor=v114;side=v119;margin=-0.02;w=0.18;gate=anchor_not_top5,7
v114_v119_rank_cls_margin0_w0.18_anchor_not_top5,0.9642907628747953,0.8983597073364146,0.2328767123287671,0.5205479452054794,22,0.0,1.0,0.49997463409265985,0.2889238999459539,class_selective_rank,anchor=v114;side=v119;margin=0;w=0.18;gate=anchor_not_top5,6
v114_v119_rank_cls_margin-0.02_w0.18_none,0.9642783841859459,0.8979961157836589,0.2328767123287671,0.5205479452054794,22,0.0,1.0,0.5000175885076333,0.28890436095766187,class_selective_rank,anchor=v114;side=v119;margin=-0.02;w=0.18;gate=none,7
v114_v119_rank_cls_margin0_w0.18_none,0.9642783841859459,0.8979733913116117,0.2328767123287671,0.5205479452054794,22,0.0,1.0,0.5000103873888957,0.28893799874178017,class_selective_rank,anchor=v114;side=v119;margin=0;w=0.18;gate=none,6
v114_v119_rank_cls_margin-0.02_w0.15_anchor_not_top5,0.9642258699754869,0.8982811784646564,0.2328767123287671,0.5205479452054794,22,0.0,1.0,0.4999847309343018,0.28903215569762714,class_selective_rank,anchor=v114;side=v119;margin=-0.02;w=0.15;gate=anchor_not_top5,7
v114_v119_rank_cls_margin0_w0.15_anchor_not_top5,0.9642258699754869,0.8982614455686762,0.2328767123287671,0.5205479452054794,22,0.0,1.0,0.49997886174388323,0.2890616194757529,class_selective_rank,anchor=v114;side=v119;margin=0;w=0.15;gate=anchor_not_top5,6
v114_v119_rank_cls_margin-0.02_w0.15_none,0.9642134912866375,0.8979871985857669,0.2328767123287671,0.5205479452054794,22,0.0,1.0,0.5000146405745372,0.2890440820463489,class_selective_rank,anchor=v114;side=v119;margin=-0.02;w=0.15;gate=none,7
v114_v119_rank_cls_margin0_w0.15_none,0.9642134912866375,0.8979687313565843,0.2328767123287671,0.5205479452054794,22,0.0,1.0,0.500008638669134,0.289073319092847,class_selective_rank,anchor=v114;side=v119;margin=0;w=0.15;gate=none,6
v110_v116_rank_cls_margin-0.02_w0.1_side_gt_anchor,0.9642054792178393,0.8998469233538652,0.2191780821917808,0.5205479452054794,22,0.0,1.0,0.5003750626658352,0.28971817804756805,class_selective_rank,anchor=v110;side=v116;margin=-0.02;w=0.1;gate=side_gt_anchor,10
v110_v116_rank_cls_margin-0.02_w0.1_side_rank_top,0.9641441706513931,0.8992350309875503,0.2191780821917808,0.5205479452054794,22,0.0,1.0,0.5001068696570854,0.2899340083213183,class_selective_rank,anchor=v110;side=v116;margin=-0.02;w=0.1;gate=side_rank_top,10
v114_v116_rank_cls_margin-0.02_w0.12_side_gt_anchor,0.9641240032507269,0.9003774103329728,0.2328767123287671,0.5205479452054794,22,0.0,1.0,0.5004543120208356,0.2896825896384113,class_selective_rank,anchor=v114;side=v116;margin=-0.02;w=0.12;gate=side_gt_anchor,10
v110_v119_rank_cls_margin-0.02_w0.12_anchor_not_top5,0.9639054174809426,0.8980950679151051,0.2191780821917808,0.5205479452054794,22,0.0,1.0,0.499987674700121,0.2891919070466798,class_selective_rank,anchor=v110;side=v119;margin=-0.02;w=0.12;gate=anchor_not_top5,7
v110_v119_rank_cls_margin0_w0.12_anchor_not_top5,0.9639054174809426,0.8980787293073547,0.2191780821917808,0.5205479452054794,22,0.0,1.0,0.49998279593558564,0.2892160571154357,class_selective_rank,anchor=v110;side=v119;margin=0;w=0.12;gate=anchor_not_top5,6
v110_v116_rank_cls_margin-0.02_w0.08_side_gt_anchor,0.9638926323026695,0.899379201941855,0.2191780821917808,0.5205479452054794,22,0.0,1.0,0.5003000501326682,0.28975317867071904,class_selective_rank,anchor=v110;side=v116;margin=-0.02;w=0.08;gate=side_gt_anchor,10
v110_v119_rank_cls_margin-0.02_w0.12_none,0.963861704913313,0.8977924009595595,0.2191780821917808,0.5205479452054794,22,0.0,1.0,0.5000115158820908,0.2892012820178982,class_selective_rank,anchor=v110;side=v119;margin=-0.02;w=0.12;gate=none,7
v110_v119_rank_cls_margin0_w0.12_none,0.963861704913313,0.8977765801245899,0.2191780821917808,0.5205479452054794,22,0.0,1.0,0.5000065851729756,0.2892253421380992,class_selective_rank,anchor=v110;side=v119;margin=0;w=0.12;gate=none,6
v110_v119_rank_cls_margin-0.02_w0.1_anchor_not_top5,0.9638105448211348,0.8980712503671872,0.2191780821917808,0.5205479452054794,22,0.0,1.0,0.4999897289167675,0.28929943396122737,class_selective_rank,anchor=v110;side=v119;margin=-0.02;w=0.1;gate=anchor_not_top5,7
v110_v119_rank_cls_margin0_w0.1_anchor_not_top5,0.9638105448211348,0.8980575581536498,0.2191780821917808,0.5205479452054794,22,0.0,1.0,0.49998566327965466,0.2893200951221653,class_selective_rank,anchor=v110;side=v119;margin=0;w=0.1;gate=anchor_not_top5,6
v114_v116_rank_cls_margin-0.02_w0.1_side_gt_anchor,0.9638026875574973,0.8999778623371044,0.2328767123287671,0.5205479452054794,22,0.0,1.0,0.5003785933506965,0.2897161302202098,class_selective_rank,anchor=v114;side=v116;margin=-0.02;w=0.1;gate=side_gt_anchor,10
v114_v116_rank_cls_margin-0.02_w0.1_side_rank_top,0.9637978356144729,0.8993680985922219,0.2328767123287671,0.5205479452054794,22,0.0,1.0,0.5001068848755545,0.2899342102967607,class_selective_rank,anchor=v114;side=v116;margin=-0.02;w=0.1;gate=side_rank_top,10
v110_v119_rank_cls_margin-0.02_w0.1_none,0.9637668322535053,0.8978685710886495,0.2191780821917808,0.5205479452054794,22,0.0,1.0,0.5000095892431593,0.2893072246568421,class_selective_rank,anchor=v110;side=v119;margin=-0.02;w=0.1;gate=none,7
v110_v119_rank_cls_margin0_w0.1_none,0.9637668322535053,0.8978556267691289,0.2191780821917808,0.5205479452054794,22,0.0,1.0,0.5000054798901917,0.2893278105217413,class_selective_rank,anchor=v110;side=v119;margin=0;w=0.1;gate=none,6
v110_v116_rank_cls_margin-0.02_w0.08_side_rank_top,0.9637544495936645,0.8988916901035557,0.2191780821917808,0.5205479452054794,22,0.0,1.0,0.5000890848475109,0.2899307285001988,class_selective_rank,anchor=v110;side=v116;margin=-0.02;w=0.08;gate=side_rank_top,10
v114_v119_rank_cls_margin-0.02_w0.12_anchor_not_top5,0.963736840479391,0.8982395840512637,0.2328767123287671,0.5205479452054794,22,0.0,1.0,0.49998778474744143,0.28918557609585327,class_selective_rank,anchor=v114;side=v119;margin=-0.02;w=0.12;gate=anchor_not_top5,7
v114_v119_rank_cls_margin0_w0.12_anchor_not_top5,0.963736840479391,0.8982225550798054,0.2328767123287671,0.5205479452054794,22,0.0,1.0,0.49998308939510666,0.2892101102209807,class_selective_rank,anchor=v114;side=v119;margin=0;w=0.12;gate=anchor_not_top5,6
v110_v119_rank_cls_margin-0.02_w0.08_anchor_not_top5,0.9637262135679724,0.897966487674534,0.2191780821917808,0.5205479452054794,22,0.0,1.0,0.4999917831334141,0.28941192669152577,class_selective_rank,anchor=v110;side=v119;margin=-0.02;w=0.08;gate=anchor_not_top5,7
v110_v119_rank_cls_margin0_w0.08_anchor_not_top5,0.9637262135679724,0.8979556144461367,0.2191780821917808,0.5205479452054794,22,0.0,1.0,0.4999885306237238,0.2894288839050189,class_selective_rank,anchor=v110;side=v119;margin=0;w=0.08;gate=anchor_not_top5,6
v114_v119_rank_cls_margin-0.02_w0.12_none,0.9637244617905416,0.8979355938986116,0.2328767123287671,0.5205479452054794,22,0.0,1.0,0.5000116992659384,0.28919507808309225,class_selective_rank,anchor=v114;side=v119;margin=-0.02;w=0.12;gate=none,7
v114_v119_rank_cls_margin0_w0.12_none,0.9637244617905416,0.8979192552908611,0.2328767123287671,0.5205479452054794,22,0.0,1.0,0.5000068969642657,0.28921943029379527,class_selective_rank,anchor=v114;side=v119;margin=0;w=0.12;gate=none,6
v114_v119_rank_cls_margin-0.02_w0.1_anchor_not_top5,0.9636857779056008,0.8982058137598922,0.2328767123287671,0.5205479452054794,22,0.0,1.0,0.4999898206228678,0.2892941006662326,class_selective_rank,anchor=v114;side=v119;margin=-0.02;w=0.1;gate=anchor_not_top5,7
v114_v119_rank_cls_margin0_w0.1_anchor_not_top5,0.9636857779056008,0.8981916613038831,0.2328767123287671,0.5205479452054794,22,0.0,1.0,0.4999859078292554,0.289315079919111,class_selective_rank,anchor=v114;side=v119;margin=0;w=0.1;gate=anchor_not_top5,6
v110_v119_rank_cls_margin-0.02_w0.08_none,0.9636825010003428,0.8977799168825108,0.2191780821917808,0.5205479452054794,22,0.0,1.0,0.5000076655397708,0.2894181417949003,class_selective_rank,anchor=v110;side=v119;margin=-0.02;w=0.08;gate=none,7
v110_v119_rank_cls_margin0_w0.08_none,0.9636825010003428,0.8977693313056584,0.2191780821917808,0.5205479452054794,22,0.0,1.0,0.5000043777147711,0.28943503849756835,class_selective_rank,anchor=v110;side=v119;margin=0;w=0.08;gate=none,6
v114_v119_rank_cls_margin-0.02_w0.1_none,0.9636733992167517,0.898001638693321,0.2328767123287671,0.5205479452054794,22,0.0,1.0,0.5000097420669718,0.2893019972217992,class_selective_rank,anchor=v114;side=v119;margin=-0.02;w=0.1;gate=none,7
v114_v119_rank_cls_margin0_w0.1_none,0.9636733992167517,0.8979885217828735,0.2328767123287671,0.5205479452054794,22,0.0,1.0,0.5000057397175799,0.2893228245825544,class_selective_rank,anchor=v114;side=v119;margin=0;w=0.1;gate=none,6
v114_v116_rank_cls_margin-0.02_w0.08_side_rank_top,0.963527078473421,0.8990184869045483,0.2328767123287671,0.5205479452054794,22,0.0,1.0,0.5000890970222863,0.2899308894801784,class_selective_rank,anchor=v114;side=v116;margin=-0.02;w=0.08;gate=side_rank_top,10
v114_v119_rank_cls_margin-0.02_w0.08_anchor_not_top5,0.9635032850737574,0.8981211866753821,0.2328767123287671,0.5205479452054794,22,0.0,1.0,0.4999918564982943,0.2894076141619305,class_selective_rank,anchor=v114;side=v119;margin=-0.02;w=0.08;gate=anchor_not_top5,7
v114_v119_rank_cls_margin0_w0.08_anchor_not_top5,0.9635032850737574,0.8981089327195693,0.2328767123287671,0.5205479452054794,22,0.0,1.0,0.4999887262634044,0.2894248242775907,class_selective_rank,anchor=v114;side=v119;margin=0;w=0.08;gate=anchor_not_top5,6
v114_v116_rank_cls_margin-0.02_w0.08_side_gt_anchor,0.9635019506559463,0.8995067466368645,0.2328767123287671,0.5205479452054794,22,0.0,1.0,0.5003028746805571,0.28975151194934795,class_selective_rank,anchor=v114;side=v116;margin=-0.02;w=0.08;gate=side_gt_anchor,10
v114_v119_rank_cls_margin-0.02_w0.08_none,0.9634909063849082,0.8979328324437805,0.2328767123287671,0.5205479452054794,22,0.0,1.0,0.5000077878019721,0.2894139139621485,class_selective_rank,anchor=v114;side=v119;margin=-0.02;w=0.08;gate=none,7
v114_v119_rank_cls_margin0_w0.08_none,0.9634909063849082,0.8979213839122935,0.2328767123287671,0.5205479452054794,22,0.0,1.0,0.5000045855777321,0.2894310023248729,class_selective_rank,anchor=v114;side=v119;margin=0;w=0.08;gate=none,6
v110_v119_rank_cls_margin-0.02_w0.05_anchor_not_top5,0.9634139349375119,0.8978655219822735,0.2191780821917808,0.5205479452054794,22,0.0,1.0,0.4999948644583838,0.2895899639626119,class_selective_rank,anchor=v110;side=v119;margin=-0.02;w=0.05;gate=anchor_not_top5,7
v110_v119_rank_cls_margin0_w0.05_anchor_not_top5,0.9634139349375119,0.8978616099212628,0.2191780821917808,0.5205479452054794,22,0.0,1.0,0.4999928316398274,0.2896009630089543,class_selective_rank,anchor=v110;side=v119;margin=0;w=0.05;gate=anchor_not_top5,6
v110_v119_rank_cls_margin-0.02_w0.05_none,0.9633702223698823,0.8977566171073738,0.2191780821917808,0.5205479452054794,22,0.0,1.0,0.5000047854798909,0.2895938320075232,class_selective_rank,anchor=v110;side=v119;margin=-0.02;w=0.05;gate=none,7
v110_v119_rank_cls_margin0_w0.05_none,0.9633702223698823,0.8977530502282169,0.2191780821917808,0.5205479452054794,22,0.0,1.0,0.5000027302684502,0.2896047929743508,class_selective_rank,anchor=v110;side=v119;margin=0;w=0.05;gate=none,6
v110_v119_rank_cls_margin0.02_w0.4_none,0.9633587520792869,0.8976618646884832,0.2191780821917808,0.5205479452054794,22,0.0,1.0,0.5000112614775744,0.2898843071104893,class_selective_rank,anchor=v110;side=v119;margin=0.02;w=0.4;gate=none,1
v110_v119_rank_cls_margin0.02_w0.4_side_rank_top,0.9633587520792869,0.8976408661257054,0.2191780821917808,0.5205479452054794,22,0.0,1.0,0.500017803179395,0.2899264367519535,class_selective_rank,anchor=v110;side=v119;margin=0.02;w=0.4;gate=side_rank_top,1
v110_v116_rank_cls_margin-0.02_w0.05_side_rank_top,0.96329891102416,0.898411254493261,0.2191780821917808,0.5205479452054794,22,0.0,1.0,0.500062410289528,0.289926620516891,class_selective_rank,anchor=v110;side=v116;margin=-0.02;w=0.05;gate=side_rank_top,10
v114_v119_rank_cls_margin-0.02_w0.05_anchor_not_top5,0.9632259195821063,0.8980096354062692,0.2328767123287671,0.5205479452054794,22,0.0,1.0,0.49999491031143395,0.28958722573646634,class_selective_rank,anchor=v114;side=v119;margin=-0.02;w=0.05;gate=anchor_not_top5,7
v114_v119_rank_cls_margin0_w0.05_anchor_not_top5,0.9632259195821063,0.8980039399056802,0.2328767123287671,0.5205479452054794,22,0.0,1.0,0.49999295391462767,0.28959838136486743,class_selective_rank,anchor=v114;side=v119;margin=0;w=0.05;gate=anchor_not_top5,6
v114_v119_rank_cls_margin-0.02_w0.05_none,0.963213540893257,0.8978997525161169,0.2328767123287671,0.5205479452054794,22,0.0,1.0,0.5000048618967202,0.2895911467232146,class_selective_rank,anchor=v114;side=v119;margin=-0.02;w=0.05;gate=none,7
v114_v119_rank_cls_margin0_w0.05_none,0.963213540893257,0.8978948049095445,0.2328767123287671,0.5205479452054794,22,0.0,1.0,0.5000028601837853,0.28960222602958463,class_selective_rank,anchor=v114;side=v119;margin=0;w=0.05;gate=none,6
v110_v116_rank_cls_margin-0.02_w0.05_side_gt_anchor,0.9631842071472295,0.8987496477706832,0.2191780821917808,0.5205479452054794,22,0.0,1.0,0.5001875313329176,0.28980910357045736,class_selective_rank,anchor=v110;side=v116;margin=-0.02;w=0.05;gate=side_gt_anchor,10
v110_v119_rank_cls_margin-0.02_w0.35_side_rank_top,0.9631648956110798,0.8968218071167523,0.2191780821917808,0.5205479452054794,22,0.0,1.0,0.5001983139612229,0.2899622117179099,class_selective_rank,anchor=v110;side=v119;margin=-0.02;w=0.35;gate=side_rank_top,7
v110_v119_rank_cls_margin0_w0.4_side_gt_anchor,0.9630697066631406,0.8985726270099508,0.2191780821917808,0.5205479452054794,22,0.0,1.0,0.5014325715613269,0.2890379336718743,class_selective_rank,anchor=v110;side=v119;margin=0;w=0.4;gate=side_gt_anchor,6
v110_v119_rank_cls_margin-0.02_w0.4_side_gt_anchor,0.9630697066631406,0.8985312627177939,0.2191780821917808,0.5205479452054794,22,0.0,1.0,0.5015665847425504,0.2890017214022304,class_selective_rank,anchor=v110;side=v119;margin=-0.02;w=0.4;gate=side_gt_anchor,7
v114_v119_rank_cls_margin0.02_w0.4_none,0.9630655154801954,0.8978014907483785,0.2328767123287671,0.5205479452054794,22,0.0,1.0,0.5000112614775744,0.2898829564245222,class_selective_rank,anchor=v114;side=v119;margin=0.02;w=0.4;gate=none,1
v114_v119_rank_cls_margin0.02_w0.4_side_rank_top,0.9630655154801954,0.8977788813369492,0.2328767123287671,0.5205479452054794,22,0.0,1.0,0.5000173140801935,0.2899259165695616,class_selective_rank,anchor=v114;side=v119;margin=0.02;w=0.4;gate=side_rank_top,1
v110_v119_rank_cls_margin0_w0.35_side_gt_anchor,0.9630570376331357,0.8984450823149414,0.2191780821917808,0.5205479452054794,22,0.0,1.0,0.501253500116161,0.28909587879111287,class_selective_rank,anchor=v110;side=v119;margin=0;w=0.35;gate=side_gt_anchor,6
v110_v119_rank_cls_margin-0.02_w0.35_side_gt_anchor,0.9630570376331357,0.8984102764780083,0.2191780821917808,0.5205479452054794,22,0.0,1.0,0.5013707616497316,0.289061713309341,class_selective_rank,anchor=v110;side=v119;margin=-0.02;w=0.35;gate=side_gt_anchor,7
v110_v119_rank_cls_margin0_w0.3_side_gt_anchor,0.9630237689537631,0.8983058014369,0.2191780821917808,0.5205479452054794,22,0.0,1.0,0.5010744286709952,0.28916849229548497,class_selective_rank,anchor=v110;side=v119;margin=0;w=0.3;gate=side_gt_anchor,6
v110_v119_rank_cls_margin-0.02_w0.3_side_gt_anchor,0.9630237689537631,0.8982754829640673,0.2191780821917808,0.5205479452054794,22,0.0,1.0,0.5011749385569129,0.2891370845993429,class_selective_rank,anchor=v110;side=v119;margin=-0.02;w=0.3;gate=side_gt_anchor,7
v110_v119_rank_cls_margin0_w0.25_side_gt_anchor,0.9629913225041089,0.8982437262335102,0.2191780821917808,0.5205479452054794,22,0.0,1.0,0.5008953572258293,0.2892557631381286,class_selective_rank,anchor=v110;side=v119;margin=0;w=0.25;gate=side_gt_anchor,6
v110_v119_rank_cls_margin-0.02_w0.25_side_gt_anchor,0.9629913225041089,0.898218297836941,0.2191780821917808,0.5205479452054794,22,0.0,1.0,0.500979115464094,0.28922782324887103,class_selective_rank,anchor=v110;side=v119;margin=-0.02;w=0.25;gate=side_gt_anchor,7
v110_v119_rank_cls_margin0_w0.4_side_rank_top,0.9629861748620324,0.8967386182899668,0.2191780821917808,0.5205479452054794,22,0.0,1.0,0.500202107789734,0.2899555560770422,class_selective_rank,anchor=v110;side=v119;margin=0;w=0.4;gate=side_rank_top,6
v110_v119_rank_cls_margin-0.02_w0.4_side_rank_top,0.9629861748620324,0.8966877614968282,0.2191780821917808,0.5205479452054794,22,0.0,1.0,0.5002241177794905,0.2899737110837205,class_selective_rank,anchor=v110;side=v119;margin=-0.02;w=0.4;gate=side_rank_top,7
v110_v119_rank_cls_margin0.02_w0.35_none,0.9629767811090807,0.8976550185817145,0.2191780821917808,0.5205479452054794,22,0.0,1.0,0.50000985245694,0.2898851678295082,class_selective_rank,anchor=v110;side=v119;margin=0.02;w=0.35;gate=none,1
v110_v119_rank_cls_margin0.02_w0.35_side_rank_top,0.9629767811090807,0.8976345953220265,0.2191780821917808,0.5205479452054794,22,0.0,1.0,0.500015576446033,0.2899244546739749,class_selective_rank,anchor=v110;side=v119;margin=0.02;w=0.35;gate=side_rank_top,1
v114_v116_rank_cls_margin-0.02_w0.05_side_rank_top,0.9629403142686942,0.8985763089497255,0.2328767123287671,0.5205479452054794,22,0.0,1.0,0.5000624178987628,0.2899267205663204,class_selective_rank,anchor=v114;side=v116;margin=-0.02;w=0.05;gate=side_rank_top,10
v114_v116_rank_cls_margin-0.02_w0.05_side_gt_anchor,0.9629320140177906,0.8989033687562787,0.2328767123287671,0.5205479452054794,22,0.0,1.0,0.5001892966753483,0.289808035209605,class_selective_rank,anchor=v114;side=v116;margin=-0.02;w=0.05;gate=side_gt_anchor,10
v114_v119_rank_cls_margin-0.02_w0.35_side_rank_top,0.962880072795274,0.8969996908321195,0.2328767123287671,0.5205479452054794,22,0.0,1.0,0.500197725352789,0.289960131047814,class_selective_rank,anchor=v114;side=v119;margin=-0.02;w=0.35;gate=side_rank_top,7
v110_v119_rank_cls_margin-0.02_w0.25_side_rank_top,0.9628250902674546,0.8970530214285443,0.2191780821917808,0.5205479452054794,22,0.0,1.0,0.5001467356264779,0.28994352222395403,class_selective_rank,anchor=v110;side=v119;margin=-0.02;w=0.25;gate=side_rank_top,7
v110_v119_rank_cls_margin-0.02_w0.3_side_rank_top,0.9627918215880822,0.8968737569857615,0.2191780821917808,0.5205479452054794,22,0.0,1.0,0.5001725199170114,0.2899521487358314,class_selective_rank,anchor=v110;side=v119;margin=-0.02;w=0.3;gate=side_rank_top,7
v110_v119_rank_cls_margin0_w0.35_side_rank_top,0.9627829246408734,0.8968572457870843,0.2191780821917808,0.5205479452054794,22,0.0,1.0,0.5001790552777695,0.2899466665331939,class_selective_rank,anchor=v110;side=v119;margin=0;w=0.35;gate=side_rank_top,6
v110_v119_rank_cls_margin0_w0.2_side_gt_anchor,0.9627476299857792,0.8981453494051539,0.2191780821917808,0.5205479452054794,22,0.0,1.0,0.5007162857806635,0.28935767805699825,class_selective_rank,anchor=v110;side=v119;margin=0;w=0.2;gate=side_gt_anchor,6
v110_v119_rank_cls_margin-0.02_w0.2_side_gt_anchor,0.9627476299857792,0.8981249261454658,0.2191780821917808,0.5205479452054794,22,0.0,1.0,0.5007832923712753,0.2893339147997509,class_selective_rank,anchor=v110;side=v119;margin=-0.02;w=0.2;gate=side_gt_anchor,7
v114_v119_rank_cls_margin0_w0.4_side_gt_anchor,0.9627388974133175,0.8987268082380181,0.2328767123287671,0.5205479452054794,22,0.0,1.0,0.5014366066297397,0.28902849184810875,class_selective_rank,anchor=v114;side=v119;margin=0;w=0.4;gate=side_gt_anchor,6
v114_v119_rank_cls_margin-0.02_w0.4_side_gt_anchor,0.9627388974133175,0.8986871698551306,0.2328767123287671,0.5205479452054794,22,0.0,1.0,0.5015697638873604,0.2889913512446774,class_selective_rank,anchor=v114;side=v119;margin=-0.02;w=0.4;gate=side_gt_anchor,7
v114_v119_rank_cls_margin0_w0.35_side_gt_anchor,0.962736769789958,0.8985990334217727,0.2328767123287671,0.5205479452054794,22,0.0,1.0,0.5012570308010222,0.28908727303983767,class_selective_rank,anchor=v114;side=v119;margin=0;w=0.35;gate=side_gt_anchor,6
v114_v119_rank_cls_margin-0.02_w0.35_side_gt_anchor,0.962736769789958,0.8985663562062719,0.2328767123287671,0.5205479452054794,22,0.0,1.0,0.5013735434014404,0.28905230122736486,class_selective_rank,anchor=v114;side=v119;margin=-0.02;w=0.35;gate=side_gt_anchor,7
v114_v119_rank_cls_margin0_w0.4_side_rank_top,0.9627013520462268,0.8969289860823827,0.2328767123287671,0.5205479452054794,22,0.0,1.0,0.5002021077897338,0.2899539525195723,class_selective_rank,anchor=v114;side=v119;margin=0;w=0.4;gate=side_rank_top,6
v114_v119_rank_cls_margin-0.02_w0.4_side_rank_top,0.9627013520462268,0.8968797401378955,0.2328767123287671,0.5205479452054794,22,0.0,1.0,0.5002234450578135,0.2899713782144328,class_selective_rank,anchor=v114;side=v119;margin=-0.02;w=0.4;gate=side_rank_top,7
v110_v116_rank_cls_margin0_w0.4_none,0.9626924222345677,0.8978011455665246,0.2191780821917808,0.5205479452054794,22,0.0,1.0,0.5000299572524259,0.2899074162122687,class_selective_rank,anchor=v110;side=v116;margin=0;w=0.4;gate=none,1
v114_v119_rank_cls_margin0_w0.25_side_gt_anchor,0.9626857072161683,0.8983843303086582,0.2328767123287671,0.5205479452054794,22,0.0,1.0,0.5008978791435873,0.2892491258329567,class_selective_rank,anchor=v114;side=v119;margin=0;w=0.25;gate=side_gt_anchor,6
v114_v119_rank_cls_margin-0.02_w0.25_side_gt_anchor,0.9626857072161683,0.8983620660790828,0.2328767123287671,0.5205479452054794,22,0.0,1.0,0.5009811024296003,0.28922061865462784,class_selective_rank,anchor=v114;side=v119;margin=-0.02;w=0.25;gate=side_gt_anchor,7
v114_v119_rank_cls_margin0_w0.3_side_gt_anchor,0.9626840627567316,0.8984343241471621,0.2328767123287671,0.5205479452054794,22,0.0,1.0,0.5010774549723047,0.28916082145636895,class_selective_rank,anchor=v114;side=v119;margin=0;w=0.3;gate=side_gt_anchor,6
v114_v119_rank_cls_margin-0.02_w0.3_side_gt_anchor,0.9626840627567316,0.8984076300837952,0.2328767123287671,0.5205479452054794,22,0.0,1.0,0.5011773229155204,0.2891287277870343,class_selective_rank,anchor=v114;side=v119;margin=-0.02;w=0.3;gate=side_gt_anchor,7
v114_v119_rank_cls_margin0.02_w0.35_none,0.9626835445099892,0.8977952199446996,0.2328767123287671,0.5205479452054794,22,0.0,1.0,0.50000985245694,0.2898839926360887,class_selective_rank,anchor=v114;side=v119;margin=0.02;w=0.35;gate=none,1
v114_v119_rank_cls_margin0.02_w0.35_side_rank_top,0.9626835445099892,0.8977730707757421,0.2328767123287671,0.5205479452054794,22,0.0,1.0,0.5000151484842318,0.28992400394276635,class_selective_rank,anchor=v114;side=v119;margin=0.02;w=0.35;gate=side_rank_top,1
v110_v116_rank_cls_margin0_w0.4_anchor_not_top5,0.9626708506560913,0.8977537981222338,0.2191780821917808,0.5205479452054794,22,0.0,1.0,0.5000084980986268,0.28989497645513546,class_selective_rank,anchor=v110;side=v116;margin=0;w=0.4;gate=anchor_not_top5,1
v110_v116_rank_cls_margin0_w0.35_none,0.9626676648568693,0.8977522448038913,0.2191780821917808,0.5205479452054794,22,0.0,1.0,0.5000262058989143,0.2899070166644812,class_selective_rank,anchor=v110;side=v116;margin=0;w=0.35;gate=none,1
v114_v119_rank_cls_margin-0.02_w0.25_side_rank_top,0.9626489704369753,0.8972127255662737,0.2328767123287671,0.5205479452054794,22,0.0,1.0,0.500146315224766,0.2899419797474939,class_selective_rank,anchor=v114;side=v119;margin=-0.02;w=0.25;gate=side_rank_top,7
v110_v116_rank_cls_margin0_w0.35_anchor_not_top5,0.9626460932783928,0.8977042645262017,0.2191780821917808,0.5205479452054794,22,0.0,1.0,0.5000074358362985,0.2898961433202133,class_selective_rank,anchor=v110;side=v116;margin=0;w=0.35;gate=anchor_not_top5,1
v110_v119_rank_cls_margin0.02_w0.4_anchor_not_top5,0.9626195675165728,0.8976639357796065,0.2191780821917808,0.5205479452054794,22,0.0,1.0,0.5000051355416163,0.2898818733228616,class_selective_rank,anchor=v110;side=v119;margin=0.02;w=0.4;gate=anchor_not_top5,1
v110_v119_rank_cls_margin0.02_w0.3_anchor_not_top5,0.9626195675165728,0.8976590457033431,0.2191780821917808,0.5205479452054794,22,0.0,1.0,0.5000038516562122,0.2898849340220214,class_selective_rank,anchor=v110;side=v119;margin=0.02;w=0.3;gate=anchor_not_top5,1
v110_v119_rank_cls_margin0.02_w0.35_anchor_not_top5,0.9626195675165728,0.8976579526274725,0.2191780821917808,0.5205479452054794,22,0.0,1.0,0.5000044935989142,0.28988304281035976,class_selective_rank,anchor=v110;side=v119;margin=0.02;w=0.35;gate=anchor_not_top5,1
v110_v119_rank_cls_margin0.02_w0.25_anchor_not_top5,0.9626195675165728,0.897656629430366,0.2191780821917808,0.5205479452054794,22,0.0,1.0,0.5000032097135102,0.2898875469437211,class_selective_rank,anchor=v110;side=v119;margin=0.02;w=0.25;gate=anchor_not_top5,1
v110_v119_rank_cls_margin0.02_w0.2_anchor_not_top5,0.9626195675165728,0.8976488628386536,0.2191780821917808,0.5205479452054794,22,0.0,1.0,0.5000025677708082,0.2898908815559435,class_selective_rank,anchor=v110;side=v119;margin=0.02;w=0.2;gate=anchor_not_top5,1
v110_v119_rank_cls_margin0.02_w0.15_anchor_not_top5,0.9626195675165728,0.8976438577017724,0.2191780821917808,0.5205479452054794,22,0.0,1.0,0.5000019258281061,0.2898949378337843,class_selective_rank,anchor=v110;side=v119;margin=0.02;w=0.15;gate=anchor_not_top5,1
v110_v119_rank_cls_margin0.02_w0.18_anchor_not_top5,0.9626195675165728,0.8976423043834298,0.2191780821917808,0.5205479452054794,22,0.0,1.0,0.5000023109937274,0.28989241746878136,class_selective_rank,anchor=v110;side=v119;margin=0.02;w=0.18;gate=anchor_not_top5,1
v110_v119_rank_cls_margin0.02_w0.25_side_gt_anchor,0.9626195675165728,0.8976351130948073,0.2191780821917808,0.5205479452054794,22,0.0,1.0,0.5000500944572833,0.28989493006399175,class_selective_rank,anchor=v110;side=v119;margin=0.02;w=0.25;gate=side_gt_anchor,1
v110_v119_rank_cls_margin0.02_w0.4_side_gt_anchor,0.9626195675165728,0.8976325242309032,0.2191780821917808,0.5205479452054794,22,0.0,1.0,0.5000801511316534,0.2898890346730025,class_selective_rank,anchor=v110;side=v119;margin=0.02;w=0.4;gate=side_gt_anchor,1
v110_v119_rank_cls_margin0.02_w0.3_side_gt_anchor,0.9626195675165728,0.8976323516399762,0.2191780821917808,0.5205479452054794,22,0.0,1.0,0.50006011334874,0.2898926308852589,class_selective_rank,anchor=v110;side=v119;margin=0.02;w=0.3;gate=side_gt_anchor,1
v110_v119_rank_cls_margin0.02_w0.35_side_gt_anchor,0.9626195675165728,0.8976276916849488,0.2191780821917808,0.5205479452054794,22,0.0,1.0,0.5000701322401967,0.28989066575266464,class_selective_rank,anchor=v110;side=v119;margin=0.02;w=0.35;gate=side_gt_anchor,1
v110_v116_rank_cls_margin0_w0.3_none,0.9626181501014721,0.8977933789748122,0.2191780821917808,0.5205479452054794,22,0.0,1.0,0.5000224564632659,0.28990687486247363,class_selective_rank,anchor=v110;side=v116;margin=0;w=0.3;gate=none,1
v114_v119_rank_cls_margin-0.02_w0.3_side_rank_top,0.9626068048103942,0.8970019345141698,0.2328767123287671,0.5205479452054794,22,0.0,1.0,0.5001720154152309,0.28995033153089006,class_selective_rank,anchor=v114;side=v119;margin=-0.02;w=0.3;gate=side_rank_top,7
v110_v116_rank_cls_margin0_w0.3_anchor_not_top5,0.9625965785229957,0.8977465493033022,0.2191780821917808,0.5205479452054794,22,0.0,1.0,0.5000063735739702,0.28989756465714467,class_selective_rank,anchor=v110;side=v116;margin=0;w=0.3;gate=anchor_not_top5,1
v110_v119_rank_cls_margin0.02_w0.3_none,0.9625948101388744,0.8976559965969672,0.2191780821917808,0.5205479452054794,22,0.0,1.0,0.5000084438184941,0.2898867515681687,class_selective_rank,anchor=v110;side=v119;margin=0.02;w=0.3;gate=none,1
v110_v119_rank_cls_margin0.02_w0.25_none,0.9625948101388744,0.8976521420662655,0.2191780821917808,0.5205479452054794,22,0.0,1.0,0.5000070355619906,0.289889058313919,class_selective_rank,anchor=v110;side=v119;margin=0.02;w=0.25;gate=none,1
v110_v119_rank_cls_margin0.02_w0.2_none,0.9625948101388744,0.8976436851108454,0.2191780821917808,0.5205479452054794,22,0.0,1.0,0.500005627687183,0.2898920880487989,class_selective_rank,anchor=v110;side=v119;margin=0.02;w=0.2;gate=none,1
v110_v119_rank_cls_margin0.02_w0.15_none,0.9625948101388744,0.897638737504273,0.2191780821917808,0.5205479452054794,22,0.0,1.0,0.5000042201938258,0.2898958407494403,class_selective_rank,anchor=v110;side=v119;margin=0.02;w=0.15;gate=none,1
v110_v119_rank_cls_margin0.02_w0.18_none,0.9625948101388744,0.8976371841859306,0.2191780821917808,0.5205479452054794,22,0.0,1.0,0.50000506464408,0.2898935023746544,class_selective_rank,anchor=v110;side=v119;margin=0.02;w=0.18;gate=none,1
v110_v119_rank_cls_margin0.02_w0.3_side_rank_top,0.9625948101388744,0.8976371266556216,0.2191780821917808,0.5205479452054794,22,0.0,1.0,0.5000133500948596,0.2899225031748597,class_selective_rank,anchor=v110;side=v119;margin=0.02;w=0.3;gate=side_rank_top,1
v110_v119_rank_cls_margin0.02_w0.25_side_rank_top,0.9625948101388744,0.8976364938222229,0.2191780821917808,0.5205479452054794,22,0.0,1.0,0.5000111241256284,0.28992058225452705,class_selective_rank,anchor=v110;side=v119;margin=0.02;w=0.25;gate=side_rank_top,1
v110_v119_rank_cls_margin0.02_w0.2_side_rank_top,0.9625948101388744,0.8976299353669991,0.2191780821917808,0.5205479452054794,22,0.0,1.0,0.5000088985380934,0.2899186919128874,class_selective_rank,anchor=v110;side=v119;margin=0.02;w=0.2;gate=side_rank_top,1
v110_v119_rank_cls_margin0.02_w0.15_side_rank_top,0.9625948101388744,0.8976265986090782,0.2191780821917808,0.5205479452054794,22,0.0,1.0,0.5000066733320085,0.2899168321498421,class_selective_rank,anchor=v110;side=v119;margin=0.02;w=0.15;gate=side_rank_top,1
v110_v119_rank_cls_margin0.02_w0.18_side_rank_top,0.9625948101388744,0.8976237796239381,0.2191780821917808,0.5205479452054794,22,0.0,1.0,0.5000080084098992,0.28991794433824375,class_selective_rank,anchor=v110;side=v119;margin=0.02;w=0.18;gate=side_rank_top,1
v110_v119_rank_cls_margin0_w0.18_side_rank_top,0.9625323839287209,0.897229409355878,0.2191780821917808,0.5205479452054794,22,0.0,1.0,0.5000956899645033,0.289923467953885,class_selective_rank,anchor=v110;side=v119;margin=0;w=0.18;gate=side_rank_top,6
v110_v119_rank_cls_margin-0.02_w0.18_side_rank_top,0.9625323839287209,0.8972136460512173,0.2191780821917808,0.5205479452054794,22,0.0,1.0,0.5001055943296857,0.2899308672178794,class_selective_rank,anchor=v110;side=v119;margin=-0.02;w=0.18;gate=side_rank_top,7
v110_v119_rank_cls_margin0_w0.2_side_rank_top,0.9625307394692842,0.8972348172049222,0.2191780821917808,0.5205479452054794,22,0.0,1.0,0.5001063397128813,0.289925892344293,class_selective_rank,anchor=v110;side=v119;margin=0;w=0.2;gate=side_rank_top,6
v110_v119_rank_cls_margin-0.02_w0.2_side_rank_top,0.9625307394692842,0.8972117475510211,0.2191780821917808,0.5205479452054794,22,0.0,1.0,0.500117344576225,0.2899341915629714,class_selective_rank,anchor=v110;side=v119;margin=-0.02;w=0.2;gate=side_rank_top,7
v110_v119_rank_cls_margin0_w0.18_side_gt_anchor,0.9625241980510219,0.8980411044852815,0.2191780821917808,0.5205479452054794,22,0.0,1.0,0.5006446572025971,0.28940254097507667,class_selective_rank,anchor=v110;side=v119;margin=0;w=0.18;gate=side_gt_anchor,6
v110_v119_rank_cls_margin-0.02_w0.18_side_gt_anchor,0.9625241980510219,0.8980232700894976,0.2191780821917808,0.5205479452054794,22,0.0,1.0,0.5007049631341477,0.2893806465321555,class_selective_rank,anchor=v110;side=v119;margin=-0.02;w=0.18;gate=side_gt_anchor,7
v110_v119_rank_cls_margin0_w0.15_side_rank_top,0.9625113011154302,0.8973138063191521,0.2191780821917808,0.5205479452054794,22,0.0,1.0,0.5000797219371594,0.289920239239655,class_selective_rank,anchor=v110;side=v119;margin=0;w=0.15;gate=side_rank_top,6
v110_v119_rank_cls_margin-0.02_w0.15_side_rank_top,0.9625113011154302,0.8972986183175814,0.2191780821917808,0.5205479452054794,22,0.0,1.0,0.500087975560031,0.2899263177408246,class_selective_rank,anchor=v110;side=v119;margin=-0.02;w=0.15;gate=side_rank_top,7
v114_v119_rank_cls_margin0_w0.35_side_rank_top,0.9624981018250677,0.8970336912447269,0.2328767123287671,0.5205479452054794,22,0.0,1.0,0.5001790552777695,0.2899452184403667,class_selective_rank,anchor=v114;side=v119;margin=0;w=0.35;gate=side_rank_top,6
v110_v116_rank_cls_margin0_w0.25_none,0.9624943632129793,0.897750116182459,0.2191780821917808,0.5205479452054794,22,0.0,1.0,0.500018708943253,0.2899069908002899,class_selective_rank,anchor=v110;side=v116;margin=0;w=0.25;gate=none,1
v110_v116_rank_cls_margin0_w0.25_anchor_not_top5,0.9624727916345029,0.8977020208441514,0.2191780821917808,0.5205479452054794,22,0.0,1.0,0.5000053113116418,0.2898992404621867,class_selective_rank,anchor=v110;side=v116;margin=0;w=0.25;gate=anchor_not_top5,1
v114_v119_rank_cls_margin0_w0.2_side_gt_anchor,0.962463097511129,0.8982781868885894,0.2328767123287671,0.5205479452054794,22,0.0,1.0,0.5007183033148698,0.28935217265994784,class_selective_rank,anchor=v114;side=v119;margin=0;w=0.2;gate=side_gt_anchor,6
v114_v119_rank_cls_margin-0.02_w0.2_side_gt_anchor,0.962463097511129,0.8982596045987888,0.2328767123287671,0.5205479452054794,22,0.0,1.0,0.5007848819436802,0.2893279590957039,class_selective_rank,anchor=v114;side=v119;margin=-0.02;w=0.2;gate=side_gt_anchor,7
v110_v116_rank_cls_margin0_w0.2_none,0.9624448484575822,0.897753165288835,0.2191780821917808,0.5205479452054794,22,0.0,1.0,0.5000149633366513,0.2899073644713009,class_selective_rank,anchor=v110;side=v116;margin=0;w=0.2;gate=none,1
v110_v116_rank_cls_margin0_w0.1_none,0.9624448484575822,0.8977360212567588,0.2191780821917808,0.5205479452054794,22,0.0,1.0,0.5000074778548032,0.2899088849830255,class_selective_rank,anchor=v110;side=v116;margin=0;w=0.1;gate=none,1
v110_v116_rank_cls_margin0_w0.15_none,0.9624448484575822,0.8977258959223783,0.2191780821917808,0.5205479452054794,22,0.0,1.0,0.5000112196412404,0.2899079958682044,class_selective_rank,anchor=v110;side=v116;margin=0;w=0.15;gate=none,1
v110_v116_rank_cls_margin0_w0.12_none,0.9624448484575822,0.8977255507405244,0.2191780821917808,0.5205479452054794,22,0.0,1.0,0.5000089743404431,0.28990849841148536,class_selective_rank,anchor=v110;side=v116;margin=0;w=0.12;gate=none,1
v110_v116_rank_cls_margin0_w0.18_none,0.9624448484575822,0.8977131241937847,0.2191780821917808,0.5205479452054794,22,0.0,1.0,0.5000134656292684,0.2899075861033867,class_selective_rank,anchor=v110;side=v116;margin=0;w=0.18;gate=none,1
v110_v119_rank_cls_margin0_w0.25_side_rank_top,0.9624431192972484,0.8970830522498321,0.2191780821917808,0.5205479452054794,22,0.0,1.0,0.5001329795062204,0.28993290507607816,class_selective_rank,anchor=v110;side=v119;margin=0;w=0.25;gate=side_rank_top,6
v110_v119_rank_cls_margin0_w0.15_side_gt_anchor,0.9624382223384227,0.8979720681145051,0.2191780821917808,0.5205479452054794,22,0.0,1.0,0.5005372143354976,0.2894742215849157,class_selective_rank,anchor=v110;side=v119;margin=0;w=0.15;gate=side_gt_anchor,6
v110_v119_rank_cls_margin-0.02_w0.15_side_gt_anchor,0.9624382223384227,0.897957743067569,0.2191780821917808,0.5205479452054794,22,0.0,1.0,0.5005874692784564,0.2894553423704865,class_selective_rank,anchor=v110;side=v119;margin=-0.02;w=0.15;gate=side_gt_anchor,7
v110_v119_rank_cls_margin0.02_w0.2_side_gt_anchor,0.9624285820314696,0.8976316037459595,0.2191780821917808,0.5205479452054794,22,0.0,1.0,0.5000400755658267,0.28989756328091526,class_selective_rank,anchor=v110;side=v119;margin=0.02;w=0.2;gate=side_gt_anchor,1
v110_v119_rank_cls_margin0_w0.12_side_gt_anchor,0.9624268587020591,0.8978863479541244,0.2191780821917808,0.5205479452054794,22,0.0,1.0,0.5004297714683981,0.28955116217805255,class_selective_rank,anchor=v110;side=v119;margin=0;w=0.12;gate=side_gt_anchor,6
v110_v119_rank_cls_margin0_w0.1_side_gt_anchor,0.9624268587020591,0.8978830111962035,0.2191780821917808,0.5205479452054794,22,0.0,1.0,0.5003581428903318,0.28960537606126613,class_selective_rank,anchor=v110;side=v119;margin=0;w=0.1;gate=side_gt_anchor,6
v110_v119_rank_cls_margin-0.02_w0.12_side_gt_anchor,0.9624268587020591,0.897876107559126,0.2191780821917808,0.5205479452054794,22,0.0,1.0,0.5004699754227652,0.2895355522770313,class_selective_rank,anchor=v110;side=v119;margin=-0.02;w=0.12;gate=side_gt_anchor,7
v110_v119_rank_cls_margin-0.02_w0.1_side_gt_anchor,0.9624268587020591,0.8978738638770757,0.2191780821917808,0.5205479452054794,22,0.0,1.0,0.5003916461856376,0.28959208666964337,class_selective_rank,anchor=v110;side=v119;margin=-0.02;w=0.1;gate=side_gt_anchor,7
v110_v116_rank_cls_margin0_w0.2_anchor_not_top5,0.9624232768791057,0.8977054726626903,0.2191780821917808,0.5205479452054794,22,0.0,1.0,0.5000042490493135,0.2899011707309263,class_selective_rank,anchor=v110;side=v116;margin=0;w=0.2;gate=anchor_not_top5,1
v110_v116_rank_cls_margin0_w0.1_anchor_not_top5,0.9624232768791057,0.8976880409790692,0.2191780821917808,0.5205479452054794,22,0.0,1.0,0.5000021245246568,0.2899057946384971,class_selective_rank,anchor=v110;side=v116;margin=0;w=0.1;gate=anchor_not_top5,1
v110_v116_rank_cls_margin0_w0.15_anchor_not_top5,0.9624232768791057,0.8976779156446887,0.2191780821917808,0.5205479452054794,22,0.0,1.0,0.5000031867869851,0.28990335545828066,class_selective_rank,anchor=v110;side=v116;margin=0;w=0.15;gate=anchor_not_top5,1
v110_v116_rank_cls_margin0_w0.12_anchor_not_top5,0.9624232768791057,0.8976773403415989,0.2191780821917808,0.5205479452054794,22,0.0,1.0,0.5000025494295881,0.2899047884324632,class_selective_rank,anchor=v110;side=v116;margin=0;w=0.12;gate=anchor_not_top5,1
v110_v116_rank_cls_margin0_w0.18_anchor_not_top5,0.9624232768791057,0.8976647987342412,0.2191780821917808,0.5205479452054794,22,0.0,1.0,0.5000038241443822,0.28990201408714145,class_selective_rank,anchor=v110;side=v116;margin=0;w=0.18;gate=anchor_not_top5,1
v110_v116_rank_cls_margin0_w0.08_none,0.9624200910798837,0.8977085217690662,0.2191780821917808,0.5205479452054794,22,0.0,1.0,0.500005981674245,0.2899093127880564,class_selective_rank,anchor=v110;side=v116;margin=0;w=0.08;gate=none,1
v110_v119_rank_cls_margin0_w0.3_side_rank_top,0.9624098506178759,0.8969056863072457,0.2191780821917808,0.5205479452054794,22,0.0,1.0,0.5001560125233873,0.2899391161857023,class_selective_rank,anchor=v110;side=v119;margin=0;w=0.3;gate=side_rank_top,6
v110_v116_rank_cls_margin0_w0.08_anchor_not_top5,0.9623985195014072,0.8976601963095228,0.2191780821917808,0.5205479452054794,22,0.0,1.0,0.5000016996197254,0.2899068415559688,class_selective_rank,anchor=v110;side=v116;margin=0;w=0.08;gate=anchor_not_top5,1
v110_v119_rank_cls_margin0_w0.08_side_gt_anchor,0.9623846930754779,0.8978138597648092,0.2191780821917808,0.5205479452054794,22,0.0,1.0,0.5002865143122653,0.28966192454596473,class_selective_rank,anchor=v110;side=v119;margin=0;w=0.08;gate=side_gt_anchor,6
v110_v119_rank_cls_margin-0.02_w0.08_side_gt_anchor,0.9623846930754779,0.8978070711883495,0.2191780821917808,0.5205479452054794,22,0.0,1.0,0.5003133169485101,0.28965106829565535,class_selective_rank,anchor=v110;side=v119;margin=-0.02;w=0.08;gate=side_gt_anchor,7
v114_v116_rank_cls_margin0_w0.4_none,0.9623622695010785,0.8979260438673209,0.2328767123287671,0.5205479452054794,22,0.0,1.0,0.5000297127028253,0.28990651766278663,class_selective_rank,anchor=v114;side=v116;margin=0;w=0.4;gate=none,1
v110_v116_rank_cls_margin0_w0.4_side_rank_top,0.9623581976356372,0.8976823454784801,0.2191780821917808,0.5205479452054794,22,0.0,1.0,0.5000213980163989,0.2899229891669621,class_selective_rank,anchor=v110;side=v116;margin=0;w=0.4;gate=side_rank_top,1
v110_v116_rank_cls_margin0_w0.35_side_rank_top,0.9623581976356372,0.8976627851734268,0.2191780821917808,0.5205479452054794,22,0.0,1.0,0.5000187165673906,0.28992150799150884,class_selective_rank,anchor=v110;side=v116;margin=0;w=0.35;gate=side_rank_top,1
v114_v116_rank_cls_margin0_w0.4_anchor_not_top5,0.9623528566793013,0.897878869013957,0.2328767123287671,0.5205479452054794,22,0.0,1.0,0.5000082535490261,0.28989407784899285,class_selective_rank,anchor=v114;side=v116;margin=0;w=0.4;gate=anchor_not_top5,1
v110_v119_rank_cls_margin0_w0.05_side_gt_anchor,0.9623425274488966,0.897773531018214,0.2191780821917808,0.5205479452054794,22,0.0,1.0,0.5001790714451658,0.28975112164531996,class_selective_rank,anchor=v110;side=v119;margin=0;w=0.05;gate=side_gt_anchor,6
v110_v119_rank_cls_margin-0.02_w0.05_side_gt_anchor,0.9623425274488966,0.8977686409419506,0.2191780821917808,0.5205479452054794,22,0.0,1.0,0.5001958230928187,0.28974412601110244,class_selective_rank,anchor=v110;side=v119;margin=-0.02;w=0.05;gate=side_gt_anchor,7
v110_v116_rank_cls_margin0_w0.3_side_rank_top,0.9623334402579388,0.8976976485406689,0.2191780821917808,0.5205479452054794,22,0.0,1.0,0.5000160370362456,0.28992003742011857,class_selective_rank,anchor=v110;side=v116;margin=0;w=0.3;gate=side_rank_top,1
v114_v116_rank_cls_margin0_w0.35_none,0.9623251334345309,0.8978912955606967,0.2328767123287671,0.5205479452054794,22,0.0,1.0,0.5000259919180136,0.28990622278761125,class_selective_rank,anchor=v114;side=v116;margin=0;w=0.35;gate=none,1
v110_v116_rank_cls_margin0_w0.05_none,0.9623210615690895,0.897706450677943,0.2191780821917808,0.5205479452054794,22,0.0,1.0,0.5000037379751264,0.2899100318071162,class_selective_rank,anchor=v110;side=v116;margin=0;w=0.05;gate=none,1
v114_v116_rank_cls_margin0_w0.35_anchor_not_top5,0.9623157206127536,0.8978437179951699,0.2328767123287671,0.5205479452054794,22,0.0,1.0,0.5000072218553978,0.289895349399712,class_selective_rank,anchor=v114;side=v116;margin=0;w=0.35;gate=anchor_not_top5,1
v114_v119_rank_cls_margin0.02_w0.4_anchor_not_top5,0.962313952228632,0.8978034467788838,0.2328767123287671,0.5205479452054794,22,0.0,1.0,0.5000051355416163,0.2898805226255544,class_selective_rank,anchor=v114;side=v119;margin=0.02;w=0.4;gate=anchor_not_top5,1
v114_v119_rank_cls_margin0.02_w0.35_anchor_not_top5,0.962313952228632,0.8977982690510755,0.2328767123287671,0.5205479452054794,22,0.0,1.0,0.5000044935989142,0.28988186760832535,class_selective_rank,anchor=v114;side=v119;margin=0.02;w=0.35;gate=anchor_not_top5,1
v114_v119_rank_cls_margin0.02_w0.3_anchor_not_top5,0.962313952228632,0.8977980964601486,0.2328767123287671,0.5205479452054794,22,0.0,1.0,0.5000038516562122,0.28988393241538374,class_selective_rank,anchor=v114;side=v119;margin=0.02;w=0.3;gate=anchor_not_top5,1
v114_v119_rank_cls_margin0.02_w0.25_anchor_not_top5,0.962313952228632,0.8977966006721151,0.2328767123287671,0.5205479452054794,22,0.0,1.0,0.5000032097135102,0.28988671703134816,class_selective_rank,anchor=v114;side=v119;margin=0.02;w=0.25;gate=anchor_not_top5,1
v114_v119_rank_cls_margin0.02_w0.2_anchor_not_top5,0.962313952228632,0.8977877985348411,0.2328767123287671,0.5205479452054794,22,0.0,1.0,0.5000025677708082,0.2898902214354755,class_selective_rank,anchor=v114;side=v119;margin=0.02;w=0.2;gate=anchor_not_top5,1
v114_v119_rank_cls_margin0.02_w0.15_anchor_not_top5,0.962313952228632,0.8977826208070329,0.2328767123287671,0.5205479452054794,22,0.0,1.0,0.5000019258281061,0.2898944456016624,class_selective_rank,anchor=v114;side=v119;margin=0.02;w=0.15;gate=anchor_not_top5,1
v114_v119_rank_cls_margin0.02_w0.18_anchor_not_top5,0.962313952228632,0.8977812400796173,0.2328767123287671,0.5205479452054794,22,0.0,1.0,0.5000023109937274,0.28989182473214503,class_selective_rank,anchor=v114;side=v119;margin=0.02;w=0.18;gate=anchor_not_top5,1
v114_v119_rank_cls_margin0.02_w0.25_side_gt_anchor,0.962313952228632,0.8977749692759385,0.2328767123287671,0.5205479452054794,22,0.0,1.0,0.5000497887702824,0.2898944875931461,class_selective_rank,anchor=v114;side=v119;margin=0.02;w=0.25;gate=side_gt_anchor,1
v114_v119_rank_cls_margin0.02_w0.4_side_gt_anchor,0.962313952228632,0.8977719776998715,0.2328767123287671,0.5205479452054794,22,0.0,1.0,0.5000796620324517,0.2898883081546619,class_selective_rank,anchor=v114;side=v119;margin=0.02;w=0.4;gate=side_gt_anchor,1
v114_v119_rank_cls_margin0.02_w0.3_side_gt_anchor,0.962313952228632,0.8977715749877087,0.2328767123287671,0.5205479452054794,22,0.0,1.0,0.5000597465243388,0.28989209527844595,class_selective_rank,anchor=v114;side=v119;margin=0.02;w=0.3;gate=side_gt_anchor,1
v114_v119_rank_cls_margin0.02_w0.35_side_gt_anchor,0.962313952228632,0.8977688710631866,0.2328767123287671,0.5205479452054794,22,0.0,1.0,0.5000697042783953,0.28989003546325526,class_selective_rank,anchor=v114;side=v119;margin=0.02;w=0.35;gate=side_gt_anchor,1
v114_v119_rank_cls_margin0_w0.15_side_rank_top,0.9623108095527869,0.8974500380908176,0.2328767123287671,0.5205479452054794,22,0.0,1.0,0.5000797219371594,0.28991954153021227,class_selective_rank,anchor=v114;side=v119;margin=0;w=0.15;gate=side_rank_top,6
v114_v119_rank_cls_margin-0.02_w0.15_side_rank_top,0.9623108095527869,0.8974359431651174,0.2328767123287671,0.5205479452054794,22,0.0,1.0,0.500087723338717,0.28992535847869777,class_selective_rank,anchor=v114;side=v119;margin=-0.02;w=0.15;gate=side_rank_top,7
v114_v119_rank_cls_margin0_w0.18_side_rank_top,0.9623108095527869,0.8973907243422589,0.2328767123287671,0.5205479452054794,22,0.0,1.0,0.5000956899645033,0.28992264457918826,class_selective_rank,anchor=v114;side=v119;margin=0;w=0.18;gate=side_rank_top,6
v114_v119_rank_cls_margin-0.02_w0.18_side_rank_top,0.9623108095527869,0.8973770896590305,0.2328767123287671,0.5205479452054794,22,0.0,1.0,0.5001052916570142,0.2899297282609242,class_selective_rank,anchor=v114;side=v119;margin=-0.02;w=0.18;gate=side_rank_top,7
v114_v119_rank_cls_margin0_w0.2_side_rank_top,0.9623099873230686,0.8973837631748722,0.2328767123287671,0.5205479452054794,22,0.0,1.0,0.5001063397128813,0.2899249877631727,class_selective_rank,anchor=v114;side=v119;margin=0;w=0.2;gate=side_rank_top,6
v114_v119_rank_cls_margin-0.02_w0.2_side_rank_top,0.9623099873230686,0.8973627070817854,0.2328767123287671,0.5205479452054794,22,0.0,1.0,0.5001170082680003,0.28993293506187406,class_selective_rank,anchor=v114;side=v119;margin=-0.02;w=0.2;gate=side_rank_top,7
v110_v116_rank_cls_margin0_w0.2_side_rank_top,0.9623086828802401,0.8976948295555289,0.2191780821917808,0.5205479452054794,22,0.0,1.0,0.5000106837186378,0.2899171280647642,class_selective_rank,anchor=v110;side=v116;margin=0;w=0.2;gate=side_rank_top,1
v110_v116_rank_cls_margin0_w0.08_side_rank_top,0.9623086828802401,0.8976924708128607,0.2191780821917808,0.5205479452054794,22,0.0,1.0,0.5000042698270397,0.2899136927255723,class_selective_rank,anchor=v110;side=v116;margin=0;w=0.08;gate=side_rank_top,1
v110_v116_rank_cls_margin0_w0.1_side_rank_top,0.9623086828802401,0.8976923557522427,0.2191780821917808,0.5205479452054794,22,0.0,1.0,0.5000053380457965,0.2899142610515048,class_selective_rank,anchor=v110;side=v116;margin=0;w=0.1;gate=side_rank_top,1
v110_v116_rank_cls_margin0_w0.25_side_rank_top,0.9623086828802401,0.8976832659634238,0.2191780821917808,0.5205479452054794,22,0.0,1.0,0.5000133594207361,0.2899185774465973,class_selective_rank,anchor=v110;side=v116;margin=0;w=0.25;gate=side_rank_top,1
v110_v116_rank_cls_margin0_w0.18_side_rank_top,0.9623086828802401,0.8976817701753903,0.2191780821917808,0.5205479452054794,22,0.0,1.0,0.5000096139730562,0.2899165512763216,class_selective_rank,anchor=v110;side=v116;margin=0;w=0.18;gate=side_rank_top,1
v110_v116_rank_cls_margin0_w0.12_side_rank_top,0.9623086828802401,0.8976810798116825,0.2191780821917808,0.5205479452054794,22,0.0,1.0,0.5000064065696349,0.28991483106915295,class_selective_rank,anchor=v110;side=v116;margin=0;w=0.12;gate=side_rank_top,1
v110_v116_rank_cls_margin0_w0.15_side_rank_top,0.9623086828802401,0.8976810798116825,0.2191780821917808,0.5205479452054794,22,0.0,1.0,0.5000080099277303,0.28991568926845157,class_selective_rank,anchor=v110;side=v116;margin=0;w=0.15;gate=side_rank_top,1
v114_v119_rank_cls_margin0.02_w0.3_none,0.9623015735397829,0.8977949322931547,0.2328767123287671,0.5205479452054794,22,0.0,1.0,0.5000084438184941,0.28988574996781097,class_selective_rank,anchor=v114;side=v119;margin=0.02;w=0.3;gate=none,1
v114_v119_rank_cls_margin0.02_w0.25_none,0.9623015735397829,0.8977919407170877,0.2328767123287671,0.5205479452054794,22,0.0,1.0,0.5000070355619906,0.28988822840587286,class_selective_rank,anchor=v114;side=v119;margin=0.02;w=0.25;gate=none,1
v114_v119_rank_cls_margin0.02_w0.2_none,0.9623015735397829,0.8977825057464149,0.2328767123287671,0.5205479452054794,22,0.0,1.0,0.500005627687183,0.2898914279310782,class_selective_rank,anchor=v114;side=v119;margin=0.02;w=0.2;gate=none,1
v114_v119_rank_cls_margin0.02_w0.15_none,0.9623015735397829,0.8977773855489156,0.2328767123287671,0.5205479452054794,22,0.0,1.0,0.5000042201938258,0.2898953485188515,class_selective_rank,anchor=v114;side=v119;margin=0.02;w=0.15;gate=none,1
v114_v119_rank_cls_margin0.02_w0.18_none,0.9623015735397829,0.8977760048215001,0.2328767123287671,0.5205479452054794,22,0.0,1.0,0.5000050646440799,0.28989290964023634,class_selective_rank,anchor=v114;side=v119;margin=0.02;w=0.18;gate=none,1
v114_v119_rank_cls_margin0.02_w0.3_side_rank_top,0.9623015735397829,0.8977746240940846,0.2328767123287671,0.5205479452054794,22,0.0,1.0,0.5000129832704584,0.28992212062967276,class_selective_rank,anchor=v114;side=v119;margin=0.02;w=0.3;gate=side_rank_top,1
v114_v119_rank_cls_margin0.02_w0.25_side_rank_top,0.9623015735397829,0.8977743939728486,0.2328767123287671,0.5205479452054794,22,0.0,1.0,0.5000108184386276,0.28992026663015363,class_selective_rank,anchor=v114;side=v119;margin=0.02;w=0.25;gate=side_rank_top,1
v114_v119_rank_cls_margin0.02_w0.2_side_rank_top,0.9623015735397829,0.8977673177448441,0.2328767123287671,0.5205479452054794,22,0.0,1.0,0.5000086539884926,0.2899184419440736,class_selective_rank,anchor=v114;side=v119;margin=0.02;w=0.2;gate=side_rank_top,1
v114_v119_rank_cls_margin0.02_w0.15_side_rank_top,0.9623015735397829,0.8977637508656873,0.2328767123287671,0.5205479452054794,22,0.0,1.0,0.500006489919808,0.2899166465712893,class_selective_rank,anchor=v114;side=v119;margin=0.02;w=0.15;gate=side_rank_top,1
v114_v119_rank_cls_margin0.02_w0.18_side_rank_top,0.9623015735397829,0.8977613345927101,0.2328767123287671,0.5205479452054794,22,0.0,1.0,0.5000077883152585,0.28991772027737267,class_selective_rank,anchor=v114;side=v119;margin=0.02;w=0.18;gate=side_rank_top,1
v114_v116_rank_cls_margin0_w0.3_none,0.9623003760568323,0.897914077563053,0.2328767123287671,0.5205479452054794,22,0.0,1.0,0.5000222730510653,0.2899061878434071,class_selective_rank,anchor=v114;side=v116;margin=0;w=0.3;gate=none,1
v110_v116_rank_cls_margin0_w0.05_anchor_not_top5,0.9622994899906131,0.8976580101577815,0.2191780821917808,0.5205479452054794,22,0.0,1.0,0.5000010622623284,0.28990848826515286,class_selective_rank,anchor=v110;side=v116;margin=0;w=0.05;gate=anchor_not_top5,1
v114_v116_rank_cls_margin0_w0.3_anchor_not_top5,0.9622909632350549,0.897867075300616,0.2328767123287671,0.5205479452054794,22,0.0,1.0,0.5000061901617696,0.28989687760583877,class_selective_rank,anchor=v114;side=v116;margin=0;w=0.3;gate=anchor_not_top5,1
v110_v116_rank_cls_margin0_w0.4_side_gt_anchor,0.9622871113017637,0.8979082670018459,0.2191780821917808,0.5205479452054794,22,0.0,1.0,0.500044630302141,0.2898978218419289,class_selective_rank,anchor=v110;side=v116;margin=0;w=0.4;gate=side_gt_anchor,1
v110_v116_rank_cls_margin0_w0.35_side_gt_anchor,0.9622871113017637,0.8978559719509828,0.2191780821917808,0.5205479452054794,22,0.0,1.0,0.5000390515143734,0.28989905394692383,class_selective_rank,anchor=v110;side=v116;margin=0;w=0.35;gate=side_gt_anchor,1
v110_v116_rank_cls_margin0_w0.15_side_gt_anchor,0.9622871113017637,0.8977393004843707,0.2191780821917808,0.5205479452054794,22,0.0,1.0,0.5000167363633029,0.28990532440720096,class_selective_rank,anchor=v110;side=v116;margin=0;w=0.15;gate=side_gt_anchor,1
v110_v116_rank_cls_margin0_w0.12_side_gt_anchor,0.9622871113017637,0.8977265287557771,0.2191780821917808,0.5205479452054794,22,0.0,1.0,0.5000133890906423,0.28990645017224353,class_selective_rank,anchor=v110;side=v116;margin=0;w=0.12;gate=side_gt_anchor,1
v110_v116_rank_cls_margin0_w0.1_side_gt_anchor,0.9622871113017637,0.8977134118453295,0.2191780821917808,0.5205479452054794,22,0.0,1.0,0.5000111575755353,0.28990722752145937,class_selective_rank,anchor=v110;side=v116;margin=0;w=0.1;gate=side_gt_anchor,1
v110_v116_rank_cls_margin0_w0.08_side_gt_anchor,0.9622871113017637,0.8976864876607268,0.2191780821917808,0.5205479452054794,22,0.0,1.0,0.5000089260604282,0.2899080263418245,class_selective_rank,anchor=v110;side=v116;margin=0;w=0.08;gate=side_gt_anchor,1
v110_v116_rank_cls_margin0_w0.05_side_rank_top,0.9622839255025416,0.8976917804491529,0.2191780821917808,0.5205479452054794,22,0.0,1.0,0.500002668070623,0.28991284340778234,class_selective_rank,anchor=v110;side=v116;margin=0;w=0.05;gate=side_rank_top,1
v110_v116_rank_cls_margin0_w0.3_side_gt_anchor,0.9622747326129144,0.8978507942231746,0.2191780821917808,0.5205479452054794,22,0.0,1.0,0.5000334727266058,0.28990042025793916,class_selective_rank,anchor=v110;side=v116;margin=0;w=0.3;gate=side_gt_anchor,1
v114_v119_rank_cls_margin0_w0.25_side_rank_top,0.962266999466769,0.8972407428267472,0.2328767123287671,0.5205479452054794,22,0.0,1.0,0.5001329795062204,0.28993180647629496,class_selective_rank,anchor=v114;side=v119;margin=0;w=0.25;gate=side_rank_top,6
v110_v116_rank_cls_margin0_w0.2_side_gt_anchor,0.9622623539240652,0.8977716325180176,0.2191780821917808,0.5205479452054794,22,0.0,1.0,0.5000223151510705,0.2899035554902548,class_selective_rank,anchor=v110;side=v116;margin=0;w=0.2;gate=side_gt_anchor,1
v110_v116_rank_cls_margin0_w0.18_side_gt_anchor,0.9622623539240652,0.8977248028465077,0.2191780821917808,0.5205479452054794,22,0.0,1.0,0.5000200836359635,0.2899042469531944,class_selective_rank,anchor=v110;side=v116;margin=0;w=0.18;gate=side_gt_anchor,1
v110_v116_rank_cls_margin0_w0.05_side_gt_anchor,0.9622623539240652,0.8976744062958408,0.2191780821917808,0.5205479452054794,22,0.0,1.0,0.5000055787877676,0.2899092648303873,class_selective_rank,anchor=v110;side=v116;margin=0;w=0.05;gate=side_gt_anchor,1
v114_v119_rank_cls_margin0_w0.18_side_gt_anchor,0.9622510292127355,0.8981932146222255,0.2328767123287671,0.5205479452054794,22,0.0,1.0,0.5006464729833828,0.28939751582496337,class_selective_rank,anchor=v114;side=v119;margin=0;w=0.18;gate=side_gt_anchor,6
v114_v119_rank_cls_margin-0.02_w0.18_side_gt_anchor,0.9622510292127355,0.8981772211963289,0.2328767123287671,0.5205479452054794,22,0.0,1.0,0.5007063937493123,0.289375217384727,class_selective_rank,anchor=v114;side=v119;margin=-0.02;w=0.18;gate=side_gt_anchor,7
v110_v116_rank_cls_margin0_w0.25_side_gt_anchor,0.9622375965463665,0.8977973485661318,0.2191780821917808,0.5205479452054794,22,0.0,1.0,0.5000278939388382,0.28990192077307747,class_selective_rank,anchor=v110;side=v116;margin=0;w=0.25;gate=side_gt_anchor,1
v110_v119_rank_cls_margin0.02_w0.12_anchor_not_top5,0.9622375965463665,0.8976412113075593,0.2191780821917808,0.5205479452054794,22,0.0,1.0,0.5000015406624849,0.28989771798760783,class_selective_rank,anchor=v110;side=v119;margin=0.02;w=0.12;gate=anchor_not_top5,1
v110_v119_rank_cls_margin0.02_w0.08_anchor_not_top5,0.9622375965463665,0.8976408661257054,0.2191780821917808,0.5205479452054794,22,0.0,1.0,0.5000010271083233,0.28990182896229705,class_selective_rank,anchor=v110;side=v119;margin=0.02;w=0.08;gate=anchor_not_top5,1
v110_v119_rank_cls_margin0.02_w0.1_anchor_not_top5,0.9622375965463665,0.8976399456407617,0.2191780821917808,0.5205479452054794,22,0.0,1.0,0.5000012838854041,0.2898997157469506,class_selective_rank,anchor=v110;side=v119;margin=0.02;w=0.1;gate=anchor_not_top5,1
v110_v119_rank_cls_margin0.02_w0.05_anchor_not_top5,0.9622375965463665,0.8976393128073629,0.2191780821917808,0.5205479452054794,22,0.0,1.0,0.5000006419427021,0.28990521525976287,class_selective_rank,anchor=v110;side=v119;margin=0.02;w=0.05;gate=anchor_not_top5,1
v110_v119_rank_cls_margin0.02_w0.05_side_gt_anchor,0.9622375965463665,0.8976326392915212,0.2191780821917808,0.5205479452054794,22,0.0,1.0,0.5000100188914567,0.2899074670640349,class_selective_rank,anchor=v110;side=v119;margin=0.02;w=0.05;gate=side_gt_anchor,1
v110_v119_rank_cls_margin0.02_w0.08_side_gt_anchor,0.9622375965463665,0.8976318338671955,0.2191780821917808,0.5205479452054794,22,0.0,1.0,0.5000160302263307,0.2899052458204635,class_selective_rank,anchor=v110;side=v119;margin=0.02;w=0.08;gate=side_gt_anchor,1
v110_v119_rank_cls_margin0.02_w0.1_side_gt_anchor,0.9622375965463665,0.8976308558519428,0.2191780821917808,0.5205479452054794,22,0.0,1.0,0.5000200377829134,0.28990383179177054,class_selective_rank,anchor=v110;side=v119;margin=0.02;w=0.1;gate=side_gt_anchor,1
v110_v119_rank_cls_margin0.02_w0.12_side_gt_anchor,0.9622375965463665,0.8976291874729824,0.2191780821917808,0.5205479452054794,22,0.0,1.0,0.5000240453394961,0.28990247120427776,class_selective_rank,anchor=v110;side=v119;margin=0.02;w=0.12;gate=side_gt_anchor,1
v110_v119_rank_cls_margin0.02_w0.15_side_gt_anchor,0.9622375965463665,0.8976288422911285,0.2191780821917808,0.5205479452054794,22,0.0,1.0,0.5000300566743701,0.28990053052692705,class_selective_rank,anchor=v110;side=v119;margin=0.02;w=0.15;gate=side_gt_anchor,1
v110_v116_rank_cls_margin0.02_w0.05_none,0.9622375965463665,0.8976287847608194,0.2191780821917808,0.5205479452054794,22,0.0,1.0,0.5000000000000001,0.2899114363311556,class_selective_rank,anchor=v110;side=v116;margin=0.02;w=0.05;gate=none,0
v110_v116_rank_cls_margin0.02_w0.05_side_gt_anchor,0.9622375965463665,0.8976287847608194,0.2191780821917808,0.5205479452054794,22,0.0,1.0,0.5000000000000001,0.2899114363311556,class_selective_rank,anchor=v110;side=v116;margin=0.02;w=0.05;gate=side_gt_anchor,0
v110_v116_rank_cls_margin0.02_w0.05_side_rank_top,0.9622375965463665,0.8976287847608194,0.2191780821917808,0.5205479452054794,22,0.0,1.0,0.5000000000000001,0.2899114363311556,class_selective_rank,anchor=v110;side=v116;margin=0.02;w=0.05;gate=side_rank_top,0
v110_v116_rank_cls_margin0.02_w0.05_anchor_not_top5,0.9622375965463665,0.8976287847608194,0.2191780821917808,0.5205479452054794,22,0.0,1.0,0.5000000000000001,0.2899114363311556,class_selective_rank,anchor=v110;side=v116;margin=0.02;w=0.05;gate=anchor_not_top5,0
v110_v116_rank_cls_margin0.02_w0.08_none,0.9622375965463665,0.8976287847608194,0.2191780821917808,0.5205479452054794,22,0.0,1.0,0.5000000000000001,0.2899114363311556,class_selective_rank,anchor=v110;side=v116;margin=0.02;w=0.08;gate=none,0
v110_v116_rank_cls_margin0.02_w0.08_side_gt_anchor,0.9622375965463665,0.8976287847608194,0.2191780821917808,0.5205479452054794,22,0.0,1.0,0.5000000000000001,0.2899114363311556,class_selective_rank,anchor=v110;side=v116;margin=0.02;w=0.08;gate=side_gt_anchor,0
v110_v116_rank_cls_margin0.02_w0.08_side_rank_top,0.9622375965463665,0.8976287847608194,0.2191780821917808,0.5205479452054794,22,0.0,1.0,0.5000000000000001,0.2899114363311556,class_selective_rank,anchor=v110;side=v116;margin=0.02;w=0.08;gate=side_rank_top,0
v110_v116_rank_cls_margin0.02_w0.08_anchor_not_top5,0.9622375965463665,0.8976287847608194,0.2191780821917808,0.5205479452054794,22,0.0,1.0,0.5000000000000001,0.2899114363311556,class_selective_rank,anchor=v110;side=v116;margin=0.02;w=0.08;gate=anchor_not_top5,0
v110_v116_rank_cls_margin0.02_w0.1_none,0.9622375965463665,0.8976287847608194,0.2191780821917808,0.5205479452054794,22,0.0,1.0,0.5000000000000001,0.2899114363311556,class_selective_rank,anchor=v110;side=v116;margin=0.02;w=0.1;gate=none,0
v110_v116_rank_cls_margin0.02_w0.1_side_gt_anchor,0.9622375965463665,0.8976287847608194,0.2191780821917808,0.5205479452054794,22,0.0,1.0,0.5000000000000001,0.2899114363311556,class_selective_rank,anchor=v110;side=v116;margin=0.02;w=0.1;gate=side_gt_anchor,0
v110_v116_rank_cls_margin0.02_w0.1_side_rank_top,0.9622375965463665,0.8976287847608194,0.2191780821917808,0.5205479452054794,22,0.0,1.0,0.5000000000000001,0.2899114363311556,class_selective_rank,anchor=v110;side=v116;margin=0.02;w=0.1;gate=side_rank_top,0
v110_v116_rank_cls_margin0.02_w0.1_anchor_not_top5,0.9622375965463665,0.8976287847608194,0.2191780821917808,0.5205479452054794,22,0.0,1.0,0.5000000000000001,0.2899114363311556,class_selective_rank,anchor=v110;side=v116;margin=0.02;w=0.1;gate=anchor_not_top5,0
v110_v116_rank_cls_margin0.02_w0.12_none,0.9622375965463665,0.8976287847608194,0.2191780821917808,0.5205479452054794,22,0.0,1.0,0.5000000000000001,0.2899114363311556,class_selective_rank,anchor=v110;side=v116;margin=0.02;w=0.12;gate=none,0
v110_v116_rank_cls_margin0.02_w0.12_side_gt_anchor,0.9622375965463665,0.8976287847608194,0.2191780821917808,0.5205479452054794,22,0.0,1.0,0.5000000000000001,0.2899114363311556,class_selective_rank,anchor=v110;side=v116;margin=0.02;w=0.12;gate=side_gt_anchor,0
v110_v116_rank_cls_margin0.02_w0.12_side_rank_top,0.9622375965463665,0.8976287847608194,0.2191780821917808,0.5205479452054794,22,0.0,1.0,0.5000000000000001,0.2899114363311556,class_selective_rank,anchor=v110;side=v116;margin=0.02;w=0.12;gate=side_rank_top,0
v110_v116_rank_cls_margin0.02_w0.12_anchor_not_top5,0.9622375965463665,0.8976287847608194,0.2191780821917808,0.5205479452054794,22,0.0,1.0,0.5000000000000001,0.2899114363311556,class_selective_rank,anchor=v110;side=v116;margin=0.02;w=0.12;gate=anchor_not_top5,0
v110_v116_rank_cls_margin0.02_w0.15_none,0.9622375965463665,0.8976287847608194,0.2191780821917808,0.5205479452054794,22,0.0,1.0,0.5000000000000001,0.2899114363311556,class_selective_rank,anchor=v110;side=v116;margin=0.02;w=0.15;gate=none,0
v110_v116_rank_cls_margin0.02_w0.15_side_gt_anchor,0.9622375965463665,0.8976287847608194,0.2191780821917808,0.5205479452054794,22,0.0,1.0,0.5000000000000001,0.2899114363311556,class_selective_rank,anchor=v110;side=v116;margin=0.02;w=0.15;gate=side_gt_anchor,0
v110_v116_rank_cls_margin0.02_w0.15_side_rank_top,0.9622375965463665,0.8976287847608194,0.2191780821917808,0.5205479452054794,22,0.0,1.0,0.5000000000000001,0.2899114363311556,class_selective_rank,anchor=v110;side=v116;margin=0.02;w=0.15;gate=side_rank_top,0
v110_v116_rank_cls_margin0.02_w0.15_anchor_not_top5,0.9622375965463665,0.8976287847608194,0.2191780821917808,0.5205479452054794,22,0.0,1.0,0.5000000000000001,0.2899114363311556,class_selective_rank,anchor=v110;side=v116;margin=0.02;w=0.15;gate=anchor_not_top5,0
v110_v116_rank_cls_margin0.02_w0.18_none,0.9622375965463665,0.8976287847608194,0.2191780821917808,0.5205479452054794,22,0.0,1.0,0.5000000000000001,0.2899114363311556,class_selective_rank,anchor=v110;side=v116;margin=0.02;w=0.18;gate=none,0
v110_v116_rank_cls_margin0.02_w0.18_side_gt_anchor,0.9622375965463665,0.8976287847608194,0.2191780821917808,0.5205479452054794,22,0.0,1.0,0.5000000000000001,0.2899114363311556,class_selective_rank,anchor=v110;side=v116;margin=0.02;w=0.18;gate=side_gt_anchor,0
v110_v116_rank_cls_margin0.02_w0.18_side_rank_top,0.9622375965463665,0.8976287847608194,0.2191780821917808,0.5205479452054794,22,0.0,1.0,0.5000000000000001,0.2899114363311556,class_selective_rank,anchor=v110;side=v116;margin=0.02;w=0.18;gate=side_rank_top,0
v110_v116_rank_cls_margin0.02_w0.18_anchor_not_top5,0.9622375965463665,0.8976287847608194,0.2191780821917808,0.5205479452054794,22,0.0,1.0,0.5000000000000001,0.2899114363311556,class_selective_rank,anchor=v110;side=v116;margin=0.02;w=0.18;gate=anchor_not_top5,0
v110_v116_rank_cls_margin0.02_w0.2_none,0.9622375965463665,0.8976287847608194,0.2191780821917808,0.5205479452054794,22,0.0,1.0,0.5000000000000001,0.2899114363311556,class_selective_rank,anchor=v110;side=v116;margin=0.02;w=0.2;gate=none,0
v110_v116_rank_cls_margin0.02_w0.2_side_gt_anchor,0.9622375965463665,0.8976287847608194,0.2191780821917808,0.5205479452054794,22,0.0,1.0,0.5000000000000001,0.2899114363311556,class_selective_rank,anchor=v110;side=v116;margin=0.02;w=0.2;gate=side_gt_anchor,0
v110_v116_rank_cls_margin0.02_w0.2_side_rank_top,0.9622375965463665,0.8976287847608194,0.2191780821917808,0.5205479452054794,22,0.0,1.0,0.5000000000000001,0.2899114363311556,class_selective_rank,anchor=v110;side=v116;margin=0.02;w=0.2;gate=side_rank_top,0
v110_v116_rank_cls_margin0.02_w0.2_anchor_not_top5,0.9622375965463665,0.8976287847608194,0.2191780821917808,0.5205479452054794,22,0.0,1.0,0.5000000000000001,0.2899114363311556,class_selective_rank,anchor=v110;side=v116;margin=0.02;w=0.2;gate=anchor_not_top5,0
v110_v116_rank_cls_margin0.02_w0.25_none,0.9622375965463665,0.8976287847608194,0.2191780821917808,0.5205479452054794,22,0.0,1.0,0.5000000000000001,0.2899114363311556,class_selective_rank,anchor=v110;side=v116;margin=0.02;w=0.25;gate=none,0
v110_v116_rank_cls_margin0.02_w0.25_side_gt_anchor,0.9622375965463665,0.8976287847608194,0.2191780821917808,0.5205479452054794,22,0.0,1.0,0.5000000000000001,0.2899114363311556,class_selective_rank,anchor=v110;side=v116;margin=0.02;w=0.25;gate=side_gt_anchor,0
v110_v116_rank_cls_margin0.02_w0.25_side_rank_top,0.9622375965463665,0.8976287847608194,0.2191780821917808,0.5205479452054794,22,0.0,1.0,0.5000000000000001,0.2899114363311556,class_selective_rank,anchor=v110;side=v116;margin=0.02;w=0.25;gate=side_rank_top,0
v110_v116_rank_cls_margin0.02_w0.25_anchor_not_top5,0.9622375965463665,0.8976287847608194,0.2191780821917808,0.5205479452054794,22,0.0,1.0,0.5000000000000001,0.2899114363311556,class_selective_rank,anchor=v110;side=v116;margin=0.02;w=0.25;gate=anchor_not_top5,0
v110_v116_rank_cls_margin0.02_w0.3_none,0.9622375965463665,0.8976287847608194,0.2191780821917808,0.5205479452054794,22,0.0,1.0,0.5000000000000001,0.2899114363311556,class_selective_rank,anchor=v110;side=v116;margin=0.02;w=0.3;gate=none,0
v110_v116_rank_cls_margin0.02_w0.3_side_gt_anchor,0.9622375965463665,0.8976287847608194,0.2191780821917808,0.5205479452054794,22,0.0,1.0,0.5000000000000001,0.2899114363311556,class_selective_rank,anchor=v110;side=v116;margin=0.02;w=0.3;gate=side_gt_anchor,0
v110_v116_rank_cls_margin0.02_w0.3_side_rank_top,0.9622375965463665,0.8976287847608194,0.2191780821917808,0.5205479452054794,22,0.0,1.0,0.5000000000000001,0.2899114363311556,class_selective_rank,anchor=v110;side=v116;margin=0.02;w=0.3;gate=side_rank_top,0
v110_v116_rank_cls_margin0.02_w0.3_anchor_not_top5,0.9622375965463665,0.8976287847608194,0.2191780821917808,0.5205479452054794,22,0.0,1.0,0.5000000000000001,0.2899114363311556,class_selective_rank,anchor=v110;side=v116;margin=0.02;w=0.3;gate=anchor_not_top5,0
v110_v116_rank_cls_margin0.02_w0.35_none,0.9622375965463665,0.8976287847608194,0.2191780821917808,0.5205479452054794,22,0.0,1.0,0.5000000000000001,0.2899114363311556,class_selective_rank,anchor=v110;side=v116;margin=0.02;w=0.35;gate=none,0
v110_v116_rank_cls_margin0.02_w0.35_side_gt_anchor,0.9622375965463665,0.8976287847608194,0.2191780821917808,0.5205479452054794,22,0.0,1.0,0.5000000000000001,0.2899114363311556,class_selective_rank,anchor=v110;side=v116;margin=0.02;w=0.35;gate=side_gt_anchor,0
v110_v116_rank_cls_margin0.02_w0.35_side_rank_top,0.9622375965463665,0.8976287847608194,0.2191780821917808,0.5205479452054794,22,0.0,1.0,0.5000000000000001,0.2899114363311556,class_selective_rank,anchor=v110;side=v116;margin=0.02;w=0.35;gate=side_rank_top,0
v110_v116_rank_cls_margin0.02_w0.35_anchor_not_top5,0.9622375965463665,0.8976287847608194,0.2191780821917808,0.5205479452054794,22,0.0,1.0,0.5000000000000001,0.2899114363311556,class_selective_rank,anchor=v110;side=v116;margin=0.02;w=0.35;gate=anchor_not_top5,0
v110_v116_rank_cls_margin0.02_w0.4_none,0.9622375965463665,0.8976287847608194,0.2191780821917808,0.5205479452054794,22,0.0,1.0,0.5000000000000001,0.2899114363311556,class_selective_rank,anchor=v110;side=v116;margin=0.02;w=0.4;gate=none,0
v110_v116_rank_cls_margin0.02_w0.4_side_gt_anchor,0.9622375965463665,0.8976287847608194,0.2191780821917808,0.5205479452054794,22,0.0,1.0,0.5000000000000001,0.2899114363311556,class_selective_rank,anchor=v110;side=v116;margin=0.02;w=0.4;gate=side_gt_anchor,0
v110_v116_rank_cls_margin0.02_w0.4_side_rank_top,0.9622375965463665,0.8976287847608194,0.2191780821917808,0.5205479452054794,22,0.0,1.0,0.5000000000000001,0.2899114363311556,class_selective_rank,anchor=v110;side=v116;margin=0.02;w=0.4;gate=side_rank_top,0
v110_v116_rank_cls_margin0.02_w0.4_anchor_not_top5,0.9622375965463665,0.8976287847608194,0.2191780821917808,0.5205479452054794,22,0.0,1.0,0.5000000000000001,0.2899114363311556,class_selective_rank,anchor=v110;side=v116;margin=0.02;w=0.4;gate=anchor_not_top5,0
v110_v116_rank_cls_margin0.05_w0.05_none,0.9622375965463665,0.8976287847608194,0.2191780821917808,0.5205479452054794,22,0.0,1.0,0.5000000000000001,0.2899114363311556,class_selective_rank,anchor=v110;side=v116;margin=0.05;w=0.05;gate=none,0
v110_v116_rank_cls_margin0.05_w0.05_side_gt_anchor,0.9622375965463665,0.8976287847608194,0.2191780821917808,0.5205479452054794,22,0.0,1.0,0.5000000000000001,0.2899114363311556,class_selective_rank,anchor=v110;side=v116;margin=0.05;w=0.05;gate=side_gt_anchor,0
v110_v116_rank_cls_margin0.05_w0.05_side_rank_top,0.9622375965463665,0.8976287847608194,0.2191780821917808,0.5205479452054794,22,0.0,1.0,0.5000000000000001,0.2899114363311556,class_selective_rank,anchor=v110;side=v116;margin=0.05;w=0.05;gate=side_rank_top,0
v110_v116_rank_cls_margin0.05_w0.05_anchor_not_top5,0.9622375965463665,0.8976287847608194,0.2191780821917808,0.5205479452054794,22,0.0,1.0,0.5000000000000001,0.2899114363311556,class_selective_rank,anchor=v110;side=v116;margin=0.05;w=0.05;gate=anchor_not_top5,0
v110_v116_rank_cls_margin0.05_w0.08_none,0.9622375965463665,0.8976287847608194,0.2191780821917808,0.5205479452054794,22,0.0,1.0,0.5000000000000001,0.2899114363311556,class_selective_rank,anchor=v110;side=v116;margin=0.05;w=0.08;gate=none,0
v110_v116_rank_cls_margin0.05_w0.08_side_gt_anchor,0.9622375965463665,0.8976287847608194,0.2191780821917808,0.5205479452054794,22,0.0,1.0,0.5000000000000001,0.2899114363311556,class_selective_rank,anchor=v110;side=v116;margin=0.05;w=0.08;gate=side_gt_anchor,0
v110_v116_rank_cls_margin0.05_w0.08_side_rank_top,0.9622375965463665,0.8976287847608194,0.2191780821917808,0.5205479452054794,22,0.0,1.0,0.5000000000000001,0.2899114363311556,class_selective_rank,anchor=v110;side=v116;margin=0.05;w=0.08;gate=side_rank_top,0
v110_v116_rank_cls_margin0.05_w0.08_anchor_not_top5,0.9622375965463665,0.8976287847608194,0.2191780821917808,0.5205479452054794,22,0.0,1.0,0.5000000000000001,0.2899114363311556,class_selective_rank,anchor=v110;side=v116;margin=0.05;w=0.08;gate=anchor_not_top5,0
v110_v116_rank_cls_margin0.05_w0.1_none,0.9622375965463665,0.8976287847608194,0.2191780821917808,0.5205479452054794,22,0.0,1.0,0.5000000000000001,0.2899114363311556,class_selective_rank,anchor=v110;side=v116;margin=0.05;w=0.1;gate=none,0
v110_v116_rank_cls_margin0.05_w0.1_side_gt_anchor,0.9622375965463665,0.8976287847608194,0.2191780821917808,0.5205479452054794,22,0.0,1.0,0.5000000000000001,0.2899114363311556,class_selective_rank,anchor=v110;side=v116;margin=0.05;w=0.1;gate=side_gt_anchor,0
v110_v116_rank_cls_margin0.05_w0.1_side_rank_top,0.9622375965463665,0.8976287847608194,0.2191780821917808,0.5205479452054794,22,0.0,1.0,0.5000000000000001,0.2899114363311556,class_selective_rank,anchor=v110;side=v116;margin=0.05;w=0.1;gate=side_rank_top,0
v110_v116_rank_cls_margin0.05_w0.1_anchor_not_top5,0.9622375965463665,0.8976287847608194,0.2191780821917808,0.5205479452054794,22,0.0,1.0,0.5000000000000001,0.2899114363311556,class_selective_rank,anchor=v110;side=v116;margin=0.05;w=0.1;gate=anchor_not_top5,0
v110_v116_rank_cls_margin0.05_w0.12_none,0.9622375965463665,0.8976287847608194,0.2191780821917808,0.5205479452054794,22,0.0,1.0,0.5000000000000001,0.2899114363311556,class_selective_rank,anchor=v110;side=v116;margin=0.05;w=0.12;gate=none,0
v110_v116_rank_cls_margin0.05_w0.12_side_gt_anchor,0.9622375965463665,0.8976287847608194,0.2191780821917808,0.5205479452054794,22,0.0,1.0,0.5000000000000001,0.2899114363311556,class_selective_rank,anchor=v110;side=v116;margin=0.05;w=0.12;gate=side_gt_anchor,0
v110_v116_rank_cls_margin0.05_w0.12_side_rank_top,0.9622375965463665,0.8976287847608194,0.2191780821917808,0.5205479452054794,22,0.0,1.0,0.5000000000000001,0.2899114363311556,class_selective_rank,anchor=v110;side=v116;margin=0.05;w=0.12;gate=side_rank_top,0
v110_v116_rank_cls_margin0.05_w0.12_anchor_not_top5,0.9622375965463665,0.8976287847608194,0.2191780821917808,0.5205479452054794,22,0.0,1.0,0.5000000000000001,0.2899114363311556,class_selective_rank,anchor=v110;side=v116;margin=0.05;w=0.12;gate=anchor_not_top5,0
v110_v116_rank_cls_margin0.05_w0.15_none,0.9622375965463665,0.8976287847608194,0.2191780821917808,0.5205479452054794,22,0.0,1.0,0.5000000000000001,0.2899114363311556,class_selective_rank,anchor=v110;side=v116;margin=0.05;w=0.15;gate=none,0
v110_v116_rank_cls_margin0.05_w0.15_side_gt_anchor,0.9622375965463665,0.8976287847608194,0.2191780821917808,0.5205479452054794,22,0.0,1.0,0.5000000000000001,0.2899114363311556,class_selective_rank,anchor=v110;side=v116;margin=0.05;w=0.15;gate=side_gt_anchor,0
v110_v116_rank_cls_margin0.05_w0.15_side_rank_top,0.9622375965463665,0.8976287847608194,0.2191780821917808,0.5205479452054794,22,0.0,1.0,0.5000000000000001,0.2899114363311556,class_selective_rank,anchor=v110;side=v116;margin=0.05;w=0.15;gate=side_rank_top,0
v110_v116_rank_cls_margin0.05_w0.15_anchor_not_top5,0.9622375965463665,0.8976287847608194,0.2191780821917808,0.5205479452054794,22,0.0,1.0,0.5000000000000001,0.2899114363311556,class_selective_rank,anchor=v110;side=v116;margin=0.05;w=0.15;gate=anchor_not_top5,0
v110_v116_rank_cls_margin0.05_w0.18_none,0.9622375965463665,0.8976287847608194,0.2191780821917808,0.5205479452054794,22,0.0,1.0,0.5000000000000001,0.2899114363311556,class_selective_rank,anchor=v110;side=v116;margin=0.05;w=0.18;gate=none,0
v110_v116_rank_cls_margin0.05_w0.18_side_gt_anchor,0.9622375965463665,0.8976287847608194,0.2191780821917808,0.5205479452054794,22,0.0,1.0,0.5000000000000001,0.2899114363311556,class_selective_rank,anchor=v110;side=v116;margin=0.05;w=0.18;gate=side_gt_anchor,0
v110_v116_rank_cls_margin0.05_w0.18_side_rank_top,0.9622375965463665,0.8976287847608194,0.2191780821917808,0.5205479452054794,22,0.0,1.0,0.5000000000000001,0.2899114363311556,class_selective_rank,anchor=v110;side=v116;margin=0.05;w=0.18;gate=side_rank_top,0
v110_v116_rank_cls_margin0.05_w0.18_anchor_not_top5,0.9622375965463665,0.8976287847608194,0.2191780821917808,0.5205479452054794,22,0.0,1.0,0.5000000000000001,0.2899114363311556,class_selective_rank,anchor=v110;side=v116;margin=0.05;w=0.18;gate=anchor_not_top5,0
v110_v116_rank_cls_margin0.05_w0.2_none,0.9622375965463665,0.8976287847608194,0.2191780821917808,0.5205479452054794,22,0.0,1.0,0.5000000000000001,0.2899114363311556,class_selective_rank,anchor=v110;side=v116;margin=0.05;w=0.2;gate=none,0
v110_v116_rank_cls_margin0.05_w0.2_side_gt_anchor,0.9622375965463665,0.8976287847608194,0.2191780821917808,0.5205479452054794,22,0.0,1.0,0.5000000000000001,0.2899114363311556,class_selective_rank,anchor=v110;side=v116;margin=0.05;w=0.2;gate=side_gt_anchor,0
v110_v116_rank_cls_margin0.05_w0.2_side_rank_top,0.9622375965463665,0.8976287847608194,0.2191780821917808,0.5205479452054794,22,0.0,1.0,0.5000000000000001,0.2899114363311556,class_selective_rank,anchor=v110;side=v116;margin=0.05;w=0.2;gate=side_rank_top,0
v110_v116_rank_cls_margin0.05_w0.2_anchor_not_top5,0.9622375965463665,0.8976287847608194,0.2191780821917808,0.5205479452054794,22,0.0,1.0,0.5000000000000001,0.2899114363311556,class_selective_rank,anchor=v110;side=v116;margin=0.05;w=0.2;gate=anchor_not_top5,0
v110_v116_rank_cls_margin0.05_w0.25_none,0.9622375965463665,0.8976287847608194,0.2191780821917808,0.5205479452054794,22,0.0,1.0,0.5000000000000001,0.2899114363311556,class_selective_rank,anchor=v110;side=v116;margin=0.05;w=0.25;gate=none,0
v110_v116_rank_cls_margin0.05_w0.25_side_gt_anchor,0.9622375965463665,0.8976287847608194,0.2191780821917808,0.5205479452054794,22,0.0,1.0,0.5000000000000001,0.2899114363311556,class_selective_rank,anchor=v110;side=v116;margin=0.05;w=0.25;gate=side_gt_anchor,0
v110_v116_rank_cls_margin0.05_w0.25_side_rank_top,0.9622375965463665,0.8976287847608194,0.2191780821917808,0.5205479452054794,22,0.0,1.0,0.5000000000000001,0.2899114363311556,class_selective_rank,anchor=v110;side=v116;margin=0.05;w=0.25;gate=side_rank_top,0
v110_v116_rank_cls_margin0.05_w0.25_anchor_not_top5,0.9622375965463665,0.8976287847608194,0.2191780821917808,0.5205479452054794,22,0.0,1.0,0.5000000000000001,0.2899114363311556,class_selective_rank,anchor=v110;side=v116;margin=0.05;w=0.25;gate=anchor_not_top5,0
v110_v116_rank_cls_margin0.05_w0.3_none,0.9622375965463665,0.8976287847608194,0.2191780821917808,0.5205479452054794,22,0.0,1.0,0.5000000000000001,0.2899114363311556,class_selective_rank,anchor=v110;side=v116;margin=0.05;w=0.3;gate=none,0
v110_v116_rank_cls_margin0.05_w0.3_side_gt_anchor,0.9622375965463665,0.8976287847608194,0.2191780821917808,0.5205479452054794,22,0.0,1.0,0.5000000000000001,0.2899114363311556,class_selective_rank,anchor=v110;side=v116;margin=0.05;w=0.3;gate=side_gt_anchor,0
v110_v116_rank_cls_margin0.05_w0.3_side_rank_top,0.9622375965463665,0.8976287847608194,0.2191780821917808,0.5205479452054794,22,0.0,1.0,0.5000000000000001,0.2899114363311556,class_selective_rank,anchor=v110;side=v116;margin=0.05;w=0.3;gate=side_rank_top,0
v110_v116_rank_cls_margin0.05_w0.3_anchor_not_top5,0.9622375965463665,0.8976287847608194,0.2191780821917808,0.5205479452054794,22,0.0,1.0,0.5000000000000001,0.2899114363311556,class_selective_rank,anchor=v110;side=v116;margin=0.05;w=0.3;gate=anchor_not_top5,0
v110_v116_rank_cls_margin0.05_w0.35_none,0.9622375965463665,0.8976287847608194,0.2191780821917808,0.5205479452054794,22,0.0,1.0,0.5000000000000001,0.2899114363311556,class_selective_rank,anchor=v110;side=v116;margin=0.05;w=0.35;gate=none,0
v110_v116_rank_cls_margin0.05_w0.35_side_gt_anchor,0.9622375965463665,0.8976287847608194,0.2191780821917808,0.5205479452054794,22,0.0,1.0,0.5000000000000001,0.2899114363311556,class_selective_rank,anchor=v110;side=v116;margin=0.05;w=0.35;gate=side_gt_anchor,0
v110_v116_rank_cls_margin0.05_w0.35_side_rank_top,0.9622375965463665,0.8976287847608194,0.2191780821917808,0.5205479452054794,22,0.0,1.0,0.5000000000000001,0.2899114363311556,class_selective_rank,anchor=v110;side=v116;margin=0.05;w=0.35;gate=side_rank_top,0
v110_v116_rank_cls_margin0.05_w0.35_anchor_not_top5,0.9622375965463665,0.8976287847608194,0.2191780821917808,0.5205479452054794,22,0.0,1.0,0.5000000000000001,0.2899114363311556,class_selective_rank,anchor=v110;side=v116;margin=0.05;w=0.35;gate=anchor_not_top5,0
v110_v116_rank_cls_margin0.05_w0.4_none,0.9622375965463665,0.8976287847608194,0.2191780821917808,0.5205479452054794,22,0.0,1.0,0.5000000000000001,0.2899114363311556,class_selective_rank,anchor=v110;side=v116;margin=0.05;w=0.4;gate=none,0
v110_v116_rank_cls_margin0.05_w0.4_side_gt_anchor,0.9622375965463665,0.8976287847608194,0.2191780821917808,0.5205479452054794,22,0.0,1.0,0.5000000000000001,0.2899114363311556,class_selective_rank,anchor=v110;side=v116;margin=0.05;w=0.4;gate=side_gt_anchor,0
v110_v116_rank_cls_margin0.05_w0.4_side_rank_top,0.9622375965463665,0.8976287847608194,0.2191780821917808,0.5205479452054794,22,0.0,1.0,0.5000000000000001,0.2899114363311556,class_selective_rank,anchor=v110;side=v116;margin=0.05;w=0.4;gate=side_rank_top,0
v110_v116_rank_cls_margin0.05_w0.4_anchor_not_top5,0.9622375965463665,0.8976287847608194,0.2191780821917808,0.5205479452054794,22,0.0,1.0,0.5000000000000001,0.2899114363311556,class_selective_rank,anchor=v110;side=v116;margin=0.05;w=0.4;gate=anchor_not_top5,0
v110_v116_rank_cls_margin0.08_w0.05_none,0.9622375965463665,0.8976287847608194,0.2191780821917808,0.5205479452054794,22,0.0,1.0,0.5000000000000001,0.2899114363311556,class_selective_rank,anchor=v110;side=v116;margin=0.08;w=0.05;gate=none,0
v110_v116_rank_cls_margin0.08_w0.05_side_gt_anchor,0.9622375965463665,0.8976287847608194,0.2191780821917808,0.5205479452054794,22,0.0,1.0,0.5000000000000001,0.2899114363311556,class_selective_rank,anchor=v110;side=v116;margin=0.08;w=0.05;gate=side_gt_anchor,0
v110_v116_rank_cls_margin0.08_w0.05_side_rank_top,0.9622375965463665,0.8976287847608194,0.2191780821917808,0.5205479452054794,22,0.0,1.0,0.5000000000000001,0.2899114363311556,class_selective_rank,anchor=v110;side=v116;margin=0.08;w=0.05;gate=side_rank_top,0
v110_v116_rank_cls_margin0.08_w0.05_anchor_not_top5,0.9622375965463665,0.8976287847608194,0.2191780821917808,0.5205479452054794,22,0.0,1.0,0.5000000000000001,0.2899114363311556,class_selective_rank,anchor=v110;side=v116;margin=0.08;w=0.05;gate=anchor_not_top5,0
v110_v116_rank_cls_margin0.08_w0.08_none,0.9622375965463665,0.8976287847608194,0.2191780821917808,0.5205479452054794,22,0.0,1.0,0.5000000000000001,0.2899114363311556,class_selective_rank,anchor=v110;side=v116;margin=0.08;w=0.08;gate=none,0
v110_v116_rank_cls_margin0.08_w0.08_side_gt_anchor,0.9622375965463665,0.8976287847608194,0.2191780821917808,0.5205479452054794,22,0.0,1.0,0.5000000000000001,0.2899114363311556,class_selective_rank,anchor=v110;side=v116;margin=0.08;w=0.08;gate=side_gt_anchor,0
v110_v116_rank_cls_margin0.08_w0.08_side_rank_top,0.9622375965463665,0.8976287847608194,0.2191780821917808,0.5205479452054794,22,0.0,1.0,0.5000000000000001,0.2899114363311556,class_selective_rank,anchor=v110;side=v116;margin=0.08;w=0.08;gate=side_rank_top,0
v110_v116_rank_cls_margin0.08_w0.08_anchor_not_top5,0.9622375965463665,0.8976287847608194,0.2191780821917808,0.5205479452054794,22,0.0,1.0,0.5000000000000001,0.2899114363311556,class_selective_rank,anchor=v110;side=v116;margin=0.08;w=0.08;gate=anchor_not_top5,0
v110_v116_rank_cls_margin0.08_w0.1_none,0.9622375965463665,0.8976287847608194,0.2191780821917808,0.5205479452054794,22,0.0,1.0,0.5000000000000001,0.2899114363311556,class_selective_rank,anchor=v110;side=v116;margin=0.08;w=0.1;gate=none,0
v110_v116_rank_cls_margin0.08_w0.1_side_gt_anchor,0.9622375965463665,0.8976287847608194,0.2191780821917808,0.5205479452054794,22,0.0,1.0,0.5000000000000001,0.2899114363311556,class_selective_rank,anchor=v110;side=v116;margin=0.08;w=0.1;gate=side_gt_anchor,0
v110_v116_rank_cls_margin0.08_w0.1_side_rank_top,0.9622375965463665,0.8976287847608194,0.2191780821917808,0.5205479452054794,22,0.0,1.0,0.5000000000000001,0.2899114363311556,class_selective_rank,anchor=v110;side=v116;margin=0.08;w=0.1;gate=side_rank_top,0
v110_v116_rank_cls_margin0.08_w0.1_anchor_not_top5,0.9622375965463665,0.8976287847608194,0.2191780821917808,0.5205479452054794,22,0.0,1.0,0.5000000000000001,0.2899114363311556,class_selective_rank,anchor=v110;side=v116;margin=0.08;w=0.1;gate=anchor_not_top5,0
v110_v116_rank_cls_margin0.08_w0.12_none,0.9622375965463665,0.8976287847608194,0.2191780821917808,0.5205479452054794,22,0.0,1.0,0.5000000000000001,0.2899114363311556,class_selective_rank,anchor=v110;side=v116;margin=0.08;w=0.12;gate=none,0
v110_v116_rank_cls_margin0.08_w0.12_side_gt_anchor,0.9622375965463665,0.8976287847608194,0.2191780821917808,0.5205479452054794,22,0.0,1.0,0.5000000000000001,0.2899114363311556,class_selective_rank,anchor=v110;side=v116;margin=0.08;w=0.12;gate=side_gt_anchor,0
v110_v116_rank_cls_margin0.08_w0.12_side_rank_top,0.9622375965463665,0.8976287847608194,0.2191780821917808,0.5205479452054794,22,0.0,1.0,0.5000000000000001,0.2899114363311556,class_selective_rank,anchor=v110;side=v116;margin=0.08;w=0.12;gate=side_rank_top,0
v110_v116_rank_cls_margin0.08_w0.12_anchor_not_top5,0.9622375965463665,0.8976287847608194,0.2191780821917808,0.5205479452054794,22,0.0,1.0,0.5000000000000001,0.2899114363311556,class_selective_rank,anchor=v110;side=v116;margin=0.08;w=0.12;gate=anchor_not_top5,0
v110_v116_rank_cls_margin0.08_w0.15_none,0.9622375965463665,0.8976287847608194,0.2191780821917808,0.5205479452054794,22,0.0,1.0,0.5000000000000001,0.2899114363311556,class_selective_rank,anchor=v110;side=v116;margin=0.08;w=0.15;gate=none,0
v110_v116_rank_cls_margin0.08_w0.15_side_gt_anchor,0.9622375965463665,0.8976287847608194,0.2191780821917808,0.5205479452054794,22,0.0,1.0,0.5000000000000001,0.2899114363311556,class_selective_rank,anchor=v110;side=v116;margin=0.08;w=0.15;gate=side_gt_anchor,0
v110_v116_rank_cls_margin0.08_w0.15_side_rank_top,0.9622375965463665,0.8976287847608194,0.2191780821917808,0.5205479452054794,22,0.0,1.0,0.5000000000000001,0.2899114363311556,class_selective_rank,anchor=v110;side=v116;margin=0.08;w=0.15;gate=side_rank_top,0
v110_v116_rank_cls_margin0.08_w0.15_anchor_not_top5,0.9622375965463665,0.8976287847608194,0.2191780821917808,0.5205479452054794,22,0.0,1.0,0.5000000000000001,0.2899114363311556,class_selective_rank,anchor=v110;side=v116;margin=0.08;w=0.15;gate=anchor_not_top5,0
v110_v116_rank_cls_margin0.08_w0.18_none,0.9622375965463665,0.8976287847608194,0.2191780821917808,0.5205479452054794,22,0.0,1.0,0.5000000000000001,0.2899114363311556,class_selective_rank,anchor=v110;side=v116;margin=0.08;w=0.18;gate=none,0
v110_v116_rank_cls_margin0.08_w0.18_side_gt_anchor,0.9622375965463665,0.8976287847608194,0.2191780821917808,0.5205479452054794,22,0.0,1.0,0.5000000000000001,0.2899114363311556,class_selective_rank,anchor=v110;side=v116;margin=0.08;w=0.18;gate=side_gt_anchor,0
v110_v116_rank_cls_margin0.08_w0.18_side_rank_top,0.9622375965463665,0.8976287847608194,0.2191780821917808,0.5205479452054794,22,0.0,1.0,0.5000000000000001,0.2899114363311556,class_selective_rank,anchor=v110;side=v116;margin=0.08;w=0.18;gate=side_rank_top,0
v110_v116_rank_cls_margin0.08_w0.18_anchor_not_top5,0.9622375965463665,0.8976287847608194,0.2191780821917808,0.5205479452054794,22,0.0,1.0,0.5000000000000001,0.2899114363311556,class_selective_rank,anchor=v110;side=v116;margin=0.08;w=0.18;gate=anchor_not_top5,0
v110_v116_rank_cls_margin0.08_w0.2_none,0.9622375965463665,0.8976287847608194,0.2191780821917808,0.5205479452054794,22,0.0,1.0,0.5000000000000001,0.2899114363311556,class_selective_rank,anchor=v110;side=v116;margin=0.08;w=0.2;gate=none,0
v110_v116_rank_cls_margin0.08_w0.2_side_gt_anchor,0.9622375965463665,0.8976287847608194,0.2191780821917808,0.5205479452054794,22,0.0,1.0,0.5000000000000001,0.2899114363311556,class_selective_rank,anchor=v110;side=v116;margin=0.08;w=0.2;gate=side_gt_anchor,0
v110_v116_rank_cls_margin0.08_w0.2_side_rank_top,0.9622375965463665,0.8976287847608194,0.2191780821917808,0.5205479452054794,22,0.0,1.0,0.5000000000000001,0.2899114363311556,class_selective_rank,anchor=v110;side=v116;margin=0.08;w=0.2;gate=side_rank_top,0
v110_v116_rank_cls_margin0.08_w0.2_anchor_not_top5,0.9622375965463665,0.8976287847608194,0.2191780821917808,0.5205479452054794,22,0.0,1.0,0.5000000000000001,0.2899114363311556,class_selective_rank,anchor=v110;side=v116;margin=0.08;w=0.2;gate=anchor_not_top5,0
v110_v116_rank_cls_margin0.08_w0.25_none,0.9622375965463665,0.8976287847608194,0.2191780821917808,0.5205479452054794,22,0.0,1.0,0.5000000000000001,0.2899114363311556,class_selective_rank,anchor=v110;side=v116;margin=0.08;w=0.25;gate=none,0
v110_v116_rank_cls_margin0.08_w0.25_side_gt_anchor,0.9622375965463665,0.8976287847608194,0.2191780821917808,0.5205479452054794,22,0.0,1.0,0.5000000000000001,0.2899114363311556,class_selective_rank,anchor=v110;side=v116;margin=0.08;w=0.25;gate=side_gt_anchor,0
v110_v116_rank_cls_margin0.08_w0.25_side_rank_top,0.9622375965463665,0.8976287847608194,0.2191780821917808,0.5205479452054794,22,0.0,1.0,0.5000000000000001,0.2899114363311556,class_selective_rank,anchor=v110;side=v116;margin=0.08;w=0.25;gate=side_rank_top,0
v110_v116_rank_cls_margin0.08_w0.25_anchor_not_top5,0.9622375965463665,0.8976287847608194,0.2191780821917808,0.5205479452054794,22,0.0,1.0,0.5000000000000001,0.2899114363311556,class_selective_rank,anchor=v110;side=v116;margin=0.08;w=0.25;gate=anchor_not_top5,0
v110_v116_rank_cls_margin0.08_w0.3_none,0.9622375965463665,0.8976287847608194,0.2191780821917808,0.5205479452054794,22,0.0,1.0,0.5000000000000001,0.2899114363311556,class_selective_rank,anchor=v110;side=v116;margin=0.08;w=0.3;gate=none,0
v110_v116_rank_cls_margin0.08_w0.3_side_gt_anchor,0.9622375965463665,0.8976287847608194,0.2191780821917808,0.5205479452054794,22,0.0,1.0,0.5000000000000001,0.2899114363311556,class_selective_rank,anchor=v110;side=v116;margin=0.08;w=0.3;gate=side_gt_anchor,0
v110_v116_rank_cls_margin0.08_w0.3_side_rank_top,0.9622375965463665,0.8976287847608194,0.2191780821917808,0.5205479452054794,22,0.0,1.0,0.5000000000000001,0.2899114363311556,class_selective_rank,anchor=v110;side=v116;margin=0.08;w=0.3;gate=side_rank_top,0
v110_v116_rank_cls_margin0.08_w0.3_anchor_not_top5,0.9622375965463665,0.8976287847608194,0.2191780821917808,0.5205479452054794,22,0.0,1.0,0.5000000000000001,0.2899114363311556,class_selective_rank,anchor=v110;side=v116;margin=0.08;w=0.3;gate=anchor_not_top5,0
v110_v116_rank_cls_margin0.08_w0.35_none,0.9622375965463665,0.8976287847608194,0.2191780821917808,0.5205479452054794,22,0.0,1.0,0.5000000000000001,0.2899114363311556,class_selective_rank,anchor=v110;side=v116;margin=0.08;w=0.35;gate=none,0
v110_v116_rank_cls_margin0.08_w0.35_side_gt_anchor,0.9622375965463665,0.8976287847608194,0.2191780821917808,0.5205479452054794,22,0.0,1.0,0.5000000000000001,0.2899114363311556,class_selective_rank,anchor=v110;side=v116;margin=0.08;w=0.35;gate=side_gt_anchor,0
v110_v116_rank_cls_margin0.08_w0.35_side_rank_top,0.9622375965463665,0.8976287847608194,0.2191780821917808,0.5205479452054794,22,0.0,1.0,0.5000000000000001,0.2899114363311556,class_selective_rank,anchor=v110;side=v116;margin=0.08;w=0.35;gate=side_rank_top,0
v110_v116_rank_cls_margin0.08_w0.35_anchor_not_top5,0.9622375965463665,0.8976287847608194,0.2191780821917808,0.5205479452054794,22,0.0,1.0,0.5000000000000001,0.2899114363311556,class_selective_rank,anchor=v110;side=v116;margin=0.08;w=0.35;gate=anchor_not_top5,0
v110_v116_rank_cls_margin0.08_w0.4_none,0.9622375965463665,0.8976287847608194,0.2191780821917808,0.5205479452054794,22,0.0,1.0,0.5000000000000001,0.2899114363311556,class_selective_rank,anchor=v110;side=v116;margin=0.08;w=0.4;gate=none,0
v110_v116_rank_cls_margin0.08_w0.4_side_gt_anchor,0.9622375965463665,0.8976287847608194,0.2191780821917808,0.5205479452054794,22,0.0,1.0,0.5000000000000001,0.2899114363311556,class_selective_rank,anchor=v110;side=v116;margin=0.08;w=0.4;gate=side_gt_anchor,0
v110_v116_rank_cls_margin0.08_w0.4_side_rank_top,0.9622375965463665,0.8976287847608194,0.2191780821917808,0.5205479452054794,22,0.0,1.0,0.5000000000000001,0.2899114363311556,class_selective_rank,anchor=v110;side=v116;margin=0.08;w=0.4;gate=side_rank_top,0
v110_v116_rank_cls_margin0.08_w0.4_anchor_not_top5,0.9622375965463665,0.8976287847608194,0.2191780821917808,0.5205479452054794,22,0.0,1.0,0.5000000000000001,0.2899114363311556,class_selective_rank,anchor=v110;side=v116;margin=0.08;w=0.4;gate=anchor_not_top5,0
v110_v116_rank_cls_margin0.1_w0.05_none,0.9622375965463665,0.8976287847608194,0.2191780821917808,0.5205479452054794,22,0.0,1.0,0.5000000000000001,0.2899114363311556,class_selective_rank,anchor=v110;side=v116;margin=0.1;w=0.05;gate=none,0
v110_v116_rank_cls_margin0.1_w0.05_side_gt_anchor,0.9622375965463665,0.8976287847608194,0.2191780821917808,0.5205479452054794,22,0.0,1.0,0.5000000000000001,0.2899114363311556,class_selective_rank,anchor=v110;side=v116;margin=0.1;w=0.05;gate=side_gt_anchor,0
v110_v116_rank_cls_margin0.1_w0.05_side_rank_top,0.9622375965463665,0.8976287847608194,0.2191780821917808,0.5205479452054794,22,0.0,1.0,0.5000000000000001,0.2899114363311556,class_selective_rank,anchor=v110;side=v116;margin=0.1;w=0.05;gate=side_rank_top,0
v110_v116_rank_cls_margin0.1_w0.05_anchor_not_top5,0.9622375965463665,0.8976287847608194,0.2191780821917808,0.5205479452054794,22,0.0,1.0,0.5000000000000001,0.2899114363311556,class_selective_rank,anchor=v110;side=v116;margin=0.1;w=0.05;gate=anchor_not_top5,0
v110_v116_rank_cls_margin0.1_w0.08_none,0.9622375965463665,0.8976287847608194,0.2191780821917808,0.5205479452054794,22,0.0,1.0,0.5000000000000001,0.2899114363311556,class_selective_rank,anchor=v110;side=v116;margin=0.1;w=0.08;gate=none,0
v110_v116_rank_cls_margin0.1_w0.08_side_gt_anchor,0.9622375965463665,0.8976287847608194,0.2191780821917808,0.5205479452054794,22,0.0,1.0,0.5000000000000001,0.2899114363311556,class_selective_rank,anchor=v110;side=v116;margin=0.1;w=0.08;gate=side_gt_anchor,0
v110_v116_rank_cls_margin0.1_w0.08_side_rank_top,0.9622375965463665,0.8976287847608194,0.2191780821917808,0.5205479452054794,22,0.0,1.0,0.5000000000000001,0.2899114363311556,class_selective_rank,anchor=v110;side=v116;margin=0.1;w=0.08;gate=side_rank_top,0
v110_v116_rank_cls_margin0.1_w0.08_anchor_not_top5,0.9622375965463665,0.8976287847608194,0.2191780821917808,0.5205479452054794,22,0.0,1.0,0.5000000000000001,0.2899114363311556,class_selective_rank,anchor=v110;side=v116;margin=0.1;w=0.08;gate=anchor_not_top5,0
v110_v116_rank_cls_margin0.1_w0.1_none,0.9622375965463665,0.8976287847608194,0.2191780821917808,0.5205479452054794,22,0.0,1.0,0.5000000000000001,0.2899114363311556,class_selective_rank,anchor=v110;side=v116;margin=0.1;w=0.1;gate=none,0
v110_v116_rank_cls_margin0.1_w0.1_side_gt_anchor,0.9622375965463665,0.8976287847608194,0.2191780821917808,0.5205479452054794,22,0.0,1.0,0.5000000000000001,0.2899114363311556,class_selective_rank,anchor=v110;side=v116;margin=0.1;w=0.1;gate=side_gt_anchor,0
v110_v116_rank_cls_margin0.1_w0.1_side_rank_top,0.9622375965463665,0.8976287847608194,0.2191780821917808,0.5205479452054794,22,0.0,1.0,0.5000000000000001,0.2899114363311556,class_selective_rank,anchor=v110;side=v116;margin=0.1;w=0.1;gate=side_rank_top,0
v110_v116_rank_cls_margin0.1_w0.1_anchor_not_top5,0.9622375965463665,0.8976287847608194,0.2191780821917808,0.5205479452054794,22,0.0,1.0,0.5000000000000001,0.2899114363311556,class_selective_rank,anchor=v110;side=v116;margin=0.1;w=0.1;gate=anchor_not_top5,0
v110_v116_rank_cls_margin0.1_w0.12_none,0.9622375965463665,0.8976287847608194,0.2191780821917808,0.5205479452054794,22,0.0,1.0,0.5000000000000001,0.2899114363311556,class_selective_rank,anchor=v110;side=v116;margin=0.1;w=0.12;gate=none,0
v110_v116_rank_cls_margin0.1_w0.12_side_gt_anchor,0.9622375965463665,0.8976287847608194,0.2191780821917808,0.5205479452054794,22,0.0,1.0,0.5000000000000001,0.2899114363311556,class_selective_rank,anchor=v110;side=v116;margin=0.1;w=0.12;gate=side_gt_anchor,0
v110_v116_rank_cls_margin0.1_w0.12_side_rank_top,0.9622375965463665,0.8976287847608194,0.2191780821917808,0.5205479452054794,22,0.0,1.0,0.5000000000000001,0.2899114363311556,class_selective_rank,anchor=v110;side=v116;margin=0.1;w=0.12;gate=side_rank_top,0
v110_v116_rank_cls_margin0.1_w0.12_anchor_not_top5,0.9622375965463665,0.8976287847608194,0.2191780821917808,0.5205479452054794,22,0.0,1.0,0.5000000000000001,0.2899114363311556,class_selective_rank,anchor=v110;side=v116;margin=0.1;w=0.12;gate=anchor_not_top5,0
v110_v116_rank_cls_margin0.1_w0.15_none,0.9622375965463665,0.8976287847608194,0.2191780821917808,0.5205479452054794,22,0.0,1.0,0.5000000000000001,0.2899114363311556,class_selective_rank,anchor=v110;side=v116;margin=0.1;w=0.15;gate=none,0
v110_v116_rank_cls_margin0.1_w0.15_side_gt_anchor,0.9622375965463665,0.8976287847608194,0.2191780821917808,0.5205479452054794,22,0.0,1.0,0.5000000000000001,0.2899114363311556,class_selective_rank,anchor=v110;side=v116;margin=0.1;w=0.15;gate=side_gt_anchor,0
v110_v116_rank_cls_margin0.1_w0.15_side_rank_top,0.9622375965463665,0.8976287847608194,0.2191780821917808,0.5205479452054794,22,0.0,1.0,0.5000000000000001,0.2899114363311556,class_selective_rank,anchor=v110;side=v116;margin=0.1;w=0.15;gate=side_rank_top,0
v110_v116_rank_cls_margin0.1_w0.15_anchor_not_top5,0.9622375965463665,0.8976287847608194,0.2191780821917808,0.5205479452054794,22,0.0,1.0,0.5000000000000001,0.2899114363311556,class_selective_rank,anchor=v110;side=v116;margin=0.1;w=0.15;gate=anchor_not_top5,0
v110_v116_rank_cls_margin0.1_w0.18_none,0.9622375965463665,0.8976287847608194,0.2191780821917808,0.5205479452054794,22,0.0,1.0,0.5000000000000001,0.2899114363311556,class_selective_rank,anchor=v110;side=v116;margin=0.1;w=0.18;gate=none,0
v110_v116_rank_cls_margin0.1_w0.18_side_gt_anchor,0.9622375965463665,0.8976287847608194,0.2191780821917808,0.5205479452054794,22,0.0,1.0,0.5000000000000001,0.2899114363311556,class_selective_rank,anchor=v110;side=v116;margin=0.1;w=0.18;gate=side_gt_anchor,0
v110_v116_rank_cls_margin0.1_w0.18_side_rank_top,0.9622375965463665,0.8976287847608194,0.2191780821917808,0.5205479452054794,22,0.0,1.0,0.5000000000000001,0.2899114363311556,class_selective_rank,anchor=v110;side=v116;margin=0.1;w=0.18;gate=side_rank_top,0
v110_v116_rank_cls_margin0.1_w0.18_anchor_not_top5,0.9622375965463665,0.8976287847608194,0.2191780821917808,0.5205479452054794,22,0.0,1.0,0.5000000000000001,0.2899114363311556,class_selective_rank,anchor=v110;side=v116;margin=0.1;w=0.18;gate=anchor_not_top5,0
v110_v116_rank_cls_margin0.1_w0.2_none,0.9622375965463665,0.8976287847608194,0.2191780821917808,0.5205479452054794,22,0.0,1.0,0.5000000000000001,0.2899114363311556,class_selective_rank,anchor=v110;side=v116;margin=0.1;w=0.2;gate=none,0
v110_v116_rank_cls_margin0.1_w0.2_side_gt_anchor,0.9622375965463665,0.8976287847608194,0.2191780821917808,0.5205479452054794,22,0.0,1.0,0.5000000000000001,0.2899114363311556,class_selective_rank,anchor=v110;side=v116;margin=0.1;w=0.2;gate=side_gt_anchor,0
v110_v116_rank_cls_margin0.1_w0.2_side_rank_top,0.9622375965463665,0.8976287847608194,0.2191780821917808,0.5205479452054794,22,0.0,1.0,0.5000000000000001,0.2899114363311556,class_selective_rank,anchor=v110;side=v116;margin=0.1;w=0.2;gate=side_rank_top,0
v110_v116_rank_cls_margin0.1_w0.2_anchor_not_top5,0.9622375965463665,0.8976287847608194,0.2191780821917808,0.5205479452054794,22,0.0,1.0,0.5000000000000001,0.2899114363311556,class_selective_rank,anchor=v110;side=v116;margin=0.1;w=0.2;gate=anchor_not_top5,0
v110_v116_rank_cls_margin0.1_w0.25_none,0.9622375965463665,0.8976287847608194,0.2191780821917808,0.5205479452054794,22,0.0,1.0,0.5000000000000001,0.2899114363311556,class_selective_rank,anchor=v110;side=v116;margin=0.1;w=0.25;gate=none,0
v110_v116_rank_cls_margin0.1_w0.25_side_gt_anchor,0.9622375965463665,0.8976287847608194,0.2191780821917808,0.5205479452054794,22,0.0,1.0,0.5000000000000001,0.2899114363311556,class_selective_rank,anchor=v110;side=v116;margin=0.1;w=0.25;gate=side_gt_anchor,0
v110_v116_rank_cls_margin0.1_w0.25_side_rank_top,0.9622375965463665,0.8976287847608194,0.2191780821917808,0.5205479452054794,22,0.0,1.0,0.5000000000000001,0.2899114363311556,class_selective_rank,anchor=v110;side=v116;margin=0.1;w=0.25;gate=side_rank_top,0
v110_v116_rank_cls_margin0.1_w0.25_anchor_not_top5,0.9622375965463665,0.8976287847608194,0.2191780821917808,0.5205479452054794,22,0.0,1.0,0.5000000000000001,0.2899114363311556,class_selective_rank,anchor=v110;side=v116;margin=0.1;w=0.25;gate=anchor_not_top5,0
v110_v116_rank_cls_margin0.1_w0.3_none,0.9622375965463665,0.8976287847608194,0.2191780821917808,0.5205479452054794,22,0.0,1.0,0.5000000000000001,0.2899114363311556,class_selective_rank,anchor=v110;side=v116;margin=0.1;w=0.3;gate=none,0
v110_v116_rank_cls_margin0.1_w0.3_side_gt_anchor,0.9622375965463665,0.8976287847608194,0.2191780821917808,0.5205479452054794,22,0.0,1.0,0.5000000000000001,0.2899114363311556,class_selective_rank,anchor=v110;side=v116;margin=0.1;w=0.3;gate=side_gt_anchor,0
v110_v116_rank_cls_margin0.1_w0.3_side_rank_top,0.9622375965463665,0.8976287847608194,0.2191780821917808,0.5205479452054794,22,0.0,1.0,0.5000000000000001,0.2899114363311556,class_selective_rank,anchor=v110;side=v116;margin=0.1;w=0.3;gate=side_rank_top,0
v110_v116_rank_cls_margin0.1_w0.3_anchor_not_top5,0.9622375965463665,0.8976287847608194,0.2191780821917808,0.5205479452054794,22,0.0,1.0,0.5000000000000001,0.2899114363311556,class_selective_rank,anchor=v110;side=v116;margin=0.1;w=0.3;gate=anchor_not_top5,0
v110_v116_rank_cls_margin0.1_w0.35_none,0.9622375965463665,0.8976287847608194,0.2191780821917808,0.5205479452054794,22,0.0,1.0,0.5000000000000001,0.2899114363311556,class_selective_rank,anchor=v110;side=v116;margin=0.1;w=0.35;gate=none,0
v110_v116_rank_cls_margin0.1_w0.35_side_gt_anchor,0.9622375965463665,0.8976287847608194,0.2191780821917808,0.5205479452054794,22,0.0,1.0,0.5000000000000001,0.2899114363311556,class_selective_rank,anchor=v110;side=v116;margin=0.1;w=0.35;gate=side_gt_anchor,0
v110_v116_rank_cls_margin0.1_w0.35_side_rank_top,0.9622375965463665,0.8976287847608194,0.2191780821917808,0.5205479452054794,22,0.0,1.0,0.5000000000000001,0.2899114363311556,class_selective_rank,anchor=v110;side=v116;margin=0.1;w=0.35;gate=side_rank_top,0
v110_v116_rank_cls_margin0.1_w0.35_anchor_not_top5,0.9622375965463665,0.8976287847608194,0.2191780821917808,0.5205479452054794,22,0.0,1.0,0.5000000000000001,0.2899114363311556,class_selective_rank,anchor=v110;side=v116;margin=0.1;w=0.35;gate=anchor_not_top5,0
v110_v116_rank_cls_margin0.1_w0.4_none,0.9622375965463665,0.8976287847608194,0.2191780821917808,0.5205479452054794,22,0.0,1.0,0.5000000000000001,0.2899114363311556,class_selective_rank,anchor=v110;side=v116;margin=0.1;w=0.4;gate=none,0
v110_v116_rank_cls_margin0.1_w0.4_side_gt_anchor,0.9622375965463665,0.8976287847608194,0.2191780821917808,0.5205479452054794,22,0.0,1.0,0.5000000000000001,0.2899114363311556,class_selective_rank,anchor=v110;side=v116;margin=0.1;w=0.4;gate=side_gt_anchor,0
v110_v116_rank_cls_margin0.1_w0.4_side_rank_top,0.9622375965463665,0.8976287847608194,0.2191780821917808,0.5205479452054794,22,0.0,1.0,0.5000000000000001,0.2899114363311556,class_selective_rank,anchor=v110;side=v116;margin=0.1;w=0.4;gate=side_rank_top,0
v110_v116_rank_cls_margin0.1_w0.4_anchor_not_top5,0.9622375965463665,0.8976287847608194,0.2191780821917808,0.5205479452054794,22,0.0,1.0,0.5000000000000001,0.2899114363311556,class_selective_rank,anchor=v110;side=v116;margin=0.1;w=0.4;gate=anchor_not_top5,0
v110_v116_rank_cls_margin0.15_w0.05_none,0.9622375965463665,0.8976287847608194,0.2191780821917808,0.5205479452054794,22,0.0,1.0,0.5000000000000001,0.2899114363311556,class_selective_rank,anchor=v110;side=v116;margin=0.15;w=0.05;gate=none,0
v110_v116_rank_cls_margin0.15_w0.05_side_gt_anchor,0.9622375965463665,0.8976287847608194,0.2191780821917808,0.5205479452054794,22,0.0,1.0,0.5000000000000001,0.2899114363311556,class_selective_rank,anchor=v110;side=v116;margin=0.15;w=0.05;gate=side_gt_anchor,0
v110_v116_rank_cls_margin0.15_w0.05_side_rank_top,0.9622375965463665,0.8976287847608194,0.2191780821917808,0.5205479452054794,22,0.0,1.0,0.5000000000000001,0.2899114363311556,class_selective_rank,anchor=v110;side=v116;margin=0.15;w=0.05;gate=side_rank_top,0
v110_v116_rank_cls_margin0.15_w0.05_anchor_not_top5,0.9622375965463665,0.8976287847608194,0.2191780821917808,0.5205479452054794,22,0.0,1.0,0.5000000000000001,0.2899114363311556,class_selective_rank,anchor=v110;side=v116;margin=0.15;w=0.05;gate=anchor_not_top5,0
v110_v116_rank_cls_margin0.15_w0.08_none,0.9622375965463665,0.8976287847608194,0.2191780821917808,0.5205479452054794,22,0.0,1.0,0.5000000000000001,0.2899114363311556,class_selective_rank,anchor=v110;side=v116;margin=0.15;w=0.08;gate=none,0
v110_v116_rank_cls_margin0.15_w0.08_side_gt_anchor,0.9622375965463665,0.8976287847608194,0.2191780821917808,0.5205479452054794,22,0.0,1.0,0.5000000000000001,0.2899114363311556,class_selective_rank,anchor=v110;side=v116;margin=0.15;w=0.08;gate=side_gt_anchor,0
v110_v116_rank_cls_margin0.15_w0.08_side_rank_top,0.9622375965463665,0.8976287847608194,0.2191780821917808,0.5205479452054794,22,0.0,1.0,0.5000000000000001,0.2899114363311556,class_selective_rank,anchor=v110;side=v116;margin=0.15;w=0.08;gate=side_rank_top,0
v110_v116_rank_cls_margin0.15_w0.08_anchor_not_top5,0.9622375965463665,0.8976287847608194,0.2191780821917808,0.5205479452054794,22,0.0,1.0,0.5000000000000001,0.2899114363311556,class_selective_rank,anchor=v110;side=v116;margin=0.15;w=0.08;gate=anchor_not_top5,0
v110_v116_rank_cls_margin0.15_w0.1_none,0.9622375965463665,0.8976287847608194,0.2191780821917808,0.5205479452054794,22,0.0,1.0,0.5000000000000001,0.2899114363311556,class_selective_rank,anchor=v110;side=v116;margin=0.15;w=0.1;gate=none,0
v110_v116_rank_cls_margin0.15_w0.1_side_gt_anchor,0.9622375965463665,0.8976287847608194,0.2191780821917808,0.5205479452054794,22,0.0,1.0,0.5000000000000001,0.2899114363311556,class_selective_rank,anchor=v110;side=v116;margin=0.15;w=0.1;gate=side_gt_anchor,0
v110_v116_rank_cls_margin0.15_w0.1_side_rank_top,0.9622375965463665,0.8976287847608194,0.2191780821917808,0.5205479452054794,22,0.0,1.0,0.5000000000000001,0.2899114363311556,class_selective_rank,anchor=v110;side=v116;margin=0.15;w=0.1;gate=side_rank_top,0
v110_v116_rank_cls_margin0.15_w0.1_anchor_not_top5,0.9622375965463665,0.8976287847608194,0.2191780821917808,0.5205479452054794,22,0.0,1.0,0.5000000000000001,0.2899114363311556,class_selective_rank,anchor=v110;side=v116;margin=0.15;w=0.1;gate=anchor_not_top5,0
v110_v116_rank_cls_margin0.15_w0.12_none,0.9622375965463665,0.8976287847608194,0.2191780821917808,0.5205479452054794,22,0.0,1.0,0.5000000000000001,0.2899114363311556,class_selective_rank,anchor=v110;side=v116;margin=0.15;w=0.12;gate=none,0
v110_v116_rank_cls_margin0.15_w0.12_side_gt_anchor,0.9622375965463665,0.8976287847608194,0.2191780821917808,0.5205479452054794,22,0.0,1.0,0.5000000000000001,0.2899114363311556,class_selective_rank,anchor=v110;side=v116;margin=0.15;w=0.12;gate=side_gt_anchor,0
v110_v116_rank_cls_margin0.15_w0.12_side_rank_top,0.9622375965463665,0.8976287847608194,0.2191780821917808,0.5205479452054794,22,0.0,1.0,0.5000000000000001,0.2899114363311556,class_selective_rank,anchor=v110;side=v116;margin=0.15;w=0.12;gate=side_rank_top,0
v110_v116_rank_cls_margin0.15_w0.12_anchor_not_top5,0.9622375965463665,0.8976287847608194,0.2191780821917808,0.5205479452054794,22,0.0,1.0,0.5000000000000001,0.2899114363311556,class_selective_rank,anchor=v110;side=v116;margin=0.15;w=0.12;gate=anchor_not_top5,0
v110_v116_rank_cls_margin0.15_w0.15_none,0.9622375965463665,0.8976287847608194,0.2191780821917808,0.5205479452054794,22,0.0,1.0,0.5000000000000001,0.2899114363311556,class_selective_rank,anchor=v110;side=v116;margin=0.15;w=0.15;gate=none,0
v110_v116_rank_cls_margin0.15_w0.15_side_gt_anchor,0.9622375965463665,0.8976287847608194,0.2191780821917808,0.5205479452054794,22,0.0,1.0,0.5000000000000001,0.2899114363311556,class_selective_rank,anchor=v110;side=v116;margin=0.15;w=0.15;gate=side_gt_anchor,0
v110_v116_rank_cls_margin0.15_w0.15_side_rank_top,0.9622375965463665,0.8976287847608194,0.2191780821917808,0.5205479452054794,22,0.0,1.0,0.5000000000000001,0.2899114363311556,class_selective_rank,anchor=v110;side=v116;margin=0.15;w=0.15;gate=side_rank_top,0
v110_v116_rank_cls_margin0.15_w0.15_anchor_not_top5,0.9622375965463665,0.8976287847608194,0.2191780821917808,0.5205479452054794,22,0.0,1.0,0.5000000000000001,0.2899114363311556,class_selective_rank,anchor=v110;side=v116;margin=0.15;w=0.15;gate=anchor_not_top5,0
v110_v116_rank_cls_margin0.15_w0.18_none,0.9622375965463665,0.8976287847608194,0.2191780821917808,0.5205479452054794,22,0.0,1.0,0.5000000000000001,0.2899114363311556,class_selective_rank,anchor=v110;side=v116;margin=0.15;w=0.18;gate=none,0
v110_v116_rank_cls_margin0.15_w0.18_side_gt_anchor,0.9622375965463665,0.8976287847608194,0.2191780821917808,0.5205479452054794,22,0.0,1.0,0.5000000000000001,0.2899114363311556,class_selective_rank,anchor=v110;side=v116;margin=0.15;w=0.18;gate=side_gt_anchor,0
v110_v116_rank_cls_margin0.15_w0.18_side_rank_top,0.9622375965463665,0.8976287847608194,0.2191780821917808,0.5205479452054794,22,0.0,1.0,0.5000000000000001,0.2899114363311556,class_selective_rank,anchor=v110;side=v116;margin=0.15;w=0.18;gate=side_rank_top,0
v110_v116_rank_cls_margin0.15_w0.18_anchor_not_top5,0.9622375965463665,0.8976287847608194,0.2191780821917808,0.5205479452054794,22,0.0,1.0,0.5000000000000001,0.2899114363311556,class_selective_rank,anchor=v110;side=v116;margin=0.15;w=0.18;gate=anchor_not_top5,0
v110_v116_rank_cls_margin0.15_w0.2_none,0.9622375965463665,0.8976287847608194,0.2191780821917808,0.5205479452054794,22,0.0,1.0,0.5000000000000001,0.2899114363311556,class_selective_rank,anchor=v110;side=v116;margin=0.15;w=0.2;gate=none,0
v110_v116_rank_cls_margin0.15_w0.2_side_gt_anchor,0.9622375965463665,0.8976287847608194,0.2191780821917808,0.5205479452054794,22,0.0,1.0,0.5000000000000001,0.2899114363311556,class_selective_rank,anchor=v110;side=v116;margin=0.15;w=0.2;gate=side_gt_anchor,0
v110_v116_rank_cls_margin0.15_w0.2_side_rank_top,0.9622375965463665,0.8976287847608194,0.2191780821917808,0.5205479452054794,22,0.0,1.0,0.5000000000000001,0.2899114363311556,class_selective_rank,anchor=v110;side=v116;margin=0.15;w=0.2;gate=side_rank_top,0
v110_v116_rank_cls_margin0.15_w0.2_anchor_not_top5,0.9622375965463665,0.8976287847608194,0.2191780821917808,0.5205479452054794,22,0.0,1.0,0.5000000000000001,0.2899114363311556,class_selective_rank,anchor=v110;side=v116;margin=0.15;w=0.2;gate=anchor_not_top5,0
v110_v116_rank_cls_margin0.15_w0.25_none,0.9622375965463665,0.8976287847608194,0.2191780821917808,0.5205479452054794,22,0.0,1.0,0.5000000000000001,0.2899114363311556,class_selective_rank,anchor=v110;side=v116;margin=0.15;w=0.25;gate=none,0
v110_v116_rank_cls_margin0.15_w0.25_side_gt_anchor,0.9622375965463665,0.8976287847608194,0.2191780821917808,0.5205479452054794,22,0.0,1.0,0.5000000000000001,0.2899114363311556,class_selective_rank,anchor=v110;side=v116;margin=0.15;w=0.25;gate=side_gt_anchor,0
v110_v116_rank_cls_margin0.15_w0.25_side_rank_top,0.9622375965463665,0.8976287847608194,0.2191780821917808,0.5205479452054794,22,0.0,1.0,0.5000000000000001,0.2899114363311556,class_selective_rank,anchor=v110;side=v116;margin=0.15;w=0.25;gate=side_rank_top,0
v110_v116_rank_cls_margin0.15_w0.25_anchor_not_top5,0.9622375965463665,0.8976287847608194,0.2191780821917808,0.5205479452054794,22,0.0,1.0,0.5000000000000001,0.2899114363311556,class_selective_rank,anchor=v110;side=v116;margin=0.15;w=0.25;gate=anchor_not_top5,0
v110_v116_rank_cls_margin0.15_w0.3_none,0.9622375965463665,0.8976287847608194,0.2191780821917808,0.5205479452054794,22,0.0,1.0,0.5000000000000001,0.2899114363311556,class_selective_rank,anchor=v110;side=v116;margin=0.15;w=0.3;gate=none,0
v110_v116_rank_cls_margin0.15_w0.3_side_gt_anchor,0.9622375965463665,0.8976287847608194,0.2191780821917808,0.5205479452054794,22,0.0,1.0,0.5000000000000001,0.2899114363311556,class_selective_rank,anchor=v110;side=v116;margin=0.15;w=0.3;gate=side_gt_anchor,0
v110_v116_rank_cls_margin0.15_w0.3_side_rank_top,0.9622375965463665,0.8976287847608194,0.2191780821917808,0.5205479452054794,22,0.0,1.0,0.5000000000000001,0.2899114363311556,class_selective_rank,anchor=v110;side=v116;margin=0.15;w=0.3;gate=side_rank_top,0
v110_v116_rank_cls_margin0.15_w0.3_anchor_not_top5,0.9622375965463665,0.8976287847608194,0.2191780821917808,0.5205479452054794,22,0.0,1.0,0.5000000000000001,0.2899114363311556,class_selective_rank,anchor=v110;side=v116;margin=0.15;w=0.3;gate=anchor_not_top5,0
v110_v116_rank_cls_margin0.15_w0.35_none,0.9622375965463665,0.8976287847608194,0.2191780821917808,0.5205479452054794,22,0.0,1.0,0.5000000000000001,0.2899114363311556,class_selective_rank,anchor=v110;side=v116;margin=0.15;w=0.35;gate=none,0
v110_v116_rank_cls_margin0.15_w0.35_side_gt_anchor,0.9622375965463665,0.8976287847608194,0.2191780821917808,0.5205479452054794,22,0.0,1.0,0.5000000000000001,0.2899114363311556,class_selective_rank,anchor=v110;side=v116;margin=0.15;w=0.35;gate=side_gt_anchor,0
v110_v116_rank_cls_margin0.15_w0.35_side_rank_top,0.9622375965463665,0.8976287847608194,0.2191780821917808,0.5205479452054794,22,0.0,1.0,0.5000000000000001,0.2899114363311556,class_selective_rank,anchor=v110;side=v116;margin=0.15;w=0.35;gate=side_rank_top,0
v110_v116_rank_cls_margin0.15_w0.35_anchor_not_top5,0.9622375965463665,0.8976287847608194,0.2191780821917808,0.5205479452054794,22,0.0,1.0,0.5000000000000001,0.2899114363311556,class_selective_rank,anchor=v110;side=v116;margin=0.15;w=0.35;gate=anchor_not_top5,0
v110_v116_rank_cls_margin0.15_w0.4_none,0.9622375965463665,0.8976287847608194,0.2191780821917808,0.5205479452054794,22,0.0,1.0,0.5000000000000001,0.2899114363311556,class_selective_rank,anchor=v110;side=v116;margin=0.15;w=0.4;gate=none,0
v110_v116_rank_cls_margin0.15_w0.4_side_gt_anchor,0.9622375965463665,0.8976287847608194,0.2191780821917808,0.5205479452054794,22,0.0,1.0,0.5000000000000001,0.2899114363311556,class_selective_rank,anchor=v110;side=v116;margin=0.15;w=0.4;gate=side_gt_anchor,0
v110_v116_rank_cls_margin0.15_w0.4_side_rank_top,0.9622375965463665,0.8976287847608194,0.2191780821917808,0.5205479452054794,22,0.0,1.0,0.5000000000000001,0.2899114363311556,class_selective_rank,anchor=v110;side=v116;margin=0.15;w=0.4;gate=side_rank_top,0
v110_v116_rank_cls_margin0.15_w0.4_anchor_not_top5,0.9622375965463665,0.8976287847608194,0.2191780821917808,0.5205479452054794,22,0.0,1.0,0.5000000000000001,0.2899114363311556,class_selective_rank,anchor=v110;side=v116;margin=0.15;w=0.4;gate=anchor_not_top5,0
v110_v119_rank_cls_margin0.05_w0.05_none,0.9622375965463665,0.8976287847608194,0.2191780821917808,0.5205479452054794,22,0.0,1.0,0.5000000000000001,0.2899114363311556,class_selective_rank,anchor=v110;side=v119;margin=0.05;w=0.05;gate=none,0
v110_v119_rank_cls_margin0.05_w0.05_side_gt_anchor,0.9622375965463665,0.8976287847608194,0.2191780821917808,0.5205479452054794,22,0.0,1.0,0.5000000000000001,0.2899114363311556,class_selective_rank,anchor=v110;side=v119;margin=0.05;w=0.05;gate=side_gt_anchor,0
v110_v119_rank_cls_margin0.05_w0.05_side_rank_top,0.9622375965463665,0.8976287847608194,0.2191780821917808,0.5205479452054794,22,0.0,1.0,0.5000000000000001,0.2899114363311556,class_selective_rank,anchor=v110;side=v119;margin=0.05;w=0.05;gate=side_rank_top,0
v110_v119_rank_cls_margin0.05_w0.05_anchor_not_top5,0.9622375965463665,0.8976287847608194,0.2191780821917808,0.5205479452054794,22,0.0,1.0,0.5000000000000001,0.2899114363311556,class_selective_rank,anchor=v110;side=v119;margin=0.05;w=0.05;gate=anchor_not_top5,0
v110_v119_rank_cls_margin0.05_w0.08_none,0.9622375965463665,0.8976287847608194,0.2191780821917808,0.5205479452054794,22,0.0,1.0,0.5000000000000001,0.2899114363311556,class_selective_rank,anchor=v110;side=v119;margin=0.05;w=0.08;gate=none,0
v110_v119_rank_cls_margin0.05_w0.08_side_gt_anchor,0.9622375965463665,0.8976287847608194,0.2191780821917808,0.5205479452054794,22,0.0,1.0,0.5000000000000001,0.2899114363311556,class_selective_rank,anchor=v110;side=v119;margin=0.05;w=0.08;gate=side_gt_anchor,0
v110_v119_rank_cls_margin0.05_w0.08_side_rank_top,0.9622375965463665,0.8976287847608194,0.2191780821917808,0.5205479452054794,22,0.0,1.0,0.5000000000000001,0.2899114363311556,class_selective_rank,anchor=v110;side=v119;margin=0.05;w=0.08;gate=side_rank_top,0
v110_v119_rank_cls_margin0.05_w0.08_anchor_not_top5,0.9622375965463665,0.8976287847608194,0.2191780821917808,0.5205479452054794,22,0.0,1.0,0.5000000000000001,0.2899114363311556,class_selective_rank,anchor=v110;side=v119;margin=0.05;w=0.08;gate=anchor_not_top5,0
v110_v119_rank_cls_margin0.05_w0.1_none,0.9622375965463665,0.8976287847608194,0.2191780821917808,0.5205479452054794,22,0.0,1.0,0.5000000000000001,0.2899114363311556,class_selective_rank,anchor=v110;side=v119;margin=0.05;w=0.1;gate=none,0
v110_v119_rank_cls_margin0.05_w0.1_side_gt_anchor,0.9622375965463665,0.8976287847608194,0.2191780821917808,0.5205479452054794,22,0.0,1.0,0.5000000000000001,0.2899114363311556,class_selective_rank,anchor=v110;side=v119;margin=0.05;w=0.1;gate=side_gt_anchor,0
v110_v119_rank_cls_margin0.05_w0.1_side_rank_top,0.9622375965463665,0.8976287847608194,0.2191780821917808,0.5205479452054794,22,0.0,1.0,0.5000000000000001,0.2899114363311556,class_selective_rank,anchor=v110;side=v119;margin=0.05;w=0.1;gate=side_rank_top,0
v110_v119_rank_cls_margin0.05_w0.1_anchor_not_top5,0.9622375965463665,0.8976287847608194,0.2191780821917808,0.5205479452054794,22,0.0,1.0,0.5000000000000001,0.2899114363311556,class_selective_rank,anchor=v110;side=v119;margin=0.05;w=0.1;gate=anchor_not_top5,0
v110_v119_rank_cls_margin0.05_w0.12_none,0.9622375965463665,0.8976287847608194,0.2191780821917808,0.5205479452054794,22,0.0,1.0,0.5000000000000001,0.2899114363311556,class_selective_rank,anchor=v110;side=v119;margin=0.05;w=0.12;gate=none,0
v110_v119_rank_cls_margin0.05_w0.12_side_gt_anchor,0.9622375965463665,0.8976287847608194,0.2191780821917808,0.5205479452054794,22,0.0,1.0,0.5000000000000001,0.2899114363311556,class_selective_rank,anchor=v110;side=v119;margin=0.05;w=0.12;gate=side_gt_anchor,0
v110_v119_rank_cls_margin0.05_w0.12_side_rank_top,0.9622375965463665,0.8976287847608194,0.2191780821917808,0.5205479452054794,22,0.0,1.0,0.5000000000000001,0.2899114363311556,class_selective_rank,anchor=v110;side=v119;margin=0.05;w=0.12;gate=side_rank_top,0
v110_v119_rank_cls_margin0.05_w0.12_anchor_not_top5,0.9622375965463665,0.8976287847608194,0.2191780821917808,0.5205479452054794,22,0.0,1.0,0.5000000000000001,0.2899114363311556,class_selective_rank,anchor=v110;side=v119;margin=0.05;w=0.12;gate=anchor_not_top5,0
v110_v119_rank_cls_margin0.05_w0.15_none,0.9622375965463665,0.8976287847608194,0.2191780821917808,0.5205479452054794,22,0.0,1.0,0.5000000000000001,0.2899114363311556,class_selective_rank,anchor=v110;side=v119;margin=0.05;w=0.15;gate=none,0
v110_v119_rank_cls_margin0.05_w0.15_side_gt_anchor,0.9622375965463665,0.8976287847608194,0.2191780821917808,0.5205479452054794,22,0.0,1.0,0.5000000000000001,0.2899114363311556,class_selective_rank,anchor=v110;side=v119;margin=0.05;w=0.15;gate=side_gt_anchor,0
v110_v119_rank_cls_margin0.05_w0.15_side_rank_top,0.9622375965463665,0.8976287847608194,0.2191780821917808,0.5205479452054794,22,0.0,1.0,0.5000000000000001,0.2899114363311556,class_selective_rank,anchor=v110;side=v119;margin=0.05;w=0.15;gate=side_rank_top,0
v110_v119_rank_cls_margin0.05_w0.15_anchor_not_top5,0.9622375965463665,0.8976287847608194,0.2191780821917808,0.5205479452054794,22,0.0,1.0,0.5000000000000001,0.2899114363311556,class_selective_rank,anchor=v110;side=v119;margin=0.05;w=0.15;gate=anchor_not_top5,0
v110_v119_rank_cls_margin0.05_w0.18_none,0.9622375965463665,0.8976287847608194,0.2191780821917808,0.5205479452054794,22,0.0,1.0,0.5000000000000001,0.2899114363311556,class_selective_rank,anchor=v110;side=v119;margin=0.05;w=0.18;gate=none,0
v110_v119_rank_cls_margin0.05_w0.18_side_gt_anchor,0.9622375965463665,0.8976287847608194,0.2191780821917808,0.5205479452054794,22,0.0,1.0,0.5000000000000001,0.2899114363311556,class_selective_rank,anchor=v110;side=v119;margin=0.05;w=0.18;gate=side_gt_anchor,0
v110_v119_rank_cls_margin0.05_w0.18_side_rank_top,0.9622375965463665,0.8976287847608194,0.2191780821917808,0.5205479452054794,22,0.0,1.0,0.5000000000000001,0.2899114363311556,class_selective_rank,anchor=v110;side=v119;margin=0.05;w=0.18;gate=side_rank_top,0
v110_v119_rank_cls_margin0.05_w0.18_anchor_not_top5,0.9622375965463665,0.8976287847608194,0.2191780821917808,0.5205479452054794,22,0.0,1.0,0.5000000000000001,0.2899114363311556,class_selective_rank,anchor=v110;side=v119;margin=0.05;w=0.18;gate=anchor_not_top5,0
v110_v119_rank_cls_margin0.05_w0.2_none,0.9622375965463665,0.8976287847608194,0.2191780821917808,0.5205479452054794,22,0.0,1.0,0.5000000000000001,0.2899114363311556,class_selective_rank,anchor=v110;side=v119;margin=0.05;w=0.2;gate=none,0
v110_v119_rank_cls_margin0.05_w0.2_side_gt_anchor,0.9622375965463665,0.8976287847608194,0.2191780821917808,0.5205479452054794,22,0.0,1.0,0.5000000000000001,0.2899114363311556,class_selective_rank,anchor=v110;side=v119;margin=0.05;w=0.2;gate=side_gt_anchor,0
v110_v119_rank_cls_margin0.05_w0.2_side_rank_top,0.9622375965463665,0.8976287847608194,0.2191780821917808,0.5205479452054794,22,0.0,1.0,0.5000000000000001,0.2899114363311556,class_selective_rank,anchor=v110;side=v119;margin=0.05;w=0.2;gate=side_rank_top,0
v110_v119_rank_cls_margin0.05_w0.2_anchor_not_top5,0.9622375965463665,0.8976287847608194,0.2191780821917808,0.5205479452054794,22,0.0,1.0,0.5000000000000001,0.2899114363311556,class_selective_rank,anchor=v110;side=v119;margin=0.05;w=0.2;gate=anchor_not_top5,0
v110_v119_rank_cls_margin0.05_w0.25_none,0.9622375965463665,0.8976287847608194,0.2191780821917808,0.5205479452054794,22,0.0,1.0,0.5000000000000001,0.2899114363311556,class_selective_rank,anchor=v110;side=v119;margin=0.05;w=0.25;gate=none,0
v110_v119_rank_cls_margin0.05_w0.25_side_gt_anchor,0.9622375965463665,0.8976287847608194,0.2191780821917808,0.5205479452054794,22,0.0,1.0,0.5000000000000001,0.2899114363311556,class_selective_rank,anchor=v110;side=v119;margin=0.05;w=0.25;gate=side_gt_anchor,0
v110_v119_rank_cls_margin0.05_w0.25_side_rank_top,0.9622375965463665,0.8976287847608194,0.2191780821917808,0.5205479452054794,22,0.0,1.0,0.5000000000000001,0.2899114363311556,class_selective_rank,anchor=v110;side=v119;margin=0.05;w=0.25;gate=side_rank_top,0
v110_v119_rank_cls_margin0.05_w0.25_anchor_not_top5,0.9622375965463665,0.8976287847608194,0.2191780821917808,0.5205479452054794,22,0.0,1.0,0.5000000000000001,0.2899114363311556,class_selective_rank,anchor=v110;side=v119;margin=0.05;w=0.25;gate=anchor_not_top5,0
v110_v119_rank_cls_margin0.05_w0.3_none,0.9622375965463665,0.8976287847608194,0.2191780821917808,0.5205479452054794,22,0.0,1.0,0.5000000000000001,0.2899114363311556,class_selective_rank,anchor=v110;side=v119;margin=0.05;w=0.3;gate=none,0
v110_v119_rank_cls_margin0.05_w0.3_side_gt_anchor,0.9622375965463665,0.8976287847608194,0.2191780821917808,0.5205479452054794,22,0.0,1.0,0.5000000000000001,0.2899114363311556,class_selective_rank,anchor=v110;side=v119;margin=0.05;w=0.3;gate=side_gt_anchor,0
v110_v119_rank_cls_margin0.05_w0.3_side_rank_top,0.9622375965463665,0.8976287847608194,0.2191780821917808,0.5205479452054794,22,0.0,1.0,0.5000000000000001,0.2899114363311556,class_selective_rank,anchor=v110;side=v119;margin=0.05;w=0.3;gate=side_rank_top,0
v110_v119_rank_cls_margin0.05_w0.3_anchor_not_top5,0.9622375965463665,0.8976287847608194,0.2191780821917808,0.5205479452054794,22,0.0,1.0,0.5000000000000001,0.2899114363311556,class_selective_rank,anchor=v110;side=v119;margin=0.05;w=0.3;gate=anchor_not_top5,0
v110_v119_rank_cls_margin0.05_w0.35_none,0.9622375965463665,0.8976287847608194,0.2191780821917808,0.5205479452054794,22,0.0,1.0,0.5000000000000001,0.2899114363311556,class_selective_rank,anchor=v110;side=v119;margin=0.05;w=0.35;gate=none,0
v110_v119_rank_cls_margin0.05_w0.35_side_gt_anchor,0.9622375965463665,0.8976287847608194,0.2191780821917808,0.5205479452054794,22,0.0,1.0,0.5000000000000001,0.2899114363311556,class_selective_rank,anchor=v110;side=v119;margin=0.05;w=0.35;gate=side_gt_anchor,0
v110_v119_rank_cls_margin0.05_w0.35_side_rank_top,0.9622375965463665,0.8976287847608194,0.2191780821917808,0.5205479452054794,22,0.0,1.0,0.5000000000000001,0.2899114363311556,class_selective_rank,anchor=v110;side=v119;margin=0.05;w=0.35;gate=side_rank_top,0
v110_v119_rank_cls_margin0.05_w0.35_anchor_not_top5,0.9622375965463665,0.8976287847608194,0.2191780821917808,0.5205479452054794,22,0.0,1.0,0.5000000000000001,0.2899114363311556,class_selective_rank,anchor=v110;side=v119;margin=0.05;w=0.35;gate=anchor_not_top5,0
v110_v119_rank_cls_margin0.05_w0.4_none,0.9622375965463665,0.8976287847608194,0.2191780821917808,0.5205479452054794,22,0.0,1.0,0.5000000000000001,0.2899114363311556,class_selective_rank,anchor=v110;side=v119;margin=0.05;w=0.4;gate=none,0
v110_v119_rank_cls_margin0.05_w0.4_side_gt_anchor,0.9622375965463665,0.8976287847608194,0.2191780821917808,0.5205479452054794,22,0.0,1.0,0.5000000000000001,0.2899114363311556,class_selective_rank,anchor=v110;side=v119;margin=0.05;w=0.4;gate=side_gt_anchor,0
v110_v119_rank_cls_margin0.05_w0.4_side_rank_top,0.9622375965463665,0.8976287847608194,0.2191780821917808,0.5205479452054794,22,0.0,1.0,0.5000000000000001,0.2899114363311556,class_selective_rank,anchor=v110;side=v119;margin=0.05;w=0.4;gate=side_rank_top,0
v110_v119_rank_cls_margin0.05_w0.4_anchor_not_top5,0.9622375965463665,0.8976287847608194,0.2191780821917808,0.5205479452054794,22,0.0,1.0,0.5000000000000001,0.2899114363311556,class_selective_rank,anchor=v110;side=v119;margin=0.05;w=0.4;gate=anchor_not_top5,0
v110_v119_rank_cls_margin0.08_w0.05_none,0.9622375965463665,0.8976287847608194,0.2191780821917808,0.5205479452054794,22,0.0,1.0,0.5000000000000001,0.2899114363311556,class_selective_rank,anchor=v110;side=v119;margin=0.08;w=0.05;gate=none,0
v110_v119_rank_cls_margin0.08_w0.05_side_gt_anchor,0.9622375965463665,0.8976287847608194,0.2191780821917808,0.5205479452054794,22,0.0,1.0,0.5000000000000001,0.2899114363311556,class_selective_rank,anchor=v110;side=v119;margin=0.08;w=0.05;gate=side_gt_anchor,0
v110_v119_rank_cls_margin0.08_w0.05_side_rank_top,0.9622375965463665,0.8976287847608194,0.2191780821917808,0.5205479452054794,22,0.0,1.0,0.5000000000000001,0.2899114363311556,class_selective_rank,anchor=v110;side=v119;margin=0.08;w=0.05;gate=side_rank_top,0
v110_v119_rank_cls_margin0.08_w0.05_anchor_not_top5,0.9622375965463665,0.8976287847608194,0.2191780821917808,0.5205479452054794,22,0.0,1.0,0.5000000000000001,0.2899114363311556,class_selective_rank,anchor=v110;side=v119;margin=0.08;w=0.05;gate=anchor_not_top5,0
v110_v119_rank_cls_margin0.08_w0.08_none,0.9622375965463665,0.8976287847608194,0.2191780821917808,0.5205479452054794,22,0.0,1.0,0.5000000000000001,0.2899114363311556,class_selective_rank,anchor=v110;side=v119;margin=0.08;w=0.08;gate=none,0
v110_v119_rank_cls_margin0.08_w0.08_side_gt_anchor,0.9622375965463665,0.8976287847608194,0.2191780821917808,0.5205479452054794,22,0.0,1.0,0.5000000000000001,0.2899114363311556,class_selective_rank,anchor=v110;side=v119;margin=0.08;w=0.08;gate=side_gt_anchor,0
v110_v119_rank_cls_margin0.08_w0.08_side_rank_top,0.9622375965463665,0.8976287847608194,0.2191780821917808,0.5205479452054794,22,0.0,1.0,0.5000000000000001,0.2899114363311556,class_selective_rank,anchor=v110;side=v119;margin=0.08;w=0.08;gate=side_rank_top,0
v110_v119_rank_cls_margin0.08_w0.08_anchor_not_top5,0.9622375965463665,0.8976287847608194,0.2191780821917808,0.5205479452054794,22,0.0,1.0,0.5000000000000001,0.2899114363311556,class_selective_rank,anchor=v110;side=v119;margin=0.08;w=0.08;gate=anchor_not_top5,0
v110_v119_rank_cls_margin0.08_w0.1_none,0.9622375965463665,0.8976287847608194,0.2191780821917808,0.5205479452054794,22,0.0,1.0,0.5000000000000001,0.2899114363311556,class_selective_rank,anchor=v110;side=v119;margin=0.08;w=0.1;gate=none,0
v110_v119_rank_cls_margin0.08_w0.1_side_gt_anchor,0.9622375965463665,0.8976287847608194,0.2191780821917808,0.5205479452054794,22,0.0,1.0,0.5000000000000001,0.2899114363311556,class_selective_rank,anchor=v110;side=v119;margin=0.08;w=0.1;gate=side_gt_anchor,0
v110_v119_rank_cls_margin0.08_w0.1_side_rank_top,0.9622375965463665,0.8976287847608194,0.2191780821917808,0.5205479452054794,22,0.0,1.0,0.5000000000000001,0.2899114363311556,class_selective_rank,anchor=v110;side=v119;margin=0.08;w=0.1;gate=side_rank_top,0
v110_v119_rank_cls_margin0.08_w0.1_anchor_not_top5,0.9622375965463665,0.8976287847608194,0.2191780821917808,0.5205479452054794,22,0.0,1.0,0.5000000000000001,0.2899114363311556,class_selective_rank,anchor=v110;side=v119;margin=0.08;w=0.1;gate=anchor_not_top5,0
v110_v119_rank_cls_margin0.08_w0.12_none,0.9622375965463665,0.8976287847608194,0.2191780821917808,0.5205479452054794,22,0.0,1.0,0.5000000000000001,0.2899114363311556,class_selective_rank,anchor=v110;side=v119;margin=0.08;w=0.12;gate=none,0
v110_v119_rank_cls_margin0.08_w0.12_side_gt_anchor,0.9622375965463665,0.8976287847608194,0.2191780821917808,0.5205479452054794,22,0.0,1.0,0.5000000000000001,0.2899114363311556,class_selective_rank,anchor=v110;side=v119;margin=0.08;w=0.12;gate=side_gt_anchor,0
v110_v119_rank_cls_margin0.08_w0.12_side_rank_top,0.9622375965463665,0.8976287847608194,0.2191780821917808,0.5205479452054794,22,0.0,1.0,0.5000000000000001,0.2899114363311556,class_selective_rank,anchor=v110;side=v119;margin=0.08;w=0.12;gate=side_rank_top,0
v110_v119_rank_cls_margin0.08_w0.12_anchor_not_top5,0.9622375965463665,0.8976287847608194,0.2191780821917808,0.5205479452054794,22,0.0,1.0,0.5000000000000001,0.2899114363311556,class_selective_rank,anchor=v110;side=v119;margin=0.08;w=0.12;gate=anchor_not_top5,0
v110_v119_rank_cls_margin0.08_w0.15_none,0.9622375965463665,0.8976287847608194,0.2191780821917808,0.5205479452054794,22,0.0,1.0,0.5000000000000001,0.2899114363311556,class_selective_rank,anchor=v110;side=v119;margin=0.08;w=0.15;gate=none,0
v110_v119_rank_cls_margin0.08_w0.15_side_gt_anchor,0.9622375965463665,0.8976287847608194,0.2191780821917808,0.5205479452054794,22,0.0,1.0,0.5000000000000001,0.2899114363311556,class_selective_rank,anchor=v110;side=v119;margin=0.08;w=0.15;gate=side_gt_anchor,0
v110_v119_rank_cls_margin0.08_w0.15_side_rank_top,0.9622375965463665,0.8976287847608194,0.2191780821917808,0.5205479452054794,22,0.0,1.0,0.5000000000000001,0.2899114363311556,class_selective_rank,anchor=v110;side=v119;margin=0.08;w=0.15;gate=side_rank_top,0
v110_v119_rank_cls_margin0.08_w0.15_anchor_not_top5,0.9622375965463665,0.8976287847608194,0.2191780821917808,0.5205479452054794,22,0.0,1.0,0.5000000000000001,0.2899114363311556,class_selective_rank,anchor=v110;side=v119;margin=0.08;w=0.15;gate=anchor_not_top5,0
v110_v119_rank_cls_margin0.08_w0.18_none,0.9622375965463665,0.8976287847608194,0.2191780821917808,0.5205479452054794,22,0.0,1.0,0.5000000000000001,0.2899114363311556,class_selective_rank,anchor=v110;side=v119;margin=0.08;w=0.18;gate=none,0
v110_v119_rank_cls_margin0.08_w0.18_side_gt_anchor,0.9622375965463665,0.8976287847608194,0.2191780821917808,0.5205479452054794,22,0.0,1.0,0.5000000000000001,0.2899114363311556,class_selective_rank,anchor=v110;side=v119;margin=0.08;w=0.18;gate=side_gt_anchor,0
v110_v119_rank_cls_margin0.08_w0.18_side_rank_top,0.9622375965463665,0.8976287847608194,0.2191780821917808,0.5205479452054794,22,0.0,1.0,0.5000000000000001,0.2899114363311556,class_selective_rank,anchor=v110;side=v119;margin=0.08;w=0.18;gate=side_rank_top,0
v110_v119_rank_cls_margin0.08_w0.18_anchor_not_top5,0.9622375965463665,0.8976287847608194,0.2191780821917808,0.5205479452054794,22,0.0,1.0,0.5000000000000001,0.2899114363311556,class_selective_rank,anchor=v110;side=v119;margin=0.08;w=0.18;gate=anchor_not_top5,0
v110_v119_rank_cls_margin0.08_w0.2_none,0.9622375965463665,0.8976287847608194,0.2191780821917808,0.5205479452054794,22,0.0,1.0,0.5000000000000001,0.2899114363311556,class_selective_rank,anchor=v110;side=v119;margin=0.08;w=0.2;gate=none,0
v110_v119_rank_cls_margin0.08_w0.2_side_gt_anchor,0.9622375965463665,0.8976287847608194,0.2191780821917808,0.5205479452054794,22,0.0,1.0,0.5000000000000001,0.2899114363311556,class_selective_rank,anchor=v110;side=v119;margin=0.08;w=0.2;gate=side_gt_anchor,0
v110_v119_rank_cls_margin0.08_w0.2_side_rank_top,0.9622375965463665,0.8976287847608194,0.2191780821917808,0.5205479452054794,22,0.0,1.0,0.5000000000000001,0.2899114363311556,class_selective_rank,anchor=v110;side=v119;margin=0.08;w=0.2;gate=side_rank_top,0
v110_v119_rank_cls_margin0.08_w0.2_anchor_not_top5,0.9622375965463665,0.8976287847608194,0.2191780821917808,0.5205479452054794,22,0.0,1.0,0.5000000000000001,0.2899114363311556,class_selective_rank,anchor=v110;side=v119;margin=0.08;w=0.2;gate=anchor_not_top5,0
v110_v119_rank_cls_margin0.08_w0.25_none,0.9622375965463665,0.8976287847608194,0.2191780821917808,0.5205479452054794,22,0.0,1.0,0.5000000000000001,0.2899114363311556,class_selective_rank,anchor=v110;side=v119;margin=0.08;w=0.25;gate=none,0
v110_v119_rank_cls_margin0.08_w0.25_side_gt_anchor,0.9622375965463665,0.8976287847608194,0.2191780821917808,0.5205479452054794,22,0.0,1.0,0.5000000000000001,0.2899114363311556,class_selective_rank,anchor=v110;side=v119;margin=0.08;w=0.25;gate=side_gt_anchor,0
v110_v119_rank_cls_margin0.08_w0.25_side_rank_top,0.9622375965463665,0.8976287847608194,0.2191780821917808,0.5205479452054794,22,0.0,1.0,0.5000000000000001,0.2899114363311556,class_selective_rank,anchor=v110;side=v119;margin=0.08;w=0.25;gate=side_rank_top,0
v110_v119_rank_cls_margin0.08_w0.25_anchor_not_top5,0.9622375965463665,0.8976287847608194,0.2191780821917808,0.5205479452054794,22,0.0,1.0,0.5000000000000001,0.2899114363311556,class_selective_rank,anchor=v110;side=v119;margin=0.08;w=0.25;gate=anchor_not_top5,0
v110_v119_rank_cls_margin0.08_w0.3_none,0.9622375965463665,0.8976287847608194,0.2191780821917808,0.5205479452054794,22,0.0,1.0,0.5000000000000001,0.2899114363311556,class_selective_rank,anchor=v110;side=v119;margin=0.08;w=0.3;gate=none,0
v110_v119_rank_cls_margin0.08_w0.3_side_gt_anchor,0.9622375965463665,0.8976287847608194,0.2191780821917808,0.5205479452054794,22,0.0,1.0,0.5000000000000001,0.2899114363311556,class_selective_rank,anchor=v110;side=v119;margin=0.08;w=0.3;gate=side_gt_anchor,0
v110_v119_rank_cls_margin0.08_w0.3_side_rank_top,0.9622375965463665,0.8976287847608194,0.2191780821917808,0.5205479452054794,22,0.0,1.0,0.5000000000000001,0.2899114363311556,class_selective_rank,anchor=v110;side=v119;margin=0.08;w=0.3;gate=side_rank_top,0
v110_v119_rank_cls_margin0.08_w0.3_anchor_not_top5,0.9622375965463665,0.8976287847608194,0.2191780821917808,0.5205479452054794,22,0.0,1.0,0.5000000000000001,0.2899114363311556,class_selective_rank,anchor=v110;side=v119;margin=0.08;w=0.3;gate=anchor_not_top5,0
v110_v119_rank_cls_margin0.08_w0.35_none,0.9622375965463665,0.8976287847608194,0.2191780821917808,0.5205479452054794,22,0.0,1.0,0.5000000000000001,0.2899114363311556,class_selective_rank,anchor=v110;side=v119;margin=0.08;w=0.35;gate=none,0
v110_v119_rank_cls_margin0.08_w0.35_side_gt_anchor,0.9622375965463665,0.8976287847608194,0.2191780821917808,0.5205479452054794,22,0.0,1.0,0.5000000000000001,0.2899114363311556,class_selective_rank,anchor=v110;side=v119;margin=0.08;w=0.35;gate=side_gt_anchor,0
v110_v119_rank_cls_margin0.08_w0.35_side_rank_top,0.9622375965463665,0.8976287847608194,0.2191780821917808,0.5205479452054794,22,0.0,1.0,0.5000000000000001,0.2899114363311556,class_selective_rank,anchor=v110;side=v119;margin=0.08;w=0.35;gate=side_rank_top,0
v110_v119_rank_cls_margin0.08_w0.35_anchor_not_top5,0.9622375965463665,0.8976287847608194,0.2191780821917808,0.5205479452054794,22,0.0,1.0,0.5000000000000001,0.2899114363311556,class_selective_rank,anchor=v110;side=v119;margin=0.08;w=0.35;gate=anchor_not_top5,0
v110_v119_rank_cls_margin0.08_w0.4_none,0.9622375965463665,0.8976287847608194,0.2191780821917808,0.5205479452054794,22,0.0,1.0,0.5000000000000001,0.2899114363311556,class_selective_rank,anchor=v110;side=v119;margin=0.08;w=0.4;gate=none,0
v110_v119_rank_cls_margin0.08_w0.4_side_gt_anchor,0.9622375965463665,0.8976287847608194,0.2191780821917808,0.5205479452054794,22,0.0,1.0,0.5000000000000001,0.2899114363311556,class_selective_rank,anchor=v110;side=v119;margin=0.08;w=0.4;gate=side_gt_anchor,0
v110_v119_rank_cls_margin0.08_w0.4_side_rank_top,0.9622375965463665,0.8976287847608194,0.2191780821917808,0.5205479452054794,22,0.0,1.0,0.5000000000000001,0.2899114363311556,class_selective_rank,anchor=v110;side=v119;margin=0.08;w=0.4;gate=side_rank_top,0
v110_v119_rank_cls_margin0.08_w0.4_anchor_not_top5,0.9622375965463665,0.8976287847608194,0.2191780821917808,0.5205479452054794,22,0.0,1.0,0.5000000000000001,0.2899114363311556,class_selective_rank,anchor=v110;side=v119;margin=0.08;w=0.4;gate=anchor_not_top5,0
v110_v119_rank_cls_margin0.1_w0.05_none,0.9622375965463665,0.8976287847608194,0.2191780821917808,0.5205479452054794,22,0.0,1.0,0.5000000000000001,0.2899114363311556,class_selective_rank,anchor=v110;side=v119;margin=0.1;w=0.05;gate=none,0
v110_v119_rank_cls_margin0.1_w0.05_side_gt_anchor,0.9622375965463665,0.8976287847608194,0.2191780821917808,0.5205479452054794,22,0.0,1.0,0.5000000000000001,0.2899114363311556,class_selective_rank,anchor=v110;side=v119;margin=0.1;w=0.05;gate=side_gt_anchor,0
v110_v119_rank_cls_margin0.1_w0.05_side_rank_top,0.9622375965463665,0.8976287847608194,0.2191780821917808,0.5205479452054794,22,0.0,1.0,0.5000000000000001,0.2899114363311556,class_selective_rank,anchor=v110;side=v119;margin=0.1;w=0.05;gate=side_rank_top,0
v110_v119_rank_cls_margin0.1_w0.05_anchor_not_top5,0.9622375965463665,0.8976287847608194,0.2191780821917808,0.5205479452054794,22,0.0,1.0,0.5000000000000001,0.2899114363311556,class_selective_rank,anchor=v110;side=v119;margin=0.1;w=0.05;gate=anchor_not_top5,0
v110_v119_rank_cls_margin0.1_w0.08_none,0.9622375965463665,0.8976287847608194,0.2191780821917808,0.5205479452054794,22,0.0,1.0,0.5000000000000001,0.2899114363311556,class_selective_rank,anchor=v110;side=v119;margin=0.1;w=0.08;gate=none,0
v110_v119_rank_cls_margin0.1_w0.08_side_gt_anchor,0.9622375965463665,0.8976287847608194,0.2191780821917808,0.5205479452054794,22,0.0,1.0,0.5000000000000001,0.2899114363311556,class_selective_rank,anchor=v110;side=v119;margin=0.1;w=0.08;gate=side_gt_anchor,0
v110_v119_rank_cls_margin0.1_w0.08_side_rank_top,0.9622375965463665,0.8976287847608194,0.2191780821917808,0.5205479452054794,22,0.0,1.0,0.5000000000000001,0.2899114363311556,class_selective_rank,anchor=v110;side=v119;margin=0.1;w=0.08;gate=side_rank_top,0
v110_v119_rank_cls_margin0.1_w0.08_anchor_not_top5,0.9622375965463665,0.8976287847608194,0.2191780821917808,0.5205479452054794,22,0.0,1.0,0.5000000000000001,0.2899114363311556,class_selective_rank,anchor=v110;side=v119;margin=0.1;w=0.08;gate=anchor_not_top5,0
v110_v119_rank_cls_margin0.1_w0.1_none,0.9622375965463665,0.8976287847608194,0.2191780821917808,0.5205479452054794,22,0.0,1.0,0.5000000000000001,0.2899114363311556,class_selective_rank,anchor=v110;side=v119;margin=0.1;w=0.1;gate=none,0
v110_v119_rank_cls_margin0.1_w0.1_side_gt_anchor,0.9622375965463665,0.8976287847608194,0.2191780821917808,0.5205479452054794,22,0.0,1.0,0.5000000000000001,0.2899114363311556,class_selective_rank,anchor=v110;side=v119;margin=0.1;w=0.1;gate=side_gt_anchor,0
v110_v119_rank_cls_margin0.1_w0.1_side_rank_top,0.9622375965463665,0.8976287847608194,0.2191780821917808,0.5205479452054794,22,0.0,1.0,0.5000000000000001,0.2899114363311556,class_selective_rank,anchor=v110;side=v119;margin=0.1;w=0.1;gate=side_rank_top,0
v110_v119_rank_cls_margin0.1_w0.1_anchor_not_top5,0.9622375965463665,0.8976287847608194,0.2191780821917808,0.5205479452054794,22,0.0,1.0,0.5000000000000001,0.2899114363311556,class_selective_rank,anchor=v110;side=v119;margin=0.1;w=0.1;gate=anchor_not_top5,0
v110_v119_rank_cls_margin0.1_w0.12_none,0.9622375965463665,0.8976287847608194,0.2191780821917808,0.5205479452054794,22,0.0,1.0,0.5000000000000001,0.2899114363311556,class_selective_rank,anchor=v110;side=v119;margin=0.1;w=0.12;gate=none,0
v110_v119_rank_cls_margin0.1_w0.12_side_gt_anchor,0.9622375965463665,0.8976287847608194,0.2191780821917808,0.5205479452054794,22,0.0,1.0,0.5000000000000001,0.2899114363311556,class_selective_rank,anchor=v110;side=v119;margin=0.1;w=0.12;gate=side_gt_anchor,0
v110_v119_rank_cls_margin0.1_w0.12_side_rank_top,0.9622375965463665,0.8976287847608194,0.2191780821917808,0.5205479452054794,22,0.0,1.0,0.5000000000000001,0.2899114363311556,class_selective_rank,anchor=v110;side=v119;margin=0.1;w=0.12;gate=side_rank_top,0
v110_v119_rank_cls_margin0.1_w0.12_anchor_not_top5,0.9622375965463665,0.8976287847608194,0.2191780821917808,0.5205479452054794,22,0.0,1.0,0.5000000000000001,0.2899114363311556,class_selective_rank,anchor=v110;side=v119;margin=0.1;w=0.12;gate=anchor_not_top5,0
v110_v119_rank_cls_margin0.1_w0.15_none,0.9622375965463665,0.8976287847608194,0.2191780821917808,0.5205479452054794,22,0.0,1.0,0.5000000000000001,0.2899114363311556,class_selective_rank,anchor=v110;side=v119;margin=0.1;w=0.15;gate=none,0
v110_v119_rank_cls_margin0.1_w0.15_side_gt_anchor,0.9622375965463665,0.8976287847608194,0.2191780821917808,0.5205479452054794,22,0.0,1.0,0.5000000000000001,0.2899114363311556,class_selective_rank,anchor=v110;side=v119;margin=0.1;w=0.15;gate=side_gt_anchor,0
v110_v119_rank_cls_margin0.1_w0.15_side_rank_top,0.9622375965463665,0.8976287847608194,0.2191780821917808,0.5205479452054794,22,0.0,1.0,0.5000000000000001,0.2899114363311556,class_selective_rank,anchor=v110;side=v119;margin=0.1;w=0.15;gate=side_rank_top,0
v110_v119_rank_cls_margin0.1_w0.15_anchor_not_top5,0.9622375965463665,0.8976287847608194,0.2191780821917808,0.5205479452054794,22,0.0,1.0,0.5000000000000001,0.2899114363311556,class_selective_rank,anchor=v110;side=v119;margin=0.1;w=0.15;gate=anchor_not_top5,0
v110_v119_rank_cls_margin0.1_w0.18_none,0.9622375965463665,0.8976287847608194,0.2191780821917808,0.5205479452054794,22,0.0,1.0,0.5000000000000001,0.2899114363311556,class_selective_rank,anchor=v110;side=v119;margin=0.1;w=0.18;gate=none,0
v110_v119_rank_cls_margin0.1_w0.18_side_gt_anchor,0.9622375965463665,0.8976287847608194,0.2191780821917808,0.5205479452054794,22,0.0,1.0,0.5000000000000001,0.2899114363311556,class_selective_rank,anchor=v110;side=v119;margin=0.1;w=0.18;gate=side_gt_anchor,0
v110_v119_rank_cls_margin0.1_w0.18_side_rank_top,0.9622375965463665,0.8976287847608194,0.2191780821917808,0.5205479452054794,22,0.0,1.0,0.5000000000000001,0.2899114363311556,class_selective_rank,anchor=v110;side=v119;margin=0.1;w=0.18;gate=side_rank_top,0
v110_v119_rank_cls_margin0.1_w0.18_anchor_not_top5,0.9622375965463665,0.8976287847608194,0.2191780821917808,0.5205479452054794,22,0.0,1.0,0.5000000000000001,0.2899114363311556,class_selective_rank,anchor=v110;side=v119;margin=0.1;w=0.18;gate=anchor_not_top5,0
v110_v119_rank_cls_margin0.1_w0.2_none,0.9622375965463665,0.8976287847608194,0.2191780821917808,0.5205479452054794,22,0.0,1.0,0.5000000000000001,0.2899114363311556,class_selective_rank,anchor=v110;side=v119;margin=0.1;w=0.2;gate=none,0
v110_v119_rank_cls_margin0.1_w0.2_side_gt_anchor,0.9622375965463665,0.8976287847608194,0.2191780821917808,0.5205479452054794,22,0.0,1.0,0.5000000000000001,0.2899114363311556,class_selective_rank,anchor=v110;side=v119;margin=0.1;w=0.2;gate=side_gt_anchor,0
v110_v119_rank_cls_margin0.1_w0.2_side_rank_top,0.9622375965463665,0.8976287847608194,0.2191780821917808,0.5205479452054794,22,0.0,1.0,0.5000000000000001,0.2899114363311556,class_selective_rank,anchor=v110;side=v119;margin=0.1;w=0.2;gate=side_rank_top,0
v110_v119_rank_cls_margin0.1_w0.2_anchor_not_top5,0.9622375965463665,0.8976287847608194,0.2191780821917808,0.5205479452054794,22,0.0,1.0,0.5000000000000001,0.2899114363311556,class_selective_rank,anchor=v110;side=v119;margin=0.1;w=0.2;gate=anchor_not_top5,0
v110_v119_rank_cls_margin0.1_w0.25_none,0.9622375965463665,0.8976287847608194,0.2191780821917808,0.5205479452054794,22,0.0,1.0,0.5000000000000001,0.2899114363311556,class_selective_rank,anchor=v110;side=v119;margin=0.1;w=0.25;gate=none,0
v110_v119_rank_cls_margin0.1_w0.25_side_gt_anchor,0.9622375965463665,0.8976287847608194,0.2191780821917808,0.5205479452054794,22,0.0,1.0,0.5000000000000001,0.2899114363311556,class_selective_rank,anchor=v110;side=v119;margin=0.1;w=0.25;gate=side_gt_anchor,0
v110_v119_rank_cls_margin0.1_w0.25_side_rank_top,0.9622375965463665,0.8976287847608194,0.2191780821917808,0.5205479452054794,22,0.0,1.0,0.5000000000000001,0.2899114363311556,class_selective_rank,anchor=v110;side=v119;margin=0.1;w=0.25;gate=side_rank_top,0
v110_v119_rank_cls_margin0.1_w0.25_anchor_not_top5,0.9622375965463665,0.8976287847608194,0.2191780821917808,0.5205479452054794,22,0.0,1.0,0.5000000000000001,0.2899114363311556,class_selective_rank,anchor=v110;side=v119;margin=0.1;w=0.25;gate=anchor_not_top5,0
v110_v119_rank_cls_margin0.1_w0.3_none,0.9622375965463665,0.8976287847608194,0.2191780821917808,0.5205479452054794,22,0.0,1.0,0.5000000000000001,0.2899114363311556,class_selective_rank,anchor=v110;side=v119;margin=0.1;w=0.3;gate=none,0
v110_v119_rank_cls_margin0.1_w0.3_side_gt_anchor,0.9622375965463665,0.8976287847608194,0.2191780821917808,0.5205479452054794,22,0.0,1.0,0.5000000000000001,0.2899114363311556,class_selective_rank,anchor=v110;side=v119;margin=0.1;w=0.3;gate=side_gt_anchor,0
v110_v119_rank_cls_margin0.1_w0.3_side_rank_top,0.9622375965463665,0.8976287847608194,0.2191780821917808,0.5205479452054794,22,0.0,1.0,0.5000000000000001,0.2899114363311556,class_selective_rank,anchor=v110;side=v119;margin=0.1;w=0.3;gate=side_rank_top,0
v110_v119_rank_cls_margin0.1_w0.3_anchor_not_top5,0.9622375965463665,0.8976287847608194,0.2191780821917808,0.5205479452054794,22,0.0,1.0,0.5000000000000001,0.2899114363311556,class_selective_rank,anchor=v110;side=v119;margin=0.1;w=0.3;gate=anchor_not_top5,0
v110_v119_rank_cls_margin0.1_w0.35_none,0.9622375965463665,0.8976287847608194,0.2191780821917808,0.5205479452054794,22,0.0,1.0,0.5000000000000001,0.2899114363311556,class_selective_rank,anchor=v110;side=v119;margin=0.1;w=0.35;gate=none,0
v110_v119_rank_cls_margin0.1_w0.35_side_gt_anchor,0.9622375965463665,0.8976287847608194,0.2191780821917808,0.5205479452054794,22,0.0,1.0,0.5000000000000001,0.2899114363311556,class_selective_rank,anchor=v110;side=v119;margin=0.1;w=0.35;gate=side_gt_anchor,0
v110_v119_rank_cls_margin0.1_w0.35_side_rank_top,0.9622375965463665,0.8976287847608194,0.2191780821917808,0.5205479452054794,22,0.0,1.0,0.5000000000000001,0.2899114363311556,class_selective_rank,anchor=v110;side=v119;margin=0.1;w=0.35;gate=side_rank_top,0
v110_v119_rank_cls_margin0.1_w0.35_anchor_not_top5,0.9622375965463665,0.8976287847608194,0.2191780821917808,0.5205479452054794,22,0.0,1.0,0.5000000000000001,0.2899114363311556,class_selective_rank,anchor=v110;side=v119;margin=0.1;w=0.35;gate=anchor_not_top5,0
v110_v119_rank_cls_margin0.1_w0.4_none,0.9622375965463665,0.8976287847608194,0.2191780821917808,0.5205479452054794,22,0.0,1.0,0.5000000000000001,0.2899114363311556,class_selective_rank,anchor=v110;side=v119;margin=0.1;w=0.4;gate=none,0
v110_v119_rank_cls_margin0.1_w0.4_side_gt_anchor,0.9622375965463665,0.8976287847608194,0.2191780821917808,0.5205479452054794,22,0.0,1.0,0.5000000000000001,0.2899114363311556,class_selective_rank,anchor=v110;side=v119;margin=0.1;w=0.4;gate=side_gt_anchor,0
v110_v119_rank_cls_margin0.1_w0.4_side_rank_top,0.9622375965463665,0.8976287847608194,0.2191780821917808,0.5205479452054794,22,0.0,1.0,0.5000000000000001,0.2899114363311556,class_selective_rank,anchor=v110;side=v119;margin=0.1;w=0.4;gate=side_rank_top,0
v110_v119_rank_cls_margin0.1_w0.4_anchor_not_top5,0.9622375965463665,0.8976287847608194,0.2191780821917808,0.5205479452054794,22,0.0,1.0,0.5000000000000001,0.2899114363311556,class_selective_rank,anchor=v110;side=v119;margin=0.1;w=0.4;gate=anchor_not_top5,0
v110_v119_rank_cls_margin0.15_w0.05_none,0.9622375965463665,0.8976287847608194,0.2191780821917808,0.5205479452054794,22,0.0,1.0,0.5000000000000001,0.2899114363311556,class_selective_rank,anchor=v110;side=v119;margin=0.15;w=0.05;gate=none,0
v110_v119_rank_cls_margin0.15_w0.05_side_gt_anchor,0.9622375965463665,0.8976287847608194,0.2191780821917808,0.5205479452054794,22,0.0,1.0,0.5000000000000001,0.2899114363311556,class_selective_rank,anchor=v110;side=v119;margin=0.15;w=0.05;gate=side_gt_anchor,0
v110_v119_rank_cls_margin0.15_w0.05_side_rank_top,0.9622375965463665,0.8976287847608194,0.2191780821917808,0.5205479452054794,22,0.0,1.0,0.5000000000000001,0.2899114363311556,class_selective_rank,anchor=v110;side=v119;margin=0.15;w=0.05;gate=side_rank_top,0
v110_v119_rank_cls_margin0.15_w0.05_anchor_not_top5,0.9622375965463665,0.8976287847608194,0.2191780821917808,0.5205479452054794,22,0.0,1.0,0.5000000000000001,0.2899114363311556,class_selective_rank,anchor=v110;side=v119;margin=0.15;w=0.05;gate=anchor_not_top5,0
v110_v119_rank_cls_margin0.15_w0.08_none,0.9622375965463665,0.8976287847608194,0.2191780821917808,0.5205479452054794,22,0.0,1.0,0.5000000000000001,0.2899114363311556,class_selective_rank,anchor=v110;side=v119;margin=0.15;w=0.08;gate=none,0
v110_v119_rank_cls_margin0.15_w0.08_side_gt_anchor,0.9622375965463665,0.8976287847608194,0.2191780821917808,0.5205479452054794,22,0.0,1.0,0.5000000000000001,0.2899114363311556,class_selective_rank,anchor=v110;side=v119;margin=0.15;w=0.08;gate=side_gt_anchor,0
v110_v119_rank_cls_margin0.15_w0.08_side_rank_top,0.9622375965463665,0.8976287847608194,0.2191780821917808,0.5205479452054794,22,0.0,1.0,0.5000000000000001,0.2899114363311556,class_selective_rank,anchor=v110;side=v119;margin=0.15;w=0.08;gate=side_rank_top,0
v110_v119_rank_cls_margin0.15_w0.08_anchor_not_top5,0.9622375965463665,0.8976287847608194,0.2191780821917808,0.5205479452054794,22,0.0,1.0,0.5000000000000001,0.2899114363311556,class_selective_rank,anchor=v110;side=v119;margin=0.15;w=0.08;gate=anchor_not_top5,0
v110_v119_rank_cls_margin0.15_w0.1_none,0.9622375965463665,0.8976287847608194,0.2191780821917808,0.5205479452054794,22,0.0,1.0,0.5000000000000001,0.2899114363311556,class_selective_rank,anchor=v110;side=v119;margin=0.15;w=0.1;gate=none,0
v110_v119_rank_cls_margin0.15_w0.1_side_gt_anchor,0.9622375965463665,0.8976287847608194,0.2191780821917808,0.5205479452054794,22,0.0,1.0,0.5000000000000001,0.2899114363311556,class_selective_rank,anchor=v110;side=v119;margin=0.15;w=0.1;gate=side_gt_anchor,0
v110_v119_rank_cls_margin0.15_w0.1_side_rank_top,0.9622375965463665,0.8976287847608194,0.2191780821917808,0.5205479452054794,22,0.0,1.0,0.5000000000000001,0.2899114363311556,class_selective_rank,anchor=v110;side=v119;margin=0.15;w=0.1;gate=side_rank_top,0
v110_v119_rank_cls_margin0.15_w0.1_anchor_not_top5,0.9622375965463665,0.8976287847608194,0.2191780821917808,0.5205479452054794,22,0.0,1.0,0.5000000000000001,0.2899114363311556,class_selective_rank,anchor=v110;side=v119;margin=0.15;w=0.1;gate=anchor_not_top5,0
v110_v119_rank_cls_margin0.15_w0.12_none,0.9622375965463665,0.8976287847608194,0.2191780821917808,0.5205479452054794,22,0.0,1.0,0.5000000000000001,0.2899114363311556,class_selective_rank,anchor=v110;side=v119;margin=0.15;w=0.12;gate=none,0
v110_v119_rank_cls_margin0.15_w0.12_side_gt_anchor,0.9622375965463665,0.8976287847608194,0.2191780821917808,0.5205479452054794,22,0.0,1.0,0.5000000000000001,0.2899114363311556,class_selective_rank,anchor=v110;side=v119;margin=0.15;w=0.12;gate=side_gt_anchor,0
v110_v119_rank_cls_margin0.15_w0.12_side_rank_top,0.9622375965463665,0.8976287847608194,0.2191780821917808,0.5205479452054794,22,0.0,1.0,0.5000000000000001,0.2899114363311556,class_selective_rank,anchor=v110;side=v119;margin=0.15;w=0.12;gate=side_rank_top,0
v110_v119_rank_cls_margin0.15_w0.12_anchor_not_top5,0.9622375965463665,0.8976287847608194,0.2191780821917808,0.5205479452054794,22,0.0,1.0,0.5000000000000001,0.2899114363311556,class_selective_rank,anchor=v110;side=v119;margin=0.15;w=0.12;gate=anchor_not_top5,0
v110_v119_rank_cls_margin0.15_w0.15_none,0.9622375965463665,0.8976287847608194,0.2191780821917808,0.5205479452054794,22,0.0,1.0,0.5000000000000001,0.2899114363311556,class_selective_rank,anchor=v110;side=v119;margin=0.15;w=0.15;gate=none,0
v110_v119_rank_cls_margin0.15_w0.15_side_gt_anchor,0.9622375965463665,0.8976287847608194,0.2191780821917808,0.5205479452054794,22,0.0,1.0,0.5000000000000001,0.2899114363311556,class_selective_rank,anchor=v110;side=v119;margin=0.15;w=0.15;gate=side_gt_anchor,0
v110_v119_rank_cls_margin0.15_w0.15_side_rank_top,0.9622375965463665,0.8976287847608194,0.2191780821917808,0.5205479452054794,22,0.0,1.0,0.5000000000000001,0.2899114363311556,class_selective_rank,anchor=v110;side=v119;margin=0.15;w=0.15;gate=side_rank_top,0
v110_v119_rank_cls_margin0.15_w0.15_anchor_not_top5,0.9622375965463665,0.8976287847608194,0.2191780821917808,0.5205479452054794,22,0.0,1.0,0.5000000000000001,0.2899114363311556,class_selective_rank,anchor=v110;side=v119;margin=0.15;w=0.15;gate=anchor_not_top5,0
v110_v119_rank_cls_margin0.15_w0.18_none,0.9622375965463665,0.8976287847608194,0.2191780821917808,0.5205479452054794,22,0.0,1.0,0.5000000000000001,0.2899114363311556,class_selective_rank,anchor=v110;side=v119;margin=0.15;w=0.18;gate=none,0
v110_v119_rank_cls_margin0.15_w0.18_side_gt_anchor,0.9622375965463665,0.8976287847608194,0.2191780821917808,0.5205479452054794,22,0.0,1.0,0.5000000000000001,0.2899114363311556,class_selective_rank,anchor=v110;side=v119;margin=0.15;w=0.18;gate=side_gt_anchor,0
v110_v119_rank_cls_margin0.15_w0.18_side_rank_top,0.9622375965463665,0.8976287847608194,0.2191780821917808,0.5205479452054794,22,0.0,1.0,0.5000000000000001,0.2899114363311556,class_selective_rank,anchor=v110;side=v119;margin=0.15;w=0.18;gate=side_rank_top,0
v110_v119_rank_cls_margin0.15_w0.18_anchor_not_top5,0.9622375965463665,0.8976287847608194,0.2191780821917808,0.5205479452054794,22,0.0,1.0,0.5000000000000001,0.2899114363311556,class_selective_rank,anchor=v110;side=v119;margin=0.15;w=0.18;gate=anchor_not_top5,0
v110_v119_rank_cls_margin0.15_w0.2_none,0.9622375965463665,0.8976287847608194,0.2191780821917808,0.5205479452054794,22,0.0,1.0,0.5000000000000001,0.2899114363311556,class_selective_rank,anchor=v110;side=v119;margin=0.15;w=0.2;gate=none,0
v110_v119_rank_cls_margin0.15_w0.2_side_gt_anchor,0.9622375965463665,0.8976287847608194,0.2191780821917808,0.5205479452054794,22,0.0,1.0,0.5000000000000001,0.2899114363311556,class_selective_rank,anchor=v110;side=v119;margin=0.15;w=0.2;gate=side_gt_anchor,0
v110_v119_rank_cls_margin0.15_w0.2_side_rank_top,0.9622375965463665,0.8976287847608194,0.2191780821917808,0.5205479452054794,22,0.0,1.0,0.5000000000000001,0.2899114363311556,class_selective_rank,anchor=v110;side=v119;margin=0.15;w=0.2;gate=side_rank_top,0
v110_v119_rank_cls_margin0.15_w0.2_anchor_not_top5,0.9622375965463665,0.8976287847608194,0.2191780821917808,0.5205479452054794,22,0.0,1.0,0.5000000000000001,0.2899114363311556,class_selective_rank,anchor=v110;side=v119;margin=0.15;w=0.2;gate=anchor_not_top5,0
v110_v119_rank_cls_margin0.15_w0.25_none,0.9622375965463665,0.8976287847608194,0.2191780821917808,0.5205479452054794,22,0.0,1.0,0.5000000000000001,0.2899114363311556,class_selective_rank,anchor=v110;side=v119;margin=0.15;w=0.25;gate=none,0
v110_v119_rank_cls_margin0.15_w0.25_side_gt_anchor,0.9622375965463665,0.8976287847608194,0.2191780821917808,0.5205479452054794,22,0.0,1.0,0.5000000000000001,0.2899114363311556,class_selective_rank,anchor=v110;side=v119;margin=0.15;w=0.25;gate=side_gt_anchor,0
v110_v119_rank_cls_margin0.15_w0.25_side_rank_top,0.9622375965463665,0.8976287847608194,0.2191780821917808,0.5205479452054794,22,0.0,1.0,0.5000000000000001,0.2899114363311556,class_selective_rank,anchor=v110;side=v119;margin=0.15;w=0.25;gate=side_rank_top,0
v110_v119_rank_cls_margin0.15_w0.25_anchor_not_top5,0.9622375965463665,0.8976287847608194,0.2191780821917808,0.5205479452054794,22,0.0,1.0,0.5000000000000001,0.2899114363311556,class_selective_rank,anchor=v110;side=v119;margin=0.15;w=0.25;gate=anchor_not_top5,0
v110_v119_rank_cls_margin0.15_w0.3_none,0.9622375965463665,0.8976287847608194,0.2191780821917808,0.5205479452054794,22,0.0,1.0,0.5000000000000001,0.2899114363311556,class_selective_rank,anchor=v110;side=v119;margin=0.15;w=0.3;gate=none,0
v110_v119_rank_cls_margin0.15_w0.3_side_gt_anchor,0.9622375965463665,0.8976287847608194,0.2191780821917808,0.5205479452054794,22,0.0,1.0,0.5000000000000001,0.2899114363311556,class_selective_rank,anchor=v110;side=v119;margin=0.15;w=0.3;gate=side_gt_anchor,0
v110_v119_rank_cls_margin0.15_w0.3_side_rank_top,0.9622375965463665,0.8976287847608194,0.2191780821917808,0.5205479452054794,22,0.0,1.0,0.5000000000000001,0.2899114363311556,class_selective_rank,anchor=v110;side=v119;margin=0.15;w=0.3;gate=side_rank_top,0
v110_v119_rank_cls_margin0.15_w0.3_anchor_not_top5,0.9622375965463665,0.8976287847608194,0.2191780821917808,0.5205479452054794,22,0.0,1.0,0.5000000000000001,0.2899114363311556,class_selective_rank,anchor=v110;side=v119;margin=0.15;w=0.3;gate=anchor_not_top5,0
v110_v119_rank_cls_margin0.15_w0.35_none,0.9622375965463665,0.8976287847608194,0.2191780821917808,0.5205479452054794,22,0.0,1.0,0.5000000000000001,0.2899114363311556,class_selective_rank,anchor=v110;side=v119;margin=0.15;w=0.35;gate=none,0
v110_v119_rank_cls_margin0.15_w0.35_side_gt_anchor,0.9622375965463665,0.8976287847608194,0.2191780821917808,0.5205479452054794,22,0.0,1.0,0.5000000000000001,0.2899114363311556,class_selective_rank,anchor=v110;side=v119;margin=0.15;w=0.35;gate=side_gt_anchor,0
v110_v119_rank_cls_margin0.15_w0.35_side_rank_top,0.9622375965463665,0.8976287847608194,0.2191780821917808,0.5205479452054794,22,0.0,1.0,0.5000000000000001,0.2899114363311556,class_selective_rank,anchor=v110;side=v119;margin=0.15;w=0.35;gate=side_rank_top,0
v110_v119_rank_cls_margin0.15_w0.35_anchor_not_top5,0.9622375965463665,0.8976287847608194,0.2191780821917808,0.5205479452054794,22,0.0,1.0,0.5000000000000001,0.2899114363311556,class_selective_rank,anchor=v110;side=v119;margin=0.15;w=0.35;gate=anchor_not_top5,0
v110_v119_rank_cls_margin0.15_w0.4_none,0.9622375965463665,0.8976287847608194,0.2191780821917808,0.5205479452054794,22,0.0,1.0,0.5000000000000001,0.2899114363311556,class_selective_rank,anchor=v110;side=v119;margin=0.15;w=0.4;gate=none,0
v110_v119_rank_cls_margin0.15_w0.4_side_gt_anchor,0.9622375965463665,0.8976287847608194,0.2191780821917808,0.5205479452054794,22,0.0,1.0,0.5000000000000001,0.2899114363311556,class_selective_rank,anchor=v110;side=v119;margin=0.15;w=0.4;gate=side_gt_anchor,0
v110_v119_rank_cls_margin0.15_w0.4_side_rank_top,0.9622375965463665,0.8976287847608194,0.2191780821917808,0.5205479452054794,22,0.0,1.0,0.5000000000000001,0.2899114363311556,class_selective_rank,anchor=v110;side=v119;margin=0.15;w=0.4;gate=side_rank_top,0
v110_v119_rank_cls_margin0.15_w0.4_anchor_not_top5,0.9622375965463665,0.8976287847608194,0.2191780821917808,0.5205479452054794,22,0.0,1.0,0.5000000000000001,0.2899114363311556,class_selective_rank,anchor=v110;side=v119;margin=0.15;w=0.4;gate=anchor_not_top5,0
v110_v119_rank_cls_margin0.02_w0.18_side_gt_anchor,0.9622375965463665,0.8976267712000051,0.2191780821917808,0.5205479452054794,22,0.0,1.0,0.500036068009244,0.2898987100963779,class_selective_rank,anchor=v110;side=v119;margin=0.02;w=0.18;gate=side_gt_anchor,1
v114_v119_rank_cls_margin0_w0.3_side_rank_top,0.9622248338401879,0.8970323680476203,0.2328767123287671,0.5205479452054794,22,0.0,1.0,0.5001560125233873,0.28993783641255405,class_selective_rank,anchor=v114;side=v119;margin=0;w=0.3;gate=side_rank_top,6
v110_v119_rank_cls_margin0_w0.1_side_rank_top,0.9622136613983865,0.8974783430028359,0.2191780821917808,0.5205479452054794,22,0.0,1.0,0.5000531261073183,0.2899159456353165,class_selective_rank,anchor=v110;side=v119;margin=0;w=0.1;gate=side_rank_top,6
v110_v119_rank_cls_margin-0.02_w0.1_side_rank_top,0.9622136613983865,0.8974675848350566,0.2191780821917808,0.5205479452054794,22,0.0,1.0,0.5000586285061488,0.28991990067020695,class_selective_rank,anchor=v110;side=v119;margin=-0.02;w=0.1;gate=side_rank_top,7
v110_v119_rank_cls_margin0_w0.08_side_rank_top,0.9622136613983865,0.8974494052574188,0.2191780821917808,0.5205479452054794,22,0.0,1.0,0.5000424939042232,0.2899146088218626,class_selective_rank,anchor=v110;side=v119;margin=0;w=0.08;gate=side_rank_top,6
v110_v119_rank_cls_margin-0.02_w0.08_side_rank_top,0.9622136613983865,0.8974397401655101,0.2191780821917808,0.5205479452054794,22,0.0,1.0,0.5000468958180356,0.2899177417089029,class_selective_rank,anchor=v110;side=v119;margin=-0.02;w=0.08;gate=side_rank_top,7
v110_v119_rank_cls_margin0.02_w0.12_none,0.9622128391686681,0.897633214594611,0.2191780821917808,0.5205479452054794,22,0.0,1.0,0.5000033758808053,0.2898984393816452,class_selective_rank,anchor=v110;side=v119;margin=0.02;w=0.12;gate=none,1
v110_v119_rank_cls_margin0.02_w0.08_none,0.9622128391686681,0.8976328694127571,0.2191780821917808,0.5205479452054794,22,0.0,1.0,0.5000022503434944,0.28990230905700076,class_selective_rank,anchor=v110;side=v119;margin=0.02;w=0.08;gate=none,1
v110_v119_rank_cls_margin0.02_w0.1_none,0.9622128391686681,0.8976319489278134,0.2191780821917808,0.5205479452054794,22,0.0,1.0,0.5000028130816733,0.28990031638706826,class_selective_rank,anchor=v110;side=v119;margin=0.02;w=0.1;gate=none,1
v110_v119_rank_cls_margin0.02_w0.05_none,0.9622128391686681,0.8976313160944146,0.2191780821917808,0.5205479452054794,22,0.0,1.0,0.5000014063504797,0.2899055149275019,class_selective_rank,anchor=v110;side=v119;margin=0.02;w=0.05;gate=none,1
v110_v119_rank_cls_margin0.02_w0.05_side_rank_top,0.9622128391686681,0.8976261958969154,0.2191780821917808,0.5205479452054794,22,0.0,1.0,0.5000022240632073,0.28991320435909684,class_selective_rank,anchor=v110;side=v119;margin=0.02;w=0.05;gate=side_rank_top,1
v110_v119_rank_cls_margin0.02_w0.08_side_rank_top,0.9622128391686681,0.897624527517955,0.2191780821917808,0.5205479452054794,22,0.0,1.0,0.5000035586838586,0.2899142798534114,class_selective_rank,anchor=v110;side=v119;margin=0.02;w=0.08;gate=side_rank_top,1
v110_v119_rank_cls_margin0.02_w0.1_side_rank_top,0.9622128391686681,0.8976236645633202,0.2191780821917808,0.5205479452054794,22,0.0,1.0,0.5000044485071283,0.28991500296528405,class_selective_rank,anchor=v110;side=v119;margin=0.02;w=0.1;gate=side_rank_top,1
v110_v119_rank_cls_margin0.02_w0.12_side_rank_top,0.9622128391686681,0.8976233769117753,0.2191780821917808,0.5205479452054794,22,0.0,1.0,0.5000053383913515,0.28991573096969603,class_selective_rank,anchor=v110;side=v119;margin=0.02;w=0.12;gate=side_rank_top,1
v110_v119_rank_cls_margin0_w0.12_side_rank_top,0.962171495771805,0.8973441247919848,0.2191780821917808,0.5205479452054794,22,0.0,1.0,0.5000637618103263,0.28991749994587446,class_selective_rank,anchor=v110;side=v119;margin=0;w=0.12;gate=side_rank_top,6
v110_v119_rank_cls_margin-0.02_w0.12_side_rank_top,0.962171495771805,0.8973326187301888,0.2191780821917808,0.5205479452054794,22,0.0,1.0,0.5000703646968021,0.2899222926947165,class_selective_rank,anchor=v110;side=v119;margin=-0.02;w=0.12;gate=side_rank_top,7
v110_v119_rank_cls_margin0_w0.05_side_rank_top,0.9621698513123683,0.8975359883724342,0.2191780821917808,0.5205479452054794,22,0.0,1.0,0.5000265521519554,0.2899130113866325,class_selective_rank,anchor=v110;side=v119;margin=0;w=0.05;gate=side_rank_top,6
v110_v119_rank_cls_margin-0.02_w0.05_side_rank_top,0.9621698513123683,0.8975269561139243,0.2191780821917808,0.5205479452054794,22,0.0,1.0,0.5000293033431655,0.2899149402431779,class_selective_rank,anchor=v110;side=v119;margin=-0.02;w=0.05;gate=side_rank_top,7
v114_v119_rank_cls_margin0_w0.15_side_gt_anchor,0.9621634090406996,0.8981108887500746,0.2328767123287671,0.5205479452054794,22,0.0,1.0,0.5005387274861525,0.28946994619308924,class_selective_rank,anchor=v114;side=v119;margin=0;w=0.15;gate=side_gt_anchor,6
v114_v119_rank_cls_margin-0.02_w0.15_side_gt_anchor,0.9621634090406996,0.8980968513546834,0.2328767123287671,0.5205479452054794,22,0.0,1.0,0.5005886614577602,0.28945073192221843,class_selective_rank,anchor=v114;side=v119;margin=-0.02;w=0.15;gate=side_gt_anchor,7
v114_v119_rank_cls_margin0_w0.12_side_gt_anchor,0.9621634090406996,0.8980257438927838,0.2328767123287671,0.5205479452054794,22,0.0,1.0,0.5004309819889219,0.2895476717497729,class_selective_rank,anchor=v114;side=v119;margin=0;w=0.12;gate=side_gt_anchor,6
v114_v119_rank_cls_margin-0.02_w0.12_side_gt_anchor,0.9621634090406996,0.8980155034977853,0.2328767123287671,0.5205479452054794,22,0.0,1.0,0.5004709291662082,0.2895317950989614,class_selective_rank,anchor=v114;side=v119;margin=-0.02;w=0.12;gate=side_gt_anchor,7
v114_v119_rank_cls_margin0_w0.1_side_gt_anchor,0.9621634090406996,0.8980152158462403,0.2328767123287671,0.5205479452054794,22,0.0,1.0,0.5003591516574349,0.2896024284655134,class_selective_rank,anchor=v114;side=v119;margin=0;w=0.1;gate=side_gt_anchor,6
v114_v119_rank_cls_margin-0.02_w0.1_side_gt_anchor,0.9621634090406996,0.8980063561786574,0.2328767123287671,0.5205479452054794,22,0.0,1.0,0.5003924409718402,0.289588917506236,class_selective_rank,anchor=v114;side=v119;margin=-0.02;w=0.1;gate=side_gt_anchor,7
v114_v116_rank_cls_margin0_w0.25_none,0.9621518317906408,0.8978778334683953,0.2328767123287671,0.5205479452054794,22,0.0,1.0,0.5000185560997525,0.2899064128239331,class_selective_rank,anchor=v114;side=v116;margin=0;w=0.25;gate=none,1
v114_v116_rank_cls_margin0_w0.15_none,0.9621518317906408,0.8978595388301396,0.2328767123287671,0.5205479452054794,22,0.0,1.0,0.5000111279351401,0.2899076425307885,class_selective_rank,anchor=v114;side=v116;margin=0;w=0.15;gate=none,1
v114_v116_rank_cls_margin0_w0.25_anchor_not_top5,0.9621424189688635,0.8978299107210147,0.2328767123287671,0.5205479452054794,22,0.0,1.0,0.5000051584681413,0.28989866246331425,class_selective_rank,anchor=v114;side=v116;margin=0;w=0.25;gate=anchor_not_top5,1
v114_v116_rank_cls_margin0_w0.15_anchor_not_top5,0.9621424189688635,0.897811616082759,0.2328767123287671,0.5205479452054794,22,0.0,1.0,0.5000030950808847,0.2899030021126679,class_selective_rank,anchor=v114;side=v116;margin=0;w=0.15;gate=anchor_not_top5,1
v114_v116_rank_cls_margin0_w0.18_none,0.9621270744129423,0.8978463068590741,0.2328767123287671,0.5205479452054794,22,0.0,1.0,0.5000133555819479,0.2899071644568995,class_selective_rank,anchor=v114;side=v116;margin=0;w=0.18;gate=none,1
v114_v119_rank_cls_margin0.02_w0.2_side_gt_anchor,0.9621229667435288,0.8977700216693661,0.2328767123287671,0.5205479452054794,22,0.0,1.0,0.5000398310162258,0.28989721239912425,class_selective_rank,anchor=v114;side=v119;margin=0.02;w=0.2;gate=side_gt_anchor,1
v114_v116_rank_cls_margin0_w0.18_anchor_not_top5,0.9621176615911651,0.8977981539904576,0.2328767123287671,0.5205479452054794,22,0.0,1.0,0.5000037140970618,0.2899015924288901,class_selective_rank,anchor=v114;side=v116;margin=0;w=0.18;gate=anchor_not_top5,1
v114_v116_rank_cls_margin0_w0.2_none,0.9621146957240931,0.897887498560304,0.2328767123287671,0.5205479452054794,22,0.0,1.0,0.500014841061851,0.2899068977222637,class_selective_rank,anchor=v114;side=v116;margin=0;w=0.2;gate=none,1
v114_v116_rank_cls_margin0_w0.2_anchor_not_top5,0.9621052829023159,0.8978400360553952,0.2328767123287671,0.5205479452054794,22,0.0,1.0,0.500004126774513,0.2899007039673979,class_selective_rank,anchor=v114;side=v116;margin=0;w=0.2;gate=anchor_not_top5,1
v114_v116_rank_cls_margin0_w0.12_none,0.9621023170352437,0.8978574677390163,0.2328767123287671,0.5205479452054794,22,0.0,1.0,0.5000089009755628,0.28990821416937435,class_selective_rank,anchor=v114;side=v116;margin=0;w=0.12;gate=none,1
v114_v119_rank_cls_margin0_w0.08_side_gt_anchor,0.9621001606008278,0.8979645316440287,0.2328767123287671,0.5205479452054794,22,0.0,1.0,0.5002873213259479,0.28965953537597644,class_selective_rank,anchor=v114;side=v119;margin=0;w=0.08;gate=side_gt_anchor,6
v114_v119_rank_cls_margin-0.02_w0.08_side_gt_anchor,0.9621001606008278,0.8979583183706588,0.2328767123287671,0.5205479452054794,22,0.0,1.0,0.500313952777472,0.289648502453316,class_selective_rank,anchor=v114;side=v119;margin=-0.02;w=0.08;gate=side_gt_anchor,7
v114_v116_rank_cls_margin0_w0.12_anchor_not_top5,0.9620929042134665,0.8978093148703997,0.2328767123287671,0.5205479452054794,22,0.0,1.0,0.5000024760647078,0.2899045041850887,class_selective_rank,anchor=v114;side=v116;margin=0;w=0.12;gate=anchor_not_top5,1
v114_v119_rank_cls_margin0_w0.05_side_gt_anchor,0.9620579949742467,0.8979114886991488,0.2328767123287671,0.5205479452054794,22,0.0,1.0,0.5001795758287174,0.2897495993013808,class_selective_rank,anchor=v114;side=v119;margin=0;w=0.05;gate=side_gt_anchor,6
v114_v119_rank_cls_margin-0.02_w0.05_side_gt_anchor,0.9620579949742467,0.8979078067593741,0.2328767123287671,0.5205479452054794,22,0.0,1.0,0.50019622048592,0.28974249379554623,class_selective_rank,anchor=v114;side=v119;margin=-0.02;w=0.05;gate=side_gt_anchor,7
v114_v116_rank_cls_margin0_w0.1_none,0.9620528022798467,0.8978681108461777,0.2328767123287671,0.5205479452054794,22,0.0,1.0,0.500007416717403,0.28990864724121257,class_selective_rank,anchor=v114;side=v116;margin=0;w=0.1;gate=none,1
v114_v116_rank_cls_margin0_w0.1_anchor_not_top5,0.9620433894580693,0.8978200730381791,0.2328767123287671,0.5205479452054794,22,0.0,1.0,0.5000020633872566,0.2899055568930209,class_selective_rank,anchor=v114;side=v116;margin=0;w=0.1;gate=anchor_not_top5,1
v114_v116_rank_cls_margin0_w0.4_side_rank_top,0.9620404235909974,0.8978070711883495,0.2328767123287671,0.5205479452054794,22,0.0,1.0,0.5000210311919978,0.28992243929019584,class_selective_rank,anchor=v114;side=v116;margin=0;w=0.4;gate=side_rank_top,1
v114_v119_rank_cls_margin0_w0.1_side_rank_top,0.9620358971084703,0.8976093970466931,0.2328767123287671,0.5205479452054794,22,0.0,1.0,0.5000531261073183,0.28991546764837983,class_selective_rank,anchor=v114;side=v119;margin=0;w=0.1;gate=side_rank_top,6
v114_v119_rank_cls_margin-0.02_w0.1_side_rank_top,0.9620358971084703,0.8975989265304587,0.2328767123287671,0.5205479452054794,22,0.0,1.0,0.5000584603651731,0.2899192499071857,class_selective_rank,anchor=v114;side=v119;margin=-0.02;w=0.1;gate=side_rank_top,7
v114_v116_rank_cls_margin0_w0.08_none,0.9620280449021482,0.8978469972227818,0.2328767123287671,0.5205479452054794,22,0.0,1.0,0.5000059327643249,0.28990912189592555,class_selective_rank,anchor=v114;side=v116;margin=0;w=0.08;gate=none,1
v114_v116_rank_cls_margin0_w0.05_none,0.9620280449021482,0.8978320393424469,0.2328767123287671,0.5205479452054794,22,0.0,1.0,0.5000037074064263,0.28990991184455633,class_selective_rank,anchor=v114;side=v116;margin=0;w=0.05;gate=none,1
v114_v116_rank_cls_margin0_w0.35_side_rank_top,0.9620280449021482,0.8978008003846707,0.2328767123287671,0.5205479452054794,22,0.0,1.0,0.5000183955960396,0.2899210258145027,class_selective_rank,anchor=v114;side=v116;margin=0;w=0.35;gate=side_rank_top,1
v114_v116_rank_cls_margin0_w0.08_anchor_not_top5,0.9620186320803709,0.8977988443541653,0.2328767123287671,0.5205479452054794,22,0.0,1.0,0.5000016507098052,0.2899066506614884,class_selective_rank,anchor=v114;side=v116;margin=0;w=0.08;gate=anchor_not_top5,1
v114_v116_rank_cls_margin0_w0.05_anchor_not_top5,0.9620186320803709,0.8977835412919766,0.2328767123287671,0.5205479452054794,22,0.0,1.0,0.5000010316936283,0.28990836830167205,class_selective_rank,anchor=v114;side=v116;margin=0;w=0.05;gate=anchor_not_top5,1
v114_v116_rank_cls_margin0_w0.3_side_rank_top,0.9620032875244496,0.8978167938105672,0.2328767123287671,0.5205479452054794,22,0.0,1.0,0.5000157619179447,0.2899196232385481,class_selective_rank,anchor=v114;side=v116;margin=0;w=0.3;gate=side_rank_top,1
v114_v116_rank_cls_margin0_w0.15_side_rank_top,0.9620032875244496,0.8978139172951182,0.2328767123287671,0.5205479452054794,22,0.0,1.0,0.5000078723685799,0.2899154808472011,class_selective_rank,anchor=v114;side=v116;margin=0;w=0.15;gate=side_rank_top,1
v114_v116_rank_cls_margin0_w0.18_side_rank_top,0.9620032875244496,0.8978136871738822,0.2328767123287671,0.5205479452054794,22,0.0,1.0,0.5000094489020757,0.28991630149012904,class_selective_rank,anchor=v114;side=v116;margin=0;w=0.18;gate=side_rank_top,1
v114_v116_rank_cls_margin0_w0.12_side_rank_top,0.9620032875244496,0.8978127666889386,0.2328767123287671,0.5205479452054794,22,0.0,1.0,0.5000062965223145,0.28991466411928185,class_selective_rank,anchor=v114;side=v116;margin=0;w=0.12;gate=side_rank_top,1
v114_v119_rank_cls_margin0_w0.08_side_rank_top,0.9619920870224525,0.8975991566516945,0.2328767123287671,0.5205479452054794,22,0.0,1.0,0.5000424939042232,0.2899142223216014,class_selective_rank,anchor=v114;side=v119;margin=0;w=0.08;gate=side_rank_top,6
v114_v119_rank_cls_margin-0.02_w0.08_side_rank_top,0.9619920870224525,0.8975901243931846,0.2328767123287671,0.5205479452054794,22,0.0,1.0,0.5000467613073557,0.28991721749751886,class_selective_rank,anchor=v114;side=v119;margin=-0.02;w=0.08;gate=side_rank_top,7
v114_v116_rank_cls_margin0_w0.2_side_rank_top,0.9619909088356003,0.8978278971602004,0.2328767123287671,0.5205479452054794,22,0.0,1.0,0.5000105003064372,0.28991685076107576,class_selective_rank,anchor=v114;side=v116;margin=0;w=0.2;gate=side_rank_top,1
v114_v116_rank_cls_margin0_w0.4_side_gt_anchor,0.9619814960138231,0.8980329927117153,0.2328767123287671,0.5205479452054794,22,0.0,1.0,0.5000446914395412,0.2898974412293599,class_selective_rank,anchor=v114;side=v116;margin=0;w=0.4;gate=side_gt_anchor,1
v114_v116_rank_cls_margin0_w0.08_side_rank_top,0.9619785301467509,0.8978308312059584,0.2328767123287671,0.5205479452054794,22,0.0,1.0,0.5000041964621594,0.2899135812364412,class_selective_rank,anchor=v114;side=v116;margin=0;w=0.08;gate=side_rank_top,1
v114_v116_rank_cls_margin0_w0.1_side_rank_top,0.9619785301467509,0.8978240426294987,0.2328767123287671,0.5205479452054794,22,0.0,1.0,0.5000052463396962,0.28991412180835124,class_selective_rank,anchor=v114;side=v116;margin=0;w=0.1;gate=side_rank_top,1
v114_v116_rank_cls_margin0_w0.05_side_rank_top,0.9619785301467509,0.8978170239318031,0.2328767123287671,0.5205479452054794,22,0.0,1.0,0.5000026222175729,0.2899127736383804,class_selective_rank,anchor=v114;side=v116;margin=0;w=0.05;gate=side_rank_top,1
v114_v116_rank_cls_margin0_w0.25_side_rank_top,0.9619785301467509,0.8978094299310178,0.2328767123287671,0.5205479452054794,22,0.0,1.0,0.5000131301554854,0.28991823155613416,class_selective_rank,anchor=v114;side=v116;margin=0;w=0.25;gate=side_rank_top,1
v114_v119_rank_cls_margin0_w0.05_side_rank_top,0.9619710042091618,0.8976734282805882,0.2328767123287671,0.5205479452054794,22,0.0,1.0,0.5000265521519554,0.2899127659704808,class_selective_rank,anchor=v114;side=v119;margin=0;w=0.05;gate=side_rank_top,6
v114_v119_rank_cls_margin-0.02_w0.05_side_rank_top,0.9619710042091618,0.8976656616888758,0.2328767123287671,0.5205479452054794,22,0.0,1.0,0.5000292192759597,0.2899146092355836,class_selective_rank,anchor=v114;side=v119;margin=-0.02;w=0.05;gate=side_rank_top,7
v114_v119_rank_cls_margin0_w0.12_side_rank_top,0.9619710042091618,0.8974818523516837,0.2328767123287671,0.5205479452054794,22,0.0,1.0,0.5000637618103264,0.289916932527991,class_selective_rank,anchor=v114;side=v119;margin=0;w=0.12;gate=side_rank_top,6
v114_v119_rank_cls_margin-0.02_w0.12_side_rank_top,0.9619710042091618,0.8974709791232864,0.2328767123287671,0.5205479452054794,22,0.0,1.0,0.5000701629244796,0.28992151718107323,class_selective_rank,anchor=v114;side=v119;margin=-0.02;w=0.12;gate=side_rank_top,7
v114_v116_rank_cls_margin0_w0.15_side_gt_anchor,0.9619567386361244,0.8978705271191548,0.2328767123287671,0.5205479452054794,22,0.0,1.0,0.5000167592898279,0.2899051755316169,class_selective_rank,anchor=v114;side=v116;margin=0;w=0.15;gate=side_gt_anchor,1
v114_v116_rank_cls_margin0_w0.35_side_gt_anchor,0.9619319812584258,0.8979943323440805,0.2328767123287671,0.5205479452054794,22,0.0,1.0,0.5000391050095986,0.2898987180424807,class_selective_rank,anchor=v114;side=v116;margin=0;w=0.35;gate=side_gt_anchor,1
v114_v116_rank_cls_margin0_w0.3_side_gt_anchor,0.9619319812584258,0.8979823660398126,0.2328767123287671,0.5205479452054794,22,0.0,1.0,0.500033518579656,0.28990012988133385,class_selective_rank,anchor=v114;side=v116;margin=0;w=0.3;gate=side_gt_anchor,1
v114_v116_rank_cls_margin0_w0.25_side_gt_anchor,0.9619319812584258,0.8979294381555507,0.2328767123287671,0.5205479452054794,22,0.0,1.0,0.5000279321497132,0.2899016767439466,class_selective_rank,anchor=v114;side=v116;margin=0;w=0.25;gate=side_gt_anchor,1
v114_v116_rank_cls_margin0_w0.2_side_gt_anchor,0.9619319812584258,0.8979033769255826,0.2328767123287671,0.5205479452054794,22,0.0,1.0,0.5000223457197706,0.2899033586281576,class_selective_rank,anchor=v114;side=v116;margin=0;w=0.2;gate=side_gt_anchor,1
v114_v116_rank_cls_margin0_w0.12_side_gt_anchor,0.9619319812584258,0.8978581005724151,0.2328767123287671,0.5205479452054794,22,0.0,1.0,0.5000134074318624,0.28990633048188336,class_selective_rank,anchor=v114;side=v116;margin=0;w=0.12;gate=side_gt_anchor,1
v114_v116_rank_cls_margin0_w0.18_side_gt_anchor,0.9619319812584258,0.8978563746631456,0.2328767123287671,0.5205479452054794,22,0.0,1.0,0.5000201111477935,0.28990406918736944,class_selective_rank,anchor=v114;side=v116;margin=0;w=0.18;gate=side_gt_anchor,1
v114_v116_rank_cls_margin0_w0.1_side_gt_anchor,0.9619319812584258,0.8978452713135124,0.2328767123287671,0.5205479452054794,22,0.0,1.0,0.5000111728598853,0.2899071274517859,class_selective_rank,anchor=v114;side=v116;margin=0;w=0.1;gate=side_gt_anchor,1
v114_v116_rank_cls_margin0_w0.08_side_gt_anchor,0.9619319812584258,0.8978247329932065,0.2328767123287671,0.5205479452054794,22,0.0,1.0,0.5000089382879082,0.2899079460239276,class_selective_rank,anchor=v114;side=v116;margin=0;w=0.08;gate=side_gt_anchor,1
v114_v116_rank_cls_margin0_w0.05_side_gt_anchor,0.9619319812584258,0.8977989594147833,0.2328767123287671,0.5205479452054794,22,0.0,1.0,0.5000055864299426,0.2899092143859373,class_selective_rank,anchor=v114;side=v116;margin=0;w=0.05;gate=side_gt_anchor,1
v114_v119_rank_cls_margin0.02_w0.12_anchor_not_top5,0.9619319812584258,0.8977789388672581,0.2328767123287671,0.5205479452054794,22,0.0,1.0,0.5000015406624849,0.2898973255742972,class_selective_rank,anchor=v114;side=v119;margin=0.02;w=0.12;gate=anchor_not_top5,1
v114_v119_rank_cls_margin0.02_w0.08_anchor_not_top5,0.9619319812584258,0.8977768677761349,0.2328767123287671,0.5205479452054794,22,0.0,1.0,0.5000010271083233,0.28990156857365745,class_selective_rank,anchor=v114;side=v119;margin=0.02;w=0.08;gate=anchor_not_top5,1
v114_v119_rank_cls_margin0.02_w0.1_anchor_not_top5,0.9619319812584258,0.8977766376548989,0.2328767123287671,0.5205479452054794,22,0.0,1.0,0.5000012838854041,0.28989938949844535,class_selective_rank,anchor=v114;side=v119;margin=0.02;w=0.1;gate=anchor_not_top5,1
v114_v119_rank_cls_margin0.02_w0.05_anchor_not_top5,0.9619319812584258,0.8977765801245899,0.2328767123287671,0.5205479452054794,22,0.0,1.0,0.500000641942702,0.2899050530890028,class_selective_rank,anchor=v114;side=v119;margin=0.02;w=0.05;gate=anchor_not_top5,1
v114_v119_rank_cls_margin0.02_w0.05_side_gt_anchor,0.9619319812584258,0.8977703093209111,0.2328767123287671,0.5205479452054794,22,0.0,1.0,0.5000099577540565,0.2899073816652544,class_selective_rank,anchor=v114;side=v119;margin=0.02;w=0.05;gate=side_gt_anchor,1
v114_v119_rank_cls_margin0.02_w0.08_side_gt_anchor,0.9619319812584258,0.8977688135328776,0.2328767123287671,0.5205479452054794,22,0.0,1.0,0.5000159324064903,0.28990510843938816,class_selective_rank,anchor=v114;side=v119;margin=0.02;w=0.08;gate=side_gt_anchor,1
v114_v119_rank_cls_margin0.02_w0.1_side_gt_anchor,0.9619319812584258,0.8977681806994788,0.2328767123287671,0.5205479452054794,22,0.0,1.0,0.500019915508113,0.289903659446269,class_selective_rank,anchor=v114;side=v119;margin=0.02;w=0.1;gate=side_gt_anchor,1
v114_v119_rank_cls_margin0.02_w0.12_side_gt_anchor,0.9619319812584258,0.8977673177448441,0.2328767123287671,0.5205479452054794,22,0.0,1.0,0.5000238986097355,0.2899022636467181,class_selective_rank,anchor=v114;side=v119;margin=0.02;w=0.12;gate=side_gt_anchor,1
v114_v119_rank_cls_margin0.02_w0.15_side_gt_anchor,0.9619319812584258,0.8977672026842262,0.2328767123287671,0.5205479452054794,22,0.0,1.0,0.5000298732621694,0.28990026968700483,class_selective_rank,anchor=v114;side=v119;margin=0.02;w=0.15;gate=side_gt_anchor,1
v114_v116_rank_cls_margin0.02_w0.05_none,0.9619319812584258,0.8977668575023723,0.2328767123287671,0.5205479452054794,22,0.0,1.0,0.5,0.2899114363311556,class_selective_rank,anchor=v114;side=v116;margin=0.02;w=0.05;gate=none,0
v114_v116_rank_cls_margin0.02_w0.05_side_gt_anchor,0.9619319812584258,0.8977668575023723,0.2328767123287671,0.5205479452054794,22,0.0,1.0,0.5,0.2899114363311556,class_selective_rank,anchor=v114;side=v116;margin=0.02;w=0.05;gate=side_gt_anchor,0
v114_v116_rank_cls_margin0.02_w0.05_side_rank_top,0.9619319812584258,0.8977668575023723,0.2328767123287671,0.5205479452054794,22,0.0,1.0,0.5,0.2899114363311556,class_selective_rank,anchor=v114;side=v116;margin=0.02;w=0.05;gate=side_rank_top,0
v114_v116_rank_cls_margin0.02_w0.05_anchor_not_top5,0.9619319812584258,0.8977668575023723,0.2328767123287671,0.5205479452054794,22,0.0,1.0,0.5,0.2899114363311556,class_selective_rank,anchor=v114;side=v116;margin=0.02;w=0.05;gate=anchor_not_top5,0
v114_v116_rank_cls_margin0.02_w0.08_none,0.9619319812584258,0.8977668575023723,0.2328767123287671,0.5205479452054794,22,0.0,1.0,0.5,0.2899114363311556,class_selective_rank,anchor=v114;side=v116;margin=0.02;w=0.08;gate=none,0
v114_v116_rank_cls_margin0.02_w0.08_side_gt_anchor,0.9619319812584258,0.8977668575023723,0.2328767123287671,0.5205479452054794,22,0.0,1.0,0.5,0.2899114363311556,class_selective_rank,anchor=v114;side=v116;margin=0.02;w=0.08;gate=side_gt_anchor,0
v114_v116_rank_cls_margin0.02_w0.08_side_rank_top,0.9619319812584258,0.8977668575023723,0.2328767123287671,0.5205479452054794,22,0.0,1.0,0.5,0.2899114363311556,class_selective_rank,anchor=v114;side=v116;margin=0.02;w=0.08;gate=side_rank_top,0
v114_v116_rank_cls_margin0.02_w0.08_anchor_not_top5,0.9619319812584258,0.8977668575023723,0.2328767123287671,0.5205479452054794,22,0.0,1.0,0.5,0.2899114363311556,class_selective_rank,anchor=v114;side=v116;margin=0.02;w=0.08;gate=anchor_not_top5,0
v114_v116_rank_cls_margin0.02_w0.1_none,0.9619319812584258,0.8977668575023723,0.2328767123287671,0.5205479452054794,22,0.0,1.0,0.5,0.2899114363311556,class_selective_rank,anchor=v114;side=v116;margin=0.02;w=0.1;gate=none,0
v114_v116_rank_cls_margin0.02_w0.1_side_gt_anchor,0.9619319812584258,0.8977668575023723,0.2328767123287671,0.5205479452054794,22,0.0,1.0,0.5,0.2899114363311556,class_selective_rank,anchor=v114;side=v116;margin=0.02;w=0.1;gate=side_gt_anchor,0
v114_v116_rank_cls_margin0.02_w0.1_side_rank_top,0.9619319812584258,0.8977668575023723,0.2328767123287671,0.5205479452054794,22,0.0,1.0,0.5,0.2899114363311556,class_selective_rank,anchor=v114;side=v116;margin=0.02;w=0.1;gate=side_rank_top,0
v114_v116_rank_cls_margin0.02_w0.1_anchor_not_top5,0.9619319812584258,0.8977668575023723,0.2328767123287671,0.5205479452054794,22,0.0,1.0,0.5,0.2899114363311556,class_selective_rank,anchor=v114;side=v116;margin=0.02;w=0.1;gate=anchor_not_top5,0
v114_v116_rank_cls_margin0.02_w0.12_none,0.9619319812584258,0.8977668575023723,0.2328767123287671,0.5205479452054794,22,0.0,1.0,0.5,0.2899114363311556,class_selective_rank,anchor=v114;side=v116;margin=0.02;w=0.12;gate=none,0
v114_v116_rank_cls_margin0.02_w0.12_side_gt_anchor,0.9619319812584258,0.8977668575023723,0.2328767123287671,0.5205479452054794,22,0.0,1.0,0.5,0.2899114363311556,class_selective_rank,anchor=v114;side=v116;margin=0.02;w=0.12;gate=side_gt_anchor,0
v114_v116_rank_cls_margin0.02_w0.12_side_rank_top,0.9619319812584258,0.8977668575023723,0.2328767123287671,0.5205479452054794,22,0.0,1.0,0.5,0.2899114363311556,class_selective_rank,anchor=v114;side=v116;margin=0.02;w=0.12;gate=side_rank_top,0
v114_v116_rank_cls_margin0.02_w0.12_anchor_not_top5,0.9619319812584258,0.8977668575023723,0.2328767123287671,0.5205479452054794,22,0.0,1.0,0.5,0.2899114363311556,class_selective_rank,anchor=v114;side=v116;margin=0.02;w=0.12;gate=anchor_not_top5,0
v114_v116_rank_cls_margin0.02_w0.15_none,0.9619319812584258,0.8977668575023723,0.2328767123287671,0.5205479452054794,22,0.0,1.0,0.5,0.2899114363311556,class_selective_rank,anchor=v114;side=v116;margin=0.02;w=0.15;gate=none,0
v114_v116_rank_cls_margin0.02_w0.15_side_gt_anchor,0.9619319812584258,0.8977668575023723,0.2328767123287671,0.5205479452054794,22,0.0,1.0,0.5,0.2899114363311556,class_selective_rank,anchor=v114;side=v116;margin=0.02;w=0.15;gate=side_gt_anchor,0
v114_v116_rank_cls_margin0.02_w0.15_side_rank_top,0.9619319812584258,0.8977668575023723,0.2328767123287671,0.5205479452054794,22,0.0,1.0,0.5,0.2899114363311556,class_selective_rank,anchor=v114;side=v116;margin=0.02;w=0.15;gate=side_rank_top,0
v114_v116_rank_cls_margin0.02_w0.15_anchor_not_top5,0.9619319812584258,0.8977668575023723,0.2328767123287671,0.5205479452054794,22,0.0,1.0,0.5,0.2899114363311556,class_selective_rank,anchor=v114;side=v116;margin=0.02;w=0.15;gate=anchor_not_top5,0
v114_v116_rank_cls_margin0.02_w0.18_none,0.9619319812584258,0.8977668575023723,0.2328767123287671,0.5205479452054794,22,0.0,1.0,0.5,0.2899114363311556,class_selective_rank,anchor=v114;side=v116;margin=0.02;w=0.18;gate=none,0
v114_v116_rank_cls_margin0.02_w0.18_side_gt_anchor,0.9619319812584258,0.8977668575023723,0.2328767123287671,0.5205479452054794,22,0.0,1.0,0.5,0.2899114363311556,class_selective_rank,anchor=v114;side=v116;margin=0.02;w=0.18;gate=side_gt_anchor,0
v114_v116_rank_cls_margin0.02_w0.18_side_rank_top,0.9619319812584258,0.8977668575023723,0.2328767123287671,0.5205479452054794,22,0.0,1.0,0.5,0.2899114363311556,class_selective_rank,anchor=v114;side=v116;margin=0.02;w=0.18;gate=side_rank_top,0
v114_v116_rank_cls_margin0.02_w0.18_anchor_not_top5,0.9619319812584258,0.8977668575023723,0.2328767123287671,0.5205479452054794,22,0.0,1.0,0.5,0.2899114363311556,class_selective_rank,anchor=v114;side=v116;margin=0.02;w=0.18;gate=anchor_not_top5,0
v114_v116_rank_cls_margin0.02_w0.2_none,0.9619319812584258,0.8977668575023723,0.2328767123287671,0.5205479452054794,22,0.0,1.0,0.5,0.2899114363311556,class_selective_rank,anchor=v114;side=v116;margin=0.02;w=0.2;gate=none,0
v114_v116_rank_cls_margin0.02_w0.2_side_gt_anchor,0.9619319812584258,0.8977668575023723,0.2328767123287671,0.5205479452054794,22,0.0,1.0,0.5,0.2899114363311556,class_selective_rank,anchor=v114;side=v116;margin=0.02;w=0.2;gate=side_gt_anchor,0
v114_v116_rank_cls_margin0.02_w0.2_side_rank_top,0.9619319812584258,0.8977668575023723,0.2328767123287671,0.5205479452054794,22,0.0,1.0,0.5,0.2899114363311556,class_selective_rank,anchor=v114;side=v116;margin=0.02;w=0.2;gate=side_rank_top,0
v114_v116_rank_cls_margin0.02_w0.2_anchor_not_top5,0.9619319812584258,0.8977668575023723,0.2328767123287671,0.5205479452054794,22,0.0,1.0,0.5,0.2899114363311556,class_selective_rank,anchor=v114;side=v116;margin=0.02;w=0.2;gate=anchor_not_top5,0
v114_v116_rank_cls_margin0.02_w0.25_none,0.9619319812584258,0.8977668575023723,0.2328767123287671,0.5205479452054794,22,0.0,1.0,0.5,0.2899114363311556,class_selective_rank,anchor=v114;side=v116;margin=0.02;w=0.25;gate=none,0
v114_v116_rank_cls_margin0.02_w0.25_side_gt_anchor,0.9619319812584258,0.8977668575023723,0.2328767123287671,0.5205479452054794,22,0.0,1.0,0.5,0.2899114363311556,class_selective_rank,anchor=v114;side=v116;margin=0.02;w=0.25;gate=side_gt_anchor,0
v114_v116_rank_cls_margin0.02_w0.25_side_rank_top,0.9619319812584258,0.8977668575023723,0.2328767123287671,0.5205479452054794,22,0.0,1.0,0.5,0.2899114363311556,class_selective_rank,anchor=v114;side=v116;margin=0.02;w=0.25;gate=side_rank_top,0
v114_v116_rank_cls_margin0.02_w0.25_anchor_not_top5,0.9619319812584258,0.8977668575023723,0.2328767123287671,0.5205479452054794,22,0.0,1.0,0.5,0.2899114363311556,class_selective_rank,anchor=v114;side=v116;margin=0.02;w=0.25;gate=anchor_not_top5,0
v114_v116_rank_cls_margin0.02_w0.3_none,0.9619319812584258,0.8977668575023723,0.2328767123287671,0.5205479452054794,22,0.0,1.0,0.5,0.2899114363311556,class_selective_rank,anchor=v114;side=v116;margin=0.02;w=0.3;gate=none,0
v114_v116_rank_cls_margin0.02_w0.3_side_gt_anchor,0.9619319812584258,0.8977668575023723,0.2328767123287671,0.5205479452054794,22,0.0,1.0,0.5,0.2899114363311556,class_selective_rank,anchor=v114;side=v116;margin=0.02;w=0.3;gate=side_gt_anchor,0
v114_v116_rank_cls_margin0.02_w0.3_side_rank_top,0.9619319812584258,0.8977668575023723,0.2328767123287671,0.5205479452054794,22,0.0,1.0,0.5,0.2899114363311556,class_selective_rank,anchor=v114;side=v116;margin=0.02;w=0.3;gate=side_rank_top,0
v114_v116_rank_cls_margin0.02_w0.3_anchor_not_top5,0.9619319812584258,0.8977668575023723,0.2328767123287671,0.5205479452054794,22,0.0,1.0,0.5,0.2899114363311556,class_selective_rank,anchor=v114;side=v116;margin=0.02;w=0.3;gate=anchor_not_top5,0
v114_v116_rank_cls_margin0.02_w0.35_none,0.9619319812584258,0.8977668575023723,0.2328767123287671,0.5205479452054794,22,0.0,1.0,0.5,0.2899114363311556,class_selective_rank,anchor=v114;side=v116;margin=0.02;w=0.35;gate=none,0
v114_v116_rank_cls_margin0.02_w0.35_side_gt_anchor,0.9619319812584258,0.8977668575023723,0.2328767123287671,0.5205479452054794,22,0.0,1.0,0.5,0.2899114363311556,class_selective_rank,anchor=v114;side=v116;margin=0.02;w=0.35;gate=side_gt_anchor,0
v114_v116_rank_cls_margin0.02_w0.35_side_rank_top,0.9619319812584258,0.8977668575023723,0.2328767123287671,0.5205479452054794,22,0.0,1.0,0.5,0.2899114363311556,class_selective_rank,anchor=v114;side=v116;margin=0.02;w=0.35;gate=side_rank_top,0
v114_v116_rank_cls_margin0.02_w0.35_anchor_not_top5,0.9619319812584258,0.8977668575023723,0.2328767123287671,0.5205479452054794,22,0.0,1.0,0.5,0.2899114363311556,class_selective_rank,anchor=v114;side=v116;margin=0.02;w=0.35;gate=anchor_not_top5,0
v114_v116_rank_cls_margin0.02_w0.4_none,0.9619319812584258,0.8977668575023723,0.2328767123287671,0.5205479452054794,22,0.0,1.0,0.5,0.2899114363311556,class_selective_rank,anchor=v114;side=v116;margin=0.02;w=0.4;gate=none,0
v114_v116_rank_cls_margin0.02_w0.4_side_gt_anchor,0.9619319812584258,0.8977668575023723,0.2328767123287671,0.5205479452054794,22,0.0,1.0,0.5,0.2899114363311556,class_selective_rank,anchor=v114;side=v116;margin=0.02;w=0.4;gate=side_gt_anchor,0
v114_v116_rank_cls_margin0.02_w0.4_side_rank_top,0.9619319812584258,0.8977668575023723,0.2328767123287671,0.5205479452054794,22,0.0,1.0,0.5,0.2899114363311556,class_selective_rank,anchor=v114;side=v116;margin=0.02;w=0.4;gate=side_rank_top,0
v114_v116_rank_cls_margin0.02_w0.4_anchor_not_top5,0.9619319812584258,0.8977668575023723,0.2328767123287671,0.5205479452054794,22,0.0,1.0,0.5,0.2899114363311556,class_selective_rank,anchor=v114;side=v116;margin=0.02;w=0.4;gate=anchor_not_top5,0
v114_v116_rank_cls_margin0.05_w0.05_none,0.9619319812584258,0.8977668575023723,0.2328767123287671,0.5205479452054794,22,0.0,1.0,0.5,0.2899114363311556,class_selective_rank,anchor=v114;side=v116;margin=0.05;w=0.05;gate=none,0
v114_v116_rank_cls_margin0.05_w0.05_side_gt_anchor,0.9619319812584258,0.8977668575023723,0.2328767123287671,0.5205479452054794,22,0.0,1.0,0.5,0.2899114363311556,class_selective_rank,anchor=v114;side=v116;margin=0.05;w=0.05;gate=side_gt_anchor,0
v114_v116_rank_cls_margin0.05_w0.05_side_rank_top,0.9619319812584258,0.8977668575023723,0.2328767123287671,0.5205479452054794,22,0.0,1.0,0.5,0.2899114363311556,class_selective_rank,anchor=v114;side=v116;margin=0.05;w=0.05;gate=side_rank_top,0
v114_v116_rank_cls_margin0.05_w0.05_anchor_not_top5,0.9619319812584258,0.8977668575023723,0.2328767123287671,0.5205479452054794,22,0.0,1.0,0.5,0.2899114363311556,class_selective_rank,anchor=v114;side=v116;margin=0.05;w=0.05;gate=anchor_not_top5,0
v114_v116_rank_cls_margin0.05_w0.08_none,0.9619319812584258,0.8977668575023723,0.2328767123287671,0.5205479452054794,22,0.0,1.0,0.5,0.2899114363311556,class_selective_rank,anchor=v114;side=v116;margin=0.05;w=0.08;gate=none,0
v114_v116_rank_cls_margin0.05_w0.08_side_gt_anchor,0.9619319812584258,0.8977668575023723,0.2328767123287671,0.5205479452054794,22,0.0,1.0,0.5,0.2899114363311556,class_selective_rank,anchor=v114;side=v116;margin=0.05;w=0.08;gate=side_gt_anchor,0
v114_v116_rank_cls_margin0.05_w0.08_side_rank_top,0.9619319812584258,0.8977668575023723,0.2328767123287671,0.5205479452054794,22,0.0,1.0,0.5,0.2899114363311556,class_selective_rank,anchor=v114;side=v116;margin=0.05;w=0.08;gate=side_rank_top,0
v114_v116_rank_cls_margin0.05_w0.08_anchor_not_top5,0.9619319812584258,0.8977668575023723,0.2328767123287671,0.5205479452054794,22,0.0,1.0,0.5,0.2899114363311556,class_selective_rank,anchor=v114;side=v116;margin=0.05;w=0.08;gate=anchor_not_top5,0
v114_v116_rank_cls_margin0.05_w0.1_none,0.9619319812584258,0.8977668575023723,0.2328767123287671,0.5205479452054794,22,0.0,1.0,0.5,0.2899114363311556,class_selective_rank,anchor=v114;side=v116;margin=0.05;w=0.1;gate=none,0
v114_v116_rank_cls_margin0.05_w0.1_side_gt_anchor,0.9619319812584258,0.8977668575023723,0.2328767123287671,0.5205479452054794,22,0.0,1.0,0.5,0.2899114363311556,class_selective_rank,anchor=v114;side=v116;margin=0.05;w=0.1;gate=side_gt_anchor,0
v114_v116_rank_cls_margin0.05_w0.1_side_rank_top,0.9619319812584258,0.8977668575023723,0.2328767123287671,0.5205479452054794,22,0.0,1.0,0.5,0.2899114363311556,class_selective_rank,anchor=v114;side=v116;margin=0.05;w=0.1;gate=side_rank_top,0
v114_v116_rank_cls_margin0.05_w0.1_anchor_not_top5,0.9619319812584258,0.8977668575023723,0.2328767123287671,0.5205479452054794,22,0.0,1.0,0.5,0.2899114363311556,class_selective_rank,anchor=v114;side=v116;margin=0.05;w=0.1;gate=anchor_not_top5,0
v114_v116_rank_cls_margin0.05_w0.12_none,0.9619319812584258,0.8977668575023723,0.2328767123287671,0.5205479452054794,22,0.0,1.0,0.5,0.2899114363311556,class_selective_rank,anchor=v114;side=v116;margin=0.05;w=0.12;gate=none,0
v114_v116_rank_cls_margin0.05_w0.12_side_gt_anchor,0.9619319812584258,0.8977668575023723,0.2328767123287671,0.5205479452054794,22,0.0,1.0,0.5,0.2899114363311556,class_selective_rank,anchor=v114;side=v116;margin=0.05;w=0.12;gate=side_gt_anchor,0
v114_v116_rank_cls_margin0.05_w0.12_side_rank_top,0.9619319812584258,0.8977668575023723,0.2328767123287671,0.5205479452054794,22,0.0,1.0,0.5,0.2899114363311556,class_selective_rank,anchor=v114;side=v116;margin=0.05;w=0.12;gate=side_rank_top,0
v114_v116_rank_cls_margin0.05_w0.12_anchor_not_top5,0.9619319812584258,0.8977668575023723,0.2328767123287671,0.5205479452054794,22,0.0,1.0,0.5,0.2899114363311556,class_selective_rank,anchor=v114;side=v116;margin=0.05;w=0.12;gate=anchor_not_top5,0
v114_v116_rank_cls_margin0.05_w0.15_none,0.9619319812584258,0.8977668575023723,0.2328767123287671,0.5205479452054794,22,0.0,1.0,0.5,0.2899114363311556,class_selective_rank,anchor=v114;side=v116;margin=0.05;w=0.15;gate=none,0
v114_v116_rank_cls_margin0.05_w0.15_side_gt_anchor,0.9619319812584258,0.8977668575023723,0.2328767123287671,0.5205479452054794,22,0.0,1.0,0.5,0.2899114363311556,class_selective_rank,anchor=v114;side=v116;margin=0.05;w=0.15;gate=side_gt_anchor,0
v114_v116_rank_cls_margin0.05_w0.15_side_rank_top,0.9619319812584258,0.8977668575023723,0.2328767123287671,0.5205479452054794,22,0.0,1.0,0.5,0.2899114363311556,class_selective_rank,anchor=v114;side=v116;margin=0.05;w=0.15;gate=side_rank_top,0
v114_v116_rank_cls_margin0.05_w0.15_anchor_not_top5,0.9619319812584258,0.8977668575023723,0.2328767123287671,0.5205479452054794,22,0.0,1.0,0.5,0.2899114363311556,class_selective_rank,anchor=v114;side=v116;margin=0.05;w=0.15;gate=anchor_not_top5,0
v114_v116_rank_cls_margin0.05_w0.18_none,0.9619319812584258,0.8977668575023723,0.2328767123287671,0.5205479452054794,22,0.0,1.0,0.5,0.2899114363311556,class_selective_rank,anchor=v114;side=v116;margin=0.05;w=0.18;gate=none,0
v114_v116_rank_cls_margin0.05_w0.18_side_gt_anchor,0.9619319812584258,0.8977668575023723,0.2328767123287671,0.5205479452054794,22,0.0,1.0,0.5,0.2899114363311556,class_selective_rank,anchor=v114;side=v116;margin=0.05;w=0.18;gate=side_gt_anchor,0
v114_v116_rank_cls_margin0.05_w0.18_side_rank_top,0.9619319812584258,0.8977668575023723,0.2328767123287671,0.5205479452054794,22,0.0,1.0,0.5,0.2899114363311556,class_selective_rank,anchor=v114;side=v116;margin=0.05;w=0.18;gate=side_rank_top,0
v114_v116_rank_cls_margin0.05_w0.18_anchor_not_top5,0.9619319812584258,0.8977668575023723,0.2328767123287671,0.5205479452054794,22,0.0,1.0,0.5,0.2899114363311556,class_selective_rank,anchor=v114;side=v116;margin=0.05;w=0.18;gate=anchor_not_top5,0
v114_v116_rank_cls_margin0.05_w0.2_none,0.9619319812584258,0.8977668575023723,0.2328767123287671,0.5205479452054794,22,0.0,1.0,0.5,0.2899114363311556,class_selective_rank,anchor=v114;side=v116;margin=0.05;w=0.2;gate=none,0
v114_v116_rank_cls_margin0.05_w0.2_side_gt_anchor,0.9619319812584258,0.8977668575023723,0.2328767123287671,0.5205479452054794,22,0.0,1.0,0.5,0.2899114363311556,class_selective_rank,anchor=v114;side=v116;margin=0.05;w=0.2;gate=side_gt_anchor,0
v114_v116_rank_cls_margin0.05_w0.2_side_rank_top,0.9619319812584258,0.8977668575023723,0.2328767123287671,0.5205479452054794,22,0.0,1.0,0.5,0.2899114363311556,class_selective_rank,anchor=v114;side=v116;margin=0.05;w=0.2;gate=side_rank_top,0
v114_v116_rank_cls_margin0.05_w0.2_anchor_not_top5,0.9619319812584258,0.8977668575023723,0.2328767123287671,0.5205479452054794,22,0.0,1.0,0.5,0.2899114363311556,class_selective_rank,anchor=v114;side=v116;margin=0.05;w=0.2;gate=anchor_not_top5,0
v114_v116_rank_cls_margin0.05_w0.25_none,0.9619319812584258,0.8977668575023723,0.2328767123287671,0.5205479452054794,22,0.0,1.0,0.5,0.2899114363311556,class_selective_rank,anchor=v114;side=v116;margin=0.05;w=0.25;gate=none,0
v114_v116_rank_cls_margin0.05_w0.25_side_gt_anchor,0.9619319812584258,0.8977668575023723,0.2328767123287671,0.5205479452054794,22,0.0,1.0,0.5,0.2899114363311556,class_selective_rank,anchor=v114;side=v116;margin=0.05;w=0.25;gate=side_gt_anchor,0
v114_v116_rank_cls_margin0.05_w0.25_side_rank_top,0.9619319812584258,0.8977668575023723,0.2328767123287671,0.5205479452054794,22,0.0,1.0,0.5,0.2899114363311556,class_selective_rank,anchor=v114;side=v116;margin=0.05;w=0.25;gate=side_rank_top,0
v114_v116_rank_cls_margin0.05_w0.25_anchor_not_top5,0.9619319812584258,0.8977668575023723,0.2328767123287671,0.5205479452054794,22,0.0,1.0,0.5,0.2899114363311556,class_selective_rank,anchor=v114;side=v116;margin=0.05;w=0.25;gate=anchor_not_top5,0
v114_v116_rank_cls_margin0.05_w0.3_none,0.9619319812584258,0.8977668575023723,0.2328767123287671,0.5205479452054794,22,0.0,1.0,0.5,0.2899114363311556,class_selective_rank,anchor=v114;side=v116;margin=0.05;w=0.3;gate=none,0
v114_v116_rank_cls_margin0.05_w0.3_side_gt_anchor,0.9619319812584258,0.8977668575023723,0.2328767123287671,0.5205479452054794,22,0.0,1.0,0.5,0.2899114363311556,class_selective_rank,anchor=v114;side=v116;margin=0.05;w=0.3;gate=side_gt_anchor,0
v114_v116_rank_cls_margin0.05_w0.3_side_rank_top,0.9619319812584258,0.8977668575023723,0.2328767123287671,0.5205479452054794,22,0.0,1.0,0.5,0.2899114363311556,class_selective_rank,anchor=v114;side=v116;margin=0.05;w=0.3;gate=side_rank_top,0
v114_v116_rank_cls_margin0.05_w0.3_anchor_not_top5,0.9619319812584258,0.8977668575023723,0.2328767123287671,0.5205479452054794,22,0.0,1.0,0.5,0.2899114363311556,class_selective_rank,anchor=v114;side=v116;margin=0.05;w=0.3;gate=anchor_not_top5,0
v114_v116_rank_cls_margin0.05_w0.35_none,0.9619319812584258,0.8977668575023723,0.2328767123287671,0.5205479452054794,22,0.0,1.0,0.5,0.2899114363311556,class_selective_rank,anchor=v114;side=v116;margin=0.05;w=0.35;gate=none,0
v114_v116_rank_cls_margin0.05_w0.35_side_gt_anchor,0.9619319812584258,0.8977668575023723,0.2328767123287671,0.5205479452054794,22,0.0,1.0,0.5,0.2899114363311556,class_selective_rank,anchor=v114;side=v116;margin=0.05;w=0.35;gate=side_gt_anchor,0
v114_v116_rank_cls_margin0.05_w0.35_side_rank_top,0.9619319812584258,0.8977668575023723,0.2328767123287671,0.5205479452054794,22,0.0,1.0,0.5,0.2899114363311556,class_selective_rank,anchor=v114;side=v116;margin=0.05;w=0.35;gate=side_rank_top,0
v114_v116_rank_cls_margin0.05_w0.35_anchor_not_top5,0.9619319812584258,0.8977668575023723,0.2328767123287671,0.5205479452054794,22,0.0,1.0,0.5,0.2899114363311556,class_selective_rank,anchor=v114;side=v116;margin=0.05;w=0.35;gate=anchor_not_top5,0
v114_v116_rank_cls_margin0.05_w0.4_none,0.9619319812584258,0.8977668575023723,0.2328767123287671,0.5205479452054794,22,0.0,1.0,0.5,0.2899114363311556,class_selective_rank,anchor=v114;side=v116;margin=0.05;w=0.4;gate=none,0
v114_v116_rank_cls_margin0.05_w0.4_side_gt_anchor,0.9619319812584258,0.8977668575023723,0.2328767123287671,0.5205479452054794,22,0.0,1.0,0.5,0.2899114363311556,class_selective_rank,anchor=v114;side=v116;margin=0.05;w=0.4;gate=side_gt_anchor,0
v114_v116_rank_cls_margin0.05_w0.4_side_rank_top,0.9619319812584258,0.8977668575023723,0.2328767123287671,0.5205479452054794,22,0.0,1.0,0.5,0.2899114363311556,class_selective_rank,anchor=v114;side=v116;margin=0.05;w=0.4;gate=side_rank_top,0
v114_v116_rank_cls_margin0.05_w0.4_anchor_not_top5,0.9619319812584258,0.8977668575023723,0.2328767123287671,0.5205479452054794,22,0.0,1.0,0.5,0.2899114363311556,class_selective_rank,anchor=v114;side=v116;margin=0.05;w=0.4;gate=anchor_not_top5,0
v114_v116_rank_cls_margin0.08_w0.05_none,0.9619319812584258,0.8977668575023723,0.2328767123287671,0.5205479452054794,22,0.0,1.0,0.5,0.2899114363311556,class_selective_rank,anchor=v114;side=v116;margin=0.08;w=0.05;gate=none,0
v114_v116_rank_cls_margin0.08_w0.05_side_gt_anchor,0.9619319812584258,0.8977668575023723,0.2328767123287671,0.5205479452054794,22,0.0,1.0,0.5,0.2899114363311556,class_selective_rank,anchor=v114;side=v116;margin=0.08;w=0.05;gate=side_gt_anchor,0
v114_v116_rank_cls_margin0.08_w0.05_side_rank_top,0.9619319812584258,0.8977668575023723,0.2328767123287671,0.5205479452054794,22,0.0,1.0,0.5,0.2899114363311556,class_selective_rank,anchor=v114;side=v116;margin=0.08;w=0.05;gate=side_rank_top,0
v114_v116_rank_cls_margin0.08_w0.05_anchor_not_top5,0.9619319812584258,0.8977668575023723,0.2328767123287671,0.5205479452054794,22,0.0,1.0,0.5,0.2899114363311556,class_selective_rank,anchor=v114;side=v116;margin=0.08;w=0.05;gate=anchor_not_top5,0
v114_v116_rank_cls_margin0.08_w0.08_none,0.9619319812584258,0.8977668575023723,0.2328767123287671,0.5205479452054794,22,0.0,1.0,0.5,0.2899114363311556,class_selective_rank,anchor=v114;side=v116;margin=0.08;w=0.08;gate=none,0
v114_v116_rank_cls_margin0.08_w0.08_side_gt_anchor,0.9619319812584258,0.8977668575023723,0.2328767123287671,0.5205479452054794,22,0.0,1.0,0.5,0.2899114363311556,class_selective_rank,anchor=v114;side=v116;margin=0.08;w=0.08;gate=side_gt_anchor,0
v114_v116_rank_cls_margin0.08_w0.08_side_rank_top,0.9619319812584258,0.8977668575023723,0.2328767123287671,0.5205479452054794,22,0.0,1.0,0.5,0.2899114363311556,class_selective_rank,anchor=v114;side=v116;margin=0.08;w=0.08;gate=side_rank_top,0
v114_v116_rank_cls_margin0.08_w0.08_anchor_not_top5,0.9619319812584258,0.8977668575023723,0.2328767123287671,0.5205479452054794,22,0.0,1.0,0.5,0.2899114363311556,class_selective_rank,anchor=v114;side=v116;margin=0.08;w=0.08;gate=anchor_not_top5,0
v114_v116_rank_cls_margin0.08_w0.1_none,0.9619319812584258,0.8977668575023723,0.2328767123287671,0.5205479452054794,22,0.0,1.0,0.5,0.2899114363311556,class_selective_rank,anchor=v114;side=v116;margin=0.08;w=0.1;gate=none,0
v114_v116_rank_cls_margin0.08_w0.1_side_gt_anchor,0.9619319812584258,0.8977668575023723,0.2328767123287671,0.5205479452054794,22,0.0,1.0,0.5,0.2899114363311556,class_selective_rank,anchor=v114;side=v116;margin=0.08;w=0.1;gate=side_gt_anchor,0
v114_v116_rank_cls_margin0.08_w0.1_side_rank_top,0.9619319812584258,0.8977668575023723,0.2328767123287671,0.5205479452054794,22,0.0,1.0,0.5,0.2899114363311556,class_selective_rank,anchor=v114;side=v116;margin=0.08;w=0.1;gate=side_rank_top,0
v114_v116_rank_cls_margin0.08_w0.1_anchor_not_top5,0.9619319812584258,0.8977668575023723,0.2328767123287671,0.5205479452054794,22,0.0,1.0,0.5,0.2899114363311556,class_selective_rank,anchor=v114;side=v116;margin=0.08;w=0.1;gate=anchor_not_top5,0
v114_v116_rank_cls_margin0.08_w0.12_none,0.9619319812584258,0.8977668575023723,0.2328767123287671,0.5205479452054794,22,0.0,1.0,0.5,0.2899114363311556,class_selective_rank,anchor=v114;side=v116;margin=0.08;w=0.12;gate=none,0
v114_v116_rank_cls_margin0.08_w0.12_side_gt_anchor,0.9619319812584258,0.8977668575023723,0.2328767123287671,0.5205479452054794,22,0.0,1.0,0.5,0.2899114363311556,class_selective_rank,anchor=v114;side=v116;margin=0.08;w=0.12;gate=side_gt_anchor,0
v114_v116_rank_cls_margin0.08_w0.12_side_rank_top,0.9619319812584258,0.8977668575023723,0.2328767123287671,0.5205479452054794,22,0.0,1.0,0.5,0.2899114363311556,class_selective_rank,anchor=v114;side=v116;margin=0.08;w=0.12;gate=side_rank_top,0
v114_v116_rank_cls_margin0.08_w0.12_anchor_not_top5,0.9619319812584258,0.8977668575023723,0.2328767123287671,0.5205479452054794,22,0.0,1.0,0.5,0.2899114363311556,class_selective_rank,anchor=v114;side=v116;margin=0.08;w=0.12;gate=anchor_not_top5,0
v114_v116_rank_cls_margin0.08_w0.15_none,0.9619319812584258,0.8977668575023723,0.2328767123287671,0.5205479452054794,22,0.0,1.0,0.5,0.2899114363311556,class_selective_rank,anchor=v114;side=v116;margin=0.08;w=0.15;gate=none,0
v114_v116_rank_cls_margin0.08_w0.15_side_gt_anchor,0.9619319812584258,0.8977668575023723,0.2328767123287671,0.5205479452054794,22,0.0,1.0,0.5,0.2899114363311556,class_selective_rank,anchor=v114;side=v116;margin=0.08;w=0.15;gate=side_gt_anchor,0
v114_v116_rank_cls_margin0.08_w0.15_side_rank_top,0.9619319812584258,0.8977668575023723,0.2328767123287671,0.5205479452054794,22,0.0,1.0,0.5,0.2899114363311556,class_selective_rank,anchor=v114;side=v116;margin=0.08;w=0.15;gate=side_rank_top,0
v114_v116_rank_cls_margin0.08_w0.15_anchor_not_top5,0.9619319812584258,0.8977668575023723,0.2328767123287671,0.5205479452054794,22,0.0,1.0,0.5,0.2899114363311556,class_selective_rank,anchor=v114;side=v116;margin=0.08;w=0.15;gate=anchor_not_top5,0
v114_v116_rank_cls_margin0.08_w0.18_none,0.9619319812584258,0.8977668575023723,0.2328767123287671,0.5205479452054794,22,0.0,1.0,0.5,0.2899114363311556,class_selective_rank,anchor=v114;side=v116;margin=0.08;w=0.18;gate=none,0
v114_v116_rank_cls_margin0.08_w0.18_side_gt_anchor,0.9619319812584258,0.8977668575023723,0.2328767123287671,0.5205479452054794,22,0.0,1.0,0.5,0.2899114363311556,class_selective_rank,anchor=v114;side=v116;margin=0.08;w=0.18;gate=side_gt_anchor,0
v114_v116_rank_cls_margin0.08_w0.18_side_rank_top,0.9619319812584258,0.8977668575023723,0.2328767123287671,0.5205479452054794,22,0.0,1.0,0.5,0.2899114363311556,class_selective_rank,anchor=v114;side=v116;margin=0.08;w=0.18;gate=side_rank_top,0
v114_v116_rank_cls_margin0.08_w0.18_anchor_not_top5,0.9619319812584258,0.8977668575023723,0.2328767123287671,0.5205479452054794,22,0.0,1.0,0.5,0.2899114363311556,class_selective_rank,anchor=v114;side=v116;margin=0.08;w=0.18;gate=anchor_not_top5,0
v114_v116_rank_cls_margin0.08_w0.2_none,0.9619319812584258,0.8977668575023723,0.2328767123287671,0.5205479452054794,22,0.0,1.0,0.5,0.2899114363311556,class_selective_rank,anchor=v114;side=v116;margin=0.08;w=0.2;gate=none,0
v114_v116_rank_cls_margin0.08_w0.2_side_gt_anchor,0.9619319812584258,0.8977668575023723,0.2328767123287671,0.5205479452054794,22,0.0,1.0,0.5,0.2899114363311556,class_selective_rank,anchor=v114;side=v116;margin=0.08;w=0.2;gate=side_gt_anchor,0
v114_v116_rank_cls_margin0.08_w0.2_side_rank_top,0.9619319812584258,0.8977668575023723,0.2328767123287671,0.5205479452054794,22,0.0,1.0,0.5,0.2899114363311556,class_selective_rank,anchor=v114;side=v116;margin=0.08;w=0.2;gate=side_rank_top,0
v114_v116_rank_cls_margin0.08_w0.2_anchor_not_top5,0.9619319812584258,0.8977668575023723,0.2328767123287671,0.5205479452054794,22,0.0,1.0,0.5,0.2899114363311556,class_selective_rank,anchor=v114;side=v116;margin=0.08;w=0.2;gate=anchor_not_top5,0
v114_v116_rank_cls_margin0.08_w0.25_none,0.9619319812584258,0.8977668575023723,0.2328767123287671,0.5205479452054794,22,0.0,1.0,0.5,0.2899114363311556,class_selective_rank,anchor=v114;side=v116;margin=0.08;w=0.25;gate=none,0
v114_v116_rank_cls_margin0.08_w0.25_side_gt_anchor,0.9619319812584258,0.8977668575023723,0.2328767123287671,0.5205479452054794,22,0.0,1.0,0.5,0.2899114363311556,class_selective_rank,anchor=v114;side=v116;margin=0.08;w=0.25;gate=side_gt_anchor,0
v114_v116_rank_cls_margin0.08_w0.25_side_rank_top,0.9619319812584258,0.8977668575023723,0.2328767123287671,0.5205479452054794,22,0.0,1.0,0.5,0.2899114363311556,class_selective_rank,anchor=v114;side=v116;margin=0.08;w=0.25;gate=side_rank_top,0
v114_v116_rank_cls_margin0.08_w0.25_anchor_not_top5,0.9619319812584258,0.8977668575023723,0.2328767123287671,0.5205479452054794,22,0.0,1.0,0.5,0.2899114363311556,class_selective_rank,anchor=v114;side=v116;margin=0.08;w=0.25;gate=anchor_not_top5,0
v114_v116_rank_cls_margin0.08_w0.3_none,0.9619319812584258,0.8977668575023723,0.2328767123287671,0.5205479452054794,22,0.0,1.0,0.5,0.2899114363311556,class_selective_rank,anchor=v114;side=v116;margin=0.08;w=0.3;gate=none,0
v114_v116_rank_cls_margin0.08_w0.3_side_gt_anchor,0.9619319812584258,0.8977668575023723,0.2328767123287671,0.5205479452054794,22,0.0,1.0,0.5,0.2899114363311556,class_selective_rank,anchor=v114;side=v116;margin=0.08;w=0.3;gate=side_gt_anchor,0
v114_v116_rank_cls_margin0.08_w0.3_side_rank_top,0.9619319812584258,0.8977668575023723,0.2328767123287671,0.5205479452054794,22,0.0,1.0,0.5,0.2899114363311556,class_selective_rank,anchor=v114;side=v116;margin=0.08;w=0.3;gate=side_rank_top,0
v114_v116_rank_cls_margin0.08_w0.3_anchor_not_top5,0.9619319812584258,0.8977668575023723,0.2328767123287671,0.5205479452054794,22,0.0,1.0,0.5,0.2899114363311556,class_selective_rank,anchor=v114;side=v116;margin=0.08;w=0.3;gate=anchor_not_top5,0
v114_v116_rank_cls_margin0.08_w0.35_none,0.9619319812584258,0.8977668575023723,0.2328767123287671,0.5205479452054794,22,0.0,1.0,0.5,0.2899114363311556,class_selective_rank,anchor=v114;side=v116;margin=0.08;w=0.35;gate=none,0
v114_v116_rank_cls_margin0.08_w0.35_side_gt_anchor,0.9619319812584258,0.8977668575023723,0.2328767123287671,0.5205479452054794,22,0.0,1.0,0.5,0.2899114363311556,class_selective_rank,anchor=v114;side=v116;margin=0.08;w=0.35;gate=side_gt_anchor,0
v114_v116_rank_cls_margin0.08_w0.35_side_rank_top,0.9619319812584258,0.8977668575023723,0.2328767123287671,0.5205479452054794,22,0.0,1.0,0.5,0.2899114363311556,class_selective_rank,anchor=v114;side=v116;margin=0.08;w=0.35;gate=side_rank_top,0
v114_v116_rank_cls_margin0.08_w0.35_anchor_not_top5,0.9619319812584258,0.8977668575023723,0.2328767123287671,0.5205479452054794,22,0.0,1.0,0.5,0.2899114363311556,class_selective_rank,anchor=v114;side=v116;margin=0.08;w=0.35;gate=anchor_not_top5,0
v114_v116_rank_cls_margin0.08_w0.4_none,0.9619319812584258,0.8977668575023723,0.2328767123287671,0.5205479452054794,22,0.0,1.0,0.5,0.2899114363311556,class_selective_rank,anchor=v114;side=v116;margin=0.08;w=0.4;gate=none,0
v114_v116_rank_cls_margin0.08_w0.4_side_gt_anchor,0.9619319812584258,0.8977668575023723,0.2328767123287671,0.5205479452054794,22,0.0,1.0,0.5,0.2899114363311556,class_selective_rank,anchor=v114;side=v116;margin=0.08;w=0.4;gate=side_gt_anchor,0
v114_v116_rank_cls_margin0.08_w0.4_side_rank_top,0.9619319812584258,0.8977668575023723,0.2328767123287671,0.5205479452054794,22,0.0,1.0,0.5,0.2899114363311556,class_selective_rank,anchor=v114;side=v116;margin=0.08;w=0.4;gate=side_rank_top,0
v114_v116_rank_cls_margin0.08_w0.4_anchor_not_top5,0.9619319812584258,0.8977668575023723,0.2328767123287671,0.5205479452054794,22,0.0,1.0,0.5,0.2899114363311556,class_selective_rank,anchor=v114;side=v116;margin=0.08;w=0.4;gate=anchor_not_top5,0
v114_v116_rank_cls_margin0.1_w0.05_none,0.9619319812584258,0.8977668575023723,0.2328767123287671,0.5205479452054794,22,0.0,1.0,0.5,0.2899114363311556,class_selective_rank,anchor=v114;side=v116;margin=0.1;w=0.05;gate=none,0
v114_v116_rank_cls_margin0.1_w0.05_side_gt_anchor,0.9619319812584258,0.8977668575023723,0.2328767123287671,0.5205479452054794,22,0.0,1.0,0.5,0.2899114363311556,class_selective_rank,anchor=v114;side=v116;margin=0.1;w=0.05;gate=side_gt_anchor,0
v114_v116_rank_cls_margin0.1_w0.05_side_rank_top,0.9619319812584258,0.8977668575023723,0.2328767123287671,0.5205479452054794,22,0.0,1.0,0.5,0.2899114363311556,class_selective_rank,anchor=v114;side=v116;margin=0.1;w=0.05;gate=side_rank_top,0
v114_v116_rank_cls_margin0.1_w0.05_anchor_not_top5,0.9619319812584258,0.8977668575023723,0.2328767123287671,0.5205479452054794,22,0.0,1.0,0.5,0.2899114363311556,class_selective_rank,anchor=v114;side=v116;margin=0.1;w=0.05;gate=anchor_not_top5,0
v114_v116_rank_cls_margin0.1_w0.08_none,0.9619319812584258,0.8977668575023723,0.2328767123287671,0.5205479452054794,22,0.0,1.0,0.5,0.2899114363311556,class_selective_rank,anchor=v114;side=v116;margin=0.1;w=0.08;gate=none,0
v114_v116_rank_cls_margin0.1_w0.08_side_gt_anchor,0.9619319812584258,0.8977668575023723,0.2328767123287671,0.5205479452054794,22,0.0,1.0,0.5,0.2899114363311556,class_selective_rank,anchor=v114;side=v116;margin=0.1;w=0.08;gate=side_gt_anchor,0
v114_v116_rank_cls_margin0.1_w0.08_side_rank_top,0.9619319812584258,0.8977668575023723,0.2328767123287671,0.5205479452054794,22,0.0,1.0,0.5,0.2899114363311556,class_selective_rank,anchor=v114;side=v116;margin=0.1;w=0.08;gate=side_rank_top,0
v114_v116_rank_cls_margin0.1_w0.08_anchor_not_top5,0.9619319812584258,0.8977668575023723,0.2328767123287671,0.5205479452054794,22,0.0,1.0,0.5,0.2899114363311556,class_selective_rank,anchor=v114;side=v116;margin=0.1;w=0.08;gate=anchor_not_top5,0
v114_v116_rank_cls_margin0.1_w0.1_none,0.9619319812584258,0.8977668575023723,0.2328767123287671,0.5205479452054794,22,0.0,1.0,0.5,0.2899114363311556,class_selective_rank,anchor=v114;side=v116;margin=0.1;w=0.1;gate=none,0
v114_v116_rank_cls_margin0.1_w0.1_side_gt_anchor,0.9619319812584258,0.8977668575023723,0.2328767123287671,0.5205479452054794,22,0.0,1.0,0.5,0.2899114363311556,class_selective_rank,anchor=v114;side=v116;margin=0.1;w=0.1;gate=side_gt_anchor,0
v114_v116_rank_cls_margin0.1_w0.1_side_rank_top,0.9619319812584258,0.8977668575023723,0.2328767123287671,0.5205479452054794,22,0.0,1.0,0.5,0.2899114363311556,class_selective_rank,anchor=v114;side=v116;margin=0.1;w=0.1;gate=side_rank_top,0
v114_v116_rank_cls_margin0.1_w0.1_anchor_not_top5,0.9619319812584258,0.8977668575023723,0.2328767123287671,0.5205479452054794,22,0.0,1.0,0.5,0.2899114363311556,class_selective_rank,anchor=v114;side=v116;margin=0.1;w=0.1;gate=anchor_not_top5,0
v114_v116_rank_cls_margin0.1_w0.12_none,0.9619319812584258,0.8977668575023723,0.2328767123287671,0.5205479452054794,22,0.0,1.0,0.5,0.2899114363311556,class_selective_rank,anchor=v114;side=v116;margin=0.1;w=0.12;gate=none,0
v114_v116_rank_cls_margin0.1_w0.12_side_gt_anchor,0.9619319812584258,0.8977668575023723,0.2328767123287671,0.5205479452054794,22,0.0,1.0,0.5,0.2899114363311556,class_selective_rank,anchor=v114;side=v116;margin=0.1;w=0.12;gate=side_gt_anchor,0
v114_v116_rank_cls_margin0.1_w0.12_side_rank_top,0.9619319812584258,0.8977668575023723,0.2328767123287671,0.5205479452054794,22,0.0,1.0,0.5,0.2899114363311556,class_selective_rank,anchor=v114;side=v116;margin=0.1;w=0.12;gate=side_rank_top,0
v114_v116_rank_cls_margin0.1_w0.12_anchor_not_top5,0.9619319812584258,0.8977668575023723,0.2328767123287671,0.5205479452054794,22,0.0,1.0,0.5,0.2899114363311556,class_selective_rank,anchor=v114;side=v116;margin=0.1;w=0.12;gate=anchor_not_top5,0
v114_v116_rank_cls_margin0.1_w0.15_none,0.9619319812584258,0.8977668575023723,0.2328767123287671,0.5205479452054794,22,0.0,1.0,0.5,0.2899114363311556,class_selective_rank,anchor=v114;side=v116;margin=0.1;w=0.15;gate=none,0
v114_v116_rank_cls_margin0.1_w0.15_side_gt_anchor,0.9619319812584258,0.8977668575023723,0.2328767123287671,0.5205479452054794,22,0.0,1.0,0.5,0.2899114363311556,class_selective_rank,anchor=v114;side=v116;margin=0.1;w=0.15;gate=side_gt_anchor,0
v114_v116_rank_cls_margin0.1_w0.15_side_rank_top,0.9619319812584258,0.8977668575023723,0.2328767123287671,0.5205479452054794,22,0.0,1.0,0.5,0.2899114363311556,class_selective_rank,anchor=v114;side=v116;margin=0.1;w=0.15;gate=side_rank_top,0
v114_v116_rank_cls_margin0.1_w0.15_anchor_not_top5,0.9619319812584258,0.8977668575023723,0.2328767123287671,0.5205479452054794,22,0.0,1.0,0.5,0.2899114363311556,class_selective_rank,anchor=v114;side=v116;margin=0.1;w=0.15;gate=anchor_not_top5,0
v114_v116_rank_cls_margin0.1_w0.18_none,0.9619319812584258,0.8977668575023723,0.2328767123287671,0.5205479452054794,22,0.0,1.0,0.5,0.2899114363311556,class_selective_rank,anchor=v114;side=v116;margin=0.1;w=0.18;gate=none,0
v114_v116_rank_cls_margin0.1_w0.18_side_gt_anchor,0.9619319812584258,0.8977668575023723,0.2328767123287671,0.5205479452054794,22,0.0,1.0,0.5,0.2899114363311556,class_selective_rank,anchor=v114;side=v116;margin=0.1;w=0.18;gate=side_gt_anchor,0
v114_v116_rank_cls_margin0.1_w0.18_side_rank_top,0.9619319812584258,0.8977668575023723,0.2328767123287671,0.5205479452054794,22,0.0,1.0,0.5,0.2899114363311556,class_selective_rank,anchor=v114;side=v116;margin=0.1;w=0.18;gate=side_rank_top,0
v114_v116_rank_cls_margin0.1_w0.18_anchor_not_top5,0.9619319812584258,0.8977668575023723,0.2328767123287671,0.5205479452054794,22,0.0,1.0,0.5,0.2899114363311556,class_selective_rank,anchor=v114;side=v116;margin=0.1;w=0.18;gate=anchor_not_top5,0
v114_v116_rank_cls_margin0.1_w0.2_none,0.9619319812584258,0.8977668575023723,0.2328767123287671,0.5205479452054794,22,0.0,1.0,0.5,0.2899114363311556,class_selective_rank,anchor=v114;side=v116;margin=0.1;w=0.2;gate=none,0
v114_v116_rank_cls_margin0.1_w0.2_side_gt_anchor,0.9619319812584258,0.8977668575023723,0.2328767123287671,0.5205479452054794,22,0.0,1.0,0.5,0.2899114363311556,class_selective_rank,anchor=v114;side=v116;margin=0.1;w=0.2;gate=side_gt_anchor,0
v114_v116_rank_cls_margin0.1_w0.2_side_rank_top,0.9619319812584258,0.8977668575023723,0.2328767123287671,0.5205479452054794,22,0.0,1.0,0.5,0.2899114363311556,class_selective_rank,anchor=v114;side=v116;margin=0.1;w=0.2;gate=side_rank_top,0
v114_v116_rank_cls_margin0.1_w0.2_anchor_not_top5,0.9619319812584258,0.8977668575023723,0.2328767123287671,0.5205479452054794,22,0.0,1.0,0.5,0.2899114363311556,class_selective_rank,anchor=v114;side=v116;margin=0.1;w=0.2;gate=anchor_not_top5,0
v114_v116_rank_cls_margin0.1_w0.25_none,0.9619319812584258,0.8977668575023723,0.2328767123287671,0.5205479452054794,22,0.0,1.0,0.5,0.2899114363311556,class_selective_rank,anchor=v114;side=v116;margin=0.1;w=0.25;gate=none,0
v114_v116_rank_cls_margin0.1_w0.25_side_gt_anchor,0.9619319812584258,0.8977668575023723,0.2328767123287671,0.5205479452054794,22,0.0,1.0,0.5,0.2899114363311556,class_selective_rank,anchor=v114;side=v116;margin=0.1;w=0.25;gate=side_gt_anchor,0
v114_v116_rank_cls_margin0.1_w0.25_side_rank_top,0.9619319812584258,0.8977668575023723,0.2328767123287671,0.5205479452054794,22,0.0,1.0,0.5,0.2899114363311556,class_selective_rank,anchor=v114;side=v116;margin=0.1;w=0.25;gate=side_rank_top,0
v114_v116_rank_cls_margin0.1_w0.25_anchor_not_top5,0.9619319812584258,0.8977668575023723,0.2328767123287671,0.5205479452054794,22,0.0,1.0,0.5,0.2899114363311556,class_selective_rank,anchor=v114;side=v116;margin=0.1;w=0.25;gate=anchor_not_top5,0
v114_v116_rank_cls_margin0.1_w0.3_none,0.9619319812584258,0.8977668575023723,0.2328767123287671,0.5205479452054794,22,0.0,1.0,0.5,0.2899114363311556,class_selective_rank,anchor=v114;side=v116;margin=0.1;w=0.3;gate=none,0
v114_v116_rank_cls_margin0.1_w0.3_side_gt_anchor,0.9619319812584258,0.8977668575023723,0.2328767123287671,0.5205479452054794,22,0.0,1.0,0.5,0.2899114363311556,class_selective_rank,anchor=v114;side=v116;margin=0.1;w=0.3;gate=side_gt_anchor,0
v114_v116_rank_cls_margin0.1_w0.3_side_rank_top,0.9619319812584258,0.8977668575023723,0.2328767123287671,0.5205479452054794,22,0.0,1.0,0.5,0.2899114363311556,class_selective_rank,anchor=v114;side=v116;margin=0.1;w=0.3;gate=side_rank_top,0
v114_v116_rank_cls_margin0.1_w0.3_anchor_not_top5,0.9619319812584258,0.8977668575023723,0.2328767123287671,0.5205479452054794,22,0.0,1.0,0.5,0.2899114363311556,class_selective_rank,anchor=v114;side=v116;margin=0.1;w=0.3;gate=anchor_not_top5,0
v114_v116_rank_cls_margin0.1_w0.35_none,0.9619319812584258,0.8977668575023723,0.2328767123287671,0.5205479452054794,22,0.0,1.0,0.5,0.2899114363311556,class_selective_rank,anchor=v114;side=v116;margin=0.1;w=0.35;gate=none,0
v114_v116_rank_cls_margin0.1_w0.35_side_gt_anchor,0.9619319812584258,0.8977668575023723,0.2328767123287671,0.5205479452054794,22,0.0,1.0,0.5,0.2899114363311556,class_selective_rank,anchor=v114;side=v116;margin=0.1;w=0.35;gate=side_gt_anchor,0
v114_v116_rank_cls_margin0.1_w0.35_side_rank_top,0.9619319812584258,0.8977668575023723,0.2328767123287671,0.5205479452054794,22,0.0,1.0,0.5,0.2899114363311556,class_selective_rank,anchor=v114;side=v116;margin=0.1;w=0.35;gate=side_rank_top,0
v114_v116_rank_cls_margin0.1_w0.35_anchor_not_top5,0.9619319812584258,0.8977668575023723,0.2328767123287671,0.5205479452054794,22,0.0,1.0,0.5,0.2899114363311556,class_selective_rank,anchor=v114;side=v116;margin=0.1;w=0.35;gate=anchor_not_top5,0
v114_v116_rank_cls_margin0.1_w0.4_none,0.9619319812584258,0.8977668575023723,0.2328767123287671,0.5205479452054794,22,0.0,1.0,0.5,0.2899114363311556,class_selective_rank,anchor=v114;side=v116;margin=0.1;w=0.4;gate=none,0
v114_v116_rank_cls_margin0.1_w0.4_side_gt_anchor,0.9619319812584258,0.8977668575023723,0.2328767123287671,0.5205479452054794,22,0.0,1.0,0.5,0.2899114363311556,class_selective_rank,anchor=v114;side=v116;margin=0.1;w=0.4;gate=side_gt_anchor,0
v114_v116_rank_cls_margin0.1_w0.4_side_rank_top,0.9619319812584258,0.8977668575023723,0.2328767123287671,0.5205479452054794,22,0.0,1.0,0.5,0.2899114363311556,class_selective_rank,anchor=v114;side=v116;margin=0.1;w=0.4;gate=side_rank_top,0
v114_v116_rank_cls_margin0.1_w0.4_anchor_not_top5,0.9619319812584258,0.8977668575023723,0.2328767123287671,0.5205479452054794,22,0.0,1.0,0.5,0.2899114363311556,class_selective_rank,anchor=v114;side=v116;margin=0.1;w=0.4;gate=anchor_not_top5,0
v114_v116_rank_cls_margin0.15_w0.05_none,0.9619319812584258,0.8977668575023723,0.2328767123287671,0.5205479452054794,22,0.0,1.0,0.5,0.2899114363311556,class_selective_rank,anchor=v114;side=v116;margin=0.15;w=0.05;gate=none,0
v114_v116_rank_cls_margin0.15_w0.05_side_gt_anchor,0.9619319812584258,0.8977668575023723,0.2328767123287671,0.5205479452054794,22,0.0,1.0,0.5,0.2899114363311556,class_selective_rank,anchor=v114;side=v116;margin=0.15;w=0.05;gate=side_gt_anchor,0
v114_v116_rank_cls_margin0.15_w0.05_side_rank_top,0.9619319812584258,0.8977668575023723,0.2328767123287671,0.5205479452054794,22,0.0,1.0,0.5,0.2899114363311556,class_selective_rank,anchor=v114;side=v116;margin=0.15;w=0.05;gate=side_rank_top,0
v114_v116_rank_cls_margin0.15_w0.05_anchor_not_top5,0.9619319812584258,0.8977668575023723,0.2328767123287671,0.5205479452054794,22,0.0,1.0,0.5,0.2899114363311556,class_selective_rank,anchor=v114;side=v116;margin=0.15;w=0.05;gate=anchor_not_top5,0
v114_v116_rank_cls_margin0.15_w0.08_none,0.9619319812584258,0.8977668575023723,0.2328767123287671,0.5205479452054794,22,0.0,1.0,0.5,0.2899114363311556,class_selective_rank,anchor=v114;side=v116;margin=0.15;w=0.08;gate=none,0
v114_v116_rank_cls_margin0.15_w0.08_side_gt_anchor,0.9619319812584258,0.8977668575023723,0.2328767123287671,0.5205479452054794,22,0.0,1.0,0.5,0.2899114363311556,class_selective_rank,anchor=v114;side=v116;margin=0.15;w=0.08;gate=side_gt_anchor,0
v114_v116_rank_cls_margin0.15_w0.08_side_rank_top,0.9619319812584258,0.8977668575023723,0.2328767123287671,0.5205479452054794,22,0.0,1.0,0.5,0.2899114363311556,class_selective_rank,anchor=v114;side=v116;margin=0.15;w=0.08;gate=side_rank_top,0
v114_v116_rank_cls_margin0.15_w0.08_anchor_not_top5,0.9619319812584258,0.8977668575023723,0.2328767123287671,0.5205479452054794,22,0.0,1.0,0.5,0.2899114363311556,class_selective_rank,anchor=v114;side=v116;margin=0.15;w=0.08;gate=anchor_not_top5,0
v114_v116_rank_cls_margin0.15_w0.1_none,0.9619319812584258,0.8977668575023723,0.2328767123287671,0.5205479452054794,22,0.0,1.0,0.5,0.2899114363311556,class_selective_rank,anchor=v114;side=v116;margin=0.15;w=0.1;gate=none,0
v114_v116_rank_cls_margin0.15_w0.1_side_gt_anchor,0.9619319812584258,0.8977668575023723,0.2328767123287671,0.5205479452054794,22,0.0,1.0,0.5,0.2899114363311556,class_selective_rank,anchor=v114;side=v116;margin=0.15;w=0.1;gate=side_gt_anchor,0
v114_v116_rank_cls_margin0.15_w0.1_side_rank_top,0.9619319812584258,0.8977668575023723,0.2328767123287671,0.5205479452054794,22,0.0,1.0,0.5,0.2899114363311556,class_selective_rank,anchor=v114;side=v116;margin=0.15;w=0.1;gate=side_rank_top,0
v114_v116_rank_cls_margin0.15_w0.1_anchor_not_top5,0.9619319812584258,0.8977668575023723,0.2328767123287671,0.5205479452054794,22,0.0,1.0,0.5,0.2899114363311556,class_selective_rank,anchor=v114;side=v116;margin=0.15;w=0.1;gate=anchor_not_top5,0
v114_v116_rank_cls_margin0.15_w0.12_none,0.9619319812584258,0.8977668575023723,0.2328767123287671,0.5205479452054794,22,0.0,1.0,0.5,0.2899114363311556,class_selective_rank,anchor=v114;side=v116;margin=0.15;w=0.12;gate=none,0
v114_v116_rank_cls_margin0.15_w0.12_side_gt_anchor,0.9619319812584258,0.8977668575023723,0.2328767123287671,0.5205479452054794,22,0.0,1.0,0.5,0.2899114363311556,class_selective_rank,anchor=v114;side=v116;margin=0.15;w=0.12;gate=side_gt_anchor,0
v114_v116_rank_cls_margin0.15_w0.12_side_rank_top,0.9619319812584258,0.8977668575023723,0.2328767123287671,0.5205479452054794,22,0.0,1.0,0.5,0.2899114363311556,class_selective_rank,anchor=v114;side=v116;margin=0.15;w=0.12;gate=side_rank_top,0
v114_v116_rank_cls_margin0.15_w0.12_anchor_not_top5,0.9619319812584258,0.8977668575023723,0.2328767123287671,0.5205479452054794,22,0.0,1.0,0.5,0.2899114363311556,class_selective_rank,anchor=v114;side=v116;margin=0.15;w=0.12;gate=anchor_not_top5,0
v114_v116_rank_cls_margin0.15_w0.15_none,0.9619319812584258,0.8977668575023723,0.2328767123287671,0.5205479452054794,22,0.0,1.0,0.5,0.2899114363311556,class_selective_rank,anchor=v114;side=v116;margin=0.15;w=0.15;gate=none,0
v114_v116_rank_cls_margin0.15_w0.15_side_gt_anchor,0.9619319812584258,0.8977668575023723,0.2328767123287671,0.5205479452054794,22,0.0,1.0,0.5,0.2899114363311556,class_selective_rank,anchor=v114;side=v116;margin=0.15;w=0.15;gate=side_gt_anchor,0
v114_v116_rank_cls_margin0.15_w0.15_side_rank_top,0.9619319812584258,0.8977668575023723,0.2328767123287671,0.5205479452054794,22,0.0,1.0,0.5,0.2899114363311556,class_selective_rank,anchor=v114;side=v116;margin=0.15;w=0.15;gate=side_rank_top,0
v114_v116_rank_cls_margin0.15_w0.15_anchor_not_top5,0.9619319812584258,0.8977668575023723,0.2328767123287671,0.5205479452054794,22,0.0,1.0,0.5,0.2899114363311556,class_selective_rank,anchor=v114;side=v116;margin=0.15;w=0.15;gate=anchor_not_top5,0
v114_v116_rank_cls_margin0.15_w0.18_none,0.9619319812584258,0.8977668575023723,0.2328767123287671,0.5205479452054794,22,0.0,1.0,0.5,0.2899114363311556,class_selective_rank,anchor=v114;side=v116;margin=0.15;w=0.18;gate=none,0
v114_v116_rank_cls_margin0.15_w0.18_side_gt_anchor,0.9619319812584258,0.8977668575023723,0.2328767123287671,0.5205479452054794,22,0.0,1.0,0.5,0.2899114363311556,class_selective_rank,anchor=v114;side=v116;margin=0.15;w=0.18;gate=side_gt_anchor,0
v114_v116_rank_cls_margin0.15_w0.18_side_rank_top,0.9619319812584258,0.8977668575023723,0.2328767123287671,0.5205479452054794,22,0.0,1.0,0.5,0.2899114363311556,class_selective_rank,anchor=v114;side=v116;margin=0.15;w=0.18;gate=side_rank_top,0
v114_v116_rank_cls_margin0.15_w0.18_anchor_not_top5,0.9619319812584258,0.8977668575023723,0.2328767123287671,0.5205479452054794,22,0.0,1.0,0.5,0.2899114363311556,class_selective_rank,anchor=v114;side=v116;margin=0.15;w=0.18;gate=anchor_not_top5,0
v114_v116_rank_cls_margin0.15_w0.2_none,0.9619319812584258,0.8977668575023723,0.2328767123287671,0.5205479452054794,22,0.0,1.0,0.5,0.2899114363311556,class_selective_rank,anchor=v114;side=v116;margin=0.15;w=0.2;gate=none,0
v114_v116_rank_cls_margin0.15_w0.2_side_gt_anchor,0.9619319812584258,0.8977668575023723,0.2328767123287671,0.5205479452054794,22,0.0,1.0,0.5,0.2899114363311556,class_selective_rank,anchor=v114;side=v116;margin=0.15;w=0.2;gate=side_gt_anchor,0
v114_v116_rank_cls_margin0.15_w0.2_side_rank_top,0.9619319812584258,0.8977668575023723,0.2328767123287671,0.5205479452054794,22,0.0,1.0,0.5,0.2899114363311556,class_selective_rank,anchor=v114;side=v116;margin=0.15;w=0.2;gate=side_rank_top,0
v114_v116_rank_cls_margin0.15_w0.2_anchor_not_top5,0.9619319812584258,0.8977668575023723,0.2328767123287671,0.5205479452054794,22,0.0,1.0,0.5,0.2899114363311556,class_selective_rank,anchor=v114;side=v116;margin=0.15;w=0.2;gate=anchor_not_top5,0
v114_v116_rank_cls_margin0.15_w0.25_none,0.9619319812584258,0.8977668575023723,0.2328767123287671,0.5205479452054794,22,0.0,1.0,0.5,0.2899114363311556,class_selective_rank,anchor=v114;side=v116;margin=0.15;w=0.25;gate=none,0
v114_v116_rank_cls_margin0.15_w0.25_side_gt_anchor,0.9619319812584258,0.8977668575023723,0.2328767123287671,0.5205479452054794,22,0.0,1.0,0.5,0.2899114363311556,class_selective_rank,anchor=v114;side=v116;margin=0.15;w=0.25;gate=side_gt_anchor,0
v114_v116_rank_cls_margin0.15_w0.25_side_rank_top,0.9619319812584258,0.8977668575023723,0.2328767123287671,0.5205479452054794,22,0.0,1.0,0.5,0.2899114363311556,class_selective_rank,anchor=v114;side=v116;margin=0.15;w=0.25;gate=side_rank_top,0
v114_v116_rank_cls_margin0.15_w0.25_anchor_not_top5,0.9619319812584258,0.8977668575023723,0.2328767123287671,0.5205479452054794,22,0.0,1.0,0.5,0.2899114363311556,class_selective_rank,anchor=v114;side=v116;margin=0.15;w=0.25;gate=anchor_not_top5,0
v114_v116_rank_cls_margin0.15_w0.3_none,0.9619319812584258,0.8977668575023723,0.2328767123287671,0.5205479452054794,22,0.0,1.0,0.5,0.2899114363311556,class_selective_rank,anchor=v114;side=v116;margin=0.15;w=0.3;gate=none,0
v114_v116_rank_cls_margin0.15_w0.3_side_gt_anchor,0.9619319812584258,0.8977668575023723,0.2328767123287671,0.5205479452054794,22,0.0,1.0,0.5,0.2899114363311556,class_selective_rank,anchor=v114;side=v116;margin=0.15;w=0.3;gate=side_gt_anchor,0
v114_v116_rank_cls_margin0.15_w0.3_side_rank_top,0.9619319812584258,0.8977668575023723,0.2328767123287671,0.5205479452054794,22,0.0,1.0,0.5,0.2899114363311556,class_selective_rank,anchor=v114;side=v116;margin=0.15;w=0.3;gate=side_rank_top,0
v114_v116_rank_cls_margin0.15_w0.3_anchor_not_top5,0.9619319812584258,0.8977668575023723,0.2328767123287671,0.5205479452054794,22,0.0,1.0,0.5,0.2899114363311556,class_selective_rank,anchor=v114;side=v116;margin=0.15;w=0.3;gate=anchor_not_top5,0
v114_v116_rank_cls_margin0.15_w0.35_none,0.9619319812584258,0.8977668575023723,0.2328767123287671,0.5205479452054794,22,0.0,1.0,0.5,0.2899114363311556,class_selective_rank,anchor=v114;side=v116;margin=0.15;w=0.35;gate=none,0
v114_v116_rank_cls_margin0.15_w0.35_side_gt_anchor,0.9619319812584258,0.8977668575023723,0.2328767123287671,0.5205479452054794,22,0.0,1.0,0.5,0.2899114363311556,class_selective_rank,anchor=v114;side=v116;margin=0.15;w=0.35;gate=side_gt_anchor,0
v114_v116_rank_cls_margin0.15_w0.35_side_rank_top,0.9619319812584258,0.8977668575023723,0.2328767123287671,0.5205479452054794,22,0.0,1.0,0.5,0.2899114363311556,class_selective_rank,anchor=v114;side=v116;margin=0.15;w=0.35;gate=side_rank_top,0
v114_v116_rank_cls_margin0.15_w0.35_anchor_not_top5,0.9619319812584258,0.8977668575023723,0.2328767123287671,0.5205479452054794,22,0.0,1.0,0.5,0.2899114363311556,class_selective_rank,anchor=v114;side=v116;margin=0.15;w=0.35;gate=anchor_not_top5,0
v114_v116_rank_cls_margin0.15_w0.4_none,0.9619319812584258,0.8977668575023723,0.2328767123287671,0.5205479452054794,22,0.0,1.0,0.5,0.2899114363311556,class_selective_rank,anchor=v114;side=v116;margin=0.15;w=0.4;gate=none,0
v114_v116_rank_cls_margin0.15_w0.4_side_gt_anchor,0.9619319812584258,0.8977668575023723,0.2328767123287671,0.5205479452054794,22,0.0,1.0,0.5,0.2899114363311556,class_selective_rank,anchor=v114;side=v116;margin=0.15;w=0.4;gate=side_gt_anchor,0
v114_v116_rank_cls_margin0.15_w0.4_side_rank_top,0.9619319812584258,0.8977668575023723,0.2328767123287671,0.5205479452054794,22,0.0,1.0,0.5,0.2899114363311556,class_selective_rank,anchor=v114;side=v116;margin=0.15;w=0.4;gate=side_rank_top,0
v114_v116_rank_cls_margin0.15_w0.4_anchor_not_top5,0.9619319812584258,0.8977668575023723,0.2328767123287671,0.5205479452054794,22,0.0,1.0,0.5,0.2899114363311556,class_selective_rank,anchor=v114;side=v116;margin=0.15;w=0.4;gate=anchor_not_top5,0
v114_v119_rank_cls_margin0.05_w0.05_none,0.9619319812584258,0.8977668575023723,0.2328767123287671,0.5205479452054794,22,0.0,1.0,0.5,0.2899114363311556,class_selective_rank,anchor=v114;side=v119;margin=0.05;w=0.05;gate=none,0
v114_v119_rank_cls_margin0.05_w0.05_side_gt_anchor,0.9619319812584258,0.8977668575023723,0.2328767123287671,0.5205479452054794,22,0.0,1.0,0.5,0.2899114363311556,class_selective_rank,anchor=v114;side=v119;margin=0.05;w=0.05;gate=side_gt_anchor,0
v114_v119_rank_cls_margin0.05_w0.05_side_rank_top,0.9619319812584258,0.8977668575023723,0.2328767123287671,0.5205479452054794,22,0.0,1.0,0.5,0.2899114363311556,class_selective_rank,anchor=v114;side=v119;margin=0.05;w=0.05;gate=side_rank_top,0
v114_v119_rank_cls_margin0.05_w0.05_anchor_not_top5,0.9619319812584258,0.8977668575023723,0.2328767123287671,0.5205479452054794,22,0.0,1.0,0.5,0.2899114363311556,class_selective_rank,anchor=v114;side=v119;margin=0.05;w=0.05;gate=anchor_not_top5,0
v114_v119_rank_cls_margin0.05_w0.08_none,0.9619319812584258,0.8977668575023723,0.2328767123287671,0.5205479452054794,22,0.0,1.0,0.5,0.2899114363311556,class_selective_rank,anchor=v114;side=v119;margin=0.05;w=0.08;gate=none,0
v114_v119_rank_cls_margin0.05_w0.08_side_gt_anchor,0.9619319812584258,0.8977668575023723,0.2328767123287671,0.5205479452054794,22,0.0,1.0,0.5,0.2899114363311556,class_selective_rank,anchor=v114;side=v119;margin=0.05;w=0.08;gate=side_gt_anchor,0
v114_v119_rank_cls_margin0.05_w0.08_side_rank_top,0.9619319812584258,0.8977668575023723,0.2328767123287671,0.5205479452054794,22,0.0,1.0,0.5,0.2899114363311556,class_selective_rank,anchor=v114;side=v119;margin=0.05;w=0.08;gate=side_rank_top,0
v114_v119_rank_cls_margin0.05_w0.08_anchor_not_top5,0.9619319812584258,0.8977668575023723,0.2328767123287671,0.5205479452054794,22,0.0,1.0,0.5,0.2899114363311556,class_selective_rank,anchor=v114;side=v119;margin=0.05;w=0.08;gate=anchor_not_top5,0
v114_v119_rank_cls_margin0.05_w0.1_none,0.9619319812584258,0.8977668575023723,0.2328767123287671,0.5205479452054794,22,0.0,1.0,0.5,0.2899114363311556,class_selective_rank,anchor=v114;side=v119;margin=0.05;w=0.1;gate=none,0
v114_v119_rank_cls_margin0.05_w0.1_side_gt_anchor,0.9619319812584258,0.8977668575023723,0.2328767123287671,0.5205479452054794,22,0.0,1.0,0.5,0.2899114363311556,class_selective_rank,anchor=v114;side=v119;margin=0.05;w=0.1;gate=side_gt_anchor,0
v114_v119_rank_cls_margin0.05_w0.1_side_rank_top,0.9619319812584258,0.8977668575023723,0.2328767123287671,0.5205479452054794,22,0.0,1.0,0.5,0.2899114363311556,class_selective_rank,anchor=v114;side=v119;margin=0.05;w=0.1;gate=side_rank_top,0
v114_v119_rank_cls_margin0.05_w0.1_anchor_not_top5,0.9619319812584258,0.8977668575023723,0.2328767123287671,0.5205479452054794,22,0.0,1.0,0.5,0.2899114363311556,class_selective_rank,anchor=v114;side=v119;margin=0.05;w=0.1;gate=anchor_not_top5,0
v114_v119_rank_cls_margin0.05_w0.12_none,0.9619319812584258,0.8977668575023723,0.2328767123287671,0.5205479452054794,22,0.0,1.0,0.5,0.2899114363311556,class_selective_rank,anchor=v114;side=v119;margin=0.05;w=0.12;gate=none,0
v114_v119_rank_cls_margin0.05_w0.12_side_gt_anchor,0.9619319812584258,0.8977668575023723,0.2328767123287671,0.5205479452054794,22,0.0,1.0,0.5,0.2899114363311556,class_selective_rank,anchor=v114;side=v119;margin=0.05;w=0.12;gate=side_gt_anchor,0
v114_v119_rank_cls_margin0.05_w0.12_side_rank_top,0.9619319812584258,0.8977668575023723,0.2328767123287671,0.5205479452054794,22,0.0,1.0,0.5,0.2899114363311556,class_selective_rank,anchor=v114;side=v119;margin=0.05;w=0.12;gate=side_rank_top,0
v114_v119_rank_cls_margin0.05_w0.12_anchor_not_top5,0.9619319812584258,0.8977668575023723,0.2328767123287671,0.5205479452054794,22,0.0,1.0,0.5,0.2899114363311556,class_selective_rank,anchor=v114;side=v119;margin=0.05;w=0.12;gate=anchor_not_top5,0
v114_v119_rank_cls_margin0.05_w0.15_none,0.9619319812584258,0.8977668575023723,0.2328767123287671,0.5205479452054794,22,0.0,1.0,0.5,0.2899114363311556,class_selective_rank,anchor=v114;side=v119;margin=0.05;w=0.15;gate=none,0
v114_v119_rank_cls_margin0.05_w0.15_side_gt_anchor,0.9619319812584258,0.8977668575023723,0.2328767123287671,0.5205479452054794,22,0.0,1.0,0.5,0.2899114363311556,class_selective_rank,anchor=v114;side=v119;margin=0.05;w=0.15;gate=side_gt_anchor,0
v114_v119_rank_cls_margin0.05_w0.15_side_rank_top,0.9619319812584258,0.8977668575023723,0.2328767123287671,0.5205479452054794,22,0.0,1.0,0.5,0.2899114363311556,class_selective_rank,anchor=v114;side=v119;margin=0.05;w=0.15;gate=side_rank_top,0
v114_v119_rank_cls_margin0.05_w0.15_anchor_not_top5,0.9619319812584258,0.8977668575023723,0.2328767123287671,0.5205479452054794,22,0.0,1.0,0.5,0.2899114363311556,class_selective_rank,anchor=v114;side=v119;margin=0.05;w=0.15;gate=anchor_not_top5,0
v114_v119_rank_cls_margin0.05_w0.18_none,0.9619319812584258,0.8977668575023723,0.2328767123287671,0.5205479452054794,22,0.0,1.0,0.5,0.2899114363311556,class_selective_rank,anchor=v114;side=v119;margin=0.05;w=0.18;gate=none,0
v114_v119_rank_cls_margin0.05_w0.18_side_gt_anchor,0.9619319812584258,0.8977668575023723,0.2328767123287671,0.5205479452054794,22,0.0,1.0,0.5,0.2899114363311556,class_selective_rank,anchor=v114;side=v119;margin=0.05;w=0.18;gate=side_gt_anchor,0
v114_v119_rank_cls_margin0.05_w0.18_side_rank_top,0.9619319812584258,0.8977668575023723,0.2328767123287671,0.5205479452054794,22,0.0,1.0,0.5,0.2899114363311556,class_selective_rank,anchor=v114;side=v119;margin=0.05;w=0.18;gate=side_rank_top,0
v114_v119_rank_cls_margin0.05_w0.18_anchor_not_top5,0.9619319812584258,0.8977668575023723,0.2328767123287671,0.5205479452054794,22,0.0,1.0,0.5,0.2899114363311556,class_selective_rank,anchor=v114;side=v119;margin=0.05;w=0.18;gate=anchor_not_top5,0
v114_v119_rank_cls_margin0.05_w0.2_none,0.9619319812584258,0.8977668575023723,0.2328767123287671,0.5205479452054794,22,0.0,1.0,0.5,0.2899114363311556,class_selective_rank,anchor=v114;side=v119;margin=0.05;w=0.2;gate=none,0
v114_v119_rank_cls_margin0.05_w0.2_side_gt_anchor,0.9619319812584258,0.8977668575023723,0.2328767123287671,0.5205479452054794,22,0.0,1.0,0.5,0.2899114363311556,class_selective_rank,anchor=v114;side=v119;margin=0.05;w=0.2;gate=side_gt_anchor,0
v114_v119_rank_cls_margin0.05_w0.2_side_rank_top,0.9619319812584258,0.8977668575023723,0.2328767123287671,0.5205479452054794,22,0.0,1.0,0.5,0.2899114363311556,class_selective_rank,anchor=v114;side=v119;margin=0.05;w=0.2;gate=side_rank_top,0
v114_v119_rank_cls_margin0.05_w0.2_anchor_not_top5,0.9619319812584258,0.8977668575023723,0.2328767123287671,0.5205479452054794,22,0.0,1.0,0.5,0.2899114363311556,class_selective_rank,anchor=v114;side=v119;margin=0.05;w=0.2;gate=anchor_not_top5,0
v114_v119_rank_cls_margin0.05_w0.25_none,0.9619319812584258,0.8977668575023723,0.2328767123287671,0.5205479452054794,22,0.0,1.0,0.5,0.2899114363311556,class_selective_rank,anchor=v114;side=v119;margin=0.05;w=0.25;gate=none,0
v114_v119_rank_cls_margin0.05_w0.25_side_gt_anchor,0.9619319812584258,0.8977668575023723,0.2328767123287671,0.5205479452054794,22,0.0,1.0,0.5,0.2899114363311556,class_selective_rank,anchor=v114;side=v119;margin=0.05;w=0.25;gate=side_gt_anchor,0
v114_v119_rank_cls_margin0.05_w0.25_side_rank_top,0.9619319812584258,0.8977668575023723,0.2328767123287671,0.5205479452054794,22,0.0,1.0,0.5,0.2899114363311556,class_selective_rank,anchor=v114;side=v119;margin=0.05;w=0.25;gate=side_rank_top,0
v114_v119_rank_cls_margin0.05_w0.25_anchor_not_top5,0.9619319812584258,0.8977668575023723,0.2328767123287671,0.5205479452054794,22,0.0,1.0,0.5,0.2899114363311556,class_selective_rank,anchor=v114;side=v119;margin=0.05;w=0.25;gate=anchor_not_top5,0
v114_v119_rank_cls_margin0.05_w0.3_none,0.9619319812584258,0.8977668575023723,0.2328767123287671,0.5205479452054794,22,0.0,1.0,0.5,0.2899114363311556,class_selective_rank,anchor=v114;side=v119;margin=0.05;w=0.3;gate=none,0
v114_v119_rank_cls_margin0.05_w0.3_side_gt_anchor,0.9619319812584258,0.8977668575023723,0.2328767123287671,0.5205479452054794,22,0.0,1.0,0.5,0.2899114363311556,class_selective_rank,anchor=v114;side=v119;margin=0.05;w=0.3;gate=side_gt_anchor,0
v114_v119_rank_cls_margin0.05_w0.3_side_rank_top,0.9619319812584258,0.8977668575023723,0.2328767123287671,0.5205479452054794,22,0.0,1.0,0.5,0.2899114363311556,class_selective_rank,anchor=v114;side=v119;margin=0.05;w=0.3;gate=side_rank_top,0
v114_v119_rank_cls_margin0.05_w0.3_anchor_not_top5,0.9619319812584258,0.8977668575023723,0.2328767123287671,0.5205479452054794,22,0.0,1.0,0.5,0.2899114363311556,class_selective_rank,anchor=v114;side=v119;margin=0.05;w=0.3;gate=anchor_not_top5,0
v114_v119_rank_cls_margin0.05_w0.35_none,0.9619319812584258,0.8977668575023723,0.2328767123287671,0.5205479452054794,22,0.0,1.0,0.5,0.2899114363311556,class_selective_rank,anchor=v114;side=v119;margin=0.05;w=0.35;gate=none,0
v114_v119_rank_cls_margin0.05_w0.35_side_gt_anchor,0.9619319812584258,0.8977668575023723,0.2328767123287671,0.5205479452054794,22,0.0,1.0,0.5,0.2899114363311556,class_selective_rank,anchor=v114;side=v119;margin=0.05;w=0.35;gate=side_gt_anchor,0
v114_v119_rank_cls_margin0.05_w0.35_side_rank_top,0.9619319812584258,0.8977668575023723,0.2328767123287671,0.5205479452054794,22,0.0,1.0,0.5,0.2899114363311556,class_selective_rank,anchor=v114;side=v119;margin=0.05;w=0.35;gate=side_rank_top,0
v114_v119_rank_cls_margin0.05_w0.35_anchor_not_top5,0.9619319812584258,0.8977668575023723,0.2328767123287671,0.5205479452054794,22,0.0,1.0,0.5,0.2899114363311556,class_selective_rank,anchor=v114;side=v119;margin=0.05;w=0.35;gate=anchor_not_top5,0
v114_v119_rank_cls_margin0.05_w0.4_none,0.9619319812584258,0.8977668575023723,0.2328767123287671,0.5205479452054794,22,0.0,1.0,0.5,0.2899114363311556,class_selective_rank,anchor=v114;side=v119;margin=0.05;w=0.4;gate=none,0
v114_v119_rank_cls_margin0.05_w0.4_side_gt_anchor,0.9619319812584258,0.8977668575023723,0.2328767123287671,0.5205479452054794,22,0.0,1.0,0.5,0.2899114363311556,class_selective_rank,anchor=v114;side=v119;margin=0.05;w=0.4;gate=side_gt_anchor,0
v114_v119_rank_cls_margin0.05_w0.4_side_rank_top,0.9619319812584258,0.8977668575023723,0.2328767123287671,0.5205479452054794,22,0.0,1.0,0.5,0.2899114363311556,class_selective_rank,anchor=v114;side=v119;margin=0.05;w=0.4;gate=side_rank_top,0
v114_v119_rank_cls_margin0.05_w0.4_anchor_not_top5,0.9619319812584258,0.8977668575023723,0.2328767123287671,0.5205479452054794,22,0.0,1.0,0.5,0.2899114363311556,class_selective_rank,anchor=v114;side=v119;margin=0.05;w=0.4;gate=anchor_not_top5,0
v114_v119_rank_cls_margin0.08_w0.05_none,0.9619319812584258,0.8977668575023723,0.2328767123287671,0.5205479452054794,22,0.0,1.0,0.5,0.2899114363311556,class_selective_rank,anchor=v114;side=v119;margin=0.08;w=0.05;gate=none,0
v114_v119_rank_cls_margin0.08_w0.05_side_gt_anchor,0.9619319812584258,0.8977668575023723,0.2328767123287671,0.5205479452054794,22,0.0,1.0,0.5,0.2899114363311556,class_selective_rank,anchor=v114;side=v119;margin=0.08;w=0.05;gate=side_gt_anchor,0
v114_v119_rank_cls_margin0.08_w0.05_side_rank_top,0.9619319812584258,0.8977668575023723,0.2328767123287671,0.5205479452054794,22,0.0,1.0,0.5,0.2899114363311556,class_selective_rank,anchor=v114;side=v119;margin=0.08;w=0.05;gate=side_rank_top,0
v114_v119_rank_cls_margin0.08_w0.05_anchor_not_top5,0.9619319812584258,0.8977668575023723,0.2328767123287671,0.5205479452054794,22,0.0,1.0,0.5,0.2899114363311556,class_selective_rank,anchor=v114;side=v119;margin=0.08;w=0.05;gate=anchor_not_top5,0
v114_v119_rank_cls_margin0.08_w0.08_none,0.9619319812584258,0.8977668575023723,0.2328767123287671,0.5205479452054794,22,0.0,1.0,0.5,0.2899114363311556,class_selective_rank,anchor=v114;side=v119;margin=0.08;w=0.08;gate=none,0
v114_v119_rank_cls_margin0.08_w0.08_side_gt_anchor,0.9619319812584258,0.8977668575023723,0.2328767123287671,0.5205479452054794,22,0.0,1.0,0.5,0.2899114363311556,class_selective_rank,anchor=v114;side=v119;margin=0.08;w=0.08;gate=side_gt_anchor,0
v114_v119_rank_cls_margin0.08_w0.08_side_rank_top,0.9619319812584258,0.8977668575023723,0.2328767123287671,0.5205479452054794,22,0.0,1.0,0.5,0.2899114363311556,class_selective_rank,anchor=v114;side=v119;margin=0.08;w=0.08;gate=side_rank_top,0
v114_v119_rank_cls_margin0.08_w0.08_anchor_not_top5,0.9619319812584258,0.8977668575023723,0.2328767123287671,0.5205479452054794,22,0.0,1.0,0.5,0.2899114363311556,class_selective_rank,anchor=v114;side=v119;margin=0.08;w=0.08;gate=anchor_not_top5,0
v114_v119_rank_cls_margin0.08_w0.1_none,0.9619319812584258,0.8977668575023723,0.2328767123287671,0.5205479452054794,22,0.0,1.0,0.5,0.2899114363311556,class_selective_rank,anchor=v114;side=v119;margin=0.08;w=0.1;gate=none,0
v114_v119_rank_cls_margin0.08_w0.1_side_gt_anchor,0.9619319812584258,0.8977668575023723,0.2328767123287671,0.5205479452054794,22,0.0,1.0,0.5,0.2899114363311556,class_selective_rank,anchor=v114;side=v119;margin=0.08;w=0.1;gate=side_gt_anchor,0
v114_v119_rank_cls_margin0.08_w0.1_side_rank_top,0.9619319812584258,0.8977668575023723,0.2328767123287671,0.5205479452054794,22,0.0,1.0,0.5,0.2899114363311556,class_selective_rank,anchor=v114;side=v119;margin=0.08;w=0.1;gate=side_rank_top,0
v114_v119_rank_cls_margin0.08_w0.1_anchor_not_top5,0.9619319812584258,0.8977668575023723,0.2328767123287671,0.5205479452054794,22,0.0,1.0,0.5,0.2899114363311556,class_selective_rank,anchor=v114;side=v119;margin=0.08;w=0.1;gate=anchor_not_top5,0
v114_v119_rank_cls_margin0.08_w0.12_none,0.9619319812584258,0.8977668575023723,0.2328767123287671,0.5205479452054794,22,0.0,1.0,0.5,0.2899114363311556,class_selective_rank,anchor=v114;side=v119;margin=0.08;w=0.12;gate=none,0
v114_v119_rank_cls_margin0.08_w0.12_side_gt_anchor,0.9619319812584258,0.8977668575023723,0.2328767123287671,0.5205479452054794,22,0.0,1.0,0.5,0.2899114363311556,class_selective_rank,anchor=v114;side=v119;margin=0.08;w=0.12;gate=side_gt_anchor,0
v114_v119_rank_cls_margin0.08_w0.12_side_rank_top,0.9619319812584258,0.8977668575023723,0.2328767123287671,0.5205479452054794,22,0.0,1.0,0.5,0.2899114363311556,class_selective_rank,anchor=v114;side=v119;margin=0.08;w=0.12;gate=side_rank_top,0
v114_v119_rank_cls_margin0.08_w0.12_anchor_not_top5,0.9619319812584258,0.8977668575023723,0.2328767123287671,0.5205479452054794,22,0.0,1.0,0.5,0.2899114363311556,class_selective_rank,anchor=v114;side=v119;margin=0.08;w=0.12;gate=anchor_not_top5,0
v114_v119_rank_cls_margin0.08_w0.15_none,0.9619319812584258,0.8977668575023723,0.2328767123287671,0.5205479452054794,22,0.0,1.0,0.5,0.2899114363311556,class_selective_rank,anchor=v114;side=v119;margin=0.08;w=0.15;gate=none,0
v114_v119_rank_cls_margin0.08_w0.15_side_gt_anchor,0.9619319812584258,0.8977668575023723,0.2328767123287671,0.5205479452054794,22,0.0,1.0,0.5,0.2899114363311556,class_selective_rank,anchor=v114;side=v119;margin=0.08;w=0.15;gate=side_gt_anchor,0
v114_v119_rank_cls_margin0.08_w0.15_side_rank_top,0.9619319812584258,0.8977668575023723,0.2328767123287671,0.5205479452054794,22,0.0,1.0,0.5,0.2899114363311556,class_selective_rank,anchor=v114;side=v119;margin=0.08;w=0.15;gate=side_rank_top,0
v114_v119_rank_cls_margin0.08_w0.15_anchor_not_top5,0.9619319812584258,0.8977668575023723,0.2328767123287671,0.5205479452054794,22,0.0,1.0,0.5,0.2899114363311556,class_selective_rank,anchor=v114;side=v119;margin=0.08;w=0.15;gate=anchor_not_top5,0
v114_v119_rank_cls_margin0.08_w0.18_none,0.9619319812584258,0.8977668575023723,0.2328767123287671,0.5205479452054794,22,0.0,1.0,0.5,0.2899114363311556,class_selective_rank,anchor=v114;side=v119;margin=0.08;w=0.18;gate=none,0
v114_v119_rank_cls_margin0.08_w0.18_side_gt_anchor,0.9619319812584258,0.8977668575023723,0.2328767123287671,0.5205479452054794,22,0.0,1.0,0.5,0.2899114363311556,class_selective_rank,anchor=v114;side=v119;margin=0.08;w=0.18;gate=side_gt_anchor,0
v114_v119_rank_cls_margin0.08_w0.18_side_rank_top,0.9619319812584258,0.8977668575023723,0.2328767123287671,0.5205479452054794,22,0.0,1.0,0.5,0.2899114363311556,class_selective_rank,anchor=v114;side=v119;margin=0.08;w=0.18;gate=side_rank_top,0
v114_v119_rank_cls_margin0.08_w0.18_anchor_not_top5,0.9619319812584258,0.8977668575023723,0.2328767123287671,0.5205479452054794,22,0.0,1.0,0.5,0.2899114363311556,class_selective_rank,anchor=v114;side=v119;margin=0.08;w=0.18;gate=anchor_not_top5,0
v114_v119_rank_cls_margin0.08_w0.2_none,0.9619319812584258,0.8977668575023723,0.2328767123287671,0.5205479452054794,22,0.0,1.0,0.5,0.2899114363311556,class_selective_rank,anchor=v114;side=v119;margin=0.08;w=0.2;gate=none,0
v114_v119_rank_cls_margin0.08_w0.2_side_gt_anchor,0.9619319812584258,0.8977668575023723,0.2328767123287671,0.5205479452054794,22,0.0,1.0,0.5,0.2899114363311556,class_selective_rank,anchor=v114;side=v119;margin=0.08;w=0.2;gate=side_gt_anchor,0
v114_v119_rank_cls_margin0.08_w0.2_side_rank_top,0.9619319812584258,0.8977668575023723,0.2328767123287671,0.5205479452054794,22,0.0,1.0,0.5,0.2899114363311556,class_selective_rank,anchor=v114;side=v119;margin=0.08;w=0.2;gate=side_rank_top,0
v114_v119_rank_cls_margin0.08_w0.2_anchor_not_top5,0.9619319812584258,0.8977668575023723,0.2328767123287671,0.5205479452054794,22,0.0,1.0,0.5,0.2899114363311556,class_selective_rank,anchor=v114;side=v119;margin=0.08;w=0.2;gate=anchor_not_top5,0
v114_v119_rank_cls_margin0.08_w0.25_none,0.9619319812584258,0.8977668575023723,0.2328767123287671,0.5205479452054794,22,0.0,1.0,0.5,0.2899114363311556,class_selective_rank,anchor=v114;side=v119;margin=0.08;w=0.25;gate=none,0
v114_v119_rank_cls_margin0.08_w0.25_side_gt_anchor,0.9619319812584258,0.8977668575023723,0.2328767123287671,0.5205479452054794,22,0.0,1.0,0.5,0.2899114363311556,class_selective_rank,anchor=v114;side=v119;margin=0.08;w=0.25;gate=side_gt_anchor,0
v114_v119_rank_cls_margin0.08_w0.25_side_rank_top,0.9619319812584258,0.8977668575023723,0.2328767123287671,0.5205479452054794,22,0.0,1.0,0.5,0.2899114363311556,class_selective_rank,anchor=v114;side=v119;margin=0.08;w=0.25;gate=side_rank_top,0
v114_v119_rank_cls_margin0.08_w0.25_anchor_not_top5,0.9619319812584258,0.8977668575023723,0.2328767123287671,0.5205479452054794,22,0.0,1.0,0.5,0.2899114363311556,class_selective_rank,anchor=v114;side=v119;margin=0.08;w=0.25;gate=anchor_not_top5,0
v114_v119_rank_cls_margin0.08_w0.3_none,0.9619319812584258,0.8977668575023723,0.2328767123287671,0.5205479452054794,22,0.0,1.0,0.5,0.2899114363311556,class_selective_rank,anchor=v114;side=v119;margin=0.08;w=0.3;gate=none,0
v114_v119_rank_cls_margin0.08_w0.3_side_gt_anchor,0.9619319812584258,0.8977668575023723,0.2328767123287671,0.5205479452054794,22,0.0,1.0,0.5,0.2899114363311556,class_selective_rank,anchor=v114;side=v119;margin=0.08;w=0.3;gate=side_gt_anchor,0
v114_v119_rank_cls_margin0.08_w0.3_side_rank_top,0.9619319812584258,0.8977668575023723,0.2328767123287671,0.5205479452054794,22,0.0,1.0,0.5,0.2899114363311556,class_selective_rank,anchor=v114;side=v119;margin=0.08;w=0.3;gate=side_rank_top,0
v114_v119_rank_cls_margin0.08_w0.3_anchor_not_top5,0.9619319812584258,0.8977668575023723,0.2328767123287671,0.5205479452054794,22,0.0,1.0,0.5,0.2899114363311556,class_selective_rank,anchor=v114;side=v119;margin=0.08;w=0.3;gate=anchor_not_top5,0
v114_v119_rank_cls_margin0.08_w0.35_none,0.9619319812584258,0.8977668575023723,0.2328767123287671,0.5205479452054794,22,0.0,1.0,0.5,0.2899114363311556,class_selective_rank,anchor=v114;side=v119;margin=0.08;w=0.35;gate=none,0
v114_v119_rank_cls_margin0.08_w0.35_side_gt_anchor,0.9619319812584258,0.8977668575023723,0.2328767123287671,0.5205479452054794,22,0.0,1.0,0.5,0.2899114363311556,class_selective_rank,anchor=v114;side=v119;margin=0.08;w=0.35;gate=side_gt_anchor,0
v114_v119_rank_cls_margin0.08_w0.35_side_rank_top,0.9619319812584258,0.8977668575023723,0.2328767123287671,0.5205479452054794,22,0.0,1.0,0.5,0.2899114363311556,class_selective_rank,anchor=v114;side=v119;margin=0.08;w=0.35;gate=side_rank_top,0
v114_v119_rank_cls_margin0.08_w0.35_anchor_not_top5,0.9619319812584258,0.8977668575023723,0.2328767123287671,0.5205479452054794,22,0.0,1.0,0.5,0.2899114363311556,class_selective_rank,anchor=v114;side=v119;margin=0.08;w=0.35;gate=anchor_not_top5,0
v114_v119_rank_cls_margin0.08_w0.4_none,0.9619319812584258,0.8977668575023723,0.2328767123287671,0.5205479452054794,22,0.0,1.0,0.5,0.2899114363311556,class_selective_rank,anchor=v114;side=v119;margin=0.08;w=0.4;gate=none,0
v114_v119_rank_cls_margin0.08_w0.4_side_gt_anchor,0.9619319812584258,0.8977668575023723,0.2328767123287671,0.5205479452054794,22,0.0,1.0,0.5,0.2899114363311556,class_selective_rank,anchor=v114;side=v119;margin=0.08;w=0.4;gate=side_gt_anchor,0
v114_v119_rank_cls_margin0.08_w0.4_side_rank_top,0.9619319812584258,0.8977668575023723,0.2328767123287671,0.5205479452054794,22,0.0,1.0,0.5,0.2899114363311556,class_selective_rank,anchor=v114;side=v119;margin=0.08;w=0.4;gate=side_rank_top,0
v114_v119_rank_cls_margin0.08_w0.4_anchor_not_top5,0.9619319812584258,0.8977668575023723,0.2328767123287671,0.5205479452054794,22,0.0,1.0,0.5,0.2899114363311556,class_selective_rank,anchor=v114;side=v119;margin=0.08;w=0.4;gate=anchor_not_top5,0
v114_v119_rank_cls_margin0.1_w0.05_none,0.9619319812584258,0.8977668575023723,0.2328767123287671,0.5205479452054794,22,0.0,1.0,0.5,0.2899114363311556,class_selective_rank,anchor=v114;side=v119;margin=0.1;w=0.05;gate=none,0
v114_v119_rank_cls_margin0.1_w0.05_side_gt_anchor,0.9619319812584258,0.8977668575023723,0.2328767123287671,0.5205479452054794,22,0.0,1.0,0.5,0.2899114363311556,class_selective_rank,anchor=v114;side=v119;margin=0.1;w=0.05;gate=side_gt_anchor,0
v114_v119_rank_cls_margin0.1_w0.05_side_rank_top,0.9619319812584258,0.8977668575023723,0.2328767123287671,0.5205479452054794,22,0.0,1.0,0.5,0.2899114363311556,class_selective_rank,anchor=v114;side=v119;margin=0.1;w=0.05;gate=side_rank_top,0
v114_v119_rank_cls_margin0.1_w0.05_anchor_not_top5,0.9619319812584258,0.8977668575023723,0.2328767123287671,0.5205479452054794,22,0.0,1.0,0.5,0.2899114363311556,class_selective_rank,anchor=v114;side=v119;margin=0.1;w=0.05;gate=anchor_not_top5,0
v114_v119_rank_cls_margin0.1_w0.08_none,0.9619319812584258,0.8977668575023723,0.2328767123287671,0.5205479452054794,22,0.0,1.0,0.5,0.2899114363311556,class_selective_rank,anchor=v114;side=v119;margin=0.1;w=0.08;gate=none,0
v114_v119_rank_cls_margin0.1_w0.08_side_gt_anchor,0.9619319812584258,0.8977668575023723,0.2328767123287671,0.5205479452054794,22,0.0,1.0,0.5,0.2899114363311556,class_selective_rank,anchor=v114;side=v119;margin=0.1;w=0.08;gate=side_gt_anchor,0
v114_v119_rank_cls_margin0.1_w0.08_side_rank_top,0.9619319812584258,0.8977668575023723,0.2328767123287671,0.5205479452054794,22,0.0,1.0,0.5,0.2899114363311556,class_selective_rank,anchor=v114;side=v119;margin=0.1;w=0.08;gate=side_rank_top,0
v114_v119_rank_cls_margin0.1_w0.08_anchor_not_top5,0.9619319812584258,0.8977668575023723,0.2328767123287671,0.5205479452054794,22,0.0,1.0,0.5,0.2899114363311556,class_selective_rank,anchor=v114;side=v119;margin=0.1;w=0.08;gate=anchor_not_top5,0
v114_v119_rank_cls_margin0.1_w0.1_none,0.9619319812584258,0.8977668575023723,0.2328767123287671,0.5205479452054794,22,0.0,1.0,0.5,0.2899114363311556,class_selective_rank,anchor=v114;side=v119;margin=0.1;w=0.1;gate=none,0
v114_v119_rank_cls_margin0.1_w0.1_side_gt_anchor,0.9619319812584258,0.8977668575023723,0.2328767123287671,0.5205479452054794,22,0.0,1.0,0.5,0.2899114363311556,class_selective_rank,anchor=v114;side=v119;margin=0.1;w=0.1;gate=side_gt_anchor,0
v114_v119_rank_cls_margin0.1_w0.1_side_rank_top,0.9619319812584258,0.8977668575023723,0.2328767123287671,0.5205479452054794,22,0.0,1.0,0.5,0.2899114363311556,class_selective_rank,anchor=v114;side=v119;margin=0.1;w=0.1;gate=side_rank_top,0
v114_v119_rank_cls_margin0.1_w0.1_anchor_not_top5,0.9619319812584258,0.8977668575023723,0.2328767123287671,0.5205479452054794,22,0.0,1.0,0.5,0.2899114363311556,class_selective_rank,anchor=v114;side=v119;margin=0.1;w=0.1;gate=anchor_not_top5,0
v114_v119_rank_cls_margin0.1_w0.12_none,0.9619319812584258,0.8977668575023723,0.2328767123287671,0.5205479452054794,22,0.0,1.0,0.5,0.2899114363311556,class_selective_rank,anchor=v114;side=v119;margin=0.1;w=0.12;gate=none,0
v114_v119_rank_cls_margin0.1_w0.12_side_gt_anchor,0.9619319812584258,0.8977668575023723,0.2328767123287671,0.5205479452054794,22,0.0,1.0,0.5,0.2899114363311556,class_selective_rank,anchor=v114;side=v119;margin=0.1;w=0.12;gate=side_gt_anchor,0
v114_v119_rank_cls_margin0.1_w0.12_side_rank_top,0.9619319812584258,0.8977668575023723,0.2328767123287671,0.5205479452054794,22,0.0,1.0,0.5,0.2899114363311556,class_selective_rank,anchor=v114;side=v119;margin=0.1;w=0.12;gate=side_rank_top,0
v114_v119_rank_cls_margin0.1_w0.12_anchor_not_top5,0.9619319812584258,0.8977668575023723,0.2328767123287671,0.5205479452054794,22,0.0,1.0,0.5,0.2899114363311556,class_selective_rank,anchor=v114;side=v119;margin=0.1;w=0.12;gate=anchor_not_top5,0
v114_v119_rank_cls_margin0.1_w0.15_none,0.9619319812584258,0.8977668575023723,0.2328767123287671,0.5205479452054794,22,0.0,1.0,0.5,0.2899114363311556,class_selective_rank,anchor=v114;side=v119;margin=0.1;w=0.15;gate=none,0
v114_v119_rank_cls_margin0.1_w0.15_side_gt_anchor,0.9619319812584258,0.8977668575023723,0.2328767123287671,0.5205479452054794,22,0.0,1.0,0.5,0.2899114363311556,class_selective_rank,anchor=v114;side=v119;margin=0.1;w=0.15;gate=side_gt_anchor,0
v114_v119_rank_cls_margin0.1_w0.15_side_rank_top,0.9619319812584258,0.8977668575023723,0.2328767123287671,0.5205479452054794,22,0.0,1.0,0.5,0.2899114363311556,class_selective_rank,anchor=v114;side=v119;margin=0.1;w=0.15;gate=side_rank_top,0
v114_v119_rank_cls_margin0.1_w0.15_anchor_not_top5,0.9619319812584258,0.8977668575023723,0.2328767123287671,0.5205479452054794,22,0.0,1.0,0.5,0.2899114363311556,class_selective_rank,anchor=v114;side=v119;margin=0.1;w=0.15;gate=anchor_not_top5,0
v114_v119_rank_cls_margin0.1_w0.18_none,0.9619319812584258,0.8977668575023723,0.2328767123287671,0.5205479452054794,22,0.0,1.0,0.5,0.2899114363311556,class_selective_rank,anchor=v114;side=v119;margin=0.1;w=0.18;gate=none,0
v114_v119_rank_cls_margin0.1_w0.18_side_gt_anchor,0.9619319812584258,0.8977668575023723,0.2328767123287671,0.5205479452054794,22,0.0,1.0,0.5,0.2899114363311556,class_selective_rank,anchor=v114;side=v119;margin=0.1;w=0.18;gate=side_gt_anchor,0
v114_v119_rank_cls_margin0.1_w0.18_side_rank_top,0.9619319812584258,0.8977668575023723,0.2328767123287671,0.5205479452054794,22,0.0,1.0,0.5,0.2899114363311556,class_selective_rank,anchor=v114;side=v119;margin=0.1;w=0.18;gate=side_rank_top,0
v114_v119_rank_cls_margin0.1_w0.18_anchor_not_top5,0.9619319812584258,0.8977668575023723,0.2328767123287671,0.5205479452054794,22,0.0,1.0,0.5,0.2899114363311556,class_selective_rank,anchor=v114;side=v119;margin=0.1;w=0.18;gate=anchor_not_top5,0
v114_v119_rank_cls_margin0.1_w0.2_none,0.9619319812584258,0.8977668575023723,0.2328767123287671,0.5205479452054794,22,0.0,1.0,0.5,0.2899114363311556,class_selective_rank,anchor=v114;side=v119;margin=0.1;w=0.2;gate=none,0
v114_v119_rank_cls_margin0.1_w0.2_side_gt_anchor,0.9619319812584258,0.8977668575023723,0.2328767123287671,0.5205479452054794,22,0.0,1.0,0.5,0.2899114363311556,class_selective_rank,anchor=v114;side=v119;margin=0.1;w=0.2;gate=side_gt_anchor,0
v114_v119_rank_cls_margin0.1_w0.2_side_rank_top,0.9619319812584258,0.8977668575023723,0.2328767123287671,0.5205479452054794,22,0.0,1.0,0.5,0.2899114363311556,class_selective_rank,anchor=v114;side=v119;margin=0.1;w=0.2;gate=side_rank_top,0
v114_v119_rank_cls_margin0.1_w0.2_anchor_not_top5,0.9619319812584258,0.8977668575023723,0.2328767123287671,0.5205479452054794,22,0.0,1.0,0.5,0.2899114363311556,class_selective_rank,anchor=v114;side=v119;margin=0.1;w=0.2;gate=anchor_not_top5,0
v114_v119_rank_cls_margin0.1_w0.25_none,0.9619319812584258,0.8977668575023723,0.2328767123287671,0.5205479452054794,22,0.0,1.0,0.5,0.2899114363311556,class_selective_rank,anchor=v114;side=v119;margin=0.1;w=0.25;gate=none,0
v114_v119_rank_cls_margin0.1_w0.25_side_gt_anchor,0.9619319812584258,0.8977668575023723,0.2328767123287671,0.5205479452054794,22,0.0,1.0,0.5,0.2899114363311556,class_selective_rank,anchor=v114;side=v119;margin=0.1;w=0.25;gate=side_gt_anchor,0
v114_v119_rank_cls_margin0.1_w0.25_side_rank_top,0.9619319812584258,0.8977668575023723,0.2328767123287671,0.5205479452054794,22,0.0,1.0,0.5,0.2899114363311556,class_selective_rank,anchor=v114;side=v119;margin=0.1;w=0.25;gate=side_rank_top,0
v114_v119_rank_cls_margin0.1_w0.25_anchor_not_top5,0.9619319812584258,0.8977668575023723,0.2328767123287671,0.5205479452054794,22,0.0,1.0,0.5,0.2899114363311556,class_selective_rank,anchor=v114;side=v119;margin=0.1;w=0.25;gate=anchor_not_top5,0
v114_v119_rank_cls_margin0.1_w0.3_none,0.9619319812584258,0.8977668575023723,0.2328767123287671,0.5205479452054794,22,0.0,1.0,0.5,0.2899114363311556,class_selective_rank,anchor=v114;side=v119;margin=0.1;w=0.3;gate=none,0
v114_v119_rank_cls_margin0.1_w0.3_side_gt_anchor,0.9619319812584258,0.8977668575023723,0.2328767123287671,0.5205479452054794,22,0.0,1.0,0.5,0.2899114363311556,class_selective_rank,anchor=v114;side=v119;margin=0.1;w=0.3;gate=side_gt_anchor,0
v114_v119_rank_cls_margin0.1_w0.3_side_rank_top,0.9619319812584258,0.8977668575023723,0.2328767123287671,0.5205479452054794,22,0.0,1.0,0.5,0.2899114363311556,class_selective_rank,anchor=v114;side=v119;margin=0.1;w=0.3;gate=side_rank_top,0
v114_v119_rank_cls_margin0.1_w0.3_anchor_not_top5,0.9619319812584258,0.8977668575023723,0.2328767123287671,0.5205479452054794,22,0.0,1.0,0.5,0.2899114363311556,class_selective_rank,anchor=v114;side=v119;margin=0.1;w=0.3;gate=anchor_not_top5,0
v114_v119_rank_cls_margin0.1_w0.35_none,0.9619319812584258,0.8977668575023723,0.2328767123287671,0.5205479452054794,22,0.0,1.0,0.5,0.2899114363311556,class_selective_rank,anchor=v114;side=v119;margin=0.1;w=0.35;gate=none,0
v114_v119_rank_cls_margin0.1_w0.35_side_gt_anchor,0.9619319812584258,0.8977668575023723,0.2328767123287671,0.5205479452054794,22,0.0,1.0,0.5,0.2899114363311556,class_selective_rank,anchor=v114;side=v119;margin=0.1;w=0.35;gate=side_gt_anchor,0
v114_v119_rank_cls_margin0.1_w0.35_side_rank_top,0.9619319812584258,0.8977668575023723,0.2328767123287671,0.5205479452054794,22,0.0,1.0,0.5,0.2899114363311556,class_selective_rank,anchor=v114;side=v119;margin=0.1;w=0.35;gate=side_rank_top,0
v114_v119_rank_cls_margin0.1_w0.35_anchor_not_top5,0.9619319812584258,0.8977668575023723,0.2328767123287671,0.5205479452054794,22,0.0,1.0,0.5,0.2899114363311556,class_selective_rank,anchor=v114;side=v119;margin=0.1;w=0.35;gate=anchor_not_top5,0
v114_v119_rank_cls_margin0.1_w0.4_none,0.9619319812584258,0.8977668575023723,0.2328767123287671,0.5205479452054794,22,0.0,1.0,0.5,0.2899114363311556,class_selective_rank,anchor=v114;side=v119;margin=0.1;w=0.4;gate=none,0
v114_v119_rank_cls_margin0.1_w0.4_side_gt_anchor,0.9619319812584258,0.8977668575023723,0.2328767123287671,0.5205479452054794,22,0.0,1.0,0.5,0.2899114363311556,class_selective_rank,anchor=v114;side=v119;margin=0.1;w=0.4;gate=side_gt_anchor,0
v114_v119_rank_cls_margin0.1_w0.4_side_rank_top,0.9619319812584258,0.8977668575023723,0.2328767123287671,0.5205479452054794,22,0.0,1.0,0.5,0.2899114363311556,class_selective_rank,anchor=v114;side=v119;margin=0.1;w=0.4;gate=side_rank_top,0
v114_v119_rank_cls_margin0.1_w0.4_anchor_not_top5,0.9619319812584258,0.8977668575023723,0.2328767123287671,0.5205479452054794,22,0.0,1.0,0.5,0.2899114363311556,class_selective_rank,anchor=v114;side=v119;margin=0.1;w=0.4;gate=anchor_not_top5,0
v114_v119_rank_cls_margin0.15_w0.05_none,0.9619319812584258,0.8977668575023723,0.2328767123287671,0.5205479452054794,22,0.0,1.0,0.5,0.2899114363311556,class_selective_rank,anchor=v114;side=v119;margin=0.15;w=0.05;gate=none,0
v114_v119_rank_cls_margin0.15_w0.05_side_gt_anchor,0.9619319812584258,0.8977668575023723,0.2328767123287671,0.5205479452054794,22,0.0,1.0,0.5,0.2899114363311556,class_selective_rank,anchor=v114;side=v119;margin=0.15;w=0.05;gate=side_gt_anchor,0
v114_v119_rank_cls_margin0.15_w0.05_side_rank_top,0.9619319812584258,0.8977668575023723,0.2328767123287671,0.5205479452054794,22,0.0,1.0,0.5,0.2899114363311556,class_selective_rank,anchor=v114;side=v119;margin=0.15;w=0.05;gate=side_rank_top,0
v114_v119_rank_cls_margin0.15_w0.05_anchor_not_top5,0.9619319812584258,0.8977668575023723,0.2328767123287671,0.5205479452054794,22,0.0,1.0,0.5,0.2899114363311556,class_selective_rank,anchor=v114;side=v119;margin=0.15;w=0.05;gate=anchor_not_top5,0
v114_v119_rank_cls_margin0.15_w0.08_none,0.9619319812584258,0.8977668575023723,0.2328767123287671,0.5205479452054794,22,0.0,1.0,0.5,0.2899114363311556,class_selective_rank,anchor=v114;side=v119;margin=0.15;w=0.08;gate=none,0
v114_v119_rank_cls_margin0.15_w0.08_side_gt_anchor,0.9619319812584258,0.8977668575023723,0.2328767123287671,0.5205479452054794,22,0.0,1.0,0.5,0.2899114363311556,class_selective_rank,anchor=v114;side=v119;margin=0.15;w=0.08;gate=side_gt_anchor,0
v114_v119_rank_cls_margin0.15_w0.08_side_rank_top,0.9619319812584258,0.8977668575023723,0.2328767123287671,0.5205479452054794,22,0.0,1.0,0.5,0.2899114363311556,class_selective_rank,anchor=v114;side=v119;margin=0.15;w=0.08;gate=side_rank_top,0
v114_v119_rank_cls_margin0.15_w0.08_anchor_not_top5,0.9619319812584258,0.8977668575023723,0.2328767123287671,0.5205479452054794,22,0.0,1.0,0.5,0.2899114363311556,class_selective_rank,anchor=v114;side=v119;margin=0.15;w=0.08;gate=anchor_not_top5,0
v114_v119_rank_cls_margin0.15_w0.1_none,0.9619319812584258,0.8977668575023723,0.2328767123287671,0.5205479452054794,22,0.0,1.0,0.5,0.2899114363311556,class_selective_rank,anchor=v114;side=v119;margin=0.15;w=0.1;gate=none,0
v114_v119_rank_cls_margin0.15_w0.1_side_gt_anchor,0.9619319812584258,0.8977668575023723,0.2328767123287671,0.5205479452054794,22,0.0,1.0,0.5,0.2899114363311556,class_selective_rank,anchor=v114;side=v119;margin=0.15;w=0.1;gate=side_gt_anchor,0
v114_v119_rank_cls_margin0.15_w0.1_side_rank_top,0.9619319812584258,0.8977668575023723,0.2328767123287671,0.5205479452054794,22,0.0,1.0,0.5,0.2899114363311556,class_selective_rank,anchor=v114;side=v119;margin=0.15;w=0.1;gate=side_rank_top,0
v114_v119_rank_cls_margin0.15_w0.1_anchor_not_top5,0.9619319812584258,0.8977668575023723,0.2328767123287671,0.5205479452054794,22,0.0,1.0,0.5,0.2899114363311556,class_selective_rank,anchor=v114;side=v119;margin=0.15;w=0.1;gate=anchor_not_top5,0
v114_v119_rank_cls_margin0.15_w0.12_none,0.9619319812584258,0.8977668575023723,0.2328767123287671,0.5205479452054794,22,0.0,1.0,0.5,0.2899114363311556,class_selective_rank,anchor=v114;side=v119;margin=0.15;w=0.12;gate=none,0
v114_v119_rank_cls_margin0.15_w0.12_side_gt_anchor,0.9619319812584258,0.8977668575023723,0.2328767123287671,0.5205479452054794,22,0.0,1.0,0.5,0.2899114363311556,class_selective_rank,anchor=v114;side=v119;margin=0.15;w=0.12;gate=side_gt_anchor,0
v114_v119_rank_cls_margin0.15_w0.12_side_rank_top,0.9619319812584258,0.8977668575023723,0.2328767123287671,0.5205479452054794,22,0.0,1.0,0.5,0.2899114363311556,class_selective_rank,anchor=v114;side=v119;margin=0.15;w=0.12;gate=side_rank_top,0
v114_v119_rank_cls_margin0.15_w0.12_anchor_not_top5,0.9619319812584258,0.8977668575023723,0.2328767123287671,0.5205479452054794,22,0.0,1.0,0.5,0.2899114363311556,class_selective_rank,anchor=v114;side=v119;margin=0.15;w=0.12;gate=anchor_not_top5,0
v114_v119_rank_cls_margin0.15_w0.15_none,0.9619319812584258,0.8977668575023723,0.2328767123287671,0.5205479452054794,22,0.0,1.0,0.5,0.2899114363311556,class_selective_rank,anchor=v114;side=v119;margin=0.15;w=0.15;gate=none,0
v114_v119_rank_cls_margin0.15_w0.15_side_gt_anchor,0.9619319812584258,0.8977668575023723,0.2328767123287671,0.5205479452054794,22,0.0,1.0,0.5,0.2899114363311556,class_selective_rank,anchor=v114;side=v119;margin=0.15;w=0.15;gate=side_gt_anchor,0
v114_v119_rank_cls_margin0.15_w0.15_side_rank_top,0.9619319812584258,0.8977668575023723,0.2328767123287671,0.5205479452054794,22,0.0,1.0,0.5,0.2899114363311556,class_selective_rank,anchor=v114;side=v119;margin=0.15;w=0.15;gate=side_rank_top,0
v114_v119_rank_cls_margin0.15_w0.15_anchor_not_top5,0.9619319812584258,0.8977668575023723,0.2328767123287671,0.5205479452054794,22,0.0,1.0,0.5,0.2899114363311556,class_selective_rank,anchor=v114;side=v119;margin=0.15;w=0.15;gate=anchor_not_top5,0
v114_v119_rank_cls_margin0.15_w0.18_none,0.9619319812584258,0.8977668575023723,0.2328767123287671,0.5205479452054794,22,0.0,1.0,0.5,0.2899114363311556,class_selective_rank,anchor=v114;side=v119;margin=0.15;w=0.18;gate=none,0
v114_v119_rank_cls_margin0.15_w0.18_side_gt_anchor,0.9619319812584258,0.8977668575023723,0.2328767123287671,0.5205479452054794,22,0.0,1.0,0.5,0.2899114363311556,class_selective_rank,anchor=v114;side=v119;margin=0.15;w=0.18;gate=side_gt_anchor,0
v114_v119_rank_cls_margin0.15_w0.18_side_rank_top,0.9619319812584258,0.8977668575023723,0.2328767123287671,0.5205479452054794,22,0.0,1.0,0.5,0.2899114363311556,class_selective_rank,anchor=v114;side=v119;margin=0.15;w=0.18;gate=side_rank_top,0
v114_v119_rank_cls_margin0.15_w0.18_anchor_not_top5,0.9619319812584258,0.8977668575023723,0.2328767123287671,0.5205479452054794,22,0.0,1.0,0.5,0.2899114363311556,class_selective_rank,anchor=v114;side=v119;margin=0.15;w=0.18;gate=anchor_not_top5,0
v114_v119_rank_cls_margin0.15_w0.2_none,0.9619319812584258,0.8977668575023723,0.2328767123287671,0.5205479452054794,22,0.0,1.0,0.5,0.2899114363311556,class_selective_rank,anchor=v114;side=v119;margin=0.15;w=0.2;gate=none,0
v114_v119_rank_cls_margin0.15_w0.2_side_gt_anchor,0.9619319812584258,0.8977668575023723,0.2328767123287671,0.5205479452054794,22,0.0,1.0,0.5,0.2899114363311556,class_selective_rank,anchor=v114;side=v119;margin=0.15;w=0.2;gate=side_gt_anchor,0
v114_v119_rank_cls_margin0.15_w0.2_side_rank_top,0.9619319812584258,0.8977668575023723,0.2328767123287671,0.5205479452054794,22,0.0,1.0,0.5,0.2899114363311556,class_selective_rank,anchor=v114;side=v119;margin=0.15;w=0.2;gate=side_rank_top,0
v114_v119_rank_cls_margin0.15_w0.2_anchor_not_top5,0.9619319812584258,0.8977668575023723,0.2328767123287671,0.5205479452054794,22,0.0,1.0,0.5,0.2899114363311556,class_selective_rank,anchor=v114;side=v119;margin=0.15;w=0.2;gate=anchor_not_top5,0
v114_v119_rank_cls_margin0.15_w0.25_none,0.9619319812584258,0.8977668575023723,0.2328767123287671,0.5205479452054794,22,0.0,1.0,0.5,0.2899114363311556,class_selective_rank,anchor=v114;side=v119;margin=0.15;w=0.25;gate=none,0
v114_v119_rank_cls_margin0.15_w0.25_side_gt_anchor,0.9619319812584258,0.8977668575023723,0.2328767123287671,0.5205479452054794,22,0.0,1.0,0.5,0.2899114363311556,class_selective_rank,anchor=v114;side=v119;margin=0.15;w=0.25;gate=side_gt_anchor,0
v114_v119_rank_cls_margin0.15_w0.25_side_rank_top,0.9619319812584258,0.8977668575023723,0.2328767123287671,0.5205479452054794,22,0.0,1.0,0.5,0.2899114363311556,class_selective_rank,anchor=v114;side=v119;margin=0.15;w=0.25;gate=side_rank_top,0
v114_v119_rank_cls_margin0.15_w0.25_anchor_not_top5,0.9619319812584258,0.8977668575023723,0.2328767123287671,0.5205479452054794,22,0.0,1.0,0.5,0.2899114363311556,class_selective_rank,anchor=v114;side=v119;margin=0.15;w=0.25;gate=anchor_not_top5,0
v114_v119_rank_cls_margin0.15_w0.3_none,0.9619319812584258,0.8977668575023723,0.2328767123287671,0.5205479452054794,22,0.0,1.0,0.5,0.2899114363311556,class_selective_rank,anchor=v114;side=v119;margin=0.15;w=0.3;gate=none,0
v114_v119_rank_cls_margin0.15_w0.3_side_gt_anchor,0.9619319812584258,0.8977668575023723,0.2328767123287671,0.5205479452054794,22,0.0,1.0,0.5,0.2899114363311556,class_selective_rank,anchor=v114;side=v119;margin=0.15;w=0.3;gate=side_gt_anchor,0
v114_v119_rank_cls_margin0.15_w0.3_side_rank_top,0.9619319812584258,0.8977668575023723,0.2328767123287671,0.5205479452054794,22,0.0,1.0,0.5,0.2899114363311556,class_selective_rank,anchor=v114;side=v119;margin=0.15;w=0.3;gate=side_rank_top,0
v114_v119_rank_cls_margin0.15_w0.3_anchor_not_top5,0.9619319812584258,0.8977668575023723,0.2328767123287671,0.5205479452054794,22,0.0,1.0,0.5,0.2899114363311556,class_selective_rank,anchor=v114;side=v119;margin=0.15;w=0.3;gate=anchor_not_top5,0
v114_v119_rank_cls_margin0.15_w0.35_none,0.9619319812584258,0.8977668575023723,0.2328767123287671,0.5205479452054794,22,0.0,1.0,0.5,0.2899114363311556,class_selective_rank,anchor=v114;side=v119;margin=0.15;w=0.35;gate=none,0
v114_v119_rank_cls_margin0.15_w0.35_side_gt_anchor,0.9619319812584258,0.8977668575023723,0.2328767123287671,0.5205479452054794,22,0.0,1.0,0.5,0.2899114363311556,class_selective_rank,anchor=v114;side=v119;margin=0.15;w=0.35;gate=side_gt_anchor,0
v114_v119_rank_cls_margin0.15_w0.35_side_rank_top,0.9619319812584258,0.8977668575023723,0.2328767123287671,0.5205479452054794,22,0.0,1.0,0.5,0.2899114363311556,class_selective_rank,anchor=v114;side=v119;margin=0.15;w=0.35;gate=side_rank_top,0
v114_v119_rank_cls_margin0.15_w0.35_anchor_not_top5,0.9619319812584258,0.8977668575023723,0.2328767123287671,0.5205479452054794,22,0.0,1.0,0.5,0.2899114363311556,class_selective_rank,anchor=v114;side=v119;margin=0.15;w=0.35;gate=anchor_not_top5,0
v114_v119_rank_cls_margin0.15_w0.4_none,0.9619319812584258,0.8977668575023723,0.2328767123287671,0.5205479452054794,22,0.0,1.0,0.5,0.2899114363311556,class_selective_rank,anchor=v114;side=v119;margin=0.15;w=0.4;gate=none,0
v114_v119_rank_cls_margin0.15_w0.4_side_gt_anchor,0.9619319812584258,0.8977668575023723,0.2328767123287671,0.5205479452054794,22,0.0,1.0,0.5,0.2899114363311556,class_selective_rank,anchor=v114;side=v119;margin=0.15;w=0.4;gate=side_gt_anchor,0
v114_v119_rank_cls_margin0.15_w0.4_side_rank_top,0.9619319812584258,0.8977668575023723,0.2328767123287671,0.5205479452054794,22,0.0,1.0,0.5,0.2899114363311556,class_selective_rank,anchor=v114;side=v119;margin=0.15;w=0.4;gate=side_rank_top,0
v114_v119_rank_cls_margin0.15_w0.4_anchor_not_top5,0.9619319812584258,0.8977668575023723,0.2328767123287671,0.5205479452054794,22,0.0,1.0,0.5,0.2899114363311556,class_selective_rank,anchor=v114;side=v119;margin=0.15;w=0.4;gate=anchor_not_top5,0
v114_v119_rank_cls_margin0.02_w0.18_side_gt_anchor,0.9619319812584258,0.8977653041840298,0.2328767123287671,0.5205479452054794,22,0.0,1.0,0.5000358479146033,0.2898983954170116,class_selective_rank,anchor=v114;side=v119;margin=0.02;w=0.18;gate=side_gt_anchor,1
v114_v119_rank_cls_margin0.02_w0.12_none,0.9619196025695765,0.8977709421543099,0.2328767123287671,0.5205479452054794,22,0.0,1.0,0.5000033758808055,0.2898980469693111,class_selective_rank,anchor=v114;side=v119;margin=0.02;w=0.12;gate=none,1
v114_v119_rank_cls_margin0.02_w0.08_none,0.9619196025695765,0.8977688710631866,0.2328767123287671,0.5205479452054794,22,0.0,1.0,0.5000022503434944,0.28990204866879243,class_selective_rank,anchor=v114;side=v119;margin=0.02;w=0.08;gate=none,1
v114_v119_rank_cls_margin0.02_w0.1_none,0.9619196025695765,0.8977686409419506,0.2328767123287671,0.5205479452054794,22,0.0,1.0,0.5000028130816733,0.289899990139239,class_selective_rank,anchor=v114;side=v119;margin=0.02;w=0.1;gate=none,1
v114_v119_rank_cls_margin0.02_w0.05_none,0.9619196025695765,0.8977685834116417,0.2328767123287671,0.5205479452054794,22,0.0,1.0,0.5000014063504796,0.28990535275690943,class_selective_rank,anchor=v114;side=v119;margin=0.02;w=0.05;gate=none,1
v114_v119_rank_cls_margin0.02_w0.05_side_rank_top,0.9619196025695765,0.8977640385172322,0.2328767123287671,0.5205479452054794,22,0.0,1.0,0.5000021629258071,0.28991314376499383,class_selective_rank,anchor=v114;side=v119;margin=0.02;w=0.05;gate=side_rank_top,1
v114_v119_rank_cls_margin0.02_w0.08_side_rank_top,0.9619196025695765,0.8977614496533282,0.2328767123287671,0.5205479452054794,22,0.0,1.0,0.5000034608640183,0.2899141822954381,class_selective_rank,anchor=v114;side=v119;margin=0.02;w=0.08;gate=side_rank_top,1
v114_v119_rank_cls_margin0.02_w0.12_side_rank_top,0.9619196025695765,0.8977607592896204,0.2328767123287671,0.5205479452054794,22,0.0,1.0,0.5000051916615912,0.2899155834179379,class_selective_rank,anchor=v114;side=v119;margin=0.02;w=0.12;gate=side_rank_top,1
v114_v119_rank_cls_margin0.02_w0.1_side_rank_top,0.9619196025695765,0.8977607017593113,0.2328767123287671,0.5205479452054794,22,0.0,1.0,0.5000043262323279,0.28991488051164915,class_selective_rank,anchor=v114;side=v119;margin=0.02;w=0.1;gate=side_rank_top,1
v119,0.8652103401844898,0.8719710148496083,0.1232876712328767,0.3424657534246575,22,0.01366975,0.99985874,0.5204351106983973,0.25563497207282554,single,v119,0
v116,0.8593090259726626,0.8325188000420202,0.1917808219178082,0.3972602739726027,22,0.0125705,0.99981236,0.5207706998013533,0.25192378351366024,single,v116,0
