name,anchor,min_support,min_delta,weight,rank_margin,top1_threshold,top1_margin,macro_auc,micro_auc,top1_hit,top5_hit,scored_classes,corr_vs_anchor,mad_vs_anchor,corr_vs_v103_diagnostic,classes_mixed,active_cells,sources_used,selected_classes,min,max
v128_v114_clean_selfblend_min5_d0_w0.9_rm0_t0.7,v114_clean_selfblend,5,0.0,0.9,0.0,0.7,0.08,0.97987635,0.92085607,0.23287671,0.52054795,22,0.99768118,0.00147650,0.78387841,6,350,v112_backtracking_remap;v119_roniheka_hgnet,47158son01;47158son13;47158son18;47158son21;47158son22;47158son23,0.01114442,0.99946620
v128_v114_clean_selfblend_min5_d0_w0.9_rm0_t0.8,v114_clean_selfblend,5,0.0,0.9,0.0,0.8,0.08,0.97987635,0.92085607,0.23287671,0.52054795,22,0.99768118,0.00147650,0.78387841,6,350,v112_backtracking_remap;v119_roniheka_hgnet,47158son01;47158son13;47158son18;47158son21;47158son22;47158son23,0.01114442,0.99946620
v128_v114_clean_selfblend_min5_d0_w0.9_rm0_t0.9,v114_clean_selfblend,5,0.0,0.9,0.0,0.9,0.08,0.97987635,0.92085607,0.23287671,0.52054795,22,0.99768118,0.00147650,0.78387841,6,350,v112_backtracking_remap;v119_roniheka_hgnet,47158son01;47158son13;47158son18;47158son21;47158son22;47158son23,0.01114442,0.99946620
v128_v114_clean_selfblend_min10_d0_w0.9_rm0_t0.7,v114_clean_selfblend,10,0.0,0.9,0.0,0.7,0.08,0.97987635,0.92085607,0.23287671,0.52054795,22,0.99768118,0.00147650,0.78387841,6,350,v112_backtracking_remap;v119_roniheka_hgnet,47158son01;47158son13;47158son18;47158son21;47158son22;47158son23,0.01114442,0.99946620
v128_v114_clean_selfblend_min10_d0_w0.9_rm0_t0.8,v114_clean_selfblend,10,0.0,0.9,0.0,0.8,0.08,0.97987635,0.92085607,0.23287671,0.52054795,22,0.99768118,0.00147650,0.78387841,6,350,v112_backtracking_remap;v119_roniheka_hgnet,47158son01;47158son13;47158son18;47158son21;47158son22;47158son23,0.01114442,0.99946620
v128_v114_clean_selfblend_min10_d0_w0.9_rm0_t0.9,v114_clean_selfblend,10,0.0,0.9,0.0,0.9,0.08,0.97987635,0.92085607,0.23287671,0.52054795,22,0.99768118,0.00147650,0.78387841,6,350,v112_backtracking_remap;v119_roniheka_hgnet,47158son01;47158son13;47158son18;47158son21;47158son22;47158son23,0.01114442,0.99946620
v128_v114_clean_selfblend_min5_d0_w0.9_rm0.05_t0.7,v114_clean_selfblend,5,0.0,0.9,0.05,0.7,0.08,0.97985691,0.91981454,0.23287671,0.52054795,22,0.99768927,0.00145149,0.78385620,6,299,v112_backtracking_remap;v119_roniheka_hgnet,47158son01;47158son13;47158son18;47158son21;47158son22;47158son23,0.01114442,0.99946620
v128_v114_clean_selfblend_min5_d0_w0.9_rm0.05_t0.8,v114_clean_selfblend,5,0.0,0.9,0.05,0.8,0.08,0.97985691,0.91981454,0.23287671,0.52054795,22,0.99768927,0.00145149,0.78385620,6,299,v112_backtracking_remap;v119_roniheka_hgnet,47158son01;47158son13;47158son18;47158son21;47158son22;47158son23,0.01114442,0.99946620
v128_v114_clean_selfblend_min5_d0_w0.9_rm0.05_t0.9,v114_clean_selfblend,5,0.0,0.9,0.05,0.9,0.08,0.97985691,0.91981454,0.23287671,0.52054795,22,0.99768927,0.00145149,0.78385620,6,299,v112_backtracking_remap;v119_roniheka_hgnet,47158son01;47158son13;47158son18;47158son21;47158son22;47158son23,0.01114442,0.99946620
v128_v114_clean_selfblend_min10_d0_w0.9_rm0.05_t0.7,v114_clean_selfblend,10,0.0,0.9,0.05,0.7,0.08,0.97985691,0.91981454,0.23287671,0.52054795,22,0.99768927,0.00145149,0.78385620,6,299,v112_backtracking_remap;v119_roniheka_hgnet,47158son01;47158son13;47158son18;47158son21;47158son22;47158son23,0.01114442,0.99946620
v128_v114_clean_selfblend_min10_d0_w0.9_rm0.05_t0.8,v114_clean_selfblend,10,0.0,0.9,0.05,0.8,0.08,0.97985691,0.91981454,0.23287671,0.52054795,22,0.99768927,0.00145149,0.78385620,6,299,v112_backtracking_remap;v119_roniheka_hgnet,47158son01;47158son13;47158son18;47158son21;47158son22;47158son23,0.01114442,0.99946620
v128_v114_clean_selfblend_min10_d0_w0.9_rm0.05_t0.9,v114_clean_selfblend,10,0.0,0.9,0.05,0.9,0.08,0.97985691,0.91981454,0.23287671,0.52054795,22,0.99768927,0.00145149,0.78385620,6,299,v112_backtracking_remap;v119_roniheka_hgnet,47158son01;47158son13;47158son18;47158son21;47158son22;47158son23,0.01114442,0.99946620
v128_v114_clean_selfblend_min15_d0_w0.9_rm0_t0.7,v114_clean_selfblend,15,0.0,0.9,0.0,0.7,0.08,0.97983844,0.91929021,0.23287671,0.52054795,22,0.99818925,0.00108600,0.78404058,4,237,v112_backtracking_remap;v119_roniheka_hgnet,47158son13;47158son21;47158son22;47158son23,0.01114442,0.99946620
v128_v114_clean_selfblend_min15_d0_w0.9_rm0_t0.8,v114_clean_selfblend,15,0.0,0.9,0.0,0.8,0.08,0.97983844,0.91929021,0.23287671,0.52054795,22,0.99818925,0.00108600,0.78404058,4,237,v112_backtracking_remap;v119_roniheka_hgnet,47158son13;47158son21;47158son22;47158son23,0.01114442,0.99946620
v128_v114_clean_selfblend_min15_d0_w0.9_rm0_t0.9,v114_clean_selfblend,15,0.0,0.9,0.0,0.9,0.08,0.97983844,0.91929021,0.23287671,0.52054795,22,0.99818925,0.00108600,0.78404058,4,237,v112_backtracking_remap;v119_roniheka_hgnet,47158son13;47158son21;47158son22;47158son23,0.01114442,0.99946620
v128_v114_clean_selfblend_min20_d0_w0.9_rm0_t0.7,v114_clean_selfblend,20,0.0,0.9,0.0,0.7,0.08,0.97983844,0.91929021,0.23287671,0.52054795,22,0.99818925,0.00108600,0.78404058,4,237,v112_backtracking_remap;v119_roniheka_hgnet,47158son13;47158son21;47158son22;47158son23,0.01114442,0.99946620
v128_v114_clean_selfblend_min20_d0_w0.9_rm0_t0.8,v114_clean_selfblend,20,0.0,0.9,0.0,0.8,0.08,0.97983844,0.91929021,0.23287671,0.52054795,22,0.99818925,0.00108600,0.78404058,4,237,v112_backtracking_remap;v119_roniheka_hgnet,47158son13;47158son21;47158son22;47158son23,0.01114442,0.99946620
v128_v114_clean_selfblend_min20_d0_w0.9_rm0_t0.9,v114_clean_selfblend,20,0.0,0.9,0.0,0.9,0.08,0.97983844,0.91929021,0.23287671,0.52054795,22,0.99818925,0.00108600,0.78404058,4,237,v112_backtracking_remap;v119_roniheka_hgnet,47158son13;47158son21;47158son22;47158son23,0.01114442,0.99946620
v128_v114_clean_selfblend_min15_d0_w0.9_rm0.05_t0.7,v114_clean_selfblend,15,0.0,0.9,0.05,0.7,0.08,0.97981900,0.91886874,0.23287671,0.52054795,22,0.99819154,0.00106977,0.78403916,4,201,v112_backtracking_remap;v119_roniheka_hgnet,47158son13;47158son21;47158son22;47158son23,0.01114442,0.99946620
v128_v114_clean_selfblend_min15_d0_w0.9_rm0.05_t0.8,v114_clean_selfblend,15,0.0,0.9,0.05,0.8,0.08,0.97981900,0.91886874,0.23287671,0.52054795,22,0.99819154,0.00106977,0.78403916,4,201,v112_backtracking_remap;v119_roniheka_hgnet,47158son13;47158son21;47158son22;47158son23,0.01114442,0.99946620
v128_v114_clean_selfblend_min15_d0_w0.9_rm0.05_t0.9,v114_clean_selfblend,15,0.0,0.9,0.05,0.9,0.08,0.97981900,0.91886874,0.23287671,0.52054795,22,0.99819154,0.00106977,0.78403916,4,201,v112_backtracking_remap;v119_roniheka_hgnet,47158son13;47158son21;47158son22;47158son23,0.01114442,0.99946620
v128_v114_clean_selfblend_min20_d0_w0.9_rm0.05_t0.7,v114_clean_selfblend,20,0.0,0.9,0.05,0.7,0.08,0.97981900,0.91886874,0.23287671,0.52054795,22,0.99819154,0.00106977,0.78403916,4,201,v112_backtracking_remap;v119_roniheka_hgnet,47158son13;47158son21;47158son22;47158son23,0.01114442,0.99946620
v128_v114_clean_selfblend_min20_d0_w0.9_rm0.05_t0.8,v114_clean_selfblend,20,0.0,0.9,0.05,0.8,0.08,0.97981900,0.91886874,0.23287671,0.52054795,22,0.99819154,0.00106977,0.78403916,4,201,v112_backtracking_remap;v119_roniheka_hgnet,47158son13;47158son21;47158son22;47158son23,0.01114442,0.99946620
v128_v114_clean_selfblend_min20_d0_w0.9_rm0.05_t0.9,v114_clean_selfblend,20,0.0,0.9,0.05,0.9,0.08,0.97981900,0.91886874,0.23287671,0.52054795,22,0.99819154,0.00106977,0.78403916,4,201,v112_backtracking_remap;v119_roniheka_hgnet,47158son13;47158son21;47158son22;47158son23,0.01114442,0.99946620
v128_v114_clean_selfblend_min5_d0_w0.9_rm0.1_t0.7,v114_clean_selfblend,5,0.0,0.9,0.1,0.7,0.08,0.97979956,0.91840137,0.23287671,0.52054795,22,0.99771001,0.00141288,0.78386122,6,275,v112_backtracking_remap;v119_roniheka_hgnet,47158son01;47158son13;47158son18;47158son21;47158son22;47158son23,0.01114442,0.99946620
v128_v114_clean_selfblend_min5_d0_w0.9_rm0.1_t0.8,v114_clean_selfblend,5,0.0,0.9,0.1,0.8,0.08,0.97979956,0.91840137,0.23287671,0.52054795,22,0.99771001,0.00141288,0.78386122,6,275,v112_backtracking_remap;v119_roniheka_hgnet,47158son01;47158son13;47158son18;47158son21;47158son22;47158son23,0.01114442,0.99946620
v128_v114_clean_selfblend_min5_d0_w0.9_rm0.1_t0.9,v114_clean_selfblend,5,0.0,0.9,0.1,0.9,0.08,0.97979956,0.91840137,0.23287671,0.52054795,22,0.99771001,0.00141288,0.78386122,6,275,v112_backtracking_remap;v119_roniheka_hgnet,47158son01;47158son13;47158son18;47158son21;47158son22;47158son23,0.01114442,0.99946620
v128_v114_clean_selfblend_min10_d0_w0.9_rm0.1_t0.7,v114_clean_selfblend,10,0.0,0.9,0.1,0.7,0.08,0.97979956,0.91840137,0.23287671,0.52054795,22,0.99771001,0.00141288,0.78386122,6,275,v112_backtracking_remap;v119_roniheka_hgnet,47158son01;47158son13;47158son18;47158son21;47158son22;47158son23,0.01114442,0.99946620
v128_v114_clean_selfblend_min10_d0_w0.9_rm0.1_t0.8,v114_clean_selfblend,10,0.0,0.9,0.1,0.8,0.08,0.97979956,0.91840137,0.23287671,0.52054795,22,0.99771001,0.00141288,0.78386122,6,275,v112_backtracking_remap;v119_roniheka_hgnet,47158son01;47158son13;47158son18;47158son21;47158son22;47158son23,0.01114442,0.99946620
v128_v114_clean_selfblend_min10_d0_w0.9_rm0.1_t0.9,v114_clean_selfblend,10,0.0,0.9,0.1,0.9,0.08,0.97979956,0.91840137,0.23287671,0.52054795,22,0.99771001,0.00141288,0.78386122,6,275,v112_backtracking_remap;v119_roniheka_hgnet,47158son01;47158son13;47158son18;47158son21;47158son22;47158son23,0.01114442,0.99946620
v128_v114_clean_selfblend_min15_d0_w0.9_rm0.1_t0.7,v114_clean_selfblend,15,0.0,0.9,0.1,0.7,0.08,0.97979956,0.91845809,0.23287671,0.52054795,22,0.99820011,0.00104491,0.78407890,4,183,v112_backtracking_remap;v119_roniheka_hgnet,47158son13;47158son21;47158son22;47158son23,0.01114442,0.99946620
v128_v114_clean_selfblend_min15_d0_w0.9_rm0.1_t0.8,v114_clean_selfblend,15,0.0,0.9,0.1,0.8,0.08,0.97979956,0.91845809,0.23287671,0.52054795,22,0.99820011,0.00104491,0.78407890,4,183,v112_backtracking_remap;v119_roniheka_hgnet,47158son13;47158son21;47158son22;47158son23,0.01114442,0.99946620
v128_v114_clean_selfblend_min15_d0_w0.9_rm0.1_t0.9,v114_clean_selfblend,15,0.0,0.9,0.1,0.9,0.08,0.97979956,0.91845809,0.23287671,0.52054795,22,0.99820011,0.00104491,0.78407890,4,183,v112_backtracking_remap;v119_roniheka_hgnet,47158son13;47158son21;47158son22;47158son23,0.01114442,0.99946620
v128_v114_clean_selfblend_min20_d0_w0.9_rm0.1_t0.7,v114_clean_selfblend,20,0.0,0.9,0.1,0.7,0.08,0.97979956,0.91845809,0.23287671,0.52054795,22,0.99820011,0.00104491,0.78407890,4,183,v112_backtracking_remap;v119_roniheka_hgnet,47158son13;47158son21;47158son22;47158son23,0.01114442,0.99946620
v128_v114_clean_selfblend_min20_d0_w0.9_rm0.1_t0.8,v114_clean_selfblend,20,0.0,0.9,0.1,0.8,0.08,0.97979956,0.91845809,0.23287671,0.52054795,22,0.99820011,0.00104491,0.78407890,4,183,v112_backtracking_remap;v119_roniheka_hgnet,47158son13;47158son21;47158son22;47158son23,0.01114442,0.99946620
v128_v114_clean_selfblend_min20_d0_w0.9_rm0.1_t0.9,v114_clean_selfblend,20,0.0,0.9,0.1,0.9,0.08,0.97979956,0.91845809,0.23287671,0.52054795,22,0.99820011,0.00104491,0.78407890,4,183,v112_backtracking_remap;v119_roniheka_hgnet,47158son13;47158son21;47158son22;47158son23,0.01114442,0.99946620
v128_v110_clean_min5_d0_w0.9_rm0_t0.7,v110_clean,5,0.0,0.9,0.0,0.7,0.08,0.97978737,0.91996429,0.21917808,0.52054795,22,0.99768912,0.00147669,0.78360673,6,350,v112_backtracking_remap;v119_roniheka_hgnet,47158son01;47158son13;47158son18;47158son21;47158son22;47158son23,0.01114442,0.99946990
v128_v110_clean_min5_d0_w0.9_rm0_t0.8,v110_clean,5,0.0,0.9,0.0,0.8,0.08,0.97978737,0.91996429,0.21917808,0.52054795,22,0.99768912,0.00147669,0.78360673,6,350,v112_backtracking_remap;v119_roniheka_hgnet,47158son01;47158son13;47158son18;47158son21;47158son22;47158son23,0.01114442,0.99946990
v128_v110_clean_min5_d0_w0.9_rm0_t0.9,v110_clean,5,0.0,0.9,0.0,0.9,0.08,0.97978737,0.91996429,0.21917808,0.52054795,22,0.99768912,0.00147669,0.78360673,6,350,v112_backtracking_remap;v119_roniheka_hgnet,47158son01;47158son13;47158son18;47158son21;47158son22;47158son23,0.01114442,0.99946990
v128_v110_clean_min10_d0_w0.9_rm0_t0.7,v110_clean,10,0.0,0.9,0.0,0.7,0.08,0.97978737,0.91996429,0.21917808,0.52054795,22,0.99768912,0.00147669,0.78360673,6,350,v112_backtracking_remap;v119_roniheka_hgnet,47158son01;47158son13;47158son18;47158son21;47158son22;47158son23,0.01114442,0.99946990
v128_v110_clean_min10_d0_w0.9_rm0_t0.8,v110_clean,10,0.0,0.9,0.0,0.8,0.08,0.97978737,0.91996429,0.21917808,0.52054795,22,0.99768912,0.00147669,0.78360673,6,350,v112_backtracking_remap;v119_roniheka_hgnet,47158son01;47158son13;47158son18;47158son21;47158son22;47158son23,0.01114442,0.99946990
v128_v110_clean_min10_d0_w0.9_rm0_t0.9,v110_clean,10,0.0,0.9,0.0,0.9,0.08,0.97978737,0.91996429,0.21917808,0.52054795,22,0.99768912,0.00147669,0.78360673,6,350,v112_backtracking_remap;v119_roniheka_hgnet,47158son01;47158son13;47158son18;47158son21;47158son22;47158son23,0.01114442,0.99946990
v128_v114_clean_selfblend_min5_d0_w0.7_rm0_t0.7,v114_clean_selfblend,5,0.0,0.7,0.0,0.7,0.08,0.97977093,0.91989255,0.23287671,0.52054795,22,0.99859703,0.00114839,0.78501233,6,350,v112_backtracking_remap;v119_roniheka_hgnet,47158son01;47158son13;47158son18;47158son21;47158son22;47158son23,0.01114442,0.99946620
v128_v114_clean_selfblend_min5_d0_w0.7_rm0_t0.8,v114_clean_selfblend,5,0.0,0.7,0.0,0.8,0.08,0.97977093,0.91989255,0.23287671,0.52054795,22,0.99859703,0.00114839,0.78501233,6,350,v112_backtracking_remap;v119_roniheka_hgnet,47158son01;47158son13;47158son18;47158son21;47158son22;47158son23,0.01114442,0.99946620
v128_v114_clean_selfblend_min5_d0_w0.7_rm0_t0.9,v114_clean_selfblend,5,0.0,0.7,0.0,0.9,0.08,0.97977093,0.91989255,0.23287671,0.52054795,22,0.99859703,0.00114839,0.78501233,6,350,v112_backtracking_remap;v119_roniheka_hgnet,47158son01;47158son13;47158son18;47158son21;47158son22;47158son23,0.01114442,0.99946620
v128_v114_clean_selfblend_min10_d0_w0.7_rm0_t0.7,v114_clean_selfblend,10,0.0,0.7,0.0,0.7,0.08,0.97977093,0.91989255,0.23287671,0.52054795,22,0.99859703,0.00114839,0.78501233,6,350,v112_backtracking_remap;v119_roniheka_hgnet,47158son01;47158son13;47158son18;47158son21;47158son22;47158son23,0.01114442,0.99946620
v128_v114_clean_selfblend_min10_d0_w0.7_rm0_t0.8,v114_clean_selfblend,10,0.0,0.7,0.0,0.8,0.08,0.97977093,0.91989255,0.23287671,0.52054795,22,0.99859703,0.00114839,0.78501233,6,350,v112_backtracking_remap;v119_roniheka_hgnet,47158son01;47158son13;47158son18;47158son21;47158son22;47158son23,0.01114442,0.99946620
v128_v114_clean_selfblend_min10_d0_w0.7_rm0_t0.9,v114_clean_selfblend,10,0.0,0.7,0.0,0.9,0.08,0.97977093,0.91989255,0.23287671,0.52054795,22,0.99859703,0.00114839,0.78501233,6,350,v112_backtracking_remap;v119_roniheka_hgnet,47158son01;47158son13;47158son18;47158son21;47158son22;47158son23,0.01114442,0.99946620
v128_v114_clean_selfblend_min5_d0.005_w0.9_rm0_t0.7,v114_clean_selfblend,5,0.005,0.9,0.0,0.7,0.08,0.97977025,0.91858696,0.23287671,0.52054795,22,0.99874707,0.00077576,0.78497470,3,179,v112_backtracking_remap,47158son13;47158son22;47158son23,0.01114442,0.99946620
v128_v114_clean_selfblend_min5_d0.005_w0.9_rm0_t0.8,v114_clean_selfblend,5,0.005,0.9,0.0,0.8,0.08,0.97977025,0.91858696,0.23287671,0.52054795,22,0.99874707,0.00077576,0.78497470,3,179,v112_backtracking_remap,47158son13;47158son22;47158son23,0.01114442,0.99946620
v128_v114_clean_selfblend_min5_d0.005_w0.9_rm0_t0.9,v114_clean_selfblend,5,0.005,0.9,0.0,0.9,0.08,0.97977025,0.91858696,0.23287671,0.52054795,22,0.99874707,0.00077576,0.78497470,3,179,v112_backtracking_remap,47158son13;47158son22;47158son23,0.01114442,0.99946620
v128_v114_clean_selfblend_min10_d0.005_w0.9_rm0_t0.7,v114_clean_selfblend,10,0.005,0.9,0.0,0.7,0.08,0.97977025,0.91858696,0.23287671,0.52054795,22,0.99874707,0.00077576,0.78497470,3,179,v112_backtracking_remap,47158son13;47158son22;47158son23,0.01114442,0.99946620
v128_v114_clean_selfblend_min10_d0.005_w0.9_rm0_t0.8,v114_clean_selfblend,10,0.005,0.9,0.0,0.8,0.08,0.97977025,0.91858696,0.23287671,0.52054795,22,0.99874707,0.00077576,0.78497470,3,179,v112_backtracking_remap,47158son13;47158son22;47158son23,0.01114442,0.99946620
v128_v114_clean_selfblend_min10_d0.005_w0.9_rm0_t0.9,v114_clean_selfblend,10,0.005,0.9,0.0,0.9,0.08,0.97977025,0.91858696,0.23287671,0.52054795,22,0.99874707,0.00077576,0.78497470,3,179,v112_backtracking_remap,47158son13;47158son22;47158son23,0.01114442,0.99946620
v128_v114_clean_selfblend_min15_d0.005_w0.9_rm0_t0.7,v114_clean_selfblend,15,0.005,0.9,0.0,0.7,0.08,0.97977025,0.91858696,0.23287671,0.52054795,22,0.99874707,0.00077576,0.78497470,3,179,v112_backtracking_remap,47158son13;47158son22;47158son23,0.01114442,0.99946620
v128_v114_clean_selfblend_min15_d0.005_w0.9_rm0_t0.8,v114_clean_selfblend,15,0.005,0.9,0.0,0.8,0.08,0.97977025,0.91858696,0.23287671,0.52054795,22,0.99874707,0.00077576,0.78497470,3,179,v112_backtracking_remap,47158son13;47158son22;47158son23,0.01114442,0.99946620
v128_v114_clean_selfblend_min15_d0.005_w0.9_rm0_t0.9,v114_clean_selfblend,15,0.005,0.9,0.0,0.9,0.08,0.97977025,0.91858696,0.23287671,0.52054795,22,0.99874707,0.00077576,0.78497470,3,179,v112_backtracking_remap,47158son13;47158son22;47158son23,0.01114442,0.99946620
v128_v114_clean_selfblend_min20_d0.005_w0.9_rm0_t0.7,v114_clean_selfblend,20,0.005,0.9,0.0,0.7,0.08,0.97977025,0.91858696,0.23287671,0.52054795,22,0.99874707,0.00077576,0.78497470,3,179,v112_backtracking_remap,47158son13;47158son22;47158son23,0.01114442,0.99946620
v128_v114_clean_selfblend_min20_d0.005_w0.9_rm0_t0.8,v114_clean_selfblend,20,0.005,0.9,0.0,0.8,0.08,0.97977025,0.91858696,0.23287671,0.52054795,22,0.99874707,0.00077576,0.78497470,3,179,v112_backtracking_remap,47158son13;47158son22;47158son23,0.01114442,0.99946620
v128_v114_clean_selfblend_min20_d0.005_w0.9_rm0_t0.9,v114_clean_selfblend,20,0.005,0.9,0.0,0.9,0.08,0.97977025,0.91858696,0.23287671,0.52054795,22,0.99874707,0.00077576,0.78497470,3,179,v112_backtracking_remap,47158son13;47158son22;47158son23,0.01114442,0.99946620
v128_v110_clean_min5_d0_w0.9_rm0.05_t0.7,v110_clean,5,0.0,0.9,0.05,0.7,0.08,0.97976793,0.91891862,0.21917808,0.52054795,22,0.99769718,0.00145168,0.78358446,6,299,v112_backtracking_remap;v119_roniheka_hgnet,47158son01;47158son13;47158son18;47158son21;47158son22;47158son23,0.01114442,0.99946990
v128_v110_clean_min5_d0_w0.9_rm0.05_t0.8,v110_clean,5,0.0,0.9,0.05,0.8,0.08,0.97976793,0.91891862,0.21917808,0.52054795,22,0.99769718,0.00145168,0.78358446,6,299,v112_backtracking_remap;v119_roniheka_hgnet,47158son01;47158son13;47158son18;47158son21;47158son22;47158son23,0.01114442,0.99946990
v128_v110_clean_min5_d0_w0.9_rm0.05_t0.9,v110_clean,5,0.0,0.9,0.05,0.9,0.08,0.97976793,0.91891862,0.21917808,0.52054795,22,0.99769718,0.00145168,0.78358446,6,299,v112_backtracking_remap;v119_roniheka_hgnet,47158son01;47158son13;47158son18;47158son21;47158son22;47158son23,0.01114442,0.99946990
v128_v110_clean_min10_d0_w0.9_rm0.05_t0.7,v110_clean,10,0.0,0.9,0.05,0.7,0.08,0.97976793,0.91891862,0.21917808,0.52054795,22,0.99769718,0.00145168,0.78358446,6,299,v112_backtracking_remap;v119_roniheka_hgnet,47158son01;47158son13;47158son18;47158son21;47158son22;47158son23,0.01114442,0.99946990
v128_v110_clean_min10_d0_w0.9_rm0.05_t0.8,v110_clean,10,0.0,0.9,0.05,0.8,0.08,0.97976793,0.91891862,0.21917808,0.52054795,22,0.99769718,0.00145168,0.78358446,6,299,v112_backtracking_remap;v119_roniheka_hgnet,47158son01;47158son13;47158son18;47158son21;47158son22;47158son23,0.01114442,0.99946990
v128_v110_clean_min10_d0_w0.9_rm0.05_t0.9,v110_clean,10,0.0,0.9,0.05,0.9,0.08,0.97976793,0.91891862,0.21917808,0.52054795,22,0.99769718,0.00145168,0.78358446,6,299,v112_backtracking_remap;v119_roniheka_hgnet,47158son01;47158son13;47158son18;47158son21;47158son22;47158son23,0.01114442,0.99946990
v128_v110_clean_min15_d0_w0.9_rm0_t0.7,v110_clean,15,0.0,0.9,0.0,0.7,0.08,0.97974946,0.91840200,0.21917808,0.52054795,22,0.99819540,0.00108620,0.78376888,4,237,v112_backtracking_remap;v119_roniheka_hgnet,47158son13;47158son21;47158son22;47158son23,0.01114442,0.99946990
v128_v110_clean_min15_d0_w0.9_rm0_t0.8,v110_clean,15,0.0,0.9,0.0,0.8,0.08,0.97974946,0.91840200,0.21917808,0.52054795,22,0.99819540,0.00108620,0.78376888,4,237,v112_backtracking_remap;v119_roniheka_hgnet,47158son13;47158son21;47158son22;47158son23,0.01114442,0.99946990
v128_v110_clean_min15_d0_w0.9_rm0_t0.9,v110_clean,15,0.0,0.9,0.0,0.9,0.08,0.97974946,0.91840200,0.21917808,0.52054795,22,0.99819540,0.00108620,0.78376888,4,237,v112_backtracking_remap;v119_roniheka_hgnet,47158son13;47158son21;47158son22;47158son23,0.01114442,0.99946990
v128_v110_clean_min20_d0_w0.9_rm0_t0.7,v110_clean,20,0.0,0.9,0.0,0.7,0.08,0.97974946,0.91840200,0.21917808,0.52054795,22,0.99819540,0.00108620,0.78376888,4,237,v112_backtracking_remap;v119_roniheka_hgnet,47158son13;47158son21;47158son22;47158son23,0.01114442,0.99946990
v128_v110_clean_min20_d0_w0.9_rm0_t0.8,v110_clean,20,0.0,0.9,0.0,0.8,0.08,0.97974946,0.91840200,0.21917808,0.52054795,22,0.99819540,0.00108620,0.78376888,4,237,v112_backtracking_remap;v119_roniheka_hgnet,47158son13;47158son21;47158son22;47158son23,0.01114442,0.99946990
v128_v110_clean_min20_d0_w0.9_rm0_t0.9,v110_clean,20,0.0,0.9,0.0,0.9,0.08,0.97974946,0.91840200,0.21917808,0.52054795,22,0.99819540,0.00108620,0.78376888,4,237,v112_backtracking_remap;v119_roniheka_hgnet,47158son13;47158son21;47158son22;47158son23,0.01114442,0.99946990
v128_v114_clean_selfblend_min15_d0_w0.7_rm0_t0.7,v114_clean_selfblend,15,0.0,0.7,0.0,0.7,0.08,0.97973302,0.91865001,0.23287671,0.52054795,22,0.99890440,0.00084467,0.78506934,4,237,v112_backtracking_remap;v119_roniheka_hgnet,47158son13;47158son21;47158son22;47158son23,0.01114442,0.99946620
v128_v114_clean_selfblend_min15_d0_w0.7_rm0_t0.8,v114_clean_selfblend,15,0.0,0.7,0.0,0.8,0.08,0.97973302,0.91865001,0.23287671,0.52054795,22,0.99890440,0.00084467,0.78506934,4,237,v112_backtracking_remap;v119_roniheka_hgnet,47158son13;47158son21;47158son22;47158son23,0.01114442,0.99946620
v128_v114_clean_selfblend_min15_d0_w0.7_rm0_t0.9,v114_clean_selfblend,15,0.0,0.7,0.0,0.9,0.08,0.97973302,0.91865001,0.23287671,0.52054795,22,0.99890440,0.00084467,0.78506934,4,237,v112_backtracking_remap;v119_roniheka_hgnet,47158son13;47158son21;47158son22;47158son23,0.01114442,0.99946620
v128_v114_clean_selfblend_min20_d0_w0.7_rm0_t0.7,v114_clean_selfblend,20,0.0,0.7,0.0,0.7,0.08,0.97973302,0.91865001,0.23287671,0.52054795,22,0.99890440,0.00084467,0.78506934,4,237,v112_backtracking_remap;v119_roniheka_hgnet,47158son13;47158son21;47158son22;47158son23,0.01114442,0.99946620
v128_v114_clean_selfblend_min20_d0_w0.7_rm0_t0.8,v114_clean_selfblend,20,0.0,0.7,0.0,0.8,0.08,0.97973302,0.91865001,0.23287671,0.52054795,22,0.99890440,0.00084467,0.78506934,4,237,v112_backtracking_remap;v119_roniheka_hgnet,47158son13;47158son21;47158son22;47158son23,0.01114442,0.99946620
v128_v114_clean_selfblend_min20_d0_w0.7_rm0_t0.9,v114_clean_selfblend,20,0.0,0.7,0.0,0.9,0.08,0.97973302,0.91865001,0.23287671,0.52054795,22,0.99890440,0.00084467,0.78506934,4,237,v112_backtracking_remap;v119_roniheka_hgnet,47158son13;47158son21;47158son22;47158son23,0.01114442,0.99946620
v128_v110_clean_min15_d0_w0.9_rm0.05_t0.7,v110_clean,15,0.0,0.9,0.05,0.7,0.08,0.97973002,0.91797685,0.21917808,0.52054795,22,0.99819768,0.00106996,0.78376741,4,201,v112_backtracking_remap;v119_roniheka_hgnet,47158son13;47158son21;47158son22;47158son23,0.01114442,0.99946990
v128_v110_clean_min15_d0_w0.9_rm0.05_t0.8,v110_clean,15,0.0,0.9,0.05,0.8,0.08,0.97973002,0.91797685,0.21917808,0.52054795,22,0.99819768,0.00106996,0.78376741,4,201,v112_backtracking_remap;v119_roniheka_hgnet,47158son13;47158son21;47158son22;47158son23,0.01114442,0.99946990
v128_v110_clean_min15_d0_w0.9_rm0.05_t0.9,v110_clean,15,0.0,0.9,0.05,0.9,0.08,0.97973002,0.91797685,0.21917808,0.52054795,22,0.99819768,0.00106996,0.78376741,4,201,v112_backtracking_remap;v119_roniheka_hgnet,47158son13;47158son21;47158son22;47158son23,0.01114442,0.99946990
v128_v110_clean_min20_d0_w0.9_rm0.05_t0.7,v110_clean,20,0.0,0.9,0.05,0.7,0.08,0.97973002,0.91797685,0.21917808,0.52054795,22,0.99819768,0.00106996,0.78376741,4,201,v112_backtracking_remap;v119_roniheka_hgnet,47158son13;47158son21;47158son22;47158son23,0.01114442,0.99946990
v128_v110_clean_min20_d0_w0.9_rm0.05_t0.8,v110_clean,20,0.0,0.9,0.05,0.8,0.08,0.97973002,0.91797685,0.21917808,0.52054795,22,0.99819768,0.00106996,0.78376741,4,201,v112_backtracking_remap;v119_roniheka_hgnet,47158son13;47158son21;47158son22;47158son23,0.01114442,0.99946990
v128_v110_clean_min20_d0_w0.9_rm0.05_t0.9,v110_clean,20,0.0,0.9,0.05,0.9,0.08,0.97973002,0.91797685,0.21917808,0.52054795,22,0.99819768,0.00106996,0.78376741,4,201,v112_backtracking_remap;v119_roniheka_hgnet,47158son13;47158son21;47158son22;47158son23,0.01114442,0.99946990
v128_v114_clean_selfblend_min5_d0_w0.7_rm0.05_t0.7,v114_clean_selfblend,5,0.0,0.7,0.05,0.7,0.08,0.97972877,0.91906999,0.23287671,0.52054795,22,0.99860196,0.00112894,0.78499400,6,299,v112_backtracking_remap;v119_roniheka_hgnet,47158son01;47158son13;47158son18;47158son21;47158son22;47158son23,0.01114442,0.99946620
v128_v114_clean_selfblend_min5_d0_w0.7_rm0.05_t0.8,v114_clean_selfblend,5,0.0,0.7,0.05,0.8,0.08,0.97972877,0.91906999,0.23287671,0.52054795,22,0.99860196,0.00112894,0.78499400,6,299,v112_backtracking_remap;v119_roniheka_hgnet,47158son01;47158son13;47158son18;47158son21;47158son22;47158son23,0.01114442,0.99946620
v128_v114_clean_selfblend_min5_d0_w0.7_rm0.05_t0.9,v114_clean_selfblend,5,0.0,0.7,0.05,0.9,0.08,0.97972877,0.91906999,0.23287671,0.52054795,22,0.99860196,0.00112894,0.78499400,6,299,v112_backtracking_remap;v119_roniheka_hgnet,47158son01;47158son13;47158son18;47158son21;47158son22;47158son23,0.01114442,0.99946620
v128_v114_clean_selfblend_min10_d0_w0.7_rm0.05_t0.7,v114_clean_selfblend,10,0.0,0.7,0.05,0.7,0.08,0.97972877,0.91906999,0.23287671,0.52054795,22,0.99860196,0.00112894,0.78499400,6,299,v112_backtracking_remap;v119_roniheka_hgnet,47158son01;47158son13;47158son18;47158son21;47158son22;47158son23,0.01114442,0.99946620
v128_v114_clean_selfblend_min10_d0_w0.7_rm0.05_t0.8,v114_clean_selfblend,10,0.0,0.7,0.05,0.8,0.08,0.97972877,0.91906999,0.23287671,0.52054795,22,0.99860196,0.00112894,0.78499400,6,299,v112_backtracking_remap;v119_roniheka_hgnet,47158son01;47158son13;47158son18;47158son21;47158son22;47158son23,0.01114442,0.99946620
v128_v114_clean_selfblend_min10_d0_w0.7_rm0.05_t0.9,v114_clean_selfblend,10,0.0,0.7,0.05,0.9,0.08,0.97972877,0.91906999,0.23287671,0.52054795,22,0.99860196,0.00112894,0.78499400,6,299,v112_backtracking_remap;v119_roniheka_hgnet,47158son01;47158son13;47158son18;47158son21;47158son22;47158son23,0.01114442,0.99946620
v128_v114_clean_selfblend_min5_d0.005_w0.9_rm0.05_t0.7,v114_clean_selfblend,5,0.005,0.9,0.05,0.7,0.08,0.97972809,0.91826445,0.23287671,0.52054795,22,0.99874914,0.00076233,0.78497558,3,150,v112_backtracking_remap,47158son13;47158son22;47158son23,0.01114442,0.99946620
v128_v114_clean_selfblend_min5_d0.005_w0.9_rm0.05_t0.8,v114_clean_selfblend,5,0.005,0.9,0.05,0.8,0.08,0.97972809,0.91826445,0.23287671,0.52054795,22,0.99874914,0.00076233,0.78497558,3,150,v112_backtracking_remap,47158son13;47158son22;47158son23,0.01114442,0.99946620
v128_v114_clean_selfblend_min5_d0.005_w0.9_rm0.05_t0.9,v114_clean_selfblend,5,0.005,0.9,0.05,0.9,0.08,0.97972809,0.91826445,0.23287671,0.52054795,22,0.99874914,0.00076233,0.78497558,3,150,v112_backtracking_remap,47158son13;47158son22;47158son23,0.01114442,0.99946620
v128_v114_clean_selfblend_min10_d0.005_w0.9_rm0.05_t0.7,v114_clean_selfblend,10,0.005,0.9,0.05,0.7,0.08,0.97972809,0.91826445,0.23287671,0.52054795,22,0.99874914,0.00076233,0.78497558,3,150,v112_backtracking_remap,47158son13;47158son22;47158son23,0.01114442,0.99946620
v128_v114_clean_selfblend_min10_d0.005_w0.9_rm0.05_t0.8,v114_clean_selfblend,10,0.005,0.9,0.05,0.8,0.08,0.97972809,0.91826445,0.23287671,0.52054795,22,0.99874914,0.00076233,0.78497558,3,150,v112_backtracking_remap,47158son13;47158son22;47158son23,0.01114442,0.99946620
v128_v114_clean_selfblend_min10_d0.005_w0.9_rm0.05_t0.9,v114_clean_selfblend,10,0.005,0.9,0.05,0.9,0.08,0.97972809,0.91826445,0.23287671,0.52054795,22,0.99874914,0.00076233,0.78497558,3,150,v112_backtracking_remap,47158son13;47158son22;47158son23,0.01114442,0.99946620
v128_v114_clean_selfblend_min15_d0.005_w0.9_rm0.05_t0.7,v114_clean_selfblend,15,0.005,0.9,0.05,0.7,0.08,0.97972809,0.91826445,0.23287671,0.52054795,22,0.99874914,0.00076233,0.78497558,3,150,v112_backtracking_remap,47158son13;47158son22;47158son23,0.01114442,0.99946620
v128_v114_clean_selfblend_min15_d0.005_w0.9_rm0.05_t0.8,v114_clean_selfblend,15,0.005,0.9,0.05,0.8,0.08,0.97972809,0.91826445,0.23287671,0.52054795,22,0.99874914,0.00076233,0.78497558,3,150,v112_backtracking_remap,47158son13;47158son22;47158son23,0.01114442,0.99946620
v128_v114_clean_selfblend_min15_d0.005_w0.9_rm0.05_t0.9,v114_clean_selfblend,15,0.005,0.9,0.05,0.9,0.08,0.97972809,0.91826445,0.23287671,0.52054795,22,0.99874914,0.00076233,0.78497558,3,150,v112_backtracking_remap,47158son13;47158son22;47158son23,0.01114442,0.99946620
v128_v114_clean_selfblend_min20_d0.005_w0.9_rm0.05_t0.7,v114_clean_selfblend,20,0.005,0.9,0.05,0.7,0.08,0.97972809,0.91826445,0.23287671,0.52054795,22,0.99874914,0.00076233,0.78497558,3,150,v112_backtracking_remap,47158son13;47158son22;47158son23,0.01114442,0.99946620
v128_v114_clean_selfblend_min20_d0.005_w0.9_rm0.05_t0.8,v114_clean_selfblend,20,0.005,0.9,0.05,0.8,0.08,0.97972809,0.91826445,0.23287671,0.52054795,22,0.99874914,0.00076233,0.78497558,3,150,v112_backtracking_remap,47158son13;47158son22;47158son23,0.01114442,0.99946620
v128_v114_clean_selfblend_min20_d0.005_w0.9_rm0.05_t0.9,v114_clean_selfblend,20,0.005,0.9,0.05,0.9,0.08,0.97972809,0.91826445,0.23287671,0.52054795,22,0.99874914,0.00076233,0.78497558,3,150,v112_backtracking_remap,47158son13;47158son22;47158son23,0.01114442,0.99946620
v128_v110_clean_min5_d0_w0.9_rm0.1_t0.7,v110_clean,5,0.0,0.9,0.1,0.7,0.08,0.97971058,0.91749947,0.21917808,0.52054795,22,0.99771791,0.00141299,0.78358929,6,275,v112_backtracking_remap;v119_roniheka_hgnet,47158son01;47158son13;47158son18;47158son21;47158son22;47158son23,0.01114442,0.99946990
v128_v110_clean_min5_d0_w0.9_rm0.1_t0.8,v110_clean,5,0.0,0.9,0.1,0.8,0.08,0.97971058,0.91749947,0.21917808,0.52054795,22,0.99771791,0.00141299,0.78358929,6,275,v112_backtracking_remap;v119_roniheka_hgnet,47158son01;47158son13;47158son18;47158son21;47158son22;47158son23,0.01114442,0.99946990
v128_v110_clean_min5_d0_w0.9_rm0.1_t0.9,v110_clean,5,0.0,0.9,0.1,0.9,0.08,0.97971058,0.91749947,0.21917808,0.52054795,22,0.99771791,0.00141299,0.78358929,6,275,v112_backtracking_remap;v119_roniheka_hgnet,47158son01;47158son13;47158son18;47158son21;47158son22;47158son23,0.01114442,0.99946990
v128_v110_clean_min10_d0_w0.9_rm0.1_t0.7,v110_clean,10,0.0,0.9,0.1,0.7,0.08,0.97971058,0.91749947,0.21917808,0.52054795,22,0.99771791,0.00141299,0.78358929,6,275,v112_backtracking_remap;v119_roniheka_hgnet,47158son01;47158son13;47158son18;47158son21;47158son22;47158son23,0.01114442,0.99946990
v128_v110_clean_min10_d0_w0.9_rm0.1_t0.8,v110_clean,10,0.0,0.9,0.1,0.8,0.08,0.97971058,0.91749947,0.21917808,0.52054795,22,0.99771791,0.00141299,0.78358929,6,275,v112_backtracking_remap;v119_roniheka_hgnet,47158son01;47158son13;47158son18;47158son21;47158son22;47158son23,0.01114442,0.99946990
v128_v110_clean_min10_d0_w0.9_rm0.1_t0.9,v110_clean,10,0.0,0.9,0.1,0.9,0.08,0.97971058,0.91749947,0.21917808,0.52054795,22,0.99771791,0.00141299,0.78358929,6,275,v112_backtracking_remap;v119_roniheka_hgnet,47158son01;47158son13;47158son18;47158son21;47158son22;47158son23,0.01114442,0.99946990
v128_v110_clean_min15_d0_w0.9_rm0.1_t0.7,v110_clean,15,0.0,0.9,0.1,0.7,0.08,0.97971058,0.91755631,0.21917808,0.52054795,22,0.99820629,0.00104502,0.78380699,4,183,v112_backtracking_remap;v119_roniheka_hgnet,47158son13;47158son21;47158son22;47158son23,0.01114442,0.99946990
v128_v110_clean_min15_d0_w0.9_rm0.1_t0.8,v110_clean,15,0.0,0.9,0.1,0.8,0.08,0.97971058,0.91755631,0.21917808,0.52054795,22,0.99820629,0.00104502,0.78380699,4,183,v112_backtracking_remap;v119_roniheka_hgnet,47158son13;47158son21;47158son22;47158son23,0.01114442,0.99946990
v128_v110_clean_min15_d0_w0.9_rm0.1_t0.9,v110_clean,15,0.0,0.9,0.1,0.9,0.08,0.97971058,0.91755631,0.21917808,0.52054795,22,0.99820629,0.00104502,0.78380699,4,183,v112_backtracking_remap;v119_roniheka_hgnet,47158son13;47158son21;47158son22;47158son23,0.01114442,0.99946990
v128_v110_clean_min20_d0_w0.9_rm0.1_t0.7,v110_clean,20,0.0,0.9,0.1,0.7,0.08,0.97971058,0.91755631,0.21917808,0.52054795,22,0.99820629,0.00104502,0.78380699,4,183,v112_backtracking_remap;v119_roniheka_hgnet,47158son13;47158son21;47158son22;47158son23,0.01114442,0.99946990
v128_v110_clean_min20_d0_w0.9_rm0.1_t0.8,v110_clean,20,0.0,0.9,0.1,0.8,0.08,0.97971058,0.91755631,0.21917808,0.52054795,22,0.99820629,0.00104502,0.78380699,4,183,v112_backtracking_remap;v119_roniheka_hgnet,47158son13;47158son21;47158son22;47158son23,0.01114442,0.99946990
v128_v110_clean_min20_d0_w0.9_rm0.1_t0.9,v110_clean,20,0.0,0.9,0.1,0.9,0.08,0.97971058,0.91755631,0.21917808,0.52054795,22,0.99820629,0.00104502,0.78380699,4,183,v112_backtracking_remap;v119_roniheka_hgnet,47158son13;47158son21;47158son22;47158son23,0.01114442,0.99946990
v128_v114_clean_selfblend_min5_d0_w0.7_rm0.1_t0.7,v114_clean_selfblend,5,0.0,0.7,0.1,0.7,0.08,0.97969250,0.91794584,0.23287671,0.52054795,22,0.99861458,0.00109890,0.78499517,6,275,v112_backtracking_remap;v119_roniheka_hgnet,47158son01;47158son13;47158son18;47158son21;47158son22;47158son23,0.01114442,0.99946620
v128_v114_clean_selfblend_min5_d0_w0.7_rm0.1_t0.8,v114_clean_selfblend,5,0.0,0.7,0.1,0.8,0.08,0.97969250,0.91794584,0.23287671,0.52054795,22,0.99861458,0.00109890,0.78499517,6,275,v112_backtracking_remap;v119_roniheka_hgnet,47158son01;47158son13;47158son18;47158son21;47158son22;47158son23,0.01114442,0.99946620
v128_v114_clean_selfblend_min5_d0_w0.7_rm0.1_t0.9,v114_clean_selfblend,5,0.0,0.7,0.1,0.9,0.08,0.97969250,0.91794584,0.23287671,0.52054795,22,0.99861458,0.00109890,0.78499517,6,275,v112_backtracking_remap;v119_roniheka_hgnet,47158son01;47158son13;47158son18;47158son21;47158son22;47158son23,0.01114442,0.99946620
v128_v114_clean_selfblend_min10_d0_w0.7_rm0.1_t0.7,v114_clean_selfblend,10,0.0,0.7,0.1,0.7,0.08,0.97969250,0.91794584,0.23287671,0.52054795,22,0.99861458,0.00109890,0.78499517,6,275,v112_backtracking_remap;v119_roniheka_hgnet,47158son01;47158son13;47158son18;47158son21;47158son22;47158son23,0.01114442,0.99946620
v128_v114_clean_selfblend_min10_d0_w0.7_rm0.1_t0.8,v114_clean_selfblend,10,0.0,0.7,0.1,0.8,0.08,0.97969250,0.91794584,0.23287671,0.52054795,22,0.99861458,0.00109890,0.78499517,6,275,v112_backtracking_remap;v119_roniheka_hgnet,47158son01;47158son13;47158son18;47158son21;47158son22;47158son23,0.01114442,0.99946620
v128_v114_clean_selfblend_min10_d0_w0.7_rm0.1_t0.9,v114_clean_selfblend,10,0.0,0.7,0.1,0.9,0.08,0.97969250,0.91794584,0.23287671,0.52054795,22,0.99861458,0.00109890,0.78499517,6,275,v112_backtracking_remap;v119_roniheka_hgnet,47158son01;47158son13;47158son18;47158son21;47158son22;47158son23,0.01114442,0.99946620
v128_v114_clean_selfblend_min15_d0_w0.7_rm0.1_t0.7,v114_clean_selfblend,15,0.0,0.7,0.1,0.7,0.08,0.97969250,0.91798209,0.23287671,0.52054795,22,0.99891103,0.00081270,0.78509774,4,183,v112_backtracking_remap;v119_roniheka_hgnet,47158son13;47158son21;47158son22;47158son23,0.01114442,0.99946620
v128_v114_clean_selfblend_min15_d0_w0.7_rm0.1_t0.8,v114_clean_selfblend,15,0.0,0.7,0.1,0.8,0.08,0.97969250,0.91798209,0.23287671,0.52054795,22,0.99891103,0.00081270,0.78509774,4,183,v112_backtracking_remap;v119_roniheka_hgnet,47158son13;47158son21;47158son22;47158son23,0.01114442,0.99946620
v128_v114_clean_selfblend_min15_d0_w0.7_rm0.1_t0.9,v114_clean_selfblend,15,0.0,0.7,0.1,0.9,0.08,0.97969250,0.91798209,0.23287671,0.52054795,22,0.99891103,0.00081270,0.78509774,4,183,v112_backtracking_remap;v119_roniheka_hgnet,47158son13;47158son21;47158son22;47158son23,0.01114442,0.99946620
v128_v114_clean_selfblend_min20_d0_w0.7_rm0.1_t0.7,v114_clean_selfblend,20,0.0,0.7,0.1,0.7,0.08,0.97969250,0.91798209,0.23287671,0.52054795,22,0.99891103,0.00081270,0.78509774,4,183,v112_backtracking_remap;v119_roniheka_hgnet,47158son13;47158son21;47158son22;47158son23,0.01114442,0.99946620
v128_v114_clean_selfblend_min20_d0_w0.7_rm0.1_t0.8,v114_clean_selfblend,20,0.0,0.7,0.1,0.8,0.08,0.97969250,0.91798209,0.23287671,0.52054795,22,0.99891103,0.00081270,0.78509774,4,183,v112_backtracking_remap;v119_roniheka_hgnet,47158son13;47158son21;47158son22;47158son23,0.01114442,0.99946620
v128_v114_clean_selfblend_min20_d0_w0.7_rm0.1_t0.9,v114_clean_selfblend,20,0.0,0.7,0.1,0.9,0.08,0.97969250,0.91798209,0.23287671,0.52054795,22,0.99891103,0.00081270,0.78509774,4,183,v112_backtracking_remap;v119_roniheka_hgnet,47158son13;47158son21;47158son22;47158son23,0.01114442,0.99946620
v128_v114_clean_selfblend_min15_d0_w0.7_rm0.05_t0.7,v114_clean_selfblend,15,0.0,0.7,0.05,0.7,0.08,0.97969086,0.91831484,0.23287671,0.52054795,22,0.99890580,0.00083204,0.78506794,4,201,v112_backtracking_remap;v119_roniheka_hgnet,47158son13;47158son21;47158son22;47158son23,0.01114442,0.99946620
v128_v114_clean_selfblend_min15_d0_w0.7_rm0.05_t0.8,v114_clean_selfblend,15,0.0,0.7,0.05,0.8,0.08,0.97969086,0.91831484,0.23287671,0.52054795,22,0.99890580,0.00083204,0.78506794,4,201,v112_backtracking_remap;v119_roniheka_hgnet,47158son13;47158son21;47158son22;47158son23,0.01114442,0.99946620
v128_v114_clean_selfblend_min15_d0_w0.7_rm0.05_t0.9,v114_clean_selfblend,15,0.0,0.7,0.05,0.9,0.08,0.97969086,0.91831484,0.23287671,0.52054795,22,0.99890580,0.00083204,0.78506794,4,201,v112_backtracking_remap;v119_roniheka_hgnet,47158son13;47158son21;47158son22;47158son23,0.01114442,0.99946620
v128_v114_clean_selfblend_min20_d0_w0.7_rm0.05_t0.7,v114_clean_selfblend,20,0.0,0.7,0.05,0.7,0.08,0.97969086,0.91831484,0.23287671,0.52054795,22,0.99890580,0.00083204,0.78506794,4,201,v112_backtracking_remap;v119_roniheka_hgnet,47158son13;47158son21;47158son22;47158son23,0.01114442,0.99946620
v128_v114_clean_selfblend_min20_d0_w0.7_rm0.05_t0.8,v114_clean_selfblend,20,0.0,0.7,0.05,0.8,0.08,0.97969086,0.91831484,0.23287671,0.52054795,22,0.99890580,0.00083204,0.78506794,4,201,v112_backtracking_remap;v119_roniheka_hgnet,47158son13;47158son21;47158son22;47158son23,0.01114442,0.99946620
v128_v114_clean_selfblend_min20_d0_w0.7_rm0.05_t0.9,v114_clean_selfblend,20,0.0,0.7,0.05,0.9,0.08,0.97969086,0.91831484,0.23287671,0.52054795,22,0.99890580,0.00083204,0.78506794,4,201,v112_backtracking_remap;v119_roniheka_hgnet,47158son13;47158son21;47158son22;47158son23,0.01114442,0.99946620
v128_v114_clean_selfblend_min5_d0.005_w0.9_rm0.1_t0.7,v114_clean_selfblend,5,0.005,0.9,0.1,0.7,0.08,0.97968592,0.91796943,0.23287671,0.52054795,22,0.99875560,0.00074286,0.78502044,3,135,v112_backtracking_remap,47158son13;47158son22;47158son23,0.01114442,0.99946620
v128_v114_clean_selfblend_min5_d0.005_w0.9_rm0.1_t0.8,v114_clean_selfblend,5,0.005,0.9,0.1,0.8,0.08,0.97968592,0.91796943,0.23287671,0.52054795,22,0.99875560,0.00074286,0.78502044,3,135,v112_backtracking_remap,47158son13;47158son22;47158son23,0.01114442,0.99946620
v128_v114_clean_selfblend_min5_d0.005_w0.9_rm0.1_t0.9,v114_clean_selfblend,5,0.005,0.9,0.1,0.9,0.08,0.97968592,0.91796943,0.23287671,0.52054795,22,0.99875560,0.00074286,0.78502044,3,135,v112_backtracking_remap,47158son13;47158son22;47158son23,0.01114442,0.99946620
v128_v114_clean_selfblend_min10_d0.005_w0.9_rm0.1_t0.7,v114_clean_selfblend,10,0.005,0.9,0.1,0.7,0.08,0.97968592,0.91796943,0.23287671,0.52054795,22,0.99875560,0.00074286,0.78502044,3,135,v112_backtracking_remap,47158son13;47158son22;47158son23,0.01114442,0.99946620
v128_v114_clean_selfblend_min10_d0.005_w0.9_rm0.1_t0.8,v114_clean_selfblend,10,0.005,0.9,0.1,0.8,0.08,0.97968592,0.91796943,0.23287671,0.52054795,22,0.99875560,0.00074286,0.78502044,3,135,v112_backtracking_remap,47158son13;47158son22;47158son23,0.01114442,0.99946620
v128_v114_clean_selfblend_min10_d0.005_w0.9_rm0.1_t0.9,v114_clean_selfblend,10,0.005,0.9,0.1,0.9,0.08,0.97968592,0.91796943,0.23287671,0.52054795,22,0.99875560,0.00074286,0.78502044,3,135,v112_backtracking_remap,47158son13;47158son22;47158son23,0.01114442,0.99946620
v128_v114_clean_selfblend_min15_d0.005_w0.9_rm0.1_t0.7,v114_clean_selfblend,15,0.005,0.9,0.1,0.7,0.08,0.97968592,0.91796943,0.23287671,0.52054795,22,0.99875560,0.00074286,0.78502044,3,135,v112_backtracking_remap,47158son13;47158son22;47158son23,0.01114442,0.99946620
v128_v114_clean_selfblend_min15_d0.005_w0.9_rm0.1_t0.8,v114_clean_selfblend,15,0.005,0.9,0.1,0.8,0.08,0.97968592,0.91796943,0.23287671,0.52054795,22,0.99875560,0.00074286,0.78502044,3,135,v112_backtracking_remap,47158son13;47158son22;47158son23,0.01114442,0.99946620
v128_v114_clean_selfblend_min15_d0.005_w0.9_rm0.1_t0.9,v114_clean_selfblend,15,0.005,0.9,0.1,0.9,0.08,0.97968592,0.91796943,0.23287671,0.52054795,22,0.99875560,0.00074286,0.78502044,3,135,v112_backtracking_remap,47158son13;47158son22;47158son23,0.01114442,0.99946620
v128_v114_clean_selfblend_min20_d0.005_w0.9_rm0.1_t0.7,v114_clean_selfblend,20,0.005,0.9,0.1,0.7,0.08,0.97968592,0.91796943,0.23287671,0.52054795,22,0.99875560,0.00074286,0.78502044,3,135,v112_backtracking_remap,47158son13;47158son22;47158son23,0.01114442,0.99946620
v128_v114_clean_selfblend_min20_d0.005_w0.9_rm0.1_t0.8,v114_clean_selfblend,20,0.005,0.9,0.1,0.8,0.08,0.97968592,0.91796943,0.23287671,0.52054795,22,0.99875560,0.00074286,0.78502044,3,135,v112_backtracking_remap,47158son13;47158son22;47158son23,0.01114442,0.99946620
v128_v114_clean_selfblend_min20_d0.005_w0.9_rm0.1_t0.9,v114_clean_selfblend,20,0.005,0.9,0.1,0.9,0.08,0.97968592,0.91796943,0.23287671,0.52054795,22,0.99875560,0.00074286,0.78502044,3,135,v112_backtracking_remap,47158son13;47158son22;47158son23,0.01114442,0.99946620
v128_v110_clean_min5_d0_w0.7_rm0_t0.7,v110_clean,5,0.0,0.7,0.0,0.7,0.08,0.97968196,0.91899042,0.21917808,0.52054795,22,0.99860183,0.00114854,0.78473811,6,350,v112_backtracking_remap;v119_roniheka_hgnet,47158son01;47158son13;47158son18;47158son21;47158son22;47158son23,0.01114442,0.99946990
v128_v110_clean_min5_d0_w0.7_rm0_t0.8,v110_clean,5,0.0,0.7,0.0,0.8,0.08,0.97968196,0.91899042,0.21917808,0.52054795,22,0.99860183,0.00114854,0.78473811,6,350,v112_backtracking_remap;v119_roniheka_hgnet,47158son01;47158son13;47158son18;47158son21;47158son22;47158son23,0.01114442,0.99946990
v128_v110_clean_min5_d0_w0.7_rm0_t0.9,v110_clean,5,0.0,0.7,0.0,0.9,0.08,0.97968196,0.91899042,0.21917808,0.52054795,22,0.99860183,0.00114854,0.78473811,6,350,v112_backtracking_remap;v119_roniheka_hgnet,47158son01;47158son13;47158son18;47158son21;47158son22;47158son23,0.01114442,0.99946990
v128_v110_clean_min10_d0_w0.7_rm0_t0.7,v110_clean,10,0.0,0.7,0.0,0.7,0.08,0.97968196,0.91899042,0.21917808,0.52054795,22,0.99860183,0.00114854,0.78473811,6,350,v112_backtracking_remap;v119_roniheka_hgnet,47158son01;47158son13;47158son18;47158son21;47158son22;47158son23,0.01114442,0.99946990
v128_v110_clean_min10_d0_w0.7_rm0_t0.8,v110_clean,10,0.0,0.7,0.0,0.8,0.08,0.97968196,0.91899042,0.21917808,0.52054795,22,0.99860183,0.00114854,0.78473811,6,350,v112_backtracking_remap;v119_roniheka_hgnet,47158son01;47158son13;47158son18;47158son21;47158son22;47158son23,0.01114442,0.99946990
v128_v110_clean_min10_d0_w0.7_rm0_t0.9,v110_clean,10,0.0,0.7,0.0,0.9,0.08,0.97968196,0.91899042,0.21917808,0.52054795,22,0.99860183,0.00114854,0.78473811,6,350,v112_backtracking_remap;v119_roniheka_hgnet,47158son01;47158son13;47158son18;47158son21;47158son22;47158son23,0.01114442,0.99946990
v128_v110_clean_min5_d0.005_w0.9_rm0_t0.7,v110_clean,5,0.005,0.9,0.0,0.7,0.08,0.97968128,0.91769415,0.21917808,0.52054795,22,0.99875127,0.00077595,0.78470154,3,179,v112_backtracking_remap,47158son13;47158son22;47158son23,0.01114442,0.99946990
v128_v110_clean_min5_d0.005_w0.9_rm0_t0.8,v110_clean,5,0.005,0.9,0.0,0.8,0.08,0.97968128,0.91769415,0.21917808,0.52054795,22,0.99875127,0.00077595,0.78470154,3,179,v112_backtracking_remap,47158son13;47158son22;47158son23,0.01114442,0.99946990
v128_v110_clean_min5_d0.005_w0.9_rm0_t0.9,v110_clean,5,0.005,0.9,0.0,0.9,0.08,0.97968128,0.91769415,0.21917808,0.52054795,22,0.99875127,0.00077595,0.78470154,3,179,v112_backtracking_remap,47158son13;47158son22;47158son23,0.01114442,0.99946990
v128_v110_clean_min10_d0.005_w0.9_rm0_t0.7,v110_clean,10,0.005,0.9,0.0,0.7,0.08,0.97968128,0.91769415,0.21917808,0.52054795,22,0.99875127,0.00077595,0.78470154,3,179,v112_backtracking_remap,47158son13;47158son22;47158son23,0.01114442,0.99946990
v128_v110_clean_min10_d0.005_w0.9_rm0_t0.8,v110_clean,10,0.005,0.9,0.0,0.8,0.08,0.97968128,0.91769415,0.21917808,0.52054795,22,0.99875127,0.00077595,0.78470154,3,179,v112_backtracking_remap,47158son13;47158son22;47158son23,0.01114442,0.99946990
v128_v110_clean_min10_d0.005_w0.9_rm0_t0.9,v110_clean,10,0.005,0.9,0.0,0.9,0.08,0.97968128,0.91769415,0.21917808,0.52054795,22,0.99875127,0.00077595,0.78470154,3,179,v112_backtracking_remap,47158son13;47158son22;47158son23,0.01114442,0.99946990
v128_v110_clean_min15_d0.005_w0.9_rm0_t0.7,v110_clean,15,0.005,0.9,0.0,0.7,0.08,0.97968128,0.91769415,0.21917808,0.52054795,22,0.99875127,0.00077595,0.78470154,3,179,v112_backtracking_remap,47158son13;47158son22;47158son23,0.01114442,0.99946990
v128_v110_clean_min15_d0.005_w0.9_rm0_t0.8,v110_clean,15,0.005,0.9,0.0,0.8,0.08,0.97968128,0.91769415,0.21917808,0.52054795,22,0.99875127,0.00077595,0.78470154,3,179,v112_backtracking_remap,47158son13;47158son22;47158son23,0.01114442,0.99946990
v128_v110_clean_min15_d0.005_w0.9_rm0_t0.9,v110_clean,15,0.005,0.9,0.0,0.9,0.08,0.97968128,0.91769415,0.21917808,0.52054795,22,0.99875127,0.00077595,0.78470154,3,179,v112_backtracking_remap,47158son13;47158son22;47158son23,0.01114442,0.99946990
v128_v110_clean_min20_d0.005_w0.9_rm0_t0.7,v110_clean,20,0.005,0.9,0.0,0.7,0.08,0.97968128,0.91769415,0.21917808,0.52054795,22,0.99875127,0.00077595,0.78470154,3,179,v112_backtracking_remap,47158son13;47158son22;47158son23,0.01114442,0.99946990
v128_v110_clean_min20_d0.005_w0.9_rm0_t0.8,v110_clean,20,0.005,0.9,0.0,0.8,0.08,0.97968128,0.91769415,0.21917808,0.52054795,22,0.99875127,0.00077595,0.78470154,3,179,v112_backtracking_remap,47158son13;47158son22;47158son23,0.01114442,0.99946990
v128_v110_clean_min20_d0.005_w0.9_rm0_t0.9,v110_clean,20,0.005,0.9,0.0,0.9,0.08,0.97968128,0.91769415,0.21917808,0.52054795,22,0.99875127,0.00077595,0.78470154,3,179,v112_backtracking_remap,47158son13;47158son22;47158son23,0.01114442,0.99946990
v128_v114_clean_selfblend_min5_d0_w0.5_rm0_t0.7,v114_clean_selfblend,5,0.0,0.5,0.0,0.7,0.08,0.97966552,0.91880028,0.23287671,0.52054795,22,0.99928433,0.00082028,0.78596675,6,350,v112_backtracking_remap;v119_roniheka_hgnet,47158son01;47158son13;47158son18;47158son21;47158son22;47158son23,0.01114442,0.99946620
v128_v114_clean_selfblend_min5_d0_w0.5_rm0_t0.8,v114_clean_selfblend,5,0.0,0.5,0.0,0.8,0.08,0.97966552,0.91880028,0.23287671,0.52054795,22,0.99928433,0.00082028,0.78596675,6,350,v112_backtracking_remap;v119_roniheka_hgnet,47158son01;47158son13;47158son18;47158son21;47158son22;47158son23,0.01114442,0.99946620
v128_v114_clean_selfblend_min5_d0_w0.5_rm0_t0.9,v114_clean_selfblend,5,0.0,0.5,0.0,0.9,0.08,0.97966552,0.91880028,0.23287671,0.52054795,22,0.99928433,0.00082028,0.78596675,6,350,v112_backtracking_remap;v119_roniheka_hgnet,47158son01;47158son13;47158son18;47158son21;47158son22;47158son23,0.01114442,0.99946620
v128_v114_clean_selfblend_min10_d0_w0.5_rm0_t0.7,v114_clean_selfblend,10,0.0,0.5,0.0,0.7,0.08,0.97966552,0.91880028,0.23287671,0.52054795,22,0.99928433,0.00082028,0.78596675,6,350,v112_backtracking_remap;v119_roniheka_hgnet,47158son01;47158son13;47158son18;47158son21;47158son22;47158son23,0.01114442,0.99946620
v128_v114_clean_selfblend_min10_d0_w0.5_rm0_t0.8,v114_clean_selfblend,10,0.0,0.5,0.0,0.8,0.08,0.97966552,0.91880028,0.23287671,0.52054795,22,0.99928433,0.00082028,0.78596675,6,350,v112_backtracking_remap;v119_roniheka_hgnet,47158son01;47158son13;47158son18;47158son21;47158son22;47158son23,0.01114442,0.99946620
v128_v114_clean_selfblend_min10_d0_w0.5_rm0_t0.9,v114_clean_selfblend,10,0.0,0.5,0.0,0.9,0.08,0.97966552,0.91880028,0.23287671,0.52054795,22,0.99928433,0.00082028,0.78596675,6,350,v112_backtracking_remap;v119_roniheka_hgnet,47158son01;47158son13;47158son18;47158son21;47158son22;47158son23,0.01114442,0.99946620
v128_v114_clean_selfblend_min5_d0.005_w0.7_rm0_t0.7,v114_clean_selfblend,5,0.005,0.7,0.0,0.7,0.08,0.97966484,0.91807345,0.23287671,0.52054795,22,0.99924193,0.00060337,0.78572018,3,179,v112_backtracking_remap,47158son13;47158son22;47158son23,0.01114442,0.99946620
v128_v114_clean_selfblend_min5_d0.005_w0.7_rm0_t0.8,v114_clean_selfblend,5,0.005,0.7,0.0,0.8,0.08,0.97966484,0.91807345,0.23287671,0.52054795,22,0.99924193,0.00060337,0.78572018,3,179,v112_backtracking_remap,47158son13;47158son22;47158son23,0.01114442,0.99946620
v128_v114_clean_selfblend_min5_d0.005_w0.7_rm0_t0.9,v114_clean_selfblend,5,0.005,0.7,0.0,0.9,0.08,0.97966484,0.91807345,0.23287671,0.52054795,22,0.99924193,0.00060337,0.78572018,3,179,v112_backtracking_remap,47158son13;47158son22;47158son23,0.01114442,0.99946620
v128_v114_clean_selfblend_min10_d0.005_w0.7_rm0_t0.7,v114_clean_selfblend,10,0.005,0.7,0.0,0.7,0.08,0.97966484,0.91807345,0.23287671,0.52054795,22,0.99924193,0.00060337,0.78572018,3,179,v112_backtracking_remap,47158son13;47158son22;47158son23,0.01114442,0.99946620
v128_v114_clean_selfblend_min10_d0.005_w0.7_rm0_t0.8,v114_clean_selfblend,10,0.005,0.7,0.0,0.8,0.08,0.97966484,0.91807345,0.23287671,0.52054795,22,0.99924193,0.00060337,0.78572018,3,179,v112_backtracking_remap,47158son13;47158son22;47158son23,0.01114442,0.99946620
v128_v114_clean_selfblend_min10_d0.005_w0.7_rm0_t0.9,v114_clean_selfblend,10,0.005,0.7,0.0,0.9,0.08,0.97966484,0.91807345,0.23287671,0.52054795,22,0.99924193,0.00060337,0.78572018,3,179,v112_backtracking_remap,47158son13;47158son22;47158son23,0.01114442,0.99946620
v128_v114_clean_selfblend_min15_d0.005_w0.7_rm0_t0.7,v114_clean_selfblend,15,0.005,0.7,0.0,0.7,0.08,0.97966484,0.91807345,0.23287671,0.52054795,22,0.99924193,0.00060337,0.78572018,3,179,v112_backtracking_remap,47158son13;47158son22;47158son23,0.01114442,0.99946620
v128_v114_clean_selfblend_min15_d0.005_w0.7_rm0_t0.8,v114_clean_selfblend,15,0.005,0.7,0.0,0.8,0.08,0.97966484,0.91807345,0.23287671,0.52054795,22,0.99924193,0.00060337,0.78572018,3,179,v112_backtracking_remap,47158son13;47158son22;47158son23,0.01114442,0.99946620
v128_v114_clean_selfblend_min15_d0.005_w0.7_rm0_t0.9,v114_clean_selfblend,15,0.005,0.7,0.0,0.9,0.08,0.97966484,0.91807345,0.23287671,0.52054795,22,0.99924193,0.00060337,0.78572018,3,179,v112_backtracking_remap,47158son13;47158son22;47158son23,0.01114442,0.99946620
v128_v114_clean_selfblend_min20_d0.005_w0.7_rm0_t0.7,v114_clean_selfblend,20,0.005,0.7,0.0,0.7,0.08,0.97966484,0.91807345,0.23287671,0.52054795,22,0.99924193,0.00060337,0.78572018,3,179,v112_backtracking_remap,47158son13;47158son22;47158son23,0.01114442,0.99946620
v128_v114_clean_selfblend_min20_d0.005_w0.7_rm0_t0.8,v114_clean_selfblend,20,0.005,0.7,0.0,0.8,0.08,0.97966484,0.91807345,0.23287671,0.52054795,22,0.99924193,0.00060337,0.78572018,3,179,v112_backtracking_remap,47158son13;47158son22;47158son23,0.01114442,0.99946620
v128_v114_clean_selfblend_min20_d0.005_w0.7_rm0_t0.9,v114_clean_selfblend,20,0.005,0.7,0.0,0.9,0.08,0.97966484,0.91807345,0.23287671,0.52054795,22,0.99924193,0.00060337,0.78572018,3,179,v112_backtracking_remap,47158son13;47158son22;47158son23,0.01114442,0.99946620
v128_v110_clean_min15_d0_w0.7_rm0_t0.7,v110_clean,15,0.0,0.7,0.0,0.7,0.08,0.97964405,0.91775260,0.21917808,0.52054795,22,0.99890813,0.00084482,0.78479537,4,237,v112_backtracking_remap;v119_roniheka_hgnet,47158son13;47158son21;47158son22;47158son23,0.01114442,0.99946990
v128_v110_clean_min15_d0_w0.7_rm0_t0.8,v110_clean,15,0.0,0.7,0.0,0.8,0.08,0.97964405,0.91775260,0.21917808,0.52054795,22,0.99890813,0.00084482,0.78479537,4,237,v112_backtracking_remap;v119_roniheka_hgnet,47158son13;47158son21;47158son22;47158son23,0.01114442,0.99946990
v128_v110_clean_min15_d0_w0.7_rm0_t0.9,v110_clean,15,0.0,0.7,0.0,0.9,0.08,0.97964405,0.91775260,0.21917808,0.52054795,22,0.99890813,0.00084482,0.78479537,4,237,v112_backtracking_remap;v119_roniheka_hgnet,47158son13;47158son21;47158son22;47158son23,0.01114442,0.99946990
v128_v110_clean_min20_d0_w0.7_rm0_t0.7,v110_clean,20,0.0,0.7,0.0,0.7,0.08,0.97964405,0.91775260,0.21917808,0.52054795,22,0.99890813,0.00084482,0.78479537,4,237,v112_backtracking_remap;v119_roniheka_hgnet,47158son13;47158son21;47158son22;47158son23,0.01114442,0.99946990
v128_v110_clean_min20_d0_w0.7_rm0_t0.8,v110_clean,20,0.0,0.7,0.0,0.8,0.08,0.97964405,0.91775260,0.21917808,0.52054795,22,0.99890813,0.00084482,0.78479537,4,237,v112_backtracking_remap;v119_roniheka_hgnet,47158son13;47158son21;47158son22;47158son23,0.01114442,0.99946990
v128_v110_clean_min20_d0_w0.7_rm0_t0.9,v110_clean,20,0.0,0.7,0.0,0.9,0.08,0.97964405,0.91775260,0.21917808,0.52054795,22,0.99890813,0.00084482,0.78479537,4,237,v112_backtracking_remap;v119_roniheka_hgnet,47158son13;47158son21;47158son22;47158son23,0.01114442,0.99946990
v128_v110_clean_min5_d0_w0.7_rm0.05_t0.7,v110_clean,5,0.0,0.7,0.05,0.7,0.08,0.97963979,0.91816486,0.21917808,0.52054795,22,0.99860674,0.00112909,0.78471974,6,299,v112_backtracking_remap;v119_roniheka_hgnet,47158son01;47158son13;47158son18;47158son21;47158son22;47158son23,0.01114442,0.99946990
v128_v110_clean_min5_d0_w0.7_rm0.05_t0.8,v110_clean,5,0.0,0.7,0.05,0.8,0.08,0.97963979,0.91816486,0.21917808,0.52054795,22,0.99860674,0.00112909,0.78471974,6,299,v112_backtracking_remap;v119_roniheka_hgnet,47158son01;47158son13;47158son18;47158son21;47158son22;47158son23,0.01114442,0.99946990
v128_v110_clean_min5_d0_w0.7_rm0.05_t0.9,v110_clean,5,0.0,0.7,0.05,0.9,0.08,0.97963979,0.91816486,0.21917808,0.52054795,22,0.99860674,0.00112909,0.78471974,6,299,v112_backtracking_remap;v119_roniheka_hgnet,47158son01;47158son13;47158son18;47158son21;47158son22;47158son23,0.01114442,0.99946990
v128_v110_clean_min10_d0_w0.7_rm0.05_t0.7,v110_clean,10,0.0,0.7,0.05,0.7,0.08,0.97963979,0.91816486,0.21917808,0.52054795,22,0.99860674,0.00112909,0.78471974,6,299,v112_backtracking_remap;v119_roniheka_hgnet,47158son01;47158son13;47158son18;47158son21;47158son22;47158son23,0.01114442,0.99946990
v128_v110_clean_min10_d0_w0.7_rm0.05_t0.8,v110_clean,10,0.0,0.7,0.05,0.8,0.08,0.97963979,0.91816486,0.21917808,0.52054795,22,0.99860674,0.00112909,0.78471974,6,299,v112_backtracking_remap;v119_roniheka_hgnet,47158son01;47158son13;47158son18;47158son21;47158son22;47158son23,0.01114442,0.99946990
v128_v110_clean_min10_d0_w0.7_rm0.05_t0.9,v110_clean,10,0.0,0.7,0.05,0.9,0.08,0.97963979,0.91816486,0.21917808,0.52054795,22,0.99860674,0.00112909,0.78471974,6,299,v112_backtracking_remap;v119_roniheka_hgnet,47158son01;47158son13;47158son18;47158son21;47158son22;47158son23,0.01114442,0.99946990
v128_v110_clean_min5_d0.005_w0.9_rm0.05_t0.7,v110_clean,5,0.005,0.9,0.05,0.7,0.08,0.97963911,0.91736899,0.21917808,0.52054795,22,0.99875333,0.00076253,0.78470238,3,150,v112_backtracking_remap,47158son13;47158son22;47158son23,0.01114442,0.99946990
v128_v110_clean_min5_d0.005_w0.9_rm0.05_t0.8,v110_clean,5,0.005,0.9,0.05,0.8,0.08,0.97963911,0.91736899,0.21917808,0.52054795,22,0.99875333,0.00076253,0.78470238,3,150,v112_backtracking_remap,47158son13;47158son22;47158son23,0.01114442,0.99946990
v128_v110_clean_min5_d0.005_w0.9_rm0.05_t0.9,v110_clean,5,0.005,0.9,0.05,0.9,0.08,0.97963911,0.91736899,0.21917808,0.52054795,22,0.99875333,0.00076253,0.78470238,3,150,v112_backtracking_remap,47158son13;47158son22;47158son23,0.01114442,0.99946990
v128_v110_clean_min10_d0.005_w0.9_rm0.05_t0.7,v110_clean,10,0.005,0.9,0.05,0.7,0.08,0.97963911,0.91736899,0.21917808,0.52054795,22,0.99875333,0.00076253,0.78470238,3,150,v112_backtracking_remap,47158son13;47158son22;47158son23,0.01114442,0.99946990
v128_v110_clean_min10_d0.005_w0.9_rm0.05_t0.8,v110_clean,10,0.005,0.9,0.05,0.8,0.08,0.97963911,0.91736899,0.21917808,0.52054795,22,0.99875333,0.00076253,0.78470238,3,150,v112_backtracking_remap,47158son13;47158son22;47158son23,0.01114442,0.99946990
v128_v110_clean_min10_d0.005_w0.9_rm0.05_t0.9,v110_clean,10,0.005,0.9,0.05,0.9,0.08,0.97963911,0.91736899,0.21917808,0.52054795,22,0.99875333,0.00076253,0.78470238,3,150,v112_backtracking_remap,47158son13;47158son22;47158son23,0.01114442,0.99946990
v128_v110_clean_min15_d0.005_w0.9_rm0.05_t0.7,v110_clean,15,0.005,0.9,0.05,0.7,0.08,0.97963911,0.91736899,0.21917808,0.52054795,22,0.99875333,0.00076253,0.78470238,3,150,v112_backtracking_remap,47158son13;47158son22;47158son23,0.01114442,0.99946990
v128_v110_clean_min15_d0.005_w0.9_rm0.05_t0.8,v110_clean,15,0.005,0.9,0.05,0.8,0.08,0.97963911,0.91736899,0.21917808,0.52054795,22,0.99875333,0.00076253,0.78470238,3,150,v112_backtracking_remap,47158son13;47158son22;47158son23,0.01114442,0.99946990
v128_v110_clean_min15_d0.005_w0.9_rm0.05_t0.9,v110_clean,15,0.005,0.9,0.05,0.9,0.08,0.97963911,0.91736899,0.21917808,0.52054795,22,0.99875333,0.00076253,0.78470238,3,150,v112_backtracking_remap,47158son13;47158son22;47158son23,0.01114442,0.99946990
v128_v110_clean_min20_d0.005_w0.9_rm0.05_t0.7,v110_clean,20,0.005,0.9,0.05,0.7,0.08,0.97963911,0.91736899,0.21917808,0.52054795,22,0.99875333,0.00076253,0.78470238,3,150,v112_backtracking_remap,47158son13;47158son22;47158son23,0.01114442,0.99946990
v128_v110_clean_min20_d0.005_w0.9_rm0.05_t0.8,v110_clean,20,0.005,0.9,0.05,0.8,0.08,0.97963911,0.91736899,0.21917808,0.52054795,22,0.99875333,0.00076253,0.78470238,3,150,v112_backtracking_remap,47158son13;47158son22;47158son23,0.01114442,0.99946990
v128_v110_clean_min20_d0.005_w0.9_rm0.05_t0.9,v110_clean,20,0.005,0.9,0.05,0.9,0.08,0.97963911,0.91736899,0.21917808,0.52054795,22,0.99875333,0.00076253,0.78470238,3,150,v112_backtracking_remap,47158son13;47158son22;47158son23,0.01114442,0.99946990
v128_v114_clean_selfblend_min15_d0_w0.5_rm0_t0.7,v114_clean_selfblend,15,0.0,0.5,0.0,0.7,0.08,0.97962761,0.91791179,0.23287671,0.52054795,22,0.99944107,0.00060333,0.78595798,4,237,v112_backtracking_remap;v119_roniheka_hgnet,47158son13;47158son21;47158son22;47158son23,0.01114442,0.99946620
v128_v114_clean_selfblend_min15_d0_w0.5_rm0_t0.8,v114_clean_selfblend,15,0.0,0.5,0.0,0.8,0.08,0.97962761,0.91791179,0.23287671,0.52054795,22,0.99944107,0.00060333,0.78595798,4,237,v112_backtracking_remap;v119_roniheka_hgnet,47158son13;47158son21;47158son22;47158son23,0.01114442,0.99946620
v128_v114_clean_selfblend_min15_d0_w0.5_rm0_t0.9,v114_clean_selfblend,15,0.0,0.5,0.0,0.9,0.08,0.97962761,0.91791179,0.23287671,0.52054795,22,0.99944107,0.00060333,0.78595798,4,237,v112_backtracking_remap;v119_roniheka_hgnet,47158son13;47158son21;47158son22;47158son23,0.01114442,0.99946620
v128_v114_clean_selfblend_min20_d0_w0.5_rm0_t0.7,v114_clean_selfblend,20,0.0,0.5,0.0,0.7,0.08,0.97962761,0.91791179,0.23287671,0.52054795,22,0.99944107,0.00060333,0.78595798,4,237,v112_backtracking_remap;v119_roniheka_hgnet,47158son13;47158son21;47158son22;47158son23,0.01114442,0.99946620
v128_v114_clean_selfblend_min20_d0_w0.5_rm0_t0.8,v114_clean_selfblend,20,0.0,0.5,0.0,0.8,0.08,0.97962761,0.91791179,0.23287671,0.52054795,22,0.99944107,0.00060333,0.78595798,4,237,v112_backtracking_remap;v119_roniheka_hgnet,47158son13;47158son21;47158son22;47158son23,0.01114442,0.99946620
v128_v114_clean_selfblend_min20_d0_w0.5_rm0_t0.9,v114_clean_selfblend,20,0.0,0.5,0.0,0.9,0.08,0.97962761,0.91791179,0.23287671,0.52054795,22,0.99944107,0.00060333,0.78595798,4,237,v112_backtracking_remap;v119_roniheka_hgnet,47158son13;47158son21;47158son22;47158son23,0.01114442,0.99946620
v128_v114_clean_selfblend_min5_d0_w0.5_rm0.05_t0.7,v114_clean_selfblend,5,0.0,0.5,0.05,0.7,0.08,0.97962335,0.91820853,0.23287671,0.52054795,22,0.99928686,0.00080638,0.78595289,6,299,v112_backtracking_remap;v119_roniheka_hgnet,47158son01;47158son13;47158son18;47158son21;47158son22;47158son23,0.01114442,0.99946620
v128_v114_clean_selfblend_min5_d0_w0.5_rm0.05_t0.8,v114_clean_selfblend,5,0.0,0.5,0.05,0.8,0.08,0.97962335,0.91820853,0.23287671,0.52054795,22,0.99928686,0.00080638,0.78595289,6,299,v112_backtracking_remap;v119_roniheka_hgnet,47158son01;47158son13;47158son18;47158son21;47158son22;47158son23,0.01114442,0.99946620
v128_v114_clean_selfblend_min5_d0_w0.5_rm0.05_t0.9,v114_clean_selfblend,5,0.0,0.5,0.05,0.9,0.08,0.97962335,0.91820853,0.23287671,0.52054795,22,0.99928686,0.00080638,0.78595289,6,299,v112_backtracking_remap;v119_roniheka_hgnet,47158son01;47158son13;47158son18;47158son21;47158son22;47158son23,0.01114442,0.99946620
v128_v114_clean_selfblend_min10_d0_w0.5_rm0.05_t0.7,v114_clean_selfblend,10,0.0,0.5,0.05,0.7,0.08,0.97962335,0.91820853,0.23287671,0.52054795,22,0.99928686,0.00080638,0.78595289,6,299,v112_backtracking_remap;v119_roniheka_hgnet,47158son01;47158son13;47158son18;47158son21;47158son22;47158son23,0.01114442,0.99946620
v128_v114_clean_selfblend_min10_d0_w0.5_rm0.05_t0.8,v114_clean_selfblend,10,0.0,0.5,0.05,0.8,0.08,0.97962335,0.91820853,0.23287671,0.52054795,22,0.99928686,0.00080638,0.78595289,6,299,v112_backtracking_remap;v119_roniheka_hgnet,47158son01;47158son13;47158son18;47158son21;47158son22;47158son23,0.01114442,0.99946620
v128_v114_clean_selfblend_min10_d0_w0.5_rm0.05_t0.9,v114_clean_selfblend,10,0.0,0.5,0.05,0.9,0.08,0.97962335,0.91820853,0.23287671,0.52054795,22,0.99928686,0.00080638,0.78595289,6,299,v112_backtracking_remap;v119_roniheka_hgnet,47158son01;47158son13;47158son18;47158son21;47158son22;47158son23,0.01114442,0.99946620
v128_v114_clean_selfblend_min5_d0.005_w0.7_rm0.05_t0.7,v114_clean_selfblend,5,0.005,0.7,0.05,0.7,0.08,0.97962267,0.91781479,0.23287671,0.52054795,22,0.99924319,0.00059292,0.78572060,3,150,v112_backtracking_remap,47158son13;47158son22;47158son23,0.01114442,0.99946620
v128_v114_clean_selfblend_min5_d0.005_w0.7_rm0.05_t0.8,v114_clean_selfblend,5,0.005,0.7,0.05,0.8,0.08,0.97962267,0.91781479,0.23287671,0.52054795,22,0.99924319,0.00059292,0.78572060,3,150,v112_backtracking_remap,47158son13;47158son22;47158son23,0.01114442,0.99946620
v128_v114_clean_selfblend_min5_d0.005_w0.7_rm0.05_t0.9,v114_clean_selfblend,5,0.005,0.7,0.05,0.9,0.08,0.97962267,0.91781479,0.23287671,0.52054795,22,0.99924319,0.00059292,0.78572060,3,150,v112_backtracking_remap,47158son13;47158son22;47158son23,0.01114442,0.99946620
v128_v114_clean_selfblend_min10_d0.005_w0.7_rm0.05_t0.7,v114_clean_selfblend,10,0.005,0.7,0.05,0.7,0.08,0.97962267,0.91781479,0.23287671,0.52054795,22,0.99924319,0.00059292,0.78572060,3,150,v112_backtracking_remap,47158son13;47158son22;47158son23,0.01114442,0.99946620
v128_v114_clean_selfblend_min10_d0.005_w0.7_rm0.05_t0.8,v114_clean_selfblend,10,0.005,0.7,0.05,0.8,0.08,0.97962267,0.91781479,0.23287671,0.52054795,22,0.99924319,0.00059292,0.78572060,3,150,v112_backtracking_remap,47158son13;47158son22;47158son23,0.01114442,0.99946620
v128_v114_clean_selfblend_min10_d0.005_w0.7_rm0.05_t0.9,v114_clean_selfblend,10,0.005,0.7,0.05,0.9,0.08,0.97962267,0.91781479,0.23287671,0.52054795,22,0.99924319,0.00059292,0.78572060,3,150,v112_backtracking_remap,47158son13;47158son22;47158son23,0.01114442,0.99946620
v128_v114_clean_selfblend_min15_d0.005_w0.7_rm0.05_t0.7,v114_clean_selfblend,15,0.005,0.7,0.05,0.7,0.08,0.97962267,0.91781479,0.23287671,0.52054795,22,0.99924319,0.00059292,0.78572060,3,150,v112_backtracking_remap,47158son13;47158son22;47158son23,0.01114442,0.99946620
v128_v114_clean_selfblend_min15_d0.005_w0.7_rm0.05_t0.8,v114_clean_selfblend,15,0.005,0.7,0.05,0.8,0.08,0.97962267,0.91781479,0.23287671,0.52054795,22,0.99924319,0.00059292,0.78572060,3,150,v112_backtracking_remap,47158son13;47158son22;47158son23,0.01114442,0.99946620
v128_v114_clean_selfblend_min15_d0.005_w0.7_rm0.05_t0.9,v114_clean_selfblend,15,0.005,0.7,0.05,0.9,0.08,0.97962267,0.91781479,0.23287671,0.52054795,22,0.99924319,0.00059292,0.78572060,3,150,v112_backtracking_remap,47158son13;47158son22;47158son23,0.01114442,0.99946620
v128_v114_clean_selfblend_min20_d0.005_w0.7_rm0.05_t0.7,v114_clean_selfblend,20,0.005,0.7,0.05,0.7,0.08,0.97962267,0.91781479,0.23287671,0.52054795,22,0.99924319,0.00059292,0.78572060,3,150,v112_backtracking_remap,47158son13;47158son22;47158son23,0.01114442,0.99946620
v128_v114_clean_selfblend_min20_d0.005_w0.7_rm0.05_t0.8,v114_clean_selfblend,20,0.005,0.7,0.05,0.8,0.08,0.97962267,0.91781479,0.23287671,0.52054795,22,0.99924319,0.00059292,0.78572060,3,150,v112_backtracking_remap,47158son13;47158son22;47158son23,0.01114442,0.99946620
v128_v114_clean_selfblend_min20_d0.005_w0.7_rm0.05_t0.9,v114_clean_selfblend,20,0.005,0.7,0.05,0.9,0.08,0.97962267,0.91781479,0.23287671,0.52054795,22,0.99924319,0.00059292,0.78572060,3,150,v112_backtracking_remap,47158son13;47158son22;47158son23,0.01114442,0.99946620
v128_v110_clean_min5_d0_w0.7_rm0.1_t0.7,v110_clean,5,0.0,0.7,0.1,0.7,0.08,0.97960353,0.91703911,0.21917808,0.52054795,22,0.99861936,0.00109899,0.78472077,6,275,v112_backtracking_remap;v119_roniheka_hgnet,47158son01;47158son13;47158son18;47158son21;47158son22;47158son23,0.01114442,0.99946990
v128_v110_clean_min5_d0_w0.7_rm0.1_t0.8,v110_clean,5,0.0,0.7,0.1,0.8,0.08,0.97960353,0.91703911,0.21917808,0.52054795,22,0.99861936,0.00109899,0.78472077,6,275,v112_backtracking_remap;v119_roniheka_hgnet,47158son01;47158son13;47158son18;47158son21;47158son22;47158son23,0.01114442,0.99946990
v128_v110_clean_min5_d0_w0.7_rm0.1_t0.9,v110_clean,5,0.0,0.7,0.1,0.9,0.08,0.97960353,0.91703911,0.21917808,0.52054795,22,0.99861936,0.00109899,0.78472077,6,275,v112_backtracking_remap;v119_roniheka_hgnet,47158son01;47158son13;47158son18;47158son21;47158son22;47158son23,0.01114442,0.99946990
v128_v110_clean_min10_d0_w0.7_rm0.1_t0.7,v110_clean,10,0.0,0.7,0.1,0.7,0.08,0.97960353,0.91703911,0.21917808,0.52054795,22,0.99861936,0.00109899,0.78472077,6,275,v112_backtracking_remap;v119_roniheka_hgnet,47158son01;47158son13;47158son18;47158son21;47158son22;47158son23,0.01114442,0.99946990
v128_v110_clean_min10_d0_w0.7_rm0.1_t0.8,v110_clean,10,0.0,0.7,0.1,0.8,0.08,0.97960353,0.91703911,0.21917808,0.52054795,22,0.99861936,0.00109899,0.78472077,6,275,v112_backtracking_remap;v119_roniheka_hgnet,47158son01;47158son13;47158son18;47158son21;47158son22;47158son23,0.01114442,0.99946990
v128_v110_clean_min10_d0_w0.7_rm0.1_t0.9,v110_clean,10,0.0,0.7,0.1,0.9,0.08,0.97960353,0.91703911,0.21917808,0.52054795,22,0.99861936,0.00109899,0.78472077,6,275,v112_backtracking_remap;v119_roniheka_hgnet,47158son01;47158son13;47158son18;47158son21;47158son22;47158son23,0.01114442,0.99946990
v128_v110_clean_min15_d0_w0.7_rm0.1_t0.7,v110_clean,15,0.0,0.7,0.1,0.7,0.08,0.97960353,0.91707501,0.21917808,0.52054795,22,0.99891477,0.00081280,0.78482360,4,183,v112_backtracking_remap;v119_roniheka_hgnet,47158son13;47158son21;47158son22;47158son23,0.01114442,0.99946990
v128_v110_clean_min15_d0_w0.7_rm0.1_t0.8,v110_clean,15,0.0,0.7,0.1,0.8,0.08,0.97960353,0.91707501,0.21917808,0.52054795,22,0.99891477,0.00081280,0.78482360,4,183,v112_backtracking_remap;v119_roniheka_hgnet,47158son13;47158son21;47158son22;47158son23,0.01114442,0.99946990
v128_v110_clean_min15_d0_w0.7_rm0.1_t0.9,v110_clean,15,0.0,0.7,0.1,0.9,0.08,0.97960353,0.91707501,0.21917808,0.52054795,22,0.99891477,0.00081280,0.78482360,4,183,v112_backtracking_remap;v119_roniheka_hgnet,47158son13;47158son21;47158son22;47158son23,0.01114442,0.99946990
v128_v110_clean_min20_d0_w0.7_rm0.1_t0.7,v110_clean,20,0.0,0.7,0.1,0.7,0.08,0.97960353,0.91707501,0.21917808,0.52054795,22,0.99891477,0.00081280,0.78482360,4,183,v112_backtracking_remap;v119_roniheka_hgnet,47158son13;47158son21;47158son22;47158son23,0.01114442,0.99946990
v128_v110_clean_min20_d0_w0.7_rm0.1_t0.8,v110_clean,20,0.0,0.7,0.1,0.8,0.08,0.97960353,0.91707501,0.21917808,0.52054795,22,0.99891477,0.00081280,0.78482360,4,183,v112_backtracking_remap;v119_roniheka_hgnet,47158son13;47158son21;47158son22;47158son23,0.01114442,0.99946990
v128_v110_clean_min20_d0_w0.7_rm0.1_t0.9,v110_clean,20,0.0,0.7,0.1,0.9,0.08,0.97960353,0.91707501,0.21917808,0.52054795,22,0.99891477,0.00081280,0.78482360,4,183,v112_backtracking_remap;v119_roniheka_hgnet,47158son13;47158son21;47158son22;47158son23,0.01114442,0.99946990
v128_v110_clean_min15_d0_w0.7_rm0.05_t0.7,v110_clean,15,0.0,0.7,0.05,0.7,0.08,0.97960188,0.91741409,0.21917808,0.52054795,22,0.99890952,0.00083219,0.78479393,4,201,v112_backtracking_remap;v119_roniheka_hgnet,47158son13;47158son21;47158son22;47158son23,0.01114442,0.99946990
v128_v110_clean_min15_d0_w0.7_rm0.05_t0.8,v110_clean,15,0.0,0.7,0.05,0.8,0.08,0.97960188,0.91741409,0.21917808,0.52054795,22,0.99890952,0.00083219,0.78479393,4,201,v112_backtracking_remap;v119_roniheka_hgnet,47158son13;47158son21;47158son22;47158son23,0.01114442,0.99946990
v128_v110_clean_min15_d0_w0.7_rm0.05_t0.9,v110_clean,15,0.0,0.7,0.05,0.9,0.08,0.97960188,0.91741409,0.21917808,0.52054795,22,0.99890952,0.00083219,0.78479393,4,201,v112_backtracking_remap;v119_roniheka_hgnet,47158son13;47158son21;47158son22;47158son23,0.01114442,0.99946990
v128_v110_clean_min20_d0_w0.7_rm0.05_t0.7,v110_clean,20,0.0,0.7,0.05,0.7,0.08,0.97960188,0.91741409,0.21917808,0.52054795,22,0.99890952,0.00083219,0.78479393,4,201,v112_backtracking_remap;v119_roniheka_hgnet,47158son13;47158son21;47158son22;47158son23,0.01114442,0.99946990
v128_v110_clean_min20_d0_w0.7_rm0.05_t0.8,v110_clean,20,0.0,0.7,0.05,0.8,0.08,0.97960188,0.91741409,0.21917808,0.52054795,22,0.99890952,0.00083219,0.78479393,4,201,v112_backtracking_remap;v119_roniheka_hgnet,47158son13;47158son21;47158son22;47158son23,0.01114442,0.99946990
v128_v110_clean_min20_d0_w0.7_rm0.05_t0.9,v110_clean,20,0.0,0.7,0.05,0.9,0.08,0.97960188,0.91741409,0.21917808,0.52054795,22,0.99890952,0.00083219,0.78479393,4,201,v112_backtracking_remap;v119_roniheka_hgnet,47158son13;47158son21;47158son22;47158son23,0.01114442,0.99946990
v128_v114_clean_selfblend_min5_d0.005_w0.7_rm0.1_t0.7,v114_clean_selfblend,5,0.005,0.7,0.1,0.7,0.08,0.97960159,0.91757500,0.23287671,0.52054795,22,0.99924711,0.00057778,0.78575464,3,135,v112_backtracking_remap,47158son13;47158son22;47158son23,0.01114442,0.99946620
v128_v114_clean_selfblend_min5_d0.005_w0.7_rm0.1_t0.8,v114_clean_selfblend,5,0.005,0.7,0.1,0.8,0.08,0.97960159,0.91757500,0.23287671,0.52054795,22,0.99924711,0.00057778,0.78575464,3,135,v112_backtracking_remap,47158son13;47158son22;47158son23,0.01114442,0.99946620
v128_v114_clean_selfblend_min5_d0.005_w0.7_rm0.1_t0.9,v114_clean_selfblend,5,0.005,0.7,0.1,0.9,0.08,0.97960159,0.91757500,0.23287671,0.52054795,22,0.99924711,0.00057778,0.78575464,3,135,v112_backtracking_remap,47158son13;47158son22;47158son23,0.01114442,0.99946620
v128_v114_clean_selfblend_min10_d0.005_w0.7_rm0.1_t0.7,v114_clean_selfblend,10,0.005,0.7,0.1,0.7,0.08,0.97960159,0.91757500,0.23287671,0.52054795,22,0.99924711,0.00057778,0.78575464,3,135,v112_backtracking_remap,47158son13;47158son22;47158son23,0.01114442,0.99946620
v128_v114_clean_selfblend_min10_d0.005_w0.7_rm0.1_t0.8,v114_clean_selfblend,10,0.005,0.7,0.1,0.8,0.08,0.97960159,0.91757500,0.23287671,0.52054795,22,0.99924711,0.00057778,0.78575464,3,135,v112_backtracking_remap,47158son13;47158son22;47158son23,0.01114442,0.99946620
v128_v114_clean_selfblend_min10_d0.005_w0.7_rm0.1_t0.9,v114_clean_selfblend,10,0.005,0.7,0.1,0.9,0.08,0.97960159,0.91757500,0.23287671,0.52054795,22,0.99924711,0.00057778,0.78575464,3,135,v112_backtracking_remap,47158son13;47158son22;47158son23,0.01114442,0.99946620
v128_v114_clean_selfblend_min15_d0.005_w0.7_rm0.1_t0.7,v114_clean_selfblend,15,0.005,0.7,0.1,0.7,0.08,0.97960159,0.91757500,0.23287671,0.52054795,22,0.99924711,0.00057778,0.78575464,3,135,v112_backtracking_remap,47158son13;47158son22;47158son23,0.01114442,0.99946620
v128_v114_clean_selfblend_min15_d0.005_w0.7_rm0.1_t0.8,v114_clean_selfblend,15,0.005,0.7,0.1,0.8,0.08,0.97960159,0.91757500,0.23287671,0.52054795,22,0.99924711,0.00057778,0.78575464,3,135,v112_backtracking_remap,47158son13;47158son22;47158son23,0.01114442,0.99946620
v128_v114_clean_selfblend_min15_d0.005_w0.7_rm0.1_t0.9,v114_clean_selfblend,15,0.005,0.7,0.1,0.9,0.08,0.97960159,0.91757500,0.23287671,0.52054795,22,0.99924711,0.00057778,0.78575464,3,135,v112_backtracking_remap,47158son13;47158son22;47158son23,0.01114442,0.99946620
v128_v114_clean_selfblend_min20_d0.005_w0.7_rm0.1_t0.7,v114_clean_selfblend,20,0.005,0.7,0.1,0.7,0.08,0.97960159,0.91757500,0.23287671,0.52054795,22,0.99924711,0.00057778,0.78575464,3,135,v112_backtracking_remap,47158son13;47158son22;47158son23,0.01114442,0.99946620
v128_v114_clean_selfblend_min20_d0.005_w0.7_rm0.1_t0.8,v114_clean_selfblend,20,0.005,0.7,0.1,0.8,0.08,0.97960159,0.91757500,0.23287671,0.52054795,22,0.99924711,0.00057778,0.78575464,3,135,v112_backtracking_remap,47158son13;47158son22;47158son23,0.01114442,0.99946620
v128_v114_clean_selfblend_min20_d0.005_w0.7_rm0.1_t0.9,v114_clean_selfblend,20,0.005,0.7,0.1,0.9,0.08,0.97960159,0.91757500,0.23287671,0.52054795,22,0.99924711,0.00057778,0.78575464,3,135,v112_backtracking_remap,47158son13;47158son22;47158son23,0.01114442,0.99946620
v128_v110_clean_min5_d0.005_w0.9_rm0.1_t0.7,v110_clean,5,0.005,0.9,0.1,0.7,0.08,0.97959695,0.91706626,0.21917808,0.52054795,22,0.99875983,0.00074298,0.78474711,3,135,v112_backtracking_remap,47158son13;47158son22;47158son23,0.01114442,0.99946990
v128_v110_clean_min5_d0.005_w0.9_rm0.1_t0.8,v110_clean,5,0.005,0.9,0.1,0.8,0.08,0.97959695,0.91706626,0.21917808,0.52054795,22,0.99875983,0.00074298,0.78474711,3,135,v112_backtracking_remap,47158son13;47158son22;47158son23,0.01114442,0.99946990
v128_v110_clean_min5_d0.005_w0.9_rm0.1_t0.9,v110_clean,5,0.005,0.9,0.1,0.9,0.08,0.97959695,0.91706626,0.21917808,0.52054795,22,0.99875983,0.00074298,0.78474711,3,135,v112_backtracking_remap,47158son13;47158son22;47158son23,0.01114442,0.99946990
v128_v110_clean_min10_d0.005_w0.9_rm0.1_t0.7,v110_clean,10,0.005,0.9,0.1,0.7,0.08,0.97959695,0.91706626,0.21917808,0.52054795,22,0.99875983,0.00074298,0.78474711,3,135,v112_backtracking_remap,47158son13;47158son22;47158son23,0.01114442,0.99946990
v128_v110_clean_min10_d0.005_w0.9_rm0.1_t0.8,v110_clean,10,0.005,0.9,0.1,0.8,0.08,0.97959695,0.91706626,0.21917808,0.52054795,22,0.99875983,0.00074298,0.78474711,3,135,v112_backtracking_remap,47158son13;47158son22;47158son23,0.01114442,0.99946990
v128_v110_clean_min10_d0.005_w0.9_rm0.1_t0.9,v110_clean,10,0.005,0.9,0.1,0.9,0.08,0.97959695,0.91706626,0.21917808,0.52054795,22,0.99875983,0.00074298,0.78474711,3,135,v112_backtracking_remap,47158son13;47158son22;47158son23,0.01114442,0.99946990
v128_v110_clean_min15_d0.005_w0.9_rm0.1_t0.7,v110_clean,15,0.005,0.9,0.1,0.7,0.08,0.97959695,0.91706626,0.21917808,0.52054795,22,0.99875983,0.00074298,0.78474711,3,135,v112_backtracking_remap,47158son13;47158son22;47158son23,0.01114442,0.99946990
v128_v110_clean_min15_d0.005_w0.9_rm0.1_t0.8,v110_clean,15,0.005,0.9,0.1,0.8,0.08,0.97959695,0.91706626,0.21917808,0.52054795,22,0.99875983,0.00074298,0.78474711,3,135,v112_backtracking_remap,47158son13;47158son22;47158son23,0.01114442,0.99946990
v128_v110_clean_min15_d0.005_w0.9_rm0.1_t0.9,v110_clean,15,0.005,0.9,0.1,0.9,0.08,0.97959695,0.91706626,0.21917808,0.52054795,22,0.99875983,0.00074298,0.78474711,3,135,v112_backtracking_remap,47158son13;47158son22;47158son23,0.01114442,0.99946990
v128_v110_clean_min20_d0.005_w0.9_rm0.1_t0.7,v110_clean,20,0.005,0.9,0.1,0.7,0.08,0.97959695,0.91706626,0.21917808,0.52054795,22,0.99875983,0.00074298,0.78474711,3,135,v112_backtracking_remap,47158son13;47158son22;47158son23,0.01114442,0.99946990
v128_v110_clean_min20_d0.005_w0.9_rm0.1_t0.8,v110_clean,20,0.005,0.9,0.1,0.8,0.08,0.97959695,0.91706626,0.21917808,0.52054795,22,0.99875983,0.00074298,0.78474711,3,135,v112_backtracking_remap,47158son13;47158son22;47158son23,0.01114442,0.99946990
v128_v110_clean_min20_d0.005_w0.9_rm0.1_t0.9,v110_clean,20,0.005,0.9,0.1,0.9,0.08,0.97959695,0.91706626,0.21917808,0.52054795,22,0.99875983,0.00074298,0.78474711,3,135,v112_backtracking_remap,47158son13;47158son22;47158son23,0.01114442,0.99946990
v128_v114_clean_selfblend_min5_d0_w0.5_rm0.1_t0.7,v114_clean_selfblend,5,0.0,0.5,0.1,0.7,0.08,0.97958544,0.91739954,0.23287671,0.52054795,22,0.99929333,0.00078493,0.78595175,6,275,v112_backtracking_remap;v119_roniheka_hgnet,47158son01;47158son13;47158son18;47158son21;47158son22;47158son23,0.01114442,0.99946620
v128_v114_clean_selfblend_min5_d0_w0.5_rm0.1_t0.8,v114_clean_selfblend,5,0.0,0.5,0.1,0.8,0.08,0.97958544,0.91739954,0.23287671,0.52054795,22,0.99929333,0.00078493,0.78595175,6,275,v112_backtracking_remap;v119_roniheka_hgnet,47158son01;47158son13;47158son18;47158son21;47158son22;47158son23,0.01114442,0.99946620
v128_v114_clean_selfblend_min5_d0_w0.5_rm0.1_t0.9,v114_clean_selfblend,5,0.0,0.5,0.1,0.9,0.08,0.97958544,0.91739954,0.23287671,0.52054795,22,0.99929333,0.00078493,0.78595175,6,275,v112_backtracking_remap;v119_roniheka_hgnet,47158son01;47158son13;47158son18;47158son21;47158son22;47158son23,0.01114442,0.99946620
v128_v114_clean_selfblend_min10_d0_w0.5_rm0.1_t0.7,v114_clean_selfblend,10,0.0,0.5,0.1,0.7,0.08,0.97958544,0.91739954,0.23287671,0.52054795,22,0.99929333,0.00078493,0.78595175,6,275,v112_backtracking_remap;v119_roniheka_hgnet,47158son01;47158son13;47158son18;47158son21;47158son22;47158son23,0.01114442,0.99946620
v128_v114_clean_selfblend_min10_d0_w0.5_rm0.1_t0.8,v114_clean_selfblend,10,0.0,0.5,0.1,0.8,0.08,0.97958544,0.91739954,0.23287671,0.52054795,22,0.99929333,0.00078493,0.78595175,6,275,v112_backtracking_remap;v119_roniheka_hgnet,47158son01;47158son13;47158son18;47158son21;47158son22;47158son23,0.01114442,0.99946620
v128_v114_clean_selfblend_min10_d0_w0.5_rm0.1_t0.9,v114_clean_selfblend,10,0.0,0.5,0.1,0.9,0.08,0.97958544,0.91739954,0.23287671,0.52054795,22,0.99929333,0.00078493,0.78595175,6,275,v112_backtracking_remap;v119_roniheka_hgnet,47158son01;47158son13;47158son18;47158son21;47158son22;47158son23,0.01114442,0.99946620
v128_v114_clean_selfblend_min15_d0_w0.5_rm0.05_t0.7,v114_clean_selfblend,15,0.0,0.5,0.05,0.7,0.08,0.97958544,0.91766671,0.23287671,0.52054795,22,0.99944179,0.00059432,0.78595677,4,201,v112_backtracking_remap;v119_roniheka_hgnet,47158son13;47158son21;47158son22;47158son23,0.01114442,0.99946620
v128_v114_clean_selfblend_min15_d0_w0.5_rm0.05_t0.8,v114_clean_selfblend,15,0.0,0.5,0.05,0.8,0.08,0.97958544,0.91766671,0.23287671,0.52054795,22,0.99944179,0.00059432,0.78595677,4,201,v112_backtracking_remap;v119_roniheka_hgnet,47158son13;47158son21;47158son22;47158son23,0.01114442,0.99946620
v128_v114_clean_selfblend_min15_d0_w0.5_rm0.05_t0.9,v114_clean_selfblend,15,0.0,0.5,0.05,0.9,0.08,0.97958544,0.91766671,0.23287671,0.52054795,22,0.99944179,0.00059432,0.78595677,4,201,v112_backtracking_remap;v119_roniheka_hgnet,47158son13;47158son21;47158son22;47158son23,0.01114442,0.99946620
v128_v114_clean_selfblend_min15_d0_w0.5_rm0.1_t0.7,v114_clean_selfblend,15,0.0,0.5,0.1,0.7,0.08,0.97958544,0.91742232,0.23287671,0.52054795,22,0.99944447,0.00058050,0.78597725,4,183,v112_backtracking_remap;v119_roniheka_hgnet,47158son13;47158son21;47158son22;47158son23,0.01114442,0.99946620
v128_v114_clean_selfblend_min15_d0_w0.5_rm0.1_t0.8,v114_clean_selfblend,15,0.0,0.5,0.1,0.8,0.08,0.97958544,0.91742232,0.23287671,0.52054795,22,0.99944447,0.00058050,0.78597725,4,183,v112_backtracking_remap;v119_roniheka_hgnet,47158son13;47158son21;47158son22;47158son23,0.01114442,0.99946620
v128_v114_clean_selfblend_min15_d0_w0.5_rm0.1_t0.9,v114_clean_selfblend,15,0.0,0.5,0.1,0.9,0.08,0.97958544,0.91742232,0.23287671,0.52054795,22,0.99944447,0.00058050,0.78597725,4,183,v112_backtracking_remap;v119_roniheka_hgnet,47158son13;47158son21;47158son22;47158son23,0.01114442,0.99946620
v128_v114_clean_selfblend_min20_d0_w0.5_rm0.05_t0.7,v114_clean_selfblend,20,0.0,0.5,0.05,0.7,0.08,0.97958544,0.91766671,0.23287671,0.52054795,22,0.99944179,0.00059432,0.78595677,4,201,v112_backtracking_remap;v119_roniheka_hgnet,47158son13;47158son21;47158son22;47158son23,0.01114442,0.99946620
v128_v114_clean_selfblend_min20_d0_w0.5_rm0.05_t0.8,v114_clean_selfblend,20,0.0,0.5,0.05,0.8,0.08,0.97958544,0.91766671,0.23287671,0.52054795,22,0.99944179,0.00059432,0.78595677,4,201,v112_backtracking_remap;v119_roniheka_hgnet,47158son13;47158son21;47158son22;47158son23,0.01114442,0.99946620
v128_v114_clean_selfblend_min20_d0_w0.5_rm0.05_t0.9,v114_clean_selfblend,20,0.0,0.5,0.05,0.9,0.08,0.97958544,0.91766671,0.23287671,0.52054795,22,0.99944179,0.00059432,0.78595677,4,201,v112_backtracking_remap;v119_roniheka_hgnet,47158son13;47158son21;47158son22;47158son23,0.01114442,0.99946620
v128_v114_clean_selfblend_min20_d0_w0.5_rm0.1_t0.7,v114_clean_selfblend,20,0.0,0.5,0.1,0.7,0.08,0.97958544,0.91742232,0.23287671,0.52054795,22,0.99944447,0.00058050,0.78597725,4,183,v112_backtracking_remap;v119_roniheka_hgnet,47158son13;47158son21;47158son22;47158son23,0.01114442,0.99946620
v128_v114_clean_selfblend_min20_d0_w0.5_rm0.1_t0.8,v114_clean_selfblend,20,0.0,0.5,0.1,0.8,0.08,0.97958544,0.91742232,0.23287671,0.52054795,22,0.99944447,0.00058050,0.78597725,4,183,v112_backtracking_remap;v119_roniheka_hgnet,47158son13;47158son21;47158son22;47158son23,0.01114442,0.99946620
v128_v114_clean_selfblend_min20_d0_w0.5_rm0.1_t0.9,v114_clean_selfblend,20,0.0,0.5,0.1,0.9,0.08,0.97958544,0.91742232,0.23287671,0.52054795,22,0.99944447,0.00058050,0.78597725,4,183,v112_backtracking_remap;v119_roniheka_hgnet,47158son13;47158son21;47158son22;47158son23,0.01114442,0.99946620
v128_v110_clean_min5_d0_w0.5_rm0_t0.7,v110_clean,5,0.0,0.5,0.0,0.7,0.08,0.97957654,0.91789942,0.21917808,0.52054795,22,0.99928678,0.00082039,0.78569066,6,350,v112_backtracking_remap;v119_roniheka_hgnet,47158son01;47158son13;47158son18;47158son21;47158son22;47158son23,0.01114442,0.99946990
v128_v110_clean_min5_d0_w0.5_rm0_t0.8,v110_clean,5,0.0,0.5,0.0,0.8,0.08,0.97957654,0.91789942,0.21917808,0.52054795,22,0.99928678,0.00082039,0.78569066,6,350,v112_backtracking_remap;v119_roniheka_hgnet,47158son01;47158son13;47158son18;47158son21;47158son22;47158son23,0.01114442,0.99946990
v128_v110_clean_min5_d0_w0.5_rm0_t0.9,v110_clean,5,0.0,0.5,0.0,0.9,0.08,0.97957654,0.91789942,0.21917808,0.52054795,22,0.99928678,0.00082039,0.78569066,6,350,v112_backtracking_remap;v119_roniheka_hgnet,47158son01;47158son13;47158son18;47158son21;47158son22;47158son23,0.01114442,0.99946990
v128_v110_clean_min10_d0_w0.5_rm0_t0.7,v110_clean,10,0.0,0.5,0.0,0.7,0.08,0.97957654,0.91789942,0.21917808,0.52054795,22,0.99928678,0.00082039,0.78569066,6,350,v112_backtracking_remap;v119_roniheka_hgnet,47158son01;47158son13;47158son18;47158son21;47158son22;47158son23,0.01114442,0.99946990
v128_v110_clean_min10_d0_w0.5_rm0_t0.8,v110_clean,10,0.0,0.5,0.0,0.8,0.08,0.97957654,0.91789942,0.21917808,0.52054795,22,0.99928678,0.00082039,0.78569066,6,350,v112_backtracking_remap;v119_roniheka_hgnet,47158son01;47158son13;47158son18;47158son21;47158son22;47158son23,0.01114442,0.99946990
v128_v110_clean_min10_d0_w0.5_rm0_t0.9,v110_clean,10,0.0,0.5,0.0,0.9,0.08,0.97957654,0.91789942,0.21917808,0.52054795,22,0.99928678,0.00082039,0.78569066,6,350,v112_backtracking_remap;v119_roniheka_hgnet,47158son01;47158son13;47158son18;47158son21;47158son22;47158son23,0.01114442,0.99946990
v128_v110_clean_min5_d0.005_w0.7_rm0_t0.7,v110_clean,5,0.005,0.7,0.0,0.7,0.08,0.97957587,0.91717223,0.21917808,0.52054795,22,0.99924447,0.00060352,0.78544536,3,179,v112_backtracking_remap,47158son13;47158son22;47158son23,0.01114442,0.99946990
v128_v110_clean_min5_d0.005_w0.7_rm0_t0.8,v110_clean,5,0.005,0.7,0.0,0.8,0.08,0.97957587,0.91717223,0.21917808,0.52054795,22,0.99924447,0.00060352,0.78544536,3,179,v112_backtracking_remap,47158son13;47158son22;47158son23,0.01114442,0.99946990
v128_v110_clean_min5_d0.005_w0.7_rm0_t0.9,v110_clean,5,0.005,0.7,0.0,0.9,0.08,0.97957587,0.91717223,0.21917808,0.52054795,22,0.99924447,0.00060352,0.78544536,3,179,v112_backtracking_remap,47158son13;47158son22;47158son23,0.01114442,0.99946990
v128_v110_clean_min10_d0.005_w0.7_rm0_t0.7,v110_clean,10,0.005,0.7,0.0,0.7,0.08,0.97957587,0.91717223,0.21917808,0.52054795,22,0.99924447,0.00060352,0.78544536,3,179,v112_backtracking_remap,47158son13;47158son22;47158son23,0.01114442,0.99946990
v128_v110_clean_min10_d0.005_w0.7_rm0_t0.8,v110_clean,10,0.005,0.7,0.0,0.8,0.08,0.97957587,0.91717223,0.21917808,0.52054795,22,0.99924447,0.00060352,0.78544536,3,179,v112_backtracking_remap,47158son13;47158son22;47158son23,0.01114442,0.99946990
v128_v110_clean_min10_d0.005_w0.7_rm0_t0.9,v110_clean,10,0.005,0.7,0.0,0.9,0.08,0.97957587,0.91717223,0.21917808,0.52054795,22,0.99924447,0.00060352,0.78544536,3,179,v112_backtracking_remap,47158son13;47158son22;47158son23,0.01114442,0.99946990
v128_v110_clean_min15_d0.005_w0.7_rm0_t0.7,v110_clean,15,0.005,0.7,0.0,0.7,0.08,0.97957587,0.91717223,0.21917808,0.52054795,22,0.99924447,0.00060352,0.78544536,3,179,v112_backtracking_remap,47158son13;47158son22;47158son23,0.01114442,0.99946990
v128_v110_clean_min15_d0.005_w0.7_rm0_t0.8,v110_clean,15,0.005,0.7,0.0,0.8,0.08,0.97957587,0.91717223,0.21917808,0.52054795,22,0.99924447,0.00060352,0.78544536,3,179,v112_backtracking_remap,47158son13;47158son22;47158son23,0.01114442,0.99946990
v128_v110_clean_min15_d0.005_w0.7_rm0_t0.9,v110_clean,15,0.005,0.7,0.0,0.9,0.08,0.97957587,0.91717223,0.21917808,0.52054795,22,0.99924447,0.00060352,0.78544536,3,179,v112_backtracking_remap,47158son13;47158son22;47158son23,0.01114442,0.99946990
v128_v110_clean_min20_d0.005_w0.7_rm0_t0.7,v110_clean,20,0.005,0.7,0.0,0.7,0.08,0.97957587,0.91717223,0.21917808,0.52054795,22,0.99924447,0.00060352,0.78544536,3,179,v112_backtracking_remap,47158son13;47158son22;47158son23,0.01114442,0.99946990
v128_v110_clean_min20_d0.005_w0.7_rm0_t0.8,v110_clean,20,0.005,0.7,0.0,0.8,0.08,0.97957587,0.91717223,0.21917808,0.52054795,22,0.99924447,0.00060352,0.78544536,3,179,v112_backtracking_remap,47158son13;47158son22;47158son23,0.01114442,0.99946990
v128_v110_clean_min20_d0.005_w0.7_rm0_t0.9,v110_clean,20,0.005,0.7,0.0,0.9,0.08,0.97957587,0.91717223,0.21917808,0.52054795,22,0.99924447,0.00060352,0.78544536,3,179,v112_backtracking_remap,47158son13;47158son22;47158son23,0.01114442,0.99946990
v128_v114_clean_selfblend_min5_d0.005_w0.5_rm0_t0.7,v114_clean_selfblend,5,0.005,0.5,0.0,0.7,0.08,0.97955943,0.91747985,0.23287671,0.52054795,22,0.99961324,0.00043098,0.78636862,3,179,v112_backtracking_remap,47158son13;47158son22;47158son23,0.01114442,0.99946620
v128_v114_clean_selfblend_min5_d0.005_w0.5_rm0_t0.8,v114_clean_selfblend,5,0.005,0.5,0.0,0.8,0.08,0.97955943,0.91747985,0.23287671,0.52054795,22,0.99961324,0.00043098,0.78636862,3,179,v112_backtracking_remap,47158son13;47158son22;47158son23,0.01114442,0.99946620
v128_v114_clean_selfblend_min5_d0.005_w0.5_rm0_t0.9,v114_clean_selfblend,5,0.005,0.5,0.0,0.9,0.08,0.97955943,0.91747985,0.23287671,0.52054795,22,0.99961324,0.00043098,0.78636862,3,179,v112_backtracking_remap,47158son13;47158son22;47158son23,0.01114442,0.99946620
v128_v114_clean_selfblend_min10_d0.005_w0.5_rm0_t0.7,v114_clean_selfblend,10,0.005,0.5,0.0,0.7,0.08,0.97955943,0.91747985,0.23287671,0.52054795,22,0.99961324,0.00043098,0.78636862,3,179,v112_backtracking_remap,47158son13;47158son22;47158son23,0.01114442,0.99946620
v128_v114_clean_selfblend_min10_d0.005_w0.5_rm0_t0.8,v114_clean_selfblend,10,0.005,0.5,0.0,0.8,0.08,0.97955943,0.91747985,0.23287671,0.52054795,22,0.99961324,0.00043098,0.78636862,3,179,v112_backtracking_remap,47158son13;47158son22;47158son23,0.01114442,0.99946620
v128_v114_clean_selfblend_min10_d0.005_w0.5_rm0_t0.9,v114_clean_selfblend,10,0.005,0.5,0.0,0.9,0.08,0.97955943,0.91747985,0.23287671,0.52054795,22,0.99961324,0.00043098,0.78636862,3,179,v112_backtracking_remap,47158son13;47158son22;47158son23,0.01114442,0.99946620
v128_v114_clean_selfblend_min15_d0.005_w0.5_rm0_t0.7,v114_clean_selfblend,15,0.005,0.5,0.0,0.7,0.08,0.97955943,0.91747985,0.23287671,0.52054795,22,0.99961324,0.00043098,0.78636862,3,179,v112_backtracking_remap,47158son13;47158son22;47158son23,0.01114442,0.99946620
v128_v114_clean_selfblend_min15_d0.005_w0.5_rm0_t0.8,v114_clean_selfblend,15,0.005,0.5,0.0,0.8,0.08,0.97955943,0.91747985,0.23287671,0.52054795,22,0.99961324,0.00043098,0.78636862,3,179,v112_backtracking_remap,47158son13;47158son22;47158son23,0.01114442,0.99946620
v128_v114_clean_selfblend_min15_d0.005_w0.5_rm0_t0.9,v114_clean_selfblend,15,0.005,0.5,0.0,0.9,0.08,0.97955943,0.91747985,0.23287671,0.52054795,22,0.99961324,0.00043098,0.78636862,3,179,v112_backtracking_remap,47158son13;47158son22;47158son23,0.01114442,0.99946620
v128_v114_clean_selfblend_min20_d0.005_w0.5_rm0_t0.7,v114_clean_selfblend,20,0.005,0.5,0.0,0.7,0.08,0.97955943,0.91747985,0.23287671,0.52054795,22,0.99961324,0.00043098,0.78636862,3,179,v112_backtracking_remap,47158son13;47158son22;47158son23,0.01114442,0.99946620
v128_v114_clean_selfblend_min20_d0.005_w0.5_rm0_t0.8,v114_clean_selfblend,20,0.005,0.5,0.0,0.8,0.08,0.97955943,0.91747985,0.23287671,0.52054795,22,0.99961324,0.00043098,0.78636862,3,179,v112_backtracking_remap,47158son13;47158son22;47158son23,0.01114442,0.99946620
v128_v114_clean_selfblend_min20_d0.005_w0.5_rm0_t0.9,v114_clean_selfblend,20,0.005,0.5,0.0,0.9,0.08,0.97955943,0.91747985,0.23287671,0.52054795,22,0.99961324,0.00043098,0.78636862,3,179,v112_backtracking_remap,47158son13;47158son22;47158son23,0.01114442,0.99946620
v128_v114_clean_selfblend_min5_d0_w0.35_rm0_t0.7,v114_clean_selfblend,5,0.0,0.35,0.0,0.7,0.08,0.97955517,0.91792433,0.23287671,0.52054795,22,0.99964945,0.00057419,0.78656430,6,350,v112_backtracking_remap;v119_roniheka_hgnet,47158son01;47158son13;47158son18;47158son21;47158son22;47158son23,0.01114442,0.99946620
v128_v114_clean_selfblend_min5_d0_w0.35_rm0_t0.8,v114_clean_selfblend,5,0.0,0.35,0.0,0.8,0.08,0.97955517,0.91792433,0.23287671,0.52054795,22,0.99964945,0.00057419,0.78656430,6,350,v112_backtracking_remap;v119_roniheka_hgnet,47158son01;47158son13;47158son18;47158son21;47158son22;47158son23,0.01114442,0.99946620
v128_v114_clean_selfblend_min5_d0_w0.35_rm0_t0.9,v114_clean_selfblend,5,0.0,0.35,0.0,0.9,0.08,0.97955517,0.91792433,0.23287671,0.52054795,22,0.99964945,0.00057419,0.78656430,6,350,v112_backtracking_remap;v119_roniheka_hgnet,47158son01;47158son13;47158son18;47158son21;47158son22;47158son23,0.01114442,0.99946620
v128_v114_clean_selfblend_min10_d0_w0.35_rm0_t0.7,v114_clean_selfblend,10,0.0,0.35,0.0,0.7,0.08,0.97955517,0.91792433,0.23287671,0.52054795,22,0.99964945,0.00057419,0.78656430,6,350,v112_backtracking_remap;v119_roniheka_hgnet,47158son01;47158son13;47158son18;47158son21;47158son22;47158son23,0.01114442,0.99946620
v128_v114_clean_selfblend_min10_d0_w0.35_rm0_t0.8,v114_clean_selfblend,10,0.0,0.35,0.0,0.8,0.08,0.97955517,0.91792433,0.23287671,0.52054795,22,0.99964945,0.00057419,0.78656430,6,350,v112_backtracking_remap;v119_roniheka_hgnet,47158son01;47158son13;47158son18;47158son21;47158son22;47158son23,0.01114442,0.99946620
v128_v114_clean_selfblend_min10_d0_w0.35_rm0_t0.9,v114_clean_selfblend,10,0.0,0.35,0.0,0.9,0.08,0.97955517,0.91792433,0.23287671,0.52054795,22,0.99964945,0.00057419,0.78656430,6,350,v112_backtracking_remap;v119_roniheka_hgnet,47158son01;47158son13;47158son18;47158son21;47158son22;47158son23,0.01114442,0.99946620
v128_v110_clean_min15_d0_w0.5_rm0_t0.7,v110_clean,15,0.0,0.5,0.0,0.7,0.08,0.97953863,0.91701149,0.21917808,0.52054795,22,0.99944297,0.00060344,0.78568226,4,237,v112_backtracking_remap;v119_roniheka_hgnet,47158son13;47158son21;47158son22;47158son23,0.01114442,0.99946990
v128_v110_clean_min15_d0_w0.5_rm0_t0.8,v110_clean,15,0.0,0.5,0.0,0.8,0.08,0.97953863,0.91701149,0.21917808,0.52054795,22,0.99944297,0.00060344,0.78568226,4,237,v112_backtracking_remap;v119_roniheka_hgnet,47158son13;47158son21;47158son22;47158son23,0.01114442,0.99946990
v128_v110_clean_min15_d0_w0.5_rm0_t0.9,v110_clean,15,0.0,0.5,0.0,0.9,0.08,0.97953863,0.91701149,0.21917808,0.52054795,22,0.99944297,0.00060344,0.78568226,4,237,v112_backtracking_remap;v119_roniheka_hgnet,47158son13;47158son21;47158son22;47158son23,0.01114442,0.99946990
v128_v110_clean_min20_d0_w0.5_rm0_t0.7,v110_clean,20,0.0,0.5,0.0,0.7,0.08,0.97953863,0.91701149,0.21917808,0.52054795,22,0.99944297,0.00060344,0.78568226,4,237,v112_backtracking_remap;v119_roniheka_hgnet,47158son13;47158son21;47158son22;47158son23,0.01114442,0.99946990
v128_v110_clean_min20_d0_w0.5_rm0_t0.8,v110_clean,20,0.0,0.5,0.0,0.8,0.08,0.97953863,0.91701149,0.21917808,0.52054795,22,0.99944297,0.00060344,0.78568226,4,237,v112_backtracking_remap;v119_roniheka_hgnet,47158son13;47158son21;47158son22;47158son23,0.01114442,0.99946990
v128_v110_clean_min20_d0_w0.5_rm0_t0.9,v110_clean,20,0.0,0.5,0.0,0.9,0.08,0.97953863,0.91701149,0.21917808,0.52054795,22,0.99944297,0.00060344,0.78568226,4,237,v112_backtracking_remap;v119_roniheka_hgnet,47158son13;47158son21;47158son22;47158son23,0.01114442,0.99946990
v128_v114_clean_selfblend_min5_d0_w0.35_rm0.05_t0.7,v114_clean_selfblend,5,0.0,0.35,0.05,0.7,0.08,0.97953573,0.91750574,0.23287671,0.52054795,22,0.99965069,0.00056447,0.78655420,6,299,v112_backtracking_remap;v119_roniheka_hgnet,47158son01;47158son13;47158son18;47158son21;47158son22;47158son23,0.01114442,0.99946620
v128_v114_clean_selfblend_min5_d0_w0.35_rm0.05_t0.8,v114_clean_selfblend,5,0.0,0.35,0.05,0.8,0.08,0.97953573,0.91750574,0.23287671,0.52054795,22,0.99965069,0.00056447,0.78655420,6,299,v112_backtracking_remap;v119_roniheka_hgnet,47158son01;47158son13;47158son18;47158son21;47158son22;47158son23,0.01114442,0.99946620
v128_v114_clean_selfblend_min5_d0_w0.35_rm0.05_t0.9,v114_clean_selfblend,5,0.0,0.35,0.05,0.9,0.08,0.97953573,0.91750574,0.23287671,0.52054795,22,0.99965069,0.00056447,0.78655420,6,299,v112_backtracking_remap;v119_roniheka_hgnet,47158son01;47158son13;47158son18;47158son21;47158son22;47158son23,0.01114442,0.99946620
v128_v114_clean_selfblend_min10_d0_w0.35_rm0.05_t0.7,v114_clean_selfblend,10,0.0,0.35,0.05,0.7,0.08,0.97953573,0.91750574,0.23287671,0.52054795,22,0.99965069,0.00056447,0.78655420,6,299,v112_backtracking_remap;v119_roniheka_hgnet,47158son01;47158son13;47158son18;47158son21;47158son22;47158son23,0.01114442,0.99946620
v128_v114_clean_selfblend_min10_d0_w0.35_rm0.05_t0.8,v114_clean_selfblend,10,0.0,0.35,0.05,0.8,0.08,0.97953573,0.91750574,0.23287671,0.52054795,22,0.99965069,0.00056447,0.78655420,6,299,v112_backtracking_remap;v119_roniheka_hgnet,47158son01;47158son13;47158son18;47158son21;47158son22;47158son23,0.01114442,0.99946620
v128_v114_clean_selfblend_min10_d0_w0.35_rm0.05_t0.9,v114_clean_selfblend,10,0.0,0.35,0.05,0.9,0.08,0.97953573,0.91750574,0.23287671,0.52054795,22,0.99965069,0.00056447,0.78655420,6,299,v112_backtracking_remap;v119_roniheka_hgnet,47158son01;47158son13;47158son18;47158son21;47158son22;47158son23,0.01114442,0.99946620
v128_v110_clean_min5_d0_w0.5_rm0.05_t0.7,v110_clean,5,0.0,0.5,0.05,0.7,0.08,0.97953438,0.91730490,0.21917808,0.52054795,22,0.99928930,0.00080649,0.78567677,6,299,v112_backtracking_remap;v119_roniheka_hgnet,47158son01;47158son13;47158son18;47158son21;47158son22;47158son23,0.01114442,0.99946990
v128_v110_clean_min5_d0_w0.5_rm0.05_t0.8,v110_clean,5,0.0,0.5,0.05,0.8,0.08,0.97953438,0.91730490,0.21917808,0.52054795,22,0.99928930,0.00080649,0.78567677,6,299,v112_backtracking_remap;v119_roniheka_hgnet,47158son01;47158son13;47158son18;47158son21;47158son22;47158son23,0.01114442,0.99946990
v128_v110_clean_min5_d0_w0.5_rm0.05_t0.9,v110_clean,5,0.0,0.5,0.05,0.9,0.08,0.97953438,0.91730490,0.21917808,0.52054795,22,0.99928930,0.00080649,0.78567677,6,299,v112_backtracking_remap;v119_roniheka_hgnet,47158son01;47158son13;47158son18;47158son21;47158son22;47158son23,0.01114442,0.99946990
v128_v110_clean_min10_d0_w0.5_rm0.05_t0.7,v110_clean,10,0.0,0.5,0.05,0.7,0.08,0.97953438,0.91730490,0.21917808,0.52054795,22,0.99928930,0.00080649,0.78567677,6,299,v112_backtracking_remap;v119_roniheka_hgnet,47158son01;47158son13;47158son18;47158son21;47158son22;47158son23,0.01114442,0.99946990
v128_v110_clean_min10_d0_w0.5_rm0.05_t0.8,v110_clean,10,0.0,0.5,0.05,0.8,0.08,0.97953438,0.91730490,0.21917808,0.52054795,22,0.99928930,0.00080649,0.78567677,6,299,v112_backtracking_remap;v119_roniheka_hgnet,47158son01;47158son13;47158son18;47158son21;47158son22;47158son23,0.01114442,0.99946990
v128_v110_clean_min10_d0_w0.5_rm0.05_t0.9,v110_clean,10,0.0,0.5,0.05,0.9,0.08,0.97953438,0.91730490,0.21917808,0.52054795,22,0.99928930,0.00080649,0.78567677,6,299,v112_backtracking_remap;v119_roniheka_hgnet,47158son01;47158son13;47158son18;47158son21;47158son22;47158son23,0.01114442,0.99946990
v128_v110_clean_min5_d0.005_w0.7_rm0.05_t0.7,v110_clean,5,0.005,0.7,0.05,0.7,0.08,0.97953370,0.91691139,0.21917808,0.52054795,22,0.99924572,0.00059308,0.78544575,3,150,v112_backtracking_remap,47158son13;47158son22;47158son23,0.01114442,0.99946990
v128_v110_clean_min5_d0.005_w0.7_rm0.05_t0.8,v110_clean,5,0.005,0.7,0.05,0.8,0.08,0.97953370,0.91691139,0.21917808,0.52054795,22,0.99924572,0.00059308,0.78544575,3,150,v112_backtracking_remap,47158son13;47158son22;47158son23,0.01114442,0.99946990
v128_v110_clean_min5_d0.005_w0.7_rm0.05_t0.9,v110_clean,5,0.005,0.7,0.05,0.9,0.08,0.97953370,0.91691139,0.21917808,0.52054795,22,0.99924572,0.00059308,0.78544575,3,150,v112_backtracking_remap,47158son13;47158son22;47158son23,0.01114442,0.99946990
v128_v110_clean_min10_d0.005_w0.7_rm0.05_t0.7,v110_clean,10,0.005,0.7,0.05,0.7,0.08,0.97953370,0.91691139,0.21917808,0.52054795,22,0.99924572,0.00059308,0.78544575,3,150,v112_backtracking_remap,47158son13;47158son22;47158son23,0.01114442,0.99946990
v128_v110_clean_min10_d0.005_w0.7_rm0.05_t0.8,v110_clean,10,0.005,0.7,0.05,0.8,0.08,0.97953370,0.91691139,0.21917808,0.52054795,22,0.99924572,0.00059308,0.78544575,3,150,v112_backtracking_remap,47158son13;47158son22;47158son23,0.01114442,0.99946990
v128_v110_clean_min10_d0.005_w0.7_rm0.05_t0.9,v110_clean,10,0.005,0.7,0.05,0.9,0.08,0.97953370,0.91691139,0.21917808,0.52054795,22,0.99924572,0.00059308,0.78544575,3,150,v112_backtracking_remap,47158son13;47158son22;47158son23,0.01114442,0.99946990
v128_v110_clean_min15_d0.005_w0.7_rm0.05_t0.7,v110_clean,15,0.005,0.7,0.05,0.7,0.08,0.97953370,0.91691139,0.21917808,0.52054795,22,0.99924572,0.00059308,0.78544575,3,150,v112_backtracking_remap,47158son13;47158son22;47158son23,0.01114442,0.99946990
v128_v110_clean_min15_d0.005_w0.7_rm0.05_t0.8,v110_clean,15,0.005,0.7,0.05,0.8,0.08,0.97953370,0.91691139,0.21917808,0.52054795,22,0.99924572,0.00059308,0.78544575,3,150,v112_backtracking_remap,47158son13;47158son22;47158son23,0.01114442,0.99946990
v128_v110_clean_min15_d0.005_w0.7_rm0.05_t0.9,v110_clean,15,0.005,0.7,0.05,0.9,0.08,0.97953370,0.91691139,0.21917808,0.52054795,22,0.99924572,0.00059308,0.78544575,3,150,v112_backtracking_remap,47158son13;47158son22;47158son23,0.01114442,0.99946990
v128_v110_clean_min20_d0.005_w0.7_rm0.05_t0.7,v110_clean,20,0.005,0.7,0.05,0.7,0.08,0.97953370,0.91691139,0.21917808,0.52054795,22,0.99924572,0.00059308,0.78544575,3,150,v112_backtracking_remap,47158son13;47158son22;47158son23,0.01114442,0.99946990
v128_v110_clean_min20_d0.005_w0.7_rm0.05_t0.8,v110_clean,20,0.005,0.7,0.05,0.8,0.08,0.97953370,0.91691139,0.21917808,0.52054795,22,0.99924572,0.00059308,0.78544575,3,150,v112_backtracking_remap,47158son13;47158son22;47158son23,0.01114442,0.99946990
v128_v110_clean_min20_d0.005_w0.7_rm0.05_t0.9,v110_clean,20,0.005,0.7,0.05,0.9,0.08,0.97953370,0.91691139,0.21917808,0.52054795,22,0.99924572,0.00059308,0.78544575,3,150,v112_backtracking_remap,47158son13;47158son22;47158son23,0.01114442,0.99946990
v128_v114_clean_selfblend_min5_d0.005_w0.35_rm0_t0.7,v114_clean_selfblend,5,0.005,0.35,0.0,0.7,0.08,0.97951726,0.91697968,0.23287671,0.52054795,22,0.99981051,0.00030168,0.78679108,3,179,v112_backtracking_remap,47158son13;47158son22;47158son23,0.01114442,0.99946620
v128_v114_clean_selfblend_min5_d0.005_w0.35_rm0_t0.8,v114_clean_selfblend,5,0.005,0.35,0.0,0.8,0.08,0.97951726,0.91697968,0.23287671,0.52054795,22,0.99981051,0.00030168,0.78679108,3,179,v112_backtracking_remap,47158son13;47158son22;47158son23,0.01114442,0.99946620
v128_v114_clean_selfblend_min5_d0.005_w0.35_rm0_t0.9,v114_clean_selfblend,5,0.005,0.35,0.0,0.9,0.08,0.97951726,0.91697968,0.23287671,0.52054795,22,0.99981051,0.00030168,0.78679108,3,179,v112_backtracking_remap,47158son13;47158son22;47158son23,0.01114442,0.99946620
v128_v114_clean_selfblend_min5_d0.005_w0.5_rm0.05_t0.7,v114_clean_selfblend,5,0.005,0.5,0.05,0.7,0.08,0.97951726,0.91729057,0.23287671,0.52054795,22,0.99961388,0.00042352,0.78636872,3,150,v112_backtracking_remap,47158son13;47158son22;47158son23,0.01114442,0.99946620
v128_v114_clean_selfblend_min5_d0.005_w0.5_rm0.05_t0.8,v114_clean_selfblend,5,0.005,0.5,0.05,0.8,0.08,0.97951726,0.91729057,0.23287671,0.52054795,22,0.99961388,0.00042352,0.78636872,3,150,v112_backtracking_remap,47158son13;47158son22;47158son23,0.01114442,0.99946620
v128_v114_clean_selfblend_min5_d0.005_w0.5_rm0.05_t0.9,v114_clean_selfblend,5,0.005,0.5,0.05,0.9,0.08,0.97951726,0.91729057,0.23287671,0.52054795,22,0.99961388,0.00042352,0.78636872,3,150,v112_backtracking_remap,47158son13;47158son22;47158son23,0.01114442,0.99946620
v128_v114_clean_selfblend_min5_d0.005_w0.5_rm0.1_t0.7,v114_clean_selfblend,5,0.005,0.5,0.1,0.7,0.08,0.97951726,0.91711465,0.23287671,0.52054795,22,0.99961589,0.00041270,0.78639242,3,135,v112_backtracking_remap,47158son13;47158son22;47158son23,0.01114442,0.99946620
v128_v114_clean_selfblend_min5_d0.005_w0.5_rm0.1_t0.8,v114_clean_selfblend,5,0.005,0.5,0.1,0.8,0.08,0.97951726,0.91711465,0.23287671,0.52054795,22,0.99961589,0.00041270,0.78639242,3,135,v112_backtracking_remap,47158son13;47158son22;47158son23,0.01114442,0.99946620
v128_v114_clean_selfblend_min5_d0.005_w0.5_rm0.1_t0.9,v114_clean_selfblend,5,0.005,0.5,0.1,0.9,0.08,0.97951726,0.91711465,0.23287671,0.52054795,22,0.99961589,0.00041270,0.78639242,3,135,v112_backtracking_remap,47158son13;47158son22;47158son23,0.01114442,0.99946620
v128_v114_clean_selfblend_min10_d0.005_w0.35_rm0_t0.7,v114_clean_selfblend,10,0.005,0.35,0.0,0.7,0.08,0.97951726,0.91697968,0.23287671,0.52054795,22,0.99981051,0.00030168,0.78679108,3,179,v112_backtracking_remap,47158son13;47158son22;47158son23,0.01114442,0.99946620
v128_v114_clean_selfblend_min10_d0.005_w0.35_rm0_t0.8,v114_clean_selfblend,10,0.005,0.35,0.0,0.8,0.08,0.97951726,0.91697968,0.23287671,0.52054795,22,0.99981051,0.00030168,0.78679108,3,179,v112_backtracking_remap,47158son13;47158son22;47158son23,0.01114442,0.99946620
v128_v114_clean_selfblend_min10_d0.005_w0.35_rm0_t0.9,v114_clean_selfblend,10,0.005,0.35,0.0,0.9,0.08,0.97951726,0.91697968,0.23287671,0.52054795,22,0.99981051,0.00030168,0.78679108,3,179,v112_backtracking_remap,47158son13;47158son22;47158son23,0.01114442,0.99946620
v128_v114_clean_selfblend_min10_d0.005_w0.5_rm0.05_t0.7,v114_clean_selfblend,10,0.005,0.5,0.05,0.7,0.08,0.97951726,0.91729057,0.23287671,0.52054795,22,0.99961388,0.00042352,0.78636872,3,150,v112_backtracking_remap,47158son13;47158son22;47158son23,0.01114442,0.99946620
v128_v114_clean_selfblend_min10_d0.005_w0.5_rm0.05_t0.8,v114_clean_selfblend,10,0.005,0.5,0.05,0.8,0.08,0.97951726,0.91729057,0.23287671,0.52054795,22,0.99961388,0.00042352,0.78636872,3,150,v112_backtracking_remap,47158son13;47158son22;47158son23,0.01114442,0.99946620
v128_v114_clean_selfblend_min10_d0.005_w0.5_rm0.05_t0.9,v114_clean_selfblend,10,0.005,0.5,0.05,0.9,0.08,0.97951726,0.91729057,0.23287671,0.52054795,22,0.99961388,0.00042352,0.78636872,3,150,v112_backtracking_remap,47158son13;47158son22;47158son23,0.01114442,0.99946620
v128_v114_clean_selfblend_min10_d0.005_w0.5_rm0.1_t0.7,v114_clean_selfblend,10,0.005,0.5,0.1,0.7,0.08,0.97951726,0.91711465,0.23287671,0.52054795,22,0.99961589,0.00041270,0.78639242,3,135,v112_backtracking_remap,47158son13;47158son22;47158son23,0.01114442,0.99946620
v128_v114_clean_selfblend_min10_d0.005_w0.5_rm0.1_t0.8,v114_clean_selfblend,10,0.005,0.5,0.1,0.8,0.08,0.97951726,0.91711465,0.23287671,0.52054795,22,0.99961589,0.00041270,0.78639242,3,135,v112_backtracking_remap,47158son13;47158son22;47158son23,0.01114442,0.99946620
v128_v114_clean_selfblend_min10_d0.005_w0.5_rm0.1_t0.9,v114_clean_selfblend,10,0.005,0.5,0.1,0.9,0.08,0.97951726,0.91711465,0.23287671,0.52054795,22,0.99961589,0.00041270,0.78639242,3,135,v112_backtracking_remap,47158son13;47158son22;47158son23,0.01114442,0.99946620
v128_v114_clean_selfblend_min15_d0_w0.35_rm0_t0.7,v114_clean_selfblend,15,0.0,0.35,0.0,0.7,0.08,0.97951726,0.91729333,0.23287671,0.52054795,22,0.99972619,0.00042233,0.78653217,4,237,v112_backtracking_remap;v119_roniheka_hgnet,47158son13;47158son21;47158son22;47158son23,0.01114442,0.99946620
v128_v114_clean_selfblend_min15_d0_w0.35_rm0_t0.8,v114_clean_selfblend,15,0.0,0.35,0.0,0.8,0.08,0.97951726,0.91729333,0.23287671,0.52054795,22,0.99972619,0.00042233,0.78653217,4,237,v112_backtracking_remap;v119_roniheka_hgnet,47158son13;47158son21;47158son22;47158son23,0.01114442,0.99946620
v128_v114_clean_selfblend_min15_d0_w0.35_rm0_t0.9,v114_clean_selfblend,15,0.0,0.35,0.0,0.9,0.08,0.97951726,0.91729333,0.23287671,0.52054795,22,0.99972619,0.00042233,0.78653217,4,237,v112_backtracking_remap;v119_roniheka_hgnet,47158son13;47158son21;47158son22;47158son23,0.01114442,0.99946620
v128_v114_clean_selfblend_min15_d0.005_w0.35_rm0_t0.7,v114_clean_selfblend,15,0.005,0.35,0.0,0.7,0.08,0.97951726,0.91697968,0.23287671,0.52054795,22,0.99981051,0.00030168,0.78679108,3,179,v112_backtracking_remap,47158son13;47158son22;47158son23,0.01114442,0.99946620
v128_v114_clean_selfblend_min15_d0.005_w0.35_rm0_t0.8,v114_clean_selfblend,15,0.005,0.35,0.0,0.8,0.08,0.97951726,0.91697968,0.23287671,0.52054795,22,0.99981051,0.00030168,0.78679108,3,179,v112_backtracking_remap,47158son13;47158son22;47158son23,0.01114442,0.99946620
v128_v114_clean_selfblend_min15_d0.005_w0.35_rm0_t0.9,v114_clean_selfblend,15,0.005,0.35,0.0,0.9,0.08,0.97951726,0.91697968,0.23287671,0.52054795,22,0.99981051,0.00030168,0.78679108,3,179,v112_backtracking_remap,47158son13;47158son22;47158son23,0.01114442,0.99946620
v128_v114_clean_selfblend_min15_d0.005_w0.5_rm0.05_t0.7,v114_clean_selfblend,15,0.005,0.5,0.05,0.7,0.08,0.97951726,0.91729057,0.23287671,0.52054795,22,0.99961388,0.00042352,0.78636872,3,150,v112_backtracking_remap,47158son13;47158son22;47158son23,0.01114442,0.99946620
v128_v114_clean_selfblend_min15_d0.005_w0.5_rm0.05_t0.8,v114_clean_selfblend,15,0.005,0.5,0.05,0.8,0.08,0.97951726,0.91729057,0.23287671,0.52054795,22,0.99961388,0.00042352,0.78636872,3,150,v112_backtracking_remap,47158son13;47158son22;47158son23,0.01114442,0.99946620
v128_v114_clean_selfblend_min15_d0.005_w0.5_rm0.05_t0.9,v114_clean_selfblend,15,0.005,0.5,0.05,0.9,0.08,0.97951726,0.91729057,0.23287671,0.52054795,22,0.99961388,0.00042352,0.78636872,3,150,v112_backtracking_remap,47158son13;47158son22;47158son23,0.01114442,0.99946620
v128_v114_clean_selfblend_min15_d0.005_w0.5_rm0.1_t0.7,v114_clean_selfblend,15,0.005,0.5,0.1,0.7,0.08,0.97951726,0.91711465,0.23287671,0.52054795,22,0.99961589,0.00041270,0.78639242,3,135,v112_backtracking_remap,47158son13;47158son22;47158son23,0.01114442,0.99946620
v128_v114_clean_selfblend_min15_d0.005_w0.5_rm0.1_t0.8,v114_clean_selfblend,15,0.005,0.5,0.1,0.8,0.08,0.97951726,0.91711465,0.23287671,0.52054795,22,0.99961589,0.00041270,0.78639242,3,135,v112_backtracking_remap,47158son13;47158son22;47158son23,0.01114442,0.99946620
v128_v114_clean_selfblend_min15_d0.005_w0.5_rm0.1_t0.9,v114_clean_selfblend,15,0.005,0.5,0.1,0.9,0.08,0.97951726,0.91711465,0.23287671,0.52054795,22,0.99961589,0.00041270,0.78639242,3,135,v112_backtracking_remap,47158son13;47158son22;47158son23,0.01114442,0.99946620
v128_v114_clean_selfblend_min20_d0_w0.35_rm0_t0.7,v114_clean_selfblend,20,0.0,0.35,0.0,0.7,0.08,0.97951726,0.91729333,0.23287671,0.52054795,22,0.99972619,0.00042233,0.78653217,4,237,v112_backtracking_remap;v119_roniheka_hgnet,47158son13;47158son21;47158son22;47158son23,0.01114442,0.99946620
v128_v114_clean_selfblend_min20_d0_w0.35_rm0_t0.8,v114_clean_selfblend,20,0.0,0.35,0.0,0.8,0.08,0.97951726,0.91729333,0.23287671,0.52054795,22,0.99972619,0.00042233,0.78653217,4,237,v112_backtracking_remap;v119_roniheka_hgnet,47158son13;47158son21;47158son22;47158son23,0.01114442,0.99946620
v128_v114_clean_selfblend_min20_d0_w0.35_rm0_t0.9,v114_clean_selfblend,20,0.0,0.35,0.0,0.9,0.08,0.97951726,0.91729333,0.23287671,0.52054795,22,0.99972619,0.00042233,0.78653217,4,237,v112_backtracking_remap;v119_roniheka_hgnet,47158son13;47158son21;47158son22;47158son23,0.01114442,0.99946620
v128_v114_clean_selfblend_min20_d0.005_w0.35_rm0_t0.7,v114_clean_selfblend,20,0.005,0.35,0.0,0.7,0.08,0.97951726,0.91697968,0.23287671,0.52054795,22,0.99981051,0.00030168,0.78679108,3,179,v112_backtracking_remap,47158son13;47158son22;47158son23,0.01114442,0.99946620
v128_v114_clean_selfblend_min20_d0.005_w0.35_rm0_t0.8,v114_clean_selfblend,20,0.005,0.35,0.0,0.8,0.08,0.97951726,0.91697968,0.23287671,0.52054795,22,0.99981051,0.00030168,0.78679108,3,179,v112_backtracking_remap,47158son13;47158son22;47158son23,0.01114442,0.99946620
v128_v114_clean_selfblend_min20_d0.005_w0.35_rm0_t0.9,v114_clean_selfblend,20,0.005,0.35,0.0,0.9,0.08,0.97951726,0.91697968,0.23287671,0.52054795,22,0.99981051,0.00030168,0.78679108,3,179,v112_backtracking_remap,47158son13;47158son22;47158son23,0.01114442,0.99946620
v128_v114_clean_selfblend_min20_d0.005_w0.5_rm0.05_t0.7,v114_clean_selfblend,20,0.005,0.5,0.05,0.7,0.08,0.97951726,0.91729057,0.23287671,0.52054795,22,0.99961388,0.00042352,0.78636872,3,150,v112_backtracking_remap,47158son13;47158son22;47158son23,0.01114442,0.99946620
v128_v114_clean_selfblend_min20_d0.005_w0.5_rm0.05_t0.8,v114_clean_selfblend,20,0.005,0.5,0.05,0.8,0.08,0.97951726,0.91729057,0.23287671,0.52054795,22,0.99961388,0.00042352,0.78636872,3,150,v112_backtracking_remap,47158son13;47158son22;47158son23,0.01114442,0.99946620
v128_v114_clean_selfblend_min20_d0.005_w0.5_rm0.05_t0.9,v114_clean_selfblend,20,0.005,0.5,0.05,0.9,0.08,0.97951726,0.91729057,0.23287671,0.52054795,22,0.99961388,0.00042352,0.78636872,3,150,v112_backtracking_remap,47158son13;47158son22;47158son23,0.01114442,0.99946620
v128_v114_clean_selfblend_min20_d0.005_w0.5_rm0.1_t0.7,v114_clean_selfblend,20,0.005,0.5,0.1,0.7,0.08,0.97951726,0.91711465,0.23287671,0.52054795,22,0.99961589,0.00041270,0.78639242,3,135,v112_backtracking_remap,47158son13;47158son22;47158son23,0.01114442,0.99946620
v128_v114_clean_selfblend_min20_d0.005_w0.5_rm0.1_t0.8,v114_clean_selfblend,20,0.005,0.5,0.1,0.8,0.08,0.97951726,0.91711465,0.23287671,0.52054795,22,0.99961589,0.00041270,0.78639242,3,135,v112_backtracking_remap,47158son13;47158son22;47158son23,0.01114442,0.99946620
v128_v114_clean_selfblend_min20_d0.005_w0.5_rm0.1_t0.9,v114_clean_selfblend,20,0.005,0.5,0.1,0.9,0.08,0.97951726,0.91711465,0.23287671,0.52054795,22,0.99961589,0.00041270,0.78639242,3,135,v112_backtracking_remap,47158son13;47158son22;47158son23,0.01114442,0.99946620
v128_v110_clean_min5_d0.005_w0.7_rm0.1_t0.7,v110_clean,5,0.005,0.7,0.1,0.7,0.08,0.97951262,0.91666712,0.21917808,0.52054795,22,0.99924967,0.00057787,0.78547969,3,135,v112_backtracking_remap,47158son13;47158son22;47158son23,0.01114442,0.99946990
v128_v110_clean_min5_d0.005_w0.7_rm0.1_t0.8,v110_clean,5,0.005,0.7,0.1,0.8,0.08,0.97951262,0.91666712,0.21917808,0.52054795,22,0.99924967,0.00057787,0.78547969,3,135,v112_backtracking_remap,47158son13;47158son22;47158son23,0.01114442,0.99946990
v128_v110_clean_min5_d0.005_w0.7_rm0.1_t0.9,v110_clean,5,0.005,0.7,0.1,0.9,0.08,0.97951262,0.91666712,0.21917808,0.52054795,22,0.99924967,0.00057787,0.78547969,3,135,v112_backtracking_remap,47158son13;47158son22;47158son23,0.01114442,0.99946990
v128_v110_clean_min10_d0.005_w0.7_rm0.1_t0.7,v110_clean,10,0.005,0.7,0.1,0.7,0.08,0.97951262,0.91666712,0.21917808,0.52054795,22,0.99924967,0.00057787,0.78547969,3,135,v112_backtracking_remap,47158son13;47158son22;47158son23,0.01114442,0.99946990
v128_v110_clean_min10_d0.005_w0.7_rm0.1_t0.8,v110_clean,10,0.005,0.7,0.1,0.8,0.08,0.97951262,0.91666712,0.21917808,0.52054795,22,0.99924967,0.00057787,0.78547969,3,135,v112_backtracking_remap,47158son13;47158son22;47158son23,0.01114442,0.99946990
v128_v110_clean_min10_d0.005_w0.7_rm0.1_t0.9,v110_clean,10,0.005,0.7,0.1,0.9,0.08,0.97951262,0.91666712,0.21917808,0.52054795,22,0.99924967,0.00057787,0.78547969,3,135,v112_backtracking_remap,47158son13;47158son22;47158son23,0.01114442,0.99946990
v128_v110_clean_min15_d0.005_w0.7_rm0.1_t0.7,v110_clean,15,0.005,0.7,0.1,0.7,0.08,0.97951262,0.91666712,0.21917808,0.52054795,22,0.99924967,0.00057787,0.78547969,3,135,v112_backtracking_remap,47158son13;47158son22;47158son23,0.01114442,0.99946990
v128_v110_clean_min15_d0.005_w0.7_rm0.1_t0.8,v110_clean,15,0.005,0.7,0.1,0.8,0.08,0.97951262,0.91666712,0.21917808,0.52054795,22,0.99924967,0.00057787,0.78547969,3,135,v112_backtracking_remap,47158son13;47158son22;47158son23,0.01114442,0.99946990
v128_v110_clean_min15_d0.005_w0.7_rm0.1_t0.9,v110_clean,15,0.005,0.7,0.1,0.9,0.08,0.97951262,0.91666712,0.21917808,0.52054795,22,0.99924967,0.00057787,0.78547969,3,135,v112_backtracking_remap,47158son13;47158son22;47158son23,0.01114442,0.99946990
v128_v110_clean_min20_d0.005_w0.7_rm0.1_t0.7,v110_clean,20,0.005,0.7,0.1,0.7,0.08,0.97951262,0.91666712,0.21917808,0.52054795,22,0.99924967,0.00057787,0.78547969,3,135,v112_backtracking_remap,47158son13;47158son22;47158son23,0.01114442,0.99946990
v128_v110_clean_min20_d0.005_w0.7_rm0.1_t0.8,v110_clean,20,0.005,0.7,0.1,0.8,0.08,0.97951262,0.91666712,0.21917808,0.52054795,22,0.99924967,0.00057787,0.78547969,3,135,v112_backtracking_remap,47158son13;47158son22;47158son23,0.01114442,0.99946990
v128_v110_clean_min20_d0.005_w0.7_rm0.1_t0.9,v110_clean,20,0.005,0.7,0.1,0.9,0.08,0.97951262,0.91666712,0.21917808,0.52054795,22,0.99924967,0.00057787,0.78547969,3,135,v112_backtracking_remap,47158son13;47158son22;47158son23,0.01114442,0.99946990
v128_v114_clean_selfblend_min5_d0_w0.35_rm0.1_t0.7,v114_clean_selfblend,5,0.0,0.35,0.1,0.7,0.08,0.97949782,0.91693216,0.23287671,0.52054795,22,0.99965388,0.00054945,0.78655235,6,275,v112_backtracking_remap;v119_roniheka_hgnet,47158son01;47158son13;47158son18;47158son21;47158son22;47158son23,0.01114442,0.99946620
v128_v114_clean_selfblend_min5_d0_w0.35_rm0.1_t0.8,v114_clean_selfblend,5,0.0,0.35,0.1,0.8,0.08,0.97949782,0.91693216,0.23287671,0.52054795,22,0.99965388,0.00054945,0.78655235,6,275,v112_backtracking_remap;v119_roniheka_hgnet,47158son01;47158son13;47158son18;47158son21;47158son22;47158son23,0.01114442,0.99946620
v128_v114_clean_selfblend_min5_d0_w0.35_rm0.1_t0.9,v114_clean_selfblend,5,0.0,0.35,0.1,0.9,0.08,0.97949782,0.91693216,0.23287671,0.52054795,22,0.99965388,0.00054945,0.78655235,6,275,v112_backtracking_remap;v119_roniheka_hgnet,47158son01;47158son13;47158son18;47158son21;47158son22;47158son23,0.01114442,0.99946620
v128_v114_clean_selfblend_min10_d0_w0.35_rm0.1_t0.7,v114_clean_selfblend,10,0.0,0.35,0.1,0.7,0.08,0.97949782,0.91693216,0.23287671,0.52054795,22,0.99965388,0.00054945,0.78655235,6,275,v112_backtracking_remap;v119_roniheka_hgnet,47158son01;47158son13;47158son18;47158son21;47158son22;47158son23,0.01114442,0.99946620
v128_v114_clean_selfblend_min10_d0_w0.35_rm0.1_t0.8,v114_clean_selfblend,10,0.0,0.35,0.1,0.8,0.08,0.97949782,0.91693216,0.23287671,0.52054795,22,0.99965388,0.00054945,0.78655235,6,275,v112_backtracking_remap;v119_roniheka_hgnet,47158son01;47158son13;47158son18;47158son21;47158son22;47158son23,0.01114442,0.99946620
v128_v114_clean_selfblend_min10_d0_w0.35_rm0.1_t0.9,v114_clean_selfblend,10,0.0,0.35,0.1,0.9,0.08,0.97949782,0.91693216,0.23287671,0.52054795,22,0.99965388,0.00054945,0.78655235,6,275,v112_backtracking_remap;v119_roniheka_hgnet,47158son01;47158son13;47158son18;47158son21;47158son22;47158son23,0.01114442,0.99946620
v128_v114_clean_selfblend_min15_d0_w0.35_rm0.05_t0.7,v114_clean_selfblend,15,0.0,0.35,0.05,0.7,0.08,0.97949782,0.91712051,0.23287671,0.52054795,22,0.99972655,0.00041602,0.78653121,4,201,v112_backtracking_remap;v119_roniheka_hgnet,47158son13;47158son21;47158son22;47158son23,0.01114442,0.99946620
v128_v114_clean_selfblend_min15_d0_w0.35_rm0.05_t0.8,v114_clean_selfblend,15,0.0,0.35,0.05,0.8,0.08,0.97949782,0.91712051,0.23287671,0.52054795,22,0.99972655,0.00041602,0.78653121,4,201,v112_backtracking_remap;v119_roniheka_hgnet,47158son13;47158son21;47158son22;47158son23,0.01114442,0.99946620
v128_v114_clean_selfblend_min15_d0_w0.35_rm0.05_t0.9,v114_clean_selfblend,15,0.0,0.35,0.05,0.9,0.08,0.97949782,0.91712051,0.23287671,0.52054795,22,0.99972655,0.00041602,0.78653121,4,201,v112_backtracking_remap;v119_roniheka_hgnet,47158son13;47158son21;47158son22;47158son23,0.01114442,0.99946620
v128_v114_clean_selfblend_min15_d0_w0.35_rm0.1_t0.7,v114_clean_selfblend,15,0.0,0.35,0.1,0.7,0.08,0.97949782,0.91694574,0.23287671,0.52054795,22,0.99972786,0.00040635,0.78654511,4,183,v112_backtracking_remap;v119_roniheka_hgnet,47158son13;47158son21;47158son22;47158son23,0.01114442,0.99946620
v128_v114_clean_selfblend_min15_d0_w0.35_rm0.1_t0.8,v114_clean_selfblend,15,0.0,0.35,0.1,0.8,0.08,0.97949782,0.91694574,0.23287671,0.52054795,22,0.99972786,0.00040635,0.78654511,4,183,v112_backtracking_remap;v119_roniheka_hgnet,47158son13;47158son21;47158son22;47158son23,0.01114442,0.99946620
v128_v114_clean_selfblend_min15_d0_w0.35_rm0.1_t0.9,v114_clean_selfblend,15,0.0,0.35,0.1,0.9,0.08,0.97949782,0.91694574,0.23287671,0.52054795,22,0.99972786,0.00040635,0.78654511,4,183,v112_backtracking_remap;v119_roniheka_hgnet,47158son13;47158son21;47158son22;47158son23,0.01114442,0.99946620
v128_v114_clean_selfblend_min20_d0_w0.35_rm0.05_t0.7,v114_clean_selfblend,20,0.0,0.35,0.05,0.7,0.08,0.97949782,0.91712051,0.23287671,0.52054795,22,0.99972655,0.00041602,0.78653121,4,201,v112_backtracking_remap;v119_roniheka_hgnet,47158son13;47158son21;47158son22;47158son23,0.01114442,0.99946620
v128_v114_clean_selfblend_min20_d0_w0.35_rm0.05_t0.8,v114_clean_selfblend,20,0.0,0.35,0.05,0.8,0.08,0.97949782,0.91712051,0.23287671,0.52054795,22,0.99972655,0.00041602,0.78653121,4,201,v112_backtracking_remap;v119_roniheka_hgnet,47158son13;47158son21;47158son22;47158son23,0.01114442,0.99946620
v128_v114_clean_selfblend_min20_d0_w0.35_rm0.05_t0.9,v114_clean_selfblend,20,0.0,0.35,0.05,0.9,0.08,0.97949782,0.91712051,0.23287671,0.52054795,22,0.99972655,0.00041602,0.78653121,4,201,v112_backtracking_remap;v119_roniheka_hgnet,47158son13;47158son21;47158son22;47158son23,0.01114442,0.99946620
v128_v114_clean_selfblend_min20_d0_w0.35_rm0.1_t0.7,v114_clean_selfblend,20,0.0,0.35,0.1,0.7,0.08,0.97949782,0.91694574,0.23287671,0.52054795,22,0.99972786,0.00040635,0.78654511,4,183,v112_backtracking_remap;v119_roniheka_hgnet,47158son13;47158son21;47158son22;47158son23,0.01114442,0.99946620
v128_v114_clean_selfblend_min20_d0_w0.35_rm0.1_t0.8,v114_clean_selfblend,20,0.0,0.35,0.1,0.8,0.08,0.97949782,0.91694574,0.23287671,0.52054795,22,0.99972786,0.00040635,0.78654511,4,183,v112_backtracking_remap;v119_roniheka_hgnet,47158son13;47158son21;47158son22;47158son23,0.01114442,0.99946620
v128_v114_clean_selfblend_min20_d0_w0.35_rm0.1_t0.9,v114_clean_selfblend,20,0.0,0.35,0.1,0.9,0.08,0.97949782,0.91694574,0.23287671,0.52054795,22,0.99972786,0.00040635,0.78654511,4,183,v112_backtracking_remap;v119_roniheka_hgnet,47158son13;47158son21;47158son22;47158son23,0.01114442,0.99946620
v128_v110_clean_min5_d0_w0.5_rm0.1_t0.7,v110_clean,5,0.0,0.5,0.1,0.7,0.08,0.97949647,0.91649176,0.21917808,0.52054795,22,0.99929577,0.00078500,0.78567554,6,275,v112_backtracking_remap;v119_roniheka_hgnet,47158son01;47158son13;47158son18;47158son21;47158son22;47158son23,0.01114442,0.99946990
v128_v110_clean_min5_d0_w0.5_rm0.1_t0.8,v110_clean,5,0.0,0.5,0.1,0.8,0.08,0.97949647,0.91649176,0.21917808,0.52054795,22,0.99929577,0.00078500,0.78567554,6,275,v112_backtracking_remap;v119_roniheka_hgnet,47158son01;47158son13;47158son18;47158son21;47158son22;47158son23,0.01114442,0.99946990
v128_v110_clean_min5_d0_w0.5_rm0.1_t0.9,v110_clean,5,0.0,0.5,0.1,0.9,0.08,0.97949647,0.91649176,0.21917808,0.52054795,22,0.99929577,0.00078500,0.78567554,6,275,v112_backtracking_remap;v119_roniheka_hgnet,47158son01;47158son13;47158son18;47158son21;47158son22;47158son23,0.01114442,0.99946990
v128_v110_clean_min10_d0_w0.5_rm0.1_t0.7,v110_clean,10,0.0,0.5,0.1,0.7,0.08,0.97949647,0.91649176,0.21917808,0.52054795,22,0.99929577,0.00078500,0.78567554,6,275,v112_backtracking_remap;v119_roniheka_hgnet,47158son01;47158son13;47158son18;47158son21;47158son22;47158son23,0.01114442,0.99946990
v128_v110_clean_min10_d0_w0.5_rm0.1_t0.8,v110_clean,10,0.0,0.5,0.1,0.8,0.08,0.97949647,0.91649176,0.21917808,0.52054795,22,0.99929577,0.00078500,0.78567554,6,275,v112_backtracking_remap;v119_roniheka_hgnet,47158son01;47158son13;47158son18;47158son21;47158son22;47158son23,0.01114442,0.99946990
v128_v110_clean_min10_d0_w0.5_rm0.1_t0.9,v110_clean,10,0.0,0.5,0.1,0.9,0.08,0.97949647,0.91649176,0.21917808,0.52054795,22,0.99929577,0.00078500,0.78567554,6,275,v112_backtracking_remap;v119_roniheka_hgnet,47158son01;47158son13;47158son18;47158son21;47158son22;47158son23,0.01114442,0.99946990
v128_v110_clean_min15_d0_w0.5_rm0.05_t0.7,v110_clean,15,0.0,0.5,0.05,0.7,0.08,0.97949647,0.91676469,0.21917808,0.52054795,22,0.99944369,0.00059442,0.78568103,4,201,v112_backtracking_remap;v119_roniheka_hgnet,47158son13;47158son21;47158son22;47158son23,0.01114442,0.99946990
v128_v110_clean_min15_d0_w0.5_rm0.05_t0.8,v110_clean,15,0.0,0.5,0.05,0.8,0.08,0.97949647,0.91676469,0.21917808,0.52054795,22,0.99944369,0.00059442,0.78568103,4,201,v112_backtracking_remap;v119_roniheka_hgnet,47158son13;47158son21;47158son22;47158son23,0.01114442,0.99946990
v128_v110_clean_min15_d0_w0.5_rm0.05_t0.9,v110_clean,15,0.0,0.5,0.05,0.9,0.08,0.97949647,0.91676469,0.21917808,0.52054795,22,0.99944369,0.00059442,0.78568103,4,201,v112_backtracking_remap;v119_roniheka_hgnet,47158son13;47158son21;47158son22;47158son23,0.01114442,0.99946990
v128_v110_clean_min15_d0_w0.5_rm0.1_t0.7,v110_clean,15,0.0,0.5,0.1,0.7,0.08,0.97949647,0.91651374,0.21917808,0.52054795,22,0.99944638,0.00058057,0.78570141,4,183,v112_backtracking_remap;v119_roniheka_hgnet,47158son13;47158son21;47158son22;47158son23,0.01114442,0.99946990
v128_v110_clean_min15_d0_w0.5_rm0.1_t0.8,v110_clean,15,0.0,0.5,0.1,0.8,0.08,0.97949647,0.91651374,0.21917808,0.52054795,22,0.99944638,0.00058057,0.78570141,4,183,v112_backtracking_remap;v119_roniheka_hgnet,47158son13;47158son21;47158son22;47158son23,0.01114442,0.99946990
v128_v110_clean_min15_d0_w0.5_rm0.1_t0.9,v110_clean,15,0.0,0.5,0.1,0.9,0.08,0.97949647,0.91651374,0.21917808,0.52054795,22,0.99944638,0.00058057,0.78570141,4,183,v112_backtracking_remap;v119_roniheka_hgnet,47158son13;47158son21;47158son22;47158son23,0.01114442,0.99946990
v128_v110_clean_min20_d0_w0.5_rm0.05_t0.7,v110_clean,20,0.0,0.5,0.05,0.7,0.08,0.97949647,0.91676469,0.21917808,0.52054795,22,0.99944369,0.00059442,0.78568103,4,201,v112_backtracking_remap;v119_roniheka_hgnet,47158son13;47158son21;47158son22;47158son23,0.01114442,0.99946990
v128_v110_clean_min20_d0_w0.5_rm0.05_t0.8,v110_clean,20,0.0,0.5,0.05,0.8,0.08,0.97949647,0.91676469,0.21917808,0.52054795,22,0.99944369,0.00059442,0.78568103,4,201,v112_backtracking_remap;v119_roniheka_hgnet,47158son13;47158son21;47158son22;47158son23,0.01114442,0.99946990
v128_v110_clean_min20_d0_w0.5_rm0.05_t0.9,v110_clean,20,0.0,0.5,0.05,0.9,0.08,0.97949647,0.91676469,0.21917808,0.52054795,22,0.99944369,0.00059442,0.78568103,4,201,v112_backtracking_remap;v119_roniheka_hgnet,47158son13;47158son21;47158son22;47158son23,0.01114442,0.99946990
v128_v110_clean_min20_d0_w0.5_rm0.1_t0.7,v110_clean,20,0.0,0.5,0.1,0.7,0.08,0.97949647,0.91651374,0.21917808,0.52054795,22,0.99944638,0.00058057,0.78570141,4,183,v112_backtracking_remap;v119_roniheka_hgnet,47158son13;47158son21;47158son22;47158son23,0.01114442,0.99946990
v128_v110_clean_min20_d0_w0.5_rm0.1_t0.8,v110_clean,20,0.0,0.5,0.1,0.8,0.08,0.97949647,0.91651374,0.21917808,0.52054795,22,0.99944638,0.00058057,0.78570141,4,183,v112_backtracking_remap;v119_roniheka_hgnet,47158son13;47158son21;47158son22;47158son23,0.01114442,0.99946990
v128_v110_clean_min20_d0_w0.5_rm0.1_t0.9,v110_clean,20,0.0,0.5,0.1,0.9,0.08,0.97949647,0.91651374,0.21917808,0.52054795,22,0.99944638,0.00058057,0.78570141,4,183,v112_backtracking_remap;v119_roniheka_hgnet,47158son13;47158son21;47158son22;47158son23,0.01114442,0.99946990
v128_v114_clean_selfblend_min5_d0.005_w0.35_rm0.05_t0.7,v114_clean_selfblend,5,0.005,0.35,0.05,0.7,0.08,0.97947509,0.91684655,0.23287671,0.52054795,22,0.99981083,0.00029646,0.78679105,3,150,v112_backtracking_remap,47158son13;47158son22;47158son23,0.01114442,0.99946620
v128_v114_clean_selfblend_min5_d0.005_w0.35_rm0.05_t0.8,v114_clean_selfblend,5,0.005,0.35,0.05,0.8,0.08,0.97947509,0.91684655,0.23287671,0.52054795,22,0.99981083,0.00029646,0.78679105,3,150,v112_backtracking_remap,47158son13;47158son22;47158son23,0.01114442,0.99946620
v128_v114_clean_selfblend_min5_d0.005_w0.35_rm0.05_t0.9,v114_clean_selfblend,5,0.005,0.35,0.05,0.9,0.08,0.97947509,0.91684655,0.23287671,0.52054795,22,0.99981083,0.00029646,0.78679105,3,150,v112_backtracking_remap,47158son13;47158son22;47158son23,0.01114442,0.99946620
v128_v114_clean_selfblend_min5_d0.005_w0.35_rm0.1_t0.7,v114_clean_selfblend,5,0.005,0.35,0.1,0.7,0.08,0.97947509,0.91671964,0.23287671,0.52054795,22,0.99981182,0.00028889,0.78680732,3,135,v112_backtracking_remap,47158son13;47158son22;47158son23,0.01114442,0.99946620
v128_v114_clean_selfblend_min5_d0.005_w0.35_rm0.1_t0.8,v114_clean_selfblend,5,0.005,0.35,0.1,0.8,0.08,0.97947509,0.91671964,0.23287671,0.52054795,22,0.99981182,0.00028889,0.78680732,3,135,v112_backtracking_remap,47158son13;47158son22;47158son23,0.01114442,0.99946620
v128_v114_clean_selfblend_min5_d0.005_w0.35_rm0.1_t0.9,v114_clean_selfblend,5,0.005,0.35,0.1,0.9,0.08,0.97947509,0.91671964,0.23287671,0.52054795,22,0.99981182,0.00028889,0.78680732,3,135,v112_backtracking_remap,47158son13;47158son22;47158son23,0.01114442,0.99946620
v128_v114_clean_selfblend_min10_d0.005_w0.35_rm0.05_t0.7,v114_clean_selfblend,10,0.005,0.35,0.05,0.7,0.08,0.97947509,0.91684655,0.23287671,0.52054795,22,0.99981083,0.00029646,0.78679105,3,150,v112_backtracking_remap,47158son13;47158son22;47158son23,0.01114442,0.99946620
v128_v114_clean_selfblend_min10_d0.005_w0.35_rm0.05_t0.8,v114_clean_selfblend,10,0.005,0.35,0.05,0.8,0.08,0.97947509,0.91684655,0.23287671,0.52054795,22,0.99981083,0.00029646,0.78679105,3,150,v112_backtracking_remap,47158son13;47158son22;47158son23,0.01114442,0.99946620
v128_v114_clean_selfblend_min10_d0.005_w0.35_rm0.05_t0.9,v114_clean_selfblend,10,0.005,0.35,0.05,0.9,0.08,0.97947509,0.91684655,0.23287671,0.52054795,22,0.99981083,0.00029646,0.78679105,3,150,v112_backtracking_remap,47158son13;47158son22;47158son23,0.01114442,0.99946620
v128_v114_clean_selfblend_min10_d0.005_w0.35_rm0.1_t0.7,v114_clean_selfblend,10,0.005,0.35,0.1,0.7,0.08,0.97947509,0.91671964,0.23287671,0.52054795,22,0.99981182,0.00028889,0.78680732,3,135,v112_backtracking_remap,47158son13;47158son22;47158son23,0.01114442,0.99946620
v128_v114_clean_selfblend_min10_d0.005_w0.35_rm0.1_t0.8,v114_clean_selfblend,10,0.005,0.35,0.1,0.8,0.08,0.97947509,0.91671964,0.23287671,0.52054795,22,0.99981182,0.00028889,0.78680732,3,135,v112_backtracking_remap,47158son13;47158son22;47158son23,0.01114442,0.99946620
v128_v114_clean_selfblend_min10_d0.005_w0.35_rm0.1_t0.9,v114_clean_selfblend,10,0.005,0.35,0.1,0.9,0.08,0.97947509,0.91671964,0.23287671,0.52054795,22,0.99981182,0.00028889,0.78680732,3,135,v112_backtracking_remap,47158son13;47158son22;47158son23,0.01114442,0.99946620
v128_v114_clean_selfblend_min15_d0.005_w0.35_rm0.05_t0.7,v114_clean_selfblend,15,0.005,0.35,0.05,0.7,0.08,0.97947509,0.91684655,0.23287671,0.52054795,22,0.99981083,0.00029646,0.78679105,3,150,v112_backtracking_remap,47158son13;47158son22;47158son23,0.01114442,0.99946620
v128_v114_clean_selfblend_min15_d0.005_w0.35_rm0.05_t0.8,v114_clean_selfblend,15,0.005,0.35,0.05,0.8,0.08,0.97947509,0.91684655,0.23287671,0.52054795,22,0.99981083,0.00029646,0.78679105,3,150,v112_backtracking_remap,47158son13;47158son22;47158son23,0.01114442,0.99946620
v128_v114_clean_selfblend_min15_d0.005_w0.35_rm0.05_t0.9,v114_clean_selfblend,15,0.005,0.35,0.05,0.9,0.08,0.97947509,0.91684655,0.23287671,0.52054795,22,0.99981083,0.00029646,0.78679105,3,150,v112_backtracking_remap,47158son13;47158son22;47158son23,0.01114442,0.99946620
v128_v114_clean_selfblend_min15_d0.005_w0.35_rm0.1_t0.7,v114_clean_selfblend,15,0.005,0.35,0.1,0.7,0.08,0.97947509,0.91671964,0.23287671,0.52054795,22,0.99981182,0.00028889,0.78680732,3,135,v112_backtracking_remap,47158son13;47158son22;47158son23,0.01114442,0.99946620
v128_v114_clean_selfblend_min15_d0.005_w0.35_rm0.1_t0.8,v114_clean_selfblend,15,0.005,0.35,0.1,0.8,0.08,0.97947509,0.91671964,0.23287671,0.52054795,22,0.99981182,0.00028889,0.78680732,3,135,v112_backtracking_remap,47158son13;47158son22;47158son23,0.01114442,0.99946620
v128_v114_clean_selfblend_min15_d0.005_w0.35_rm0.1_t0.9,v114_clean_selfblend,15,0.005,0.35,0.1,0.9,0.08,0.97947509,0.91671964,0.23287671,0.52054795,22,0.99981182,0.00028889,0.78680732,3,135,v112_backtracking_remap,47158son13;47158son22;47158son23,0.01114442,0.99946620
v128_v114_clean_selfblend_min20_d0.005_w0.35_rm0.05_t0.7,v114_clean_selfblend,20,0.005,0.35,0.05,0.7,0.08,0.97947509,0.91684655,0.23287671,0.52054795,22,0.99981083,0.00029646,0.78679105,3,150,v112_backtracking_remap,47158son13;47158son22;47158son23,0.01114442,0.99946620
v128_v114_clean_selfblend_min20_d0.005_w0.35_rm0.05_t0.8,v114_clean_selfblend,20,0.005,0.35,0.05,0.8,0.08,0.97947509,0.91684655,0.23287671,0.52054795,22,0.99981083,0.00029646,0.78679105,3,150,v112_backtracking_remap,47158son13;47158son22;47158son23,0.01114442,0.99946620
v128_v114_clean_selfblend_min20_d0.005_w0.35_rm0.05_t0.9,v114_clean_selfblend,20,0.005,0.35,0.05,0.9,0.08,0.97947509,0.91684655,0.23287671,0.52054795,22,0.99981083,0.00029646,0.78679105,3,150,v112_backtracking_remap,47158son13;47158son22;47158son23,0.01114442,0.99946620
v128_v114_clean_selfblend_min20_d0.005_w0.35_rm0.1_t0.7,v114_clean_selfblend,20,0.005,0.35,0.1,0.7,0.08,0.97947509,0.91671964,0.23287671,0.52054795,22,0.99981182,0.00028889,0.78680732,3,135,v112_backtracking_remap,47158son13;47158son22;47158son23,0.01114442,0.99946620
v128_v114_clean_selfblend_min20_d0.005_w0.35_rm0.1_t0.8,v114_clean_selfblend,20,0.005,0.35,0.1,0.8,0.08,0.97947509,0.91671964,0.23287671,0.52054795,22,0.99981182,0.00028889,0.78680732,3,135,v112_backtracking_remap,47158son13;47158son22;47158son23,0.01114442,0.99946620
v128_v114_clean_selfblend_min20_d0.005_w0.35_rm0.1_t0.9,v114_clean_selfblend,20,0.005,0.35,0.1,0.9,0.08,0.97947509,0.91671964,0.23287671,0.52054795,22,0.99981182,0.00028889,0.78680732,3,135,v112_backtracking_remap,47158son13;47158son22;47158son23,0.01114442,0.99946620
v128_v110_clean_min5_d0.005_w0.5_rm0_t0.7,v110_clean,5,0.005,0.5,0.0,0.7,0.08,0.97947045,0.91657749,0.21917808,0.52054795,22,0.99961453,0.00043109,0.78609251,3,179,v112_backtracking_remap,47158son13;47158son22;47158son23,0.01114442,0.99946990
v128_v110_clean_min5_d0.005_w0.5_rm0_t0.8,v110_clean,5,0.005,0.5,0.0,0.8,0.08,0.97947045,0.91657749,0.21917808,0.52054795,22,0.99961453,0.00043109,0.78609251,3,179,v112_backtracking_remap,47158son13;47158son22;47158son23,0.01114442,0.99946990
v128_v110_clean_min5_d0.005_w0.5_rm0_t0.9,v110_clean,5,0.005,0.5,0.0,0.9,0.08,0.97947045,0.91657749,0.21917808,0.52054795,22,0.99961453,0.00043109,0.78609251,3,179,v112_backtracking_remap,47158son13;47158son22;47158son23,0.01114442,0.99946990
v128_v110_clean_min10_d0.005_w0.5_rm0_t0.7,v110_clean,10,0.005,0.5,0.0,0.7,0.08,0.97947045,0.91657749,0.21917808,0.52054795,22,0.99961453,0.00043109,0.78609251,3,179,v112_backtracking_remap,47158son13;47158son22;47158son23,0.01114442,0.99946990
v128_v110_clean_min10_d0.005_w0.5_rm0_t0.8,v110_clean,10,0.005,0.5,0.0,0.8,0.08,0.97947045,0.91657749,0.21917808,0.52054795,22,0.99961453,0.00043109,0.78609251,3,179,v112_backtracking_remap,47158son13;47158son22;47158son23,0.01114442,0.99946990
v128_v110_clean_min10_d0.005_w0.5_rm0_t0.9,v110_clean,10,0.005,0.5,0.0,0.9,0.08,0.97947045,0.91657749,0.21917808,0.52054795,22,0.99961453,0.00043109,0.78609251,3,179,v112_backtracking_remap,47158son13;47158son22;47158son23,0.01114442,0.99946990
v128_v110_clean_min15_d0.005_w0.5_rm0_t0.7,v110_clean,15,0.005,0.5,0.0,0.7,0.08,0.97947045,0.91657749,0.21917808,0.52054795,22,0.99961453,0.00043109,0.78609251,3,179,v112_backtracking_remap,47158son13;47158son22;47158son23,0.01114442,0.99946990
v128_v110_clean_min15_d0.005_w0.5_rm0_t0.8,v110_clean,15,0.005,0.5,0.0,0.8,0.08,0.97947045,0.91657749,0.21917808,0.52054795,22,0.99961453,0.00043109,0.78609251,3,179,v112_backtracking_remap,47158son13;47158son22;47158son23,0.01114442,0.99946990
v128_v110_clean_min15_d0.005_w0.5_rm0_t0.9,v110_clean,15,0.005,0.5,0.0,0.9,0.08,0.97947045,0.91657749,0.21917808,0.52054795,22,0.99961453,0.00043109,0.78609251,3,179,v112_backtracking_remap,47158son13;47158son22;47158son23,0.01114442,0.99946990
v128_v110_clean_min20_d0.005_w0.5_rm0_t0.7,v110_clean,20,0.005,0.5,0.0,0.7,0.08,0.97947045,0.91657749,0.21917808,0.52054795,22,0.99961453,0.00043109,0.78609251,3,179,v112_backtracking_remap,47158son13;47158son22;47158son23,0.01114442,0.99946990
v128_v110_clean_min20_d0.005_w0.5_rm0_t0.8,v110_clean,20,0.005,0.5,0.0,0.8,0.08,0.97947045,0.91657749,0.21917808,0.52054795,22,0.99961453,0.00043109,0.78609251,3,179,v112_backtracking_remap,47158son13;47158son22;47158son23,0.01114442,0.99946990
v128_v110_clean_min20_d0.005_w0.5_rm0_t0.9,v110_clean,20,0.005,0.5,0.0,0.9,0.08,0.97947045,0.91657749,0.21917808,0.52054795,22,0.99961453,0.00043109,0.78609251,3,179,v112_backtracking_remap,47158son13;47158son22;47158son23,0.01114442,0.99946990
v128_v110_clean_min5_d0_w0.35_rm0_t0.7,v110_clean,5,0.0,0.35,0.0,0.7,0.08,0.97946620,0.91701414,0.21917808,0.52054795,22,0.99965065,0.00057427,0.78628726,6,350,v112_backtracking_remap;v119_roniheka_hgnet,47158son01;47158son13;47158son18;47158son21;47158son22;47158son23,0.01114442,0.99946990
v128_v110_clean_min5_d0_w0.35_rm0_t0.8,v110_clean,5,0.0,0.35,0.0,0.8,0.08,0.97946620,0.91701414,0.21917808,0.52054795,22,0.99965065,0.00057427,0.78628726,6,350,v112_backtracking_remap;v119_roniheka_hgnet,47158son01;47158son13;47158son18;47158son21;47158son22;47158son23,0.01114442,0.99946990
v128_v110_clean_min5_d0_w0.35_rm0_t0.9,v110_clean,5,0.0,0.35,0.0,0.9,0.08,0.97946620,0.91701414,0.21917808,0.52054795,22,0.99965065,0.00057427,0.78628726,6,350,v112_backtracking_remap;v119_roniheka_hgnet,47158son01;47158son13;47158son18;47158son21;47158son22;47158son23,0.01114442,0.99946990
v128_v110_clean_min10_d0_w0.35_rm0_t0.7,v110_clean,10,0.0,0.35,0.0,0.7,0.08,0.97946620,0.91701414,0.21917808,0.52054795,22,0.99965065,0.00057427,0.78628726,6,350,v112_backtracking_remap;v119_roniheka_hgnet,47158son01;47158son13;47158son18;47158son21;47158son22;47158son23,0.01114442,0.99946990
v128_v110_clean_min10_d0_w0.35_rm0_t0.8,v110_clean,10,0.0,0.35,0.0,0.8,0.08,0.97946620,0.91701414,0.21917808,0.52054795,22,0.99965065,0.00057427,0.78628726,6,350,v112_backtracking_remap;v119_roniheka_hgnet,47158son01;47158son13;47158son18;47158son21;47158son22;47158son23,0.01114442,0.99946990
v128_v110_clean_min10_d0_w0.35_rm0_t0.9,v110_clean,10,0.0,0.35,0.0,0.9,0.08,0.97946620,0.91701414,0.21917808,0.52054795,22,0.99965065,0.00057427,0.78628726,6,350,v112_backtracking_remap;v119_roniheka_hgnet,47158son01;47158son13;47158son18;47158son21;47158son22;47158son23,0.01114442,0.99946990
v128_v110_clean_min5_d0_w0.35_rm0.05_t0.7,v110_clean,5,0.0,0.35,0.05,0.7,0.08,0.97944676,0.91659682,0.21917808,0.52054795,22,0.99965189,0.00056454,0.78627714,6,299,v112_backtracking_remap;v119_roniheka_hgnet,47158son01;47158son13;47158son18;47158son21;47158son22;47158son23,0.01114442,0.99946990
v128_v110_clean_min5_d0_w0.35_rm0.05_t0.8,v110_clean,5,0.0,0.35,0.05,0.8,0.08,0.97944676,0.91659682,0.21917808,0.52054795,22,0.99965189,0.00056454,0.78627714,6,299,v112_backtracking_remap;v119_roniheka_hgnet,47158son01;47158son13;47158son18;47158son21;47158son22;47158son23,0.01114442,0.99946990
v128_v110_clean_min5_d0_w0.35_rm0.05_t0.9,v110_clean,5,0.0,0.35,0.05,0.9,0.08,0.97944676,0.91659682,0.21917808,0.52054795,22,0.99965189,0.00056454,0.78627714,6,299,v112_backtracking_remap;v119_roniheka_hgnet,47158son01;47158son13;47158son18;47158son21;47158son22;47158son23,0.01114442,0.99946990
v128_v110_clean_min10_d0_w0.35_rm0.05_t0.7,v110_clean,10,0.0,0.35,0.05,0.7,0.08,0.97944676,0.91659682,0.21917808,0.52054795,22,0.99965189,0.00056454,0.78627714,6,299,v112_backtracking_remap;v119_roniheka_hgnet,47158son01;47158son13;47158son18;47158son21;47158son22;47158son23,0.01114442,0.99946990
v128_v110_clean_min10_d0_w0.35_rm0.05_t0.8,v110_clean,10,0.0,0.35,0.05,0.8,0.08,0.97944676,0.91659682,0.21917808,0.52054795,22,0.99965189,0.00056454,0.78627714,6,299,v112_backtracking_remap;v119_roniheka_hgnet,47158son01;47158son13;47158son18;47158son21;47158son22;47158son23,0.01114442,0.99946990
v128_v110_clean_min10_d0_w0.35_rm0.05_t0.9,v110_clean,10,0.0,0.35,0.05,0.9,0.08,0.97944676,0.91659682,0.21917808,0.52054795,22,0.99965189,0.00056454,0.78627714,6,299,v112_backtracking_remap;v119_roniheka_hgnet,47158son01;47158son13;47158son18;47158son21;47158son22;47158son23,0.01114442,0.99946990
v128_v110_clean_min5_d0.005_w0.35_rm0_t0.7,v110_clean,5,0.005,0.35,0.0,0.7,0.08,0.97942829,0.91606903,0.21917808,0.52054795,22,0.99981115,0.00030176,0.78651423,3,179,v112_backtracking_remap,47158son13;47158son22;47158son23,0.01114442,0.99946990
v128_v110_clean_min5_d0.005_w0.35_rm0_t0.8,v110_clean,5,0.005,0.35,0.0,0.8,0.08,0.97942829,0.91606903,0.21917808,0.52054795,22,0.99981115,0.00030176,0.78651423,3,179,v112_backtracking_remap,47158son13;47158son22;47158son23,0.01114442,0.99946990
v128_v110_clean_min5_d0.005_w0.35_rm0_t0.9,v110_clean,5,0.005,0.35,0.0,0.9,0.08,0.97942829,0.91606903,0.21917808,0.52054795,22,0.99981115,0.00030176,0.78651423,3,179,v112_backtracking_remap,47158son13;47158son22;47158son23,0.01114442,0.99946990
v128_v110_clean_min5_d0.005_w0.5_rm0.05_t0.7,v110_clean,5,0.005,0.5,0.05,0.7,0.08,0.97942829,0.91638637,0.21917808,0.52054795,22,0.99961518,0.00042363,0.78609259,3,150,v112_backtracking_remap,47158son13;47158son22;47158son23,0.01114442,0.99946990
v128_v110_clean_min5_d0.005_w0.5_rm0.05_t0.8,v110_clean,5,0.005,0.5,0.05,0.8,0.08,0.97942829,0.91638637,0.21917808,0.52054795,22,0.99961518,0.00042363,0.78609259,3,150,v112_backtracking_remap,47158son13;47158son22;47158son23,0.01114442,0.99946990
v128_v110_clean_min5_d0.005_w0.5_rm0.05_t0.9,v110_clean,5,0.005,0.5,0.05,0.9,0.08,0.97942829,0.91638637,0.21917808,0.52054795,22,0.99961518,0.00042363,0.78609259,3,150,v112_backtracking_remap,47158son13;47158son22;47158son23,0.01114442,0.99946990
v128_v110_clean_min5_d0.005_w0.5_rm0.1_t0.7,v110_clean,5,0.005,0.5,0.1,0.7,0.08,0.97942829,0.91620526,0.21917808,0.52054795,22,0.99961720,0.00041276,0.78611621,3,135,v112_backtracking_remap,47158son13;47158son22;47158son23,0.01114442,0.99946990
v128_v110_clean_min5_d0.005_w0.5_rm0.1_t0.8,v110_clean,5,0.005,0.5,0.1,0.8,0.08,0.97942829,0.91620526,0.21917808,0.52054795,22,0.99961720,0.00041276,0.78611621,3,135,v112_backtracking_remap,47158son13;47158son22;47158son23,0.01114442,0.99946990
v128_v110_clean_min5_d0.005_w0.5_rm0.1_t0.9,v110_clean,5,0.005,0.5,0.1,0.9,0.08,0.97942829,0.91620526,0.21917808,0.52054795,22,0.99961720,0.00041276,0.78611621,3,135,v112_backtracking_remap,47158son13;47158son22;47158son23,0.01114442,0.99946990
v128_v110_clean_min10_d0.005_w0.35_rm0_t0.7,v110_clean,10,0.005,0.35,0.0,0.7,0.08,0.97942829,0.91606903,0.21917808,0.52054795,22,0.99981115,0.00030176,0.78651423,3,179,v112_backtracking_remap,47158son13;47158son22;47158son23,0.01114442,0.99946990
v128_v110_clean_min10_d0.005_w0.35_rm0_t0.8,v110_clean,10,0.005,0.35,0.0,0.8,0.08,0.97942829,0.91606903,0.21917808,0.52054795,22,0.99981115,0.00030176,0.78651423,3,179,v112_backtracking_remap,47158son13;47158son22;47158son23,0.01114442,0.99946990
v128_v110_clean_min10_d0.005_w0.35_rm0_t0.9,v110_clean,10,0.005,0.35,0.0,0.9,0.08,0.97942829,0.91606903,0.21917808,0.52054795,22,0.99981115,0.00030176,0.78651423,3,179,v112_backtracking_remap,47158son13;47158son22;47158son23,0.01114442,0.99946990
v128_v110_clean_min10_d0.005_w0.5_rm0.05_t0.7,v110_clean,10,0.005,0.5,0.05,0.7,0.08,0.97942829,0.91638637,0.21917808,0.52054795,22,0.99961518,0.00042363,0.78609259,3,150,v112_backtracking_remap,47158son13;47158son22;47158son23,0.01114442,0.99946990
v128_v110_clean_min10_d0.005_w0.5_rm0.05_t0.8,v110_clean,10,0.005,0.5,0.05,0.8,0.08,0.97942829,0.91638637,0.21917808,0.52054795,22,0.99961518,0.00042363,0.78609259,3,150,v112_backtracking_remap,47158son13;47158son22;47158son23,0.01114442,0.99946990
v128_v110_clean_min10_d0.005_w0.5_rm0.05_t0.9,v110_clean,10,0.005,0.5,0.05,0.9,0.08,0.97942829,0.91638637,0.21917808,0.52054795,22,0.99961518,0.00042363,0.78609259,3,150,v112_backtracking_remap,47158son13;47158son22;47158son23,0.01114442,0.99946990
v128_v110_clean_min10_d0.005_w0.5_rm0.1_t0.7,v110_clean,10,0.005,0.5,0.1,0.7,0.08,0.97942829,0.91620526,0.21917808,0.52054795,22,0.99961720,0.00041276,0.78611621,3,135,v112_backtracking_remap,47158son13;47158son22;47158son23,0.01114442,0.99946990
v128_v110_clean_min10_d0.005_w0.5_rm0.1_t0.8,v110_clean,10,0.005,0.5,0.1,0.8,0.08,0.97942829,0.91620526,0.21917808,0.52054795,22,0.99961720,0.00041276,0.78611621,3,135,v112_backtracking_remap,47158son13;47158son22;47158son23,0.01114442,0.99946990
v128_v110_clean_min10_d0.005_w0.5_rm0.1_t0.9,v110_clean,10,0.005,0.5,0.1,0.9,0.08,0.97942829,0.91620526,0.21917808,0.52054795,22,0.99961720,0.00041276,0.78611621,3,135,v112_backtracking_remap,47158son13;47158son22;47158son23,0.01114442,0.99946990
v128_v110_clean_min15_d0_w0.35_rm0_t0.7,v110_clean,15,0.0,0.35,0.0,0.7,0.08,0.97942829,0.91638522,0.21917808,0.52054795,22,0.99972712,0.00042241,0.78625549,4,237,v112_backtracking_remap;v119_roniheka_hgnet,47158son13;47158son21;47158son22;47158son23,0.01114442,0.99946990
v128_v110_clean_min15_d0_w0.35_rm0_t0.8,v110_clean,15,0.0,0.35,0.0,0.8,0.08,0.97942829,0.91638522,0.21917808,0.52054795,22,0.99972712,0.00042241,0.78625549,4,237,v112_backtracking_remap;v119_roniheka_hgnet,47158son13;47158son21;47158son22;47158son23,0.01114442,0.99946990
v128_v110_clean_min15_d0_w0.35_rm0_t0.9,v110_clean,15,0.0,0.35,0.0,0.9,0.08,0.97942829,0.91638522,0.21917808,0.52054795,22,0.99972712,0.00042241,0.78625549,4,237,v112_backtracking_remap;v119_roniheka_hgnet,47158son13;47158son21;47158son22;47158son23,0.01114442,0.99946990
v128_v110_clean_min15_d0.005_w0.35_rm0_t0.7,v110_clean,15,0.005,0.35,0.0,0.7,0.08,0.97942829,0.91606903,0.21917808,0.52054795,22,0.99981115,0.00030176,0.78651423,3,179,v112_backtracking_remap,47158son13;47158son22;47158son23,0.01114442,0.99946990
v128_v110_clean_min15_d0.005_w0.35_rm0_t0.8,v110_clean,15,0.005,0.35,0.0,0.8,0.08,0.97942829,0.91606903,0.21917808,0.52054795,22,0.99981115,0.00030176,0.78651423,3,179,v112_backtracking_remap,47158son13;47158son22;47158son23,0.01114442,0.99946990
v128_v110_clean_min15_d0.005_w0.35_rm0_t0.9,v110_clean,15,0.005,0.35,0.0,0.9,0.08,0.97942829,0.91606903,0.21917808,0.52054795,22,0.99981115,0.00030176,0.78651423,3,179,v112_backtracking_remap,47158son13;47158son22;47158son23,0.01114442,0.99946990
v128_v110_clean_min15_d0.005_w0.5_rm0.05_t0.7,v110_clean,15,0.005,0.5,0.05,0.7,0.08,0.97942829,0.91638637,0.21917808,0.52054795,22,0.99961518,0.00042363,0.78609259,3,150,v112_backtracking_remap,47158son13;47158son22;47158son23,0.01114442,0.99946990
v128_v110_clean_min15_d0.005_w0.5_rm0.05_t0.8,v110_clean,15,0.005,0.5,0.05,0.8,0.08,0.97942829,0.91638637,0.21917808,0.52054795,22,0.99961518,0.00042363,0.78609259,3,150,v112_backtracking_remap,47158son13;47158son22;47158son23,0.01114442,0.99946990
v128_v110_clean_min15_d0.005_w0.5_rm0.05_t0.9,v110_clean,15,0.005,0.5,0.05,0.9,0.08,0.97942829,0.91638637,0.21917808,0.52054795,22,0.99961518,0.00042363,0.78609259,3,150,v112_backtracking_remap,47158son13;47158son22;47158son23,0.01114442,0.99946990
v128_v110_clean_min15_d0.005_w0.5_rm0.1_t0.7,v110_clean,15,0.005,0.5,0.1,0.7,0.08,0.97942829,0.91620526,0.21917808,0.52054795,22,0.99961720,0.00041276,0.78611621,3,135,v112_backtracking_remap,47158son13;47158son22;47158son23,0.01114442,0.99946990
v128_v110_clean_min15_d0.005_w0.5_rm0.1_t0.8,v110_clean,15,0.005,0.5,0.1,0.8,0.08,0.97942829,0.91620526,0.21917808,0.52054795,22,0.99961720,0.00041276,0.78611621,3,135,v112_backtracking_remap,47158son13;47158son22;47158son23,0.01114442,0.99946990
v128_v110_clean_min15_d0.005_w0.5_rm0.1_t0.9,v110_clean,15,0.005,0.5,0.1,0.9,0.08,0.97942829,0.91620526,0.21917808,0.52054795,22,0.99961720,0.00041276,0.78611621,3,135,v112_backtracking_remap,47158son13;47158son22;47158son23,0.01114442,0.99946990
v128_v110_clean_min20_d0_w0.35_rm0_t0.7,v110_clean,20,0.0,0.35,0.0,0.7,0.08,0.97942829,0.91638522,0.21917808,0.52054795,22,0.99972712,0.00042241,0.78625549,4,237,v112_backtracking_remap;v119_roniheka_hgnet,47158son13;47158son21;47158son22;47158son23,0.01114442,0.99946990
v128_v110_clean_min20_d0_w0.35_rm0_t0.8,v110_clean,20,0.0,0.35,0.0,0.8,0.08,0.97942829,0.91638522,0.21917808,0.52054795,22,0.99972712,0.00042241,0.78625549,4,237,v112_backtracking_remap;v119_roniheka_hgnet,47158son13;47158son21;47158son22;47158son23,0.01114442,0.99946990
v128_v110_clean_min20_d0_w0.35_rm0_t0.9,v110_clean,20,0.0,0.35,0.0,0.9,0.08,0.97942829,0.91638522,0.21917808,0.52054795,22,0.99972712,0.00042241,0.78625549,4,237,v112_backtracking_remap;v119_roniheka_hgnet,47158son13;47158son21;47158son22;47158son23,0.01114442,0.99946990
v128_v110_clean_min20_d0.005_w0.35_rm0_t0.7,v110_clean,20,0.005,0.35,0.0,0.7,0.08,0.97942829,0.91606903,0.21917808,0.52054795,22,0.99981115,0.00030176,0.78651423,3,179,v112_backtracking_remap,47158son13;47158son22;47158son23,0.01114442,0.99946990
v128_v110_clean_min20_d0.005_w0.35_rm0_t0.8,v110_clean,20,0.005,0.35,0.0,0.8,0.08,0.97942829,0.91606903,0.21917808,0.52054795,22,0.99981115,0.00030176,0.78651423,3,179,v112_backtracking_remap,47158son13;47158son22;47158son23,0.01114442,0.99946990
v128_v110_clean_min20_d0.005_w0.35_rm0_t0.9,v110_clean,20,0.005,0.35,0.0,0.9,0.08,0.97942829,0.91606903,0.21917808,0.52054795,22,0.99981115,0.00030176,0.78651423,3,179,v112_backtracking_remap,47158son13;47158son22;47158son23,0.01114442,0.99946990
v128_v110_clean_min20_d0.005_w0.5_rm0.05_t0.7,v110_clean,20,0.005,0.5,0.05,0.7,0.08,0.97942829,0.91638637,0.21917808,0.52054795,22,0.99961518,0.00042363,0.78609259,3,150,v112_backtracking_remap,47158son13;47158son22;47158son23,0.01114442,0.99946990
v128_v110_clean_min20_d0.005_w0.5_rm0.05_t0.8,v110_clean,20,0.005,0.5,0.05,0.8,0.08,0.97942829,0.91638637,0.21917808,0.52054795,22,0.99961518,0.00042363,0.78609259,3,150,v112_backtracking_remap,47158son13;47158son22;47158son23,0.01114442,0.99946990
v128_v110_clean_min20_d0.005_w0.5_rm0.05_t0.9,v110_clean,20,0.005,0.5,0.05,0.9,0.08,0.97942829,0.91638637,0.21917808,0.52054795,22,0.99961518,0.00042363,0.78609259,3,150,v112_backtracking_remap,47158son13;47158son22;47158son23,0.01114442,0.99946990
v128_v110_clean_min20_d0.005_w0.5_rm0.1_t0.7,v110_clean,20,0.005,0.5,0.1,0.7,0.08,0.97942829,0.91620526,0.21917808,0.52054795,22,0.99961720,0.00041276,0.78611621,3,135,v112_backtracking_remap,47158son13;47158son22;47158son23,0.01114442,0.99946990
v128_v110_clean_min20_d0.005_w0.5_rm0.1_t0.8,v110_clean,20,0.005,0.5,0.1,0.8,0.08,0.97942829,0.91620526,0.21917808,0.52054795,22,0.99961720,0.00041276,0.78611621,3,135,v112_backtracking_remap,47158son13;47158son22;47158son23,0.01114442,0.99946990
v128_v110_clean_min20_d0.005_w0.5_rm0.1_t0.9,v110_clean,20,0.005,0.5,0.1,0.9,0.08,0.97942829,0.91620526,0.21917808,0.52054795,22,0.99961720,0.00041276,0.78611621,3,135,v112_backtracking_remap,47158son13;47158son22;47158son23,0.01114442,0.99946990
v128_v110_clean_min5_d0_w0.35_rm0.1_t0.7,v110_clean,5,0.0,0.35,0.1,0.7,0.08,0.97940885,0.91601933,0.21917808,0.52054795,22,0.99965507,0.00054950,0.78627522,6,275,v112_backtracking_remap;v119_roniheka_hgnet,47158son01;47158son13;47158son18;47158son21;47158son22;47158son23,0.01114442,0.99946990
v128_v110_clean_min5_d0_w0.35_rm0.1_t0.8,v110_clean,5,0.0,0.35,0.1,0.8,0.08,0.97940885,0.91601933,0.21917808,0.52054795,22,0.99965507,0.00054950,0.78627522,6,275,v112_backtracking_remap;v119_roniheka_hgnet,47158son01;47158son13;47158son18;47158son21;47158son22;47158son23,0.01114442,0.99946990
v128_v110_clean_min5_d0_w0.35_rm0.1_t0.9,v110_clean,5,0.0,0.35,0.1,0.9,0.08,0.97940885,0.91601933,0.21917808,0.52054795,22,0.99965507,0.00054950,0.78627522,6,275,v112_backtracking_remap;v119_roniheka_hgnet,47158son01;47158son13;47158son18;47158son21;47158son22;47158son23,0.01114442,0.99946990
v128_v110_clean_min10_d0_w0.35_rm0.1_t0.7,v110_clean,10,0.0,0.35,0.1,0.7,0.08,0.97940885,0.91601933,0.21917808,0.52054795,22,0.99965507,0.00054950,0.78627522,6,275,v112_backtracking_remap;v119_roniheka_hgnet,47158son01;47158son13;47158son18;47158son21;47158son22;47158son23,0.01114442,0.99946990
v128_v110_clean_min10_d0_w0.35_rm0.1_t0.8,v110_clean,10,0.0,0.35,0.1,0.8,0.08,0.97940885,0.91601933,0.21917808,0.52054795,22,0.99965507,0.00054950,0.78627522,6,275,v112_backtracking_remap;v119_roniheka_hgnet,47158son01;47158son13;47158son18;47158son21;47158son22;47158son23,0.01114442,0.99946990
v128_v110_clean_min10_d0_w0.35_rm0.1_t0.9,v110_clean,10,0.0,0.35,0.1,0.9,0.08,0.97940885,0.91601933,0.21917808,0.52054795,22,0.99965507,0.00054950,0.78627522,6,275,v112_backtracking_remap;v119_roniheka_hgnet,47158son01;47158son13;47158son18;47158son21;47158son22;47158son23,0.01114442,0.99946990
v128_v110_clean_min15_d0_w0.35_rm0.05_t0.7,v110_clean,15,0.0,0.35,0.05,0.7,0.08,0.97940885,0.91621297,0.21917808,0.52054795,22,0.99972747,0.00041610,0.78625451,4,201,v112_backtracking_remap;v119_roniheka_hgnet,47158son13;47158son21;47158son22;47158son23,0.01114442,0.99946990
v128_v110_clean_min15_d0_w0.35_rm0.05_t0.8,v110_clean,15,0.0,0.35,0.05,0.8,0.08,0.97940885,0.91621297,0.21917808,0.52054795,22,0.99972747,0.00041610,0.78625451,4,201,v112_backtracking_remap;v119_roniheka_hgnet,47158son13;47158son21;47158son22;47158son23,0.01114442,0.99946990
v128_v110_clean_min15_d0_w0.35_rm0.05_t0.9,v110_clean,15,0.0,0.35,0.05,0.9,0.08,0.97940885,0.91621297,0.21917808,0.52054795,22,0.99972747,0.00041610,0.78625451,4,201,v112_backtracking_remap;v119_roniheka_hgnet,47158son13;47158son21;47158son22;47158son23,0.01114442,0.99946990
v128_v110_clean_min15_d0_w0.35_rm0.1_t0.7,v110_clean,15,0.0,0.35,0.1,0.7,0.08,0.97940885,0.91603198,0.21917808,0.52054795,22,0.99972880,0.00040640,0.78626834,4,183,v112_backtracking_remap;v119_roniheka_hgnet,47158son13;47158son21;47158son22;47158son23,0.01114442,0.99946990
v128_v110_clean_min15_d0_w0.35_rm0.1_t0.8,v110_clean,15,0.0,0.35,0.1,0.8,0.08,0.97940885,0.91603198,0.21917808,0.52054795,22,0.99972880,0.00040640,0.78626834,4,183,v112_backtracking_remap;v119_roniheka_hgnet,47158son13;47158son21;47158son22;47158son23,0.01114442,0.99946990
v128_v110_clean_min15_d0_w0.35_rm0.1_t0.9,v110_clean,15,0.0,0.35,0.1,0.9,0.08,0.97940885,0.91603198,0.21917808,0.52054795,22,0.99972880,0.00040640,0.78626834,4,183,v112_backtracking_remap;v119_roniheka_hgnet,47158son13;47158son21;47158son22;47158son23,0.01114442,0.99946990
v128_v110_clean_min20_d0_w0.35_rm0.05_t0.7,v110_clean,20,0.0,0.35,0.05,0.7,0.08,0.97940885,0.91621297,0.21917808,0.52054795,22,0.99972747,0.00041610,0.78625451,4,201,v112_backtracking_remap;v119_roniheka_hgnet,47158son13;47158son21;47158son22;47158son23,0.01114442,0.99946990
v128_v110_clean_min20_d0_w0.35_rm0.05_t0.8,v110_clean,20,0.0,0.35,0.05,0.8,0.08,0.97940885,0.91621297,0.21917808,0.52054795,22,0.99972747,0.00041610,0.78625451,4,201,v112_backtracking_remap;v119_roniheka_hgnet,47158son13;47158son21;47158son22;47158son23,0.01114442,0.99946990
v128_v110_clean_min20_d0_w0.35_rm0.05_t0.9,v110_clean,20,0.0,0.35,0.05,0.9,0.08,0.97940885,0.91621297,0.21917808,0.52054795,22,0.99972747,0.00041610,0.78625451,4,201,v112_backtracking_remap;v119_roniheka_hgnet,47158son13;47158son21;47158son22;47158son23,0.01114442,0.99946990
v128_v110_clean_min20_d0_w0.35_rm0.1_t0.7,v110_clean,20,0.0,0.35,0.1,0.7,0.08,0.97940885,0.91603198,0.21917808,0.52054795,22,0.99972880,0.00040640,0.78626834,4,183,v112_backtracking_remap;v119_roniheka_hgnet,47158son13;47158son21;47158son22;47158son23,0.01114442,0.99946990
v128_v110_clean_min20_d0_w0.35_rm0.1_t0.8,v110_clean,20,0.0,0.35,0.1,0.8,0.08,0.97940885,0.91603198,0.21917808,0.52054795,22,0.99972880,0.00040640,0.78626834,4,183,v112_backtracking_remap;v119_roniheka_hgnet,47158son13;47158son21;47158son22;47158son23,0.01114442,0.99946990
v128_v110_clean_min20_d0_w0.35_rm0.1_t0.9,v110_clean,20,0.0,0.35,0.1,0.9,0.08,0.97940885,0.91603198,0.21917808,0.52054795,22,0.99972880,0.00040640,0.78626834,4,183,v112_backtracking_remap;v119_roniheka_hgnet,47158son13;47158son21;47158son22;47158son23,0.01114442,0.99946990
v128_v110_clean_min5_d0.005_w0.35_rm0.05_t0.7,v110_clean,5,0.005,0.35,0.05,0.7,0.08,0.97938612,0.91593648,0.21917808,0.52054795,22,0.99981146,0.00029654,0.78651419,3,150,v112_backtracking_remap,47158son13;47158son22;47158son23,0.01114442,0.99946990
v128_v110_clean_min5_d0.005_w0.35_rm0.05_t0.8,v110_clean,5,0.005,0.35,0.05,0.8,0.08,0.97938612,0.91593648,0.21917808,0.52054795,22,0.99981146,0.00029654,0.78651419,3,150,v112_backtracking_remap,47158son13;47158son22;47158son23,0.01114442,0.99946990
v128_v110_clean_min5_d0.005_w0.35_rm0.05_t0.9,v110_clean,5,0.005,0.35,0.05,0.9,0.08,0.97938612,0.91593648,0.21917808,0.52054795,22,0.99981146,0.00029654,0.78651419,3,150,v112_backtracking_remap,47158son13;47158son22;47158son23,0.01114442,0.99946990
v128_v110_clean_min5_d0.005_w0.35_rm0.1_t0.7,v110_clean,5,0.005,0.35,0.1,0.7,0.08,0.97938612,0.91580566,0.21917808,0.52054795,22,0.99981246,0.00028893,0.78653039,3,135,v112_backtracking_remap,47158son13;47158son22;47158son23,0.01114442,0.99946990
v128_v110_clean_min5_d0.005_w0.35_rm0.1_t0.8,v110_clean,5,0.005,0.35,0.1,0.8,0.08,0.97938612,0.91580566,0.21917808,0.52054795,22,0.99981246,0.00028893,0.78653039,3,135,v112_backtracking_remap,47158son13;47158son22;47158son23,0.01114442,0.99946990
v128_v110_clean_min5_d0.005_w0.35_rm0.1_t0.9,v110_clean,5,0.005,0.35,0.1,0.9,0.08,0.97938612,0.91580566,0.21917808,0.52054795,22,0.99981246,0.00028893,0.78653039,3,135,v112_backtracking_remap,47158son13;47158son22;47158son23,0.01114442,0.99946990
v128_v110_clean_min10_d0.005_w0.35_rm0.05_t0.7,v110_clean,10,0.005,0.35,0.05,0.7,0.08,0.97938612,0.91593648,0.21917808,0.52054795,22,0.99981146,0.00029654,0.78651419,3,150,v112_backtracking_remap,47158son13;47158son22;47158son23,0.01114442,0.99946990
v128_v110_clean_min10_d0.005_w0.35_rm0.05_t0.8,v110_clean,10,0.005,0.35,0.05,0.8,0.08,0.97938612,0.91593648,0.21917808,0.52054795,22,0.99981146,0.00029654,0.78651419,3,150,v112_backtracking_remap,47158son13;47158son22;47158son23,0.01114442,0.99946990
v128_v110_clean_min10_d0.005_w0.35_rm0.05_t0.9,v110_clean,10,0.005,0.35,0.05,0.9,0.08,0.97938612,0.91593648,0.21917808,0.52054795,22,0.99981146,0.00029654,0.78651419,3,150,v112_backtracking_remap,47158son13;47158son22;47158son23,0.01114442,0.99946990
v128_v110_clean_min10_d0.005_w0.35_rm0.1_t0.7,v110_clean,10,0.005,0.35,0.1,0.7,0.08,0.97938612,0.91580566,0.21917808,0.52054795,22,0.99981246,0.00028893,0.78653039,3,135,v112_backtracking_remap,47158son13;47158son22;47158son23,0.01114442,0.99946990
v128_v110_clean_min10_d0.005_w0.35_rm0.1_t0.8,v110_clean,10,0.005,0.35,0.1,0.8,0.08,0.97938612,0.91580566,0.21917808,0.52054795,22,0.99981246,0.00028893,0.78653039,3,135,v112_backtracking_remap,47158son13;47158son22;47158son23,0.01114442,0.99946990
v128_v110_clean_min10_d0.005_w0.35_rm0.1_t0.9,v110_clean,10,0.005,0.35,0.1,0.9,0.08,0.97938612,0.91580566,0.21917808,0.52054795,22,0.99981246,0.00028893,0.78653039,3,135,v112_backtracking_remap,47158son13;47158son22;47158son23,0.01114442,0.99946990
v128_v110_clean_min15_d0.005_w0.35_rm0.05_t0.7,v110_clean,15,0.005,0.35,0.05,0.7,0.08,0.97938612,0.91593648,0.21917808,0.52054795,22,0.99981146,0.00029654,0.78651419,3,150,v112_backtracking_remap,47158son13;47158son22;47158son23,0.01114442,0.99946990
v128_v110_clean_min15_d0.005_w0.35_rm0.05_t0.8,v110_clean,15,0.005,0.35,0.05,0.8,0.08,0.97938612,0.91593648,0.21917808,0.52054795,22,0.99981146,0.00029654,0.78651419,3,150,v112_backtracking_remap,47158son13;47158son22;47158son23,0.01114442,0.99946990
v128_v110_clean_min15_d0.005_w0.35_rm0.05_t0.9,v110_clean,15,0.005,0.35,0.05,0.9,0.08,0.97938612,0.91593648,0.21917808,0.52054795,22,0.99981146,0.00029654,0.78651419,3,150,v112_backtracking_remap,47158son13;47158son22;47158son23,0.01114442,0.99946990
v128_v110_clean_min15_d0.005_w0.35_rm0.1_t0.7,v110_clean,15,0.005,0.35,0.1,0.7,0.08,0.97938612,0.91580566,0.21917808,0.52054795,22,0.99981246,0.00028893,0.78653039,3,135,v112_backtracking_remap,47158son13;47158son22;47158son23,0.01114442,0.99946990
v128_v110_clean_min15_d0.005_w0.35_rm0.1_t0.8,v110_clean,15,0.005,0.35,0.1,0.8,0.08,0.97938612,0.91580566,0.21917808,0.52054795,22,0.99981246,0.00028893,0.78653039,3,135,v112_backtracking_remap,47158son13;47158son22;47158son23,0.01114442,0.99946990
v128_v110_clean_min15_d0.005_w0.35_rm0.1_t0.9,v110_clean,15,0.005,0.35,0.1,0.9,0.08,0.97938612,0.91580566,0.21917808,0.52054795,22,0.99981246,0.00028893,0.78653039,3,135,v112_backtracking_remap,47158son13;47158son22;47158son23,0.01114442,0.99946990
v128_v110_clean_min20_d0.005_w0.35_rm0.05_t0.7,v110_clean,20,0.005,0.35,0.05,0.7,0.08,0.97938612,0.91593648,0.21917808,0.52054795,22,0.99981146,0.00029654,0.78651419,3,150,v112_backtracking_remap,47158son13;47158son22;47158son23,0.01114442,0.99946990
v128_v110_clean_min20_d0.005_w0.35_rm0.05_t0.8,v110_clean,20,0.005,0.35,0.05,0.8,0.08,0.97938612,0.91593648,0.21917808,0.52054795,22,0.99981146,0.00029654,0.78651419,3,150,v112_backtracking_remap,47158son13;47158son22;47158son23,0.01114442,0.99946990
v128_v110_clean_min20_d0.005_w0.35_rm0.05_t0.9,v110_clean,20,0.005,0.35,0.05,0.9,0.08,0.97938612,0.91593648,0.21917808,0.52054795,22,0.99981146,0.00029654,0.78651419,3,150,v112_backtracking_remap,47158son13;47158son22;47158son23,0.01114442,0.99946990
v128_v110_clean_min20_d0.005_w0.35_rm0.1_t0.7,v110_clean,20,0.005,0.35,0.1,0.7,0.08,0.97938612,0.91580566,0.21917808,0.52054795,22,0.99981246,0.00028893,0.78653039,3,135,v112_backtracking_remap,47158son13;47158son22;47158son23,0.01114442,0.99946990
v128_v110_clean_min20_d0.005_w0.35_rm0.1_t0.8,v110_clean,20,0.005,0.35,0.1,0.8,0.08,0.97938612,0.91580566,0.21917808,0.52054795,22,0.99981246,0.00028893,0.78653039,3,135,v112_backtracking_remap,47158son13;47158son22;47158son23,0.01114442,0.99946990
v128_v110_clean_min20_d0.005_w0.35_rm0.1_t0.9,v110_clean,20,0.005,0.35,0.1,0.9,0.08,0.97938612,0.91580566,0.21917808,0.52054795,22,0.99981246,0.00028893,0.78653039,3,135,v112_backtracking_remap,47158son13;47158son22;47158son23,0.01114442,0.99946990
v114_clean_selfblend_baseline,v114_clean_selfblend,,,,,,,0.97920102,0.91572402,0.23287671,0.52054795,22,1.00000000,0.00000000,0.78756350,0,0,,,0.01114442,0.99946620
v128_v114_clean_selfblend_min5_d0.01_w0.35_rm0_t0.7,v114_clean_selfblend,5,0.01,0.35,0.0,0.7,0.08,0.97920102,0.91572402,0.23287671,0.52054795,22,1.00000000,0.00000000,0.78756350,0,0,,,0.01114442,0.99946620
v128_v114_clean_selfblend_min5_d0.01_w0.35_rm0_t0.8,v114_clean_selfblend,5,0.01,0.35,0.0,0.8,0.08,0.97920102,0.91572402,0.23287671,0.52054795,22,1.00000000,0.00000000,0.78756350,0,0,,,0.01114442,0.99946620
v128_v114_clean_selfblend_min5_d0.01_w0.35_rm0_t0.9,v114_clean_selfblend,5,0.01,0.35,0.0,0.9,0.08,0.97920102,0.91572402,0.23287671,0.52054795,22,1.00000000,0.00000000,0.78756350,0,0,,,0.01114442,0.99946620
v128_v114_clean_selfblend_min5_d0.01_w0.35_rm0.05_t0.7,v114_clean_selfblend,5,0.01,0.35,0.05,0.7,0.08,0.97920102,0.91572402,0.23287671,0.52054795,22,1.00000000,0.00000000,0.78756350,0,0,,,0.01114442,0.99946620
v128_v114_clean_selfblend_min5_d0.01_w0.35_rm0.05_t0.8,v114_clean_selfblend,5,0.01,0.35,0.05,0.8,0.08,0.97920102,0.91572402,0.23287671,0.52054795,22,1.00000000,0.00000000,0.78756350,0,0,,,0.01114442,0.99946620
v128_v114_clean_selfblend_min5_d0.01_w0.35_rm0.05_t0.9,v114_clean_selfblend,5,0.01,0.35,0.05,0.9,0.08,0.97920102,0.91572402,0.23287671,0.52054795,22,1.00000000,0.00000000,0.78756350,0,0,,,0.01114442,0.99946620
v128_v114_clean_selfblend_min5_d0.01_w0.35_rm0.1_t0.7,v114_clean_selfblend,5,0.01,0.35,0.1,0.7,0.08,0.97920102,0.91572402,0.23287671,0.52054795,22,1.00000000,0.00000000,0.78756350,0,0,,,0.01114442,0.99946620
v128_v114_clean_selfblend_min5_d0.01_w0.35_rm0.1_t0.8,v114_clean_selfblend,5,0.01,0.35,0.1,0.8,0.08,0.97920102,0.91572402,0.23287671,0.52054795,22,1.00000000,0.00000000,0.78756350,0,0,,,0.01114442,0.99946620
v128_v114_clean_selfblend_min5_d0.01_w0.35_rm0.1_t0.9,v114_clean_selfblend,5,0.01,0.35,0.1,0.9,0.08,0.97920102,0.91572402,0.23287671,0.52054795,22,1.00000000,0.00000000,0.78756350,0,0,,,0.01114442,0.99946620
v128_v114_clean_selfblend_min5_d0.01_w0.5_rm0_t0.7,v114_clean_selfblend,5,0.01,0.5,0.0,0.7,0.08,0.97920102,0.91572402,0.23287671,0.52054795,22,1.00000000,0.00000000,0.78756350,0,0,,,0.01114442,0.99946620
v128_v114_clean_selfblend_min5_d0.01_w0.5_rm0_t0.8,v114_clean_selfblend,5,0.01,0.5,0.0,0.8,0.08,0.97920102,0.91572402,0.23287671,0.52054795,22,1.00000000,0.00000000,0.78756350,0,0,,,0.01114442,0.99946620
v128_v114_clean_selfblend_min5_d0.01_w0.5_rm0_t0.9,v114_clean_selfblend,5,0.01,0.5,0.0,0.9,0.08,0.97920102,0.91572402,0.23287671,0.52054795,22,1.00000000,0.00000000,0.78756350,0,0,,,0.01114442,0.99946620
v128_v114_clean_selfblend_min5_d0.01_w0.5_rm0.05_t0.7,v114_clean_selfblend,5,0.01,0.5,0.05,0.7,0.08,0.97920102,0.91572402,0.23287671,0.52054795,22,1.00000000,0.00000000,0.78756350,0,0,,,0.01114442,0.99946620
v128_v114_clean_selfblend_min5_d0.01_w0.5_rm0.05_t0.8,v114_clean_selfblend,5,0.01,0.5,0.05,0.8,0.08,0.97920102,0.91572402,0.23287671,0.52054795,22,1.00000000,0.00000000,0.78756350,0,0,,,0.01114442,0.99946620
v128_v114_clean_selfblend_min5_d0.01_w0.5_rm0.05_t0.9,v114_clean_selfblend,5,0.01,0.5,0.05,0.9,0.08,0.97920102,0.91572402,0.23287671,0.52054795,22,1.00000000,0.00000000,0.78756350,0,0,,,0.01114442,0.99946620
v128_v114_clean_selfblend_min5_d0.01_w0.5_rm0.1_t0.7,v114_clean_selfblend,5,0.01,0.5,0.1,0.7,0.08,0.97920102,0.91572402,0.23287671,0.52054795,22,1.00000000,0.00000000,0.78756350,0,0,,,0.01114442,0.99946620
v128_v114_clean_selfblend_min5_d0.01_w0.5_rm0.1_t0.8,v114_clean_selfblend,5,0.01,0.5,0.1,0.8,0.08,0.97920102,0.91572402,0.23287671,0.52054795,22,1.00000000,0.00000000,0.78756350,0,0,,,0.01114442,0.99946620
v128_v114_clean_selfblend_min5_d0.01_w0.5_rm0.1_t0.9,v114_clean_selfblend,5,0.01,0.5,0.1,0.9,0.08,0.97920102,0.91572402,0.23287671,0.52054795,22,1.00000000,0.00000000,0.78756350,0,0,,,0.01114442,0.99946620
v128_v114_clean_selfblend_min5_d0.01_w0.7_rm0_t0.7,v114_clean_selfblend,5,0.01,0.7,0.0,0.7,0.08,0.97920102,0.91572402,0.23287671,0.52054795,22,1.00000000,0.00000000,0.78756350,0,0,,,0.01114442,0.99946620
v128_v114_clean_selfblend_min5_d0.01_w0.7_rm0_t0.8,v114_clean_selfblend,5,0.01,0.7,0.0,0.8,0.08,0.97920102,0.91572402,0.23287671,0.52054795,22,1.00000000,0.00000000,0.78756350,0,0,,,0.01114442,0.99946620
v128_v114_clean_selfblend_min5_d0.01_w0.7_rm0_t0.9,v114_clean_selfblend,5,0.01,0.7,0.0,0.9,0.08,0.97920102,0.91572402,0.23287671,0.52054795,22,1.00000000,0.00000000,0.78756350,0,0,,,0.01114442,0.99946620
v128_v114_clean_selfblend_min5_d0.01_w0.7_rm0.05_t0.7,v114_clean_selfblend,5,0.01,0.7,0.05,0.7,0.08,0.97920102,0.91572402,0.23287671,0.52054795,22,1.00000000,0.00000000,0.78756350,0,0,,,0.01114442,0.99946620
v128_v114_clean_selfblend_min5_d0.01_w0.7_rm0.05_t0.8,v114_clean_selfblend,5,0.01,0.7,0.05,0.8,0.08,0.97920102,0.91572402,0.23287671,0.52054795,22,1.00000000,0.00000000,0.78756350,0,0,,,0.01114442,0.99946620
v128_v114_clean_selfblend_min5_d0.01_w0.7_rm0.05_t0.9,v114_clean_selfblend,5,0.01,0.7,0.05,0.9,0.08,0.97920102,0.91572402,0.23287671,0.52054795,22,1.00000000,0.00000000,0.78756350,0,0,,,0.01114442,0.99946620
v128_v114_clean_selfblend_min5_d0.01_w0.7_rm0.1_t0.7,v114_clean_selfblend,5,0.01,0.7,0.1,0.7,0.08,0.97920102,0.91572402,0.23287671,0.52054795,22,1.00000000,0.00000000,0.78756350,0,0,,,0.01114442,0.99946620
v128_v114_clean_selfblend_min5_d0.01_w0.7_rm0.1_t0.8,v114_clean_selfblend,5,0.01,0.7,0.1,0.8,0.08,0.97920102,0.91572402,0.23287671,0.52054795,22,1.00000000,0.00000000,0.78756350,0,0,,,0.01114442,0.99946620
v128_v114_clean_selfblend_min5_d0.01_w0.7_rm0.1_t0.9,v114_clean_selfblend,5,0.01,0.7,0.1,0.9,0.08,0.97920102,0.91572402,0.23287671,0.52054795,22,1.00000000,0.00000000,0.78756350,0,0,,,0.01114442,0.99946620
v128_v114_clean_selfblend_min5_d0.01_w0.9_rm0_t0.7,v114_clean_selfblend,5,0.01,0.9,0.0,0.7,0.08,0.97920102,0.91572402,0.23287671,0.52054795,22,1.00000000,0.00000000,0.78756350,0,0,,,0.01114442,0.99946620
v128_v114_clean_selfblend_min5_d0.01_w0.9_rm0_t0.8,v114_clean_selfblend,5,0.01,0.9,0.0,0.8,0.08,0.97920102,0.91572402,0.23287671,0.52054795,22,1.00000000,0.00000000,0.78756350,0,0,,,0.01114442,0.99946620
v128_v114_clean_selfblend_min5_d0.01_w0.9_rm0_t0.9,v114_clean_selfblend,5,0.01,0.9,0.0,0.9,0.08,0.97920102,0.91572402,0.23287671,0.52054795,22,1.00000000,0.00000000,0.78756350,0,0,,,0.01114442,0.99946620
v128_v114_clean_selfblend_min5_d0.01_w0.9_rm0.05_t0.7,v114_clean_selfblend,5,0.01,0.9,0.05,0.7,0.08,0.97920102,0.91572402,0.23287671,0.52054795,22,1.00000000,0.00000000,0.78756350,0,0,,,0.01114442,0.99946620
v128_v114_clean_selfblend_min5_d0.01_w0.9_rm0.05_t0.8,v114_clean_selfblend,5,0.01,0.9,0.05,0.8,0.08,0.97920102,0.91572402,0.23287671,0.52054795,22,1.00000000,0.00000000,0.78756350,0,0,,,0.01114442,0.99946620
v128_v114_clean_selfblend_min5_d0.01_w0.9_rm0.05_t0.9,v114_clean_selfblend,5,0.01,0.9,0.05,0.9,0.08,0.97920102,0.91572402,0.23287671,0.52054795,22,1.00000000,0.00000000,0.78756350,0,0,,,0.01114442,0.99946620
v128_v114_clean_selfblend_min5_d0.01_w0.9_rm0.1_t0.7,v114_clean_selfblend,5,0.01,0.9,0.1,0.7,0.08,0.97920102,0.91572402,0.23287671,0.52054795,22,1.00000000,0.00000000,0.78756350,0,0,,,0.01114442,0.99946620
v128_v114_clean_selfblend_min5_d0.01_w0.9_rm0.1_t0.8,v114_clean_selfblend,5,0.01,0.9,0.1,0.8,0.08,0.97920102,0.91572402,0.23287671,0.52054795,22,1.00000000,0.00000000,0.78756350,0,0,,,0.01114442,0.99946620
v128_v114_clean_selfblend_min5_d0.01_w0.9_rm0.1_t0.9,v114_clean_selfblend,5,0.01,0.9,0.1,0.9,0.08,0.97920102,0.91572402,0.23287671,0.52054795,22,1.00000000,0.00000000,0.78756350,0,0,,,0.01114442,0.99946620
v128_v114_clean_selfblend_min5_d0.02_w0.35_rm0_t0.7,v114_clean_selfblend,5,0.02,0.35,0.0,0.7,0.08,0.97920102,0.91572402,0.23287671,0.52054795,22,1.00000000,0.00000000,0.78756350,0,0,,,0.01114442,0.99946620
v128_v114_clean_selfblend_min5_d0.02_w0.35_rm0_t0.8,v114_clean_selfblend,5,0.02,0.35,0.0,0.8,0.08,0.97920102,0.91572402,0.23287671,0.52054795,22,1.00000000,0.00000000,0.78756350,0,0,,,0.01114442,0.99946620
v128_v114_clean_selfblend_min5_d0.02_w0.35_rm0_t0.9,v114_clean_selfblend,5,0.02,0.35,0.0,0.9,0.08,0.97920102,0.91572402,0.23287671,0.52054795,22,1.00000000,0.00000000,0.78756350,0,0,,,0.01114442,0.99946620
v128_v114_clean_selfblend_min5_d0.02_w0.35_rm0.05_t0.7,v114_clean_selfblend,5,0.02,0.35,0.05,0.7,0.08,0.97920102,0.91572402,0.23287671,0.52054795,22,1.00000000,0.00000000,0.78756350,0,0,,,0.01114442,0.99946620
v128_v114_clean_selfblend_min5_d0.02_w0.35_rm0.05_t0.8,v114_clean_selfblend,5,0.02,0.35,0.05,0.8,0.08,0.97920102,0.91572402,0.23287671,0.52054795,22,1.00000000,0.00000000,0.78756350,0,0,,,0.01114442,0.99946620
v128_v114_clean_selfblend_min5_d0.02_w0.35_rm0.05_t0.9,v114_clean_selfblend,5,0.02,0.35,0.05,0.9,0.08,0.97920102,0.91572402,0.23287671,0.52054795,22,1.00000000,0.00000000,0.78756350,0,0,,,0.01114442,0.99946620
v128_v114_clean_selfblend_min5_d0.02_w0.35_rm0.1_t0.7,v114_clean_selfblend,5,0.02,0.35,0.1,0.7,0.08,0.97920102,0.91572402,0.23287671,0.52054795,22,1.00000000,0.00000000,0.78756350,0,0,,,0.01114442,0.99946620
v128_v114_clean_selfblend_min5_d0.02_w0.35_rm0.1_t0.8,v114_clean_selfblend,5,0.02,0.35,0.1,0.8,0.08,0.97920102,0.91572402,0.23287671,0.52054795,22,1.00000000,0.00000000,0.78756350,0,0,,,0.01114442,0.99946620
v128_v114_clean_selfblend_min5_d0.02_w0.35_rm0.1_t0.9,v114_clean_selfblend,5,0.02,0.35,0.1,0.9,0.08,0.97920102,0.91572402,0.23287671,0.52054795,22,1.00000000,0.00000000,0.78756350,0,0,,,0.01114442,0.99946620
v128_v114_clean_selfblend_min5_d0.02_w0.5_rm0_t0.7,v114_clean_selfblend,5,0.02,0.5,0.0,0.7,0.08,0.97920102,0.91572402,0.23287671,0.52054795,22,1.00000000,0.00000000,0.78756350,0,0,,,0.01114442,0.99946620
v128_v114_clean_selfblend_min5_d0.02_w0.5_rm0_t0.8,v114_clean_selfblend,5,0.02,0.5,0.0,0.8,0.08,0.97920102,0.91572402,0.23287671,0.52054795,22,1.00000000,0.00000000,0.78756350,0,0,,,0.01114442,0.99946620
v128_v114_clean_selfblend_min5_d0.02_w0.5_rm0_t0.9,v114_clean_selfblend,5,0.02,0.5,0.0,0.9,0.08,0.97920102,0.91572402,0.23287671,0.52054795,22,1.00000000,0.00000000,0.78756350,0,0,,,0.01114442,0.99946620
v128_v114_clean_selfblend_min5_d0.02_w0.5_rm0.05_t0.7,v114_clean_selfblend,5,0.02,0.5,0.05,0.7,0.08,0.97920102,0.91572402,0.23287671,0.52054795,22,1.00000000,0.00000000,0.78756350,0,0,,,0.01114442,0.99946620
v128_v114_clean_selfblend_min5_d0.02_w0.5_rm0.05_t0.8,v114_clean_selfblend,5,0.02,0.5,0.05,0.8,0.08,0.97920102,0.91572402,0.23287671,0.52054795,22,1.00000000,0.00000000,0.78756350,0,0,,,0.01114442,0.99946620
v128_v114_clean_selfblend_min5_d0.02_w0.5_rm0.05_t0.9,v114_clean_selfblend,5,0.02,0.5,0.05,0.9,0.08,0.97920102,0.91572402,0.23287671,0.52054795,22,1.00000000,0.00000000,0.78756350,0,0,,,0.01114442,0.99946620
v128_v114_clean_selfblend_min5_d0.02_w0.5_rm0.1_t0.7,v114_clean_selfblend,5,0.02,0.5,0.1,0.7,0.08,0.97920102,0.91572402,0.23287671,0.52054795,22,1.00000000,0.00000000,0.78756350,0,0,,,0.01114442,0.99946620
v128_v114_clean_selfblend_min5_d0.02_w0.5_rm0.1_t0.8,v114_clean_selfblend,5,0.02,0.5,0.1,0.8,0.08,0.97920102,0.91572402,0.23287671,0.52054795,22,1.00000000,0.00000000,0.78756350,0,0,,,0.01114442,0.99946620
v128_v114_clean_selfblend_min5_d0.02_w0.5_rm0.1_t0.9,v114_clean_selfblend,5,0.02,0.5,0.1,0.9,0.08,0.97920102,0.91572402,0.23287671,0.52054795,22,1.00000000,0.00000000,0.78756350,0,0,,,0.01114442,0.99946620
v128_v114_clean_selfblend_min5_d0.02_w0.7_rm0_t0.7,v114_clean_selfblend,5,0.02,0.7,0.0,0.7,0.08,0.97920102,0.91572402,0.23287671,0.52054795,22,1.00000000,0.00000000,0.78756350,0,0,,,0.01114442,0.99946620
v128_v114_clean_selfblend_min5_d0.02_w0.7_rm0_t0.8,v114_clean_selfblend,5,0.02,0.7,0.0,0.8,0.08,0.97920102,0.91572402,0.23287671,0.52054795,22,1.00000000,0.00000000,0.78756350,0,0,,,0.01114442,0.99946620
v128_v114_clean_selfblend_min5_d0.02_w0.7_rm0_t0.9,v114_clean_selfblend,5,0.02,0.7,0.0,0.9,0.08,0.97920102,0.91572402,0.23287671,0.52054795,22,1.00000000,0.00000000,0.78756350,0,0,,,0.01114442,0.99946620
v128_v114_clean_selfblend_min5_d0.02_w0.7_rm0.05_t0.7,v114_clean_selfblend,5,0.02,0.7,0.05,0.7,0.08,0.97920102,0.91572402,0.23287671,0.52054795,22,1.00000000,0.00000000,0.78756350,0,0,,,0.01114442,0.99946620
v128_v114_clean_selfblend_min5_d0.02_w0.7_rm0.05_t0.8,v114_clean_selfblend,5,0.02,0.7,0.05,0.8,0.08,0.97920102,0.91572402,0.23287671,0.52054795,22,1.00000000,0.00000000,0.78756350,0,0,,,0.01114442,0.99946620
v128_v114_clean_selfblend_min5_d0.02_w0.7_rm0.05_t0.9,v114_clean_selfblend,5,0.02,0.7,0.05,0.9,0.08,0.97920102,0.91572402,0.23287671,0.52054795,22,1.00000000,0.00000000,0.78756350,0,0,,,0.01114442,0.99946620
v128_v114_clean_selfblend_min5_d0.02_w0.7_rm0.1_t0.7,v114_clean_selfblend,5,0.02,0.7,0.1,0.7,0.08,0.97920102,0.91572402,0.23287671,0.52054795,22,1.00000000,0.00000000,0.78756350,0,0,,,0.01114442,0.99946620
v128_v114_clean_selfblend_min5_d0.02_w0.7_rm0.1_t0.8,v114_clean_selfblend,5,0.02,0.7,0.1,0.8,0.08,0.97920102,0.91572402,0.23287671,0.52054795,22,1.00000000,0.00000000,0.78756350,0,0,,,0.01114442,0.99946620
v128_v114_clean_selfblend_min5_d0.02_w0.7_rm0.1_t0.9,v114_clean_selfblend,5,0.02,0.7,0.1,0.9,0.08,0.97920102,0.91572402,0.23287671,0.52054795,22,1.00000000,0.00000000,0.78756350,0,0,,,0.01114442,0.99946620
v128_v114_clean_selfblend_min5_d0.02_w0.9_rm0_t0.7,v114_clean_selfblend,5,0.02,0.9,0.0,0.7,0.08,0.97920102,0.91572402,0.23287671,0.52054795,22,1.00000000,0.00000000,0.78756350,0,0,,,0.01114442,0.99946620
v128_v114_clean_selfblend_min5_d0.02_w0.9_rm0_t0.8,v114_clean_selfblend,5,0.02,0.9,0.0,0.8,0.08,0.97920102,0.91572402,0.23287671,0.52054795,22,1.00000000,0.00000000,0.78756350,0,0,,,0.01114442,0.99946620
v128_v114_clean_selfblend_min5_d0.02_w0.9_rm0_t0.9,v114_clean_selfblend,5,0.02,0.9,0.0,0.9,0.08,0.97920102,0.91572402,0.23287671,0.52054795,22,1.00000000,0.00000000,0.78756350,0,0,,,0.01114442,0.99946620
v128_v114_clean_selfblend_min5_d0.02_w0.9_rm0.05_t0.7,v114_clean_selfblend,5,0.02,0.9,0.05,0.7,0.08,0.97920102,0.91572402,0.23287671,0.52054795,22,1.00000000,0.00000000,0.78756350,0,0,,,0.01114442,0.99946620
v128_v114_clean_selfblend_min5_d0.02_w0.9_rm0.05_t0.8,v114_clean_selfblend,5,0.02,0.9,0.05,0.8,0.08,0.97920102,0.91572402,0.23287671,0.52054795,22,1.00000000,0.00000000,0.78756350,0,0,,,0.01114442,0.99946620
v128_v114_clean_selfblend_min5_d0.02_w0.9_rm0.05_t0.9,v114_clean_selfblend,5,0.02,0.9,0.05,0.9,0.08,0.97920102,0.91572402,0.23287671,0.52054795,22,1.00000000,0.00000000,0.78756350,0,0,,,0.01114442,0.99946620
v128_v114_clean_selfblend_min5_d0.02_w0.9_rm0.1_t0.7,v114_clean_selfblend,5,0.02,0.9,0.1,0.7,0.08,0.97920102,0.91572402,0.23287671,0.52054795,22,1.00000000,0.00000000,0.78756350,0,0,,,0.01114442,0.99946620
v128_v114_clean_selfblend_min5_d0.02_w0.9_rm0.1_t0.8,v114_clean_selfblend,5,0.02,0.9,0.1,0.8,0.08,0.97920102,0.91572402,0.23287671,0.52054795,22,1.00000000,0.00000000,0.78756350,0,0,,,0.01114442,0.99946620
v128_v114_clean_selfblend_min5_d0.02_w0.9_rm0.1_t0.9,v114_clean_selfblend,5,0.02,0.9,0.1,0.9,0.08,0.97920102,0.91572402,0.23287671,0.52054795,22,1.00000000,0.00000000,0.78756350,0,0,,,0.01114442,0.99946620
v128_v114_clean_selfblend_min10_d0.01_w0.35_rm0_t0.7,v114_clean_selfblend,10,0.01,0.35,0.0,0.7,0.08,0.97920102,0.91572402,0.23287671,0.52054795,22,1.00000000,0.00000000,0.78756350,0,0,,,0.01114442,0.99946620
v128_v114_clean_selfblend_min10_d0.01_w0.35_rm0_t0.8,v114_clean_selfblend,10,0.01,0.35,0.0,0.8,0.08,0.97920102,0.91572402,0.23287671,0.52054795,22,1.00000000,0.00000000,0.78756350,0,0,,,0.01114442,0.99946620
v128_v114_clean_selfblend_min10_d0.01_w0.35_rm0_t0.9,v114_clean_selfblend,10,0.01,0.35,0.0,0.9,0.08,0.97920102,0.91572402,0.23287671,0.52054795,22,1.00000000,0.00000000,0.78756350,0,0,,,0.01114442,0.99946620
v128_v114_clean_selfblend_min10_d0.01_w0.35_rm0.05_t0.7,v114_clean_selfblend,10,0.01,0.35,0.05,0.7,0.08,0.97920102,0.91572402,0.23287671,0.52054795,22,1.00000000,0.00000000,0.78756350,0,0,,,0.01114442,0.99946620
v128_v114_clean_selfblend_min10_d0.01_w0.35_rm0.05_t0.8,v114_clean_selfblend,10,0.01,0.35,0.05,0.8,0.08,0.97920102,0.91572402,0.23287671,0.52054795,22,1.00000000,0.00000000,0.78756350,0,0,,,0.01114442,0.99946620
v128_v114_clean_selfblend_min10_d0.01_w0.35_rm0.05_t0.9,v114_clean_selfblend,10,0.01,0.35,0.05,0.9,0.08,0.97920102,0.91572402,0.23287671,0.52054795,22,1.00000000,0.00000000,0.78756350,0,0,,,0.01114442,0.99946620
v128_v114_clean_selfblend_min10_d0.01_w0.35_rm0.1_t0.7,v114_clean_selfblend,10,0.01,0.35,0.1,0.7,0.08,0.97920102,0.91572402,0.23287671,0.52054795,22,1.00000000,0.00000000,0.78756350,0,0,,,0.01114442,0.99946620
v128_v114_clean_selfblend_min10_d0.01_w0.35_rm0.1_t0.8,v114_clean_selfblend,10,0.01,0.35,0.1,0.8,0.08,0.97920102,0.91572402,0.23287671,0.52054795,22,1.00000000,0.00000000,0.78756350,0,0,,,0.01114442,0.99946620
v128_v114_clean_selfblend_min10_d0.01_w0.35_rm0.1_t0.9,v114_clean_selfblend,10,0.01,0.35,0.1,0.9,0.08,0.97920102,0.91572402,0.23287671,0.52054795,22,1.00000000,0.00000000,0.78756350,0,0,,,0.01114442,0.99946620
v128_v114_clean_selfblend_min10_d0.01_w0.5_rm0_t0.7,v114_clean_selfblend,10,0.01,0.5,0.0,0.7,0.08,0.97920102,0.91572402,0.23287671,0.52054795,22,1.00000000,0.00000000,0.78756350,0,0,,,0.01114442,0.99946620
v128_v114_clean_selfblend_min10_d0.01_w0.5_rm0_t0.8,v114_clean_selfblend,10,0.01,0.5,0.0,0.8,0.08,0.97920102,0.91572402,0.23287671,0.52054795,22,1.00000000,0.00000000,0.78756350,0,0,,,0.01114442,0.99946620
v128_v114_clean_selfblend_min10_d0.01_w0.5_rm0_t0.9,v114_clean_selfblend,10,0.01,0.5,0.0,0.9,0.08,0.97920102,0.91572402,0.23287671,0.52054795,22,1.00000000,0.00000000,0.78756350,0,0,,,0.01114442,0.99946620
v128_v114_clean_selfblend_min10_d0.01_w0.5_rm0.05_t0.7,v114_clean_selfblend,10,0.01,0.5,0.05,0.7,0.08,0.97920102,0.91572402,0.23287671,0.52054795,22,1.00000000,0.00000000,0.78756350,0,0,,,0.01114442,0.99946620
v128_v114_clean_selfblend_min10_d0.01_w0.5_rm0.05_t0.8,v114_clean_selfblend,10,0.01,0.5,0.05,0.8,0.08,0.97920102,0.91572402,0.23287671,0.52054795,22,1.00000000,0.00000000,0.78756350,0,0,,,0.01114442,0.99946620
v128_v114_clean_selfblend_min10_d0.01_w0.5_rm0.05_t0.9,v114_clean_selfblend,10,0.01,0.5,0.05,0.9,0.08,0.97920102,0.91572402,0.23287671,0.52054795,22,1.00000000,0.00000000,0.78756350,0,0,,,0.01114442,0.99946620
v128_v114_clean_selfblend_min10_d0.01_w0.5_rm0.1_t0.7,v114_clean_selfblend,10,0.01,0.5,0.1,0.7,0.08,0.97920102,0.91572402,0.23287671,0.52054795,22,1.00000000,0.00000000,0.78756350,0,0,,,0.01114442,0.99946620
v128_v114_clean_selfblend_min10_d0.01_w0.5_rm0.1_t0.8,v114_clean_selfblend,10,0.01,0.5,0.1,0.8,0.08,0.97920102,0.91572402,0.23287671,0.52054795,22,1.00000000,0.00000000,0.78756350,0,0,,,0.01114442,0.99946620
v128_v114_clean_selfblend_min10_d0.01_w0.5_rm0.1_t0.9,v114_clean_selfblend,10,0.01,0.5,0.1,0.9,0.08,0.97920102,0.91572402,0.23287671,0.52054795,22,1.00000000,0.00000000,0.78756350,0,0,,,0.01114442,0.99946620
v128_v114_clean_selfblend_min10_d0.01_w0.7_rm0_t0.7,v114_clean_selfblend,10,0.01,0.7,0.0,0.7,0.08,0.97920102,0.91572402,0.23287671,0.52054795,22,1.00000000,0.00000000,0.78756350,0,0,,,0.01114442,0.99946620
v128_v114_clean_selfblend_min10_d0.01_w0.7_rm0_t0.8,v114_clean_selfblend,10,0.01,0.7,0.0,0.8,0.08,0.97920102,0.91572402,0.23287671,0.52054795,22,1.00000000,0.00000000,0.78756350,0,0,,,0.01114442,0.99946620
v128_v114_clean_selfblend_min10_d0.01_w0.7_rm0_t0.9,v114_clean_selfblend,10,0.01,0.7,0.0,0.9,0.08,0.97920102,0.91572402,0.23287671,0.52054795,22,1.00000000,0.00000000,0.78756350,0,0,,,0.01114442,0.99946620
v128_v114_clean_selfblend_min10_d0.01_w0.7_rm0.05_t0.7,v114_clean_selfblend,10,0.01,0.7,0.05,0.7,0.08,0.97920102,0.91572402,0.23287671,0.52054795,22,1.00000000,0.00000000,0.78756350,0,0,,,0.01114442,0.99946620
v128_v114_clean_selfblend_min10_d0.01_w0.7_rm0.05_t0.8,v114_clean_selfblend,10,0.01,0.7,0.05,0.8,0.08,0.97920102,0.91572402,0.23287671,0.52054795,22,1.00000000,0.00000000,0.78756350,0,0,,,0.01114442,0.99946620
v128_v114_clean_selfblend_min10_d0.01_w0.7_rm0.05_t0.9,v114_clean_selfblend,10,0.01,0.7,0.05,0.9,0.08,0.97920102,0.91572402,0.23287671,0.52054795,22,1.00000000,0.00000000,0.78756350,0,0,,,0.01114442,0.99946620
v128_v114_clean_selfblend_min10_d0.01_w0.7_rm0.1_t0.7,v114_clean_selfblend,10,0.01,0.7,0.1,0.7,0.08,0.97920102,0.91572402,0.23287671,0.52054795,22,1.00000000,0.00000000,0.78756350,0,0,,,0.01114442,0.99946620
v128_v114_clean_selfblend_min10_d0.01_w0.7_rm0.1_t0.8,v114_clean_selfblend,10,0.01,0.7,0.1,0.8,0.08,0.97920102,0.91572402,0.23287671,0.52054795,22,1.00000000,0.00000000,0.78756350,0,0,,,0.01114442,0.99946620
v128_v114_clean_selfblend_min10_d0.01_w0.7_rm0.1_t0.9,v114_clean_selfblend,10,0.01,0.7,0.1,0.9,0.08,0.97920102,0.91572402,0.23287671,0.52054795,22,1.00000000,0.00000000,0.78756350,0,0,,,0.01114442,0.99946620
v128_v114_clean_selfblend_min10_d0.01_w0.9_rm0_t0.7,v114_clean_selfblend,10,0.01,0.9,0.0,0.7,0.08,0.97920102,0.91572402,0.23287671,0.52054795,22,1.00000000,0.00000000,0.78756350,0,0,,,0.01114442,0.99946620
v128_v114_clean_selfblend_min10_d0.01_w0.9_rm0_t0.8,v114_clean_selfblend,10,0.01,0.9,0.0,0.8,0.08,0.97920102,0.91572402,0.23287671,0.52054795,22,1.00000000,0.00000000,0.78756350,0,0,,,0.01114442,0.99946620
v128_v114_clean_selfblend_min10_d0.01_w0.9_rm0_t0.9,v114_clean_selfblend,10,0.01,0.9,0.0,0.9,0.08,0.97920102,0.91572402,0.23287671,0.52054795,22,1.00000000,0.00000000,0.78756350,0,0,,,0.01114442,0.99946620
v128_v114_clean_selfblend_min10_d0.01_w0.9_rm0.05_t0.7,v114_clean_selfblend,10,0.01,0.9,0.05,0.7,0.08,0.97920102,0.91572402,0.23287671,0.52054795,22,1.00000000,0.00000000,0.78756350,0,0,,,0.01114442,0.99946620
v128_v114_clean_selfblend_min10_d0.01_w0.9_rm0.05_t0.8,v114_clean_selfblend,10,0.01,0.9,0.05,0.8,0.08,0.97920102,0.91572402,0.23287671,0.52054795,22,1.00000000,0.00000000,0.78756350,0,0,,,0.01114442,0.99946620
v128_v114_clean_selfblend_min10_d0.01_w0.9_rm0.05_t0.9,v114_clean_selfblend,10,0.01,0.9,0.05,0.9,0.08,0.97920102,0.91572402,0.23287671,0.52054795,22,1.00000000,0.00000000,0.78756350,0,0,,,0.01114442,0.99946620
v128_v114_clean_selfblend_min10_d0.01_w0.9_rm0.1_t0.7,v114_clean_selfblend,10,0.01,0.9,0.1,0.7,0.08,0.97920102,0.91572402,0.23287671,0.52054795,22,1.00000000,0.00000000,0.78756350,0,0,,,0.01114442,0.99946620
v128_v114_clean_selfblend_min10_d0.01_w0.9_rm0.1_t0.8,v114_clean_selfblend,10,0.01,0.9,0.1,0.8,0.08,0.97920102,0.91572402,0.23287671,0.52054795,22,1.00000000,0.00000000,0.78756350,0,0,,,0.01114442,0.99946620
v128_v114_clean_selfblend_min10_d0.01_w0.9_rm0.1_t0.9,v114_clean_selfblend,10,0.01,0.9,0.1,0.9,0.08,0.97920102,0.91572402,0.23287671,0.52054795,22,1.00000000,0.00000000,0.78756350,0,0,,,0.01114442,0.99946620
v128_v114_clean_selfblend_min10_d0.02_w0.35_rm0_t0.7,v114_clean_selfblend,10,0.02,0.35,0.0,0.7,0.08,0.97920102,0.91572402,0.23287671,0.52054795,22,1.00000000,0.00000000,0.78756350,0,0,,,0.01114442,0.99946620
v128_v114_clean_selfblend_min10_d0.02_w0.35_rm0_t0.8,v114_clean_selfblend,10,0.02,0.35,0.0,0.8,0.08,0.97920102,0.91572402,0.23287671,0.52054795,22,1.00000000,0.00000000,0.78756350,0,0,,,0.01114442,0.99946620
v128_v114_clean_selfblend_min10_d0.02_w0.35_rm0_t0.9,v114_clean_selfblend,10,0.02,0.35,0.0,0.9,0.08,0.97920102,0.91572402,0.23287671,0.52054795,22,1.00000000,0.00000000,0.78756350,0,0,,,0.01114442,0.99946620
v128_v114_clean_selfblend_min10_d0.02_w0.35_rm0.05_t0.7,v114_clean_selfblend,10,0.02,0.35,0.05,0.7,0.08,0.97920102,0.91572402,0.23287671,0.52054795,22,1.00000000,0.00000000,0.78756350,0,0,,,0.01114442,0.99946620
v128_v114_clean_selfblend_min10_d0.02_w0.35_rm0.05_t0.8,v114_clean_selfblend,10,0.02,0.35,0.05,0.8,0.08,0.97920102,0.91572402,0.23287671,0.52054795,22,1.00000000,0.00000000,0.78756350,0,0,,,0.01114442,0.99946620
v128_v114_clean_selfblend_min10_d0.02_w0.35_rm0.05_t0.9,v114_clean_selfblend,10,0.02,0.35,0.05,0.9,0.08,0.97920102,0.91572402,0.23287671,0.52054795,22,1.00000000,0.00000000,0.78756350,0,0,,,0.01114442,0.99946620
v128_v114_clean_selfblend_min10_d0.02_w0.35_rm0.1_t0.7,v114_clean_selfblend,10,0.02,0.35,0.1,0.7,0.08,0.97920102,0.91572402,0.23287671,0.52054795,22,1.00000000,0.00000000,0.78756350,0,0,,,0.01114442,0.99946620
v128_v114_clean_selfblend_min10_d0.02_w0.35_rm0.1_t0.8,v114_clean_selfblend,10,0.02,0.35,0.1,0.8,0.08,0.97920102,0.91572402,0.23287671,0.52054795,22,1.00000000,0.00000000,0.78756350,0,0,,,0.01114442,0.99946620
v128_v114_clean_selfblend_min10_d0.02_w0.35_rm0.1_t0.9,v114_clean_selfblend,10,0.02,0.35,0.1,0.9,0.08,0.97920102,0.91572402,0.23287671,0.52054795,22,1.00000000,0.00000000,0.78756350,0,0,,,0.01114442,0.99946620
v128_v114_clean_selfblend_min10_d0.02_w0.5_rm0_t0.7,v114_clean_selfblend,10,0.02,0.5,0.0,0.7,0.08,0.97920102,0.91572402,0.23287671,0.52054795,22,1.00000000,0.00000000,0.78756350,0,0,,,0.01114442,0.99946620
v128_v114_clean_selfblend_min10_d0.02_w0.5_rm0_t0.8,v114_clean_selfblend,10,0.02,0.5,0.0,0.8,0.08,0.97920102,0.91572402,0.23287671,0.52054795,22,1.00000000,0.00000000,0.78756350,0,0,,,0.01114442,0.99946620
v128_v114_clean_selfblend_min10_d0.02_w0.5_rm0_t0.9,v114_clean_selfblend,10,0.02,0.5,0.0,0.9,0.08,0.97920102,0.91572402,0.23287671,0.52054795,22,1.00000000,0.00000000,0.78756350,0,0,,,0.01114442,0.99946620
v128_v114_clean_selfblend_min10_d0.02_w0.5_rm0.05_t0.7,v114_clean_selfblend,10,0.02,0.5,0.05,0.7,0.08,0.97920102,0.91572402,0.23287671,0.52054795,22,1.00000000,0.00000000,0.78756350,0,0,,,0.01114442,0.99946620
v128_v114_clean_selfblend_min10_d0.02_w0.5_rm0.05_t0.8,v114_clean_selfblend,10,0.02,0.5,0.05,0.8,0.08,0.97920102,0.91572402,0.23287671,0.52054795,22,1.00000000,0.00000000,0.78756350,0,0,,,0.01114442,0.99946620
v128_v114_clean_selfblend_min10_d0.02_w0.5_rm0.05_t0.9,v114_clean_selfblend,10,0.02,0.5,0.05,0.9,0.08,0.97920102,0.91572402,0.23287671,0.52054795,22,1.00000000,0.00000000,0.78756350,0,0,,,0.01114442,0.99946620
v128_v114_clean_selfblend_min10_d0.02_w0.5_rm0.1_t0.7,v114_clean_selfblend,10,0.02,0.5,0.1,0.7,0.08,0.97920102,0.91572402,0.23287671,0.52054795,22,1.00000000,0.00000000,0.78756350,0,0,,,0.01114442,0.99946620
v128_v114_clean_selfblend_min10_d0.02_w0.5_rm0.1_t0.8,v114_clean_selfblend,10,0.02,0.5,0.1,0.8,0.08,0.97920102,0.91572402,0.23287671,0.52054795,22,1.00000000,0.00000000,0.78756350,0,0,,,0.01114442,0.99946620
v128_v114_clean_selfblend_min10_d0.02_w0.5_rm0.1_t0.9,v114_clean_selfblend,10,0.02,0.5,0.1,0.9,0.08,0.97920102,0.91572402,0.23287671,0.52054795,22,1.00000000,0.00000000,0.78756350,0,0,,,0.01114442,0.99946620
v128_v114_clean_selfblend_min10_d0.02_w0.7_rm0_t0.7,v114_clean_selfblend,10,0.02,0.7,0.0,0.7,0.08,0.97920102,0.91572402,0.23287671,0.52054795,22,1.00000000,0.00000000,0.78756350,0,0,,,0.01114442,0.99946620
v128_v114_clean_selfblend_min10_d0.02_w0.7_rm0_t0.8,v114_clean_selfblend,10,0.02,0.7,0.0,0.8,0.08,0.97920102,0.91572402,0.23287671,0.52054795,22,1.00000000,0.00000000,0.78756350,0,0,,,0.01114442,0.99946620
v128_v114_clean_selfblend_min10_d0.02_w0.7_rm0_t0.9,v114_clean_selfblend,10,0.02,0.7,0.0,0.9,0.08,0.97920102,0.91572402,0.23287671,0.52054795,22,1.00000000,0.00000000,0.78756350,0,0,,,0.01114442,0.99946620
v128_v114_clean_selfblend_min10_d0.02_w0.7_rm0.05_t0.7,v114_clean_selfblend,10,0.02,0.7,0.05,0.7,0.08,0.97920102,0.91572402,0.23287671,0.52054795,22,1.00000000,0.00000000,0.78756350,0,0,,,0.01114442,0.99946620
v128_v114_clean_selfblend_min10_d0.02_w0.7_rm0.05_t0.8,v114_clean_selfblend,10,0.02,0.7,0.05,0.8,0.08,0.97920102,0.91572402,0.23287671,0.52054795,22,1.00000000,0.00000000,0.78756350,0,0,,,0.01114442,0.99946620
v128_v114_clean_selfblend_min10_d0.02_w0.7_rm0.05_t0.9,v114_clean_selfblend,10,0.02,0.7,0.05,0.9,0.08,0.97920102,0.91572402,0.23287671,0.52054795,22,1.00000000,0.00000000,0.78756350,0,0,,,0.01114442,0.99946620
v128_v114_clean_selfblend_min10_d0.02_w0.7_rm0.1_t0.7,v114_clean_selfblend,10,0.02,0.7,0.1,0.7,0.08,0.97920102,0.91572402,0.23287671,0.52054795,22,1.00000000,0.00000000,0.78756350,0,0,,,0.01114442,0.99946620
v128_v114_clean_selfblend_min10_d0.02_w0.7_rm0.1_t0.8,v114_clean_selfblend,10,0.02,0.7,0.1,0.8,0.08,0.97920102,0.91572402,0.23287671,0.52054795,22,1.00000000,0.00000000,0.78756350,0,0,,,0.01114442,0.99946620
v128_v114_clean_selfblend_min10_d0.02_w0.7_rm0.1_t0.9,v114_clean_selfblend,10,0.02,0.7,0.1,0.9,0.08,0.97920102,0.91572402,0.23287671,0.52054795,22,1.00000000,0.00000000,0.78756350,0,0,,,0.01114442,0.99946620
v128_v114_clean_selfblend_min10_d0.02_w0.9_rm0_t0.7,v114_clean_selfblend,10,0.02,0.9,0.0,0.7,0.08,0.97920102,0.91572402,0.23287671,0.52054795,22,1.00000000,0.00000000,0.78756350,0,0,,,0.01114442,0.99946620
v128_v114_clean_selfblend_min10_d0.02_w0.9_rm0_t0.8,v114_clean_selfblend,10,0.02,0.9,0.0,0.8,0.08,0.97920102,0.91572402,0.23287671,0.52054795,22,1.00000000,0.00000000,0.78756350,0,0,,,0.01114442,0.99946620
v128_v114_clean_selfblend_min10_d0.02_w0.9_rm0_t0.9,v114_clean_selfblend,10,0.02,0.9,0.0,0.9,0.08,0.97920102,0.91572402,0.23287671,0.52054795,22,1.00000000,0.00000000,0.78756350,0,0,,,0.01114442,0.99946620
v128_v114_clean_selfblend_min10_d0.02_w0.9_rm0.05_t0.7,v114_clean_selfblend,10,0.02,0.9,0.05,0.7,0.08,0.97920102,0.91572402,0.23287671,0.52054795,22,1.00000000,0.00000000,0.78756350,0,0,,,0.01114442,0.99946620
v128_v114_clean_selfblend_min10_d0.02_w0.9_rm0.05_t0.8,v114_clean_selfblend,10,0.02,0.9,0.05,0.8,0.08,0.97920102,0.91572402,0.23287671,0.52054795,22,1.00000000,0.00000000,0.78756350,0,0,,,0.01114442,0.99946620
v128_v114_clean_selfblend_min10_d0.02_w0.9_rm0.05_t0.9,v114_clean_selfblend,10,0.02,0.9,0.05,0.9,0.08,0.97920102,0.91572402,0.23287671,0.52054795,22,1.00000000,0.00000000,0.78756350,0,0,,,0.01114442,0.99946620
v128_v114_clean_selfblend_min10_d0.02_w0.9_rm0.1_t0.7,v114_clean_selfblend,10,0.02,0.9,0.1,0.7,0.08,0.97920102,0.91572402,0.23287671,0.52054795,22,1.00000000,0.00000000,0.78756350,0,0,,,0.01114442,0.99946620
v128_v114_clean_selfblend_min10_d0.02_w0.9_rm0.1_t0.8,v114_clean_selfblend,10,0.02,0.9,0.1,0.8,0.08,0.97920102,0.91572402,0.23287671,0.52054795,22,1.00000000,0.00000000,0.78756350,0,0,,,0.01114442,0.99946620
v128_v114_clean_selfblend_min10_d0.02_w0.9_rm0.1_t0.9,v114_clean_selfblend,10,0.02,0.9,0.1,0.9,0.08,0.97920102,0.91572402,0.23287671,0.52054795,22,1.00000000,0.00000000,0.78756350,0,0,,,0.01114442,0.99946620
v128_v114_clean_selfblend_min15_d0.01_w0.35_rm0_t0.7,v114_clean_selfblend,15,0.01,0.35,0.0,0.7,0.08,0.97920102,0.91572402,0.23287671,0.52054795,22,1.00000000,0.00000000,0.78756350,0,0,,,0.01114442,0.99946620
v128_v114_clean_selfblend_min15_d0.01_w0.35_rm0_t0.8,v114_clean_selfblend,15,0.01,0.35,0.0,0.8,0.08,0.97920102,0.91572402,0.23287671,0.52054795,22,1.00000000,0.00000000,0.78756350,0,0,,,0.01114442,0.99946620
v128_v114_clean_selfblend_min15_d0.01_w0.35_rm0_t0.9,v114_clean_selfblend,15,0.01,0.35,0.0,0.9,0.08,0.97920102,0.91572402,0.23287671,0.52054795,22,1.00000000,0.00000000,0.78756350,0,0,,,0.01114442,0.99946620
v128_v114_clean_selfblend_min15_d0.01_w0.35_rm0.05_t0.7,v114_clean_selfblend,15,0.01,0.35,0.05,0.7,0.08,0.97920102,0.91572402,0.23287671,0.52054795,22,1.00000000,0.00000000,0.78756350,0,0,,,0.01114442,0.99946620
v128_v114_clean_selfblend_min15_d0.01_w0.35_rm0.05_t0.8,v114_clean_selfblend,15,0.01,0.35,0.05,0.8,0.08,0.97920102,0.91572402,0.23287671,0.52054795,22,1.00000000,0.00000000,0.78756350,0,0,,,0.01114442,0.99946620
v128_v114_clean_selfblend_min15_d0.01_w0.35_rm0.05_t0.9,v114_clean_selfblend,15,0.01,0.35,0.05,0.9,0.08,0.97920102,0.91572402,0.23287671,0.52054795,22,1.00000000,0.00000000,0.78756350,0,0,,,0.01114442,0.99946620
v128_v114_clean_selfblend_min15_d0.01_w0.35_rm0.1_t0.7,v114_clean_selfblend,15,0.01,0.35,0.1,0.7,0.08,0.97920102,0.91572402,0.23287671,0.52054795,22,1.00000000,0.00000000,0.78756350,0,0,,,0.01114442,0.99946620
v128_v114_clean_selfblend_min15_d0.01_w0.35_rm0.1_t0.8,v114_clean_selfblend,15,0.01,0.35,0.1,0.8,0.08,0.97920102,0.91572402,0.23287671,0.52054795,22,1.00000000,0.00000000,0.78756350,0,0,,,0.01114442,0.99946620
v128_v114_clean_selfblend_min15_d0.01_w0.35_rm0.1_t0.9,v114_clean_selfblend,15,0.01,0.35,0.1,0.9,0.08,0.97920102,0.91572402,0.23287671,0.52054795,22,1.00000000,0.00000000,0.78756350,0,0,,,0.01114442,0.99946620
v128_v114_clean_selfblend_min15_d0.01_w0.5_rm0_t0.7,v114_clean_selfblend,15,0.01,0.5,0.0,0.7,0.08,0.97920102,0.91572402,0.23287671,0.52054795,22,1.00000000,0.00000000,0.78756350,0,0,,,0.01114442,0.99946620
v128_v114_clean_selfblend_min15_d0.01_w0.5_rm0_t0.8,v114_clean_selfblend,15,0.01,0.5,0.0,0.8,0.08,0.97920102,0.91572402,0.23287671,0.52054795,22,1.00000000,0.00000000,0.78756350,0,0,,,0.01114442,0.99946620
v128_v114_clean_selfblend_min15_d0.01_w0.5_rm0_t0.9,v114_clean_selfblend,15,0.01,0.5,0.0,0.9,0.08,0.97920102,0.91572402,0.23287671,0.52054795,22,1.00000000,0.00000000,0.78756350,0,0,,,0.01114442,0.99946620
v128_v114_clean_selfblend_min15_d0.01_w0.5_rm0.05_t0.7,v114_clean_selfblend,15,0.01,0.5,0.05,0.7,0.08,0.97920102,0.91572402,0.23287671,0.52054795,22,1.00000000,0.00000000,0.78756350,0,0,,,0.01114442,0.99946620
v128_v114_clean_selfblend_min15_d0.01_w0.5_rm0.05_t0.8,v114_clean_selfblend,15,0.01,0.5,0.05,0.8,0.08,0.97920102,0.91572402,0.23287671,0.52054795,22,1.00000000,0.00000000,0.78756350,0,0,,,0.01114442,0.99946620
v128_v114_clean_selfblend_min15_d0.01_w0.5_rm0.05_t0.9,v114_clean_selfblend,15,0.01,0.5,0.05,0.9,0.08,0.97920102,0.91572402,0.23287671,0.52054795,22,1.00000000,0.00000000,0.78756350,0,0,,,0.01114442,0.99946620
v128_v114_clean_selfblend_min15_d0.01_w0.5_rm0.1_t0.7,v114_clean_selfblend,15,0.01,0.5,0.1,0.7,0.08,0.97920102,0.91572402,0.23287671,0.52054795,22,1.00000000,0.00000000,0.78756350,0,0,,,0.01114442,0.99946620
v128_v114_clean_selfblend_min15_d0.01_w0.5_rm0.1_t0.8,v114_clean_selfblend,15,0.01,0.5,0.1,0.8,0.08,0.97920102,0.91572402,0.23287671,0.52054795,22,1.00000000,0.00000000,0.78756350,0,0,,,0.01114442,0.99946620
v128_v114_clean_selfblend_min15_d0.01_w0.5_rm0.1_t0.9,v114_clean_selfblend,15,0.01,0.5,0.1,0.9,0.08,0.97920102,0.91572402,0.23287671,0.52054795,22,1.00000000,0.00000000,0.78756350,0,0,,,0.01114442,0.99946620
v128_v114_clean_selfblend_min15_d0.01_w0.7_rm0_t0.7,v114_clean_selfblend,15,0.01,0.7,0.0,0.7,0.08,0.97920102,0.91572402,0.23287671,0.52054795,22,1.00000000,0.00000000,0.78756350,0,0,,,0.01114442,0.99946620
v128_v114_clean_selfblend_min15_d0.01_w0.7_rm0_t0.8,v114_clean_selfblend,15,0.01,0.7,0.0,0.8,0.08,0.97920102,0.91572402,0.23287671,0.52054795,22,1.00000000,0.00000000,0.78756350,0,0,,,0.01114442,0.99946620
v128_v114_clean_selfblend_min15_d0.01_w0.7_rm0_t0.9,v114_clean_selfblend,15,0.01,0.7,0.0,0.9,0.08,0.97920102,0.91572402,0.23287671,0.52054795,22,1.00000000,0.00000000,0.78756350,0,0,,,0.01114442,0.99946620
v128_v114_clean_selfblend_min15_d0.01_w0.7_rm0.05_t0.7,v114_clean_selfblend,15,0.01,0.7,0.05,0.7,0.08,0.97920102,0.91572402,0.23287671,0.52054795,22,1.00000000,0.00000000,0.78756350,0,0,,,0.01114442,0.99946620
v128_v114_clean_selfblend_min15_d0.01_w0.7_rm0.05_t0.8,v114_clean_selfblend,15,0.01,0.7,0.05,0.8,0.08,0.97920102,0.91572402,0.23287671,0.52054795,22,1.00000000,0.00000000,0.78756350,0,0,,,0.01114442,0.99946620
v128_v114_clean_selfblend_min15_d0.01_w0.7_rm0.05_t0.9,v114_clean_selfblend,15,0.01,0.7,0.05,0.9,0.08,0.97920102,0.91572402,0.23287671,0.52054795,22,1.00000000,0.00000000,0.78756350,0,0,,,0.01114442,0.99946620
v128_v114_clean_selfblend_min15_d0.01_w0.7_rm0.1_t0.7,v114_clean_selfblend,15,0.01,0.7,0.1,0.7,0.08,0.97920102,0.91572402,0.23287671,0.52054795,22,1.00000000,0.00000000,0.78756350,0,0,,,0.01114442,0.99946620
v128_v114_clean_selfblend_min15_d0.01_w0.7_rm0.1_t0.8,v114_clean_selfblend,15,0.01,0.7,0.1,0.8,0.08,0.97920102,0.91572402,0.23287671,0.52054795,22,1.00000000,0.00000000,0.78756350,0,0,,,0.01114442,0.99946620
v128_v114_clean_selfblend_min15_d0.01_w0.7_rm0.1_t0.9,v114_clean_selfblend,15,0.01,0.7,0.1,0.9,0.08,0.97920102,0.91572402,0.23287671,0.52054795,22,1.00000000,0.00000000,0.78756350,0,0,,,0.01114442,0.99946620
v128_v114_clean_selfblend_min15_d0.01_w0.9_rm0_t0.7,v114_clean_selfblend,15,0.01,0.9,0.0,0.7,0.08,0.97920102,0.91572402,0.23287671,0.52054795,22,1.00000000,0.00000000,0.78756350,0,0,,,0.01114442,0.99946620
v128_v114_clean_selfblend_min15_d0.01_w0.9_rm0_t0.8,v114_clean_selfblend,15,0.01,0.9,0.0,0.8,0.08,0.97920102,0.91572402,0.23287671,0.52054795,22,1.00000000,0.00000000,0.78756350,0,0,,,0.01114442,0.99946620
v128_v114_clean_selfblend_min15_d0.01_w0.9_rm0_t0.9,v114_clean_selfblend,15,0.01,0.9,0.0,0.9,0.08,0.97920102,0.91572402,0.23287671,0.52054795,22,1.00000000,0.00000000,0.78756350,0,0,,,0.01114442,0.99946620
v128_v114_clean_selfblend_min15_d0.01_w0.9_rm0.05_t0.7,v114_clean_selfblend,15,0.01,0.9,0.05,0.7,0.08,0.97920102,0.91572402,0.23287671,0.52054795,22,1.00000000,0.00000000,0.78756350,0,0,,,0.01114442,0.99946620
v128_v114_clean_selfblend_min15_d0.01_w0.9_rm0.05_t0.8,v114_clean_selfblend,15,0.01,0.9,0.05,0.8,0.08,0.97920102,0.91572402,0.23287671,0.52054795,22,1.00000000,0.00000000,0.78756350,0,0,,,0.01114442,0.99946620
v128_v114_clean_selfblend_min15_d0.01_w0.9_rm0.05_t0.9,v114_clean_selfblend,15,0.01,0.9,0.05,0.9,0.08,0.97920102,0.91572402,0.23287671,0.52054795,22,1.00000000,0.00000000,0.78756350,0,0,,,0.01114442,0.99946620
v128_v114_clean_selfblend_min15_d0.01_w0.9_rm0.1_t0.7,v114_clean_selfblend,15,0.01,0.9,0.1,0.7,0.08,0.97920102,0.91572402,0.23287671,0.52054795,22,1.00000000,0.00000000,0.78756350,0,0,,,0.01114442,0.99946620
v128_v114_clean_selfblend_min15_d0.01_w0.9_rm0.1_t0.8,v114_clean_selfblend,15,0.01,0.9,0.1,0.8,0.08,0.97920102,0.91572402,0.23287671,0.52054795,22,1.00000000,0.00000000,0.78756350,0,0,,,0.01114442,0.99946620
v128_v114_clean_selfblend_min15_d0.01_w0.9_rm0.1_t0.9,v114_clean_selfblend,15,0.01,0.9,0.1,0.9,0.08,0.97920102,0.91572402,0.23287671,0.52054795,22,1.00000000,0.00000000,0.78756350,0,0,,,0.01114442,0.99946620
v128_v114_clean_selfblend_min15_d0.02_w0.35_rm0_t0.7,v114_clean_selfblend,15,0.02,0.35,0.0,0.7,0.08,0.97920102,0.91572402,0.23287671,0.52054795,22,1.00000000,0.00000000,0.78756350,0,0,,,0.01114442,0.99946620
v128_v114_clean_selfblend_min15_d0.02_w0.35_rm0_t0.8,v114_clean_selfblend,15,0.02,0.35,0.0,0.8,0.08,0.97920102,0.91572402,0.23287671,0.52054795,22,1.00000000,0.00000000,0.78756350,0,0,,,0.01114442,0.99946620
v128_v114_clean_selfblend_min15_d0.02_w0.35_rm0_t0.9,v114_clean_selfblend,15,0.02,0.35,0.0,0.9,0.08,0.97920102,0.91572402,0.23287671,0.52054795,22,1.00000000,0.00000000,0.78756350,0,0,,,0.01114442,0.99946620
v128_v114_clean_selfblend_min15_d0.02_w0.35_rm0.05_t0.7,v114_clean_selfblend,15,0.02,0.35,0.05,0.7,0.08,0.97920102,0.91572402,0.23287671,0.52054795,22,1.00000000,0.00000000,0.78756350,0,0,,,0.01114442,0.99946620
v128_v114_clean_selfblend_min15_d0.02_w0.35_rm0.05_t0.8,v114_clean_selfblend,15,0.02,0.35,0.05,0.8,0.08,0.97920102,0.91572402,0.23287671,0.52054795,22,1.00000000,0.00000000,0.78756350,0,0,,,0.01114442,0.99946620
v128_v114_clean_selfblend_min15_d0.02_w0.35_rm0.05_t0.9,v114_clean_selfblend,15,0.02,0.35,0.05,0.9,0.08,0.97920102,0.91572402,0.23287671,0.52054795,22,1.00000000,0.00000000,0.78756350,0,0,,,0.01114442,0.99946620
v128_v114_clean_selfblend_min15_d0.02_w0.35_rm0.1_t0.7,v114_clean_selfblend,15,0.02,0.35,0.1,0.7,0.08,0.97920102,0.91572402,0.23287671,0.52054795,22,1.00000000,0.00000000,0.78756350,0,0,,,0.01114442,0.99946620
v128_v114_clean_selfblend_min15_d0.02_w0.35_rm0.1_t0.8,v114_clean_selfblend,15,0.02,0.35,0.1,0.8,0.08,0.97920102,0.91572402,0.23287671,0.52054795,22,1.00000000,0.00000000,0.78756350,0,0,,,0.01114442,0.99946620
v128_v114_clean_selfblend_min15_d0.02_w0.35_rm0.1_t0.9,v114_clean_selfblend,15,0.02,0.35,0.1,0.9,0.08,0.97920102,0.91572402,0.23287671,0.52054795,22,1.00000000,0.00000000,0.78756350,0,0,,,0.01114442,0.99946620
v128_v114_clean_selfblend_min15_d0.02_w0.5_rm0_t0.7,v114_clean_selfblend,15,0.02,0.5,0.0,0.7,0.08,0.97920102,0.91572402,0.23287671,0.52054795,22,1.00000000,0.00000000,0.78756350,0,0,,,0.01114442,0.99946620
v128_v114_clean_selfblend_min15_d0.02_w0.5_rm0_t0.8,v114_clean_selfblend,15,0.02,0.5,0.0,0.8,0.08,0.97920102,0.91572402,0.23287671,0.52054795,22,1.00000000,0.00000000,0.78756350,0,0,,,0.01114442,0.99946620
v128_v114_clean_selfblend_min15_d0.02_w0.5_rm0_t0.9,v114_clean_selfblend,15,0.02,0.5,0.0,0.9,0.08,0.97920102,0.91572402,0.23287671,0.52054795,22,1.00000000,0.00000000,0.78756350,0,0,,,0.01114442,0.99946620
v128_v114_clean_selfblend_min15_d0.02_w0.5_rm0.05_t0.7,v114_clean_selfblend,15,0.02,0.5,0.05,0.7,0.08,0.97920102,0.91572402,0.23287671,0.52054795,22,1.00000000,0.00000000,0.78756350,0,0,,,0.01114442,0.99946620
v128_v114_clean_selfblend_min15_d0.02_w0.5_rm0.05_t0.8,v114_clean_selfblend,15,0.02,0.5,0.05,0.8,0.08,0.97920102,0.91572402,0.23287671,0.52054795,22,1.00000000,0.00000000,0.78756350,0,0,,,0.01114442,0.99946620
v128_v114_clean_selfblend_min15_d0.02_w0.5_rm0.05_t0.9,v114_clean_selfblend,15,0.02,0.5,0.05,0.9,0.08,0.97920102,0.91572402,0.23287671,0.52054795,22,1.00000000,0.00000000,0.78756350,0,0,,,0.01114442,0.99946620
v128_v114_clean_selfblend_min15_d0.02_w0.5_rm0.1_t0.7,v114_clean_selfblend,15,0.02,0.5,0.1,0.7,0.08,0.97920102,0.91572402,0.23287671,0.52054795,22,1.00000000,0.00000000,0.78756350,0,0,,,0.01114442,0.99946620
v128_v114_clean_selfblend_min15_d0.02_w0.5_rm0.1_t0.8,v114_clean_selfblend,15,0.02,0.5,0.1,0.8,0.08,0.97920102,0.91572402,0.23287671,0.52054795,22,1.00000000,0.00000000,0.78756350,0,0,,,0.01114442,0.99946620
v128_v114_clean_selfblend_min15_d0.02_w0.5_rm0.1_t0.9,v114_clean_selfblend,15,0.02,0.5,0.1,0.9,0.08,0.97920102,0.91572402,0.23287671,0.52054795,22,1.00000000,0.00000000,0.78756350,0,0,,,0.01114442,0.99946620
v128_v114_clean_selfblend_min15_d0.02_w0.7_rm0_t0.7,v114_clean_selfblend,15,0.02,0.7,0.0,0.7,0.08,0.97920102,0.91572402,0.23287671,0.52054795,22,1.00000000,0.00000000,0.78756350,0,0,,,0.01114442,0.99946620
v128_v114_clean_selfblend_min15_d0.02_w0.7_rm0_t0.8,v114_clean_selfblend,15,0.02,0.7,0.0,0.8,0.08,0.97920102,0.91572402,0.23287671,0.52054795,22,1.00000000,0.00000000,0.78756350,0,0,,,0.01114442,0.99946620
v128_v114_clean_selfblend_min15_d0.02_w0.7_rm0_t0.9,v114_clean_selfblend,15,0.02,0.7,0.0,0.9,0.08,0.97920102,0.91572402,0.23287671,0.52054795,22,1.00000000,0.00000000,0.78756350,0,0,,,0.01114442,0.99946620
v128_v114_clean_selfblend_min15_d0.02_w0.7_rm0.05_t0.7,v114_clean_selfblend,15,0.02,0.7,0.05,0.7,0.08,0.97920102,0.91572402,0.23287671,0.52054795,22,1.00000000,0.00000000,0.78756350,0,0,,,0.01114442,0.99946620
v128_v114_clean_selfblend_min15_d0.02_w0.7_rm0.05_t0.8,v114_clean_selfblend,15,0.02,0.7,0.05,0.8,0.08,0.97920102,0.91572402,0.23287671,0.52054795,22,1.00000000,0.00000000,0.78756350,0,0,,,0.01114442,0.99946620
v128_v114_clean_selfblend_min15_d0.02_w0.7_rm0.05_t0.9,v114_clean_selfblend,15,0.02,0.7,0.05,0.9,0.08,0.97920102,0.91572402,0.23287671,0.52054795,22,1.00000000,0.00000000,0.78756350,0,0,,,0.01114442,0.99946620
v128_v114_clean_selfblend_min15_d0.02_w0.7_rm0.1_t0.7,v114_clean_selfblend,15,0.02,0.7,0.1,0.7,0.08,0.97920102,0.91572402,0.23287671,0.52054795,22,1.00000000,0.00000000,0.78756350,0,0,,,0.01114442,0.99946620
v128_v114_clean_selfblend_min15_d0.02_w0.7_rm0.1_t0.8,v114_clean_selfblend,15,0.02,0.7,0.1,0.8,0.08,0.97920102,0.91572402,0.23287671,0.52054795,22,1.00000000,0.00000000,0.78756350,0,0,,,0.01114442,0.99946620
v128_v114_clean_selfblend_min15_d0.02_w0.7_rm0.1_t0.9,v114_clean_selfblend,15,0.02,0.7,0.1,0.9,0.08,0.97920102,0.91572402,0.23287671,0.52054795,22,1.00000000,0.00000000,0.78756350,0,0,,,0.01114442,0.99946620
v128_v114_clean_selfblend_min15_d0.02_w0.9_rm0_t0.7,v114_clean_selfblend,15,0.02,0.9,0.0,0.7,0.08,0.97920102,0.91572402,0.23287671,0.52054795,22,1.00000000,0.00000000,0.78756350,0,0,,,0.01114442,0.99946620
v128_v114_clean_selfblend_min15_d0.02_w0.9_rm0_t0.8,v114_clean_selfblend,15,0.02,0.9,0.0,0.8,0.08,0.97920102,0.91572402,0.23287671,0.52054795,22,1.00000000,0.00000000,0.78756350,0,0,,,0.01114442,0.99946620
v128_v114_clean_selfblend_min15_d0.02_w0.9_rm0_t0.9,v114_clean_selfblend,15,0.02,0.9,0.0,0.9,0.08,0.97920102,0.91572402,0.23287671,0.52054795,22,1.00000000,0.00000000,0.78756350,0,0,,,0.01114442,0.99946620
v128_v114_clean_selfblend_min15_d0.02_w0.9_rm0.05_t0.7,v114_clean_selfblend,15,0.02,0.9,0.05,0.7,0.08,0.97920102,0.91572402,0.23287671,0.52054795,22,1.00000000,0.00000000,0.78756350,0,0,,,0.01114442,0.99946620
v128_v114_clean_selfblend_min15_d0.02_w0.9_rm0.05_t0.8,v114_clean_selfblend,15,0.02,0.9,0.05,0.8,0.08,0.97920102,0.91572402,0.23287671,0.52054795,22,1.00000000,0.00000000,0.78756350,0,0,,,0.01114442,0.99946620
v128_v114_clean_selfblend_min15_d0.02_w0.9_rm0.05_t0.9,v114_clean_selfblend,15,0.02,0.9,0.05,0.9,0.08,0.97920102,0.91572402,0.23287671,0.52054795,22,1.00000000,0.00000000,0.78756350,0,0,,,0.01114442,0.99946620
v128_v114_clean_selfblend_min15_d0.02_w0.9_rm0.1_t0.7,v114_clean_selfblend,15,0.02,0.9,0.1,0.7,0.08,0.97920102,0.91572402,0.23287671,0.52054795,22,1.00000000,0.00000000,0.78756350,0,0,,,0.01114442,0.99946620
v128_v114_clean_selfblend_min15_d0.02_w0.9_rm0.1_t0.8,v114_clean_selfblend,15,0.02,0.9,0.1,0.8,0.08,0.97920102,0.91572402,0.23287671,0.52054795,22,1.00000000,0.00000000,0.78756350,0,0,,,0.01114442,0.99946620
v128_v114_clean_selfblend_min15_d0.02_w0.9_rm0.1_t0.9,v114_clean_selfblend,15,0.02,0.9,0.1,0.9,0.08,0.97920102,0.91572402,0.23287671,0.52054795,22,1.00000000,0.00000000,0.78756350,0,0,,,0.01114442,0.99946620
v128_v114_clean_selfblend_min20_d0.01_w0.35_rm0_t0.7,v114_clean_selfblend,20,0.01,0.35,0.0,0.7,0.08,0.97920102,0.91572402,0.23287671,0.52054795,22,1.00000000,0.00000000,0.78756350,0,0,,,0.01114442,0.99946620
v128_v114_clean_selfblend_min20_d0.01_w0.35_rm0_t0.8,v114_clean_selfblend,20,0.01,0.35,0.0,0.8,0.08,0.97920102,0.91572402,0.23287671,0.52054795,22,1.00000000,0.00000000,0.78756350,0,0,,,0.01114442,0.99946620
v128_v114_clean_selfblend_min20_d0.01_w0.35_rm0_t0.9,v114_clean_selfblend,20,0.01,0.35,0.0,0.9,0.08,0.97920102,0.91572402,0.23287671,0.52054795,22,1.00000000,0.00000000,0.78756350,0,0,,,0.01114442,0.99946620
v128_v114_clean_selfblend_min20_d0.01_w0.35_rm0.05_t0.7,v114_clean_selfblend,20,0.01,0.35,0.05,0.7,0.08,0.97920102,0.91572402,0.23287671,0.52054795,22,1.00000000,0.00000000,0.78756350,0,0,,,0.01114442,0.99946620
v128_v114_clean_selfblend_min20_d0.01_w0.35_rm0.05_t0.8,v114_clean_selfblend,20,0.01,0.35,0.05,0.8,0.08,0.97920102,0.91572402,0.23287671,0.52054795,22,1.00000000,0.00000000,0.78756350,0,0,,,0.01114442,0.99946620
v128_v114_clean_selfblend_min20_d0.01_w0.35_rm0.05_t0.9,v114_clean_selfblend,20,0.01,0.35,0.05,0.9,0.08,0.97920102,0.91572402,0.23287671,0.52054795,22,1.00000000,0.00000000,0.78756350,0,0,,,0.01114442,0.99946620
v128_v114_clean_selfblend_min20_d0.01_w0.35_rm0.1_t0.7,v114_clean_selfblend,20,0.01,0.35,0.1,0.7,0.08,0.97920102,0.91572402,0.23287671,0.52054795,22,1.00000000,0.00000000,0.78756350,0,0,,,0.01114442,0.99946620
v128_v114_clean_selfblend_min20_d0.01_w0.35_rm0.1_t0.8,v114_clean_selfblend,20,0.01,0.35,0.1,0.8,0.08,0.97920102,0.91572402,0.23287671,0.52054795,22,1.00000000,0.00000000,0.78756350,0,0,,,0.01114442,0.99946620
v128_v114_clean_selfblend_min20_d0.01_w0.35_rm0.1_t0.9,v114_clean_selfblend,20,0.01,0.35,0.1,0.9,0.08,0.97920102,0.91572402,0.23287671,0.52054795,22,1.00000000,0.00000000,0.78756350,0,0,,,0.01114442,0.99946620
v128_v114_clean_selfblend_min20_d0.01_w0.5_rm0_t0.7,v114_clean_selfblend,20,0.01,0.5,0.0,0.7,0.08,0.97920102,0.91572402,0.23287671,0.52054795,22,1.00000000,0.00000000,0.78756350,0,0,,,0.01114442,0.99946620
v128_v114_clean_selfblend_min20_d0.01_w0.5_rm0_t0.8,v114_clean_selfblend,20,0.01,0.5,0.0,0.8,0.08,0.97920102,0.91572402,0.23287671,0.52054795,22,1.00000000,0.00000000,0.78756350,0,0,,,0.01114442,0.99946620
v128_v114_clean_selfblend_min20_d0.01_w0.5_rm0_t0.9,v114_clean_selfblend,20,0.01,0.5,0.0,0.9,0.08,0.97920102,0.91572402,0.23287671,0.52054795,22,1.00000000,0.00000000,0.78756350,0,0,,,0.01114442,0.99946620
v128_v114_clean_selfblend_min20_d0.01_w0.5_rm0.05_t0.7,v114_clean_selfblend,20,0.01,0.5,0.05,0.7,0.08,0.97920102,0.91572402,0.23287671,0.52054795,22,1.00000000,0.00000000,0.78756350,0,0,,,0.01114442,0.99946620
v128_v114_clean_selfblend_min20_d0.01_w0.5_rm0.05_t0.8,v114_clean_selfblend,20,0.01,0.5,0.05,0.8,0.08,0.97920102,0.91572402,0.23287671,0.52054795,22,1.00000000,0.00000000,0.78756350,0,0,,,0.01114442,0.99946620
v128_v114_clean_selfblend_min20_d0.01_w0.5_rm0.05_t0.9,v114_clean_selfblend,20,0.01,0.5,0.05,0.9,0.08,0.97920102,0.91572402,0.23287671,0.52054795,22,1.00000000,0.00000000,0.78756350,0,0,,,0.01114442,0.99946620
v128_v114_clean_selfblend_min20_d0.01_w0.5_rm0.1_t0.7,v114_clean_selfblend,20,0.01,0.5,0.1,0.7,0.08,0.97920102,0.91572402,0.23287671,0.52054795,22,1.00000000,0.00000000,0.78756350,0,0,,,0.01114442,0.99946620
v128_v114_clean_selfblend_min20_d0.01_w0.5_rm0.1_t0.8,v114_clean_selfblend,20,0.01,0.5,0.1,0.8,0.08,0.97920102,0.91572402,0.23287671,0.52054795,22,1.00000000,0.00000000,0.78756350,0,0,,,0.01114442,0.99946620
v128_v114_clean_selfblend_min20_d0.01_w0.5_rm0.1_t0.9,v114_clean_selfblend,20,0.01,0.5,0.1,0.9,0.08,0.97920102,0.91572402,0.23287671,0.52054795,22,1.00000000,0.00000000,0.78756350,0,0,,,0.01114442,0.99946620
v128_v114_clean_selfblend_min20_d0.01_w0.7_rm0_t0.7,v114_clean_selfblend,20,0.01,0.7,0.0,0.7,0.08,0.97920102,0.91572402,0.23287671,0.52054795,22,1.00000000,0.00000000,0.78756350,0,0,,,0.01114442,0.99946620
v128_v114_clean_selfblend_min20_d0.01_w0.7_rm0_t0.8,v114_clean_selfblend,20,0.01,0.7,0.0,0.8,0.08,0.97920102,0.91572402,0.23287671,0.52054795,22,1.00000000,0.00000000,0.78756350,0,0,,,0.01114442,0.99946620
v128_v114_clean_selfblend_min20_d0.01_w0.7_rm0_t0.9,v114_clean_selfblend,20,0.01,0.7,0.0,0.9,0.08,0.97920102,0.91572402,0.23287671,0.52054795,22,1.00000000,0.00000000,0.78756350,0,0,,,0.01114442,0.99946620
v128_v114_clean_selfblend_min20_d0.01_w0.7_rm0.05_t0.7,v114_clean_selfblend,20,0.01,0.7,0.05,0.7,0.08,0.97920102,0.91572402,0.23287671,0.52054795,22,1.00000000,0.00000000,0.78756350,0,0,,,0.01114442,0.99946620
v128_v114_clean_selfblend_min20_d0.01_w0.7_rm0.05_t0.8,v114_clean_selfblend,20,0.01,0.7,0.05,0.8,0.08,0.97920102,0.91572402,0.23287671,0.52054795,22,1.00000000,0.00000000,0.78756350,0,0,,,0.01114442,0.99946620
v128_v114_clean_selfblend_min20_d0.01_w0.7_rm0.05_t0.9,v114_clean_selfblend,20,0.01,0.7,0.05,0.9,0.08,0.97920102,0.91572402,0.23287671,0.52054795,22,1.00000000,0.00000000,0.78756350,0,0,,,0.01114442,0.99946620
v128_v114_clean_selfblend_min20_d0.01_w0.7_rm0.1_t0.7,v114_clean_selfblend,20,0.01,0.7,0.1,0.7,0.08,0.97920102,0.91572402,0.23287671,0.52054795,22,1.00000000,0.00000000,0.78756350,0,0,,,0.01114442,0.99946620
v128_v114_clean_selfblend_min20_d0.01_w0.7_rm0.1_t0.8,v114_clean_selfblend,20,0.01,0.7,0.1,0.8,0.08,0.97920102,0.91572402,0.23287671,0.52054795,22,1.00000000,0.00000000,0.78756350,0,0,,,0.01114442,0.99946620
v128_v114_clean_selfblend_min20_d0.01_w0.7_rm0.1_t0.9,v114_clean_selfblend,20,0.01,0.7,0.1,0.9,0.08,0.97920102,0.91572402,0.23287671,0.52054795,22,1.00000000,0.00000000,0.78756350,0,0,,,0.01114442,0.99946620
v128_v114_clean_selfblend_min20_d0.01_w0.9_rm0_t0.7,v114_clean_selfblend,20,0.01,0.9,0.0,0.7,0.08,0.97920102,0.91572402,0.23287671,0.52054795,22,1.00000000,0.00000000,0.78756350,0,0,,,0.01114442,0.99946620
v128_v114_clean_selfblend_min20_d0.01_w0.9_rm0_t0.8,v114_clean_selfblend,20,0.01,0.9,0.0,0.8,0.08,0.97920102,0.91572402,0.23287671,0.52054795,22,1.00000000,0.00000000,0.78756350,0,0,,,0.01114442,0.99946620
v128_v114_clean_selfblend_min20_d0.01_w0.9_rm0_t0.9,v114_clean_selfblend,20,0.01,0.9,0.0,0.9,0.08,0.97920102,0.91572402,0.23287671,0.52054795,22,1.00000000,0.00000000,0.78756350,0,0,,,0.01114442,0.99946620
v128_v114_clean_selfblend_min20_d0.01_w0.9_rm0.05_t0.7,v114_clean_selfblend,20,0.01,0.9,0.05,0.7,0.08,0.97920102,0.91572402,0.23287671,0.52054795,22,1.00000000,0.00000000,0.78756350,0,0,,,0.01114442,0.99946620
v128_v114_clean_selfblend_min20_d0.01_w0.9_rm0.05_t0.8,v114_clean_selfblend,20,0.01,0.9,0.05,0.8,0.08,0.97920102,0.91572402,0.23287671,0.52054795,22,1.00000000,0.00000000,0.78756350,0,0,,,0.01114442,0.99946620
v128_v114_clean_selfblend_min20_d0.01_w0.9_rm0.05_t0.9,v114_clean_selfblend,20,0.01,0.9,0.05,0.9,0.08,0.97920102,0.91572402,0.23287671,0.52054795,22,1.00000000,0.00000000,0.78756350,0,0,,,0.01114442,0.99946620
v128_v114_clean_selfblend_min20_d0.01_w0.9_rm0.1_t0.7,v114_clean_selfblend,20,0.01,0.9,0.1,0.7,0.08,0.97920102,0.91572402,0.23287671,0.52054795,22,1.00000000,0.00000000,0.78756350,0,0,,,0.01114442,0.99946620
v128_v114_clean_selfblend_min20_d0.01_w0.9_rm0.1_t0.8,v114_clean_selfblend,20,0.01,0.9,0.1,0.8,0.08,0.97920102,0.91572402,0.23287671,0.52054795,22,1.00000000,0.00000000,0.78756350,0,0,,,0.01114442,0.99946620
v128_v114_clean_selfblend_min20_d0.01_w0.9_rm0.1_t0.9,v114_clean_selfblend,20,0.01,0.9,0.1,0.9,0.08,0.97920102,0.91572402,0.23287671,0.52054795,22,1.00000000,0.00000000,0.78756350,0,0,,,0.01114442,0.99946620
v128_v114_clean_selfblend_min20_d0.02_w0.35_rm0_t0.7,v114_clean_selfblend,20,0.02,0.35,0.0,0.7,0.08,0.97920102,0.91572402,0.23287671,0.52054795,22,1.00000000,0.00000000,0.78756350,0,0,,,0.01114442,0.99946620
v128_v114_clean_selfblend_min20_d0.02_w0.35_rm0_t0.8,v114_clean_selfblend,20,0.02,0.35,0.0,0.8,0.08,0.97920102,0.91572402,0.23287671,0.52054795,22,1.00000000,0.00000000,0.78756350,0,0,,,0.01114442,0.99946620
v128_v114_clean_selfblend_min20_d0.02_w0.35_rm0_t0.9,v114_clean_selfblend,20,0.02,0.35,0.0,0.9,0.08,0.97920102,0.91572402,0.23287671,0.52054795,22,1.00000000,0.00000000,0.78756350,0,0,,,0.01114442,0.99946620
v128_v114_clean_selfblend_min20_d0.02_w0.35_rm0.05_t0.7,v114_clean_selfblend,20,0.02,0.35,0.05,0.7,0.08,0.97920102,0.91572402,0.23287671,0.52054795,22,1.00000000,0.00000000,0.78756350,0,0,,,0.01114442,0.99946620
v128_v114_clean_selfblend_min20_d0.02_w0.35_rm0.05_t0.8,v114_clean_selfblend,20,0.02,0.35,0.05,0.8,0.08,0.97920102,0.91572402,0.23287671,0.52054795,22,1.00000000,0.00000000,0.78756350,0,0,,,0.01114442,0.99946620
v128_v114_clean_selfblend_min20_d0.02_w0.35_rm0.05_t0.9,v114_clean_selfblend,20,0.02,0.35,0.05,0.9,0.08,0.97920102,0.91572402,0.23287671,0.52054795,22,1.00000000,0.00000000,0.78756350,0,0,,,0.01114442,0.99946620
v128_v114_clean_selfblend_min20_d0.02_w0.35_rm0.1_t0.7,v114_clean_selfblend,20,0.02,0.35,0.1,0.7,0.08,0.97920102,0.91572402,0.23287671,0.52054795,22,1.00000000,0.00000000,0.78756350,0,0,,,0.01114442,0.99946620
v128_v114_clean_selfblend_min20_d0.02_w0.35_rm0.1_t0.8,v114_clean_selfblend,20,0.02,0.35,0.1,0.8,0.08,0.97920102,0.91572402,0.23287671,0.52054795,22,1.00000000,0.00000000,0.78756350,0,0,,,0.01114442,0.99946620
v128_v114_clean_selfblend_min20_d0.02_w0.35_rm0.1_t0.9,v114_clean_selfblend,20,0.02,0.35,0.1,0.9,0.08,0.97920102,0.91572402,0.23287671,0.52054795,22,1.00000000,0.00000000,0.78756350,0,0,,,0.01114442,0.99946620
v128_v114_clean_selfblend_min20_d0.02_w0.5_rm0_t0.7,v114_clean_selfblend,20,0.02,0.5,0.0,0.7,0.08,0.97920102,0.91572402,0.23287671,0.52054795,22,1.00000000,0.00000000,0.78756350,0,0,,,0.01114442,0.99946620
v128_v114_clean_selfblend_min20_d0.02_w0.5_rm0_t0.8,v114_clean_selfblend,20,0.02,0.5,0.0,0.8,0.08,0.97920102,0.91572402,0.23287671,0.52054795,22,1.00000000,0.00000000,0.78756350,0,0,,,0.01114442,0.99946620
v128_v114_clean_selfblend_min20_d0.02_w0.5_rm0_t0.9,v114_clean_selfblend,20,0.02,0.5,0.0,0.9,0.08,0.97920102,0.91572402,0.23287671,0.52054795,22,1.00000000,0.00000000,0.78756350,0,0,,,0.01114442,0.99946620
v128_v114_clean_selfblend_min20_d0.02_w0.5_rm0.05_t0.7,v114_clean_selfblend,20,0.02,0.5,0.05,0.7,0.08,0.97920102,0.91572402,0.23287671,0.52054795,22,1.00000000,0.00000000,0.78756350,0,0,,,0.01114442,0.99946620
v128_v114_clean_selfblend_min20_d0.02_w0.5_rm0.05_t0.8,v114_clean_selfblend,20,0.02,0.5,0.05,0.8,0.08,0.97920102,0.91572402,0.23287671,0.52054795,22,1.00000000,0.00000000,0.78756350,0,0,,,0.01114442,0.99946620
v128_v114_clean_selfblend_min20_d0.02_w0.5_rm0.05_t0.9,v114_clean_selfblend,20,0.02,0.5,0.05,0.9,0.08,0.97920102,0.91572402,0.23287671,0.52054795,22,1.00000000,0.00000000,0.78756350,0,0,,,0.01114442,0.99946620
v128_v114_clean_selfblend_min20_d0.02_w0.5_rm0.1_t0.7,v114_clean_selfblend,20,0.02,0.5,0.1,0.7,0.08,0.97920102,0.91572402,0.23287671,0.52054795,22,1.00000000,0.00000000,0.78756350,0,0,,,0.01114442,0.99946620
v128_v114_clean_selfblend_min20_d0.02_w0.5_rm0.1_t0.8,v114_clean_selfblend,20,0.02,0.5,0.1,0.8,0.08,0.97920102,0.91572402,0.23287671,0.52054795,22,1.00000000,0.00000000,0.78756350,0,0,,,0.01114442,0.99946620
v128_v114_clean_selfblend_min20_d0.02_w0.5_rm0.1_t0.9,v114_clean_selfblend,20,0.02,0.5,0.1,0.9,0.08,0.97920102,0.91572402,0.23287671,0.52054795,22,1.00000000,0.00000000,0.78756350,0,0,,,0.01114442,0.99946620
v128_v114_clean_selfblend_min20_d0.02_w0.7_rm0_t0.7,v114_clean_selfblend,20,0.02,0.7,0.0,0.7,0.08,0.97920102,0.91572402,0.23287671,0.52054795,22,1.00000000,0.00000000,0.78756350,0,0,,,0.01114442,0.99946620
v128_v114_clean_selfblend_min20_d0.02_w0.7_rm0_t0.8,v114_clean_selfblend,20,0.02,0.7,0.0,0.8,0.08,0.97920102,0.91572402,0.23287671,0.52054795,22,1.00000000,0.00000000,0.78756350,0,0,,,0.01114442,0.99946620
v128_v114_clean_selfblend_min20_d0.02_w0.7_rm0_t0.9,v114_clean_selfblend,20,0.02,0.7,0.0,0.9,0.08,0.97920102,0.91572402,0.23287671,0.52054795,22,1.00000000,0.00000000,0.78756350,0,0,,,0.01114442,0.99946620
v128_v114_clean_selfblend_min20_d0.02_w0.7_rm0.05_t0.7,v114_clean_selfblend,20,0.02,0.7,0.05,0.7,0.08,0.97920102,0.91572402,0.23287671,0.52054795,22,1.00000000,0.00000000,0.78756350,0,0,,,0.01114442,0.99946620
v128_v114_clean_selfblend_min20_d0.02_w0.7_rm0.05_t0.8,v114_clean_selfblend,20,0.02,0.7,0.05,0.8,0.08,0.97920102,0.91572402,0.23287671,0.52054795,22,1.00000000,0.00000000,0.78756350,0,0,,,0.01114442,0.99946620
v128_v114_clean_selfblend_min20_d0.02_w0.7_rm0.05_t0.9,v114_clean_selfblend,20,0.02,0.7,0.05,0.9,0.08,0.97920102,0.91572402,0.23287671,0.52054795,22,1.00000000,0.00000000,0.78756350,0,0,,,0.01114442,0.99946620
v128_v114_clean_selfblend_min20_d0.02_w0.7_rm0.1_t0.7,v114_clean_selfblend,20,0.02,0.7,0.1,0.7,0.08,0.97920102,0.91572402,0.23287671,0.52054795,22,1.00000000,0.00000000,0.78756350,0,0,,,0.01114442,0.99946620
v128_v114_clean_selfblend_min20_d0.02_w0.7_rm0.1_t0.8,v114_clean_selfblend,20,0.02,0.7,0.1,0.8,0.08,0.97920102,0.91572402,0.23287671,0.52054795,22,1.00000000,0.00000000,0.78756350,0,0,,,0.01114442,0.99946620
v128_v114_clean_selfblend_min20_d0.02_w0.7_rm0.1_t0.9,v114_clean_selfblend,20,0.02,0.7,0.1,0.9,0.08,0.97920102,0.91572402,0.23287671,0.52054795,22,1.00000000,0.00000000,0.78756350,0,0,,,0.01114442,0.99946620
v128_v114_clean_selfblend_min20_d0.02_w0.9_rm0_t0.7,v114_clean_selfblend,20,0.02,0.9,0.0,0.7,0.08,0.97920102,0.91572402,0.23287671,0.52054795,22,1.00000000,0.00000000,0.78756350,0,0,,,0.01114442,0.99946620
v128_v114_clean_selfblend_min20_d0.02_w0.9_rm0_t0.8,v114_clean_selfblend,20,0.02,0.9,0.0,0.8,0.08,0.97920102,0.91572402,0.23287671,0.52054795,22,1.00000000,0.00000000,0.78756350,0,0,,,0.01114442,0.99946620
v128_v114_clean_selfblend_min20_d0.02_w0.9_rm0_t0.9,v114_clean_selfblend,20,0.02,0.9,0.0,0.9,0.08,0.97920102,0.91572402,0.23287671,0.52054795,22,1.00000000,0.00000000,0.78756350,0,0,,,0.01114442,0.99946620
v128_v114_clean_selfblend_min20_d0.02_w0.9_rm0.05_t0.7,v114_clean_selfblend,20,0.02,0.9,0.05,0.7,0.08,0.97920102,0.91572402,0.23287671,0.52054795,22,1.00000000,0.00000000,0.78756350,0,0,,,0.01114442,0.99946620
v128_v114_clean_selfblend_min20_d0.02_w0.9_rm0.05_t0.8,v114_clean_selfblend,20,0.02,0.9,0.05,0.8,0.08,0.97920102,0.91572402,0.23287671,0.52054795,22,1.00000000,0.00000000,0.78756350,0,0,,,0.01114442,0.99946620
v128_v114_clean_selfblend_min20_d0.02_w0.9_rm0.05_t0.9,v114_clean_selfblend,20,0.02,0.9,0.05,0.9,0.08,0.97920102,0.91572402,0.23287671,0.52054795,22,1.00000000,0.00000000,0.78756350,0,0,,,0.01114442,0.99946620
v128_v114_clean_selfblend_min20_d0.02_w0.9_rm0.1_t0.7,v114_clean_selfblend,20,0.02,0.9,0.1,0.7,0.08,0.97920102,0.91572402,0.23287671,0.52054795,22,1.00000000,0.00000000,0.78756350,0,0,,,0.01114442,0.99946620
v128_v114_clean_selfblend_min20_d0.02_w0.9_rm0.1_t0.8,v114_clean_selfblend,20,0.02,0.9,0.1,0.8,0.08,0.97920102,0.91572402,0.23287671,0.52054795,22,1.00000000,0.00000000,0.78756350,0,0,,,0.01114442,0.99946620
v128_v114_clean_selfblend_min20_d0.02_w0.9_rm0.1_t0.9,v114_clean_selfblend,20,0.02,0.9,0.1,0.9,0.08,0.97920102,0.91572402,0.23287671,0.52054795,22,1.00000000,0.00000000,0.78756350,0,0,,,0.01114442,0.99946620
v110_clean_baseline,v110_clean,,,,,,,0.97911204,0.91481637,0.21917808,0.52054795,22,1.00000000,0.00000000,0.78728573,0,0,,,0.01114442,0.99946990
v128_v110_clean_min5_d0.01_w0.35_rm0_t0.7,v110_clean,5,0.01,0.35,0.0,0.7,0.08,0.97911204,0.91481637,0.21917808,0.52054795,22,1.00000000,0.00000000,0.78728573,0,0,,,0.01114442,0.99946990
v128_v110_clean_min5_d0.01_w0.35_rm0_t0.8,v110_clean,5,0.01,0.35,0.0,0.8,0.08,0.97911204,0.91481637,0.21917808,0.52054795,22,1.00000000,0.00000000,0.78728573,0,0,,,0.01114442,0.99946990
v128_v110_clean_min5_d0.01_w0.35_rm0_t0.9,v110_clean,5,0.01,0.35,0.0,0.9,0.08,0.97911204,0.91481637,0.21917808,0.52054795,22,1.00000000,0.00000000,0.78728573,0,0,,,0.01114442,0.99946990
v128_v110_clean_min5_d0.01_w0.35_rm0.05_t0.7,v110_clean,5,0.01,0.35,0.05,0.7,0.08,0.97911204,0.91481637,0.21917808,0.52054795,22,1.00000000,0.00000000,0.78728573,0,0,,,0.01114442,0.99946990
v128_v110_clean_min5_d0.01_w0.35_rm0.05_t0.8,v110_clean,5,0.01,0.35,0.05,0.8,0.08,0.97911204,0.91481637,0.21917808,0.52054795,22,1.00000000,0.00000000,0.78728573,0,0,,,0.01114442,0.99946990
v128_v110_clean_min5_d0.01_w0.35_rm0.05_t0.9,v110_clean,5,0.01,0.35,0.05,0.9,0.08,0.97911204,0.91481637,0.21917808,0.52054795,22,1.00000000,0.00000000,0.78728573,0,0,,,0.01114442,0.99946990
v128_v110_clean_min5_d0.01_w0.35_rm0.1_t0.7,v110_clean,5,0.01,0.35,0.1,0.7,0.08,0.97911204,0.91481637,0.21917808,0.52054795,22,1.00000000,0.00000000,0.78728573,0,0,,,0.01114442,0.99946990
v128_v110_clean_min5_d0.01_w0.35_rm0.1_t0.8,v110_clean,5,0.01,0.35,0.1,0.8,0.08,0.97911204,0.91481637,0.21917808,0.52054795,22,1.00000000,0.00000000,0.78728573,0,0,,,0.01114442,0.99946990
v128_v110_clean_min5_d0.01_w0.35_rm0.1_t0.9,v110_clean,5,0.01,0.35,0.1,0.9,0.08,0.97911204,0.91481637,0.21917808,0.52054795,22,1.00000000,0.00000000,0.78728573,0,0,,,0.01114442,0.99946990
v128_v110_clean_min5_d0.01_w0.5_rm0_t0.7,v110_clean,5,0.01,0.5,0.0,0.7,0.08,0.97911204,0.91481637,0.21917808,0.52054795,22,1.00000000,0.00000000,0.78728573,0,0,,,0.01114442,0.99946990
v128_v110_clean_min5_d0.01_w0.5_rm0_t0.8,v110_clean,5,0.01,0.5,0.0,0.8,0.08,0.97911204,0.91481637,0.21917808,0.52054795,22,1.00000000,0.00000000,0.78728573,0,0,,,0.01114442,0.99946990
v128_v110_clean_min5_d0.01_w0.5_rm0_t0.9,v110_clean,5,0.01,0.5,0.0,0.9,0.08,0.97911204,0.91481637,0.21917808,0.52054795,22,1.00000000,0.00000000,0.78728573,0,0,,,0.01114442,0.99946990
v128_v110_clean_min5_d0.01_w0.5_rm0.05_t0.7,v110_clean,5,0.01,0.5,0.05,0.7,0.08,0.97911204,0.91481637,0.21917808,0.52054795,22,1.00000000,0.00000000,0.78728573,0,0,,,0.01114442,0.99946990
v128_v110_clean_min5_d0.01_w0.5_rm0.05_t0.8,v110_clean,5,0.01,0.5,0.05,0.8,0.08,0.97911204,0.91481637,0.21917808,0.52054795,22,1.00000000,0.00000000,0.78728573,0,0,,,0.01114442,0.99946990
v128_v110_clean_min5_d0.01_w0.5_rm0.05_t0.9,v110_clean,5,0.01,0.5,0.05,0.9,0.08,0.97911204,0.91481637,0.21917808,0.52054795,22,1.00000000,0.00000000,0.78728573,0,0,,,0.01114442,0.99946990
v128_v110_clean_min5_d0.01_w0.5_rm0.1_t0.7,v110_clean,5,0.01,0.5,0.1,0.7,0.08,0.97911204,0.91481637,0.21917808,0.52054795,22,1.00000000,0.00000000,0.78728573,0,0,,,0.01114442,0.99946990
v128_v110_clean_min5_d0.01_w0.5_rm0.1_t0.8,v110_clean,5,0.01,0.5,0.1,0.8,0.08,0.97911204,0.91481637,0.21917808,0.52054795,22,1.00000000,0.00000000,0.78728573,0,0,,,0.01114442,0.99946990
v128_v110_clean_min5_d0.01_w0.5_rm0.1_t0.9,v110_clean,5,0.01,0.5,0.1,0.9,0.08,0.97911204,0.91481637,0.21917808,0.52054795,22,1.00000000,0.00000000,0.78728573,0,0,,,0.01114442,0.99946990
v128_v110_clean_min5_d0.01_w0.7_rm0_t0.7,v110_clean,5,0.01,0.7,0.0,0.7,0.08,0.97911204,0.91481637,0.21917808,0.52054795,22,1.00000000,0.00000000,0.78728573,0,0,,,0.01114442,0.99946990
v128_v110_clean_min5_d0.01_w0.7_rm0_t0.8,v110_clean,5,0.01,0.7,0.0,0.8,0.08,0.97911204,0.91481637,0.21917808,0.52054795,22,1.00000000,0.00000000,0.78728573,0,0,,,0.01114442,0.99946990
v128_v110_clean_min5_d0.01_w0.7_rm0_t0.9,v110_clean,5,0.01,0.7,0.0,0.9,0.08,0.97911204,0.91481637,0.21917808,0.52054795,22,1.00000000,0.00000000,0.78728573,0,0,,,0.01114442,0.99946990
v128_v110_clean_min5_d0.01_w0.7_rm0.05_t0.7,v110_clean,5,0.01,0.7,0.05,0.7,0.08,0.97911204,0.91481637,0.21917808,0.52054795,22,1.00000000,0.00000000,0.78728573,0,0,,,0.01114442,0.99946990
v128_v110_clean_min5_d0.01_w0.7_rm0.05_t0.8,v110_clean,5,0.01,0.7,0.05,0.8,0.08,0.97911204,0.91481637,0.21917808,0.52054795,22,1.00000000,0.00000000,0.78728573,0,0,,,0.01114442,0.99946990
v128_v110_clean_min5_d0.01_w0.7_rm0.05_t0.9,v110_clean,5,0.01,0.7,0.05,0.9,0.08,0.97911204,0.91481637,0.21917808,0.52054795,22,1.00000000,0.00000000,0.78728573,0,0,,,0.01114442,0.99946990
v128_v110_clean_min5_d0.01_w0.7_rm0.1_t0.7,v110_clean,5,0.01,0.7,0.1,0.7,0.08,0.97911204,0.91481637,0.21917808,0.52054795,22,1.00000000,0.00000000,0.78728573,0,0,,,0.01114442,0.99946990
v128_v110_clean_min5_d0.01_w0.7_rm0.1_t0.8,v110_clean,5,0.01,0.7,0.1,0.8,0.08,0.97911204,0.91481637,0.21917808,0.52054795,22,1.00000000,0.00000000,0.78728573,0,0,,,0.01114442,0.99946990
v128_v110_clean_min5_d0.01_w0.7_rm0.1_t0.9,v110_clean,5,0.01,0.7,0.1,0.9,0.08,0.97911204,0.91481637,0.21917808,0.52054795,22,1.00000000,0.00000000,0.78728573,0,0,,,0.01114442,0.99946990
v128_v110_clean_min5_d0.01_w0.9_rm0_t0.7,v110_clean,5,0.01,0.9,0.0,0.7,0.08,0.97911204,0.91481637,0.21917808,0.52054795,22,1.00000000,0.00000000,0.78728573,0,0,,,0.01114442,0.99946990
v128_v110_clean_min5_d0.01_w0.9_rm0_t0.8,v110_clean,5,0.01,0.9,0.0,0.8,0.08,0.97911204,0.91481637,0.21917808,0.52054795,22,1.00000000,0.00000000,0.78728573,0,0,,,0.01114442,0.99946990
v128_v110_clean_min5_d0.01_w0.9_rm0_t0.9,v110_clean,5,0.01,0.9,0.0,0.9,0.08,0.97911204,0.91481637,0.21917808,0.52054795,22,1.00000000,0.00000000,0.78728573,0,0,,,0.01114442,0.99946990
v128_v110_clean_min5_d0.01_w0.9_rm0.05_t0.7,v110_clean,5,0.01,0.9,0.05,0.7,0.08,0.97911204,0.91481637,0.21917808,0.52054795,22,1.00000000,0.00000000,0.78728573,0,0,,,0.01114442,0.99946990
v128_v110_clean_min5_d0.01_w0.9_rm0.05_t0.8,v110_clean,5,0.01,0.9,0.05,0.8,0.08,0.97911204,0.91481637,0.21917808,0.52054795,22,1.00000000,0.00000000,0.78728573,0,0,,,0.01114442,0.99946990
v128_v110_clean_min5_d0.01_w0.9_rm0.05_t0.9,v110_clean,5,0.01,0.9,0.05,0.9,0.08,0.97911204,0.91481637,0.21917808,0.52054795,22,1.00000000,0.00000000,0.78728573,0,0,,,0.01114442,0.99946990
v128_v110_clean_min5_d0.01_w0.9_rm0.1_t0.7,v110_clean,5,0.01,0.9,0.1,0.7,0.08,0.97911204,0.91481637,0.21917808,0.52054795,22,1.00000000,0.00000000,0.78728573,0,0,,,0.01114442,0.99946990
v128_v110_clean_min5_d0.01_w0.9_rm0.1_t0.8,v110_clean,5,0.01,0.9,0.1,0.8,0.08,0.97911204,0.91481637,0.21917808,0.52054795,22,1.00000000,0.00000000,0.78728573,0,0,,,0.01114442,0.99946990
v128_v110_clean_min5_d0.01_w0.9_rm0.1_t0.9,v110_clean,5,0.01,0.9,0.1,0.9,0.08,0.97911204,0.91481637,0.21917808,0.52054795,22,1.00000000,0.00000000,0.78728573,0,0,,,0.01114442,0.99946990
v128_v110_clean_min5_d0.02_w0.35_rm0_t0.7,v110_clean,5,0.02,0.35,0.0,0.7,0.08,0.97911204,0.91481637,0.21917808,0.52054795,22,1.00000000,0.00000000,0.78728573,0,0,,,0.01114442,0.99946990
v128_v110_clean_min5_d0.02_w0.35_rm0_t0.8,v110_clean,5,0.02,0.35,0.0,0.8,0.08,0.97911204,0.91481637,0.21917808,0.52054795,22,1.00000000,0.00000000,0.78728573,0,0,,,0.01114442,0.99946990
v128_v110_clean_min5_d0.02_w0.35_rm0_t0.9,v110_clean,5,0.02,0.35,0.0,0.9,0.08,0.97911204,0.91481637,0.21917808,0.52054795,22,1.00000000,0.00000000,0.78728573,0,0,,,0.01114442,0.99946990
v128_v110_clean_min5_d0.02_w0.35_rm0.05_t0.7,v110_clean,5,0.02,0.35,0.05,0.7,0.08,0.97911204,0.91481637,0.21917808,0.52054795,22,1.00000000,0.00000000,0.78728573,0,0,,,0.01114442,0.99946990
v128_v110_clean_min5_d0.02_w0.35_rm0.05_t0.8,v110_clean,5,0.02,0.35,0.05,0.8,0.08,0.97911204,0.91481637,0.21917808,0.52054795,22,1.00000000,0.00000000,0.78728573,0,0,,,0.01114442,0.99946990
v128_v110_clean_min5_d0.02_w0.35_rm0.05_t0.9,v110_clean,5,0.02,0.35,0.05,0.9,0.08,0.97911204,0.91481637,0.21917808,0.52054795,22,1.00000000,0.00000000,0.78728573,0,0,,,0.01114442,0.99946990
v128_v110_clean_min5_d0.02_w0.35_rm0.1_t0.7,v110_clean,5,0.02,0.35,0.1,0.7,0.08,0.97911204,0.91481637,0.21917808,0.52054795,22,1.00000000,0.00000000,0.78728573,0,0,,,0.01114442,0.99946990
v128_v110_clean_min5_d0.02_w0.35_rm0.1_t0.8,v110_clean,5,0.02,0.35,0.1,0.8,0.08,0.97911204,0.91481637,0.21917808,0.52054795,22,1.00000000,0.00000000,0.78728573,0,0,,,0.01114442,0.99946990
v128_v110_clean_min5_d0.02_w0.35_rm0.1_t0.9,v110_clean,5,0.02,0.35,0.1,0.9,0.08,0.97911204,0.91481637,0.21917808,0.52054795,22,1.00000000,0.00000000,0.78728573,0,0,,,0.01114442,0.99946990
v128_v110_clean_min5_d0.02_w0.5_rm0_t0.7,v110_clean,5,0.02,0.5,0.0,0.7,0.08,0.97911204,0.91481637,0.21917808,0.52054795,22,1.00000000,0.00000000,0.78728573,0,0,,,0.01114442,0.99946990
v128_v110_clean_min5_d0.02_w0.5_rm0_t0.8,v110_clean,5,0.02,0.5,0.0,0.8,0.08,0.97911204,0.91481637,0.21917808,0.52054795,22,1.00000000,0.00000000,0.78728573,0,0,,,0.01114442,0.99946990
v128_v110_clean_min5_d0.02_w0.5_rm0_t0.9,v110_clean,5,0.02,0.5,0.0,0.9,0.08,0.97911204,0.91481637,0.21917808,0.52054795,22,1.00000000,0.00000000,0.78728573,0,0,,,0.01114442,0.99946990
v128_v110_clean_min5_d0.02_w0.5_rm0.05_t0.7,v110_clean,5,0.02,0.5,0.05,0.7,0.08,0.97911204,0.91481637,0.21917808,0.52054795,22,1.00000000,0.00000000,0.78728573,0,0,,,0.01114442,0.99946990
v128_v110_clean_min5_d0.02_w0.5_rm0.05_t0.8,v110_clean,5,0.02,0.5,0.05,0.8,0.08,0.97911204,0.91481637,0.21917808,0.52054795,22,1.00000000,0.00000000,0.78728573,0,0,,,0.01114442,0.99946990
v128_v110_clean_min5_d0.02_w0.5_rm0.05_t0.9,v110_clean,5,0.02,0.5,0.05,0.9,0.08,0.97911204,0.91481637,0.21917808,0.52054795,22,1.00000000,0.00000000,0.78728573,0,0,,,0.01114442,0.99946990
v128_v110_clean_min5_d0.02_w0.5_rm0.1_t0.7,v110_clean,5,0.02,0.5,0.1,0.7,0.08,0.97911204,0.91481637,0.21917808,0.52054795,22,1.00000000,0.00000000,0.78728573,0,0,,,0.01114442,0.99946990
v128_v110_clean_min5_d0.02_w0.5_rm0.1_t0.8,v110_clean,5,0.02,0.5,0.1,0.8,0.08,0.97911204,0.91481637,0.21917808,0.52054795,22,1.00000000,0.00000000,0.78728573,0,0,,,0.01114442,0.99946990
v128_v110_clean_min5_d0.02_w0.5_rm0.1_t0.9,v110_clean,5,0.02,0.5,0.1,0.9,0.08,0.97911204,0.91481637,0.21917808,0.52054795,22,1.00000000,0.00000000,0.78728573,0,0,,,0.01114442,0.99946990
v128_v110_clean_min5_d0.02_w0.7_rm0_t0.7,v110_clean,5,0.02,0.7,0.0,0.7,0.08,0.97911204,0.91481637,0.21917808,0.52054795,22,1.00000000,0.00000000,0.78728573,0,0,,,0.01114442,0.99946990
v128_v110_clean_min5_d0.02_w0.7_rm0_t0.8,v110_clean,5,0.02,0.7,0.0,0.8,0.08,0.97911204,0.91481637,0.21917808,0.52054795,22,1.00000000,0.00000000,0.78728573,0,0,,,0.01114442,0.99946990
v128_v110_clean_min5_d0.02_w0.7_rm0_t0.9,v110_clean,5,0.02,0.7,0.0,0.9,0.08,0.97911204,0.91481637,0.21917808,0.52054795,22,1.00000000,0.00000000,0.78728573,0,0,,,0.01114442,0.99946990
v128_v110_clean_min5_d0.02_w0.7_rm0.05_t0.7,v110_clean,5,0.02,0.7,0.05,0.7,0.08,0.97911204,0.91481637,0.21917808,0.52054795,22,1.00000000,0.00000000,0.78728573,0,0,,,0.01114442,0.99946990
v128_v110_clean_min5_d0.02_w0.7_rm0.05_t0.8,v110_clean,5,0.02,0.7,0.05,0.8,0.08,0.97911204,0.91481637,0.21917808,0.52054795,22,1.00000000,0.00000000,0.78728573,0,0,,,0.01114442,0.99946990
v128_v110_clean_min5_d0.02_w0.7_rm0.05_t0.9,v110_clean,5,0.02,0.7,0.05,0.9,0.08,0.97911204,0.91481637,0.21917808,0.52054795,22,1.00000000,0.00000000,0.78728573,0,0,,,0.01114442,0.99946990
v128_v110_clean_min5_d0.02_w0.7_rm0.1_t0.7,v110_clean,5,0.02,0.7,0.1,0.7,0.08,0.97911204,0.91481637,0.21917808,0.52054795,22,1.00000000,0.00000000,0.78728573,0,0,,,0.01114442,0.99946990
v128_v110_clean_min5_d0.02_w0.7_rm0.1_t0.8,v110_clean,5,0.02,0.7,0.1,0.8,0.08,0.97911204,0.91481637,0.21917808,0.52054795,22,1.00000000,0.00000000,0.78728573,0,0,,,0.01114442,0.99946990
v128_v110_clean_min5_d0.02_w0.7_rm0.1_t0.9,v110_clean,5,0.02,0.7,0.1,0.9,0.08,0.97911204,0.91481637,0.21917808,0.52054795,22,1.00000000,0.00000000,0.78728573,0,0,,,0.01114442,0.99946990
v128_v110_clean_min5_d0.02_w0.9_rm0_t0.7,v110_clean,5,0.02,0.9,0.0,0.7,0.08,0.97911204,0.91481637,0.21917808,0.52054795,22,1.00000000,0.00000000,0.78728573,0,0,,,0.01114442,0.99946990
v128_v110_clean_min5_d0.02_w0.9_rm0_t0.8,v110_clean,5,0.02,0.9,0.0,0.8,0.08,0.97911204,0.91481637,0.21917808,0.52054795,22,1.00000000,0.00000000,0.78728573,0,0,,,0.01114442,0.99946990
v128_v110_clean_min5_d0.02_w0.9_rm0_t0.9,v110_clean,5,0.02,0.9,0.0,0.9,0.08,0.97911204,0.91481637,0.21917808,0.52054795,22,1.00000000,0.00000000,0.78728573,0,0,,,0.01114442,0.99946990
v128_v110_clean_min5_d0.02_w0.9_rm0.05_t0.7,v110_clean,5,0.02,0.9,0.05,0.7,0.08,0.97911204,0.91481637,0.21917808,0.52054795,22,1.00000000,0.00000000,0.78728573,0,0,,,0.01114442,0.99946990
v128_v110_clean_min5_d0.02_w0.9_rm0.05_t0.8,v110_clean,5,0.02,0.9,0.05,0.8,0.08,0.97911204,0.91481637,0.21917808,0.52054795,22,1.00000000,0.00000000,0.78728573,0,0,,,0.01114442,0.99946990
v128_v110_clean_min5_d0.02_w0.9_rm0.05_t0.9,v110_clean,5,0.02,0.9,0.05,0.9,0.08,0.97911204,0.91481637,0.21917808,0.52054795,22,1.00000000,0.00000000,0.78728573,0,0,,,0.01114442,0.99946990
v128_v110_clean_min5_d0.02_w0.9_rm0.1_t0.7,v110_clean,5,0.02,0.9,0.1,0.7,0.08,0.97911204,0.91481637,0.21917808,0.52054795,22,1.00000000,0.00000000,0.78728573,0,0,,,0.01114442,0.99946990
v128_v110_clean_min5_d0.02_w0.9_rm0.1_t0.8,v110_clean,5,0.02,0.9,0.1,0.8,0.08,0.97911204,0.91481637,0.21917808,0.52054795,22,1.00000000,0.00000000,0.78728573,0,0,,,0.01114442,0.99946990
v128_v110_clean_min5_d0.02_w0.9_rm0.1_t0.9,v110_clean,5,0.02,0.9,0.1,0.9,0.08,0.97911204,0.91481637,0.21917808,0.52054795,22,1.00000000,0.00000000,0.78728573,0,0,,,0.01114442,0.99946990
v128_v110_clean_min10_d0.01_w0.35_rm0_t0.7,v110_clean,10,0.01,0.35,0.0,0.7,0.08,0.97911204,0.91481637,0.21917808,0.52054795,22,1.00000000,0.00000000,0.78728573,0,0,,,0.01114442,0.99946990
v128_v110_clean_min10_d0.01_w0.35_rm0_t0.8,v110_clean,10,0.01,0.35,0.0,0.8,0.08,0.97911204,0.91481637,0.21917808,0.52054795,22,1.00000000,0.00000000,0.78728573,0,0,,,0.01114442,0.99946990
v128_v110_clean_min10_d0.01_w0.35_rm0_t0.9,v110_clean,10,0.01,0.35,0.0,0.9,0.08,0.97911204,0.91481637,0.21917808,0.52054795,22,1.00000000,0.00000000,0.78728573,0,0,,,0.01114442,0.99946990
v128_v110_clean_min10_d0.01_w0.35_rm0.05_t0.7,v110_clean,10,0.01,0.35,0.05,0.7,0.08,0.97911204,0.91481637,0.21917808,0.52054795,22,1.00000000,0.00000000,0.78728573,0,0,,,0.01114442,0.99946990
v128_v110_clean_min10_d0.01_w0.35_rm0.05_t0.8,v110_clean,10,0.01,0.35,0.05,0.8,0.08,0.97911204,0.91481637,0.21917808,0.52054795,22,1.00000000,0.00000000,0.78728573,0,0,,,0.01114442,0.99946990
v128_v110_clean_min10_d0.01_w0.35_rm0.05_t0.9,v110_clean,10,0.01,0.35,0.05,0.9,0.08,0.97911204,0.91481637,0.21917808,0.52054795,22,1.00000000,0.00000000,0.78728573,0,0,,,0.01114442,0.99946990
v128_v110_clean_min10_d0.01_w0.35_rm0.1_t0.7,v110_clean,10,0.01,0.35,0.1,0.7,0.08,0.97911204,0.91481637,0.21917808,0.52054795,22,1.00000000,0.00000000,0.78728573,0,0,,,0.01114442,0.99946990
v128_v110_clean_min10_d0.01_w0.35_rm0.1_t0.8,v110_clean,10,0.01,0.35,0.1,0.8,0.08,0.97911204,0.91481637,0.21917808,0.52054795,22,1.00000000,0.00000000,0.78728573,0,0,,,0.01114442,0.99946990
v128_v110_clean_min10_d0.01_w0.35_rm0.1_t0.9,v110_clean,10,0.01,0.35,0.1,0.9,0.08,0.97911204,0.91481637,0.21917808,0.52054795,22,1.00000000,0.00000000,0.78728573,0,0,,,0.01114442,0.99946990
v128_v110_clean_min10_d0.01_w0.5_rm0_t0.7,v110_clean,10,0.01,0.5,0.0,0.7,0.08,0.97911204,0.91481637,0.21917808,0.52054795,22,1.00000000,0.00000000,0.78728573,0,0,,,0.01114442,0.99946990
v128_v110_clean_min10_d0.01_w0.5_rm0_t0.8,v110_clean,10,0.01,0.5,0.0,0.8,0.08,0.97911204,0.91481637,0.21917808,0.52054795,22,1.00000000,0.00000000,0.78728573,0,0,,,0.01114442,0.99946990
v128_v110_clean_min10_d0.01_w0.5_rm0_t0.9,v110_clean,10,0.01,0.5,0.0,0.9,0.08,0.97911204,0.91481637,0.21917808,0.52054795,22,1.00000000,0.00000000,0.78728573,0,0,,,0.01114442,0.99946990
v128_v110_clean_min10_d0.01_w0.5_rm0.05_t0.7,v110_clean,10,0.01,0.5,0.05,0.7,0.08,0.97911204,0.91481637,0.21917808,0.52054795,22,1.00000000,0.00000000,0.78728573,0,0,,,0.01114442,0.99946990
v128_v110_clean_min10_d0.01_w0.5_rm0.05_t0.8,v110_clean,10,0.01,0.5,0.05,0.8,0.08,0.97911204,0.91481637,0.21917808,0.52054795,22,1.00000000,0.00000000,0.78728573,0,0,,,0.01114442,0.99946990
v128_v110_clean_min10_d0.01_w0.5_rm0.05_t0.9,v110_clean,10,0.01,0.5,0.05,0.9,0.08,0.97911204,0.91481637,0.21917808,0.52054795,22,1.00000000,0.00000000,0.78728573,0,0,,,0.01114442,0.99946990
v128_v110_clean_min10_d0.01_w0.5_rm0.1_t0.7,v110_clean,10,0.01,0.5,0.1,0.7,0.08,0.97911204,0.91481637,0.21917808,0.52054795,22,1.00000000,0.00000000,0.78728573,0,0,,,0.01114442,0.99946990
v128_v110_clean_min10_d0.01_w0.5_rm0.1_t0.8,v110_clean,10,0.01,0.5,0.1,0.8,0.08,0.97911204,0.91481637,0.21917808,0.52054795,22,1.00000000,0.00000000,0.78728573,0,0,,,0.01114442,0.99946990
v128_v110_clean_min10_d0.01_w0.5_rm0.1_t0.9,v110_clean,10,0.01,0.5,0.1,0.9,0.08,0.97911204,0.91481637,0.21917808,0.52054795,22,1.00000000,0.00000000,0.78728573,0,0,,,0.01114442,0.99946990
v128_v110_clean_min10_d0.01_w0.7_rm0_t0.7,v110_clean,10,0.01,0.7,0.0,0.7,0.08,0.97911204,0.91481637,0.21917808,0.52054795,22,1.00000000,0.00000000,0.78728573,0,0,,,0.01114442,0.99946990
v128_v110_clean_min10_d0.01_w0.7_rm0_t0.8,v110_clean,10,0.01,0.7,0.0,0.8,0.08,0.97911204,0.91481637,0.21917808,0.52054795,22,1.00000000,0.00000000,0.78728573,0,0,,,0.01114442,0.99946990
v128_v110_clean_min10_d0.01_w0.7_rm0_t0.9,v110_clean,10,0.01,0.7,0.0,0.9,0.08,0.97911204,0.91481637,0.21917808,0.52054795,22,1.00000000,0.00000000,0.78728573,0,0,,,0.01114442,0.99946990
v128_v110_clean_min10_d0.01_w0.7_rm0.05_t0.7,v110_clean,10,0.01,0.7,0.05,0.7,0.08,0.97911204,0.91481637,0.21917808,0.52054795,22,1.00000000,0.00000000,0.78728573,0,0,,,0.01114442,0.99946990
v128_v110_clean_min10_d0.01_w0.7_rm0.05_t0.8,v110_clean,10,0.01,0.7,0.05,0.8,0.08,0.97911204,0.91481637,0.21917808,0.52054795,22,1.00000000,0.00000000,0.78728573,0,0,,,0.01114442,0.99946990
v128_v110_clean_min10_d0.01_w0.7_rm0.05_t0.9,v110_clean,10,0.01,0.7,0.05,0.9,0.08,0.97911204,0.91481637,0.21917808,0.52054795,22,1.00000000,0.00000000,0.78728573,0,0,,,0.01114442,0.99946990
v128_v110_clean_min10_d0.01_w0.7_rm0.1_t0.7,v110_clean,10,0.01,0.7,0.1,0.7,0.08,0.97911204,0.91481637,0.21917808,0.52054795,22,1.00000000,0.00000000,0.78728573,0,0,,,0.01114442,0.99946990
v128_v110_clean_min10_d0.01_w0.7_rm0.1_t0.8,v110_clean,10,0.01,0.7,0.1,0.8,0.08,0.97911204,0.91481637,0.21917808,0.52054795,22,1.00000000,0.00000000,0.78728573,0,0,,,0.01114442,0.99946990
v128_v110_clean_min10_d0.01_w0.7_rm0.1_t0.9,v110_clean,10,0.01,0.7,0.1,0.9,0.08,0.97911204,0.91481637,0.21917808,0.52054795,22,1.00000000,0.00000000,0.78728573,0,0,,,0.01114442,0.99946990
v128_v110_clean_min10_d0.01_w0.9_rm0_t0.7,v110_clean,10,0.01,0.9,0.0,0.7,0.08,0.97911204,0.91481637,0.21917808,0.52054795,22,1.00000000,0.00000000,0.78728573,0,0,,,0.01114442,0.99946990
v128_v110_clean_min10_d0.01_w0.9_rm0_t0.8,v110_clean,10,0.01,0.9,0.0,0.8,0.08,0.97911204,0.91481637,0.21917808,0.52054795,22,1.00000000,0.00000000,0.78728573,0,0,,,0.01114442,0.99946990
v128_v110_clean_min10_d0.01_w0.9_rm0_t0.9,v110_clean,10,0.01,0.9,0.0,0.9,0.08,0.97911204,0.91481637,0.21917808,0.52054795,22,1.00000000,0.00000000,0.78728573,0,0,,,0.01114442,0.99946990
v128_v110_clean_min10_d0.01_w0.9_rm0.05_t0.7,v110_clean,10,0.01,0.9,0.05,0.7,0.08,0.97911204,0.91481637,0.21917808,0.52054795,22,1.00000000,0.00000000,0.78728573,0,0,,,0.01114442,0.99946990
v128_v110_clean_min10_d0.01_w0.9_rm0.05_t0.8,v110_clean,10,0.01,0.9,0.05,0.8,0.08,0.97911204,0.91481637,0.21917808,0.52054795,22,1.00000000,0.00000000,0.78728573,0,0,,,0.01114442,0.99946990
v128_v110_clean_min10_d0.01_w0.9_rm0.05_t0.9,v110_clean,10,0.01,0.9,0.05,0.9,0.08,0.97911204,0.91481637,0.21917808,0.52054795,22,1.00000000,0.00000000,0.78728573,0,0,,,0.01114442,0.99946990
v128_v110_clean_min10_d0.01_w0.9_rm0.1_t0.7,v110_clean,10,0.01,0.9,0.1,0.7,0.08,0.97911204,0.91481637,0.21917808,0.52054795,22,1.00000000,0.00000000,0.78728573,0,0,,,0.01114442,0.99946990
v128_v110_clean_min10_d0.01_w0.9_rm0.1_t0.8,v110_clean,10,0.01,0.9,0.1,0.8,0.08,0.97911204,0.91481637,0.21917808,0.52054795,22,1.00000000,0.00000000,0.78728573,0,0,,,0.01114442,0.99946990
v128_v110_clean_min10_d0.01_w0.9_rm0.1_t0.9,v110_clean,10,0.01,0.9,0.1,0.9,0.08,0.97911204,0.91481637,0.21917808,0.52054795,22,1.00000000,0.00000000,0.78728573,0,0,,,0.01114442,0.99946990
v128_v110_clean_min10_d0.02_w0.35_rm0_t0.7,v110_clean,10,0.02,0.35,0.0,0.7,0.08,0.97911204,0.91481637,0.21917808,0.52054795,22,1.00000000,0.00000000,0.78728573,0,0,,,0.01114442,0.99946990
v128_v110_clean_min10_d0.02_w0.35_rm0_t0.8,v110_clean,10,0.02,0.35,0.0,0.8,0.08,0.97911204,0.91481637,0.21917808,0.52054795,22,1.00000000,0.00000000,0.78728573,0,0,,,0.01114442,0.99946990
v128_v110_clean_min10_d0.02_w0.35_rm0_t0.9,v110_clean,10,0.02,0.35,0.0,0.9,0.08,0.97911204,0.91481637,0.21917808,0.52054795,22,1.00000000,0.00000000,0.78728573,0,0,,,0.01114442,0.99946990
v128_v110_clean_min10_d0.02_w0.35_rm0.05_t0.7,v110_clean,10,0.02,0.35,0.05,0.7,0.08,0.97911204,0.91481637,0.21917808,0.52054795,22,1.00000000,0.00000000,0.78728573,0,0,,,0.01114442,0.99946990
v128_v110_clean_min10_d0.02_w0.35_rm0.05_t0.8,v110_clean,10,0.02,0.35,0.05,0.8,0.08,0.97911204,0.91481637,0.21917808,0.52054795,22,1.00000000,0.00000000,0.78728573,0,0,,,0.01114442,0.99946990
v128_v110_clean_min10_d0.02_w0.35_rm0.05_t0.9,v110_clean,10,0.02,0.35,0.05,0.9,0.08,0.97911204,0.91481637,0.21917808,0.52054795,22,1.00000000,0.00000000,0.78728573,0,0,,,0.01114442,0.99946990
v128_v110_clean_min10_d0.02_w0.35_rm0.1_t0.7,v110_clean,10,0.02,0.35,0.1,0.7,0.08,0.97911204,0.91481637,0.21917808,0.52054795,22,1.00000000,0.00000000,0.78728573,0,0,,,0.01114442,0.99946990
v128_v110_clean_min10_d0.02_w0.35_rm0.1_t0.8,v110_clean,10,0.02,0.35,0.1,0.8,0.08,0.97911204,0.91481637,0.21917808,0.52054795,22,1.00000000,0.00000000,0.78728573,0,0,,,0.01114442,0.99946990
v128_v110_clean_min10_d0.02_w0.35_rm0.1_t0.9,v110_clean,10,0.02,0.35,0.1,0.9,0.08,0.97911204,0.91481637,0.21917808,0.52054795,22,1.00000000,0.00000000,0.78728573,0,0,,,0.01114442,0.99946990
v128_v110_clean_min10_d0.02_w0.5_rm0_t0.7,v110_clean,10,0.02,0.5,0.0,0.7,0.08,0.97911204,0.91481637,0.21917808,0.52054795,22,1.00000000,0.00000000,0.78728573,0,0,,,0.01114442,0.99946990
v128_v110_clean_min10_d0.02_w0.5_rm0_t0.8,v110_clean,10,0.02,0.5,0.0,0.8,0.08,0.97911204,0.91481637,0.21917808,0.52054795,22,1.00000000,0.00000000,0.78728573,0,0,,,0.01114442,0.99946990
v128_v110_clean_min10_d0.02_w0.5_rm0_t0.9,v110_clean,10,0.02,0.5,0.0,0.9,0.08,0.97911204,0.91481637,0.21917808,0.52054795,22,1.00000000,0.00000000,0.78728573,0,0,,,0.01114442,0.99946990
v128_v110_clean_min10_d0.02_w0.5_rm0.05_t0.7,v110_clean,10,0.02,0.5,0.05,0.7,0.08,0.97911204,0.91481637,0.21917808,0.52054795,22,1.00000000,0.00000000,0.78728573,0,0,,,0.01114442,0.99946990
v128_v110_clean_min10_d0.02_w0.5_rm0.05_t0.8,v110_clean,10,0.02,0.5,0.05,0.8,0.08,0.97911204,0.91481637,0.21917808,0.52054795,22,1.00000000,0.00000000,0.78728573,0,0,,,0.01114442,0.99946990
v128_v110_clean_min10_d0.02_w0.5_rm0.05_t0.9,v110_clean,10,0.02,0.5,0.05,0.9,0.08,0.97911204,0.91481637,0.21917808,0.52054795,22,1.00000000,0.00000000,0.78728573,0,0,,,0.01114442,0.99946990
v128_v110_clean_min10_d0.02_w0.5_rm0.1_t0.7,v110_clean,10,0.02,0.5,0.1,0.7,0.08,0.97911204,0.91481637,0.21917808,0.52054795,22,1.00000000,0.00000000,0.78728573,0,0,,,0.01114442,0.99946990
v128_v110_clean_min10_d0.02_w0.5_rm0.1_t0.8,v110_clean,10,0.02,0.5,0.1,0.8,0.08,0.97911204,0.91481637,0.21917808,0.52054795,22,1.00000000,0.00000000,0.78728573,0,0,,,0.01114442,0.99946990
v128_v110_clean_min10_d0.02_w0.5_rm0.1_t0.9,v110_clean,10,0.02,0.5,0.1,0.9,0.08,0.97911204,0.91481637,0.21917808,0.52054795,22,1.00000000,0.00000000,0.78728573,0,0,,,0.01114442,0.99946990
v128_v110_clean_min10_d0.02_w0.7_rm0_t0.7,v110_clean,10,0.02,0.7,0.0,0.7,0.08,0.97911204,0.91481637,0.21917808,0.52054795,22,1.00000000,0.00000000,0.78728573,0,0,,,0.01114442,0.99946990
v128_v110_clean_min10_d0.02_w0.7_rm0_t0.8,v110_clean,10,0.02,0.7,0.0,0.8,0.08,0.97911204,0.91481637,0.21917808,0.52054795,22,1.00000000,0.00000000,0.78728573,0,0,,,0.01114442,0.99946990
v128_v110_clean_min10_d0.02_w0.7_rm0_t0.9,v110_clean,10,0.02,0.7,0.0,0.9,0.08,0.97911204,0.91481637,0.21917808,0.52054795,22,1.00000000,0.00000000,0.78728573,0,0,,,0.01114442,0.99946990
v128_v110_clean_min10_d0.02_w0.7_rm0.05_t0.7,v110_clean,10,0.02,0.7,0.05,0.7,0.08,0.97911204,0.91481637,0.21917808,0.52054795,22,1.00000000,0.00000000,0.78728573,0,0,,,0.01114442,0.99946990
v128_v110_clean_min10_d0.02_w0.7_rm0.05_t0.8,v110_clean,10,0.02,0.7,0.05,0.8,0.08,0.97911204,0.91481637,0.21917808,0.52054795,22,1.00000000,0.00000000,0.78728573,0,0,,,0.01114442,0.99946990
v128_v110_clean_min10_d0.02_w0.7_rm0.05_t0.9,v110_clean,10,0.02,0.7,0.05,0.9,0.08,0.97911204,0.91481637,0.21917808,0.52054795,22,1.00000000,0.00000000,0.78728573,0,0,,,0.01114442,0.99946990
v128_v110_clean_min10_d0.02_w0.7_rm0.1_t0.7,v110_clean,10,0.02,0.7,0.1,0.7,0.08,0.97911204,0.91481637,0.21917808,0.52054795,22,1.00000000,0.00000000,0.78728573,0,0,,,0.01114442,0.99946990
v128_v110_clean_min10_d0.02_w0.7_rm0.1_t0.8,v110_clean,10,0.02,0.7,0.1,0.8,0.08,0.97911204,0.91481637,0.21917808,0.52054795,22,1.00000000,0.00000000,0.78728573,0,0,,,0.01114442,0.99946990
v128_v110_clean_min10_d0.02_w0.7_rm0.1_t0.9,v110_clean,10,0.02,0.7,0.1,0.9,0.08,0.97911204,0.91481637,0.21917808,0.52054795,22,1.00000000,0.00000000,0.78728573,0,0,,,0.01114442,0.99946990
v128_v110_clean_min10_d0.02_w0.9_rm0_t0.7,v110_clean,10,0.02,0.9,0.0,0.7,0.08,0.97911204,0.91481637,0.21917808,0.52054795,22,1.00000000,0.00000000,0.78728573,0,0,,,0.01114442,0.99946990
v128_v110_clean_min10_d0.02_w0.9_rm0_t0.8,v110_clean,10,0.02,0.9,0.0,0.8,0.08,0.97911204,0.91481637,0.21917808,0.52054795,22,1.00000000,0.00000000,0.78728573,0,0,,,0.01114442,0.99946990
v128_v110_clean_min10_d0.02_w0.9_rm0_t0.9,v110_clean,10,0.02,0.9,0.0,0.9,0.08,0.97911204,0.91481637,0.21917808,0.52054795,22,1.00000000,0.00000000,0.78728573,0,0,,,0.01114442,0.99946990
v128_v110_clean_min10_d0.02_w0.9_rm0.05_t0.7,v110_clean,10,0.02,0.9,0.05,0.7,0.08,0.97911204,0.91481637,0.21917808,0.52054795,22,1.00000000,0.00000000,0.78728573,0,0,,,0.01114442,0.99946990
v128_v110_clean_min10_d0.02_w0.9_rm0.05_t0.8,v110_clean,10,0.02,0.9,0.05,0.8,0.08,0.97911204,0.91481637,0.21917808,0.52054795,22,1.00000000,0.00000000,0.78728573,0,0,,,0.01114442,0.99946990
v128_v110_clean_min10_d0.02_w0.9_rm0.05_t0.9,v110_clean,10,0.02,0.9,0.05,0.9,0.08,0.97911204,0.91481637,0.21917808,0.52054795,22,1.00000000,0.00000000,0.78728573,0,0,,,0.01114442,0.99946990
v128_v110_clean_min10_d0.02_w0.9_rm0.1_t0.7,v110_clean,10,0.02,0.9,0.1,0.7,0.08,0.97911204,0.91481637,0.21917808,0.52054795,22,1.00000000,0.00000000,0.78728573,0,0,,,0.01114442,0.99946990
v128_v110_clean_min10_d0.02_w0.9_rm0.1_t0.8,v110_clean,10,0.02,0.9,0.1,0.8,0.08,0.97911204,0.91481637,0.21917808,0.52054795,22,1.00000000,0.00000000,0.78728573,0,0,,,0.01114442,0.99946990
v128_v110_clean_min10_d0.02_w0.9_rm0.1_t0.9,v110_clean,10,0.02,0.9,0.1,0.9,0.08,0.97911204,0.91481637,0.21917808,0.52054795,22,1.00000000,0.00000000,0.78728573,0,0,,,0.01114442,0.99946990
v128_v110_clean_min15_d0.01_w0.35_rm0_t0.7,v110_clean,15,0.01,0.35,0.0,0.7,0.08,0.97911204,0.91481637,0.21917808,0.52054795,22,1.00000000,0.00000000,0.78728573,0,0,,,0.01114442,0.99946990
v128_v110_clean_min15_d0.01_w0.35_rm0_t0.8,v110_clean,15,0.01,0.35,0.0,0.8,0.08,0.97911204,0.91481637,0.21917808,0.52054795,22,1.00000000,0.00000000,0.78728573,0,0,,,0.01114442,0.99946990
v128_v110_clean_min15_d0.01_w0.35_rm0_t0.9,v110_clean,15,0.01,0.35,0.0,0.9,0.08,0.97911204,0.91481637,0.21917808,0.52054795,22,1.00000000,0.00000000,0.78728573,0,0,,,0.01114442,0.99946990
v128_v110_clean_min15_d0.01_w0.35_rm0.05_t0.7,v110_clean,15,0.01,0.35,0.05,0.7,0.08,0.97911204,0.91481637,0.21917808,0.52054795,22,1.00000000,0.00000000,0.78728573,0,0,,,0.01114442,0.99946990
v128_v110_clean_min15_d0.01_w0.35_rm0.05_t0.8,v110_clean,15,0.01,0.35,0.05,0.8,0.08,0.97911204,0.91481637,0.21917808,0.52054795,22,1.00000000,0.00000000,0.78728573,0,0,,,0.01114442,0.99946990
v128_v110_clean_min15_d0.01_w0.35_rm0.05_t0.9,v110_clean,15,0.01,0.35,0.05,0.9,0.08,0.97911204,0.91481637,0.21917808,0.52054795,22,1.00000000,0.00000000,0.78728573,0,0,,,0.01114442,0.99946990
v128_v110_clean_min15_d0.01_w0.35_rm0.1_t0.7,v110_clean,15,0.01,0.35,0.1,0.7,0.08,0.97911204,0.91481637,0.21917808,0.52054795,22,1.00000000,0.00000000,0.78728573,0,0,,,0.01114442,0.99946990
v128_v110_clean_min15_d0.01_w0.35_rm0.1_t0.8,v110_clean,15,0.01,0.35,0.1,0.8,0.08,0.97911204,0.91481637,0.21917808,0.52054795,22,1.00000000,0.00000000,0.78728573,0,0,,,0.01114442,0.99946990
v128_v110_clean_min15_d0.01_w0.35_rm0.1_t0.9,v110_clean,15,0.01,0.35,0.1,0.9,0.08,0.97911204,0.91481637,0.21917808,0.52054795,22,1.00000000,0.00000000,0.78728573,0,0,,,0.01114442,0.99946990
v128_v110_clean_min15_d0.01_w0.5_rm0_t0.7,v110_clean,15,0.01,0.5,0.0,0.7,0.08,0.97911204,0.91481637,0.21917808,0.52054795,22,1.00000000,0.00000000,0.78728573,0,0,,,0.01114442,0.99946990
v128_v110_clean_min15_d0.01_w0.5_rm0_t0.8,v110_clean,15,0.01,0.5,0.0,0.8,0.08,0.97911204,0.91481637,0.21917808,0.52054795,22,1.00000000,0.00000000,0.78728573,0,0,,,0.01114442,0.99946990
v128_v110_clean_min15_d0.01_w0.5_rm0_t0.9,v110_clean,15,0.01,0.5,0.0,0.9,0.08,0.97911204,0.91481637,0.21917808,0.52054795,22,1.00000000,0.00000000,0.78728573,0,0,,,0.01114442,0.99946990
v128_v110_clean_min15_d0.01_w0.5_rm0.05_t0.7,v110_clean,15,0.01,0.5,0.05,0.7,0.08,0.97911204,0.91481637,0.21917808,0.52054795,22,1.00000000,0.00000000,0.78728573,0,0,,,0.01114442,0.99946990
v128_v110_clean_min15_d0.01_w0.5_rm0.05_t0.8,v110_clean,15,0.01,0.5,0.05,0.8,0.08,0.97911204,0.91481637,0.21917808,0.52054795,22,1.00000000,0.00000000,0.78728573,0,0,,,0.01114442,0.99946990
v128_v110_clean_min15_d0.01_w0.5_rm0.05_t0.9,v110_clean,15,0.01,0.5,0.05,0.9,0.08,0.97911204,0.91481637,0.21917808,0.52054795,22,1.00000000,0.00000000,0.78728573,0,0,,,0.01114442,0.99946990
v128_v110_clean_min15_d0.01_w0.5_rm0.1_t0.7,v110_clean,15,0.01,0.5,0.1,0.7,0.08,0.97911204,0.91481637,0.21917808,0.52054795,22,1.00000000,0.00000000,0.78728573,0,0,,,0.01114442,0.99946990
v128_v110_clean_min15_d0.01_w0.5_rm0.1_t0.8,v110_clean,15,0.01,0.5,0.1,0.8,0.08,0.97911204,0.91481637,0.21917808,0.52054795,22,1.00000000,0.00000000,0.78728573,0,0,,,0.01114442,0.99946990
v128_v110_clean_min15_d0.01_w0.5_rm0.1_t0.9,v110_clean,15,0.01,0.5,0.1,0.9,0.08,0.97911204,0.91481637,0.21917808,0.52054795,22,1.00000000,0.00000000,0.78728573,0,0,,,0.01114442,0.99946990
v128_v110_clean_min15_d0.01_w0.7_rm0_t0.7,v110_clean,15,0.01,0.7,0.0,0.7,0.08,0.97911204,0.91481637,0.21917808,0.52054795,22,1.00000000,0.00000000,0.78728573,0,0,,,0.01114442,0.99946990
v128_v110_clean_min15_d0.01_w0.7_rm0_t0.8,v110_clean,15,0.01,0.7,0.0,0.8,0.08,0.97911204,0.91481637,0.21917808,0.52054795,22,1.00000000,0.00000000,0.78728573,0,0,,,0.01114442,0.99946990
v128_v110_clean_min15_d0.01_w0.7_rm0_t0.9,v110_clean,15,0.01,0.7,0.0,0.9,0.08,0.97911204,0.91481637,0.21917808,0.52054795,22,1.00000000,0.00000000,0.78728573,0,0,,,0.01114442,0.99946990
v128_v110_clean_min15_d0.01_w0.7_rm0.05_t0.7,v110_clean,15,0.01,0.7,0.05,0.7,0.08,0.97911204,0.91481637,0.21917808,0.52054795,22,1.00000000,0.00000000,0.78728573,0,0,,,0.01114442,0.99946990
v128_v110_clean_min15_d0.01_w0.7_rm0.05_t0.8,v110_clean,15,0.01,0.7,0.05,0.8,0.08,0.97911204,0.91481637,0.21917808,0.52054795,22,1.00000000,0.00000000,0.78728573,0,0,,,0.01114442,0.99946990
v128_v110_clean_min15_d0.01_w0.7_rm0.05_t0.9,v110_clean,15,0.01,0.7,0.05,0.9,0.08,0.97911204,0.91481637,0.21917808,0.52054795,22,1.00000000,0.00000000,0.78728573,0,0,,,0.01114442,0.99946990
v128_v110_clean_min15_d0.01_w0.7_rm0.1_t0.7,v110_clean,15,0.01,0.7,0.1,0.7,0.08,0.97911204,0.91481637,0.21917808,0.52054795,22,1.00000000,0.00000000,0.78728573,0,0,,,0.01114442,0.99946990
v128_v110_clean_min15_d0.01_w0.7_rm0.1_t0.8,v110_clean,15,0.01,0.7,0.1,0.8,0.08,0.97911204,0.91481637,0.21917808,0.52054795,22,1.00000000,0.00000000,0.78728573,0,0,,,0.01114442,0.99946990
v128_v110_clean_min15_d0.01_w0.7_rm0.1_t0.9,v110_clean,15,0.01,0.7,0.1,0.9,0.08,0.97911204,0.91481637,0.21917808,0.52054795,22,1.00000000,0.00000000,0.78728573,0,0,,,0.01114442,0.99946990
v128_v110_clean_min15_d0.01_w0.9_rm0_t0.7,v110_clean,15,0.01,0.9,0.0,0.7,0.08,0.97911204,0.91481637,0.21917808,0.52054795,22,1.00000000,0.00000000,0.78728573,0,0,,,0.01114442,0.99946990
v128_v110_clean_min15_d0.01_w0.9_rm0_t0.8,v110_clean,15,0.01,0.9,0.0,0.8,0.08,0.97911204,0.91481637,0.21917808,0.52054795,22,1.00000000,0.00000000,0.78728573,0,0,,,0.01114442,0.99946990
v128_v110_clean_min15_d0.01_w0.9_rm0_t0.9,v110_clean,15,0.01,0.9,0.0,0.9,0.08,0.97911204,0.91481637,0.21917808,0.52054795,22,1.00000000,0.00000000,0.78728573,0,0,,,0.01114442,0.99946990
v128_v110_clean_min15_d0.01_w0.9_rm0.05_t0.7,v110_clean,15,0.01,0.9,0.05,0.7,0.08,0.97911204,0.91481637,0.21917808,0.52054795,22,1.00000000,0.00000000,0.78728573,0,0,,,0.01114442,0.99946990
v128_v110_clean_min15_d0.01_w0.9_rm0.05_t0.8,v110_clean,15,0.01,0.9,0.05,0.8,0.08,0.97911204,0.91481637,0.21917808,0.52054795,22,1.00000000,0.00000000,0.78728573,0,0,,,0.01114442,0.99946990
v128_v110_clean_min15_d0.01_w0.9_rm0.05_t0.9,v110_clean,15,0.01,0.9,0.05,0.9,0.08,0.97911204,0.91481637,0.21917808,0.52054795,22,1.00000000,0.00000000,0.78728573,0,0,,,0.01114442,0.99946990
v128_v110_clean_min15_d0.01_w0.9_rm0.1_t0.7,v110_clean,15,0.01,0.9,0.1,0.7,0.08,0.97911204,0.91481637,0.21917808,0.52054795,22,1.00000000,0.00000000,0.78728573,0,0,,,0.01114442,0.99946990
v128_v110_clean_min15_d0.01_w0.9_rm0.1_t0.8,v110_clean,15,0.01,0.9,0.1,0.8,0.08,0.97911204,0.91481637,0.21917808,0.52054795,22,1.00000000,0.00000000,0.78728573,0,0,,,0.01114442,0.99946990
v128_v110_clean_min15_d0.01_w0.9_rm0.1_t0.9,v110_clean,15,0.01,0.9,0.1,0.9,0.08,0.97911204,0.91481637,0.21917808,0.52054795,22,1.00000000,0.00000000,0.78728573,0,0,,,0.01114442,0.99946990
v128_v110_clean_min15_d0.02_w0.35_rm0_t0.7,v110_clean,15,0.02,0.35,0.0,0.7,0.08,0.97911204,0.91481637,0.21917808,0.52054795,22,1.00000000,0.00000000,0.78728573,0,0,,,0.01114442,0.99946990
v128_v110_clean_min15_d0.02_w0.35_rm0_t0.8,v110_clean,15,0.02,0.35,0.0,0.8,0.08,0.97911204,0.91481637,0.21917808,0.52054795,22,1.00000000,0.00000000,0.78728573,0,0,,,0.01114442,0.99946990
v128_v110_clean_min15_d0.02_w0.35_rm0_t0.9,v110_clean,15,0.02,0.35,0.0,0.9,0.08,0.97911204,0.91481637,0.21917808,0.52054795,22,1.00000000,0.00000000,0.78728573,0,0,,,0.01114442,0.99946990
v128_v110_clean_min15_d0.02_w0.35_rm0.05_t0.7,v110_clean,15,0.02,0.35,0.05,0.7,0.08,0.97911204,0.91481637,0.21917808,0.52054795,22,1.00000000,0.00000000,0.78728573,0,0,,,0.01114442,0.99946990
v128_v110_clean_min15_d0.02_w0.35_rm0.05_t0.8,v110_clean,15,0.02,0.35,0.05,0.8,0.08,0.97911204,0.91481637,0.21917808,0.52054795,22,1.00000000,0.00000000,0.78728573,0,0,,,0.01114442,0.99946990
v128_v110_clean_min15_d0.02_w0.35_rm0.05_t0.9,v110_clean,15,0.02,0.35,0.05,0.9,0.08,0.97911204,0.91481637,0.21917808,0.52054795,22,1.00000000,0.00000000,0.78728573,0,0,,,0.01114442,0.99946990
v128_v110_clean_min15_d0.02_w0.35_rm0.1_t0.7,v110_clean,15,0.02,0.35,0.1,0.7,0.08,0.97911204,0.91481637,0.21917808,0.52054795,22,1.00000000,0.00000000,0.78728573,0,0,,,0.01114442,0.99946990
v128_v110_clean_min15_d0.02_w0.35_rm0.1_t0.8,v110_clean,15,0.02,0.35,0.1,0.8,0.08,0.97911204,0.91481637,0.21917808,0.52054795,22,1.00000000,0.00000000,0.78728573,0,0,,,0.01114442,0.99946990
v128_v110_clean_min15_d0.02_w0.35_rm0.1_t0.9,v110_clean,15,0.02,0.35,0.1,0.9,0.08,0.97911204,0.91481637,0.21917808,0.52054795,22,1.00000000,0.00000000,0.78728573,0,0,,,0.01114442,0.99946990
v128_v110_clean_min15_d0.02_w0.5_rm0_t0.7,v110_clean,15,0.02,0.5,0.0,0.7,0.08,0.97911204,0.91481637,0.21917808,0.52054795,22,1.00000000,0.00000000,0.78728573,0,0,,,0.01114442,0.99946990
v128_v110_clean_min15_d0.02_w0.5_rm0_t0.8,v110_clean,15,0.02,0.5,0.0,0.8,0.08,0.97911204,0.91481637,0.21917808,0.52054795,22,1.00000000,0.00000000,0.78728573,0,0,,,0.01114442,0.99946990
v128_v110_clean_min15_d0.02_w0.5_rm0_t0.9,v110_clean,15,0.02,0.5,0.0,0.9,0.08,0.97911204,0.91481637,0.21917808,0.52054795,22,1.00000000,0.00000000,0.78728573,0,0,,,0.01114442,0.99946990
v128_v110_clean_min15_d0.02_w0.5_rm0.05_t0.7,v110_clean,15,0.02,0.5,0.05,0.7,0.08,0.97911204,0.91481637,0.21917808,0.52054795,22,1.00000000,0.00000000,0.78728573,0,0,,,0.01114442,0.99946990
v128_v110_clean_min15_d0.02_w0.5_rm0.05_t0.8,v110_clean,15,0.02,0.5,0.05,0.8,0.08,0.97911204,0.91481637,0.21917808,0.52054795,22,1.00000000,0.00000000,0.78728573,0,0,,,0.01114442,0.99946990
v128_v110_clean_min15_d0.02_w0.5_rm0.05_t0.9,v110_clean,15,0.02,0.5,0.05,0.9,0.08,0.97911204,0.91481637,0.21917808,0.52054795,22,1.00000000,0.00000000,0.78728573,0,0,,,0.01114442,0.99946990
v128_v110_clean_min15_d0.02_w0.5_rm0.1_t0.7,v110_clean,15,0.02,0.5,0.1,0.7,0.08,0.97911204,0.91481637,0.21917808,0.52054795,22,1.00000000,0.00000000,0.78728573,0,0,,,0.01114442,0.99946990
v128_v110_clean_min15_d0.02_w0.5_rm0.1_t0.8,v110_clean,15,0.02,0.5,0.1,0.8,0.08,0.97911204,0.91481637,0.21917808,0.52054795,22,1.00000000,0.00000000,0.78728573,0,0,,,0.01114442,0.99946990
v128_v110_clean_min15_d0.02_w0.5_rm0.1_t0.9,v110_clean,15,0.02,0.5,0.1,0.9,0.08,0.97911204,0.91481637,0.21917808,0.52054795,22,1.00000000,0.00000000,0.78728573,0,0,,,0.01114442,0.99946990
v128_v110_clean_min15_d0.02_w0.7_rm0_t0.7,v110_clean,15,0.02,0.7,0.0,0.7,0.08,0.97911204,0.91481637,0.21917808,0.52054795,22,1.00000000,0.00000000,0.78728573,0,0,,,0.01114442,0.99946990
v128_v110_clean_min15_d0.02_w0.7_rm0_t0.8,v110_clean,15,0.02,0.7,0.0,0.8,0.08,0.97911204,0.91481637,0.21917808,0.52054795,22,1.00000000,0.00000000,0.78728573,0,0,,,0.01114442,0.99946990
v128_v110_clean_min15_d0.02_w0.7_rm0_t0.9,v110_clean,15,0.02,0.7,0.0,0.9,0.08,0.97911204,0.91481637,0.21917808,0.52054795,22,1.00000000,0.00000000,0.78728573,0,0,,,0.01114442,0.99946990
v128_v110_clean_min15_d0.02_w0.7_rm0.05_t0.7,v110_clean,15,0.02,0.7,0.05,0.7,0.08,0.97911204,0.91481637,0.21917808,0.52054795,22,1.00000000,0.00000000,0.78728573,0,0,,,0.01114442,0.99946990
v128_v110_clean_min15_d0.02_w0.7_rm0.05_t0.8,v110_clean,15,0.02,0.7,0.05,0.8,0.08,0.97911204,0.91481637,0.21917808,0.52054795,22,1.00000000,0.00000000,0.78728573,0,0,,,0.01114442,0.99946990
v128_v110_clean_min15_d0.02_w0.7_rm0.05_t0.9,v110_clean,15,0.02,0.7,0.05,0.9,0.08,0.97911204,0.91481637,0.21917808,0.52054795,22,1.00000000,0.00000000,0.78728573,0,0,,,0.01114442,0.99946990
v128_v110_clean_min15_d0.02_w0.7_rm0.1_t0.7,v110_clean,15,0.02,0.7,0.1,0.7,0.08,0.97911204,0.91481637,0.21917808,0.52054795,22,1.00000000,0.00000000,0.78728573,0,0,,,0.01114442,0.99946990
v128_v110_clean_min15_d0.02_w0.7_rm0.1_t0.8,v110_clean,15,0.02,0.7,0.1,0.8,0.08,0.97911204,0.91481637,0.21917808,0.52054795,22,1.00000000,0.00000000,0.78728573,0,0,,,0.01114442,0.99946990
v128_v110_clean_min15_d0.02_w0.7_rm0.1_t0.9,v110_clean,15,0.02,0.7,0.1,0.9,0.08,0.97911204,0.91481637,0.21917808,0.52054795,22,1.00000000,0.00000000,0.78728573,0,0,,,0.01114442,0.99946990
v128_v110_clean_min15_d0.02_w0.9_rm0_t0.7,v110_clean,15,0.02,0.9,0.0,0.7,0.08,0.97911204,0.91481637,0.21917808,0.52054795,22,1.00000000,0.00000000,0.78728573,0,0,,,0.01114442,0.99946990
v128_v110_clean_min15_d0.02_w0.9_rm0_t0.8,v110_clean,15,0.02,0.9,0.0,0.8,0.08,0.97911204,0.91481637,0.21917808,0.52054795,22,1.00000000,0.00000000,0.78728573,0,0,,,0.01114442,0.99946990
v128_v110_clean_min15_d0.02_w0.9_rm0_t0.9,v110_clean,15,0.02,0.9,0.0,0.9,0.08,0.97911204,0.91481637,0.21917808,0.52054795,22,1.00000000,0.00000000,0.78728573,0,0,,,0.01114442,0.99946990
v128_v110_clean_min15_d0.02_w0.9_rm0.05_t0.7,v110_clean,15,0.02,0.9,0.05,0.7,0.08,0.97911204,0.91481637,0.21917808,0.52054795,22,1.00000000,0.00000000,0.78728573,0,0,,,0.01114442,0.99946990
v128_v110_clean_min15_d0.02_w0.9_rm0.05_t0.8,v110_clean,15,0.02,0.9,0.05,0.8,0.08,0.97911204,0.91481637,0.21917808,0.52054795,22,1.00000000,0.00000000,0.78728573,0,0,,,0.01114442,0.99946990
v128_v110_clean_min15_d0.02_w0.9_rm0.05_t0.9,v110_clean,15,0.02,0.9,0.05,0.9,0.08,0.97911204,0.91481637,0.21917808,0.52054795,22,1.00000000,0.00000000,0.78728573,0,0,,,0.01114442,0.99946990
v128_v110_clean_min15_d0.02_w0.9_rm0.1_t0.7,v110_clean,15,0.02,0.9,0.1,0.7,0.08,0.97911204,0.91481637,0.21917808,0.52054795,22,1.00000000,0.00000000,0.78728573,0,0,,,0.01114442,0.99946990
v128_v110_clean_min15_d0.02_w0.9_rm0.1_t0.8,v110_clean,15,0.02,0.9,0.1,0.8,0.08,0.97911204,0.91481637,0.21917808,0.52054795,22,1.00000000,0.00000000,0.78728573,0,0,,,0.01114442,0.99946990
v128_v110_clean_min15_d0.02_w0.9_rm0.1_t0.9,v110_clean,15,0.02,0.9,0.1,0.9,0.08,0.97911204,0.91481637,0.21917808,0.52054795,22,1.00000000,0.00000000,0.78728573,0,0,,,0.01114442,0.99946990
v128_v110_clean_min20_d0.01_w0.35_rm0_t0.7,v110_clean,20,0.01,0.35,0.0,0.7,0.08,0.97911204,0.91481637,0.21917808,0.52054795,22,1.00000000,0.00000000,0.78728573,0,0,,,0.01114442,0.99946990
v128_v110_clean_min20_d0.01_w0.35_rm0_t0.8,v110_clean,20,0.01,0.35,0.0,0.8,0.08,0.97911204,0.91481637,0.21917808,0.52054795,22,1.00000000,0.00000000,0.78728573,0,0,,,0.01114442,0.99946990
v128_v110_clean_min20_d0.01_w0.35_rm0_t0.9,v110_clean,20,0.01,0.35,0.0,0.9,0.08,0.97911204,0.91481637,0.21917808,0.52054795,22,1.00000000,0.00000000,0.78728573,0,0,,,0.01114442,0.99946990
v128_v110_clean_min20_d0.01_w0.35_rm0.05_t0.7,v110_clean,20,0.01,0.35,0.05,0.7,0.08,0.97911204,0.91481637,0.21917808,0.52054795,22,1.00000000,0.00000000,0.78728573,0,0,,,0.01114442,0.99946990
v128_v110_clean_min20_d0.01_w0.35_rm0.05_t0.8,v110_clean,20,0.01,0.35,0.05,0.8,0.08,0.97911204,0.91481637,0.21917808,0.52054795,22,1.00000000,0.00000000,0.78728573,0,0,,,0.01114442,0.99946990
v128_v110_clean_min20_d0.01_w0.35_rm0.05_t0.9,v110_clean,20,0.01,0.35,0.05,0.9,0.08,0.97911204,0.91481637,0.21917808,0.52054795,22,1.00000000,0.00000000,0.78728573,0,0,,,0.01114442,0.99946990
v128_v110_clean_min20_d0.01_w0.35_rm0.1_t0.7,v110_clean,20,0.01,0.35,0.1,0.7,0.08,0.97911204,0.91481637,0.21917808,0.52054795,22,1.00000000,0.00000000,0.78728573,0,0,,,0.01114442,0.99946990
v128_v110_clean_min20_d0.01_w0.35_rm0.1_t0.8,v110_clean,20,0.01,0.35,0.1,0.8,0.08,0.97911204,0.91481637,0.21917808,0.52054795,22,1.00000000,0.00000000,0.78728573,0,0,,,0.01114442,0.99946990
v128_v110_clean_min20_d0.01_w0.35_rm0.1_t0.9,v110_clean,20,0.01,0.35,0.1,0.9,0.08,0.97911204,0.91481637,0.21917808,0.52054795,22,1.00000000,0.00000000,0.78728573,0,0,,,0.01114442,0.99946990
v128_v110_clean_min20_d0.01_w0.5_rm0_t0.7,v110_clean,20,0.01,0.5,0.0,0.7,0.08,0.97911204,0.91481637,0.21917808,0.52054795,22,1.00000000,0.00000000,0.78728573,0,0,,,0.01114442,0.99946990
v128_v110_clean_min20_d0.01_w0.5_rm0_t0.8,v110_clean,20,0.01,0.5,0.0,0.8,0.08,0.97911204,0.91481637,0.21917808,0.52054795,22,1.00000000,0.00000000,0.78728573,0,0,,,0.01114442,0.99946990
v128_v110_clean_min20_d0.01_w0.5_rm0_t0.9,v110_clean,20,0.01,0.5,0.0,0.9,0.08,0.97911204,0.91481637,0.21917808,0.52054795,22,1.00000000,0.00000000,0.78728573,0,0,,,0.01114442,0.99946990
v128_v110_clean_min20_d0.01_w0.5_rm0.05_t0.7,v110_clean,20,0.01,0.5,0.05,0.7,0.08,0.97911204,0.91481637,0.21917808,0.52054795,22,1.00000000,0.00000000,0.78728573,0,0,,,0.01114442,0.99946990
v128_v110_clean_min20_d0.01_w0.5_rm0.05_t0.8,v110_clean,20,0.01,0.5,0.05,0.8,0.08,0.97911204,0.91481637,0.21917808,0.52054795,22,1.00000000,0.00000000,0.78728573,0,0,,,0.01114442,0.99946990
v128_v110_clean_min20_d0.01_w0.5_rm0.05_t0.9,v110_clean,20,0.01,0.5,0.05,0.9,0.08,0.97911204,0.91481637,0.21917808,0.52054795,22,1.00000000,0.00000000,0.78728573,0,0,,,0.01114442,0.99946990
v128_v110_clean_min20_d0.01_w0.5_rm0.1_t0.7,v110_clean,20,0.01,0.5,0.1,0.7,0.08,0.97911204,0.91481637,0.21917808,0.52054795,22,1.00000000,0.00000000,0.78728573,0,0,,,0.01114442,0.99946990
v128_v110_clean_min20_d0.01_w0.5_rm0.1_t0.8,v110_clean,20,0.01,0.5,0.1,0.8,0.08,0.97911204,0.91481637,0.21917808,0.52054795,22,1.00000000,0.00000000,0.78728573,0,0,,,0.01114442,0.99946990
v128_v110_clean_min20_d0.01_w0.5_rm0.1_t0.9,v110_clean,20,0.01,0.5,0.1,0.9,0.08,0.97911204,0.91481637,0.21917808,0.52054795,22,1.00000000,0.00000000,0.78728573,0,0,,,0.01114442,0.99946990
v128_v110_clean_min20_d0.01_w0.7_rm0_t0.7,v110_clean,20,0.01,0.7,0.0,0.7,0.08,0.97911204,0.91481637,0.21917808,0.52054795,22,1.00000000,0.00000000,0.78728573,0,0,,,0.01114442,0.99946990
v128_v110_clean_min20_d0.01_w0.7_rm0_t0.8,v110_clean,20,0.01,0.7,0.0,0.8,0.08,0.97911204,0.91481637,0.21917808,0.52054795,22,1.00000000,0.00000000,0.78728573,0,0,,,0.01114442,0.99946990
v128_v110_clean_min20_d0.01_w0.7_rm0_t0.9,v110_clean,20,0.01,0.7,0.0,0.9,0.08,0.97911204,0.91481637,0.21917808,0.52054795,22,1.00000000,0.00000000,0.78728573,0,0,,,0.01114442,0.99946990
v128_v110_clean_min20_d0.01_w0.7_rm0.05_t0.7,v110_clean,20,0.01,0.7,0.05,0.7,0.08,0.97911204,0.91481637,0.21917808,0.52054795,22,1.00000000,0.00000000,0.78728573,0,0,,,0.01114442,0.99946990
v128_v110_clean_min20_d0.01_w0.7_rm0.05_t0.8,v110_clean,20,0.01,0.7,0.05,0.8,0.08,0.97911204,0.91481637,0.21917808,0.52054795,22,1.00000000,0.00000000,0.78728573,0,0,,,0.01114442,0.99946990
v128_v110_clean_min20_d0.01_w0.7_rm0.05_t0.9,v110_clean,20,0.01,0.7,0.05,0.9,0.08,0.97911204,0.91481637,0.21917808,0.52054795,22,1.00000000,0.00000000,0.78728573,0,0,,,0.01114442,0.99946990
v128_v110_clean_min20_d0.01_w0.7_rm0.1_t0.7,v110_clean,20,0.01,0.7,0.1,0.7,0.08,0.97911204,0.91481637,0.21917808,0.52054795,22,1.00000000,0.00000000,0.78728573,0,0,,,0.01114442,0.99946990
v128_v110_clean_min20_d0.01_w0.7_rm0.1_t0.8,v110_clean,20,0.01,0.7,0.1,0.8,0.08,0.97911204,0.91481637,0.21917808,0.52054795,22,1.00000000,0.00000000,0.78728573,0,0,,,0.01114442,0.99946990
v128_v110_clean_min20_d0.01_w0.7_rm0.1_t0.9,v110_clean,20,0.01,0.7,0.1,0.9,0.08,0.97911204,0.91481637,0.21917808,0.52054795,22,1.00000000,0.00000000,0.78728573,0,0,,,0.01114442,0.99946990
v128_v110_clean_min20_d0.01_w0.9_rm0_t0.7,v110_clean,20,0.01,0.9,0.0,0.7,0.08,0.97911204,0.91481637,0.21917808,0.52054795,22,1.00000000,0.00000000,0.78728573,0,0,,,0.01114442,0.99946990
v128_v110_clean_min20_d0.01_w0.9_rm0_t0.8,v110_clean,20,0.01,0.9,0.0,0.8,0.08,0.97911204,0.91481637,0.21917808,0.52054795,22,1.00000000,0.00000000,0.78728573,0,0,,,0.01114442,0.99946990
v128_v110_clean_min20_d0.01_w0.9_rm0_t0.9,v110_clean,20,0.01,0.9,0.0,0.9,0.08,0.97911204,0.91481637,0.21917808,0.52054795,22,1.00000000,0.00000000,0.78728573,0,0,,,0.01114442,0.99946990
v128_v110_clean_min20_d0.01_w0.9_rm0.05_t0.7,v110_clean,20,0.01,0.9,0.05,0.7,0.08,0.97911204,0.91481637,0.21917808,0.52054795,22,1.00000000,0.00000000,0.78728573,0,0,,,0.01114442,0.99946990
v128_v110_clean_min20_d0.01_w0.9_rm0.05_t0.8,v110_clean,20,0.01,0.9,0.05,0.8,0.08,0.97911204,0.91481637,0.21917808,0.52054795,22,1.00000000,0.00000000,0.78728573,0,0,,,0.01114442,0.99946990
v128_v110_clean_min20_d0.01_w0.9_rm0.05_t0.9,v110_clean,20,0.01,0.9,0.05,0.9,0.08,0.97911204,0.91481637,0.21917808,0.52054795,22,1.00000000,0.00000000,0.78728573,0,0,,,0.01114442,0.99946990
v128_v110_clean_min20_d0.01_w0.9_rm0.1_t0.7,v110_clean,20,0.01,0.9,0.1,0.7,0.08,0.97911204,0.91481637,0.21917808,0.52054795,22,1.00000000,0.00000000,0.78728573,0,0,,,0.01114442,0.99946990
v128_v110_clean_min20_d0.01_w0.9_rm0.1_t0.8,v110_clean,20,0.01,0.9,0.1,0.8,0.08,0.97911204,0.91481637,0.21917808,0.52054795,22,1.00000000,0.00000000,0.78728573,0,0,,,0.01114442,0.99946990
v128_v110_clean_min20_d0.01_w0.9_rm0.1_t0.9,v110_clean,20,0.01,0.9,0.1,0.9,0.08,0.97911204,0.91481637,0.21917808,0.52054795,22,1.00000000,0.00000000,0.78728573,0,0,,,0.01114442,0.99946990
v128_v110_clean_min20_d0.02_w0.35_rm0_t0.7,v110_clean,20,0.02,0.35,0.0,0.7,0.08,0.97911204,0.91481637,0.21917808,0.52054795,22,1.00000000,0.00000000,0.78728573,0,0,,,0.01114442,0.99946990
v128_v110_clean_min20_d0.02_w0.35_rm0_t0.8,v110_clean,20,0.02,0.35,0.0,0.8,0.08,0.97911204,0.91481637,0.21917808,0.52054795,22,1.00000000,0.00000000,0.78728573,0,0,,,0.01114442,0.99946990
v128_v110_clean_min20_d0.02_w0.35_rm0_t0.9,v110_clean,20,0.02,0.35,0.0,0.9,0.08,0.97911204,0.91481637,0.21917808,0.52054795,22,1.00000000,0.00000000,0.78728573,0,0,,,0.01114442,0.99946990
v128_v110_clean_min20_d0.02_w0.35_rm0.05_t0.7,v110_clean,20,0.02,0.35,0.05,0.7,0.08,0.97911204,0.91481637,0.21917808,0.52054795,22,1.00000000,0.00000000,0.78728573,0,0,,,0.01114442,0.99946990
v128_v110_clean_min20_d0.02_w0.35_rm0.05_t0.8,v110_clean,20,0.02,0.35,0.05,0.8,0.08,0.97911204,0.91481637,0.21917808,0.52054795,22,1.00000000,0.00000000,0.78728573,0,0,,,0.01114442,0.99946990
v128_v110_clean_min20_d0.02_w0.35_rm0.05_t0.9,v110_clean,20,0.02,0.35,0.05,0.9,0.08,0.97911204,0.91481637,0.21917808,0.52054795,22,1.00000000,0.00000000,0.78728573,0,0,,,0.01114442,0.99946990
v128_v110_clean_min20_d0.02_w0.35_rm0.1_t0.7,v110_clean,20,0.02,0.35,0.1,0.7,0.08,0.97911204,0.91481637,0.21917808,0.52054795,22,1.00000000,0.00000000,0.78728573,0,0,,,0.01114442,0.99946990
v128_v110_clean_min20_d0.02_w0.35_rm0.1_t0.8,v110_clean,20,0.02,0.35,0.1,0.8,0.08,0.97911204,0.91481637,0.21917808,0.52054795,22,1.00000000,0.00000000,0.78728573,0,0,,,0.01114442,0.99946990
v128_v110_clean_min20_d0.02_w0.35_rm0.1_t0.9,v110_clean,20,0.02,0.35,0.1,0.9,0.08,0.97911204,0.91481637,0.21917808,0.52054795,22,1.00000000,0.00000000,0.78728573,0,0,,,0.01114442,0.99946990
v128_v110_clean_min20_d0.02_w0.5_rm0_t0.7,v110_clean,20,0.02,0.5,0.0,0.7,0.08,0.97911204,0.91481637,0.21917808,0.52054795,22,1.00000000,0.00000000,0.78728573,0,0,,,0.01114442,0.99946990
v128_v110_clean_min20_d0.02_w0.5_rm0_t0.8,v110_clean,20,0.02,0.5,0.0,0.8,0.08,0.97911204,0.91481637,0.21917808,0.52054795,22,1.00000000,0.00000000,0.78728573,0,0,,,0.01114442,0.99946990
v128_v110_clean_min20_d0.02_w0.5_rm0_t0.9,v110_clean,20,0.02,0.5,0.0,0.9,0.08,0.97911204,0.91481637,0.21917808,0.52054795,22,1.00000000,0.00000000,0.78728573,0,0,,,0.01114442,0.99946990
v128_v110_clean_min20_d0.02_w0.5_rm0.05_t0.7,v110_clean,20,0.02,0.5,0.05,0.7,0.08,0.97911204,0.91481637,0.21917808,0.52054795,22,1.00000000,0.00000000,0.78728573,0,0,,,0.01114442,0.99946990
v128_v110_clean_min20_d0.02_w0.5_rm0.05_t0.8,v110_clean,20,0.02,0.5,0.05,0.8,0.08,0.97911204,0.91481637,0.21917808,0.52054795,22,1.00000000,0.00000000,0.78728573,0,0,,,0.01114442,0.99946990
v128_v110_clean_min20_d0.02_w0.5_rm0.05_t0.9,v110_clean,20,0.02,0.5,0.05,0.9,0.08,0.97911204,0.91481637,0.21917808,0.52054795,22,1.00000000,0.00000000,0.78728573,0,0,,,0.01114442,0.99946990
v128_v110_clean_min20_d0.02_w0.5_rm0.1_t0.7,v110_clean,20,0.02,0.5,0.1,0.7,0.08,0.97911204,0.91481637,0.21917808,0.52054795,22,1.00000000,0.00000000,0.78728573,0,0,,,0.01114442,0.99946990
v128_v110_clean_min20_d0.02_w0.5_rm0.1_t0.8,v110_clean,20,0.02,0.5,0.1,0.8,0.08,0.97911204,0.91481637,0.21917808,0.52054795,22,1.00000000,0.00000000,0.78728573,0,0,,,0.01114442,0.99946990
v128_v110_clean_min20_d0.02_w0.5_rm0.1_t0.9,v110_clean,20,0.02,0.5,0.1,0.9,0.08,0.97911204,0.91481637,0.21917808,0.52054795,22,1.00000000,0.00000000,0.78728573,0,0,,,0.01114442,0.99946990
v128_v110_clean_min20_d0.02_w0.7_rm0_t0.7,v110_clean,20,0.02,0.7,0.0,0.7,0.08,0.97911204,0.91481637,0.21917808,0.52054795,22,1.00000000,0.00000000,0.78728573,0,0,,,0.01114442,0.99946990
v128_v110_clean_min20_d0.02_w0.7_rm0_t0.8,v110_clean,20,0.02,0.7,0.0,0.8,0.08,0.97911204,0.91481637,0.21917808,0.52054795,22,1.00000000,0.00000000,0.78728573,0,0,,,0.01114442,0.99946990
v128_v110_clean_min20_d0.02_w0.7_rm0_t0.9,v110_clean,20,0.02,0.7,0.0,0.9,0.08,0.97911204,0.91481637,0.21917808,0.52054795,22,1.00000000,0.00000000,0.78728573,0,0,,,0.01114442,0.99946990
v128_v110_clean_min20_d0.02_w0.7_rm0.05_t0.7,v110_clean,20,0.02,0.7,0.05,0.7,0.08,0.97911204,0.91481637,0.21917808,0.52054795,22,1.00000000,0.00000000,0.78728573,0,0,,,0.01114442,0.99946990
v128_v110_clean_min20_d0.02_w0.7_rm0.05_t0.8,v110_clean,20,0.02,0.7,0.05,0.8,0.08,0.97911204,0.91481637,0.21917808,0.52054795,22,1.00000000,0.00000000,0.78728573,0,0,,,0.01114442,0.99946990
v128_v110_clean_min20_d0.02_w0.7_rm0.05_t0.9,v110_clean,20,0.02,0.7,0.05,0.9,0.08,0.97911204,0.91481637,0.21917808,0.52054795,22,1.00000000,0.00000000,0.78728573,0,0,,,0.01114442,0.99946990
v128_v110_clean_min20_d0.02_w0.7_rm0.1_t0.7,v110_clean,20,0.02,0.7,0.1,0.7,0.08,0.97911204,0.91481637,0.21917808,0.52054795,22,1.00000000,0.00000000,0.78728573,0,0,,,0.01114442,0.99946990
v128_v110_clean_min20_d0.02_w0.7_rm0.1_t0.8,v110_clean,20,0.02,0.7,0.1,0.8,0.08,0.97911204,0.91481637,0.21917808,0.52054795,22,1.00000000,0.00000000,0.78728573,0,0,,,0.01114442,0.99946990
v128_v110_clean_min20_d0.02_w0.7_rm0.1_t0.9,v110_clean,20,0.02,0.7,0.1,0.9,0.08,0.97911204,0.91481637,0.21917808,0.52054795,22,1.00000000,0.00000000,0.78728573,0,0,,,0.01114442,0.99946990
v128_v110_clean_min20_d0.02_w0.9_rm0_t0.7,v110_clean,20,0.02,0.9,0.0,0.7,0.08,0.97911204,0.91481637,0.21917808,0.52054795,22,1.00000000,0.00000000,0.78728573,0,0,,,0.01114442,0.99946990
v128_v110_clean_min20_d0.02_w0.9_rm0_t0.8,v110_clean,20,0.02,0.9,0.0,0.8,0.08,0.97911204,0.91481637,0.21917808,0.52054795,22,1.00000000,0.00000000,0.78728573,0,0,,,0.01114442,0.99946990
v128_v110_clean_min20_d0.02_w0.9_rm0_t0.9,v110_clean,20,0.02,0.9,0.0,0.9,0.08,0.97911204,0.91481637,0.21917808,0.52054795,22,1.00000000,0.00000000,0.78728573,0,0,,,0.01114442,0.99946990
v128_v110_clean_min20_d0.02_w0.9_rm0.05_t0.7,v110_clean,20,0.02,0.9,0.05,0.7,0.08,0.97911204,0.91481637,0.21917808,0.52054795,22,1.00000000,0.00000000,0.78728573,0,0,,,0.01114442,0.99946990
v128_v110_clean_min20_d0.02_w0.9_rm0.05_t0.8,v110_clean,20,0.02,0.9,0.05,0.8,0.08,0.97911204,0.91481637,0.21917808,0.52054795,22,1.00000000,0.00000000,0.78728573,0,0,,,0.01114442,0.99946990
v128_v110_clean_min20_d0.02_w0.9_rm0.05_t0.9,v110_clean,20,0.02,0.9,0.05,0.9,0.08,0.97911204,0.91481637,0.21917808,0.52054795,22,1.00000000,0.00000000,0.78728573,0,0,,,0.01114442,0.99946990
v128_v110_clean_min20_d0.02_w0.9_rm0.1_t0.7,v110_clean,20,0.02,0.9,0.1,0.7,0.08,0.97911204,0.91481637,0.21917808,0.52054795,22,1.00000000,0.00000000,0.78728573,0,0,,,0.01114442,0.99946990
v128_v110_clean_min20_d0.02_w0.9_rm0.1_t0.8,v110_clean,20,0.02,0.9,0.1,0.8,0.08,0.97911204,0.91481637,0.21917808,0.52054795,22,1.00000000,0.00000000,0.78728573,0,0,,,0.01114442,0.99946990
v128_v110_clean_min20_d0.02_w0.9_rm0.1_t0.9,v110_clean,20,0.02,0.9,0.1,0.9,0.08,0.97911204,0.91481637,0.21917808,0.52054795,22,1.00000000,0.00000000,0.78728573,0,0,,,0.01114442,0.99946990
