candidate,alpha,target_mode,blend_weight,min_delta,min_prior_rank,active_cells,macro_auc,macro_gain,micro_auc,top1_hit,top5_hit,fold_macro_mean,fold_macro_std,fold_macro_min,fold_std_delta,weak_followup_mean_auc,weak_followup_gain,corr_vs_anchor,corr_vs_v377_oracle,decision
alpha0.01_delta_bw0.7_d0_pr0,0.01000000,delta,0.70000000,0.00000000,0.00000000,318.00000000,0.97832804,0.00096449,0.91491451,0.32876712,0.50684932,0.76607552,0.15502071,0.47432660,-0.00022659,0.95287456,0.00303125,0.99996142,0.99980820,PROMOTE-deployable-distill-candidate
alpha0.01_delta_bw0.7_d0_pr0.25,0.01000000,delta,0.70000000,0.00000000,0.25000000,283.00000000,0.97832804,0.00096449,0.91491497,0.32876712,0.50684932,0.76607552,0.15502071,0.47432660,-0.00022659,0.95287456,0.00303125,0.99996341,0.99980720,PROMOTE-deployable-distill-candidate
alpha0.01_delta_bw0.7_d0_pr0.5,0.01000000,delta,0.70000000,0.00000000,0.50000000,204.00000000,0.97832804,0.00096449,0.91491716,0.32876712,0.50684932,0.76607552,0.15502071,0.47432660,-0.00022659,0.95287456,0.00303125,0.99996766,0.99979604,PROMOTE-deployable-distill-candidate
alpha0.01_delta_bw0.7_d0.005_pr0,0.01000000,delta,0.70000000,0.00500000,0.00000000,249.00000000,0.97830329,0.00093973,0.91479359,0.32876712,0.50684932,0.76607552,0.15502071,0.47432660,-0.00022659,0.95279675,0.00295344,0.99996149,0.99980797,PROMOTE-deployable-distill-candidate
alpha0.01_delta_bw0.7_d0.005_pr0.25,0.01000000,delta,0.70000000,0.00500000,0.25000000,220.00000000,0.97830329,0.00093973,0.91479405,0.32876712,0.50684932,0.76607552,0.15502071,0.47432660,-0.00022659,0.95279675,0.00295344,0.99996348,0.99980699,PROMOTE-deployable-distill-candidate
alpha0.01_delta_bw0.7_d0.005_pr0.5,0.01000000,delta,0.70000000,0.00500000,0.50000000,156.00000000,0.97830329,0.00093973,0.91479589,0.32876712,0.50684932,0.76607552,0.15502071,0.47432660,-0.00022659,0.95279675,0.00295344,0.99996772,0.99979586,PROMOTE-deployable-distill-candidate
alpha0.1_delta_bw0.7_d0_pr0,0.10000000,delta,0.70000000,0.00000000,0.00000000,315.00000000,0.97829537,0.00093181,0.91482534,0.32876712,0.50684932,0.76607552,0.15502071,0.47432660,-0.00022659,0.95277186,0.00292855,0.99996406,0.99980567,PROMOTE-deployable-distill-candidate
alpha0.1_delta_bw0.7_d0_pr0.25,0.10000000,delta,0.70000000,0.00000000,0.25000000,280.00000000,0.97829537,0.00093181,0.91482592,0.32876712,0.50684932,0.76607552,0.15502071,0.47432660,-0.00022659,0.95277186,0.00292855,0.99996594,0.99980452,PROMOTE-deployable-distill-candidate
alpha0.1_delta_bw0.7_d0_pr0.5,0.10000000,delta,0.70000000,0.00000000,0.50000000,200.00000000,0.97829537,0.00093181,0.91482776,0.32876712,0.50684932,0.76607552,0.15502071,0.47432660,-0.00022659,0.95277186,0.00292855,0.99996989,0.99979358,PROMOTE-deployable-distill-candidate
alpha0.1_delta_bw0.7_d0.005_pr0,0.10000000,delta,0.70000000,0.00500000,0.00000000,245.00000000,0.97827061,0.00090705,0.91470073,0.32876712,0.50684932,0.76607552,0.15502071,0.47432660,-0.00022659,0.95269405,0.00285074,0.99996413,0.99980528,PROMOTE-deployable-distill-candidate
alpha0.1_delta_bw0.7_d0.005_pr0.25,0.10000000,delta,0.70000000,0.00500000,0.25000000,216.00000000,0.97827061,0.00090705,0.91470131,0.32876712,0.50684932,0.76607552,0.15502071,0.47432660,-0.00022659,0.95269405,0.00285074,0.99996601,0.99980416,PROMOTE-deployable-distill-candidate
alpha0.1_delta_bw0.7_d0.005_pr0.5,0.10000000,delta,0.70000000,0.00500000,0.50000000,155.00000000,0.97827061,0.00090705,0.91470292,0.32876712,0.50684932,0.76607552,0.15502071,0.47432660,-0.00022659,0.95269405,0.00285074,0.99996994,0.99979325,PROMOTE-deployable-distill-candidate
alpha1_delta_bw0.7_d0_pr0,1.00000000,delta,0.70000000,0.00000000,0.00000000,334.00000000,0.97827061,0.00090705,0.91446704,0.32876712,0.50684932,0.76607552,0.15502071,0.47432660,-0.00022659,0.95269405,0.00285074,0.99997374,0.99979562,PROMOTE-deployable-distill-candidate
alpha1_delta_bw0.7_d0_pr0.25,1.00000000,delta,0.70000000,0.00000000,0.25000000,287.00000000,0.97827061,0.00090705,0.91446739,0.32876712,0.50684932,0.76607552,0.15502071,0.47432660,-0.00022659,0.95269405,0.00285074,0.99997523,0.99979376,PROMOTE-deployable-distill-candidate
alpha1_delta_bw0.7_d0_pr0.5,1.00000000,delta,0.70000000,0.00000000,0.50000000,207.00000000,0.97827061,0.00090705,0.91446934,0.32876712,0.50684932,0.76607552,0.15502071,0.47432660,-0.00022659,0.95269405,0.00285074,0.99997845,0.99978336,PROMOTE-deployable-distill-candidate
alpha1_delta_bw0.7_d0.005_pr0,1.00000000,delta,0.70000000,0.00500000,0.00000000,251.00000000,0.97827061,0.00090705,0.91436303,0.32876712,0.50684932,0.76607552,0.15502071,0.47432660,-0.00022659,0.95269405,0.00285074,0.99997380,0.99979498,PROMOTE-deployable-distill-candidate
alpha1_delta_bw0.7_d0.005_pr0.25,1.00000000,delta,0.70000000,0.00500000,0.25000000,219.00000000,0.97827061,0.00090705,0.91436337,0.32876712,0.50684932,0.76607552,0.15502071,0.47432660,-0.00022659,0.95269405,0.00285074,0.99997528,0.99979321,PROMOTE-deployable-distill-candidate
alpha1_delta_bw0.7_d0.005_pr0.5,1.00000000,delta,0.70000000,0.00500000,0.50000000,158.00000000,0.97827061,0.00090705,0.91436533,0.32876712,0.50684932,0.76607552,0.15502071,0.47432660,-0.00022659,0.95269405,0.00285074,0.99997849,0.99978287,PROMOTE-deployable-distill-candidate
alpha0.1_delta_bw0.5_d0.005_pr0,0.10000000,delta,0.50000000,0.00500000,0.00000000,245.00000000,0.97823793,0.00087438,0.91417571,0.30136986,0.50684932,0.76507552,0.15407150,0.47432660,-0.00117580,0.95259135,0.00274804,0.99998170,0.99978818,PROMOTE-deployable-distill-candidate
alpha0.1_delta_bw0.5_d0.005_pr0.25,0.10000000,delta,0.50000000,0.00500000,0.25000000,216.00000000,0.97823793,0.00087438,0.91417605,0.30136986,0.50684932,0.76507552,0.15407150,0.47432660,-0.00117580,0.95259135,0.00274804,0.99998266,0.99978699,PROMOTE-deployable-distill-candidate
alpha0.1_delta_bw0.5_d0.005_pr0.5,0.10000000,delta,0.50000000,0.00500000,0.50000000,155.00000000,0.97823793,0.00087438,0.91417744,0.30136986,0.50684932,0.76507552,0.15407150,0.47432660,-0.00117580,0.95259135,0.00274804,0.99998466,0.99977840,PROMOTE-deployable-distill-candidate
alpha0.1_delta_bw0.5_d0.01_pr0,0.10000000,delta,0.50000000,0.01000000,0.00000000,196.00000000,0.97821317,0.00084962,0.91411973,0.30136986,0.50684932,0.76507552,0.15407150,0.47432660,-0.00117580,0.95251354,0.00267023,0.99998190,0.99978718,PROMOTE-deployable-distill-candidate
alpha0.1_delta_bw0.5_d0.01_pr0.25,0.10000000,delta,0.50000000,0.01000000,0.25000000,173.00000000,0.97821317,0.00084962,0.91412008,0.30136986,0.50684932,0.76507552,0.15407150,0.47432660,-0.00117580,0.95251354,0.00267023,0.99998284,0.99978604,PROMOTE-deployable-distill-candidate
alpha0.1_delta_bw0.5_d0.01_pr0.5,0.10000000,delta,0.50000000,0.01000000,0.50000000,129.00000000,0.97821317,0.00084962,0.91412111,0.30136986,0.50684932,0.76507552,0.15407150,0.47432660,-0.00117580,0.95251354,0.00267023,0.99998477,0.99977805,PROMOTE-deployable-distill-candidate
alpha0.1_delta_bw0.5_d0.02_pr0,0.10000000,delta,0.50000000,0.02000000,0.00000000,139.00000000,0.97821317,0.00084962,0.91394570,0.30136986,0.50684932,0.76507552,0.15407150,0.47432660,-0.00117580,0.95251354,0.00267023,0.99998282,0.99978310,PROMOTE-deployable-distill-candidate
alpha0.1_delta_bw0.5_d0.02_pr0.25,0.10000000,delta,0.50000000,0.02000000,0.25000000,126.00000000,0.97821317,0.00084962,0.91394593,0.30136986,0.50684932,0.76507552,0.15407150,0.47432660,-0.00117580,0.95251354,0.00267023,0.99998360,0.99978335,PROMOTE-deployable-distill-candidate
alpha0.1_delta_bw0.5_d0.02_pr0.5,0.10000000,delta,0.50000000,0.02000000,0.50000000,102.00000000,0.97821317,0.00084962,0.91394605,0.30136986,0.50684932,0.76507552,0.15407150,0.47432660,-0.00117580,0.95251354,0.00267023,0.99998520,0.99977592,PROMOTE-deployable-distill-candidate
alpha0.1_delta_bw0.5_d0_pr0,0.10000000,delta,0.50000000,0.00000000,0.00000000,315.00000000,0.97820525,0.00084170,0.91426396,0.30136986,0.50684932,0.76507552,0.15407150,0.47432660,-0.00117580,0.95248865,0.00264533,0.99998166,0.99978847,PROMOTE-deployable-distill-candidate
alpha0.1_delta_bw0.5_d0_pr0.25,0.10000000,delta,0.50000000,0.00000000,0.25000000,280.00000000,0.97820525,0.00084170,0.91426431,0.30136986,0.50684932,0.76507552,0.15407150,0.47432660,-0.00117580,0.95248865,0.00264533,0.99998263,0.99978726,PROMOTE-deployable-distill-candidate
alpha0.1_delta_bw0.5_d0_pr0.5,0.10000000,delta,0.50000000,0.00000000,0.50000000,200.00000000,0.97820525,0.00084170,0.91426580,0.30136986,0.50684932,0.76507552,0.15407150,0.47432660,-0.00117580,0.95248865,0.00264533,0.99998464,0.99977864,PROMOTE-deployable-distill-candidate
alpha0.01_delta_bw0.5_d0_pr0,0.01000000,delta,0.50000000,0.00000000,0.00000000,318.00000000,0.97817258,0.00080902,0.91432391,0.30136986,0.50684932,0.76507552,0.15407150,0.47432660,-0.00117580,0.95238595,0.00254263,0.99998032,0.99979082,PROMOTE-deployable-distill-candidate
alpha0.01_delta_bw0.5_d0_pr0.25,0.01000000,delta,0.50000000,0.00000000,0.25000000,283.00000000,0.97817258,0.00080902,0.91432425,0.30136986,0.50684932,0.76507552,0.15407150,0.47432660,-0.00117580,0.95238595,0.00254263,0.99998133,0.99978969,PROMOTE-deployable-distill-candidate
alpha0.01_delta_bw0.5_d0_pr0.5,0.01000000,delta,0.50000000,0.00000000,0.50000000,204.00000000,0.97817258,0.00080902,0.91432552,0.30136986,0.50684932,0.76507552,0.15407150,0.47432660,-0.00117580,0.95238595,0.00254263,0.99998350,0.99978085,PROMOTE-deployable-distill-candidate
alpha0.01_delta_bw0.5_d0.005_pr0,0.01000000,delta,0.50000000,0.00500000,0.00000000,249.00000000,0.97817258,0.00080902,0.91423968,0.30136986,0.50684932,0.76507552,0.15407150,0.47432660,-0.00117580,0.95238595,0.00254263,0.99998035,0.99979063,PROMOTE-deployable-distill-candidate
alpha0.01_delta_bw0.5_d0.005_pr0.25,0.01000000,delta,0.50000000,0.00500000,0.25000000,220.00000000,0.97817258,0.00080902,0.91424003,0.30136986,0.50684932,0.76507552,0.15407150,0.47432660,-0.00117580,0.95238595,0.00254263,0.99998137,0.99978953,PROMOTE-deployable-distill-candidate
alpha0.01_delta_bw0.5_d0.005_pr0.5,0.01000000,delta,0.50000000,0.00500000,0.50000000,156.00000000,0.97817258,0.00080902,0.91424129,0.30136986,0.50684932,0.76507552,0.15407150,0.47432660,-0.00117580,0.95238595,0.00254263,0.99998353,0.99978072,PROMOTE-deployable-distill-candidate
alpha1_delta_bw0.7_d0.02_pr0,1.00000000,delta,0.70000000,0.02000000,0.00000000,125.00000000,0.97816360,0.00080004,0.91393362,0.30136986,0.50684932,0.76821837,0.15513969,0.47432660,-0.00010761,0.95235774,0.00251442,0.99997654,0.99978817,PROMOTE-deployable-distill-candidate
alpha1_delta_bw0.7_d0.02_pr0.25,1.00000000,delta,0.70000000,0.02000000,0.25000000,115.00000000,0.97816360,0.00080004,0.91393385,0.30136986,0.50684932,0.76821837,0.15513969,0.47432660,-0.00010761,0.95235774,0.00251442,0.99997749,0.99978841,PROMOTE-deployable-distill-candidate
alpha1_delta_bw0.7_d0.02_pr0.5,1.00000000,delta,0.70000000,0.02000000,0.50000000,95.00000000,0.97816360,0.00080004,0.91393397,0.30136986,0.50684932,0.76821837,0.15513969,0.47432660,-0.00010761,0.95235774,0.00251442,0.99997979,0.99977972,PROMOTE-deployable-distill-candidate
alpha1_delta_bw1_d0.02_pr0,1.00000000,delta,1.00000000,0.02000000,0.00000000,125.00000000,0.97815696,0.00079341,0.91439266,0.30136986,0.50684932,0.76596188,0.15514968,0.47432660,-0.00009762,0.95233688,0.00249356,0.99995211,0.99980311,PROMOTE-deployable-distill-candidate
alpha1_delta_bw1_d0.02_pr0.25,1.00000000,delta,1.00000000,0.02000000,0.25000000,115.00000000,0.97815696,0.00079341,0.91439289,0.30136986,0.50684932,0.76596188,0.15514968,0.47432660,-0.00009762,0.95233688,0.00249356,0.99995406,0.99980403,PROMOTE-deployable-distill-candidate
alpha1_delta_bw1_d0.02_pr0.5,1.00000000,delta,1.00000000,0.02000000,0.50000000,95.00000000,0.97815696,0.00079341,0.91439300,0.30136986,0.50684932,0.76596188,0.15514968,0.47432660,-0.00009762,0.95233688,0.00249356,0.99995875,0.99979303,PROMOTE-deployable-distill-candidate
alpha10_delta_bw0.7_d0.005_pr0,10.00000000,delta,0.70000000,0.00500000,0.00000000,273.00000000,0.97815410,0.00079055,0.91393161,0.31506849,0.50684932,0.76607552,0.15502071,0.47432660,-0.00022659,0.95232789,0.00248458,0.99998386,0.99977788,PROMOTE-deployable-distill-candidate
alpha10_delta_bw0.7_d0.005_pr0.25,10.00000000,delta,0.70000000,0.00500000,0.25000000,228.00000000,0.97815410,0.00079055,0.91393184,0.31506849,0.50684932,0.76607552,0.15502071,0.47432660,-0.00022659,0.95232789,0.00248458,0.99998526,0.99977354,PROMOTE-deployable-distill-candidate
alpha10_delta_bw0.7_d0.005_pr0.5,10.00000000,delta,0.70000000,0.00500000,0.50000000,167.00000000,0.97815410,0.00079055,0.91393299,0.31506849,0.50684932,0.76607552,0.15502071,0.47432660,-0.00022659,0.95232789,0.00248458,0.99998802,0.99976398,PROMOTE-deployable-distill-candidate
alpha0.01_delta_bw0.5_d0.01_pr0,0.01000000,delta,0.50000000,0.01000000,0.00000000,197.00000000,0.97814782,0.00078426,0.91416449,0.30136986,0.50684932,0.76507552,0.15407150,0.47432660,-0.00117580,0.95230814,0.00246482,0.99998056,0.99978945,PROMOTE-deployable-distill-candidate
alpha0.01_delta_bw0.5_d0.01_pr0.25,0.01000000,delta,0.50000000,0.01000000,0.25000000,174.00000000,0.97814782,0.00078426,0.91416484,0.30136986,0.50684932,0.76507552,0.15407150,0.47432660,-0.00117580,0.95230814,0.00246482,0.99998155,0.99978839,PROMOTE-deployable-distill-candidate
alpha0.01_delta_bw0.5_d0.01_pr0.5,0.01000000,delta,0.50000000,0.01000000,0.50000000,128.00000000,0.97814782,0.00078426,0.91416587,0.30136986,0.50684932,0.76507552,0.15407150,0.47432660,-0.00117580,0.95230814,0.00246482,0.99998365,0.99978008,PROMOTE-deployable-distill-candidate
alpha0.01_delta_bw0.5_d0.02_pr0,0.01000000,delta,0.50000000,0.02000000,0.00000000,141.00000000,0.97814782,0.00078426,0.91402256,0.30136986,0.50684932,0.76507552,0.15407150,0.47432660,-0.00117580,0.95230814,0.00246482,0.99998142,0.99978588,PROMOTE-deployable-distill-candidate
alpha0.01_delta_bw0.5_d0.02_pr0.25,0.01000000,delta,0.50000000,0.02000000,0.25000000,128.00000000,0.97814782,0.00078426,0.91402279,0.30136986,0.50684932,0.76507552,0.15407150,0.47432660,-0.00117580,0.95230814,0.00246482,0.99998226,0.99978620,PROMOTE-deployable-distill-candidate
alpha0.01_delta_bw0.5_d0.02_pr0.5,0.01000000,delta,0.50000000,0.02000000,0.50000000,102.00000000,0.97814782,0.00078426,0.91402291,0.30136986,0.50684932,0.76507552,0.15407150,0.47432660,-0.00117580,0.95230814,0.00246482,0.99998408,0.99977823,PROMOTE-deployable-distill-candidate
alpha10_delta_bw0.7_d0_pr0,10.00000000,delta,0.70000000,0.00000000,0.00000000,367.00000000,0.97814618,0.00078263,0.91407497,0.31506849,0.50684932,0.76607552,0.15502071,0.47432660,-0.00022659,0.95230300,0.00245968,0.99998375,0.99977881,PROMOTE-deployable-distill-candidate
alpha10_delta_bw0.7_d0_pr0.25,10.00000000,delta,0.70000000,0.00000000,0.25000000,301.00000000,0.97814618,0.00078263,0.91407520,0.31506849,0.50684932,0.76607552,0.15502071,0.47432660,-0.00022659,0.95230300,0.00245968,0.99998516,0.99977416,PROMOTE-deployable-distill-candidate
alpha10_delta_bw0.7_d0_pr0.5,10.00000000,delta,0.70000000,0.00000000,0.50000000,221.00000000,0.97814618,0.00078263,0.91407635,0.31506849,0.50684932,0.76607552,0.15502071,0.47432660,-0.00022659,0.95230300,0.00245968,0.99998795,0.99976458,PROMOTE-deployable-distill-candidate
alpha1_delta_bw0.5_d0_pr0,1.00000000,delta,0.50000000,0.00000000,0.00000000,334.00000000,0.97806034,0.00069678,0.91400197,0.28767123,0.50684932,0.76507552,0.15407150,0.47432660,-0.00117580,0.95203320,0.00218989,0.99998660,0.99977932,PROMOTE-deployable-distill-candidate
alpha1_delta_bw0.5_d0_pr0.25,1.00000000,delta,0.50000000,0.00000000,0.25000000,287.00000000,0.97806034,0.00069678,0.91400220,0.28767123,0.50684932,0.76507552,0.15407150,0.47432660,-0.00117580,0.95203320,0.00218989,0.99998736,0.99977768,PROMOTE-deployable-distill-candidate
alpha1_delta_bw0.5_d0_pr0.5,1.00000000,delta,0.50000000,0.00000000,0.50000000,207.00000000,0.97806034,0.00069678,0.91400335,0.28767123,0.50684932,0.76507552,0.15407150,0.47432660,-0.00117580,0.95203320,0.00218989,0.99998901,0.99976960,PROMOTE-deployable-distill-candidate
alpha1_delta_bw0.5_d0.005_pr0,1.00000000,delta,0.50000000,0.00500000,0.00000000,251.00000000,0.97806034,0.00069678,0.91392821,0.28767123,0.50684932,0.76507552,0.15407150,0.47432660,-0.00117580,0.95203320,0.00218989,0.99998663,0.99977884,PROMOTE-deployable-distill-candidate
alpha1_delta_bw0.5_d0.005_pr0.25,1.00000000,delta,0.50000000,0.00500000,0.25000000,219.00000000,0.97806034,0.00069678,0.91392844,0.28767123,0.50684932,0.76507552,0.15407150,0.47432660,-0.00117580,0.95203320,0.00218989,0.99998739,0.99977728,PROMOTE-deployable-distill-candidate
alpha1_delta_bw0.5_d0.005_pr0.5,1.00000000,delta,0.50000000,0.00500000,0.50000000,158.00000000,0.97806034,0.00069678,0.91392960,0.28767123,0.50684932,0.76507552,0.15407150,0.47432660,-0.00117580,0.95203320,0.00218989,0.99998903,0.99976924,PROMOTE-deployable-distill-candidate
alpha1_delta_bw0.5_d0.01_pr0,1.00000000,delta,0.50000000,0.01000000,0.00000000,196.00000000,0.97803558,0.00067203,0.91386948,0.28767123,0.50684932,0.76507552,0.15407150,0.47432660,-0.00117580,0.95195539,0.00211208,0.99998686,0.99977781,PROMOTE-deployable-distill-candidate
alpha1_delta_bw0.5_d0.01_pr0.25,1.00000000,delta,0.50000000,0.01000000,0.25000000,173.00000000,0.97803558,0.00067203,0.91386971,0.28767123,0.50684932,0.76507552,0.15407150,0.47432660,-0.00117580,0.95195539,0.00211208,0.99998757,0.99977633,PROMOTE-deployable-distill-candidate
alpha1_delta_bw0.5_d0.01_pr0.5,1.00000000,delta,0.50000000,0.01000000,0.50000000,129.00000000,0.97803558,0.00067203,0.91387005,0.28767123,0.50684932,0.76507552,0.15407150,0.47432660,-0.00117580,0.95195539,0.00211208,0.99998915,0.99976869,PROMOTE-deployable-distill-candidate
alpha1_delta_bw0.5_d0.02_pr0,1.00000000,delta,0.50000000,0.02000000,0.00000000,125.00000000,0.97801711,0.00065355,0.91362526,0.28767123,0.50684932,0.76507552,0.15407150,0.47432660,-0.00117580,0.95189734,0.00205402,0.99998803,0.99977342,PROMOTE-deployable-distill-candidate
alpha1_delta_bw0.5_d0.02_pr0.25,1.00000000,delta,0.50000000,0.02000000,0.25000000,115.00000000,0.97801711,0.00065355,0.91362537,0.28767123,0.50684932,0.76507552,0.15407150,0.47432660,-0.00117580,0.95189734,0.00205402,0.99998852,0.99977340,PROMOTE-deployable-distill-candidate
alpha1_delta_bw0.5_d0.02_pr0.5,1.00000000,delta,0.50000000,0.02000000,0.50000000,95.00000000,0.97801711,0.00065355,0.91362549,0.28767123,0.50684932,0.76507552,0.15407150,0.47432660,-0.00117580,0.95189734,0.00205402,0.99998969,0.99976673,PROMOTE-deployable-distill-candidate
alpha0.01_delta_bw0.3_d0_pr0,0.01000000,delta,0.30000000,0.00000000,0.00000000,318.00000000,0.97787848,0.00051492,0.91373112,0.28767123,0.50684932,0.76507552,0.15407150,0.47432660,-0.00117580,0.95146164,0.00161832,0.99999292,0.99976713,PROMOTE-deployable-distill-candidate
alpha0.01_delta_bw0.3_d0_pr0.25,0.01000000,delta,0.30000000,0.00000000,0.25000000,283.00000000,0.97787848,0.00051492,0.91373123,0.28767123,0.50684932,0.76507552,0.15407150,0.47432660,-0.00117580,0.95146164,0.00161832,0.99999328,0.99976621,PROMOTE-deployable-distill-candidate
alpha0.01_delta_bw0.3_d0_pr0.5,0.01000000,delta,0.30000000,0.00000000,0.50000000,204.00000000,0.97787848,0.00051492,0.91373181,0.28767123,0.50684932,0.76507552,0.15407150,0.47432660,-0.00117580,0.95146164,0.00161832,0.99999406,0.99976039,PROMOTE-deployable-distill-candidate
alpha0.01_delta_bw0.3_d0.005_pr0,0.01000000,delta,0.30000000,0.00500000,0.00000000,249.00000000,0.97787848,0.00051492,0.91368325,0.28767123,0.50684932,0.76507552,0.15407150,0.47432660,-0.00117580,0.95146164,0.00161832,0.99999293,0.99976701,PROMOTE-deployable-distill-candidate
alpha0.01_delta_bw0.3_d0.005_pr0.25,0.01000000,delta,0.30000000,0.00500000,0.25000000,220.00000000,0.97787848,0.00051492,0.91368337,0.28767123,0.50684932,0.76507552,0.15407150,0.47432660,-0.00117580,0.95146164,0.00161832,0.99999329,0.99976611,PROMOTE-deployable-distill-candidate
alpha0.01_delta_bw0.3_d0.005_pr0.5,0.01000000,delta,0.30000000,0.00500000,0.50000000,156.00000000,0.97787848,0.00051492,0.91368394,0.28767123,0.50684932,0.76507552,0.15407150,0.47432660,-0.00117580,0.95146164,0.00161832,0.99999407,0.99976030,PROMOTE-deployable-distill-candidate
alpha0.01_delta_bw1_d0_pr0,0.01000000,delta,1.00000000,0.00000000,0.00000000,318.00000000,0.97851940,0.00115585,0.91575906,0.32876712,0.50684932,0.76250409,0.15700969,0.47432660,0.00176240,0.95347597,0.00363266,0.99992126,0.99982248,HOLD-no-promotion-gate
alpha0.01_delta_bw1_d0_pr0.25,0.01000000,delta,1.00000000,0.00000000,0.25000000,283.00000000,0.97851940,0.00115585,0.91576021,0.32876712,0.50684932,0.76250409,0.15700969,0.47432660,0.00176240,0.95347597,0.00363266,0.99992532,0.99982226,HOLD-no-promotion-gate
alpha0.01_delta_bw1_d0_pr0.5,0.01000000,delta,1.00000000,0.00000000,0.50000000,204.00000000,0.97851940,0.00115585,0.91576217,0.32876712,0.50684932,0.76250409,0.15700969,0.47432660,0.00176240,0.95347597,0.00363266,0.99993401,0.99980891,HOLD-no-promotion-gate
alpha0.01_delta_bw1_d0.005_pr0,0.01000000,delta,1.00000000,0.00500000,0.00000000,249.00000000,0.97846591,0.00110236,0.91558756,0.32876712,0.50684932,0.76232552,0.15721413,0.47432660,0.00196683,0.95330786,0.00346455,0.99992139,0.99982218,HOLD-no-promotion-gate
alpha0.01_delta_bw1_d0.005_pr0.25,0.01000000,delta,1.00000000,0.00500000,0.25000000,220.00000000,0.97846591,0.00110236,0.91558871,0.32876712,0.50684932,0.76232552,0.15721413,0.47432660,0.00196683,0.95330786,0.00346455,0.99992545,0.99982199,HOLD-no-promotion-gate
alpha0.01_delta_bw1_d0.005_pr0.5,0.01000000,delta,1.00000000,0.00500000,0.50000000,156.00000000,0.97846591,0.00110236,0.91559078,0.32876712,0.50684932,0.76232552,0.15721413,0.47432660,0.00196683,0.95330786,0.00346455,0.99993412,0.99980870,HOLD-no-promotion-gate
alpha0.01_delta_bw1_d0.02_pr0,0.01000000,delta,1.00000000,0.02000000,0.00000000,141.00000000,0.97844113,0.00107757,0.91516650,0.30136986,0.50684932,0.76482552,0.15647432,0.47432660,0.00122702,0.95322996,0.00338664,0.99992568,0.99981481,HOLD-no-promotion-gate
alpha0.01_delta_bw1_d0.02_pr0.25,0.01000000,delta,1.00000000,0.02000000,0.25000000,128.00000000,0.97844113,0.00107757,0.91516719,0.30136986,0.50684932,0.76482552,0.15647432,0.47432660,0.00122702,0.95322996,0.00338664,0.99992902,0.99981712,HOLD-no-promotion-gate
alpha0.01_delta_bw1_d0.02_pr0.5,0.01000000,delta,1.00000000,0.02000000,0.50000000,102.00000000,0.97844113,0.00107757,0.91516753,0.30136986,0.50684932,0.76482552,0.15647432,0.47432660,0.00122702,0.95322996,0.00338664,0.99993630,0.99980482,HOLD-no-promotion-gate
alpha0.01_delta_bw1_d0.01_pr0,0.01000000,delta,1.00000000,0.01000000,0.00000000,197.00000000,0.97840450,0.00104095,0.91544034,0.32876712,0.50684932,0.76214695,0.15742012,0.47432660,0.00217282,0.95311486,0.00327154,0.99992222,0.99982022,HOLD-no-promotion-gate
alpha0.01_delta_bw1_d0.01_pr0.25,0.01000000,delta,1.00000000,0.01000000,0.25000000,174.00000000,0.97840450,0.00104095,0.91544138,0.32876712,0.50684932,0.76214695,0.15742012,0.47432660,0.00217282,0.95311486,0.00327154,0.99992618,0.99982008,HOLD-no-promotion-gate
alpha0.01_delta_bw1_d0.01_pr0.5,0.01000000,delta,1.00000000,0.01000000,0.50000000,128.00000000,0.97840450,0.00104095,0.91544310,0.32876712,0.50684932,0.76214695,0.15742012,0.47432660,0.00217282,0.95311486,0.00327154,0.99993458,0.99980765,HOLD-no-promotion-gate
alpha0.1_delta_bw1_d0_pr0,0.10000000,delta,1.00000000,0.00000000,0.00000000,315.00000000,0.97832334,0.00095978,0.91564762,0.32876712,0.50684932,0.76250409,0.15700969,0.47432660,0.00176240,0.95285977,0.00301645,0.99992664,0.99982047,HOLD-no-promotion-gate
alpha0.1_delta_bw1_d0_pr0.25,0.10000000,delta,1.00000000,0.00000000,0.25000000,280.00000000,0.97832334,0.00095978,0.91564866,0.32876712,0.50684932,0.76250409,0.15700969,0.47432660,0.00176240,0.95285977,0.00301645,0.99993049,0.99981999,HOLD-no-promotion-gate
alpha0.1_delta_bw1_d0_pr0.5,0.10000000,delta,1.00000000,0.00000000,0.50000000,200.00000000,0.97832334,0.00095978,0.91565061,0.32876712,0.50684932,0.76250409,0.15700969,0.47432660,0.00176240,0.95285977,0.00301645,0.99993855,0.99980676,HOLD-no-promotion-gate
alpha0.1_delta_bw1_d0.02_pr0,0.10000000,delta,1.00000000,0.02000000,0.00000000,139.00000000,0.97827774,0.00091418,0.91501916,0.30136986,0.50684932,0.76482552,0.15647432,0.47432660,0.00122702,0.95271646,0.00287314,0.99993127,0.99981204,HOLD-no-promotion-gate
alpha0.1_delta_bw1_d0.02_pr0.25,0.10000000,delta,1.00000000,0.02000000,0.25000000,126.00000000,0.97827774,0.00091418,0.91501951,0.30136986,0.50684932,0.76482552,0.15647432,0.47432660,0.00122702,0.95271646,0.00287314,0.99993438,0.99981411,HOLD-no-promotion-gate
alpha0.1_delta_bw1_d0.02_pr0.5,0.10000000,delta,1.00000000,0.02000000,0.50000000,102.00000000,0.97827774,0.00091418,0.91501985,0.30136986,0.50684932,0.76482552,0.15647432,0.47432660,0.00122702,0.95271646,0.00287314,0.99994081,0.99980246,HOLD-no-promotion-gate
alpha10_delta_bw1_d0.01_pr0,10.00000000,delta,1.00000000,0.01000000,0.00000000,187.00000000,0.97827408,0.00091052,0.91421449,0.31506849,0.50684932,0.77482552,0.16759386,0.47432660,0.01234656,0.95270496,0.00286165,0.99996850,0.99978377,HOLD-no-promotion-gate
alpha10_delta_bw1_d0.01_pr0.25,10.00000000,delta,1.00000000,0.01000000,0.25000000,166.00000000,0.97827408,0.00091052,0.91421483,0.31506849,0.50684932,0.77482552,0.16759386,0.47432660,0.01234656,0.95270496,0.00286165,0.99997096,0.99978012,HOLD-no-promotion-gate
alpha10_delta_bw1_d0.01_pr0.5,10.00000000,delta,1.00000000,0.01000000,0.50000000,124.00000000,0.97827408,0.00091052,0.91421518,0.31506849,0.50684932,0.77482552,0.16759386,0.47432660,0.01234656,0.95270496,0.00286165,0.99997632,0.99976959,HOLD-no-promotion-gate
alpha0.1_delta_bw1_d0.005_pr0,0.10000000,delta,1.00000000,0.00500000,0.00000000,245.00000000,0.97826985,0.00090629,0.91546876,0.32876712,0.50684932,0.76232552,0.15721413,0.47432660,0.00196683,0.95269166,0.00284834,0.99992679,0.99981996,HOLD-no-promotion-gate
alpha0.1_delta_bw1_d0.005_pr0.25,0.10000000,delta,1.00000000,0.00500000,0.25000000,216.00000000,0.97826985,0.00090629,0.91546968,0.32876712,0.50684932,0.76232552,0.15721413,0.47432660,0.00196683,0.95269166,0.00284834,0.99993063,0.99981952,HOLD-no-promotion-gate
alpha0.1_delta_bw1_d0.005_pr0.5,0.10000000,delta,1.00000000,0.00500000,0.50000000,155.00000000,0.97826985,0.00090629,0.91547129,0.32876712,0.50684932,0.76232552,0.15721413,0.47432660,0.00196683,0.95269166,0.00284834,0.99993865,0.99980633,HOLD-no-promotion-gate
alpha0.01_delta_bw0.7_d0.01_pr0,0.01000000,delta,0.70000000,0.01000000,0.00000000,197.00000000,0.97822106,0.00085751,0.91468744,0.32876712,0.50684932,0.76571837,0.15542818,0.47432660,0.00018088,0.95253834,0.00269503,0.99996189,0.99980642,HOLD-no-promotion-gate
alpha0.01_delta_bw0.7_d0.01_pr0.25,0.01000000,delta,0.70000000,0.01000000,0.25000000,174.00000000,0.97822106,0.00085751,0.91468790,0.32876712,0.50684932,0.76571837,0.15542818,0.47432660,0.00018088,0.95253834,0.00269503,0.99996383,0.99980549,HOLD-no-promotion-gate
alpha0.01_delta_bw0.7_d0.01_pr0.5,0.01000000,delta,0.70000000,0.01000000,0.50000000,128.00000000,0.97822106,0.00085751,0.91468951,0.32876712,0.50684932,0.76571837,0.15542818,0.47432660,0.00018088,0.95253834,0.00269503,0.99996795,0.99979503,HOLD-no-promotion-gate
alpha0.1_delta_bw1_d0.01_pr0,0.10000000,delta,1.00000000,0.01000000,0.00000000,196.00000000,0.97820844,0.00084488,0.91535548,0.32876712,0.50684932,0.76214695,0.15742012,0.47432660,0.00217282,0.95249865,0.00265534,0.99992760,0.99981838,HOLD-no-promotion-gate
alpha0.1_delta_bw1_d0.01_pr0.25,0.10000000,delta,1.00000000,0.01000000,0.25000000,173.00000000,0.97820844,0.00084488,0.91535629,0.32876712,0.50684932,0.76214695,0.15742012,0.47432660,0.00217282,0.95249865,0.00265534,0.99993133,0.99981796,HOLD-no-promotion-gate
alpha0.1_delta_bw1_d0.01_pr0.5,0.10000000,delta,1.00000000,0.01000000,0.50000000,129.00000000,0.97820844,0.00084488,0.91535790,0.32876712,0.50684932,0.76214695,0.15742012,0.47432660,0.00217282,0.95249865,0.00265534,0.99993906,0.99980583,HOLD-no-promotion-gate
alpha1_delta_bw1_d0_pr0,1.00000000,delta,1.00000000,0.00000000,0.00000000,334.00000000,0.97820683,0.00084327,0.91514251,0.32876712,0.50684932,0.76250409,0.15700969,0.47432660,0.00176240,0.95249361,0.00265029,0.99994639,0.99981204,HOLD-no-promotion-gate
alpha1_delta_bw1_d0_pr0.25,1.00000000,delta,1.00000000,0.00000000,0.25000000,287.00000000,0.97820683,0.00084327,0.91514297,0.32876712,0.50684932,0.76250409,0.15700969,0.47432660,0.00176240,0.95249361,0.00265029,0.99994944,0.99981029,HOLD-no-promotion-gate
alpha1_delta_bw1_d0_pr0.5,1.00000000,delta,1.00000000,0.00000000,0.50000000,207.00000000,0.97820683,0.00084327,0.91514469,0.32876712,0.50684932,0.76250409,0.15700969,0.47432660,0.00176240,0.95249361,0.00265029,0.99995602,0.99979741,HOLD-no-promotion-gate
alpha0.01_delta_bw0.7_d0.02_pr0,0.01000000,delta,0.70000000,0.02000000,0.00000000,141.00000000,0.97819628,0.00083272,0.91448913,0.30136986,0.50684932,0.76536123,0.15584195,0.47432660,0.00059466,0.95246044,0.00261712,0.99996359,0.99980191,HOLD-no-promotion-gate
alpha0.01_delta_bw0.7_d0.02_pr0.25,0.01000000,delta,0.70000000,0.02000000,0.25000000,128.00000000,0.97819628,0.00083272,0.91448948,0.30136986,0.50684932,0.76536123,0.15584195,0.47432660,0.00059466,0.95246044,0.00261712,0.99996523,0.99980282,HOLD-no-promotion-gate
alpha0.01_delta_bw0.7_d0.02_pr0.5,0.01000000,delta,0.70000000,0.02000000,0.50000000,102.00000000,0.97819628,0.00083272,0.91448983,0.30136986,0.50684932,0.76536123,0.15584195,0.47432660,0.00059466,0.95246044,0.00261712,0.99996879,0.99979269,HOLD-no-promotion-gate
alpha0.1_delta_bw0.7_d0.01_pr0,0.10000000,delta,0.70000000,0.01000000,0.00000000,196.00000000,0.97818839,0.00082483,0.91462186,0.32876712,0.50684932,0.76571837,0.15542818,0.47432660,0.00018088,0.95243564,0.00259232,0.99996453,0.99980400,HOLD-no-promotion-gate
alpha0.1_delta_bw0.7_d0.01_pr0.25,0.10000000,delta,0.70000000,0.01000000,0.25000000,173.00000000,0.97818839,0.00082483,0.91462232,0.32876712,0.50684932,0.76571837,0.15542818,0.47432660,0.00018088,0.95243564,0.00259232,0.99996636,0.99980293,HOLD-no-promotion-gate
alpha0.1_delta_bw0.7_d0.01_pr0.5,0.10000000,delta,0.70000000,0.01000000,0.50000000,129.00000000,0.97818839,0.00082483,0.91462393,0.32876712,0.50684932,0.76571837,0.15542818,0.47432660,0.00018088,0.95243564,0.00259232,0.99997014,0.99979282,HOLD-no-promotion-gate
alpha1_delta_bw0.7_d0.01_pr0,1.00000000,delta,0.70000000,0.01000000,0.00000000,196.00000000,0.97818839,0.00082483,0.91427794,0.32876712,0.50684932,0.76571837,0.15542818,0.47432660,0.00018088,0.95243564,0.00259232,0.99997424,0.99979365,HOLD-no-promotion-gate
alpha1_delta_bw0.7_d0.01_pr0.25,1.00000000,delta,0.70000000,0.01000000,0.25000000,173.00000000,0.97818839,0.00082483,0.91427829,0.32876712,0.50684932,0.76571837,0.15542818,0.47432660,0.00018088,0.95243564,0.00259232,0.99997564,0.99979199,HOLD-no-promotion-gate
alpha1_delta_bw0.7_d0.01_pr0.5,1.00000000,delta,0.70000000,0.01000000,0.50000000,129.00000000,0.97818839,0.00082483,0.91427898,0.32876712,0.50684932,0.76571837,0.15542818,0.47432660,0.00018088,0.95243564,0.00259232,0.99997872,0.99978217,HOLD-no-promotion-gate
alpha0.1_delta_bw0.7_d0.02_pr0,0.10000000,delta,0.70000000,0.02000000,0.00000000,139.00000000,0.97816360,0.00080004,0.91437948,0.30136986,0.50684932,0.76536123,0.15584195,0.47432660,0.00059466,0.95235774,0.00251442,0.99996632,0.99979880,HOLD-no-promotion-gate
alpha0.1_delta_bw0.7_d0.02_pr0.25,0.10000000,delta,0.70000000,0.02000000,0.25000000,126.00000000,0.97816360,0.00080004,0.91437983,0.30136986,0.50684932,0.76536123,0.15584195,0.47432660,0.00059466,0.95235774,0.00251442,0.99996785,0.99979959,HOLD-no-promotion-gate
alpha0.1_delta_bw0.7_d0.02_pr0.5,0.10000000,delta,0.70000000,0.02000000,0.50000000,102.00000000,0.97816360,0.00080004,0.91438017,0.30136986,0.50684932,0.76536123,0.15584195,0.47432660,0.00059466,0.95235774,0.00251442,0.99997100,0.99979009,HOLD-no-promotion-gate
alpha1_delta_bw1_d0.005_pr0,1.00000000,delta,1.00000000,0.00500000,0.00000000,251.00000000,0.97815334,0.00078978,0.91499885,0.32876712,0.50684932,0.76232552,0.15721413,0.47432660,0.00196683,0.95232549,0.00248218,0.99994652,0.99981116,HOLD-no-promotion-gate
alpha1_delta_bw1_d0.005_pr0.25,1.00000000,delta,1.00000000,0.00500000,0.25000000,219.00000000,0.97815334,0.00078978,0.91499931,0.32876712,0.50684932,0.76232552,0.15721413,0.47432660,0.00196683,0.95232549,0.00248218,0.99994954,0.99980954,HOLD-no-promotion-gate
alpha1_delta_bw1_d0.005_pr0.5,1.00000000,delta,1.00000000,0.00500000,0.50000000,158.00000000,0.97815334,0.00078978,0.91500104,0.32876712,0.50684932,0.76232552,0.15721413,0.47432660,0.00196683,0.95232549,0.00248218,0.99995610,0.99979674,HOLD-no-promotion-gate
alpha10_delta_bw1_d0.005_pr0,10.00000000,delta,1.00000000,0.00500000,0.00000000,273.00000000,0.97813942,0.00077587,0.91438748,0.31506849,0.50684932,0.76214695,0.15742012,0.47432660,0.00217282,0.95228176,0.00243844,0.99996706,0.99979289,HOLD-no-promotion-gate
alpha10_delta_bw1_d0.005_pr0.25,10.00000000,delta,1.00000000,0.00500000,0.25000000,228.00000000,0.97813942,0.00077587,0.91438794,0.31506849,0.50684932,0.76214695,0.15742012,0.47432660,0.00217282,0.95228176,0.00243844,0.99996991,0.99978755,HOLD-no-promotion-gate
alpha10_delta_bw1_d0.005_pr0.5,10.00000000,delta,1.00000000,0.00500000,0.50000000,167.00000000,0.97813942,0.00077587,0.91438932,0.31506849,0.50684932,0.76214695,0.15742012,0.47432660,0.00217282,0.95228176,0.00243844,0.99997555,0.99977558,HOLD-no-promotion-gate
alpha10_delta_bw1_d0_pr0,10.00000000,delta,1.00000000,0.00000000,0.00000000,367.00000000,0.97813548,0.00077192,0.91458780,0.31506849,0.50684932,0.76232552,0.15721413,0.47432660,0.00196683,0.95226936,0.00242604,0.99996683,0.99979415,HOLD-no-promotion-gate
alpha10_delta_bw1_d0_pr0.25,10.00000000,delta,1.00000000,0.00000000,0.25000000,301.00000000,0.97813548,0.00077192,0.91458826,0.31506849,0.50684932,0.76232552,0.15721413,0.47432660,0.00196683,0.95226936,0.00242604,0.99996972,0.99978837,HOLD-no-promotion-gate
alpha10_delta_bw1_d0_pr0.5,10.00000000,delta,1.00000000,0.00000000,0.50000000,221.00000000,0.97813548,0.00077192,0.91458964,0.31506849,0.50684932,0.76232552,0.15721413,0.47432660,0.00196683,0.95226936,0.00242604,0.99997542,0.99977640,HOLD-no-promotion-gate
alpha1_delta_bw1_d0.01_pr0,1.00000000,delta,1.00000000,0.01000000,0.00000000,196.00000000,0.97812461,0.00076105,0.91487396,0.32876712,0.50684932,0.76214695,0.15742012,0.47432660,0.00217282,0.95223519,0.00239188,0.99994743,0.99980954,HOLD-no-promotion-gate
alpha1_delta_bw1_d0.01_pr0.25,1.00000000,delta,1.00000000,0.01000000,0.25000000,173.00000000,0.97812461,0.00076105,0.91487430,0.32876712,0.50684932,0.76214695,0.15742012,0.47432660,0.00217282,0.95223519,0.00239188,0.99995029,0.99980802,HOLD-no-promotion-gate
alpha1_delta_bw1_d0.01_pr0.5,1.00000000,delta,1.00000000,0.01000000,0.50000000,129.00000000,0.97812461,0.00076105,0.91487488,0.32876712,0.50684932,0.76214695,0.15742012,0.47432660,0.00217282,0.95223519,0.00239188,0.99995658,0.99979588,HOLD-no-promotion-gate
alpha10_delta_bw0.7_d0.01_pr0,10.00000000,delta,0.70000000,0.01000000,0.00000000,187.00000000,0.97810456,0.00074100,0.91380953,0.31506849,0.50684932,0.77071837,0.16039244,0.47432660,0.00514515,0.95217218,0.00232886,0.99998457,0.99977119,HOLD-no-promotion-gate
alpha10_delta_bw0.7_d0.01_pr0.25,10.00000000,delta,0.70000000,0.01000000,0.25000000,166.00000000,0.97810456,0.00074100,0.91380976,0.31506849,0.50684932,0.77071837,0.16039244,0.47432660,0.00514515,0.95217218,0.00232886,0.99998577,0.99976812,HOLD-no-promotion-gate
alpha10_delta_bw0.7_d0.01_pr0.5,10.00000000,delta,0.70000000,0.01000000,0.50000000,124.00000000,0.97810456,0.00074100,0.91381022,0.31506849,0.50684932,0.77071837,0.16039244,0.47432660,0.00514515,0.95217218,0.00232886,0.99998840,0.99975962,HOLD-no-promotion-gate
alpha0.01_delta_bw0.3_d0.01_pr0,0.01000000,delta,0.30000000,0.01000000,0.00000000,197.00000000,0.97785372,0.00049016,0.91364016,0.28767123,0.50684932,0.76507552,0.15407150,0.47432660,-0.00117580,0.95138383,0.00154052,0.99999300,0.99976625,HOLD-no-promotion-gate
alpha0.01_delta_bw0.3_d0.01_pr0.25,0.01000000,delta,0.30000000,0.01000000,0.25000000,174.00000000,0.97785372,0.00049016,0.91364028,0.28767123,0.50684932,0.76507552,0.15407150,0.47432660,-0.00117580,0.95138383,0.00154052,0.99999336,0.99976538,HOLD-no-promotion-gate
alpha0.01_delta_bw0.3_d0.01_pr0.5,0.01000000,delta,0.30000000,0.01000000,0.50000000,128.00000000,0.97785372,0.00049016,0.91364074,0.28767123,0.50684932,0.76507552,0.15407150,0.47432660,-0.00117580,0.95138383,0.00154052,0.99999411,0.99975989,HOLD-no-promotion-gate
alpha0.01_delta_bw0.3_d0.02_pr0,0.01000000,delta,0.30000000,0.02000000,0.00000000,141.00000000,0.97785372,0.00049016,0.91355461,0.28767123,0.50684932,0.76507552,0.15407150,0.47432660,-0.00117580,0.95138383,0.00154052,0.99999331,0.99976390,HOLD-no-promotion-gate
alpha0.01_delta_bw0.3_d0.02_pr0.25,0.01000000,delta,0.30000000,0.02000000,0.25000000,128.00000000,0.97785372,0.00049016,0.91355473,0.28767123,0.50684932,0.76507552,0.15407150,0.47432660,-0.00117580,0.95138383,0.00154052,0.99999361,0.99976389,HOLD-no-promotion-gate
alpha0.01_delta_bw0.3_d0.02_pr0.5,0.01000000,delta,0.30000000,0.02000000,0.50000000,102.00000000,0.97785372,0.00049016,0.91355473,0.28767123,0.50684932,0.76507552,0.15407150,0.47432660,-0.00117580,0.95138383,0.00154052,0.99999427,0.99975868,HOLD-no-promotion-gate
alpha10_delta_bw0.5_d0.01_pr0,10.00000000,delta,0.50000000,0.01000000,0.00000000,187.00000000,0.97785372,0.00049016,0.91353108,0.28767123,0.50684932,0.76507552,0.15407150,0.47432660,-0.00117580,0.95138383,0.00154052,0.99999213,0.99975966,HOLD-no-promotion-gate
alpha10_delta_bw0.5_d0.01_pr0.25,10.00000000,delta,0.50000000,0.01000000,0.25000000,166.00000000,0.97785372,0.00049016,0.91353108,0.28767123,0.50684932,0.76507552,0.15407150,0.47432660,-0.00117580,0.95138383,0.00154052,0.99999274,0.99975722,HOLD-no-promotion-gate
alpha10_delta_bw0.5_d0.01_pr0.5,10.00000000,delta,0.50000000,0.01000000,0.50000000,124.00000000,0.97785372,0.00049016,0.91353143,0.28767123,0.50684932,0.76507552,0.15407150,0.47432660,-0.00117580,0.95138383,0.00154052,0.99999408,0.99975061,HOLD-no-promotion-gate
alpha10_delta_bw0.5_d0.005_pr0,10.00000000,delta,0.50000000,0.00500000,0.00000000,273.00000000,0.97784580,0.00048224,0.91361680,0.28767123,0.50684932,0.76507552,0.15407150,0.47432660,-0.00117580,0.95135894,0.00151562,0.99999177,0.99976458,HOLD-no-promotion-gate
alpha10_delta_bw0.5_d0.005_pr0.25,10.00000000,delta,0.50000000,0.00500000,0.25000000,228.00000000,0.97784580,0.00048224,0.91361680,0.28767123,0.50684932,0.76507552,0.15407150,0.47432660,-0.00117580,0.95135894,0.00151562,0.99999248,0.99976119,HOLD-no-promotion-gate
alpha10_delta_bw0.5_d0.005_pr0.5,10.00000000,delta,0.50000000,0.00500000,0.50000000,167.00000000,0.97784580,0.00048224,0.91361784,0.28767123,0.50684932,0.76507552,0.15407150,0.47432660,-0.00117580,0.95135894,0.00151562,0.99999389,0.99975380,HOLD-no-promotion-gate
alpha0.1_delta_bw0.3_d0_pr0,0.10000000,delta,0.30000000,0.00000000,0.00000000,315.00000000,0.97781312,0.00044957,0.91369867,0.28767123,0.50684932,0.76507552,0.15407150,0.47432660,-0.00117580,0.95125624,0.00141292,0.99999340,0.99976540,HOLD-no-promotion-gate
alpha0.1_delta_bw0.3_d0_pr0.25,0.10000000,delta,0.30000000,0.00000000,0.25000000,280.00000000,0.97781312,0.00044957,0.91369878,0.28767123,0.50684932,0.76507552,0.15407150,0.47432660,-0.00117580,0.95125624,0.00141292,0.99999375,0.99976445,HOLD-no-promotion-gate
alpha0.1_delta_bw0.3_d0_pr0.5,0.10000000,delta,0.30000000,0.00000000,0.50000000,200.00000000,0.97781312,0.00044957,0.91369936,0.28767123,0.50684932,0.76507552,0.15407150,0.47432660,-0.00117580,0.95125624,0.00141292,0.99999447,0.99975879,HOLD-no-promotion-gate
alpha0.1_delta_bw0.3_d0.005_pr0,0.10000000,delta,0.30000000,0.00500000,0.00000000,245.00000000,0.97781312,0.00044957,0.91364724,0.28767123,0.50684932,0.76507552,0.15407150,0.47432660,-0.00117580,0.95125624,0.00141292,0.99999341,0.99976521,HOLD-no-promotion-gate
alpha0.1_delta_bw0.3_d0.005_pr0.25,0.10000000,delta,0.30000000,0.00500000,0.25000000,216.00000000,0.97781312,0.00044957,0.91364735,0.28767123,0.50684932,0.76507552,0.15407150,0.47432660,-0.00117580,0.95125624,0.00141292,0.99999376,0.99976428,HOLD-no-promotion-gate
alpha0.1_delta_bw0.3_d0.005_pr0.5,0.10000000,delta,0.30000000,0.00500000,0.50000000,155.00000000,0.97781312,0.00044957,0.91364781,0.28767123,0.50684932,0.76507552,0.15407150,0.47432660,-0.00117580,0.95125624,0.00141292,0.99999448,0.99975864,HOLD-no-promotion-gate
alpha10_delta_bw0.5_d0_pr0,10.00000000,delta,0.50000000,0.00000000,0.00000000,367.00000000,0.97781312,0.00044957,0.91371875,0.28767123,0.50684932,0.76507552,0.15407150,0.47432660,-0.00117580,0.95125624,0.00141292,0.99999171,0.99976526,HOLD-no-promotion-gate
alpha10_delta_bw0.5_d0_pr0.25,10.00000000,delta,0.50000000,0.00000000,0.25000000,301.00000000,0.97781312,0.00044957,0.91371898,0.28767123,0.50684932,0.76507552,0.15407150,0.47432660,-0.00117580,0.95125624,0.00141292,0.99999243,0.99976165,HOLD-no-promotion-gate
alpha10_delta_bw0.5_d0_pr0.5,10.00000000,delta,0.50000000,0.00000000,0.50000000,221.00000000,0.97781312,0.00044957,0.91372013,0.28767123,0.50684932,0.76507552,0.15407150,0.47432660,-0.00117580,0.95125624,0.00141292,0.99999385,0.99975425,HOLD-no-promotion-gate
alpha0.1_delta_bw0.3_d0.01_pr0,0.10000000,delta,0.30000000,0.01000000,0.00000000,196.00000000,0.97778837,0.00042481,0.91361496,0.28767123,0.50684932,0.76507552,0.15407150,0.47432660,-0.00117580,0.95117843,0.00133511,0.99999349,0.99976457,HOLD-no-promotion-gate
alpha0.1_delta_bw0.3_d0.01_pr0.25,0.10000000,delta,0.30000000,0.01000000,0.25000000,173.00000000,0.97778837,0.00042481,0.91361508,0.28767123,0.50684932,0.76507552,0.15407150,0.47432660,-0.00117580,0.95117843,0.00133511,0.99999382,0.99976366,HOLD-no-promotion-gate
alpha0.1_delta_bw0.3_d0.01_pr0.5,0.10000000,delta,0.30000000,0.01000000,0.50000000,129.00000000,0.97778837,0.00042481,0.91361554,0.28767123,0.50684932,0.76507552,0.15407150,0.47432660,-0.00117580,0.95117843,0.00133511,0.99999452,0.99975840,HOLD-no-promotion-gate
alpha0.1_delta_bw0.3_d0.02_pr0,0.10000000,delta,0.30000000,0.02000000,0.00000000,139.00000000,0.97778837,0.00042481,0.91350870,0.28767123,0.50684932,0.76507552,0.15407150,0.47432660,-0.00117580,0.95117843,0.00133511,0.99999382,0.99976190,HOLD-no-promotion-gate
alpha0.1_delta_bw0.3_d0.02_pr0.25,0.10000000,delta,0.30000000,0.02000000,0.25000000,126.00000000,0.97778837,0.00042481,0.91350882,0.28767123,0.50684932,0.76507552,0.15407150,0.47432660,-0.00117580,0.95117843,0.00133511,0.99999410,0.99976187,HOLD-no-promotion-gate
alpha0.1_delta_bw0.3_d0.02_pr0.5,0.10000000,delta,0.30000000,0.02000000,0.50000000,102.00000000,0.97778837,0.00042481,0.91350882,0.28767123,0.50684932,0.76507552,0.15407150,0.47432660,-0.00117580,0.95117843,0.00133511,0.99999467,0.99975702,HOLD-no-promotion-gate
alpha1_delta_bw0.3_d0_pr0,1.00000000,delta,0.30000000,0.00000000,0.00000000,334.00000000,0.97778045,0.00041689,0.91353678,0.28767123,0.50684932,0.76221837,0.15524730,0.47432660,0.00000000,0.95115354,0.00131022,0.99999518,0.99975872,HOLD-no-promotion-gate
alpha1_delta_bw0.3_d0_pr0.25,1.00000000,delta,0.30000000,0.00000000,0.25000000,287.00000000,0.97778045,0.00041689,0.91353678,0.28767123,0.50684932,0.76221837,0.15524730,0.47432660,0.00000000,0.95115354,0.00131022,0.99999545,0.99975756,HOLD-no-promotion-gate
alpha1_delta_bw0.3_d0_pr0.5,1.00000000,delta,0.30000000,0.00000000,0.50000000,207.00000000,0.97778045,0.00041689,0.91353747,0.28767123,0.50684932,0.76221837,0.15524730,0.47432660,0.00000000,0.95115354,0.00131022,0.99999604,0.99975232,HOLD-no-promotion-gate
alpha1_delta_bw0.3_d0.005_pr0,1.00000000,delta,0.30000000,0.00500000,0.00000000,251.00000000,0.97778045,0.00041689,0.91349628,0.28767123,0.50684932,0.76221837,0.15524730,0.47432660,0.00000000,0.95115354,0.00131022,0.99999519,0.99975843,HOLD-no-promotion-gate
alpha1_delta_bw0.3_d0.005_pr0.25,1.00000000,delta,0.30000000,0.00500000,0.25000000,219.00000000,0.97778045,0.00041689,0.91349628,0.28767123,0.50684932,0.76221837,0.15524730,0.47432660,0.00000000,0.95115354,0.00131022,0.99999546,0.99975732,HOLD-no-promotion-gate
alpha1_delta_bw0.3_d0.005_pr0.5,1.00000000,delta,0.30000000,0.00500000,0.50000000,158.00000000,0.97778045,0.00041689,0.91349697,0.28767123,0.50684932,0.76221837,0.15524730,0.47432660,0.00000000,0.95115354,0.00131022,0.99999605,0.99975210,HOLD-no-promotion-gate
alpha1_delta_bw0.3_d0.01_pr0,1.00000000,delta,0.30000000,0.01000000,0.00000000,196.00000000,0.97775569,0.00039213,0.91346251,0.28767123,0.50684932,0.76221837,0.15524730,0.47432660,0.00000000,0.95107573,0.00123241,0.99999527,0.99975776,HOLD-no-promotion-gate
alpha1_delta_bw0.3_d0.01_pr0.25,1.00000000,delta,0.30000000,0.01000000,0.25000000,173.00000000,0.97775569,0.00039213,0.91346251,0.28767123,0.50684932,0.76221837,0.15524730,0.47432660,0.00000000,0.95107573,0.00123241,0.99999553,0.99975670,HOLD-no-promotion-gate
alpha1_delta_bw0.3_d0.01_pr0.5,1.00000000,delta,0.30000000,0.01000000,0.50000000,129.00000000,0.97775569,0.00039213,0.91346285,0.28767123,0.50684932,0.76221837,0.15524730,0.47432660,0.00000000,0.95107573,0.00123241,0.99999609,0.99975174,HOLD-no-promotion-gate
alpha1_delta_bw0.3_d0.02_pr0,1.00000000,delta,0.30000000,0.02000000,0.00000000,125.00000000,0.97775569,0.00039213,0.91331448,0.28767123,0.50684932,0.76221837,0.15524730,0.47432660,0.00000000,0.95107573,0.00123241,0.99999569,0.99975485,HOLD-no-promotion-gate
alpha1_delta_bw0.3_d0.02_pr0.25,1.00000000,delta,0.30000000,0.02000000,0.25000000,115.00000000,0.97775569,0.00039213,0.91331448,0.28767123,0.50684932,0.76221837,0.15524730,0.47432660,0.00000000,0.95107573,0.00123241,0.99999587,0.99975471,HOLD-no-promotion-gate
alpha1_delta_bw0.3_d0.02_pr0.5,1.00000000,delta,0.30000000,0.02000000,0.50000000,95.00000000,0.97775569,0.00039213,0.91331448,0.28767123,0.50684932,0.76221837,0.15524730,0.47432660,0.00000000,0.95107573,0.00123241,0.99999629,0.99975043,HOLD-no-promotion-gate
alpha10_delta_bw1_d0.02_pr0,10.00000000,delta,1.00000000,0.02000000,0.00000000,90.00000000,0.97775457,0.00039102,0.91369320,0.30136986,0.50684932,0.76107552,0.16655328,0.47432660,0.01130599,0.95107222,0.00122891,0.99997423,0.99976380,HOLD-no-promotion-gate
alpha10_delta_bw1_d0.02_pr0.25,10.00000000,delta,1.00000000,0.02000000,0.25000000,84.00000000,0.97775457,0.00039102,0.91369320,0.30136986,0.50684932,0.76107552,0.16655328,0.47432660,0.01130599,0.95107222,0.00122891,0.99997562,0.99976117,HOLD-no-promotion-gate
alpha10_delta_bw1_d0.02_pr0.5,10.00000000,delta,1.00000000,0.02000000,0.50000000,66.00000000,0.97775457,0.00039102,0.91369366,0.30136986,0.50684932,0.76107552,0.16655328,0.47432660,0.01130599,0.95107222,0.00122891,0.99997959,0.99975176,HOLD-no-promotion-gate
alpha10_delta_bw0.7_d0.02_pr0,10.00000000,delta,0.70000000,0.02000000,0.00000000,90.00000000,0.97773879,0.00037523,0.91344352,0.30136986,0.50684932,0.76250409,0.15700969,0.47432660,0.00176240,0.95102262,0.00117931,0.99998737,0.99975601,HOLD-no-promotion-gate
alpha10_delta_bw0.7_d0.02_pr0.25,10.00000000,delta,0.70000000,0.02000000,0.25000000,84.00000000,0.97773879,0.00037523,0.91344352,0.30136986,0.50684932,0.76250409,0.15700969,0.47432660,0.00176240,0.95102262,0.00117931,0.99998805,0.99975388,HOLD-no-promotion-gate
alpha10_delta_bw0.7_d0.02_pr0.5,10.00000000,delta,0.70000000,0.02000000,0.50000000,66.00000000,0.97773879,0.00037523,0.91344398,0.30136986,0.50684932,0.76250409,0.15700969,0.47432660,0.00176240,0.95102262,0.00117931,0.99999000,0.99974646,HOLD-no-promotion-gate
alpha10_delta_bw0.5_d0.02_pr0,10.00000000,delta,0.50000000,0.02000000,0.00000000,90.00000000,0.97765766,0.00029410,0.91327220,0.28767123,0.50684932,0.76507552,0.15407150,0.47432660,-0.00117580,0.95076763,0.00092431,0.99999356,0.99974824,HOLD-no-promotion-gate
alpha10_delta_bw0.5_d0.02_pr0.25,10.00000000,delta,0.50000000,0.02000000,0.25000000,84.00000000,0.97765766,0.00029410,0.91327220,0.28767123,0.50684932,0.76507552,0.15407150,0.47432660,-0.00117580,0.95076763,0.00092431,0.99999390,0.99974658,HOLD-no-promotion-gate
alpha10_delta_bw0.5_d0.02_pr0.5,10.00000000,delta,0.50000000,0.02000000,0.50000000,66.00000000,0.97765766,0.00029410,0.91327231,0.28767123,0.50684932,0.76507552,0.15407150,0.47432660,-0.00117580,0.95076763,0.00092431,0.99999490,0.99974088,HOLD-no-promotion-gate
alpha10_delta_bw0.3_d0.01_pr0,10.00000000,delta,0.30000000,0.01000000,0.00000000,187.00000000,0.97765766,0.00029410,0.91325402,0.28767123,0.50684932,0.76221837,0.15524730,0.47432660,0.00000000,0.95076763,0.00092431,0.99999717,0.99974560,HOLD-no-promotion-gate
alpha10_delta_bw0.3_d0.01_pr0.25,10.00000000,delta,0.30000000,0.01000000,0.25000000,166.00000000,0.97765766,0.00029410,0.91325402,0.28767123,0.50684932,0.76221837,0.15524730,0.47432660,0.00000000,0.95076763,0.00092431,0.99999739,0.99974400,HOLD-no-promotion-gate
alpha10_delta_bw0.3_d0.01_pr0.5,10.00000000,delta,0.30000000,0.01000000,0.50000000,124.00000000,0.97765766,0.00029410,0.91325425,0.28767123,0.50684932,0.76221837,0.15524730,0.47432660,0.00000000,0.95076763,0.00092431,0.99999787,0.99973971,HOLD-no-promotion-gate
alpha10_delta_bw0.3_d0_pr0,10.00000000,delta,0.30000000,0.00000000,0.00000000,367.00000000,0.97764973,0.00028618,0.91336459,0.28767123,0.50684932,0.76221837,0.15524730,0.47432660,0.00000000,0.95074273,0.00089942,0.99999702,0.99974907,HOLD-no-promotion-gate
alpha10_delta_bw0.3_d0_pr0.25,10.00000000,delta,0.30000000,0.00000000,0.25000000,301.00000000,0.97764973,0.00028618,0.91336459,0.28767123,0.50684932,0.76221837,0.15524730,0.47432660,0.00000000,0.95074273,0.00089942,0.99999728,0.99974673,HOLD-no-promotion-gate
alpha10_delta_bw0.3_d0_pr0.5,10.00000000,delta,0.30000000,0.00000000,0.50000000,221.00000000,0.97764973,0.00028618,0.91336528,0.28767123,0.50684932,0.76221837,0.15524730,0.47432660,0.00000000,0.95074273,0.00089942,0.99999779,0.99974194,HOLD-no-promotion-gate
alpha10_delta_bw0.3_d0.005_pr0,10.00000000,delta,0.30000000,0.00500000,0.00000000,273.00000000,0.97764973,0.00028618,0.91330464,0.28767123,0.50684932,0.76221837,0.15524730,0.47432660,0.00000000,0.95074273,0.00089942,0.99999704,0.99974864,HOLD-no-promotion-gate
alpha10_delta_bw0.3_d0.005_pr0.25,10.00000000,delta,0.30000000,0.00500000,0.25000000,228.00000000,0.97764973,0.00028618,0.91330464,0.28767123,0.50684932,0.76221837,0.15524730,0.47432660,0.00000000,0.95074273,0.00089942,0.99999729,0.99974644,HOLD-no-promotion-gate
alpha10_delta_bw0.3_d0.005_pr0.5,10.00000000,delta,0.30000000,0.00500000,0.50000000,167.00000000,0.97764973,0.00028618,0.91330533,0.28767123,0.50684932,0.76221837,0.15524730,0.47432660,0.00000000,0.95074273,0.00089942,0.99999780,0.99974167,HOLD-no-promotion-gate
alpha10_delta_bw0.3_d0.02_pr0,10.00000000,delta,0.30000000,0.02000000,0.00000000,90.00000000,0.97759230,0.00022874,0.91309776,0.28767123,0.50684932,0.76507552,0.15407150,0.47432660,-0.00117580,0.95056222,0.00071891,0.99999768,0.99973841,HOLD-no-promotion-gate
alpha10_delta_bw0.3_d0.02_pr0.25,10.00000000,delta,0.30000000,0.02000000,0.25000000,84.00000000,0.97759230,0.00022874,0.91309776,0.28767123,0.50684932,0.76507552,0.15407150,0.47432660,-0.00117580,0.95056222,0.00071891,0.99999781,0.99973733,HOLD-no-promotion-gate
alpha10_delta_bw0.3_d0.02_pr0.5,10.00000000,delta,0.30000000,0.02000000,0.50000000,66.00000000,0.97759230,0.00022874,0.91309776,0.28767123,0.50684932,0.76507552,0.15407150,0.47432660,-0.00117580,0.95056222,0.00071891,0.99999816,0.99973367,HOLD-no-promotion-gate
alpha0.01_value_bw0.3_d0_pr0,0.01000000,value,0.30000000,0.00000000,0.00000000,0.00000000,0.97736356,0.00000000,0.91282668,0.27397260,0.50684932,0.76221837,0.15524730,0.47432660,0.00000000,0.94984332,0.00000000,1.00000000,0.99971980,HOLD-no-promotion-gate
alpha0.01_value_bw0.3_d0_pr0.25,0.01000000,value,0.30000000,0.00000000,0.25000000,0.00000000,0.97736356,0.00000000,0.91282668,0.27397260,0.50684932,0.76221837,0.15524730,0.47432660,0.00000000,0.94984332,0.00000000,1.00000000,0.99971980,HOLD-no-promotion-gate
alpha0.01_value_bw0.3_d0_pr0.5,0.01000000,value,0.30000000,0.00000000,0.50000000,0.00000000,0.97736356,0.00000000,0.91282668,0.27397260,0.50684932,0.76221837,0.15524730,0.47432660,0.00000000,0.94984332,0.00000000,1.00000000,0.99971980,HOLD-no-promotion-gate
alpha0.01_value_bw0.3_d0.005_pr0,0.01000000,value,0.30000000,0.00500000,0.00000000,0.00000000,0.97736356,0.00000000,0.91282668,0.27397260,0.50684932,0.76221837,0.15524730,0.47432660,0.00000000,0.94984332,0.00000000,1.00000000,0.99971980,HOLD-no-promotion-gate
alpha0.01_value_bw0.3_d0.005_pr0.25,0.01000000,value,0.30000000,0.00500000,0.25000000,0.00000000,0.97736356,0.00000000,0.91282668,0.27397260,0.50684932,0.76221837,0.15524730,0.47432660,0.00000000,0.94984332,0.00000000,1.00000000,0.99971980,HOLD-no-promotion-gate
alpha0.01_value_bw0.3_d0.005_pr0.5,0.01000000,value,0.30000000,0.00500000,0.50000000,0.00000000,0.97736356,0.00000000,0.91282668,0.27397260,0.50684932,0.76221837,0.15524730,0.47432660,0.00000000,0.94984332,0.00000000,1.00000000,0.99971980,HOLD-no-promotion-gate
alpha0.01_value_bw0.3_d0.01_pr0,0.01000000,value,0.30000000,0.01000000,0.00000000,0.00000000,0.97736356,0.00000000,0.91282668,0.27397260,0.50684932,0.76221837,0.15524730,0.47432660,0.00000000,0.94984332,0.00000000,1.00000000,0.99971980,HOLD-no-promotion-gate
alpha0.01_value_bw0.3_d0.01_pr0.25,0.01000000,value,0.30000000,0.01000000,0.25000000,0.00000000,0.97736356,0.00000000,0.91282668,0.27397260,0.50684932,0.76221837,0.15524730,0.47432660,0.00000000,0.94984332,0.00000000,1.00000000,0.99971980,HOLD-no-promotion-gate
alpha0.01_value_bw0.3_d0.01_pr0.5,0.01000000,value,0.30000000,0.01000000,0.50000000,0.00000000,0.97736356,0.00000000,0.91282668,0.27397260,0.50684932,0.76221837,0.15524730,0.47432660,0.00000000,0.94984332,0.00000000,1.00000000,0.99971980,HOLD-no-promotion-gate
alpha0.01_value_bw0.3_d0.02_pr0,0.01000000,value,0.30000000,0.02000000,0.00000000,0.00000000,0.97736356,0.00000000,0.91282668,0.27397260,0.50684932,0.76221837,0.15524730,0.47432660,0.00000000,0.94984332,0.00000000,1.00000000,0.99971980,HOLD-no-promotion-gate
alpha0.01_value_bw0.3_d0.02_pr0.25,0.01000000,value,0.30000000,0.02000000,0.25000000,0.00000000,0.97736356,0.00000000,0.91282668,0.27397260,0.50684932,0.76221837,0.15524730,0.47432660,0.00000000,0.94984332,0.00000000,1.00000000,0.99971980,HOLD-no-promotion-gate
alpha0.01_value_bw0.3_d0.02_pr0.5,0.01000000,value,0.30000000,0.02000000,0.50000000,0.00000000,0.97736356,0.00000000,0.91282668,0.27397260,0.50684932,0.76221837,0.15524730,0.47432660,0.00000000,0.94984332,0.00000000,1.00000000,0.99971980,HOLD-no-promotion-gate
alpha0.01_value_bw0.5_d0_pr0,0.01000000,value,0.50000000,0.00000000,0.00000000,0.00000000,0.97736356,0.00000000,0.91282668,0.27397260,0.50684932,0.76221837,0.15524730,0.47432660,0.00000000,0.94984332,0.00000000,1.00000000,0.99971980,HOLD-no-promotion-gate
alpha0.01_value_bw0.5_d0_pr0.25,0.01000000,value,0.50000000,0.00000000,0.25000000,0.00000000,0.97736356,0.00000000,0.91282668,0.27397260,0.50684932,0.76221837,0.15524730,0.47432660,0.00000000,0.94984332,0.00000000,1.00000000,0.99971980,HOLD-no-promotion-gate
alpha0.01_value_bw0.5_d0_pr0.5,0.01000000,value,0.50000000,0.00000000,0.50000000,0.00000000,0.97736356,0.00000000,0.91282668,0.27397260,0.50684932,0.76221837,0.15524730,0.47432660,0.00000000,0.94984332,0.00000000,1.00000000,0.99971980,HOLD-no-promotion-gate
alpha0.01_value_bw0.5_d0.005_pr0,0.01000000,value,0.50000000,0.00500000,0.00000000,0.00000000,0.97736356,0.00000000,0.91282668,0.27397260,0.50684932,0.76221837,0.15524730,0.47432660,0.00000000,0.94984332,0.00000000,1.00000000,0.99971980,HOLD-no-promotion-gate
alpha0.01_value_bw0.5_d0.005_pr0.25,0.01000000,value,0.50000000,0.00500000,0.25000000,0.00000000,0.97736356,0.00000000,0.91282668,0.27397260,0.50684932,0.76221837,0.15524730,0.47432660,0.00000000,0.94984332,0.00000000,1.00000000,0.99971980,HOLD-no-promotion-gate
alpha0.01_value_bw0.5_d0.005_pr0.5,0.01000000,value,0.50000000,0.00500000,0.50000000,0.00000000,0.97736356,0.00000000,0.91282668,0.27397260,0.50684932,0.76221837,0.15524730,0.47432660,0.00000000,0.94984332,0.00000000,1.00000000,0.99971980,HOLD-no-promotion-gate
alpha0.01_value_bw0.5_d0.01_pr0,0.01000000,value,0.50000000,0.01000000,0.00000000,0.00000000,0.97736356,0.00000000,0.91282668,0.27397260,0.50684932,0.76221837,0.15524730,0.47432660,0.00000000,0.94984332,0.00000000,1.00000000,0.99971980,HOLD-no-promotion-gate
alpha0.01_value_bw0.5_d0.01_pr0.25,0.01000000,value,0.50000000,0.01000000,0.25000000,0.00000000,0.97736356,0.00000000,0.91282668,0.27397260,0.50684932,0.76221837,0.15524730,0.47432660,0.00000000,0.94984332,0.00000000,1.00000000,0.99971980,HOLD-no-promotion-gate
alpha0.01_value_bw0.5_d0.01_pr0.5,0.01000000,value,0.50000000,0.01000000,0.50000000,0.00000000,0.97736356,0.00000000,0.91282668,0.27397260,0.50684932,0.76221837,0.15524730,0.47432660,0.00000000,0.94984332,0.00000000,1.00000000,0.99971980,HOLD-no-promotion-gate
alpha0.01_value_bw0.5_d0.02_pr0,0.01000000,value,0.50000000,0.02000000,0.00000000,0.00000000,0.97736356,0.00000000,0.91282668,0.27397260,0.50684932,0.76221837,0.15524730,0.47432660,0.00000000,0.94984332,0.00000000,1.00000000,0.99971980,HOLD-no-promotion-gate
alpha0.01_value_bw0.5_d0.02_pr0.25,0.01000000,value,0.50000000,0.02000000,0.25000000,0.00000000,0.97736356,0.00000000,0.91282668,0.27397260,0.50684932,0.76221837,0.15524730,0.47432660,0.00000000,0.94984332,0.00000000,1.00000000,0.99971980,HOLD-no-promotion-gate
alpha0.01_value_bw0.5_d0.02_pr0.5,0.01000000,value,0.50000000,0.02000000,0.50000000,0.00000000,0.97736356,0.00000000,0.91282668,0.27397260,0.50684932,0.76221837,0.15524730,0.47432660,0.00000000,0.94984332,0.00000000,1.00000000,0.99971980,HOLD-no-promotion-gate
alpha0.01_value_bw0.7_d0_pr0,0.01000000,value,0.70000000,0.00000000,0.00000000,0.00000000,0.97736356,0.00000000,0.91282668,0.27397260,0.50684932,0.76221837,0.15524730,0.47432660,0.00000000,0.94984332,0.00000000,1.00000000,0.99971980,HOLD-no-promotion-gate
alpha0.01_value_bw0.7_d0_pr0.25,0.01000000,value,0.70000000,0.00000000,0.25000000,0.00000000,0.97736356,0.00000000,0.91282668,0.27397260,0.50684932,0.76221837,0.15524730,0.47432660,0.00000000,0.94984332,0.00000000,1.00000000,0.99971980,HOLD-no-promotion-gate
alpha0.01_value_bw0.7_d0_pr0.5,0.01000000,value,0.70000000,0.00000000,0.50000000,0.00000000,0.97736356,0.00000000,0.91282668,0.27397260,0.50684932,0.76221837,0.15524730,0.47432660,0.00000000,0.94984332,0.00000000,1.00000000,0.99971980,HOLD-no-promotion-gate
alpha0.01_value_bw0.7_d0.005_pr0,0.01000000,value,0.70000000,0.00500000,0.00000000,0.00000000,0.97736356,0.00000000,0.91282668,0.27397260,0.50684932,0.76221837,0.15524730,0.47432660,0.00000000,0.94984332,0.00000000,1.00000000,0.99971980,HOLD-no-promotion-gate
alpha0.01_value_bw0.7_d0.005_pr0.25,0.01000000,value,0.70000000,0.00500000,0.25000000,0.00000000,0.97736356,0.00000000,0.91282668,0.27397260,0.50684932,0.76221837,0.15524730,0.47432660,0.00000000,0.94984332,0.00000000,1.00000000,0.99971980,HOLD-no-promotion-gate
alpha0.01_value_bw0.7_d0.005_pr0.5,0.01000000,value,0.70000000,0.00500000,0.50000000,0.00000000,0.97736356,0.00000000,0.91282668,0.27397260,0.50684932,0.76221837,0.15524730,0.47432660,0.00000000,0.94984332,0.00000000,1.00000000,0.99971980,HOLD-no-promotion-gate
alpha0.01_value_bw0.7_d0.01_pr0,0.01000000,value,0.70000000,0.01000000,0.00000000,0.00000000,0.97736356,0.00000000,0.91282668,0.27397260,0.50684932,0.76221837,0.15524730,0.47432660,0.00000000,0.94984332,0.00000000,1.00000000,0.99971980,HOLD-no-promotion-gate
alpha0.01_value_bw0.7_d0.01_pr0.25,0.01000000,value,0.70000000,0.01000000,0.25000000,0.00000000,0.97736356,0.00000000,0.91282668,0.27397260,0.50684932,0.76221837,0.15524730,0.47432660,0.00000000,0.94984332,0.00000000,1.00000000,0.99971980,HOLD-no-promotion-gate
alpha0.01_value_bw0.7_d0.01_pr0.5,0.01000000,value,0.70000000,0.01000000,0.50000000,0.00000000,0.97736356,0.00000000,0.91282668,0.27397260,0.50684932,0.76221837,0.15524730,0.47432660,0.00000000,0.94984332,0.00000000,1.00000000,0.99971980,HOLD-no-promotion-gate
alpha0.01_value_bw0.7_d0.02_pr0,0.01000000,value,0.70000000,0.02000000,0.00000000,0.00000000,0.97736356,0.00000000,0.91282668,0.27397260,0.50684932,0.76221837,0.15524730,0.47432660,0.00000000,0.94984332,0.00000000,1.00000000,0.99971980,HOLD-no-promotion-gate
alpha0.01_value_bw0.7_d0.02_pr0.25,0.01000000,value,0.70000000,0.02000000,0.25000000,0.00000000,0.97736356,0.00000000,0.91282668,0.27397260,0.50684932,0.76221837,0.15524730,0.47432660,0.00000000,0.94984332,0.00000000,1.00000000,0.99971980,HOLD-no-promotion-gate
alpha0.01_value_bw0.7_d0.02_pr0.5,0.01000000,value,0.70000000,0.02000000,0.50000000,0.00000000,0.97736356,0.00000000,0.91282668,0.27397260,0.50684932,0.76221837,0.15524730,0.47432660,0.00000000,0.94984332,0.00000000,1.00000000,0.99971980,HOLD-no-promotion-gate
alpha0.01_value_bw1_d0_pr0,0.01000000,value,1.00000000,0.00000000,0.00000000,0.00000000,0.97736356,0.00000000,0.91282668,0.27397260,0.50684932,0.76221837,0.15524730,0.47432660,0.00000000,0.94984332,0.00000000,1.00000000,0.99971980,HOLD-no-promotion-gate
alpha0.01_value_bw1_d0_pr0.25,0.01000000,value,1.00000000,0.00000000,0.25000000,0.00000000,0.97736356,0.00000000,0.91282668,0.27397260,0.50684932,0.76221837,0.15524730,0.47432660,0.00000000,0.94984332,0.00000000,1.00000000,0.99971980,HOLD-no-promotion-gate
alpha0.01_value_bw1_d0_pr0.5,0.01000000,value,1.00000000,0.00000000,0.50000000,0.00000000,0.97736356,0.00000000,0.91282668,0.27397260,0.50684932,0.76221837,0.15524730,0.47432660,0.00000000,0.94984332,0.00000000,1.00000000,0.99971980,HOLD-no-promotion-gate
alpha0.01_value_bw1_d0.005_pr0,0.01000000,value,1.00000000,0.00500000,0.00000000,0.00000000,0.97736356,0.00000000,0.91282668,0.27397260,0.50684932,0.76221837,0.15524730,0.47432660,0.00000000,0.94984332,0.00000000,1.00000000,0.99971980,HOLD-no-promotion-gate
alpha0.01_value_bw1_d0.005_pr0.25,0.01000000,value,1.00000000,0.00500000,0.25000000,0.00000000,0.97736356,0.00000000,0.91282668,0.27397260,0.50684932,0.76221837,0.15524730,0.47432660,0.00000000,0.94984332,0.00000000,1.00000000,0.99971980,HOLD-no-promotion-gate
alpha0.01_value_bw1_d0.005_pr0.5,0.01000000,value,1.00000000,0.00500000,0.50000000,0.00000000,0.97736356,0.00000000,0.91282668,0.27397260,0.50684932,0.76221837,0.15524730,0.47432660,0.00000000,0.94984332,0.00000000,1.00000000,0.99971980,HOLD-no-promotion-gate
alpha0.01_value_bw1_d0.01_pr0,0.01000000,value,1.00000000,0.01000000,0.00000000,0.00000000,0.97736356,0.00000000,0.91282668,0.27397260,0.50684932,0.76221837,0.15524730,0.47432660,0.00000000,0.94984332,0.00000000,1.00000000,0.99971980,HOLD-no-promotion-gate
alpha0.01_value_bw1_d0.01_pr0.25,0.01000000,value,1.00000000,0.01000000,0.25000000,0.00000000,0.97736356,0.00000000,0.91282668,0.27397260,0.50684932,0.76221837,0.15524730,0.47432660,0.00000000,0.94984332,0.00000000,1.00000000,0.99971980,HOLD-no-promotion-gate
alpha0.01_value_bw1_d0.01_pr0.5,0.01000000,value,1.00000000,0.01000000,0.50000000,0.00000000,0.97736356,0.00000000,0.91282668,0.27397260,0.50684932,0.76221837,0.15524730,0.47432660,0.00000000,0.94984332,0.00000000,1.00000000,0.99971980,HOLD-no-promotion-gate
alpha0.01_value_bw1_d0.02_pr0,0.01000000,value,1.00000000,0.02000000,0.00000000,0.00000000,0.97736356,0.00000000,0.91282668,0.27397260,0.50684932,0.76221837,0.15524730,0.47432660,0.00000000,0.94984332,0.00000000,1.00000000,0.99971980,HOLD-no-promotion-gate
alpha0.01_value_bw1_d0.02_pr0.25,0.01000000,value,1.00000000,0.02000000,0.25000000,0.00000000,0.97736356,0.00000000,0.91282668,0.27397260,0.50684932,0.76221837,0.15524730,0.47432660,0.00000000,0.94984332,0.00000000,1.00000000,0.99971980,HOLD-no-promotion-gate
alpha0.01_value_bw1_d0.02_pr0.5,0.01000000,value,1.00000000,0.02000000,0.50000000,0.00000000,0.97736356,0.00000000,0.91282668,0.27397260,0.50684932,0.76221837,0.15524730,0.47432660,0.00000000,0.94984332,0.00000000,1.00000000,0.99971980,HOLD-no-promotion-gate
alpha0.1_value_bw0.3_d0_pr0,0.10000000,value,0.30000000,0.00000000,0.00000000,0.00000000,0.97736356,0.00000000,0.91282668,0.27397260,0.50684932,0.76221837,0.15524730,0.47432660,0.00000000,0.94984332,0.00000000,1.00000000,0.99971980,HOLD-no-promotion-gate
alpha0.1_value_bw0.3_d0_pr0.25,0.10000000,value,0.30000000,0.00000000,0.25000000,0.00000000,0.97736356,0.00000000,0.91282668,0.27397260,0.50684932,0.76221837,0.15524730,0.47432660,0.00000000,0.94984332,0.00000000,1.00000000,0.99971980,HOLD-no-promotion-gate
alpha0.1_value_bw0.3_d0_pr0.5,0.10000000,value,0.30000000,0.00000000,0.50000000,0.00000000,0.97736356,0.00000000,0.91282668,0.27397260,0.50684932,0.76221837,0.15524730,0.47432660,0.00000000,0.94984332,0.00000000,1.00000000,0.99971980,HOLD-no-promotion-gate
alpha0.1_value_bw0.3_d0.005_pr0,0.10000000,value,0.30000000,0.00500000,0.00000000,0.00000000,0.97736356,0.00000000,0.91282668,0.27397260,0.50684932,0.76221837,0.15524730,0.47432660,0.00000000,0.94984332,0.00000000,1.00000000,0.99971980,HOLD-no-promotion-gate
alpha0.1_value_bw0.3_d0.005_pr0.25,0.10000000,value,0.30000000,0.00500000,0.25000000,0.00000000,0.97736356,0.00000000,0.91282668,0.27397260,0.50684932,0.76221837,0.15524730,0.47432660,0.00000000,0.94984332,0.00000000,1.00000000,0.99971980,HOLD-no-promotion-gate
alpha0.1_value_bw0.3_d0.005_pr0.5,0.10000000,value,0.30000000,0.00500000,0.50000000,0.00000000,0.97736356,0.00000000,0.91282668,0.27397260,0.50684932,0.76221837,0.15524730,0.47432660,0.00000000,0.94984332,0.00000000,1.00000000,0.99971980,HOLD-no-promotion-gate
alpha0.1_value_bw0.3_d0.01_pr0,0.10000000,value,0.30000000,0.01000000,0.00000000,0.00000000,0.97736356,0.00000000,0.91282668,0.27397260,0.50684932,0.76221837,0.15524730,0.47432660,0.00000000,0.94984332,0.00000000,1.00000000,0.99971980,HOLD-no-promotion-gate
alpha0.1_value_bw0.3_d0.01_pr0.25,0.10000000,value,0.30000000,0.01000000,0.25000000,0.00000000,0.97736356,0.00000000,0.91282668,0.27397260,0.50684932,0.76221837,0.15524730,0.47432660,0.00000000,0.94984332,0.00000000,1.00000000,0.99971980,HOLD-no-promotion-gate
alpha0.1_value_bw0.3_d0.01_pr0.5,0.10000000,value,0.30000000,0.01000000,0.50000000,0.00000000,0.97736356,0.00000000,0.91282668,0.27397260,0.50684932,0.76221837,0.15524730,0.47432660,0.00000000,0.94984332,0.00000000,1.00000000,0.99971980,HOLD-no-promotion-gate
alpha0.1_value_bw0.3_d0.02_pr0,0.10000000,value,0.30000000,0.02000000,0.00000000,0.00000000,0.97736356,0.00000000,0.91282668,0.27397260,0.50684932,0.76221837,0.15524730,0.47432660,0.00000000,0.94984332,0.00000000,1.00000000,0.99971980,HOLD-no-promotion-gate
alpha0.1_value_bw0.3_d0.02_pr0.25,0.10000000,value,0.30000000,0.02000000,0.25000000,0.00000000,0.97736356,0.00000000,0.91282668,0.27397260,0.50684932,0.76221837,0.15524730,0.47432660,0.00000000,0.94984332,0.00000000,1.00000000,0.99971980,HOLD-no-promotion-gate
alpha0.1_value_bw0.3_d0.02_pr0.5,0.10000000,value,0.30000000,0.02000000,0.50000000,0.00000000,0.97736356,0.00000000,0.91282668,0.27397260,0.50684932,0.76221837,0.15524730,0.47432660,0.00000000,0.94984332,0.00000000,1.00000000,0.99971980,HOLD-no-promotion-gate
alpha0.1_value_bw0.5_d0_pr0,0.10000000,value,0.50000000,0.00000000,0.00000000,0.00000000,0.97736356,0.00000000,0.91282668,0.27397260,0.50684932,0.76221837,0.15524730,0.47432660,0.00000000,0.94984332,0.00000000,1.00000000,0.99971980,HOLD-no-promotion-gate
alpha0.1_value_bw0.5_d0_pr0.25,0.10000000,value,0.50000000,0.00000000,0.25000000,0.00000000,0.97736356,0.00000000,0.91282668,0.27397260,0.50684932,0.76221837,0.15524730,0.47432660,0.00000000,0.94984332,0.00000000,1.00000000,0.99971980,HOLD-no-promotion-gate
alpha0.1_value_bw0.5_d0_pr0.5,0.10000000,value,0.50000000,0.00000000,0.50000000,0.00000000,0.97736356,0.00000000,0.91282668,0.27397260,0.50684932,0.76221837,0.15524730,0.47432660,0.00000000,0.94984332,0.00000000,1.00000000,0.99971980,HOLD-no-promotion-gate
alpha0.1_value_bw0.5_d0.005_pr0,0.10000000,value,0.50000000,0.00500000,0.00000000,0.00000000,0.97736356,0.00000000,0.91282668,0.27397260,0.50684932,0.76221837,0.15524730,0.47432660,0.00000000,0.94984332,0.00000000,1.00000000,0.99971980,HOLD-no-promotion-gate
alpha0.1_value_bw0.5_d0.005_pr0.25,0.10000000,value,0.50000000,0.00500000,0.25000000,0.00000000,0.97736356,0.00000000,0.91282668,0.27397260,0.50684932,0.76221837,0.15524730,0.47432660,0.00000000,0.94984332,0.00000000,1.00000000,0.99971980,HOLD-no-promotion-gate
alpha0.1_value_bw0.5_d0.005_pr0.5,0.10000000,value,0.50000000,0.00500000,0.50000000,0.00000000,0.97736356,0.00000000,0.91282668,0.27397260,0.50684932,0.76221837,0.15524730,0.47432660,0.00000000,0.94984332,0.00000000,1.00000000,0.99971980,HOLD-no-promotion-gate
alpha0.1_value_bw0.5_d0.01_pr0,0.10000000,value,0.50000000,0.01000000,0.00000000,0.00000000,0.97736356,0.00000000,0.91282668,0.27397260,0.50684932,0.76221837,0.15524730,0.47432660,0.00000000,0.94984332,0.00000000,1.00000000,0.99971980,HOLD-no-promotion-gate
alpha0.1_value_bw0.5_d0.01_pr0.25,0.10000000,value,0.50000000,0.01000000,0.25000000,0.00000000,0.97736356,0.00000000,0.91282668,0.27397260,0.50684932,0.76221837,0.15524730,0.47432660,0.00000000,0.94984332,0.00000000,1.00000000,0.99971980,HOLD-no-promotion-gate
alpha0.1_value_bw0.5_d0.01_pr0.5,0.10000000,value,0.50000000,0.01000000,0.50000000,0.00000000,0.97736356,0.00000000,0.91282668,0.27397260,0.50684932,0.76221837,0.15524730,0.47432660,0.00000000,0.94984332,0.00000000,1.00000000,0.99971980,HOLD-no-promotion-gate
alpha0.1_value_bw0.5_d0.02_pr0,0.10000000,value,0.50000000,0.02000000,0.00000000,0.00000000,0.97736356,0.00000000,0.91282668,0.27397260,0.50684932,0.76221837,0.15524730,0.47432660,0.00000000,0.94984332,0.00000000,1.00000000,0.99971980,HOLD-no-promotion-gate
alpha0.1_value_bw0.5_d0.02_pr0.25,0.10000000,value,0.50000000,0.02000000,0.25000000,0.00000000,0.97736356,0.00000000,0.91282668,0.27397260,0.50684932,0.76221837,0.15524730,0.47432660,0.00000000,0.94984332,0.00000000,1.00000000,0.99971980,HOLD-no-promotion-gate
alpha0.1_value_bw0.5_d0.02_pr0.5,0.10000000,value,0.50000000,0.02000000,0.50000000,0.00000000,0.97736356,0.00000000,0.91282668,0.27397260,0.50684932,0.76221837,0.15524730,0.47432660,0.00000000,0.94984332,0.00000000,1.00000000,0.99971980,HOLD-no-promotion-gate
alpha0.1_value_bw0.7_d0_pr0,0.10000000,value,0.70000000,0.00000000,0.00000000,0.00000000,0.97736356,0.00000000,0.91282668,0.27397260,0.50684932,0.76221837,0.15524730,0.47432660,0.00000000,0.94984332,0.00000000,1.00000000,0.99971980,HOLD-no-promotion-gate
alpha0.1_value_bw0.7_d0_pr0.25,0.10000000,value,0.70000000,0.00000000,0.25000000,0.00000000,0.97736356,0.00000000,0.91282668,0.27397260,0.50684932,0.76221837,0.15524730,0.47432660,0.00000000,0.94984332,0.00000000,1.00000000,0.99971980,HOLD-no-promotion-gate
alpha0.1_value_bw0.7_d0_pr0.5,0.10000000,value,0.70000000,0.00000000,0.50000000,0.00000000,0.97736356,0.00000000,0.91282668,0.27397260,0.50684932,0.76221837,0.15524730,0.47432660,0.00000000,0.94984332,0.00000000,1.00000000,0.99971980,HOLD-no-promotion-gate
alpha0.1_value_bw0.7_d0.005_pr0,0.10000000,value,0.70000000,0.00500000,0.00000000,0.00000000,0.97736356,0.00000000,0.91282668,0.27397260,0.50684932,0.76221837,0.15524730,0.47432660,0.00000000,0.94984332,0.00000000,1.00000000,0.99971980,HOLD-no-promotion-gate
alpha0.1_value_bw0.7_d0.005_pr0.25,0.10000000,value,0.70000000,0.00500000,0.25000000,0.00000000,0.97736356,0.00000000,0.91282668,0.27397260,0.50684932,0.76221837,0.15524730,0.47432660,0.00000000,0.94984332,0.00000000,1.00000000,0.99971980,HOLD-no-promotion-gate
alpha0.1_value_bw0.7_d0.005_pr0.5,0.10000000,value,0.70000000,0.00500000,0.50000000,0.00000000,0.97736356,0.00000000,0.91282668,0.27397260,0.50684932,0.76221837,0.15524730,0.47432660,0.00000000,0.94984332,0.00000000,1.00000000,0.99971980,HOLD-no-promotion-gate
alpha0.1_value_bw0.7_d0.01_pr0,0.10000000,value,0.70000000,0.01000000,0.00000000,0.00000000,0.97736356,0.00000000,0.91282668,0.27397260,0.50684932,0.76221837,0.15524730,0.47432660,0.00000000,0.94984332,0.00000000,1.00000000,0.99971980,HOLD-no-promotion-gate
alpha0.1_value_bw0.7_d0.01_pr0.25,0.10000000,value,0.70000000,0.01000000,0.25000000,0.00000000,0.97736356,0.00000000,0.91282668,0.27397260,0.50684932,0.76221837,0.15524730,0.47432660,0.00000000,0.94984332,0.00000000,1.00000000,0.99971980,HOLD-no-promotion-gate
alpha0.1_value_bw0.7_d0.01_pr0.5,0.10000000,value,0.70000000,0.01000000,0.50000000,0.00000000,0.97736356,0.00000000,0.91282668,0.27397260,0.50684932,0.76221837,0.15524730,0.47432660,0.00000000,0.94984332,0.00000000,1.00000000,0.99971980,HOLD-no-promotion-gate
alpha0.1_value_bw0.7_d0.02_pr0,0.10000000,value,0.70000000,0.02000000,0.00000000,0.00000000,0.97736356,0.00000000,0.91282668,0.27397260,0.50684932,0.76221837,0.15524730,0.47432660,0.00000000,0.94984332,0.00000000,1.00000000,0.99971980,HOLD-no-promotion-gate
alpha0.1_value_bw0.7_d0.02_pr0.25,0.10000000,value,0.70000000,0.02000000,0.25000000,0.00000000,0.97736356,0.00000000,0.91282668,0.27397260,0.50684932,0.76221837,0.15524730,0.47432660,0.00000000,0.94984332,0.00000000,1.00000000,0.99971980,HOLD-no-promotion-gate
alpha0.1_value_bw0.7_d0.02_pr0.5,0.10000000,value,0.70000000,0.02000000,0.50000000,0.00000000,0.97736356,0.00000000,0.91282668,0.27397260,0.50684932,0.76221837,0.15524730,0.47432660,0.00000000,0.94984332,0.00000000,1.00000000,0.99971980,HOLD-no-promotion-gate
alpha0.1_value_bw1_d0_pr0,0.10000000,value,1.00000000,0.00000000,0.00000000,0.00000000,0.97736356,0.00000000,0.91282668,0.27397260,0.50684932,0.76221837,0.15524730,0.47432660,0.00000000,0.94984332,0.00000000,1.00000000,0.99971980,HOLD-no-promotion-gate
alpha0.1_value_bw1_d0_pr0.25,0.10000000,value,1.00000000,0.00000000,0.25000000,0.00000000,0.97736356,0.00000000,0.91282668,0.27397260,0.50684932,0.76221837,0.15524730,0.47432660,0.00000000,0.94984332,0.00000000,1.00000000,0.99971980,HOLD-no-promotion-gate
alpha0.1_value_bw1_d0_pr0.5,0.10000000,value,1.00000000,0.00000000,0.50000000,0.00000000,0.97736356,0.00000000,0.91282668,0.27397260,0.50684932,0.76221837,0.15524730,0.47432660,0.00000000,0.94984332,0.00000000,1.00000000,0.99971980,HOLD-no-promotion-gate
alpha0.1_value_bw1_d0.005_pr0,0.10000000,value,1.00000000,0.00500000,0.00000000,0.00000000,0.97736356,0.00000000,0.91282668,0.27397260,0.50684932,0.76221837,0.15524730,0.47432660,0.00000000,0.94984332,0.00000000,1.00000000,0.99971980,HOLD-no-promotion-gate
alpha0.1_value_bw1_d0.005_pr0.25,0.10000000,value,1.00000000,0.00500000,0.25000000,0.00000000,0.97736356,0.00000000,0.91282668,0.27397260,0.50684932,0.76221837,0.15524730,0.47432660,0.00000000,0.94984332,0.00000000,1.00000000,0.99971980,HOLD-no-promotion-gate
alpha0.1_value_bw1_d0.005_pr0.5,0.10000000,value,1.00000000,0.00500000,0.50000000,0.00000000,0.97736356,0.00000000,0.91282668,0.27397260,0.50684932,0.76221837,0.15524730,0.47432660,0.00000000,0.94984332,0.00000000,1.00000000,0.99971980,HOLD-no-promotion-gate
alpha0.1_value_bw1_d0.01_pr0,0.10000000,value,1.00000000,0.01000000,0.00000000,0.00000000,0.97736356,0.00000000,0.91282668,0.27397260,0.50684932,0.76221837,0.15524730,0.47432660,0.00000000,0.94984332,0.00000000,1.00000000,0.99971980,HOLD-no-promotion-gate
alpha0.1_value_bw1_d0.01_pr0.25,0.10000000,value,1.00000000,0.01000000,0.25000000,0.00000000,0.97736356,0.00000000,0.91282668,0.27397260,0.50684932,0.76221837,0.15524730,0.47432660,0.00000000,0.94984332,0.00000000,1.00000000,0.99971980,HOLD-no-promotion-gate
alpha0.1_value_bw1_d0.01_pr0.5,0.10000000,value,1.00000000,0.01000000,0.50000000,0.00000000,0.97736356,0.00000000,0.91282668,0.27397260,0.50684932,0.76221837,0.15524730,0.47432660,0.00000000,0.94984332,0.00000000,1.00000000,0.99971980,HOLD-no-promotion-gate
alpha0.1_value_bw1_d0.02_pr0,0.10000000,value,1.00000000,0.02000000,0.00000000,0.00000000,0.97736356,0.00000000,0.91282668,0.27397260,0.50684932,0.76221837,0.15524730,0.47432660,0.00000000,0.94984332,0.00000000,1.00000000,0.99971980,HOLD-no-promotion-gate
alpha0.1_value_bw1_d0.02_pr0.25,0.10000000,value,1.00000000,0.02000000,0.25000000,0.00000000,0.97736356,0.00000000,0.91282668,0.27397260,0.50684932,0.76221837,0.15524730,0.47432660,0.00000000,0.94984332,0.00000000,1.00000000,0.99971980,HOLD-no-promotion-gate
alpha0.1_value_bw1_d0.02_pr0.5,0.10000000,value,1.00000000,0.02000000,0.50000000,0.00000000,0.97736356,0.00000000,0.91282668,0.27397260,0.50684932,0.76221837,0.15524730,0.47432660,0.00000000,0.94984332,0.00000000,1.00000000,0.99971980,HOLD-no-promotion-gate
alpha1_value_bw0.3_d0_pr0,1.00000000,value,0.30000000,0.00000000,0.00000000,0.00000000,0.97736356,0.00000000,0.91282668,0.27397260,0.50684932,0.76221837,0.15524730,0.47432660,0.00000000,0.94984332,0.00000000,1.00000000,0.99971980,HOLD-no-promotion-gate
alpha1_value_bw0.3_d0_pr0.25,1.00000000,value,0.30000000,0.00000000,0.25000000,0.00000000,0.97736356,0.00000000,0.91282668,0.27397260,0.50684932,0.76221837,0.15524730,0.47432660,0.00000000,0.94984332,0.00000000,1.00000000,0.99971980,HOLD-no-promotion-gate
alpha1_value_bw0.3_d0_pr0.5,1.00000000,value,0.30000000,0.00000000,0.50000000,0.00000000,0.97736356,0.00000000,0.91282668,0.27397260,0.50684932,0.76221837,0.15524730,0.47432660,0.00000000,0.94984332,0.00000000,1.00000000,0.99971980,HOLD-no-promotion-gate
alpha1_value_bw0.3_d0.005_pr0,1.00000000,value,0.30000000,0.00500000,0.00000000,0.00000000,0.97736356,0.00000000,0.91282668,0.27397260,0.50684932,0.76221837,0.15524730,0.47432660,0.00000000,0.94984332,0.00000000,1.00000000,0.99971980,HOLD-no-promotion-gate
alpha1_value_bw0.3_d0.005_pr0.25,1.00000000,value,0.30000000,0.00500000,0.25000000,0.00000000,0.97736356,0.00000000,0.91282668,0.27397260,0.50684932,0.76221837,0.15524730,0.47432660,0.00000000,0.94984332,0.00000000,1.00000000,0.99971980,HOLD-no-promotion-gate
alpha1_value_bw0.3_d0.005_pr0.5,1.00000000,value,0.30000000,0.00500000,0.50000000,0.00000000,0.97736356,0.00000000,0.91282668,0.27397260,0.50684932,0.76221837,0.15524730,0.47432660,0.00000000,0.94984332,0.00000000,1.00000000,0.99971980,HOLD-no-promotion-gate
alpha1_value_bw0.3_d0.01_pr0,1.00000000,value,0.30000000,0.01000000,0.00000000,0.00000000,0.97736356,0.00000000,0.91282668,0.27397260,0.50684932,0.76221837,0.15524730,0.47432660,0.00000000,0.94984332,0.00000000,1.00000000,0.99971980,HOLD-no-promotion-gate
alpha1_value_bw0.3_d0.01_pr0.25,1.00000000,value,0.30000000,0.01000000,0.25000000,0.00000000,0.97736356,0.00000000,0.91282668,0.27397260,0.50684932,0.76221837,0.15524730,0.47432660,0.00000000,0.94984332,0.00000000,1.00000000,0.99971980,HOLD-no-promotion-gate
alpha1_value_bw0.3_d0.01_pr0.5,1.00000000,value,0.30000000,0.01000000,0.50000000,0.00000000,0.97736356,0.00000000,0.91282668,0.27397260,0.50684932,0.76221837,0.15524730,0.47432660,0.00000000,0.94984332,0.00000000,1.00000000,0.99971980,HOLD-no-promotion-gate
alpha1_value_bw0.3_d0.02_pr0,1.00000000,value,0.30000000,0.02000000,0.00000000,0.00000000,0.97736356,0.00000000,0.91282668,0.27397260,0.50684932,0.76221837,0.15524730,0.47432660,0.00000000,0.94984332,0.00000000,1.00000000,0.99971980,HOLD-no-promotion-gate
alpha1_value_bw0.3_d0.02_pr0.25,1.00000000,value,0.30000000,0.02000000,0.25000000,0.00000000,0.97736356,0.00000000,0.91282668,0.27397260,0.50684932,0.76221837,0.15524730,0.47432660,0.00000000,0.94984332,0.00000000,1.00000000,0.99971980,HOLD-no-promotion-gate
alpha1_value_bw0.3_d0.02_pr0.5,1.00000000,value,0.30000000,0.02000000,0.50000000,0.00000000,0.97736356,0.00000000,0.91282668,0.27397260,0.50684932,0.76221837,0.15524730,0.47432660,0.00000000,0.94984332,0.00000000,1.00000000,0.99971980,HOLD-no-promotion-gate
alpha1_value_bw0.5_d0_pr0,1.00000000,value,0.50000000,0.00000000,0.00000000,0.00000000,0.97736356,0.00000000,0.91282668,0.27397260,0.50684932,0.76221837,0.15524730,0.47432660,0.00000000,0.94984332,0.00000000,1.00000000,0.99971980,HOLD-no-promotion-gate
alpha1_value_bw0.5_d0_pr0.25,1.00000000,value,0.50000000,0.00000000,0.25000000,0.00000000,0.97736356,0.00000000,0.91282668,0.27397260,0.50684932,0.76221837,0.15524730,0.47432660,0.00000000,0.94984332,0.00000000,1.00000000,0.99971980,HOLD-no-promotion-gate
alpha1_value_bw0.5_d0_pr0.5,1.00000000,value,0.50000000,0.00000000,0.50000000,0.00000000,0.97736356,0.00000000,0.91282668,0.27397260,0.50684932,0.76221837,0.15524730,0.47432660,0.00000000,0.94984332,0.00000000,1.00000000,0.99971980,HOLD-no-promotion-gate
alpha1_value_bw0.5_d0.005_pr0,1.00000000,value,0.50000000,0.00500000,0.00000000,0.00000000,0.97736356,0.00000000,0.91282668,0.27397260,0.50684932,0.76221837,0.15524730,0.47432660,0.00000000,0.94984332,0.00000000,1.00000000,0.99971980,HOLD-no-promotion-gate
alpha1_value_bw0.5_d0.005_pr0.25,1.00000000,value,0.50000000,0.00500000,0.25000000,0.00000000,0.97736356,0.00000000,0.91282668,0.27397260,0.50684932,0.76221837,0.15524730,0.47432660,0.00000000,0.94984332,0.00000000,1.00000000,0.99971980,HOLD-no-promotion-gate
alpha1_value_bw0.5_d0.005_pr0.5,1.00000000,value,0.50000000,0.00500000,0.50000000,0.00000000,0.97736356,0.00000000,0.91282668,0.27397260,0.50684932,0.76221837,0.15524730,0.47432660,0.00000000,0.94984332,0.00000000,1.00000000,0.99971980,HOLD-no-promotion-gate
alpha1_value_bw0.5_d0.01_pr0,1.00000000,value,0.50000000,0.01000000,0.00000000,0.00000000,0.97736356,0.00000000,0.91282668,0.27397260,0.50684932,0.76221837,0.15524730,0.47432660,0.00000000,0.94984332,0.00000000,1.00000000,0.99971980,HOLD-no-promotion-gate
alpha1_value_bw0.5_d0.01_pr0.25,1.00000000,value,0.50000000,0.01000000,0.25000000,0.00000000,0.97736356,0.00000000,0.91282668,0.27397260,0.50684932,0.76221837,0.15524730,0.47432660,0.00000000,0.94984332,0.00000000,1.00000000,0.99971980,HOLD-no-promotion-gate
alpha1_value_bw0.5_d0.01_pr0.5,1.00000000,value,0.50000000,0.01000000,0.50000000,0.00000000,0.97736356,0.00000000,0.91282668,0.27397260,0.50684932,0.76221837,0.15524730,0.47432660,0.00000000,0.94984332,0.00000000,1.00000000,0.99971980,HOLD-no-promotion-gate
alpha1_value_bw0.5_d0.02_pr0,1.00000000,value,0.50000000,0.02000000,0.00000000,0.00000000,0.97736356,0.00000000,0.91282668,0.27397260,0.50684932,0.76221837,0.15524730,0.47432660,0.00000000,0.94984332,0.00000000,1.00000000,0.99971980,HOLD-no-promotion-gate
alpha1_value_bw0.5_d0.02_pr0.25,1.00000000,value,0.50000000,0.02000000,0.25000000,0.00000000,0.97736356,0.00000000,0.91282668,0.27397260,0.50684932,0.76221837,0.15524730,0.47432660,0.00000000,0.94984332,0.00000000,1.00000000,0.99971980,HOLD-no-promotion-gate
alpha1_value_bw0.5_d0.02_pr0.5,1.00000000,value,0.50000000,0.02000000,0.50000000,0.00000000,0.97736356,0.00000000,0.91282668,0.27397260,0.50684932,0.76221837,0.15524730,0.47432660,0.00000000,0.94984332,0.00000000,1.00000000,0.99971980,HOLD-no-promotion-gate
alpha1_value_bw0.7_d0_pr0,1.00000000,value,0.70000000,0.00000000,0.00000000,0.00000000,0.97736356,0.00000000,0.91282668,0.27397260,0.50684932,0.76221837,0.15524730,0.47432660,0.00000000,0.94984332,0.00000000,1.00000000,0.99971980,HOLD-no-promotion-gate
alpha1_value_bw0.7_d0_pr0.25,1.00000000,value,0.70000000,0.00000000,0.25000000,0.00000000,0.97736356,0.00000000,0.91282668,0.27397260,0.50684932,0.76221837,0.15524730,0.47432660,0.00000000,0.94984332,0.00000000,1.00000000,0.99971980,HOLD-no-promotion-gate
alpha1_value_bw0.7_d0_pr0.5,1.00000000,value,0.70000000,0.00000000,0.50000000,0.00000000,0.97736356,0.00000000,0.91282668,0.27397260,0.50684932,0.76221837,0.15524730,0.47432660,0.00000000,0.94984332,0.00000000,1.00000000,0.99971980,HOLD-no-promotion-gate
alpha1_value_bw0.7_d0.005_pr0,1.00000000,value,0.70000000,0.00500000,0.00000000,0.00000000,0.97736356,0.00000000,0.91282668,0.27397260,0.50684932,0.76221837,0.15524730,0.47432660,0.00000000,0.94984332,0.00000000,1.00000000,0.99971980,HOLD-no-promotion-gate
alpha1_value_bw0.7_d0.005_pr0.25,1.00000000,value,0.70000000,0.00500000,0.25000000,0.00000000,0.97736356,0.00000000,0.91282668,0.27397260,0.50684932,0.76221837,0.15524730,0.47432660,0.00000000,0.94984332,0.00000000,1.00000000,0.99971980,HOLD-no-promotion-gate
alpha1_value_bw0.7_d0.005_pr0.5,1.00000000,value,0.70000000,0.00500000,0.50000000,0.00000000,0.97736356,0.00000000,0.91282668,0.27397260,0.50684932,0.76221837,0.15524730,0.47432660,0.00000000,0.94984332,0.00000000,1.00000000,0.99971980,HOLD-no-promotion-gate
alpha1_value_bw0.7_d0.01_pr0,1.00000000,value,0.70000000,0.01000000,0.00000000,0.00000000,0.97736356,0.00000000,0.91282668,0.27397260,0.50684932,0.76221837,0.15524730,0.47432660,0.00000000,0.94984332,0.00000000,1.00000000,0.99971980,HOLD-no-promotion-gate
alpha1_value_bw0.7_d0.01_pr0.25,1.00000000,value,0.70000000,0.01000000,0.25000000,0.00000000,0.97736356,0.00000000,0.91282668,0.27397260,0.50684932,0.76221837,0.15524730,0.47432660,0.00000000,0.94984332,0.00000000,1.00000000,0.99971980,HOLD-no-promotion-gate
alpha1_value_bw0.7_d0.01_pr0.5,1.00000000,value,0.70000000,0.01000000,0.50000000,0.00000000,0.97736356,0.00000000,0.91282668,0.27397260,0.50684932,0.76221837,0.15524730,0.47432660,0.00000000,0.94984332,0.00000000,1.00000000,0.99971980,HOLD-no-promotion-gate
alpha1_value_bw0.7_d0.02_pr0,1.00000000,value,0.70000000,0.02000000,0.00000000,0.00000000,0.97736356,0.00000000,0.91282668,0.27397260,0.50684932,0.76221837,0.15524730,0.47432660,0.00000000,0.94984332,0.00000000,1.00000000,0.99971980,HOLD-no-promotion-gate
alpha1_value_bw0.7_d0.02_pr0.25,1.00000000,value,0.70000000,0.02000000,0.25000000,0.00000000,0.97736356,0.00000000,0.91282668,0.27397260,0.50684932,0.76221837,0.15524730,0.47432660,0.00000000,0.94984332,0.00000000,1.00000000,0.99971980,HOLD-no-promotion-gate
alpha1_value_bw0.7_d0.02_pr0.5,1.00000000,value,0.70000000,0.02000000,0.50000000,0.00000000,0.97736356,0.00000000,0.91282668,0.27397260,0.50684932,0.76221837,0.15524730,0.47432660,0.00000000,0.94984332,0.00000000,1.00000000,0.99971980,HOLD-no-promotion-gate
alpha1_value_bw1_d0_pr0,1.00000000,value,1.00000000,0.00000000,0.00000000,0.00000000,0.97736356,0.00000000,0.91282668,0.27397260,0.50684932,0.76221837,0.15524730,0.47432660,0.00000000,0.94984332,0.00000000,1.00000000,0.99971980,HOLD-no-promotion-gate
alpha1_value_bw1_d0_pr0.25,1.00000000,value,1.00000000,0.00000000,0.25000000,0.00000000,0.97736356,0.00000000,0.91282668,0.27397260,0.50684932,0.76221837,0.15524730,0.47432660,0.00000000,0.94984332,0.00000000,1.00000000,0.99971980,HOLD-no-promotion-gate
alpha1_value_bw1_d0_pr0.5,1.00000000,value,1.00000000,0.00000000,0.50000000,0.00000000,0.97736356,0.00000000,0.91282668,0.27397260,0.50684932,0.76221837,0.15524730,0.47432660,0.00000000,0.94984332,0.00000000,1.00000000,0.99971980,HOLD-no-promotion-gate
alpha1_value_bw1_d0.005_pr0,1.00000000,value,1.00000000,0.00500000,0.00000000,0.00000000,0.97736356,0.00000000,0.91282668,0.27397260,0.50684932,0.76221837,0.15524730,0.47432660,0.00000000,0.94984332,0.00000000,1.00000000,0.99971980,HOLD-no-promotion-gate
alpha1_value_bw1_d0.005_pr0.25,1.00000000,value,1.00000000,0.00500000,0.25000000,0.00000000,0.97736356,0.00000000,0.91282668,0.27397260,0.50684932,0.76221837,0.15524730,0.47432660,0.00000000,0.94984332,0.00000000,1.00000000,0.99971980,HOLD-no-promotion-gate
alpha1_value_bw1_d0.005_pr0.5,1.00000000,value,1.00000000,0.00500000,0.50000000,0.00000000,0.97736356,0.00000000,0.91282668,0.27397260,0.50684932,0.76221837,0.15524730,0.47432660,0.00000000,0.94984332,0.00000000,1.00000000,0.99971980,HOLD-no-promotion-gate
alpha1_value_bw1_d0.01_pr0,1.00000000,value,1.00000000,0.01000000,0.00000000,0.00000000,0.97736356,0.00000000,0.91282668,0.27397260,0.50684932,0.76221837,0.15524730,0.47432660,0.00000000,0.94984332,0.00000000,1.00000000,0.99971980,HOLD-no-promotion-gate
alpha1_value_bw1_d0.01_pr0.25,1.00000000,value,1.00000000,0.01000000,0.25000000,0.00000000,0.97736356,0.00000000,0.91282668,0.27397260,0.50684932,0.76221837,0.15524730,0.47432660,0.00000000,0.94984332,0.00000000,1.00000000,0.99971980,HOLD-no-promotion-gate
alpha1_value_bw1_d0.01_pr0.5,1.00000000,value,1.00000000,0.01000000,0.50000000,0.00000000,0.97736356,0.00000000,0.91282668,0.27397260,0.50684932,0.76221837,0.15524730,0.47432660,0.00000000,0.94984332,0.00000000,1.00000000,0.99971980,HOLD-no-promotion-gate
alpha1_value_bw1_d0.02_pr0,1.00000000,value,1.00000000,0.02000000,0.00000000,0.00000000,0.97736356,0.00000000,0.91282668,0.27397260,0.50684932,0.76221837,0.15524730,0.47432660,0.00000000,0.94984332,0.00000000,1.00000000,0.99971980,HOLD-no-promotion-gate
alpha1_value_bw1_d0.02_pr0.25,1.00000000,value,1.00000000,0.02000000,0.25000000,0.00000000,0.97736356,0.00000000,0.91282668,0.27397260,0.50684932,0.76221837,0.15524730,0.47432660,0.00000000,0.94984332,0.00000000,1.00000000,0.99971980,HOLD-no-promotion-gate
alpha1_value_bw1_d0.02_pr0.5,1.00000000,value,1.00000000,0.02000000,0.50000000,0.00000000,0.97736356,0.00000000,0.91282668,0.27397260,0.50684932,0.76221837,0.15524730,0.47432660,0.00000000,0.94984332,0.00000000,1.00000000,0.99971980,HOLD-no-promotion-gate
alpha10_value_bw0.3_d0_pr0,10.00000000,value,0.30000000,0.00000000,0.00000000,0.00000000,0.97736356,0.00000000,0.91282668,0.27397260,0.50684932,0.76221837,0.15524730,0.47432660,0.00000000,0.94984332,0.00000000,1.00000000,0.99971980,HOLD-no-promotion-gate
alpha10_value_bw0.3_d0_pr0.25,10.00000000,value,0.30000000,0.00000000,0.25000000,0.00000000,0.97736356,0.00000000,0.91282668,0.27397260,0.50684932,0.76221837,0.15524730,0.47432660,0.00000000,0.94984332,0.00000000,1.00000000,0.99971980,HOLD-no-promotion-gate
alpha10_value_bw0.3_d0_pr0.5,10.00000000,value,0.30000000,0.00000000,0.50000000,0.00000000,0.97736356,0.00000000,0.91282668,0.27397260,0.50684932,0.76221837,0.15524730,0.47432660,0.00000000,0.94984332,0.00000000,1.00000000,0.99971980,HOLD-no-promotion-gate
alpha10_value_bw0.3_d0.005_pr0,10.00000000,value,0.30000000,0.00500000,0.00000000,0.00000000,0.97736356,0.00000000,0.91282668,0.27397260,0.50684932,0.76221837,0.15524730,0.47432660,0.00000000,0.94984332,0.00000000,1.00000000,0.99971980,HOLD-no-promotion-gate
alpha10_value_bw0.3_d0.005_pr0.25,10.00000000,value,0.30000000,0.00500000,0.25000000,0.00000000,0.97736356,0.00000000,0.91282668,0.27397260,0.50684932,0.76221837,0.15524730,0.47432660,0.00000000,0.94984332,0.00000000,1.00000000,0.99971980,HOLD-no-promotion-gate
alpha10_value_bw0.3_d0.005_pr0.5,10.00000000,value,0.30000000,0.00500000,0.50000000,0.00000000,0.97736356,0.00000000,0.91282668,0.27397260,0.50684932,0.76221837,0.15524730,0.47432660,0.00000000,0.94984332,0.00000000,1.00000000,0.99971980,HOLD-no-promotion-gate
alpha10_value_bw0.3_d0.01_pr0,10.00000000,value,0.30000000,0.01000000,0.00000000,0.00000000,0.97736356,0.00000000,0.91282668,0.27397260,0.50684932,0.76221837,0.15524730,0.47432660,0.00000000,0.94984332,0.00000000,1.00000000,0.99971980,HOLD-no-promotion-gate
alpha10_value_bw0.3_d0.01_pr0.25,10.00000000,value,0.30000000,0.01000000,0.25000000,0.00000000,0.97736356,0.00000000,0.91282668,0.27397260,0.50684932,0.76221837,0.15524730,0.47432660,0.00000000,0.94984332,0.00000000,1.00000000,0.99971980,HOLD-no-promotion-gate
alpha10_value_bw0.3_d0.01_pr0.5,10.00000000,value,0.30000000,0.01000000,0.50000000,0.00000000,0.97736356,0.00000000,0.91282668,0.27397260,0.50684932,0.76221837,0.15524730,0.47432660,0.00000000,0.94984332,0.00000000,1.00000000,0.99971980,HOLD-no-promotion-gate
alpha10_value_bw0.3_d0.02_pr0,10.00000000,value,0.30000000,0.02000000,0.00000000,0.00000000,0.97736356,0.00000000,0.91282668,0.27397260,0.50684932,0.76221837,0.15524730,0.47432660,0.00000000,0.94984332,0.00000000,1.00000000,0.99971980,HOLD-no-promotion-gate
alpha10_value_bw0.3_d0.02_pr0.25,10.00000000,value,0.30000000,0.02000000,0.25000000,0.00000000,0.97736356,0.00000000,0.91282668,0.27397260,0.50684932,0.76221837,0.15524730,0.47432660,0.00000000,0.94984332,0.00000000,1.00000000,0.99971980,HOLD-no-promotion-gate
alpha10_value_bw0.3_d0.02_pr0.5,10.00000000,value,0.30000000,0.02000000,0.50000000,0.00000000,0.97736356,0.00000000,0.91282668,0.27397260,0.50684932,0.76221837,0.15524730,0.47432660,0.00000000,0.94984332,0.00000000,1.00000000,0.99971980,HOLD-no-promotion-gate
alpha10_value_bw0.5_d0_pr0,10.00000000,value,0.50000000,0.00000000,0.00000000,0.00000000,0.97736356,0.00000000,0.91282668,0.27397260,0.50684932,0.76221837,0.15524730,0.47432660,0.00000000,0.94984332,0.00000000,1.00000000,0.99971980,HOLD-no-promotion-gate
alpha10_value_bw0.5_d0_pr0.25,10.00000000,value,0.50000000,0.00000000,0.25000000,0.00000000,0.97736356,0.00000000,0.91282668,0.27397260,0.50684932,0.76221837,0.15524730,0.47432660,0.00000000,0.94984332,0.00000000,1.00000000,0.99971980,HOLD-no-promotion-gate
alpha10_value_bw0.5_d0_pr0.5,10.00000000,value,0.50000000,0.00000000,0.50000000,0.00000000,0.97736356,0.00000000,0.91282668,0.27397260,0.50684932,0.76221837,0.15524730,0.47432660,0.00000000,0.94984332,0.00000000,1.00000000,0.99971980,HOLD-no-promotion-gate
alpha10_value_bw0.5_d0.005_pr0,10.00000000,value,0.50000000,0.00500000,0.00000000,0.00000000,0.97736356,0.00000000,0.91282668,0.27397260,0.50684932,0.76221837,0.15524730,0.47432660,0.00000000,0.94984332,0.00000000,1.00000000,0.99971980,HOLD-no-promotion-gate
alpha10_value_bw0.5_d0.005_pr0.25,10.00000000,value,0.50000000,0.00500000,0.25000000,0.00000000,0.97736356,0.00000000,0.91282668,0.27397260,0.50684932,0.76221837,0.15524730,0.47432660,0.00000000,0.94984332,0.00000000,1.00000000,0.99971980,HOLD-no-promotion-gate
alpha10_value_bw0.5_d0.005_pr0.5,10.00000000,value,0.50000000,0.00500000,0.50000000,0.00000000,0.97736356,0.00000000,0.91282668,0.27397260,0.50684932,0.76221837,0.15524730,0.47432660,0.00000000,0.94984332,0.00000000,1.00000000,0.99971980,HOLD-no-promotion-gate
alpha10_value_bw0.5_d0.01_pr0,10.00000000,value,0.50000000,0.01000000,0.00000000,0.00000000,0.97736356,0.00000000,0.91282668,0.27397260,0.50684932,0.76221837,0.15524730,0.47432660,0.00000000,0.94984332,0.00000000,1.00000000,0.99971980,HOLD-no-promotion-gate
alpha10_value_bw0.5_d0.01_pr0.25,10.00000000,value,0.50000000,0.01000000,0.25000000,0.00000000,0.97736356,0.00000000,0.91282668,0.27397260,0.50684932,0.76221837,0.15524730,0.47432660,0.00000000,0.94984332,0.00000000,1.00000000,0.99971980,HOLD-no-promotion-gate
alpha10_value_bw0.5_d0.01_pr0.5,10.00000000,value,0.50000000,0.01000000,0.50000000,0.00000000,0.97736356,0.00000000,0.91282668,0.27397260,0.50684932,0.76221837,0.15524730,0.47432660,0.00000000,0.94984332,0.00000000,1.00000000,0.99971980,HOLD-no-promotion-gate
alpha10_value_bw0.5_d0.02_pr0,10.00000000,value,0.50000000,0.02000000,0.00000000,0.00000000,0.97736356,0.00000000,0.91282668,0.27397260,0.50684932,0.76221837,0.15524730,0.47432660,0.00000000,0.94984332,0.00000000,1.00000000,0.99971980,HOLD-no-promotion-gate
alpha10_value_bw0.5_d0.02_pr0.25,10.00000000,value,0.50000000,0.02000000,0.25000000,0.00000000,0.97736356,0.00000000,0.91282668,0.27397260,0.50684932,0.76221837,0.15524730,0.47432660,0.00000000,0.94984332,0.00000000,1.00000000,0.99971980,HOLD-no-promotion-gate
alpha10_value_bw0.5_d0.02_pr0.5,10.00000000,value,0.50000000,0.02000000,0.50000000,0.00000000,0.97736356,0.00000000,0.91282668,0.27397260,0.50684932,0.76221837,0.15524730,0.47432660,0.00000000,0.94984332,0.00000000,1.00000000,0.99971980,HOLD-no-promotion-gate
alpha10_value_bw0.7_d0_pr0,10.00000000,value,0.70000000,0.00000000,0.00000000,0.00000000,0.97736356,0.00000000,0.91282668,0.27397260,0.50684932,0.76221837,0.15524730,0.47432660,0.00000000,0.94984332,0.00000000,1.00000000,0.99971980,HOLD-no-promotion-gate
alpha10_value_bw0.7_d0_pr0.25,10.00000000,value,0.70000000,0.00000000,0.25000000,0.00000000,0.97736356,0.00000000,0.91282668,0.27397260,0.50684932,0.76221837,0.15524730,0.47432660,0.00000000,0.94984332,0.00000000,1.00000000,0.99971980,HOLD-no-promotion-gate
alpha10_value_bw0.7_d0_pr0.5,10.00000000,value,0.70000000,0.00000000,0.50000000,0.00000000,0.97736356,0.00000000,0.91282668,0.27397260,0.50684932,0.76221837,0.15524730,0.47432660,0.00000000,0.94984332,0.00000000,1.00000000,0.99971980,HOLD-no-promotion-gate
alpha10_value_bw0.7_d0.005_pr0,10.00000000,value,0.70000000,0.00500000,0.00000000,0.00000000,0.97736356,0.00000000,0.91282668,0.27397260,0.50684932,0.76221837,0.15524730,0.47432660,0.00000000,0.94984332,0.00000000,1.00000000,0.99971980,HOLD-no-promotion-gate
alpha10_value_bw0.7_d0.005_pr0.25,10.00000000,value,0.70000000,0.00500000,0.25000000,0.00000000,0.97736356,0.00000000,0.91282668,0.27397260,0.50684932,0.76221837,0.15524730,0.47432660,0.00000000,0.94984332,0.00000000,1.00000000,0.99971980,HOLD-no-promotion-gate
alpha10_value_bw0.7_d0.005_pr0.5,10.00000000,value,0.70000000,0.00500000,0.50000000,0.00000000,0.97736356,0.00000000,0.91282668,0.27397260,0.50684932,0.76221837,0.15524730,0.47432660,0.00000000,0.94984332,0.00000000,1.00000000,0.99971980,HOLD-no-promotion-gate
alpha10_value_bw0.7_d0.01_pr0,10.00000000,value,0.70000000,0.01000000,0.00000000,0.00000000,0.97736356,0.00000000,0.91282668,0.27397260,0.50684932,0.76221837,0.15524730,0.47432660,0.00000000,0.94984332,0.00000000,1.00000000,0.99971980,HOLD-no-promotion-gate
alpha10_value_bw0.7_d0.01_pr0.25,10.00000000,value,0.70000000,0.01000000,0.25000000,0.00000000,0.97736356,0.00000000,0.91282668,0.27397260,0.50684932,0.76221837,0.15524730,0.47432660,0.00000000,0.94984332,0.00000000,1.00000000,0.99971980,HOLD-no-promotion-gate
alpha10_value_bw0.7_d0.01_pr0.5,10.00000000,value,0.70000000,0.01000000,0.50000000,0.00000000,0.97736356,0.00000000,0.91282668,0.27397260,0.50684932,0.76221837,0.15524730,0.47432660,0.00000000,0.94984332,0.00000000,1.00000000,0.99971980,HOLD-no-promotion-gate
alpha10_value_bw0.7_d0.02_pr0,10.00000000,value,0.70000000,0.02000000,0.00000000,0.00000000,0.97736356,0.00000000,0.91282668,0.27397260,0.50684932,0.76221837,0.15524730,0.47432660,0.00000000,0.94984332,0.00000000,1.00000000,0.99971980,HOLD-no-promotion-gate
alpha10_value_bw0.7_d0.02_pr0.25,10.00000000,value,0.70000000,0.02000000,0.25000000,0.00000000,0.97736356,0.00000000,0.91282668,0.27397260,0.50684932,0.76221837,0.15524730,0.47432660,0.00000000,0.94984332,0.00000000,1.00000000,0.99971980,HOLD-no-promotion-gate
alpha10_value_bw0.7_d0.02_pr0.5,10.00000000,value,0.70000000,0.02000000,0.50000000,0.00000000,0.97736356,0.00000000,0.91282668,0.27397260,0.50684932,0.76221837,0.15524730,0.47432660,0.00000000,0.94984332,0.00000000,1.00000000,0.99971980,HOLD-no-promotion-gate
alpha10_value_bw1_d0_pr0,10.00000000,value,1.00000000,0.00000000,0.00000000,0.00000000,0.97736356,0.00000000,0.91282668,0.27397260,0.50684932,0.76221837,0.15524730,0.47432660,0.00000000,0.94984332,0.00000000,1.00000000,0.99971980,HOLD-no-promotion-gate
alpha10_value_bw1_d0_pr0.25,10.00000000,value,1.00000000,0.00000000,0.25000000,0.00000000,0.97736356,0.00000000,0.91282668,0.27397260,0.50684932,0.76221837,0.15524730,0.47432660,0.00000000,0.94984332,0.00000000,1.00000000,0.99971980,HOLD-no-promotion-gate
alpha10_value_bw1_d0_pr0.5,10.00000000,value,1.00000000,0.00000000,0.50000000,0.00000000,0.97736356,0.00000000,0.91282668,0.27397260,0.50684932,0.76221837,0.15524730,0.47432660,0.00000000,0.94984332,0.00000000,1.00000000,0.99971980,HOLD-no-promotion-gate
alpha10_value_bw1_d0.005_pr0,10.00000000,value,1.00000000,0.00500000,0.00000000,0.00000000,0.97736356,0.00000000,0.91282668,0.27397260,0.50684932,0.76221837,0.15524730,0.47432660,0.00000000,0.94984332,0.00000000,1.00000000,0.99971980,HOLD-no-promotion-gate
alpha10_value_bw1_d0.005_pr0.25,10.00000000,value,1.00000000,0.00500000,0.25000000,0.00000000,0.97736356,0.00000000,0.91282668,0.27397260,0.50684932,0.76221837,0.15524730,0.47432660,0.00000000,0.94984332,0.00000000,1.00000000,0.99971980,HOLD-no-promotion-gate
alpha10_value_bw1_d0.005_pr0.5,10.00000000,value,1.00000000,0.00500000,0.50000000,0.00000000,0.97736356,0.00000000,0.91282668,0.27397260,0.50684932,0.76221837,0.15524730,0.47432660,0.00000000,0.94984332,0.00000000,1.00000000,0.99971980,HOLD-no-promotion-gate
alpha10_value_bw1_d0.01_pr0,10.00000000,value,1.00000000,0.01000000,0.00000000,0.00000000,0.97736356,0.00000000,0.91282668,0.27397260,0.50684932,0.76221837,0.15524730,0.47432660,0.00000000,0.94984332,0.00000000,1.00000000,0.99971980,HOLD-no-promotion-gate
alpha10_value_bw1_d0.01_pr0.25,10.00000000,value,1.00000000,0.01000000,0.25000000,0.00000000,0.97736356,0.00000000,0.91282668,0.27397260,0.50684932,0.76221837,0.15524730,0.47432660,0.00000000,0.94984332,0.00000000,1.00000000,0.99971980,HOLD-no-promotion-gate
alpha10_value_bw1_d0.01_pr0.5,10.00000000,value,1.00000000,0.01000000,0.50000000,0.00000000,0.97736356,0.00000000,0.91282668,0.27397260,0.50684932,0.76221837,0.15524730,0.47432660,0.00000000,0.94984332,0.00000000,1.00000000,0.99971980,HOLD-no-promotion-gate
alpha10_value_bw1_d0.02_pr0,10.00000000,value,1.00000000,0.02000000,0.00000000,0.00000000,0.97736356,0.00000000,0.91282668,0.27397260,0.50684932,0.76221837,0.15524730,0.47432660,0.00000000,0.94984332,0.00000000,1.00000000,0.99971980,HOLD-no-promotion-gate
alpha10_value_bw1_d0.02_pr0.25,10.00000000,value,1.00000000,0.02000000,0.25000000,0.00000000,0.97736356,0.00000000,0.91282668,0.27397260,0.50684932,0.76221837,0.15524730,0.47432660,0.00000000,0.94984332,0.00000000,1.00000000,0.99971980,HOLD-no-promotion-gate
alpha10_value_bw1_d0.02_pr0.5,10.00000000,value,1.00000000,0.02000000,0.50000000,0.00000000,0.97736356,0.00000000,0.91282668,0.27397260,0.50684932,0.76221837,0.15524730,0.47432660,0.00000000,0.94984332,0.00000000,1.00000000,0.99971980,HOLD-no-promotion-gate
