row_id,1161364,116570,1176823,1491113,1595929,209233,22930,22956,22961,22967,22973,22983,22985,23150,23154,23158,23176,23724,24279,24285,24287,24321,244024,25073,25092,25214,326272,41970,43435,47144,47158son01,47158son02,47158son03,47158son04,47158son05,47158son06,47158son07,47158son08,47158son09,47158son10,47158son11,47158son12,47158son13,47158son14,47158son15,47158son16,47158son17,47158son18,47158son19,47158son20,47158son21,47158son22,47158son23,47158son24,47158son25,476521,516975,517063,555123,555145,555146,64898,65377,65380,66971,67107,67252,70711,738183,74113,74580,760266,ashgre1,astcra1,bafcur1,baffal1,banana,barant1,batbel1,baymac,bbwduc,bcwfin2,bkcdon,bkhpar,blchaw1,blheag1,blttit1,bncfly,bobfly1,brcmar1,brnowl,bucmot4,bucpar,bufpar,bunibi1,burowl,camfli1,chacha1,chbmoc1,chobla1,chvcon1,cibspi1,coffal1,compau,compot1,crbthr1,crebec1,dwatin1,epaori4,eulfly1,fabwre1,fepowl,ficman1,flawar1,fotfly,fusfly1,gilhum1,giwrai1,glteme1,grasal3,greani1,greant1,greela,grekis,grepot1,gretho2,greyel,grfdov1,grhtan1,gycwor1,horscr1,houspa,hyamac1,larela1,lesela1,lesgrf1,limpki,linwoo1,litcuc2,litnig1,mabpar,magant1,magtan2,masgna1,nacnig1,ocecra1,oliwoo1,orbtro3,orwpar,osprey,pabspi1,palhor3,paltan1,phecuc1,picpig2,pirfly1,plasla1,platyr1,plcjay1,pluibi1,purjay1,pvttyr1,ragmac1,rebscy1,recfin1,redjun,relser1,rinkin1,rivwar1,roahaw,rubthr1,rufcac2,rufcas2,rufgna3,rufhor2,rufnig1,ruftho1,ruftof1,rumfly1,ruther1,rutjac1,sabspa1,saffin,saytan1,scadov1,schpar1,scther1,shcfly1,shshaw,shtnig1,sibtan2,smbani,smbtin1,sobcac1,sobtyr1,socfly1,sofspi1,souant1,soulap1,souscr1,spbant3,spispi1,sptnig1,squcuc1,stbwoo2,strcuc1,strher2,strowl1,swthum1,swtman1,tattin1,thlwre1,toctou1,trokin,trsowl,undtin1,varant1,watjac1,wesfie1,wfwduc1,whbant2,whbwar2,whiwoo1,whlspi1,whnjay1,whtdov,whwpic1,y00678,yebcar,yebela1,yecmac,yecpar,yehcar1,yeofly1
BC2026_Train_0001_S08_20250606_030007_5,0.6954118,0.6417421,0.6089917,0.6367015,0.3637104,0.4940946,0.16704667,0.7649544,0.8313788,0.1257693,0.5004737,0.4438554,0.8734288,0.59860873,0.33308503,0.23049732,0.8777611,0.51483047,0.61220586,0.74734277,0.85536695,0.21747312,0.5585011,0.42303064,0.85968184,0.42104462,0.32250148,0.9207451,0.18689382,0.26534823,0.30471474,0.100061715,0.2766044,0.68894315,0.54314786,0.42273742,0.25734705,0.7905391,0.5676201,0.86907566,0.4724201,0.36567235,0.85452175,0.5461807,0.49142268,0.46209413,0.8316588,0.43495744,0.6063327,0.567626,0.84638476,0.8624321,0.8598155,0.2786448,0.8496802,0.4097356,0.37952292,0.5401074,0.5860225,0.9279969,0.9582306,0.79634583,0.92233896,0.9345783,0.9369261,0.77691686,0.5989305,0.94042933,0.29111755,0.276575,0.3223229,0.10905583,0.27635747,0.228929,0.12587625,0.11590093,0.058443584,0.3874169,0.64093244,0.5453473,0.61219585,0.39461458,0.4324871,0.72649014,0.47505915,0.4487465,0.5246221,0.701425,0.16009808,0.5470891,0.9044688,0.5367558,0.6387396,0.0761155,0.5349781,0.21270043,0.8646375,0.25002202,0.6486022,0.77835417,0.2361998,0.3947659,0.6141838,0.9806244,0.9253031,0.7073375,0.55412173,0.85148,0.52126044,0.6093496,0.62586063,0.73392045,0.82782024,0.43355596,0.63013315,0.4150148,0.4877196,0.411639,0.030239,0.3177802,0.26420817,0.5390148,0.6527963,0.38565215,0.88387126,0.6380837,0.882725,0.36778805,0.37395078,0.02837192,0.27503043,0.39552477,0.59892356,0.4993235,0.8855708,0.85285485,0.25742507,0.7019332,0.51007223,0.24788314,0.21910359,0.03965136,0.6029641,0.47157645,0.74027395,0.95256245,0.40686727,0.08507583,0.1835292,0.81932914,0.47385928,0.87164795,0.7228667,0.6804072,0.112114,0.27295902,0.18031485,0.32062876,0.28159857,0.42712462,0.16858849,0.6073852,0.8024259,0.69920456,0.4477119,0.48847297,0.38531744,0.3864165,0.18986462,0.46260753,0.4792879,0.2637,0.8226772,0.34259844,0.45895416,0.905215,0.35592037,0.3609046,0.40708643,0.66231793,0.7959544,0.4524969,0.33551282,0.30371347,0.35448593,0.3078959,0.23782709,0.42537168,0.85929596,0.59253407,0.72822535,0.6508657,0.51421833,0.45661134,0.40930992,0.26153457,0.5847583,0.41467085,0.7781521,0.2960541,0.2740114,0.73233634,0.7861166,0.4194333,0.56540895,0.8597484,0.5449785,0.93453246,0.7236792,0.290815,0.47507033,0.55281186,0.5272713,0.132212,0.9383482,0.6381868,0.1813796,0.40115592,0.6426767,0.6281662,0.42114833,0.555603,0.52971625,0.60752076,0.07387975,0.4296896,0.6040033,0.2024149,0.56819165,0.741776,0.6006423,0.2595242,0.32452512,0.71009517
BC2026_Train_0001_S08_20250606_030007_10,0.7630761,0.7880347,0.30900866,0.6324581,0.34556046,0.5318765,0.047740914,0.80285525,0.61686456,0.28277498,0.6605237,0.23226418,0.8981005,0.7205082,0.17683475,0.20565315,0.6351142,0.7309767,0.52461934,0.6792407,0.8405689,0.26384127,0.57220906,0.61631316,0.86063004,0.34247434,0.1888543,0.93554306,0.2693845,0.3256693,0.4537038,0.31271634,0.2028513,0.64394957,0.45446038,0.65954256,0.35413638,0.6762379,0.5016643,0.9001583,0.5919142,0.47517568,0.9237706,0.48852068,0.3913189,0.39737266,0.93542266,0.41672602,0.57814413,0.5883818,0.90351295,0.8992612,0.8987578,0.51123166,0.9262427,0.3329593,0.39657292,0.44214514,0.35782352,0.95011806,0.9826644,0.9181516,0.9239057,0.85806245,0.9556058,0.78433305,0.6507598,0.8849946,0.39867783,0.25312102,0.3509229,0.6290946,0.44489324,0.32270753,0.17645764,0.16440266,0.14950433,0.20858243,0.80196273,0.6366209,0.5199861,0.28400832,0.5098555,0.6601516,0.3286394,0.5975473,0.80970776,0.46883625,0.38054603,0.5114704,0.86480653,0.58722305,0.75934577,0.18741688,0.6863547,0.51201487,0.47594994,0.14956783,0.24909158,0.37593797,0.17445794,0.3150394,0.67824954,0.97236586,0.91475,0.41698352,0.4274098,0.9019473,0.19939966,0.6472001,0.5800651,0.8372972,0.79313254,0.6242759,0.28901842,0.28597784,0.8084062,0.58141243,0.15308549,0.31020448,0.29982692,0.4242136,0.22807759,0.30485967,0.940437,0.61672425,0.73382324,0.49564898,0.48949936,0.115675405,0.3107754,0.31271857,0.6391536,0.45664978,0.6944636,0.6172973,0.27464187,0.50268316,0.3452992,0.2052981,0.08252508,0.07738064,0.5243456,0.284437,0.729082,0.8405367,0.48783648,0.04195708,0.3893198,0.5098927,0.17138399,0.6883774,0.2478502,0.87149644,0.12808627,0.3678636,0.24435532,0.33657575,0.43860334,0.40346706,0.06506689,0.3449576,0.68176913,0.8898993,0.42438394,0.7217783,0.37899175,0.30691722,0.17199534,0.6032295,0.24512383,0.12185325,0.8714062,0.3570862,0.14332692,0.8757201,0.30422834,0.57959175,0.41456118,0.69403386,0.7277444,0.24785966,0.542352,0.093321756,0.3830604,0.24076192,0.06724909,0.6234979,0.9466188,0.6970923,0.65795505,0.57592857,0.6402118,0.36305785,0.35912043,0.10665333,0.28358355,0.72579515,0.5764599,0.5525991,0.7401604,0.46052307,0.69495475,0.23265582,0.46988696,0.9163394,0.5262995,0.9378195,0.39125398,0.3084963,0.5430786,0.36344287,0.44478375,0.13782227,0.9945154,0.7638809,0.42711237,0.4756804,0.64473903,0.6942127,0.2464258,0.54325444,0.20866774,0.47663257,0.226398,0.38780567,0.88404584,0.3204706,0.16540168,0.5017882,0.6522839,0.21402441,0.5099264,0.58991104
BC2026_Train_0001_S08_20250606_030007_15,0.7608514,0.7161225,0.460606,0.8833851,0.3327729,0.47984642,0.06034342,0.69146967,0.69867134,0.3448033,0.40270463,0.3191268,0.8363128,0.6363604,0.2061341,0.39264566,0.8333055,0.62626517,0.57611954,0.7537504,0.89581287,0.13097188,0.81092197,0.38165608,0.885883,0.6044745,0.60373616,0.90846837,0.28503233,0.4267302,0.76239973,0.5319058,0.1258086,0.70798206,0.5098729,0.52701306,0.5206817,0.68684417,0.5939119,0.8850316,0.5429404,0.372787,0.9924412,0.35252577,0.42438406,0.42205524,0.7699489,0.39597023,0.50087106,0.5373338,0.9627207,0.9924566,0.9924566,0.498175,0.9891635,0.40941125,0.42943543,0.5594913,0.21936661,0.9688443,0.9978787,0.88459814,0.96832037,0.89947486,0.9316607,0.6948217,0.73510283,0.92701584,0.6377208,0.20192643,0.35394794,0.69707835,0.19777808,0.4674808,0.18540722,0.4051375,0.09757967,0.2801928,0.83370835,0.4967919,0.46877143,0.22180808,0.59673524,0.5943998,0.35018724,0.5948078,0.74988437,0.53945756,0.19262502,0.49815792,0.7668636,0.5959561,0.6993627,0.41208392,0.48199642,0.5103454,0.45351997,0.10591917,0.33371118,0.39438102,0.33133292,0.51548743,0.5452961,0.9085068,0.9398396,0.45575368,0.53310406,0.877612,0.21987626,0.5500619,0.7907829,0.82963413,0.70817685,0.56883675,0.3444576,0.35974085,0.70742315,0.35097885,0.3257146,0.45898852,0.37273967,0.4638332,0.18401125,0.3036924,0.9621926,0.6379247,0.7928141,0.48125902,0.5823663,0.17656875,0.27132308,0.33064014,0.4340009,0.44172037,0.7315933,0.90546775,0.44452947,0.48542488,0.33543605,0.4248136,0.13235523,0.10659877,0.48897058,0.4336918,0.7780843,0.890384,0.3705521,0.10496959,0.39196727,0.36289042,0.092102334,0.66907895,0.16186492,0.7970411,0.1468125,0.241879,0.13934633,0.390595,0.5271479,0.30657083,0.3574204,0.4568003,0.8123382,0.83014846,0.44898438,0.80173075,0.5366354,0.3036308,0.4732027,0.5780169,0.36205503,0.15879102,0.90059996,0.5917,0.09566226,0.8658569,0.34599996,0.824323,0.33923608,0.7301717,0.6825384,0.3305408,0.2946756,0.18743059,0.5329126,0.5622958,0.029984253,0.43863693,0.6939942,0.70711505,0.59225845,0.49483475,0.53417826,0.37475014,0.10749808,0.052037258,0.09487149,0.7494203,0.56882143,0.62105,0.65551513,0.5556519,0.81987774,0.37794974,0.42741615,0.9113752,0.49734327,0.9300756,0.4638322,0.5388334,0.5828504,0.3050023,0.5706135,0.26390907,0.9892242,0.7536096,0.6495209,0.575395,0.6042167,0.78831875,0.2693766,0.5440296,0.2564609,0.13936809,0.32361376,0.3520826,0.8106151,0.30507126,0.20876853,0.6435101,0.6749744,0.28394824,0.48646092,0.27847606
BC2026_Train_0001_S08_20250606_030007_20,0.82286394,0.87012446,0.6651856,0.805052,0.31627294,0.5395801,0.13653824,0.80395746,0.8045864,0.1712138,0.4009037,0.46074235,0.89471614,0.6073137,0.161268,0.23138647,0.92683125,0.27130365,0.6306618,0.88745415,0.9685584,0.30682343,0.78524876,0.22203666,0.9689014,0.7188157,0.27116778,0.9625526,0.38234904,0.40096208,0.69736236,0.38109425,0.31280267,0.63284516,0.44731045,0.46730116,0.253389,0.52773,0.50593364,0.8588779,0.32256946,0.5214642,0.886171,0.20812033,0.38154337,0.38124484,0.8041775,0.4908438,0.45024377,0.49203575,0.8716043,0.9138,0.91620696,0.24301535,0.8529643,0.2652474,0.40743545,0.22375956,0.40858853,0.95227754,0.9892612,0.87637997,0.9974615,0.97555,0.97747546,0.7958865,0.69017607,0.99099374,0.43606532,0.34972793,0.33332288,0.22077301,0.17957418,0.618964,0.26326883,0.25122917,0.059192337,0.30460563,0.71080995,0.54676175,0.42175335,0.34501132,0.64747566,0.69731426,0.5112928,0.47274697,0.8499327,0.30049524,0.33997256,0.66122293,0.61943805,0.8146124,0.7432939,0.4050033,0.5529998,0.4717579,0.3377781,0.31521177,0.36768144,0.49026978,0.08475904,0.49331188,0.46852142,0.97846746,0.9449181,0.3228332,0.6813919,0.9007876,0.24964991,0.50339127,0.627468,0.782261,0.8740389,0.6147027,0.4167211,0.37369716,0.55609834,0.34533268,0.10470818,0.23594442,0.44760424,0.43127218,0.32480323,0.40148306,0.9879774,0.531094,0.7415962,0.41857678,0.47841394,0.04612233,0.40488422,0.22905591,0.61836374,0.47117937,0.7350799,0.8910959,0.3826021,0.31379682,0.55496216,0.64194477,0.12652142,0.13040733,0.5713062,0.5217792,0.8531602,0.9263623,0.5349643,0.11113051,0.31039014,0.24820603,0.28428847,0.6290064,0.44311363,0.8285617,0.16302416,0.38194853,0.07359442,0.46834156,0.51869726,0.46081316,0.5109265,0.60922295,0.85066044,0.7833723,0.48749432,0.6362617,0.36651945,0.4220174,0.45579582,0.6182815,0.23569018,0.14809859,0.73822784,0.3899296,0.11437143,0.9472406,0.4067228,0.6952035,0.49149555,0.75379694,0.50328076,0.23900409,0.19069117,0.34475204,0.28446835,0.5440193,0.047775663,0.32573998,0.65886426,0.7642938,0.7274593,0.56771034,0.6322109,0.37537473,0.117038414,0.0629545,0.10083548,0.5309888,0.6971657,0.41322526,0.42314288,0.8096834,0.7256344,0.24280885,0.32175618,0.93319595,0.51643574,0.9592851,0.31354025,0.3562472,0.7272064,0.3636634,0.6741459,0.25904727,0.9616642,0.6970435,0.4101907,0.57450056,0.5275273,0.6979668,0.109283425,0.3531875,0.3724959,0.13208467,0.41475832,0.39681298,0.54491603,0.09978925,0.32465756,0.658432,0.67835855,0.3747997,0.5145683,0.3814077
BC2026_Train_0001_S08_20250606_030007_25,0.8572872,0.81090516,0.5012476,0.7135494,0.32177293,0.44536144,0.08635308,0.80173284,0.87856555,0.27527475,0.37193465,0.14465961,0.87015605,0.6742906,0.14673835,0.34430516,0.80481845,0.30717933,0.63749766,0.7280635,0.95782554,0.19881953,0.8086729,0.5935837,0.8782998,0.53122497,0.3156334,0.9468558,0.34994033,0.4143959,0.57782936,0.5330076,0.2128299,0.7450158,0.40482298,0.37729824,0.3611584,0.39456287,0.51007974,0.9564542,0.31024578,0.4282556,0.9196548,0.4709056,0.4552241,0.4627253,0.8488039,0.42752463,0.42247593,0.43635982,0.89948535,0.90198576,0.9014824,0.42727607,0.98833084,0.2003281,0.43136042,0.3576166,0.36785388,0.8975561,0.8782486,0.83273864,0.99471056,0.88324404,0.9014846,0.74164814,0.47660333,0.98107535,0.45531708,0.5962848,0.34239793,0.059451416,0.46254665,0.40198025,0.2708229,0.25301993,0.12033517,0.38378185,0.56622934,0.5822252,0.35747564,0.11347984,0.5566412,0.732187,0.56830084,0.71141934,0.827822,0.28251615,0.5718687,0.5535288,0.71116257,0.81915647,0.8061187,0.15939814,0.3234959,0.296098,0.30799335,0.3465241,0.15521425,0.5604355,0.07324352,0.39239395,0.5901046,0.97891766,0.974795,0.398673,0.75881153,0.7538768,0.17728908,0.61155224,0.7302376,0.77202713,0.9030854,0.58079433,0.42744637,0.34214225,0.61663675,0.45740783,0.09648991,0.25992465,0.43130285,0.5376115,0.60437,0.27711964,0.9918125,0.40411928,0.78091836,0.5908524,0.65058345,0.038838916,0.23554826,0.15761742,0.6350208,0.5046677,0.7969251,0.77254957,0.26097894,0.58884656,0.59090006,0.3358033,0.055458,0.0499808,0.6758129,0.40555543,0.8288177,0.86073303,0.5623585,0.2730529,0.30178782,0.2762527,0.35379228,0.7782769,0.5202357,0.8620503,0.26645344,0.6182317,0.24300803,0.63935196,0.41704792,0.38975918,0.29117596,0.57711893,0.79477155,0.9490917,0.49651724,0.7255406,0.17423531,0.25877333,0.4856674,0.5129143,0.44093367,0.078632,0.685491,0.3857235,0.13642228,0.9458932,0.50502056,0.64382905,0.69374496,0.75092787,0.5291402,0.16741833,0.26192194,0.29697925,0.16253768,0.45574427,0.093801424,0.45501918,0.858562,0.68658435,0.78413224,0.5095968,0.7317815,0.47614673,0.15878217,0.21825095,0.11072816,0.6875751,0.7244002,0.5527867,0.67850304,0.7212535,0.75650585,0.33601505,0.5848646,0.922753,0.52520686,0.9860813,0.12218341,0.40032965,0.6107947,0.6078145,0.4646204,0.31845057,0.9786642,0.79607356,0.31031308,0.5113858,0.6493771,0.49672562,0.2755299,0.53661597,0.25286075,0.38719037,0.14540207,0.47109824,0.6749224,0.11752317,0.20465308,0.68957305,0.6660461,0.2807559,0.61035156,0.7093024
BC2026_Train_0001_S08_20250606_030007_30,0.7471467,0.76658434,0.60207516,0.8718285,0.35697296,0.4058795,0.31535938,0.800443,0.955752,0.3309037,0.60774064,0.1762774,0.78632283,0.6398674,0.20713073,0.47214216,0.80986464,0.27932957,0.43913007,0.73776674,0.885015,0.105777055,0.5685066,0.5722261,0.90816486,0.7558643,0.60092086,0.92510015,0.19881018,0.5555565,0.65834594,0.39738634,0.47668436,0.62962484,0.5006604,0.6899757,0.63880205,0.41683593,0.5168694,0.980331,0.2924894,0.38377973,0.95842385,0.5741456,0.43387234,0.41532362,0.9324151,0.4739446,0.4715605,0.42780516,0.8922149,0.9314232,0.9312846,0.30715105,0.9475604,0.26798248,0.3843354,0.27864587,0.2782519,0.85754865,0.8180097,0.88524306,0.9738496,0.8688187,0.96864265,0.7150534,0.6573894,0.92182684,0.4832862,0.45195636,0.32741046,0.09803075,0.51974106,0.53429437,0.44709662,0.24732575,0.101776265,0.53527707,0.6665845,0.35505313,0.44083458,0.10767393,0.5818462,0.7991063,0.4944406,0.7243118,0.71197474,0.5873133,0.4623486,0.55109006,0.71294236,0.71611935,0.7894466,0.26841834,0.37853977,0.3124803,0.69035983,0.113741904,0.3535396,0.7145893,0.24093866,0.4935038,0.5261169,0.97710454,0.9795699,0.57445973,0.5848986,0.888765,0.43916997,0.6673792,0.7391008,0.8303237,0.7703165,0.6803897,0.6238619,0.26713932,0.77719665,0.35103285,0.21142706,0.47735628,0.4569854,0.554775,0.49217224,0.50752914,0.93518305,0.6479626,0.8069312,0.6625,0.4320712,0.07161725,0.31591958,0.2382665,0.3892228,0.47327384,0.80991554,0.80710286,0.29716846,0.8165182,0.38478103,0.2540635,0.098124094,0.10357505,0.83888745,0.32027262,0.74237955,0.8523921,0.67009735,0.10063009,0.5234344,0.51901615,0.41843876,0.85791373,0.34461632,0.7330642,0.36527354,0.46332902,0.29079786,0.5972007,0.45874196,0.43479586,0.4569475,0.6996543,0.7628055,0.8455479,0.6727043,0.6198307,0.25861558,0.42801857,0.5687363,0.64608335,0.50836754,0.10500426,0.8597013,0.45278233,0.39716378,0.88564485,0.56865335,0.49914297,0.7185951,0.70633805,0.8151083,0.37643638,0.33296067,0.15748201,0.383921,0.53838503,0.12239076,0.520898,0.8117316,0.65525544,0.81752706,0.5277432,0.6094307,0.50335974,0.4043458,0.22098279,0.38206097,0.7774917,0.7302991,0.5059209,0.71678483,0.7994077,0.81693864,0.20887084,0.5529731,0.8945187,0.5179395,0.9260463,0.29648346,0.38708228,0.5364325,0.5453415,0.6415215,0.19055595,0.9463348,0.6186723,0.4755708,0.4521777,0.6473231,0.6600555,0.443,0.64726365,0.53984374,0.5282471,0.08065767,0.57211816,0.8551666,0.3183154,0.376454,0.82190627,0.7396612,0.13893932,0.7947521,0.7967373
BC2026_Train_0001_S08_20250606_030007_35,0.718373,0.8691758,0.4801445,0.6995782,0.3659104,0.37610257,0.6964271,0.87460834,0.95580655,0.43080187,0.7504667,0.4028809,0.77082115,0.6055092,0.30254948,0.29729784,0.8421036,0.5123279,0.49375182,0.65847754,0.9412589,0.16179483,0.7292035,0.32959896,0.85103154,0.75129235,0.59790564,0.88577783,0.13644956,0.5384106,0.34998792,0.24799556,0.32798773,0.6758339,0.53091043,0.69354165,0.38388807,0.5008143,0.52281207,0.97616273,0.19713639,0.34635457,0.89093447,0.30614337,0.42390057,0.38643378,0.9429136,0.4860054,0.44898164,0.44785964,0.88980395,0.885623,0.8772627,0.16569877,0.88250196,0.3906156,0.41884795,0.35361445,0.27096093,0.9432343,0.9087523,0.94113195,0.89884245,0.91094613,0.93482155,0.8217903,0.7506457,0.84399486,0.28755265,0.18947859,0.3280979,0.05158492,0.26971123,0.86878496,0.4152817,0.22712527,0.07624091,0.36732066,0.78084445,0.33587727,0.3953811,0.06780909,0.63622046,0.70833373,0.37936074,0.46452877,0.7364805,0.47100344,0.31301615,0.26622456,0.74622303,0.76656157,0.78371817,0.13284127,0.3138681,0.37370527,0.70279175,0.12137368,0.48370558,0.5581161,0.1203503,0.4687518,0.46514466,0.9345497,0.9899781,0.50001204,0.45944852,0.9605104,0.40806606,0.4085309,0.59689635,0.89119375,0.8322096,0.58138174,0.7713604,0.16147399,0.8503375,0.51618844,0.053203583,0.37631142,0.3383816,0.5407058,0.33946308,0.47631976,0.9158769,0.6005744,0.67677474,0.5672891,0.28876787,0.15213126,0.26712972,0.553706,0.4520757,0.53261214,0.8392073,0.6823676,0.38472116,0.78899586,0.40837678,0.41079468,0.14844432,0.14048824,0.7876559,0.31713772,0.9293997,0.82166785,0.4006561,0.047338005,0.32861078,0.5052261,0.49260417,0.67345554,0.32468992,0.5860896,0.36188924,0.46788383,0.20397574,0.57202363,0.2623017,0.32062614,0.62363917,0.6137744,0.697658,0.79965234,0.45632526,0.39359486,0.29845253,0.3560949,0.34730023,0.43182805,0.24916431,0.07058108,0.7349087,0.31980428,0.22767,0.8946788,0.4428407,0.5112382,0.5864538,0.65405893,0.7067523,0.49375284,0.33063376,0.29156548,0.2069465,0.3261423,0.03639792,0.34191883,0.57026476,0.73454475,0.7791205,0.57131946,0.6623224,0.39637882,0.2484449,0.26898366,0.24735585,0.58582777,0.6020199,0.5607151,0.4294123,0.604964,0.86022496,0.13374099,0.24849452,0.89142436,0.4938814,0.9740471,0.1757901,0.2823013,0.39287642,0.39109305,0.65338945,0.3548381,0.97372156,0.7000483,0.23786515,0.4106385,0.4127406,0.5652524,0.20643611,0.6996083,0.5040337,0.22059835,0.10553233,0.2771783,0.7717458,0.47103542,0.16635191,0.69699436,0.8668458,0.15288918,0.78304404,0.71193963
BC2026_Train_0001_S08_20250606_030007_40,0.77357644,0.858466,0.419223,0.67984617,0.35422292,0.572222,0.23137459,0.6879643,0.5150888,0.2965131,0.50900614,0.22885941,0.65610886,0.5849783,0.28203574,0.3409199,0.89012176,0.7431016,0.5540705,0.70392346,0.93052596,0.149784,0.77993304,0.30306494,0.9632969,0.6584904,0.20628513,0.90579414,0.29255328,0.4293657,0.58420336,0.35264313,0.41417018,0.4602953,0.44504166,0.38866347,0.113486096,0.55617416,0.6014696,0.96342576,0.39139286,0.268696,0.93561804,0.21167569,0.3664219,0.3449223,0.9164476,0.52316946,0.525273,0.48348108,0.86472064,0.93857193,0.9301969,0.37694854,0.86689585,0.3600915,0.3694167,0.74308145,0.38167688,0.90724856,0.96247524,0.8977804,0.9840016,0.9648753,0.91391015,0.74163,0.5328489,0.91074663,0.2567666,0.37611073,0.32961044,0.18241158,0.23406334,0.52599156,0.21574695,0.19749883,0.09046358,0.21186125,0.80862916,0.30577326,0.42275327,0.20726591,0.59455097,0.68260705,0.45737588,0.4908359,0.60520303,0.35119516,0.27130958,0.18590583,0.70903575,0.5423537,0.6938263,0.10927443,0.5278823,0.23157409,0.46499234,0.22908679,0.3425743,0.27653795,0.17334741,0.38159925,0.43848246,0.9441933,0.94765955,0.37476218,0.39331692,0.93653774,0.26859343,0.3497972,0.5184175,0.81412923,0.8244987,0.47546265,0.45604005,0.22921357,0.73732764,0.31429386,0.068545505,0.183505,0.29509202,0.4043201,0.29237747,0.35800907,0.9078836,0.5861705,0.6674044,0.5545596,0.21920803,0.059014756,0.19099243,0.58017284,0.3817061,0.48739105,0.83395326,0.725944,0.37029064,0.41800484,0.27686527,0.23560113,0.24493757,0.04121797,0.47713235,0.39488772,0.70884514,0.7633699,0.40584502,0.20550893,0.3737166,0.49042684,0.27798882,0.5110681,0.35473645,0.9244658,0.31882778,0.45146585,0.16103683,0.48523247,0.08595975,0.3478606,0.539982,0.39667207,0.6698842,0.7067608,0.4643838,0.48502865,0.2796644,0.34031585,0.33911294,0.4827156,0.29029107,0.09111191,0.5520923,0.3414576,0.2200411,0.831209,0.38657212,0.36380944,0.6016903,0.6176511,0.7342422,0.21965452,0.30587846,0.15387285,0.19184443,0.25794417,0.04158684,0.27242404,0.7747234,0.6494868,0.62344843,0.6258535,0.5091002,0.27253807,0.08235817,0.24105637,0.15904367,0.45769587,0.4681316,0.40881056,0.37001228,0.4601596,0.79063904,0.1363174,0.19943185,0.9543717,0.48238686,0.95818305,0.298578,0.16610226,0.17947409,0.29382184,0.5405171,0.5014514,0.9629126,0.6558101,0.16665149,0.43235368,0.3509529,0.64380026,0.092365,0.47154766,0.226067,0.24678616,0.06402592,0.1643326,0.645496,0.30245152,0.05459459,0.3981832,0.7235069,0.22982685,0.6135483,0.4230748
BC2026_Train_0001_S08_20250606_030007_45,0.81400084,0.8460535,0.5284233,0.77713126,0.34116045,0.38499123,0.17192584,0.82764775,0.9083297,0.20586976,0.24107717,0.3072375,0.8788595,0.5383077,0.19456866,0.45165944,0.8747146,0.66734993,0.57823306,0.7663561,0.8227777,0.39444104,0.791754,0.30400035,0.9821168,0.7130352,0.21031004,0.86308753,0.1828499,0.5895673,0.746569,0.44568577,0.53187394,0.56229377,0.5183979,0.57475615,0.18509537,0.4265061,0.40869114,0.9813349,0.2340599,0.47948283,0.9104519,0.31123495,0.38045055,0.3303371,0.80330765,0.59623533,0.53523016,0.41812843,0.9237944,0.9104618,0.91519964,0.21537334,0.7903849,0.42187926,0.48127294,0.8906284,0.34038273,0.97707504,0.8077474,0.93249357,0.98162305,0.90556943,0.9941533,0.8322549,0.470483,0.8222392,0.29460692,0.5102287,0.39148548,0.37614334,0.47917694,0.65155095,0.23341,0.1621856,0.080303,0.381923,0.50994074,0.282148,0.30036208,0.1381701,0.6876271,0.37466145,0.6568084,0.7326646,0.74159694,0.33211392,0.33477175,0.25369477,0.75857604,0.65597963,0.5684709,0.23360072,0.5517713,0.22316058,0.46918464,0.16590121,0.11675717,0.44816774,0.38500088,0.33080143,0.5790743,0.92895764,0.9620348,0.41530904,0.65763927,0.7825931,0.3117029,0.6284516,0.90962917,0.7453884,0.9242391,0.4810469,0.27490127,0.47201663,0.78454846,0.23613468,0.2540685,0.24068365,0.61637294,0.53200996,0.6100853,0.18643591,0.93489313,0.44492626,0.514246,0.6351311,0.5210382,0.08299501,0.39063257,0.4898856,0.3640018,0.5220467,0.8413669,0.80265874,0.6365125,0.5225722,0.44983384,0.2443009,0.2682729,0.0438413,0.5356009,0.38543707,0.9882349,0.7816389,0.68827504,0.44858333,0.3612075,0.3941913,0.43712783,0.78201187,0.246633,0.96055424,0.43096036,0.7274041,0.31290418,0.7654374,0.1357045,0.56637,0.2523419,0.5255766,0.5863333,0.9492525,0.6259266,0.54485536,0.15253726,0.51419586,0.6145625,0.59388876,0.574177,0.18084407,0.6264174,0.45514208,0.12727958,0.8241503,0.62342495,0.5524919,0.8121688,0.60351765,0.7510256,0.3414985,0.54637146,0.14781415,0.57051253,0.31960177,0.16661191,0.49032208,0.7784724,0.5671681,0.6377748,0.7705395,0.67270035,0.43370873,0.19416054,0.25602615,0.18850276,0.41560963,0.56066835,0.24260432,0.59701693,0.75599444,0.59892726,0.23495749,0.52548915,0.95653135,0.49212208,0.9059683,0.18123174,0.15121758,0.23426831,0.5934075,0.3403868,0.3287311,0.9530442,0.7284725,0.45084277,0.5450415,0.60106945,0.59898937,0.2168645,0.54531944,0.07700741,0.47812936,0.17167209,0.19547282,0.7504103,0.43493372,0.15925616,0.5117891,0.65634584,0.21231776,0.66344345,0.6449629
BC2026_Train_0001_S08_20250606_030007_50,0.7908904,0.8805962,0.29060066,0.7963573,0.3470729,0.4858508,0.41435,0.77862227,0.980585,0.3184243,0.41285384,0.18356407,0.8710259,0.53025675,0.22957167,0.27438968,0.8947307,0.26105708,0.5433232,0.5638539,0.7926736,0.20748225,0.44141093,0.29374588,0.90399736,0.6034095,0.21440615,0.8636098,0.13767047,0.5115336,0.7573184,0.4006453,0.36723417,0.7090167,0.5549729,0.35550687,0.28405744,0.52184737,0.3201392,0.9896363,0.2320911,0.3412454,0.9805045,0.27945134,0.3889717,0.35459894,0.79257566,0.5944122,0.49708444,0.43355504,0.98271096,0.97976434,0.9746078,0.13882923,0.82986146,0.40908912,0.46779794,0.49154884,0.1676296,0.9031575,0.6821087,0.9748452,0.9130021,0.9799496,0.8103158,0.7862992,0.34142846,0.82842803,0.44908357,0.39855546,0.35367292,0.13346025,0.36952808,0.81639594,0.35636398,0.27453488,0.25374585,0.23297517,0.53328365,0.29288083,0.41096297,0.0660045,0.6311337,0.50161296,0.45990762,0.6965966,0.5148567,0.45795125,0.5100192,0.2439586,0.6565559,0.77505785,0.6579537,0.2058182,0.3036613,0.59081906,0.6413547,0.10080473,0.18569818,0.6400223,0.24849874,0.34579593,0.68408334,0.9251729,0.9598162,0.49588063,0.5992981,0.86979353,0.2218002,0.54853535,0.87121415,0.8317533,0.7458543,0.5661624,0.51502657,0.3142355,0.60093224,0.28374016,0.17471416,0.3310979,0.5316452,0.5159998,0.53942704,0.3132656,0.9591632,0.56166804,0.7639425,0.6338413,0.45240182,0.13952874,0.42096144,0.4623814,0.5334145,0.5252604,0.81078523,0.544667,0.4859811,0.7501101,0.41800418,0.36197677,0.16729316,0.08023481,0.6501583,0.37283456,0.93938905,0.7861829,0.5506908,0.23531193,0.28199038,0.6029069,0.43230638,0.8325413,0.19986011,0.7680564,0.3918707,0.62699914,0.26008508,0.6957884,0.3920875,0.37458026,0.08959903,0.371028,0.77547306,0.8781015,0.5826774,0.62807536,0.29880315,0.37124914,0.56333137,0.5674761,0.53276527,0.077284664,0.7448368,0.61558694,0.09974058,0.8944463,0.49192858,0.5552641,0.6985139,0.66737926,0.55069506,0.56031466,0.38668233,0.20631985,0.48875046,0.44778305,0.13287081,0.3720538,0.6275432,0.68513465,0.49353406,0.68342423,0.68994474,0.51546454,0.20464382,0.31660622,0.2618931,0.5950663,0.55131984,0.5205883,0.55011064,0.763698,0.783168,0.31471348,0.5062374,0.8944535,0.4985339,0.9452906,0.15463465,0.2707234,0.23175374,0.5867007,0.22864957,0.49100086,0.9868853,0.6731175,0.34701842,0.6032125,0.42685777,0.5426745,0.35314476,0.44819966,0.14597309,0.26725948,0.13683641,0.24738102,0.60314447,0.26171225,0.13878717,0.5292829,0.7564155,0.29825306,0.587963,0.8642938
BC2026_Train_0001_S08_20250606_030007_55,0.8741438,0.919071,0.38644814,0.8458707,0.3379979,0.6197282,0.220414,0.8632882,0.5503482,0.24304628,0.46189177,0.27707034,0.86519206,0.5762793,0.33541,0.3657372,0.84280604,0.3826319,0.50079787,0.5472468,0.9090605,0.12572469,0.4685507,0.27575862,0.9033257,0.6967508,0.42620528,0.90650076,0.35780644,0.5087482,0.6337746,0.26856893,0.38994372,0.75693166,0.56968534,0.41128206,0.49425268,0.6552477,0.37506282,0.9947411,0.2434191,0.21627514,0.9816867,0.42527795,0.36487037,0.34141624,0.9497078,0.5317241,0.5775832,0.50928557,0.9922935,0.9870199,0.983983,0.1391845,0.91057086,0.45088544,0.43287292,0.32448232,0.3955583,0.87247366,0.79423296,0.9800341,0.8207873,0.88590276,0.7652972,0.76919115,0.31990966,0.8818022,0.5763705,0.5381005,0.32906044,0.27207538,0.44232148,0.5753561,0.21026073,0.08257359,0.20423023,0.23845403,0.6862456,0.3386167,0.38274574,0.14647809,0.58610034,0.6796574,0.335698,0.6152812,0.5494472,0.4010872,0.46901178,0.24279891,0.6110928,0.8492529,0.63619804,0.16732982,0.20290004,0.64608335,0.7188114,0.049010906,0.4025783,0.43923953,0.23537585,0.29860288,0.5332811,0.9503405,0.9228793,0.4437639,0.75794166,0.93988174,0.3371899,0.4944215,0.84242785,0.84994006,0.8850819,0.56787235,0.46215948,0.21577036,0.765594,0.29651,0.18825151,0.3276157,0.3191064,0.43615413,0.39494374,0.46372053,0.9271896,0.68147624,0.81230456,0.645219,0.33009905,0.078320846,0.4283267,0.5274726,0.42613828,0.59508955,0.78215134,0.6907812,0.2073711,0.46790826,0.38933265,0.25480887,0.07040018,0.10565138,0.5795896,0.38031328,0.71394986,0.86190015,0.5074772,0.23009694,0.1858904,0.47121868,0.39359635,0.68067396,0.20753135,0.8494949,0.235129,0.6128523,0.17172493,0.56058073,0.238264,0.34161425,0.10531685,0.35317913,0.7143549,0.7429588,0.6346268,0.28730407,0.3220083,0.3669983,0.5951555,0.5714232,0.69207084,0.08195884,0.5650454,0.5298841,0.19388983,0.95027006,0.58201575,0.54803824,0.60088885,0.71675295,0.53547233,0.50017166,0.2712955,0.23381133,0.18290116,0.38187143,0.2327156,0.5087156,0.49683908,0.697962,0.6570712,0.6858984,0.68964714,0.31692225,0.12068041,0.250025,0.2513851,0.6388674,0.64233434,0.5202333,0.5092847,0.36899394,0.83218265,0.40867838,0.36972272,0.9439939,0.49426195,0.9771991,0.27260113,0.16987877,0.27368516,0.41710705,0.42128867,0.5374041,0.9342771,0.7723478,0.22931226,0.45888138,0.22882524,0.5249944,0.23586033,0.630328,0.3779791,0.07696767,0.068594575,0.38106993,0.6534598,0.2670313,0.12028575,0.53108764,0.7722798,0.29772753,0.4262201,0.7882941
BC2026_Train_0001_S08_20250606_030007_60,0.8703685,0.9777702,0.9175854,0.84416217,0.3693479,0.9086375,0.29412252,0.8008163,0.8108358,0.17128833,0.3821284,0.8843521,0.93160623,0.89808965,0.39430624,0.41711867,0.8477807,0.8092542,0.71999645,0.7390473,0.94092906,0.55876535,0.6800156,0.44088483,0.98743546,0.8762208,0.49373078,0.9915,0.9748053,0.9190521,0.73453015,0.5718745,0.4829203,0.7963587,0.6735667,0.8779694,0.2563919,0.41356075,0.71996015,0.95044965,0.23620659,0.47786552,0.8952445,0.69639605,0.31808147,0.34422106,0.79134697,0.53312653,0.58038795,0.425421,0.92756987,0.91108793,0.90362865,0.38673338,0.9089151,0.35853145,0.5740167,0.95062244,0.94333327,0.9106176,0.88968253,0.99787503,0.78443223,0.99223316,0.9841969,0.7770542,0.5027173,0.95678973,0.5181096,0.7903625,0.4006291,0.81882286,0.528375,0.46115854,0.3185415,0.042963833,0.040664,0.5311565,0.7418295,0.36563691,0.2609725,0.11066459,0.6623883,0.50770307,0.3874838,0.34268814,0.8888416,0.25596792,0.47271854,0.1582817,0.65667915,0.97010213,0.42923748,0.18177164,0.33123288,0.19675207,0.7692028,0.06920158,0.12823585,0.24997875,0.39585352,0.2781009,0.2821537,0.90856177,0.9348833,0.47007293,0.63475966,0.7995605,0.06865291,0.24843626,0.47588685,0.71382457,0.7589389,0.1939576,0.4142932,0.2509786,0.83791196,0.27646896,0.2792365,0.1648544,0.5835907,0.46498108,0.17977926,0.347988,0.9604346,0.7978875,0.8159608,0.64274424,0.5012158,0.17433105,0.8629104,0.41008487,0.41026056,0.3257006,0.32083586,0.87994814,0.3966051,0.23577401,0.5570433,0.43906882,0.09789066,0.048593752,0.46276584,0.21179026,0.9510509,0.9229704,0.44191852,0.06852791,0.16915606,0.18397915,0.22064258,0.7656867,0.49822208,0.5789938,0.227469,0.36681658,0.21232566,0.3995325,0.057245247,0.6204501,0.6999909,0.57294905,0.40566212,0.35929662,0.56439394,0.4042351,0.3540033,0.23945609,0.296475,0.6009866,0.54669905,0.106529586,0.33275968,0.40120006,0.17843084,0.99575,0.6593769,0.536965,0.20487809,0.9480771,0.25968015,0.23211569,0.37467954,0.16695935,0.26427215,0.058818415,0.17228085,0.38707712,0.34522685,0.6709165,0.58330446,0.70672643,0.87906677,0.25024176,0.3356524,0.1619525,0.28707957,0.6277942,0.6844208,0.22140701,0.15792893,0.26192716,0.7115836,0.20278585,0.11773277,0.8578321,0.50699824,0.97594905,0.21590917,0.2946475,0.5368674,0.42463225,0.56131417,0.14386114,0.89630896,0.6048045,0.05349125,0.3901438,0.080125496,0.5132028,0.3783196,0.428648,0.40114835,0.1561754,0.15346307,0.4990683,0.43196958,0.3555416,0.2916275,0.6208731,0.652974,0.47235623,0.26552308,0.3652632
BC2026_Train_0002_S08_20250607_030007_5,0.7315959,0.6556897,0.72724295,0.87348247,0.30004787,0.50115776,0.20786515,0.790973,0.2897619,0.039877363,0.6892314,0.605162,0.51706755,0.7388368,0.12335709,0.3585536,0.99716663,0.15342458,0.72375125,0.24778733,0.6169712,0.59063256,0.4911787,0.4730518,0.94042575,0.9662812,0.3612632,0.7386326,0.12447402,0.74445915,0.9418607,0.5403044,0.16209128,0.6371261,0.4009041,0.81587845,0.6507348,0.5178486,0.28405124,0.36810422,0.19335145,0.118041396,0.9779274,0.46080068,0.3597437,0.32514817,0.31930876,0.49883747,0.46265513,0.43853357,0.8473226,0.9683843,0.9706986,0.09636506,0.82793117,0.45340133,0.30754164,0.29798442,0.5222212,0.77128404,0.53411174,0.87345916,0.8271685,0.9621341,0.76233035,0.7873756,0.30925766,0.6268915,0.070957586,0.6679182,0.45734793,0.10837859,0.120367914,0.37255335,0.15613711,0.2292022,0.31885582,0.23575126,0.09298867,0.2654425,0.35797867,0.21764417,0.5551928,0.52033603,0.2129434,0.57842994,0.73333037,0.5419059,0.1817339,0.48180008,0.39578873,0.24317124,0.44358534,0.03615386,0.109036446,0.36838162,0.33454952,0.17396313,0.1920095,0.6092558,0.66196984,0.5777303,0.30222708,0.77548,0.83052474,0.16937333,0.61204624,0.39332542,0.15063658,0.36448416,0.8245516,0.58526194,0.62051415,0.2285625,0.69468653,0.31039166,0.65249676,0.32649663,0.20212793,0.39530402,0.52786463,0.33771324,0.697417,0.15103433,0.8685079,0.2492371,0.4018228,0.26182082,0.061218753,0.085051924,0.37780002,0.28049454,0.23901719,0.33727583,0.26263332,0.47966748,0.44292122,0.3201233,0.5260396,0.80959314,0.03016592,0.2649337,0.5968945,0.10825942,0.8841649,0.4309517,0.4606563,0.08674909,0.3955655,0.05154192,0.3255713,0.3579521,0.14927535,0.32124,0.056958918,0.4394741,0.016977418,0.5618581,0.25481844,0.6742296,0.5473609,0.5602869,0.3698143,0.75089586,0.5529654,0.6483286,0.16336042,0.113486685,0.76716983,0.5705887,0.05111417,0.45780042,0.65586394,0.54663527,0.33062932,0.59505695,0.8444084,0.47579634,0.3632154,0.67355394,0.6830586,0.22375748,0.6932137,0.21152526,0.18989034,0.36236405,0.48123252,0.8020333,0.3801465,0.5866653,0.52698666,0.25073373,0.13480401,0.5209347,0.3059066,0.15816191,0.3269032,0.51028025,0.33200952,0.4616583,0.69386,0.6901983,0.66280925,0.33319044,0.4962625,0.56653535,0.52738523,0.86219585,0.033319168,0.29893538,0.4113364,0.14145026,0.46855837,0.705126,0.90350854,0.56898296,0.22277376,0.554675,0.6914925,0.54872704,0.6811,0.89838386,0.6319479,0.1397996,0.4728737,0.44827014,0.78142405,0.04756459,0.22239083,0.33856925,0.6919333,0.22360697,0.10985459,0.9548539
BC2026_Train_0002_S08_20250607_030007_10,0.8262804,0.8283416,0.76739067,0.75317675,0.3077479,0.6573827,0.2523507,0.7510444,0.5366289,0.120477125,0.7108856,0.7819263,0.5549842,0.8236978,0.20231237,0.31906116,0.97680765,0.37421668,0.5876931,0.4426656,0.85590154,0.32895243,0.7112999,0.15126748,0.89696586,0.93710506,0.56922233,0.8310696,0.51416767,0.7838793,0.92965424,0.32340384,0.37774602,0.45962238,0.37264797,0.5350282,0.20227267,0.6180295,0.73693866,0.742962,0.3770368,0.26599324,0.9765753,0.4043583,0.4178541,0.39709216,0.48285303,0.4520669,0.48881024,0.47969458,0.9416741,0.97884846,0.98498344,0.36676422,0.94650126,0.4128078,0.32493547,0.60461116,0.61464,0.7885316,0.7505734,0.94857293,0.56973815,0.9770458,0.7889439,0.37825984,0.6551054,0.57796043,0.077400096,0.7861828,0.4529479,0.43829906,0.30378994,0.25976583,0.37099648,0.29074267,0.14957833,0.12325525,0.10542869,0.44006404,0.4394592,0.15634668,0.6155591,0.45991927,0.35799417,0.8137869,0.6365404,0.41261536,0.15330492,0.33280456,0.18266128,0.37192878,0.5776061,0.11539702,0.20678559,0.43599543,0.15166625,0.11227165,0.22914651,0.47414735,0.6714458,0.4663191,0.30567408,0.78860766,0.8852568,0.091792084,0.73286307,0.5295419,0.059525333,0.44174448,0.7138444,0.58286303,0.45970097,0.32067126,0.6110248,0.24543642,0.58370864,0.18673219,0.4266733,0.38168028,0.4418039,0.21475852,0.72941935,0.42536557,0.8685583,0.36641207,0.49035832,0.5601146,0.12925225,0.100586414,0.37591454,0.2994551,0.31906042,0.35944033,0.32565957,0.60534954,0.126129,0.32752234,0.24712808,0.52102995,0.14466642,0.22565445,0.6068188,0.26732844,0.8978597,0.49358338,0.60320693,0.17701557,0.5695597,0.1557129,0.38868058,0.55692434,0.2119071,0.3313315,0.10485042,0.19012609,0.05389666,0.8089924,0.17238143,0.5880498,0.16694586,0.50927365,0.39435983,0.77345484,0.6767324,0.83177924,0.09812042,0.10765642,0.6087561,0.6821263,0.06541667,0.2843784,0.7326221,0.32038984,0.2443451,0.6470171,0.74119383,0.48431912,0.30551642,0.623202,0.795675,0.206047,0.55787796,0.34569526,0.13951458,0.3746873,0.7564265,0.6816039,0.4623238,0.4738273,0.3503319,0.24851999,0.1491065,0.42118174,0.1888736,0.17856291,0.20306042,0.62098753,0.33573425,0.3300041,0.70351374,0.2995748,0.71604484,0.2428914,0.29320127,0.61896396,0.49239126,0.79203165,0.09557093,0.42704165,0.31666994,0.41448098,0.6883104,0.6574869,0.8822957,0.44285864,0.11686449,0.50435925,0.46520418,0.44634306,0.45276204,0.63054633,0.35890985,0.2344336,0.16691676,0.482508,0.7009158,0.13286358,0.30568337,0.2777652,0.5567564,0.4238798,0.17402984,0.9314828
BC2026_Train_0002_S08_20250607_030007_15,0.85999364,0.6877967,0.41276035,0.8008251,0.31916046,0.65480304,0.37744084,0.4364779,0.4541069,0.17449953,0.68369097,0.54564905,0.7163346,0.7945939,0.32004642,0.42568624,0.97647744,0.30003288,0.63404655,0.62195414,0.9157469,0.25469598,0.6305857,0.21002151,0.9873887,0.95227957,0.4855406,0.65731657,0.3677364,0.68610656,0.9420761,0.34792343,0.31765756,0.55559796,0.3510604,0.4531901,0.38801152,0.6495866,0.7815418,0.66104126,0.4425367,0.30971184,0.9094578,0.60936517,0.44182137,0.43004894,0.5221913,0.4527681,0.45501196,0.51293176,0.904353,0.9516883,0.9562043,0.2998135,0.9372282,0.4195764,0.3421229,0.1770147,0.259409,0.7816978,0.5274668,0.8707984,0.5542917,0.94892764,0.65094626,0.21274365,0.47466332,0.72007024,0.14956567,0.7787469,0.4525354,0.54087996,0.16561967,0.24967793,0.33458924,0.2846561,0.07473084,0.2749021,0.29543298,0.45050696,0.49196362,0.3688717,0.52937853,0.57953054,0.44608155,0.7488397,0.5894776,0.6535797,0.33729613,0.45831162,0.13705233,0.57396877,0.6702855,0.10938063,0.29150462,0.47251308,0.21845093,0.18456766,0.35883817,0.3331834,0.9703249,0.32298025,0.49520636,0.84842896,0.8384324,0.12507266,0.8892497,0.4608149,0.14610559,0.66320515,0.72790414,0.46754122,0.63524616,0.47998935,0.6530864,0.39026174,0.46219808,0.14151433,0.20196636,0.4655786,0.3946759,0.16395636,0.6693957,0.40376213,0.8016468,0.40024784,0.511824,0.43553782,0.12557042,0.13280958,0.23471057,0.24785319,0.5299755,0.37937427,0.49487364,0.47697106,0.0538845,0.3544018,0.34800562,0.41072845,0.09365192,0.29279894,0.5186664,0.22047007,0.9093641,0.63341105,0.71959376,0.18041569,0.32248616,0.10374784,0.4051171,0.7345729,0.37010592,0.41383776,0.16692808,0.2622949,0.081066,0.9037833,0.20435506,0.5912915,0.4037668,0.72006667,0.43800116,0.7509275,0.697288,0.6054632,0.14608091,0.14942807,0.7981165,0.7126875,0.16482425,0.33465827,0.63395417,0.512354,0.43733048,0.7118918,0.707456,0.623911,0.50569564,0.6081022,0.75754875,0.2518726,0.67372537,0.6594899,0.45630902,0.3830729,0.66868335,0.5529121,0.7783261,0.4979952,0.26477274,0.38689798,0.25260082,0.5181569,0.38222268,0.34284508,0.24470516,0.6040659,0.30143362,0.39767045,0.81053966,0.31514022,0.72922707,0.35923776,0.35681826,0.62424254,0.43345332,0.8221432,0.15590581,0.23113325,0.33905333,0.44393253,0.6225256,0.4883246,0.87726194,0.5062902,0.27134866,0.3928715,0.48287302,0.47160614,0.59323424,0.8554723,0.37513235,0.31913656,0.25612658,0.61438453,0.9116438,0.113532834,0.27365214,0.46521217,0.43150645,0.56846035,0.3569764,0.9336423
BC2026_Train_0002_S08_20250607_030007_20,0.8872931,0.67318094,0.35035574,0.60656095,0.3063729,0.6913859,0.24593374,0.3015557,0.80609155,0.0800343,0.7166235,0.5098288,0.4929717,0.6265724,0.23801774,0.47379878,0.9331335,0.22790729,0.536091,0.4333421,0.91178274,0.16714069,0.46214995,0.16293266,0.8803799,0.92929924,0.47192731,0.7333112,0.10363674,0.7489539,0.9896508,0.5156745,0.19889046,0.33258852,0.36852297,0.706656,0.5627606,0.5460934,0.5016271,0.35049903,0.31961578,0.527092,0.853415,0.6961049,0.49103075,0.45879853,0.33666867,0.417287,0.4373415,0.54490685,0.8534341,0.8560518,0.859237,0.1274699,0.93520653,0.4272799,0.3224604,0.4520621,0.2275001,0.89376533,0.36493984,0.8774074,0.41750506,0.89828044,0.5449031,0.14748642,0.33642402,0.7011488,0.13908233,0.8369571,0.41706043,0.40848175,0.25747102,0.34820494,0.30687487,0.4437089,0.285851,0.22542693,0.10567385,0.33685204,0.42885327,0.4938407,0.6058229,0.44364253,0.4015053,0.7672357,0.52733475,0.57237566,0.23375383,0.47110614,0.3405341,0.28122893,0.5668081,0.08955167,0.084696606,0.45897573,0.4226926,0.16842344,0.34314123,0.35054225,0.9909224,0.45419413,0.401271,0.8088793,0.7540922,0.14067984,0.8281348,0.54723895,0.10271375,0.5414994,0.7506191,0.2412465,0.51158035,0.48949736,0.6986625,0.5065426,0.36489263,0.185438,0.23657793,0.42245194,0.43909726,0.18791193,0.7478153,0.46816245,0.75526595,0.3674044,0.42824346,0.44216377,0.26813415,0.08920867,0.31815922,0.42646334,0.5817819,0.29655796,0.61222327,0.756544,0.20585084,0.553752,0.49596474,0.5968834,0.15356241,0.23192963,0.4885252,0.20212024,0.72421,0.46867156,0.5318165,0.20640525,0.09599914,0.042065583,0.55885845,0.42924958,0.31083274,0.28250122,0.06033933,0.23989445,0.257146,0.82059497,0.2071596,0.5521695,0.2078309,0.5558249,0.39306998,0.6552592,0.52173346,0.72411656,0.14508101,0.27899426,0.8883635,0.65103,0.1234651,0.6138125,0.7745943,0.57538354,0.4328708,0.6901361,0.7427769,0.85381484,0.33235866,0.4445897,0.3554787,0.12098901,0.7811188,0.67947185,0.52294147,0.5331975,0.63543075,0.5021794,0.8117417,0.4381998,0.3214475,0.23188822,0.26196167,0.64911807,0.3682034,0.32154238,0.2868318,0.5503366,0.31133717,0.49950418,0.61841846,0.6979167,0.6859655,0.4227479,0.41048244,0.3887126,0.44717523,0.7188332,0.108300336,0.19403899,0.43957257,0.4400012,0.26637188,0.77561665,0.83233154,0.46234646,0.34164456,0.4487028,0.73812914,0.49277264,0.4144969,0.94261724,0.28459555,0.34759578,0.45022288,0.51689655,0.88321733,0.11126776,0.1797885,0.68185633,0.46832162,0.4349643,0.23153126,0.94192564
BC2026_Train_0002_S08_20250607_030007_25,0.9075991,0.70402,0.13746816,0.8412192,0.31036043,0.62057525,0.45379978,0.54563355,0.7187258,0.10461046,0.5665252,0.29592425,0.51608217,0.7160146,0.20318209,0.51965016,0.83302355,0.159551,0.6871233,0.4772259,0.87752694,0.6982013,0.6686067,0.40737772,0.84359545,0.83408827,0.53738403,0.6490409,0.056705877,0.58874804,0.97931975,0.53090703,0.438606,0.5973835,0.47962293,0.7582128,0.31335256,0.50409144,0.6595433,0.7034845,0.51264876,0.6113514,0.8699558,0.75456965,0.49713156,0.4530486,0.4898237,0.3944276,0.52078533,0.5715528,0.8943601,0.8662652,0.8767279,0.25095972,0.97479475,0.3481209,0.4041354,0.8787917,0.3224863,0.9248042,0.33196434,0.7410044,0.4063137,0.832768,0.5252992,0.57191455,0.543206,0.82980764,0.053774837,0.5728707,0.4745354,0.49540505,0.41615665,0.5851146,0.14159149,0.42192864,0.40371203,0.11929109,0.046861168,0.5217333,0.41589576,0.18019676,0.6642016,0.5382736,0.40063557,0.83518755,0.69081223,0.5773474,0.2294751,0.30649322,0.3559986,0.2532845,0.540549,0.12324807,0.053253856,0.48015156,0.4312083,0.28661442,0.3343727,0.34800306,0.6667087,0.4864949,0.64316666,0.82571757,0.72871673,0.250008,0.53629506,0.34135705,0.104493685,0.49389392,0.70414853,0.2983026,0.6478357,0.3954461,0.50144863,0.26403323,0.41278803,0.31513727,0.4374087,0.52262706,0.67907655,0.30460566,0.6423242,0.47463357,0.82930136,0.39322641,0.20134422,0.50566626,0.5378346,0.12310949,0.16163485,0.316084,0.5600462,0.20483685,0.4796496,0.8145273,0.53506875,0.51271987,0.31643543,0.73065907,0.33692586,0.2270037,0.3638305,0.36316073,0.99524695,0.25952333,0.40092912,0.19074877,0.053849462,0.12631136,0.5208632,0.17360124,0.19066626,0.34821272,0.06307875,0.19217877,0.1013069,0.7459148,0.11987692,0.7332292,0.33260006,0.31916943,0.50484765,0.6579335,0.42058647,0.9130626,0.20435417,0.52878124,0.77658254,0.56129766,0.10960559,0.52501523,0.6337203,0.3560542,0.632425,0.59963655,0.508489,0.9089938,0.34380153,0.34839347,0.42040992,0.2690519,0.7718602,0.28687584,0.88410217,0.5398189,0.4821916,0.4368475,0.7466997,0.4326963,0.33684558,0.40380883,0.3229586,0.65587914,0.26686108,0.10259618,0.16141135,0.5846947,0.3155509,0.4192011,0.49926144,0.6047715,0.56395257,0.30544347,0.4500698,0.34259427,0.5090714,0.7471807,0.089259505,0.10716882,0.5702846,0.6445328,0.21603027,0.76872194,0.9016477,0.54403096,0.21388009,0.48057097,0.725245,0.4669482,0.36636922,0.88302946,0.110185,0.47155583,0.3002827,0.47850817,0.7281458,0.24322882,0.19652575,0.5141697,0.50099444,0.46671316,0.27945137,0.95388323
BC2026_Train_0002_S08_20250607_030007_30,0.85071045,0.722265,0.13795334,0.8964136,0.3223229,0.41628638,0.4885128,0.44423133,0.7813909,0.15338045,0.74711585,0.43164176,0.61929417,0.7620404,0.32256532,0.55673,0.86254764,0.31522274,0.6769091,0.2256541,0.9604501,0.37422827,0.60237676,0.18802615,0.9343319,0.880469,0.5104139,0.63978225,0.09739266,0.53923184,0.96113086,0.57622546,0.4541312,0.7710146,0.46628547,0.75322515,0.35606068,0.6528876,0.6780771,0.77158666,0.46637872,0.7300944,0.8705226,0.5555596,0.4526932,0.42710394,0.475681,0.3944276,0.5956744,0.5601932,0.97763735,0.8746318,0.87854177,0.24421103,0.99038994,0.2873702,0.41238543,0.65496796,0.10808401,0.7966847,0.2965097,0.7721083,0.64168805,0.8510319,0.5122338,0.36478773,0.4211679,0.85830724,0.08124167,0.594774,0.48017293,0.5188055,0.5954479,0.37479764,0.09390771,0.29644632,0.23170166,0.2192413,0.12155841,0.4242326,0.5325756,0.19324401,0.5822381,0.63977575,0.356067,0.7375271,0.5802593,0.54030406,0.37883538,0.50324273,0.15652144,0.49350002,0.51727116,0.099333584,0.037026353,0.51486456,0.24639209,0.2746254,0.62542707,0.47962946,0.7607787,0.5551132,0.5463184,0.84385717,0.79608756,0.24062684,0.7038847,0.50964844,0.33330303,0.6083163,0.85737085,0.45284864,0.6434432,0.49130958,0.6186336,0.3948486,0.5379728,0.1741625,0.16873151,0.49729955,0.5441637,0.3381995,0.5880077,0.5197897,0.8396792,0.6800437,0.27201986,0.5788969,0.59245443,0.16330141,0.27019876,0.5462731,0.46025956,0.20344475,0.5871146,0.55928826,0.49913526,0.58547294,0.4400524,0.7562475,0.21621993,0.40477452,0.44494897,0.49862084,0.7159324,0.48891246,0.44268382,0.21240208,0.11111306,0.18493958,0.5475829,0.33149445,0.30693364,0.43086168,0.19825687,0.46650672,0.13025126,0.8661711,0.24687392,0.5586482,0.4024162,0.4425977,0.5864563,0.8550667,0.49910057,0.72809327,0.2028395,0.3409743,0.9219104,0.65087014,0.35058334,0.33617294,0.8060125,0.5024418,0.47641724,0.77654576,0.65188503,0.80994874,0.4944813,0.4196334,0.7899451,0.43517664,0.6816537,0.37737146,0.64322567,0.4819177,0.345082,0.32517534,0.61516637,0.5251274,0.3727994,0.55247915,0.3454646,0.6464842,0.39444584,0.16963468,0.20481074,0.6762314,0.35597518,0.25562143,0.65619946,0.41022572,0.6269897,0.28788763,0.4889594,0.65488726,0.49196723,0.64644283,0.18800208,0.19993035,0.28135234,0.72270423,0.36238328,0.37221327,0.89733416,0.55567944,0.19089976,0.44986254,0.7411296,0.48021972,0.5742654,0.9451893,0.16965835,0.61343753,0.25058267,0.48562208,0.8819099,0.23587278,0.13347282,0.62592554,0.66519433,0.41836047,0.31479228,0.9686454
BC2026_Train_0002_S08_20250607_030007_35,0.9260354,0.7179932,0.13892534,0.67627543,0.34569797,0.581963,0.3018709,0.546566,0.5128246,0.096983,0.71027195,0.54286003,0.3581158,0.73326343,0.2233251,0.5573879,0.8932316,0.19345184,0.5296719,0.23606418,0.9164366,0.21898964,0.6048337,0.32777947,0.9205067,0.9526346,0.3125198,0.7445013,0.049160108,0.56324136,0.97126245,0.47625542,0.28135556,0.6443432,0.3406104,0.63097215,0.38450852,0.78162605,0.6542802,0.5725368,0.5383961,0.43495455,0.8921124,0.451518,0.42943072,0.43692076,0.43728513,0.3839095,0.49456015,0.5911866,0.90509325,0.8920673,0.89158684,0.29701924,0.9754732,0.4899393,0.3378604,0.24446885,0.09893091,0.8554431,0.38406128,0.7828412,0.65505654,0.80988574,0.7300274,0.42493218,0.18898101,0.8670682,0.22730418,0.64104927,0.46752292,0.3922661,0.28935164,0.21676943,0.039806362,0.29167753,0.24549176,0.12018551,0.16859658,0.39905983,0.39857513,0.35940075,0.5167357,0.52947986,0.30577636,0.6788583,0.5055773,0.6822337,0.1995631,0.45379716,0.29156175,0.275685,0.59024894,0.054045744,0.04216139,0.4755424,0.36594594,0.2911315,0.5528086,0.3855781,0.6233629,0.62131476,0.19631308,0.79118985,0.8636916,0.13381325,0.66075814,0.61581707,0.30244863,0.33499596,0.6873495,0.47215462,0.3560512,0.33311075,0.450482,0.3426617,0.66380256,0.32786667,0.048575833,0.40544,0.47814983,0.124442175,0.69869274,0.47872797,0.85228163,0.5957734,0.34721476,0.33370537,0.18949135,0.16272156,0.2788946,0.617994,0.54976887,0.29279396,0.41947064,0.5552945,0.24429916,0.5171288,0.28965968,0.48827988,0.054162417,0.16526498,0.43863755,0.22414109,0.764414,0.6844584,0.34061575,0.152839,0.12622452,0.13027552,0.62902415,0.40830627,0.2840404,0.37058863,0.10543026,0.3734573,0.20731585,0.6676906,0.36998892,0.577979,0.21107782,0.6065419,0.5708244,0.75594574,0.7449913,0.6143056,0.12815933,0.20746894,0.69771326,0.44713563,0.14035451,0.40817875,0.7084713,0.49496317,0.44880772,0.7452575,0.6693215,0.5796248,0.5959834,0.5123184,0.39698896,0.17971668,0.66578937,0.697172,0.5425309,0.36441174,0.49769655,0.34769517,0.36669594,0.46905085,0.15641767,0.34342456,0.23023316,0.3548342,0.1750995,0.45071462,0.16595533,0.5940353,0.34752446,0.31836864,0.4930491,0.4265271,0.56823134,0.1404545,0.29068667,0.5685539,0.473638,0.6922842,0.050704837,0.24928293,0.21620817,0.42996883,0.62971306,0.23923025,0.84430635,0.4758379,0.22474308,0.51077294,0.65000963,0.46448815,0.35658336,0.92754054,0.43653288,0.46076554,0.3488881,0.30991107,0.43692648,0.29750562,0.18136828,0.5047592,0.69596046,0.26240212,0.14520809,0.9231994
BC2026_Train_0002_S08_20250607_030007_40,0.8762053,0.67899823,0.40803832,0.63814795,0.3593104,0.58508694,0.50176454,0.6708812,0.83620167,0.056793954,0.5807257,0.5052183,0.4203565,0.8809384,0.22335792,0.5382234,0.89503604,0.29472148,0.6755892,0.37385914,0.84354854,0.3299428,0.6254543,0.51148623,0.97131836,0.9022247,0.41597056,0.7837912,0.21514735,0.60585254,0.94712675,0.40686646,0.5644916,0.8028915,0.38777292,0.5886668,0.1309941,0.5989697,0.30706164,0.74703056,0.40067774,0.6142843,0.86899126,0.62401485,0.38036346,0.3634342,0.33861336,0.50423676,0.4530486,0.49708444,0.96821624,0.85852635,0.8542823,0.3923385,0.8849622,0.33331093,0.37306044,0.6937446,0.34888047,0.8375867,0.38970914,0.7603756,0.7204929,0.8269306,0.8540291,0.24347648,0.22746931,0.8077299,0.08778225,0.6887671,0.47439796,0.62080514,0.19408642,0.28651014,0.18786234,0.21664235,0.17484085,0.1627076,0.3614927,0.2787089,0.50068545,0.6718647,0.6663612,0.28200942,0.47496006,0.705916,0.90101117,0.59158385,0.1609509,0.5498667,0.5096667,0.34035203,0.5665909,0.03494253,0.08409995,0.42684236,0.29725933,0.4271258,0.33501077,0.35769877,0.54545575,0.76014245,0.1323115,0.7710764,0.79051787,0.12801225,0.5495604,0.46758682,0.19970468,0.19785352,0.74933255,0.4062758,0.5139102,0.22137353,0.50866055,0.15888709,0.69780564,0.20130226,0.088412754,0.28677112,0.38864252,0.13356242,0.55199337,0.28498664,0.8516367,0.36834356,0.3245572,0.37377793,0.19193934,0.10093383,0.28946632,0.5684241,0.6322788,0.50275,0.3978284,0.43325365,0.17395008,0.29890832,0.39235693,0.4972102,0.11027608,0.12040416,0.43962985,0.26592034,0.51823705,0.49078214,0.33267343,0.096370324,0.14786294,0.0756765,0.67089385,0.44856325,0.489641,0.44667792,0.1549426,0.44568792,0.21114984,0.6601173,0.20784168,0.7127276,0.44626135,0.5851166,0.43397188,0.8202886,0.78092927,0.89787376,0.18919994,0.19773601,0.6995335,0.48571825,0.051712,0.3739804,0.66161627,0.43913943,0.34380633,0.5893161,0.5710159,0.66784215,0.49251366,0.5060498,0.40258485,0.2075245,0.710953,0.64037156,0.19740002,0.2966304,0.63515353,0.5946983,0.47376987,0.5293611,0.25420916,0.47977883,0.3021012,0.22051209,0.22908908,0.35203105,0.39755207,0.50272673,0.2723624,0.22751726,0.570878,0.49399382,0.6021801,0.2640376,0.44450587,0.5114683,0.4640124,0.76695675,0.050769918,0.10858558,0.3095495,0.46604633,0.4573011,0.20944901,0.7899965,0.5025929,0.1273725,0.5470007,0.6605252,0.50124854,0.36583728,0.9699167,0.2360476,0.21302976,0.3180166,0.32963443,0.3685486,0.456846,0.26903874,0.44730142,0.52775455,0.26471645,0.25051785,0.8946752
BC2026_Train_0002_S08_20250607_030007_45,0.9023452,0.94786096,0.7760204,0.5390273,0.3700354,0.7331001,0.44616562,0.60454935,0.73303056,0.12557048,0.42349076,0.8023188,0.6394006,0.9061189,0.4864599,0.6236184,0.93587303,0.6323087,0.6082176,0.32279658,0.65790606,0.7968984,0.5488659,0.54188156,0.9994662,0.89400643,0.64831764,0.91552293,0.40695626,0.8644957,0.9113437,0.5958067,0.3233292,0.8377444,0.48079172,0.81761,0.29555047,0.815329,0.3511129,0.7044863,0.49269944,0.55759823,0.8483775,0.6476376,0.33663538,0.34688565,0.42973667,0.50886476,0.55395246,0.5684675,0.91409403,0.84538317,0.85000473,0.24594475,0.80977654,0.44659358,0.36893544,0.42470008,0.56878996,0.80987465,0.3216222,0.8183666,0.60775936,0.8934801,0.86977047,0.4116323,0.31227067,0.86864793,0.13947776,0.9427041,0.49172294,0.56946987,0.32912183,0.26962894,0.36255753,0.3662723,0.1417075,0.15815602,0.23237333,0.26433468,0.29572347,0.44681036,0.66852087,0.38063762,0.35066384,0.62145483,0.84380823,0.598458,0.2347367,0.36573467,0.43548292,0.77775425,0.3066167,0.059772257,0.16283989,0.28402585,0.4252115,0.33229393,0.47956675,0.4165518,0.8636956,0.7760812,0.2955287,0.78726935,0.7515586,0.37150133,0.71803904,0.2878977,0.121603005,0.3295171,0.6088352,0.41829854,0.6074687,0.36350793,0.5312859,0.220453,0.686558,0.15708107,0.2423171,0.35673994,0.64626604,0.23525216,0.76012707,0.22100975,0.8584705,0.25644332,0.428109,0.46408993,0.39418,0.19585493,0.45550004,0.26257482,0.31446224,0.25656623,0.26702455,0.6691667,0.38312408,0.331899,0.26738933,0.6373079,0.32561666,0.17047963,0.505255,0.37871504,0.91811454,0.25378168,0.27461743,0.119060755,0.07440829,0.05169625,0.613453,0.42200333,0.34540808,0.5681714,0.40494162,0.5597521,0.38162085,0.75584304,0.23671332,0.5378489,0.2596163,0.42982024,0.30527258,0.7942712,0.5590558,0.69027007,0.09915317,0.083508834,0.42830485,0.46079555,0.15215233,0.3949964,0.6601667,0.39520818,0.13219583,0.66925794,0.61414266,0.7005259,0.2994577,0.744175,0.45050788,0.13010493,0.5501745,0.7924333,0.122208335,0.25272384,0.6235634,0.40158737,0.42264986,0.70656055,0.36160016,0.4891972,0.5527313,0.34356523,0.18467268,0.3696627,0.31367087,0.5294465,0.37505206,0.18316591,0.6807456,0.6527972,0.52016866,0.099519745,0.48052448,0.3618831,0.49549037,0.7595508,0.10294409,0.06989125,0.36775768,0.25376326,0.5019177,0.44359297,0.81095517,0.52634174,0.15728885,0.49478608,0.4631096,0.3124505,0.46027318,0.93520343,0.25739065,0.14564383,0.3384419,0.17042337,0.287557,0.18649551,0.21601191,0.25793684,0.48488063,0.111269414,0.08593817,0.8888413
BC2026_Train_0002_S08_20250607_030007_50,0.89931583,0.70008254,0.28654778,0.5511412,0.33497292,0.6512558,0.1746531,0.50263476,0.7088773,0.08037332,0.47693884,0.5621307,0.67387795,0.8248576,0.34937966,0.66709167,0.96101284,0.69925,0.96756846,0.41971603,0.5596658,0.8931458,0.8881959,0.44907925,0.9338286,0.85987306,0.5575788,0.54498357,0.206241,0.55537766,0.97003555,0.7285024,0.5575203,0.8189999,0.39726043,0.4788862,0.33614144,0.8538916,0.7912781,0.4724578,0.6098595,0.7060026,0.9253737,0.5847922,0.3585523,0.34085527,0.5075437,0.50648063,0.48698708,0.5576688,0.978513,0.9472761,0.9475549,0.47631073,0.9145683,0.38248324,0.33827293,0.4169964,0.35673803,0.7837595,0.5283718,0.7731051,0.50109684,0.9177855,0.841104,0.6247963,0.50288963,0.7571602,0.118171826,0.8141316,0.4522605,0.6293187,0.12752226,0.26046824,0.20552379,0.47516453,0.176298,0.17962167,0.29039702,0.43855903,0.38702732,0.28247458,0.49363273,0.781425,0.543452,0.6884719,0.88401103,0.63351864,0.22470301,0.5296074,0.4535669,0.41398132,0.44868952,0.17598687,0.36547294,0.30597666,0.3814433,0.3573702,0.32363993,0.6009523,0.88123083,0.7241024,0.53834957,0.6551765,0.7186224,0.27740216,0.85379374,0.48911756,0.10793548,0.59032965,0.7375347,0.44904423,0.69752806,0.3354047,0.5911389,0.3031927,0.50331724,0.28510264,0.13537332,0.24902433,0.7757125,0.181658,0.77485,0.097731754,0.73106086,0.46967828,0.52944374,0.3625846,0.28444004,0.21609583,0.30569494,0.2018925,0.33101726,0.21353266,0.43766457,0.5852033,0.51339114,0.43981475,0.2468989,0.5550691,0.15443216,0.509307,0.4602587,0.20471564,0.76339257,0.43216068,0.3440189,0.20108941,0.21740137,0.12286951,0.2936944,0.5658848,0.48226815,0.52094555,0.22185418,0.4997689,0.3217678,0.8491843,0.5379292,0.6108704,0.49149552,0.4955722,0.42663097,0.7423465,0.58132124,0.87450975,0.17443784,0.06775442,0.576561,0.6070368,0.23172393,0.2770874,0.58689564,0.49309352,0.23142466,0.51099396,0.5651171,0.43801087,0.29987782,0.66093874,0.35491014,0.091884926,0.666899,0.6871046,0.19191682,0.27438965,0.7767824,0.371606,0.5085776,0.54709506,0.27223483,0.42743403,0.41678566,0.3155525,0.343831,0.36214358,0.18917134,0.6250092,0.27809834,0.48613742,0.6003093,0.5611549,0.555632,0.22095576,0.29928026,0.43801287,0.4505435,0.6276516,0.05228458,0.14288618,0.51324856,0.17393458,0.64454687,0.33066964,0.84166634,0.47977403,0.41567662,0.45955825,0.36148503,0.37754798,0.586168,0.9036254,0.60901874,0.16355783,0.55649376,0.30447105,0.45050898,0.16096342,0.17469752,0.2926947,0.61912394,0.22340207,0.13399336,0.9185903
BC2026_Train_0002_S08_20250607_030007_55,0.81296796,0.7555883,0.26769394,0.6461021,0.34336045,0.5793909,0.10267517,0.54527617,0.5245341,0.092267096,0.5080373,0.6415744,0.7698362,0.793304,0.30800775,0.6065796,0.97210073,0.31701672,0.8894993,0.26962447,0.6729829,0.527014,0.6996865,0.3358752,0.97416145,0.8980355,0.5883631,0.5256605,0.06775136,0.41653627,0.99042374,0.5340828,0.31637764,0.66348404,0.35477296,0.53829914,0.6712156,0.6607131,0.792506,0.42839566,0.47204772,0.5553447,0.91523063,0.4453855,0.37731308,0.3740926,0.478697,0.48081648,0.5146147,0.5268158,0.87587273,0.9114424,0.9132767,0.3803094,0.8514174,0.37446952,0.3120104,0.57346153,0.35523668,0.7287883,0.4415577,0.8195262,0.35603657,0.8512591,0.6312631,0.41304544,0.25896162,0.6638264,0.175955,0.5581234,0.4431854,0.37419683,0.26440263,0.33083692,0.23406048,0.37384558,0.31764734,0.21859644,0.49352923,0.20132972,0.3162058,0.52573955,0.47065997,0.7519008,0.48388904,0.69823277,0.7135813,0.7088808,0.3369659,0.44512925,0.24596043,0.35078526,0.5244024,0.06586379,0.13912341,0.22517276,0.26347673,0.22628476,0.339822,0.60207915,0.8734882,0.40500897,0.41652447,0.7136932,0.62688076,0.45792067,0.8887317,0.5871626,0.3488,0.7659896,0.8514719,0.5930854,0.81078744,0.6623528,0.6218878,0.3803981,0.56839955,0.12646666,0.15694128,0.2486322,0.5778364,0.36091462,0.9412344,0.13054234,0.61802137,0.5100983,0.4512567,0.42226076,0.4810141,0.1497641,0.29039925,0.43115157,0.31270945,0.3075189,0.3544762,0.5298291,0.18848333,0.5042117,0.35064277,0.3136718,0.16720958,0.369781,0.6392625,0.06245891,0.87397397,0.35466927,0.4605515,0.13591732,0.2065664,0.08718117,0.25411463,0.44736028,0.671425,0.3628492,0.16831258,0.4976777,0.09547307,0.81837034,0.3846613,0.54263186,0.33939555,0.57054216,0.32722014,0.7634277,0.57281804,0.76573,0.15919816,0.17533982,0.8070695,0.6039671,0.24368146,0.36820734,0.69510424,0.6236625,0.26833773,0.5027511,0.7862881,0.55935425,0.30286676,0.54409873,0.46464115,0.34856278,0.7331829,0.7102903,0.31794187,0.54879993,0.8029595,0.569496,0.632487,0.41107193,0.6085693,0.3984602,0.30223575,0.44841126,0.293421,0.43016058,0.10295367,0.7063354,0.2569226,0.48175317,0.7285998,0.5265473,0.4869734,0.41048467,0.3035015,0.67922944,0.44046777,0.7400198,0.067336574,0.20525375,0.60529995,0.39218307,0.3651227,0.4144625,0.76011026,0.5918571,0.56955624,0.37379783,0.5190636,0.3426096,0.53640294,0.93952274,0.46392637,0.1706815,0.5367304,0.438834,0.6509367,0.33945745,0.3012619,0.54620814,0.5752374,0.30449593,0.42819786,0.98853743
BC2026_Train_0002_S08_20250607_030007_60,0.9003797,0.6639204,0.8362856,0.4231947,0.37319794,0.28095192,0.22815515,0.7174229,0.4968826,0.22414047,0.37610248,0.8452459,0.8853667,0.7490364,0.5475,0.2637742,0.9032118,0.2901429,0.85714614,0.52362394,0.6801871,0.8220516,0.6658132,0.34042433,0.84900665,0.8081996,0.20684947,0.776588,0.27883494,0.40058595,0.9253154,0.33027107,0.1980311,0.3654537,0.4951604,0.71492165,0.3904086,0.6679014,0.5032195,0.532868,0.27513888,0.34680453,0.8700273,0.56428653,0.3481224,0.39926586,0.32062593,0.40929317,0.51026726,0.5168585,0.89003724,0.8658978,0.86054176,0.21960333,0.8210292,0.68652505,0.30025417,0.8054503,0.7409792,0.65016985,0.7001948,0.89122677,0.6836755,0.80745196,0.8307529,0.54391783,0.06470485,0.5761969,0.070053,0.63170445,0.37677288,0.47169358,0.35278666,0.09670458,0.9090438,0.4006176,0.8609771,0.06445167,0.2534262,0.1504775,0.33311662,0.4042484,0.37962452,0.41005686,0.07810551,0.38458326,0.9320146,0.8154688,0.10104683,0.16605048,0.14942291,0.3248888,0.28985238,0.05664589,0.19782849,0.21664998,0.397287,0.18840504,0.273332,0.32371163,0.8711314,0.11378367,0.097289994,0.7773241,0.34988296,0.66676664,0.90629786,0.71504164,0.19419947,0.5407746,0.6804236,0.5674824,0.57903624,0.6841458,0.4964078,0.7114084,0.8943145,0.06760291,0.5243125,0.20186444,0.5632225,0.20691909,0.97268337,0.09071059,0.4610166,0.20793459,0.48050863,0.3029225,0.6381104,0.1412161,0.28900498,0.6962626,0.17530377,0.26192537,0.56697035,0.84227914,0.076874584,0.5669012,0.3612025,0.44362244,0.2636051,0.1753036,0.70790625,0.13752943,0.5445548,0.50609624,0.16600418,0.15321533,0.066583395,0.025673166,0.27212378,0.6921775,0.442442,0.6825416,0.30484056,0.24223118,0.10919783,0.9020573,0.065945506,0.17827207,0.15468585,0.41181725,0.4306115,0.48787165,0.92012495,0.48073974,0.18629415,0.26338708,0.67769504,0.34897086,0.21416126,0.41771084,0.41202602,0.44151574,0.098491006,0.7036311,0.790985,0.5234829,0.31634626,0.38776898,0.19445392,0.938375,0.7490866,0.32610732,0.07183033,0.4236945,0.8361792,0.33466125,0.3406769,0.4906974,0.7728125,0.12084918,0.23915899,0.21861602,0.168042,0.2988936,0.06821567,0.5377619,0.36674905,0.2804554,0.40892038,0.58355075,0.3751172,0.19128168,0.3747463,0.8622978,0.42035434,0.5238159,0.12968208,0.08871625,0.5954009,0.2070136,0.28671342,0.60863674,0.33586144,0.30334193,0.36200124,0.34153458,0.5447328,0.29389334,0.43192044,0.9427592,0.086908676,0.04767625,0.15179291,0.14304796,0.55981815,0.69969785,0.2039079,0.5864625,0.5241578,0.12117493,0.22261918,0.97778773
BC2026_Train_0003_S08_20250607_070007_5,0.9805945,0.64626926,0.24700567,0.49321708,0.40337917,0.6318507,0.13604175,0.22867419,0.6978816,0.60327077,0.67742324,0.30814683,0.6685655,0.9922083,0.31993106,0.7506255,0.69281846,0.5021471,0.9742595,0.59392047,0.49523696,0.9838902,0.9251022,0.61503977,0.89187,0.6929085,0.84797734,0.10275968,0.34961042,0.6443296,0.6235489,0.3146231,0.56799716,0.42446354,0.5291916,0.22151229,0.550879,0.9768538,0.67020965,0.45235485,0.97699195,0.7109916,0.5891485,0.29799435,0.4154808,0.3718486,0.87705815,0.46931663,0.6344512,0.93165994,0.7107136,0.6071556,0.6204753,0.632318,0.8211096,0.8300488,0.40901667,0.98344755,0.78292704,0.62084,0.6969397,0.83726966,0.37766302,0.7387731,0.32767734,0.16744652,0.9723668,0.8066032,0.9026459,0.6609201,0.42599794,0.7976309,0.116180174,0.43936053,0.5173084,0.1799175,0.9427854,0.48034486,0.31328377,0.7300384,0.78617924,0.7433833,0.6635689,0.47997728,0.8070712,0.21677983,0.15033668,0.34914967,0.05659284,0.2597686,0.23630582,0.61126286,0.67091584,0.6754938,0.7341887,0.92238116,0.59149516,0.90463495,0.048314333,0.2670364,0.39760536,0.66232556,0.636746,0.6627511,0.47570467,0.5902414,0.19199261,0.7115586,0.5824002,0.57470524,0.26187426,0.114697665,0.29625458,0.7339499,0.7665309,0.6538738,0.60697675,0.22475773,0.67075163,0.27094877,0.9733758,0.83673555,0.38595292,0.7638326,0.92808294,0.3213758,0.54868144,0.83474994,0.70086217,0.31069177,0.64035606,0.2682007,0.22401378,0.44145852,0.59906185,0.7136545,0.3577073,0.42381823,0.3468315,0.5353602,0.1176685,0.43588743,0.8272363,0.4047404,0.7917639,0.123115495,0.22986749,0.08617768,0.4139958,0.07783733,0.32073206,0.22439876,0.5483222,0.13868141,0.93187416,0.17617485,0.73085797,0.48420444,0.13452448,0.1409964,0.923529,0.08569917,0.4975079,0.082805835,0.7426641,0.7343105,0.56611073,0.7220152,0.46255943,0.30425325,0.29074806,0.35888958,0.49012044,0.5218121,0.71823215,0.98241884,0.57432085,0.8030709,0.51366955,0.973475,0.22781533,0.57798666,0.075119995,0.6432099,0.7757536,0.6388471,0.19453235,0.3857942,0.07514834,0.34375665,0.17884926,0.30199456,0.14767192,0.48020965,0.3340045,0.43224433,0.33203465,0.44847527,0.6662813,0.1693731,0.20094168,0.13435167,0.25410756,0.14825575,0.62520516,0.46135584,0.58661604,0.88331455,0.646005,0.69456494,0.8004084,0.410895,0.45977667,0.39082992,0.81400555,0.4671412,0.51141465,0.74828744,0.35800344,0.64366853,0.12624252,0.55910045,0.5427674,0.43157566,0.6746937,0.798639,0.19098917,0.710214,0.3848205,0.6356714,0.4941221,0.59488374,0.28366417,0.08732408
BC2026_Train_0003_S08_20250607_070007_10,0.9376526,0.77163297,0.64762545,0.709127,0.41678545,0.89459515,0.8490342,0.71763545,0.9431996,0.72395027,0.9676313,0.78940606,0.7248125,0.93022466,0.563391,0.5622856,0.62914723,0.4370081,0.8672888,0.8267775,0.5073656,0.9471925,0.843229,0.47267818,0.9218406,0.80236584,0.52596056,0.3070096,0.7346278,0.44406906,0.6890241,0.47686574,0.7322339,0.39381516,0.43026045,0.62848634,0.6466702,0.94684327,0.84137654,0.71599567,0.98528343,0.6298843,0.5620983,0.5260946,0.39030945,0.36497685,0.8094493,0.5322852,0.81217915,0.8295376,0.6606254,0.5515851,0.57901865,0.5985347,0.8489116,0.9234834,0.5423229,0.42155308,0.48318562,0.57459307,0.40688726,0.80121326,0.73881125,0.66888857,0.48231992,0.9068457,0.8724817,0.92354804,0.52220935,0.7944674,0.40234792,0.7129464,0.3809152,0.572189,0.96085787,0.31417274,0.80151,0.4373271,0.60864043,0.95414996,0.74683577,0.7434085,0.86344916,0.67331624,0.81898206,0.7728708,0.22300093,0.6823194,0.11439059,0.6748618,0.25458208,0.5017141,0.79639584,0.8155787,0.5978102,0.619686,0.8185199,0.9866687,0.18353233,0.5765487,0.48554108,0.7389755,0.40073532,0.566277,0.49895278,0.89771664,0.23920535,0.76719314,0.7816105,0.5320157,0.35669225,0.48623866,0.35385257,0.8231,0.79886276,0.48809627,0.830302,0.53156793,0.77111477,0.28786802,0.8971636,0.5889152,0.24585167,0.7954583,0.8293117,0.3706435,0.81073993,0.601207,0.6535671,0.39444733,0.5369793,0.5066607,0.7196372,0.7906331,0.75686294,0.51446235,0.6244069,0.5741395,0.631773,0.58610606,0.5700755,0.44442117,0.54806364,0.35726145,0.6662754,0.37766922,0.35799897,0.45447066,0.8040155,0.2515866,0.7434443,0.16575076,0.5441343,0.2551504,0.68949693,0.20413359,0.7898319,0.6727043,0.2970405,0.6901935,0.605264,0.35790595,0.9346917,0.19216208,0.8646395,0.6907372,0.61280286,0.55062294,0.23514742,0.67886126,0.7850418,0.39555633,0.6415312,0.6655521,0.3013557,0.9344325,0.5179318,0.39232457,0.14441085,0.9696027,0.57790136,0.6293167,0.19049902,0.42970788,0.6920162,0.5057914,0.6344669,0.49058694,0.055914335,0.4152647,0.42889428,0.8529043,0.20204918,0.7758752,0.14468598,0.3378786,0.7002417,0.568725,0.5623953,0.8032027,0.35344973,0.57919794,0.26760507,0.6139885,0.2883107,0.5463686,0.4897084,0.59166956,0.7024192,0.75186914,0.50188506,0.28139672,0.49059746,0.26413238,0.8448359,0.41532117,0.5200961,0.6551465,0.13982542,0.83132505,0.058628745,0.4657922,0.7785422,0.39495516,0.6351073,0.6664998,0.3640324,0.71619356,0.58065724,0.70086086,0.721534,0.8394687,0.5776925,0.31050205
BC2026_Train_0003_S08_20250607_070007_15,0.84669566,0.6331783,0.64910376,0.54218155,0.4456604,0.91205627,0.7552717,0.6820437,0.9051828,0.77990067,0.96911585,0.8415309,0.65825593,0.93273926,0.6161854,0.38070592,0.70901626,0.4552492,0.9141769,0.8138124,0.6172982,0.9122759,0.71382296,0.34960392,0.79284585,0.8442971,0.42883635,0.21867909,0.71082604,0.7347276,0.2721488,0.24110797,0.49236828,0.48150972,0.44401047,0.32228434,0.25395137,0.9435005,0.7508798,0.37787956,0.9640332,0.49910396,0.15378393,0.45341074,0.383457,0.38461068,0.85973024,0.4820786,0.92555916,0.92937434,0.31265947,0.1703516,0.17556843,0.3865483,0.7595002,0.93099743,0.5541479,0.7499862,0.5983002,0.47447544,0.36359608,0.7915997,0.69945604,0.6860981,0.23035209,0.8801247,0.7570877,0.6550814,0.5981758,0.87181616,0.3305729,0.48723906,0.17624918,0.56542027,0.86801434,0.13254884,0.6068989,0.41183215,0.47195062,0.8843067,0.6943388,0.6844329,0.9428382,0.52328634,0.74310935,0.7381711,0.13110918,0.87504053,0.0848835,0.9274959,0.5219075,0.33558702,0.7717706,0.82975423,0.64357674,0.60259056,0.80541664,0.94588476,0.69590974,0.6389054,0.16373731,0.75161844,0.29688597,0.6699411,0.4282057,0.8403783,0.12123886,0.82384944,0.85936046,0.1403814,0.21277033,0.3669307,0.36115006,0.65179205,0.8472761,0.34626508,0.920273,0.65720147,0.8849946,0.53479666,0.86367536,0.3470941,0.18686084,0.77235544,0.75221413,0.351722,0.70157915,0.5018474,0.30137753,0.35200614,0.5703622,0.6781037,0.65101415,0.8860208,0.65071136,0.44136956,0.83128124,0.34350094,0.6306677,0.9666941,0.7438625,0.5399227,0.48968506,0.31453028,0.6952894,0.13875341,0.12107367,0.5629739,0.88241065,0.43655813,0.790732,0.22982499,0.6570313,0.24605161,0.5271362,0.14929894,0.46576777,0.47660816,0.42698562,0.8869608,0.5639176,0.20796226,0.9728229,0.31892663,0.70033264,0.766793,0.6472261,0.601743,0.091526255,0.7242187,0.91730624,0.6225611,0.4316017,0.5765204,0.25751173,0.6273048,0.31526232,0.46536994,0.028741667,0.95897615,0.6702937,0.47392994,0.35988116,0.39187565,0.79953974,0.7195563,0.6440772,0.3999017,0.03903309,0.29366434,0.45936793,0.9590625,0.36240757,0.67650795,0.08383308,0.4002386,0.65796375,0.263214,0.2143575,0.9570417,0.11008317,0.4879595,0.3907901,0.549635,0.13968825,0.42267048,0.50772214,0.42081863,0.8685711,0.7715228,0.21038556,0.2632579,0.47902444,0.26174474,0.6843176,0.37081742,0.351642,0.6645524,0.17608541,0.7905347,0.02578534,0.27024633,0.72336006,0.63756275,0.5402883,0.5567076,0.65286463,0.7710126,0.67515826,0.7132758,0.8096291,0.68747485,0.4588562,0.16946553
BC2026_Train_0003_S08_20250607_070007_20,0.9450662,0.83418536,0.815586,0.71063036,0.4361729,0.6443853,0.7084085,0.5293269,0.5851563,0.3750432,0.5271832,0.66594154,0.4962313,0.86614215,0.3881512,0.69204956,0.74146426,0.59419507,0.8270779,0.81674707,0.5702075,0.9901156,0.68922585,0.48069268,0.9413978,0.94581664,0.8613976,0.4621607,0.65331316,0.9100654,0.628699,0.5628559,0.67175704,0.5557671,0.42379794,0.72663957,0.43754518,0.99126846,0.83934677,0.5137017,0.9903544,0.76561284,0.5363562,0.7236104,0.38219494,0.35123315,0.8777678,0.54083985,0.9262705,0.9364418,0.5992916,0.49016362,0.541651,0.5691,0.8363117,0.5180572,0.46284795,0.63012445,0.40378717,0.6441418,0.2579714,0.85961664,0.72804224,0.69904554,0.105186954,0.17367178,0.68394935,0.78903395,0.7621605,0.8217144,0.37251043,0.40079337,0.18447743,0.4861311,0.69253397,0.17947227,0.59722346,0.47658414,0.5359727,0.9317644,0.55258405,0.541286,0.6383456,0.60370564,0.5767664,0.22427216,0.15666918,0.9001645,0.19447693,0.7069378,0.3848964,0.66831565,0.66637707,0.8412272,0.40294042,0.26165766,0.4732702,0.89973086,0.75387096,0.7540428,0.082895994,0.63561136,0.57394576,0.6768133,0.6954504,0.45867586,0.11484984,0.7261238,0.700492,0.114106506,0.39419904,0.21828791,0.57769835,0.70116496,0.7165474,0.65733147,0.5121882,0.419074,0.7067753,0.48170963,0.9377345,0.3444444,0.49092868,0.697508,0.6459154,0.59219897,0.49403527,0.5814841,0.23088142,0.4594646,0.7639157,0.6316825,0.3317673,0.8136708,0.44138294,0.41403717,0.8723645,0.26330477,0.5864868,0.5112585,0.6644026,0.9186192,0.7121254,0.4405799,0.86782277,0.1047346,0.05267208,0.41595894,0.7963913,0.5977453,0.64601624,0.26735505,0.78657585,0.32054728,0.83689,0.3314129,0.47773287,0.5675307,0.18671167,0.701278,0.62224704,0.0993441,0.91828585,0.2885978,0.63979745,0.93280005,0.60409945,0.55790955,0.13732716,0.5233323,0.3790655,0.54314166,0.48799783,0.4419021,0.20619157,0.6660471,0.3162048,0.5315639,0.09552308,0.9494362,0.4168568,0.16293216,0.18230024,0.76491076,0.77353,0.67562175,0.43795824,0.50378126,0.17333059,0.32685518,0.57408124,0.636723,0.30367386,0.44439214,0.29859033,0.595502,0.6899003,0.1522114,0.15269993,0.84926856,0.084718406,0.21373211,0.7332001,0.17720452,0.11500126,0.50204957,0.59218764,0.7183766,0.8239298,0.8808104,0.40151742,0.32903945,0.6681256,0.47540414,0.38633975,0.3822467,0.23558557,0.6365428,0.11552241,0.7826987,0.05356242,0.18783309,0.61909825,0.44406742,0.74746466,0.39583075,0.47132033,0.47213212,0.66087043,0.7280624,0.4672621,0.7313285,0.24323982,0.14137842
BC2026_Train_0003_S08_20250607_070007_25,0.90258443,0.97455823,0.9680688,0.82257974,0.50437295,0.4909289,0.48572287,0.5671748,0.73062265,0.3751525,0.39546558,0.86412346,0.54450953,0.71682984,0.19192086,0.8339517,0.747106,0.2829733,0.5773377,0.67440563,0.63360775,0.50842655,0.5459967,0.6565697,0.8284997,0.703423,0.91623145,0.6368042,0.789472,0.73964405,0.47627598,0.6970125,0.48049098,0.7006801,0.4529479,0.7820078,0.54585636,0.9902363,0.7473454,0.37129697,0.9653266,0.58987373,0.41513237,0.8163763,0.44907975,0.4244393,0.88225377,0.45935947,0.65471625,0.78529215,0.5113313,0.29100543,0.29584855,0.5626848,0.8483201,0.21291801,0.39808545,0.15813735,0.117472075,0.563375,0.26077226,0.73954815,0.69650644,0.6930643,0.32053983,0.21113613,0.44525504,0.84002376,0.79066,0.84582776,0.39918542,0.5427476,0.17296949,0.6521528,0.98460466,0.27614534,0.69737387,0.6339025,0.48431337,0.69588774,0.64318585,0.5665964,0.6639909,0.36231852,0.76796687,0.16351917,0.23370583,0.6803719,0.3402205,0.5129174,0.13697624,0.77434176,0.36049968,0.8140962,0.4172171,0.25337517,0.6224189,0.72852844,0.60337555,0.8763209,0.21088427,0.4643153,0.615747,0.6766218,0.5152571,0.52300286,0.07650292,0.79123086,0.7855173,0.2705954,0.6764805,0.38249746,0.4492784,0.65671897,0.58532995,0.8426118,0.4341036,0.56595075,0.6537067,0.7810012,0.7789724,0.41942304,0.43316406,0.7529799,0.6920746,0.64042157,0.53933394,0.70199484,0.280397,0.60501724,0.9231689,0.54962915,0.16014676,0.68170977,0.49404228,0.38805464,0.5782701,0.2715306,0.6896837,0.12569472,0.82889587,0.91068554,0.7723227,0.3571017,0.58702636,0.20547244,0.09699876,0.55193913,0.5634396,0.85289156,0.29021752,0.5080739,0.7999457,0.20950925,0.8811039,0.5021012,0.7284576,0.5062824,0.33787733,0.42912048,0.48468852,0.18359417,0.44586307,0.06352784,0.6254276,0.93062216,0.7851807,0.62271905,0.20201409,0.38077193,0.2840649,0.64318657,0.50753635,0.16588444,0.16830759,0.7575283,0.3841054,0.6446965,0.42921126,0.8634815,0.1577091,0.20760626,0.33057177,0.78404796,0.5564828,0.6958052,0.5793252,0.33733767,0.35747913,0.5392934,0.69975543,0.4688227,0.30148563,0.5556708,0.20540875,0.46295792,0.5519177,0.20754507,0.31099197,0.8060753,0.15601425,0.09489909,0.628745,0.18371117,0.25329575,0.37973914,0.57568306,0.8738904,0.83256805,0.83617246,0.38969496,0.6957011,0.5180477,0.38120556,0.37524298,0.58118576,0.505449,0.71973115,0.10676476,0.41596097,0.2209037,0.0725485,0.74221647,0.28415567,0.75816524,0.53041315,0.41345337,0.4964055,0.80150276,0.5788728,0.25390774,0.6469559,0.51957893,0.15250668
BC2026_Train_0003_S08_20250607_070007_30,0.93700767,0.8077205,0.8590567,0.82146245,0.55297923,0.4093152,0.54020256,0.540242,0.3198228,0.6919932,0.7922304,0.850101,0.3204116,0.80184746,0.44445255,0.8524885,0.78262717,0.27913958,0.7926505,0.8628378,0.6903292,0.9296466,0.50245273,0.33624175,0.8414204,0.51727974,0.8706198,0.45396385,0.54855454,0.63249016,0.44019303,0.5791055,0.4445991,0.46647453,0.43768543,0.5111817,0.2945314,0.9260744,0.8386663,0.42735982,0.9246111,0.5972165,0.34888104,0.46862704,0.43235433,0.44210982,0.85871243,0.4482804,0.6352225,0.69089854,0.58029574,0.43797317,0.46068785,0.34324366,0.803767,0.3928073,0.5234854,0.26124355,0.18544865,0.65412414,0.47807056,0.7725868,0.85149246,0.98420775,0.7041281,0.27672994,0.6241498,0.65047145,0.76409525,0.8126465,0.43314794,0.45930415,0.36168158,0.8950543,0.713614,0.51152915,0.6969785,0.90579945,0.53774506,0.5436717,0.7416544,0.5801913,0.93368727,0.23071967,0.6262004,0.14051417,0.5035,0.52673745,0.24664089,0.7979926,0.15402809,0.3554482,0.4129781,0.95681477,0.39043096,0.5325999,0.8563925,0.7098758,0.8008096,0.8122138,0.36141607,0.5686669,0.7303292,0.5412916,0.3067368,0.67331195,0.09802609,0.8664333,0.7810754,0.54413307,0.6089815,0.7925995,0.43462425,0.5370773,0.82652396,0.7802816,0.6894886,0.7637541,0.8950378,0.9463533,0.78551614,0.90993756,0.4417127,0.7004383,0.43811777,0.6131543,0.8688501,0.88010424,0.32354558,0.77214116,0.91075385,0.6827628,0.27714682,0.7812399,0.39880657,0.6666113,0.34917974,0.2101225,0.80641246,0.2984424,0.7229319,0.9721029,0.935747,0.518,0.2105409,0.0967165,0.035333578,0.9006396,0.49136356,0.6556933,0.24489418,0.6627008,0.5778029,0.32914525,0.8135177,0.5313354,0.89454615,0.46362385,0.54663014,0.41113216,0.83360636,0.39983058,0.43347576,0.032039337,0.8486526,0.83385015,0.87648183,0.7664454,0.30579835,0.14579843,0.5347864,0.819071,0.42268434,0.10850634,0.33415973,0.45638764,0.5760609,0.5013948,0.5297337,0.81792146,0.07372751,0.46816033,0.33363825,0.31931794,0.7075086,0.6979276,0.661861,0.17772967,0.15965024,0.39428154,0.9198543,0.689539,0.6236729,0.77347124,0.17985633,0.45578003,0.6388453,0.10402609,0.18403175,0.44472498,0.27596003,0.068179406,0.5720267,0.20070283,0.617236,0.4077115,0.5483482,0.77665,0.7978178,0.6714083,0.4348433,0.63059413,0.66513485,0.41297153,0.71913385,0.54901457,0.7914272,0.79744065,0.04832092,0.27662694,0.67058957,0.11650442,0.6430554,0.14422584,0.78169584,0.6919115,0.1745081,0.5392345,0.9317521,0.5069599,0.4432243,0.51634216,0.70785415,0.116336405
BC2026_Train_0003_S08_20250607_070007_35,0.9664668,0.7669838,0.7646612,0.60133606,0.41843545,0.6398848,0.6602807,0.12844133,0.3785531,0.69720614,0.78827286,0.8723417,0.4199013,0.95643395,0.5801858,0.69588053,0.7220236,0.5890345,0.88791335,0.76282257,0.5089917,0.7596437,0.32602537,0.22009453,0.8177806,0.74123055,0.5696695,0.59873015,0.5880365,0.2482425,0.58536094,0.65426874,0.62142104,0.42354622,0.4000104,0.52538896,0.45704225,0.9333509,0.89996296,0.36070645,0.9274603,0.7825463,0.2810877,0.4220836,0.40368107,0.43060997,0.87219834,0.5169989,0.6311555,0.6829047,0.5436754,0.37580198,0.42255765,0.31254986,0.7750393,0.7419952,0.6200104,0.8523799,0.3288171,0.6483061,0.4911527,0.6000864,0.7666972,0.7596656,0.59547716,0.472788,0.8091743,0.75338596,0.47740477,0.89348245,0.41059792,0.79537916,0.63412464,0.5980193,0.59292847,0.42731625,0.6440041,0.5983814,0.75651044,0.85592026,0.590257,0.5847353,0.78627324,0.5885481,0.58782864,0.06789133,0.33217862,0.6474262,0.5504025,0.88634646,0.26817375,0.162482,0.3028748,0.63371295,0.39737958,0.42421162,0.72726554,0.9876523,0.92071176,0.6483614,0.39583647,0.46360862,0.66825914,0.69391817,0.60182095,0.6758434,0.23384911,0.66482556,0.7122942,0.60357124,0.5097946,0.8159084,0.4186374,0.5427363,0.75310224,0.610929,0.5606837,0.6645466,0.81936526,0.9316486,0.8084965,0.7793744,0.6509514,0.37122902,0.5025874,0.4825733,0.91763544,0.71466994,0.59234035,0.89597857,0.6925506,0.54718053,0.6823016,0.8021334,0.41404623,0.5949485,0.38617414,0.11821367,0.51257414,0.5031727,0.48913103,0.65101856,0.8244506,0.45714337,0.5777916,0.21585025,0.100832745,0.61550355,0.42276603,0.34259525,0.5428151,0.62204075,0.41095185,0.13135009,0.3892928,0.34819686,0.6507197,0.42887047,0.4164287,0.18491217,0.46278968,0.75624955,0.6839509,0.033554003,0.8351556,0.8068085,0.91742396,0.5380779,0.36387637,0.2035645,0.49091795,0.67428535,0.6625313,0.39585,0.4576981,0.51199055,0.33543813,0.6010784,0.23533551,0.7923492,0.12538368,0.28911257,0.39592505,0.16380428,0.6310396,0.39466617,0.6503396,0.38420358,0.23528893,0.5514476,0.9237354,0.556564,0.49574554,0.8753655,0.22381225,0.3718445,0.7246134,0.1326805,0.42582834,0.46420172,0.6602291,0.15867585,0.6364388,0.4732796,0.43682653,0.24901041,0.53284955,0.46974647,0.54174936,0.7487876,0.5322213,0.32664603,0.6137495,0.40327904,0.5881139,0.68096524,0.44189334,0.7047367,0.12771241,0.3788795,0.32858703,0.115422346,0.8001438,0.13040616,0.5711522,0.59121287,0.2731685,0.3996798,0.74006236,0.43683136,0.7884577,0.61410815,0.51083755,0.17345
BC2026_Train_0003_S08_20250607_070007_40,0.9318188,0.6884375,0.65884006,0.5447142,0.38956043,0.5167688,0.6480085,0.20196292,0.6546589,0.86669433,0.5868134,0.7176327,0.5951892,0.9577813,0.3983541,0.3662954,0.7456565,0.5173293,0.7914878,0.8442714,0.58359903,0.7305782,0.37865996,0.43459266,0.8021203,0.8478117,0.17228037,0.47862947,0.77405894,0.27399883,0.5899672,0.7535183,0.618217,0.5255985,0.39629796,0.84139264,0.22038293,0.9190102,0.79881,0.28773975,0.9492811,0.56552017,0.27217525,0.7797744,0.44337147,0.45571315,0.82118726,0.43685076,0.9342874,0.68641067,0.3573491,0.29558998,0.37044302,0.5618749,0.870839,0.62825197,0.5226603,0.74306285,0.58272594,0.64512646,0.64590263,0.38826373,0.55754125,0.65217596,0.49136677,0.82686776,0.7653287,0.8863394,0.5558893,0.84569776,0.3190229,0.9119396,0.61657065,0.7512951,0.68615997,0.52535415,0.6305861,0.62952584,0.54861236,0.9030405,0.641377,0.70963025,0.775953,0.7907729,0.92303187,0.023902584,0.18612498,0.6524074,0.66785604,0.68510956,0.3669471,0.25524676,0.4539096,0.6218068,0.44683358,0.58687055,0.9310354,0.89682746,0.9259084,0.8653632,0.30007148,0.57072914,0.49323303,0.55816287,0.6736804,0.8871107,0.14444402,0.5371989,0.7221573,0.3892182,0.79056466,0.78806126,0.33028483,0.4122879,0.8263499,0.67399514,0.4792647,0.7496369,0.62356234,0.95060736,0.8701542,0.5273367,0.5602374,0.42577815,0.6632571,0.7717062,0.83846056,0.44745502,0.47264558,0.9061563,0.69409317,0.7899388,0.6884407,0.515815,0.44349775,0.52803195,0.41394803,0.2254644,0.43844426,0.5652118,0.7473247,0.8720787,0.7039614,0.5050188,0.55592996,0.29751307,0.43125594,0.5274409,0.56525147,0.48881787,0.6409795,0.67919505,0.44024032,0.05453825,0.21167092,0.436487,0.90900576,0.51029134,0.5079783,0.32933593,0.7721996,0.8775896,0.8479603,0.11800425,0.6730906,0.83004594,0.7612005,0.6318223,0.58292294,0.2332484,0.6428366,0.87799704,0.51084805,0.34187254,0.49827516,0.71446484,0.37756482,0.47252125,0.21377516,0.82709223,0.29701543,0.11333008,0.3878899,0.3678829,0.6114,0.36272046,0.28500333,0.3560639,0.086178094,0.67701215,0.6877334,0.5800667,0.25677508,0.93358123,0.20977576,0.34076852,0.5289957,0.12580633,0.46259546,0.6616814,0.24939036,0.3609377,0.32329863,0.41316706,0.18213369,0.40035978,0.6351045,0.2690117,0.5354255,0.6861976,0.1739097,0.50376445,0.45679882,0.22032806,0.2901953,0.8535565,0.43684572,0.71779966,0.33676767,0.3725,0.22237584,0.21648426,0.6543297,0.19937651,0.5901357,0.37521082,0.38131234,0.36908573,0.90540963,0.45610458,0.8027996,0.67379045,0.6643673,0.20868546
BC2026_Train_0003_S08_20250607_070007_45,0.79129213,0.70519245,0.6969375,0.82323366,0.42297292,0.6562407,0.6382029,0.65793324,0.79888695,0.90176356,0.9140421,0.5984415,0.5032494,0.8318618,0.45883492,0.48115203,0.6198918,0.5992999,0.8149393,0.91695166,0.27864155,0.9723642,0.44566628,0.48838973,0.8363467,0.6717021,0.61346114,0.19780086,0.68248904,0.27619234,0.46331808,0.6166311,0.5957954,0.71994555,0.4497854,0.69618547,0.49825487,0.98079884,0.7055433,0.2937547,0.96630335,0.39119384,0.3024823,0.7526805,0.40223193,0.40550667,0.8376286,0.5081635,0.6558382,0.92430115,0.38844246,0.29430246,0.29520717,0.40118262,0.8060529,0.6071488,0.4958479,0.47642007,0.5518221,0.5917352,0.5775832,0.41453376,0.5897775,0.7452142,0.44927514,0.57759434,0.61507094,0.7310506,0.64623094,0.4267776,0.3357979,0.48595366,0.718973,0.7392478,0.87327,0.32474315,0.9541789,0.80163395,0.331311,0.8043226,0.6381525,0.8729125,0.9292698,0.71038157,0.86175025,0.090643585,0.29288432,0.5564057,0.81750625,0.6890365,0.2320654,0.13837484,0.70102507,0.6923374,0.6672031,0.7367052,0.86173356,0.9795984,0.80948126,0.8589216,0.24570753,0.9070437,0.5872903,0.62950283,0.4393047,0.90632707,0.33250627,0.35338578,0.7524861,0.54466724,0.63600296,0.44741672,0.15711485,0.37376922,0.8260353,0.5299027,0.8078687,0.66696,0.8002797,0.9188907,0.9732934,0.65257263,0.6897294,0.6170912,0.6896218,0.75844556,0.5972194,0.6619406,0.58717024,0.62729526,0.5770039,0.88891876,0.743931,0.5541481,0.619488,0.37872133,0.5533832,0.32210034,0.4694831,0.7276415,0.7467605,0.86428845,0.6144896,0.22743526,0.7826524,0.50422084,0.57878125,0.6439951,0.81232935,0.43516725,0.90950006,0.3471111,0.8067144,0.042748,0.5148683,0.22134192,0.94097507,0.6107306,0.4407766,0.45976388,0.40261227,0.8433616,0.739702,0.4241277,0.7224059,0.56054,0.5976901,0.7091939,0.35700974,0.34016427,0.6037858,0.86877555,0.31211314,0.42029172,0.7078947,0.8486676,0.6302893,0.7220554,0.16757885,0.8952576,0.59019196,0.34729555,0.368021,0.59158087,0.84827214,0.44203934,0.33326274,0.3748628,0.07883717,0.47799215,0.6407881,0.8893868,0.2788686,0.9288666,0.3687845,0.5016669,0.6177464,0.14866732,0.19534132,0.57776237,0.07976191,0.5292062,0.24894394,0.59833515,0.3801406,0.5656172,0.55833197,0.3505257,0.5827132,0.5112983,0.19957192,0.6191267,0.4897895,0.25097474,0.73448145,0.49424416,0.37314054,0.67650235,0.67508966,0.37354845,0.07280776,0.27579784,0.808773,0.6637641,0.46426037,0.6552863,0.26691458,0.3084981,0.8725661,0.4314143,0.689667,0.78760517,0.66506654,0.10257859
BC2026_Train_0003_S08_20250607_070007_50,0.65185976,0.7046608,0.7880541,0.6515391,0.4247604,0.8484596,0.7887229,0.6879146,0.9418831,0.92776316,0.9414226,0.7548141,0.5670774,0.909951,0.5472572,0.6903562,0.4593345,0.31811434,0.9712421,0.9283945,0.22275276,0.96709615,0.74902564,0.64349383,0.8004991,0.4089097,0.8791875,0.10136834,0.4749639,0.59610087,0.24841025,0.6181717,0.54126066,0.6568054,0.4269604,0.56229705,0.39285257,0.9238108,0.43271667,0.3466807,0.9164115,0.261989,0.22024155,0.512765,0.4101597,0.42233568,0.77742076,0.44757918,0.6590637,0.68024015,0.29493588,0.12767117,0.1268679,0.45058733,0.7578156,0.49958807,0.5193604,0.786014,0.6791295,0.4788521,0.54608613,0.34446266,0.40223426,0.75956744,0.38325447,0.53902006,0.7456161,0.5323198,0.88822246,0.46876734,0.37842292,0.37249717,0.52496076,0.6533123,0.8589388,0.27484298,0.93598783,0.7327151,0.43886745,0.8633305,0.7430017,0.8421263,0.9435501,0.5917405,0.7456568,0.4390041,0.21755166,0.5656239,0.6893791,0.7068854,0.086001575,0.28750706,0.6139377,0.84608465,0.9058558,0.5636475,0.94581664,0.9922558,0.72343403,0.86052597,0.25354284,0.80866367,0.5548183,0.43996066,0.26217148,0.91935307,0.22034892,0.30745393,0.7992869,0.58564436,0.3748809,0.323362,0.28697383,0.24151665,0.82200605,0.40190166,0.8055171,0.8638438,0.9381895,0.80623585,0.99345,0.5345814,0.5953172,0.6763398,0.63325113,0.48728466,0.5465151,0.74866545,0.6467581,0.43412942,0.49161553,0.8423132,0.85464066,0.5820198,0.6999913,0.68366677,0.657366,0.47406235,0.48020837,0.9632066,0.45974344,0.70896196,0.5012976,0.20790435,0.83395815,0.3189498,0.592587,0.6761563,0.8173573,0.62914085,0.73718286,0.32085195,0.86330414,0.18204676,0.56946874,0.09464242,0.8714049,0.5026511,0.6810084,0.8195098,0.6543609,0.6431632,0.888884,0.49215493,0.6669018,0.66539544,0.7325132,0.7075895,0.2858845,0.5375469,0.6393427,0.8250769,0.22209102,0.2650541,0.73465586,0.6613079,0.55986327,0.76695096,0.2670843,0.8709052,0.56058884,0.35689828,0.29965985,0.59047544,0.8121794,0.63808155,0.5039586,0.23187576,0.0815115,0.46698976,0.4875946,0.89698225,0.4536436,0.9456854,0.3584445,0.42225584,0.3946322,0.041266337,0.15627193,0.86434853,0.097313344,0.44017458,0.20401277,0.7750896,0.44674036,0.47143716,0.4939252,0.35551938,0.8627372,0.64880025,0.7135446,0.38846162,0.529087,0.2686764,0.60710794,0.42922586,0.5181166,0.7430742,0.6075008,0.5518724,0.1669942,0.2410121,0.7514024,0.70273125,0.73582166,0.7794848,0.38130906,0.54132915,0.65542454,0.5753287,0.79479176,0.7618204,0.65630877,0.06927791
BC2026_Train_0003_S08_20250607_070007_55,0.8103082,0.7393891,0.85666806,0.75240946,0.56329167,0.87859654,0.7459513,0.66009164,0.6225945,0.62224627,0.24445646,0.526924,0.4226736,0.86057806,0.2831707,0.82859105,0.7131842,0.28209668,0.9132118,0.7965357,0.5940236,0.8577242,0.7184104,0.49640337,0.8981131,0.59837687,0.98631656,0.15602483,0.380507,0.64151746,0.50224787,0.6390383,0.52027845,0.51319385,0.44029796,0.74193275,0.4341133,0.9319079,0.55984956,0.45526713,0.9306064,0.5970484,0.31403232,0.65604687,0.4729485,0.489231,0.9472139,0.47184095,0.6535942,0.6775755,0.3785503,0.25164056,0.24237195,0.5344721,0.8387968,0.2808048,0.59168535,0.57216954,0.64477134,0.74241924,0.36340094,0.34207827,0.6136347,0.7732858,0.5846622,0.26711074,0.71544456,0.78081566,0.8417769,0.77989286,0.48079172,0.46006218,0.6512172,0.7519803,0.7038891,0.29222196,0.6648513,0.91785,0.7343559,0.8429998,0.6043742,0.59886706,0.77839816,0.32893565,0.6730711,0.58829355,0.36527473,0.2349172,0.72381324,0.7792588,0.15385284,0.41233698,0.25189567,0.8038465,0.95477164,0.73891366,0.7549851,0.91219693,0.5864438,0.7503034,0.2018389,0.76901686,0.8833854,0.5231356,0.3891075,0.612852,0.16587251,0.6049132,0.6354544,0.824798,0.5824528,0.21116425,0.58169156,0.36470786,0.8509751,0.76484096,0.6050031,0.8288579,0.85713625,0.91950667,0.95421225,0.51016855,0.8447044,0.63356394,0.70634395,0.6043815,0.7294213,0.7759649,0.49530563,0.62094223,0.5779388,0.6986269,0.8144864,0.74788177,0.8376187,0.75993294,0.6320611,0.6196832,0.60598385,0.9463314,0.518244,0.5576393,0.82804734,0.45579165,0.5279546,0.34250498,0.45624995,0.4636673,0.54502034,0.7936479,0.6342545,0.59339726,0.58207345,0.5318271,0.87942934,0.12391709,0.76598793,0.64176375,0.5808984,0.9425521,0.8324427,0.72288966,0.6147504,0.7781979,0.9443903,0.8660192,0.88311076,0.8122062,0.42495698,0.33987862,0.4764652,0.8730948,0.39833832,0.3435731,0.7310542,0.7747336,0.5180265,0.80002254,0.42919934,0.8781438,0.58083546,0.42619747,0.1999095,0.63527656,0.8627772,0.42886987,0.43457717,0.38291377,0.19970284,0.53916776,0.5517044,0.32813627,0.61676955,0.718497,0.4836437,0.48558974,0.4723664,0.031823337,0.21558551,0.8547753,0.30382767,0.39245227,0.37336126,0.72900647,0.81230634,0.6748959,0.51606345,0.6026999,0.90444386,0.7084687,0.79145443,0.5422169,0.6109205,0.43846208,0.54704684,0.55156034,0.53774834,0.625227,0.51067615,0.4302853,0.4098646,0.5127528,0.61770946,0.37033486,0.8036187,0.6933789,0.5601859,0.7193084,0.76020867,0.57094437,0.47681493,0.645311,0.5627351,0.1003325
BC2026_Train_0003_S08_20250607_070007_60,0.9844166,0.7455039,0.7413552,0.45973226,0.52114785,0.9073045,0.71158254,0.16736251,0.75723964,0.612243,0.035986915,0.31812847,0.5864238,0.9504393,0.30112642,0.8026452,0.6569734,0.8327291,0.99630374,0.9614854,0.6391878,0.9215794,0.20711957,0.34863922,0.82742953,0.7383518,0.7844643,0.3995101,0.74835515,0.6895096,0.26166108,0.80550635,0.42137662,0.27590698,0.49832296,0.40560803,0.60409784,0.97581875,0.8908585,0.4589508,0.9717629,0.79868233,0.21784228,0.43904188,0.44154075,0.5022032,0.98007715,0.37675717,0.9391086,0.9186518,0.51787776,0.25459042,0.30961066,0.3421795,0.93633384,0.33798513,0.6853228,0.92732215,0.4185083,0.9201437,0.6306101,0.31623226,0.57605994,0.71414965,0.67622066,0.6387746,0.8008456,0.87892187,0.702875,0.9508147,0.39402917,0.61003715,0.5086139,0.52149713,0.40154296,0.3008204,0.87690705,0.71341276,0.69843423,0.934473,0.6684904,0.8039745,0.6637988,0.10248017,0.94705844,0.16920233,0.3118625,0.16213842,0.41875488,0.8539203,0.64215827,0.49256742,0.33188164,0.7058474,0.91551507,0.60896546,0.73179054,0.9744382,0.84732807,0.7545164,0.14200859,0.28688258,0.7326404,0.30247742,0.37060443,0.716481,0.20279177,0.4939844,0.8090531,0.68623817,0.5951239,0.42405602,0.8504084,0.28826833,0.60734546,0.89269793,0.83059084,0.63699603,0.7908662,0.9641292,0.964086,0.52117324,0.93912923,0.6758451,0.94857925,0.73583364,0.6345347,0.8411292,0.77103966,0.6363685,0.6877328,0.67538196,0.81282353,0.71943474,0.73330355,0.77225614,0.7481127,0.3981678,0.41895607,0.8672327,0.25826684,0.9136212,0.93058974,0.5658592,0.61558867,0.20178926,0.25515375,0.6755685,0.74052286,0.7308069,0.56800246,0.83018744,0.7614454,0.4005218,0.9787604,0.12515983,0.46670595,0.637234,0.22898829,0.85019803,0.90246606,0.4197733,0.80757666,0.23325837,0.9907521,0.8309659,0.93805003,0.682951,0.15975027,0.27614114,0.60171974,0.9053834,0.36089835,0.13864958,0.31241214,0.6012034,0.76158756,0.74381876,0.55945206,0.98798335,0.14509617,0.41423625,0.5243125,0.74382776,0.7606179,0.50995207,0.38967192,0.41426376,0.2906121,0.90043336,0.79600215,0.27487746,0.3456886,0.69040346,0.38343206,0.43993855,0.6378759,0.029348586,0.21312875,0.5473505,0.16346666,0.13303003,0.55118674,0.43351036,0.81383467,0.52469957,0.488119,0.7168543,0.70642585,0.5704224,0.49668953,0.7177855,0.8601854,0.4464966,0.44650197,0.8647007,0.105257094,0.81595415,0.21348715,0.6355485,0.14516833,0.66870004,0.38497865,0.48884356,0.5843046,0.6027536,0.36605996,0.69951034,0.8929109,0.54233027,0.27915043,0.70163363,0.5714346,0.21357575
BC2026_Train_0004_S08_20250607_070007_5,0.7417687,0.98285115,0.95253754,0.9354379,0.41960415,0.90277004,0.091113746,0.3353496,0.6794287,0.409084,0.7712996,0.95467496,0.9089458,0.8420775,0.35325423,0.7769182,0.38018087,0.9782729,0.82908714,0.9458354,0.81849575,0.8995183,0.5035108,0.23887049,0.78598684,0.3863056,0.9370672,0.66165876,0.99483585,0.6184271,0.6986284,0.70073,0.97618186,0.42042688,0.5141355,0.5026467,0.34909487,0.676975,0.69951296,0.22864977,0.56807625,0.7172293,0.29188108,0.7047539,0.49963933,0.46307582,0.67197967,0.7975484,0.55374205,0.5249926,0.27507603,0.40147662,0.3891488,0.529729,0.27369153,0.15336834,0.34191665,0.6052062,0.9827416,0.7133419,0.9697702,0.5502808,0.8739568,0.26445848,0.7698345,0.0757715,0.9750437,0.2784382,0.4311637,0.73729515,0.43046668,0.71701264,0.7289755,0.9658542,0.735437,0.3902842,0.1950165,0.84674954,0.31742835,0.4765419,0.5868899,0.6526245,0.8500037,0.7960859,0.88265705,0.25114042,0.6353328,0.8400438,0.25676125,0.685982,0.14462909,0.96483743,0.6003856,0.8060828,0.14240311,0.23929372,0.21501133,0.736758,0.6270042,0.6755936,0.082539216,0.6684276,0.7816292,0.67220974,0.34926656,0.9183979,0.6492443,0.13491577,0.62389964,0.2641604,0.56764054,0.27033582,0.5350083,0.7569922,0.43809777,0.4302804,0.6917452,0.5117969,0.5894797,0.8994938,0.6874224,0.7862104,0.28391954,0.27356607,0.30864295,0.22616915,0.27340373,0.8157495,0.66863275,0.47514576,0.83839834,0.22646962,0.60799223,0.9688333,0.5442096,0.4414592,0.3766247,0.4010495,0.87723315,0.9774293,0.6768187,0.18122005,0.43489546,0.39840713,0.9439354,0.3503679,0.50289285,0.80945796,0.75959677,0.1264075,0.5947074,0.43196523,0.49603713,0.10522693,0.84294724,0.38924494,0.6860728,0.17348626,0.3864908,0.82849,0.8470731,0.66573375,0.27239597,0.6011438,0.61252403,0.53687084,0.28184673,0.56725186,0.31434655,0.84054315,0.3886111,0.7613604,0.7240851,0.8068355,0.59827876,0.61777467,0.6429441,0.7446425,0.6994424,0.75517535,0.25368288,0.4317649,0.53835404,0.5268839,0.16260207,0.25949377,0.19955924,0.83899045,0.25051457,0.20740218,0.42394757,0.6012577,0.7535275,0.9393313,0.7275646,0.66349673,0.67525315,0.47969788,0.40711957,0.17010292,0.15872541,0.43088824,0.513947,0.17527668,0.727543,0.63714075,0.5981335,0.17493907,0.63262296,0.57800287,0.78846866,0.7559926,0.98441815,0.5276483,0.5215352,0.6591966,0.6945262,0.7686134,0.19119985,0.41353124,0.22600567,0.19612801,0.67700624,0.8602874,0.57097346,0.8126349,0.19860083,0.7645479,0.7721912,0.83725095,0.80559963,0.8695455,0.37940443,0.23227996
BC2026_Train_0004_S08_20250607_070007_10,0.675405,0.99023914,0.9073408,0.6993062,0.46064794,0.7427517,0.12895474,0.3039586,0.564635,0.273397,0.22987396,0.8835385,0.6237104,0.9380624,0.36087316,0.7579508,0.33961254,0.811595,0.8496093,0.7243452,0.7989503,0.78346413,0.34118736,0.5242994,0.48946074,0.64591455,0.67942935,0.62922084,0.9880874,0.56421036,0.4459793,0.72640723,0.9249629,0.6795401,0.47811046,0.78295785,0.30025586,0.68358636,0.860449,0.28585064,0.7120049,0.7722088,0.50922215,0.7646368,0.49081627,0.49371862,0.8615974,0.6932826,0.5394375,0.5876806,0.4022775,0.49985826,0.46688348,0.6590625,0.41656336,0.06355758,0.47907293,0.75061035,0.87277526,0.78707933,0.47845942,0.5134878,0.4551537,0.25186208,0.38669503,0.14092441,0.9687664,0.15339601,0.6087482,0.89225626,0.43369794,0.7641928,0.6408597,0.86394745,0.5718933,0.18376866,0.6090683,0.87014616,0.42372063,0.63188624,0.7140144,0.8644587,0.8019427,0.58921134,0.80692583,0.48941517,0.6392596,0.8044323,0.36241803,0.75896496,0.2553363,0.95009,0.4759536,0.74521863,0.48505616,0.27760726,0.4699896,0.79307634,0.32117343,0.53893936,0.30706567,0.49772322,0.5559,0.41123733,0.27733988,0.51874495,0.61735034,0.14811024,0.5627861,0.17153093,0.5774133,0.2689091,0.86460483,0.7630438,0.5856982,0.48331794,0.5375067,0.6374442,0.5634749,0.6229907,0.8214504,0.7025666,0.4113881,0.5475813,0.28536543,0.30306742,0.507174,0.7726056,0.4324275,0.5782014,0.81747663,0.39219037,0.53214896,0.6867528,0.7229757,0.77714694,0.6198684,0.60399175,0.72967523,0.51557016,0.332482,0.34331483,0.34259197,0.55568725,0.98328054,0.16709743,0.6507877,0.41874826,0.68651557,0.17887923,0.47263628,0.29278573,0.69869316,0.6017394,0.7986543,0.29639542,0.41303658,0.34127998,0.251137,0.66540474,0.2921874,0.60826933,0.5455024,0.330962,0.69611,0.50539666,0.4168975,0.7126466,0.71653163,0.7016415,0.4181133,0.64099944,0.8065474,0.4506457,0.54983073,0.45251632,0.61452246,0.8751984,0.66924345,0.8322141,0.39553666,0.3355622,0.60359406,0.6412855,0.2665566,0.269014,0.36580223,0.5119019,0.6303581,0.13503142,0.7559943,0.82139695,0.620829,0.71054304,0.6517143,0.6537997,0.54372513,0.18986467,0.52019334,0.5633149,0.14267741,0.56348944,0.54929525,0.14333215,0.6646084,0.89944214,0.5509998,0.5050396,0.51701665,0.47107098,0.5557617,0.6625834,0.8654234,0.7022698,0.5046405,0.7472377,0.4582885,0.7173843,0.25039184,0.7331442,0.30969262,0.43769833,0.6687287,0.53486073,0.75306255,0.887374,0.34219956,0.5280117,0.70227945,0.8557665,0.5318396,0.62369376,0.33164144,0.32838163
BC2026_Train_0004_S08_20250607_070007_15,0.6180015,0.8517927,0.6997676,0.8461215,0.4507479,0.81126785,0.4887177,0.5956514,0.9910466,0.5017124,0.054213952,0.7182983,0.73634815,0.8717307,0.14925835,0.8220295,0.3351708,0.43973666,0.7359615,0.7668995,0.6644172,0.36114118,0.36381269,0.5404295,0.5820028,0.49977887,0.79583323,0.37090635,0.8987644,0.40885556,0.5742382,0.67742324,0.96897244,0.8106441,0.43136042,0.70982134,0.6500988,0.83740705,0.76569754,0.36482188,0.74108964,0.792787,0.47331288,0.70468414,0.49286872,0.45992047,0.93427074,0.9391086,0.56229687,0.5683272,0.61070347,0.480581,0.4629274,0.73210746,0.37579876,0.07989942,0.41926044,0.6600628,0.5814749,0.8192854,0.48363286,0.39068747,0.5479089,0.4816357,0.39165568,0.9839749,0.7644249,0.18493249,0.58006907,0.5881731,0.42806044,0.7614863,0.5608232,0.68490314,0.34054142,0.08120915,0.59164256,0.8314689,0.75363666,0.6666939,0.67217004,0.93078756,0.8510225,0.707996,0.74808866,0.4279792,0.45547968,0.70666623,0.4567593,0.72231704,0.27515715,0.9441336,0.7216196,0.78994644,0.35611963,0.123518504,0.479425,0.77784413,0.20942368,0.6419841,0.4766162,0.573236,0.7433716,0.42737445,0.46299705,0.5429289,0.4921655,0.41162753,0.49157247,0.22461525,0.6410057,0.49520388,0.89825284,0.4825034,0.480202,0.5261947,0.6434102,0.72850376,0.7956516,0.3696289,0.8717302,0.7729681,0.35397696,0.40993214,0.28918234,0.50808096,0.38851458,0.8843833,0.44808403,0.7293945,0.8374276,0.120946094,0.806546,0.61955893,0.6156397,0.9062296,0.78999496,0.60544133,0.728621,0.61468256,0.23088199,0.6048301,0.3713656,0.67948437,0.96316147,0.1551474,0.7452237,0.5047324,0.706668,0.27477235,0.77342457,0.46554655,0.5655691,0.6372365,0.81096697,0.5112145,0.5452328,0.19984801,0.301902,0.6040124,0.52888995,0.5212639,0.52745074,0.43273488,0.77339953,0.8766468,0.6581868,0.82722133,0.74946976,0.64008605,0.39047596,0.53906024,0.7686749,0.24170977,0.6048045,0.7055111,0.75488955,0.6929946,0.48401037,0.619781,0.5615231,0.2397713,0.5421613,0.41389677,0.7883427,0.5020437,0.27836478,0.6161274,0.6050472,0.31868476,0.63439345,0.8474067,0.7502171,0.71283287,0.6481456,0.5198463,0.44268784,0.14686823,0.6783271,0.5507206,0.23717842,0.8069959,0.7331021,0.19971693,0.8233712,0.9620271,0.6205555,0.39853978,0.4922317,0.38391843,0.8062287,0.60943395,0.9217324,0.76660186,0.7707404,0.87888336,0.51489496,0.71281564,0.10412593,0.70724636,0.27642918,0.7043953,0.42512417,0.31466022,0.7052725,0.89589334,0.59566885,0.70978236,0.49010187,0.8527124,0.4104328,0.43971002,0.693918,0.50084496
BC2026_Train_0004_S08_20250607_070007_20,0.6287995,0.9647716,0.895836,0.717932,0.41623548,0.86457694,0.6651694,0.4569359,0.9714365,0.38134152,0.12671007,0.95830524,0.7258401,0.7891222,0.05845625,0.8580204,0.3937663,0.55445963,0.78389025,0.60988975,0.66992396,0.4974324,0.54352564,0.53684175,0.517485,0.17927301,0.91847944,0.5235568,0.91839075,0.7063024,0.42839307,0.73078185,0.9759668,0.56399924,0.45432293,0.7802681,0.6079695,0.7418856,0.8170121,0.68851125,0.71982765,0.5091163,0.5055305,0.58349454,0.51113033,0.47534704,0.95602065,0.9287298,0.61797285,0.6118022,0.63376695,0.5329978,0.5018446,0.49878755,0.40507433,0.07616008,0.3762229,0.7214824,0.72896194,0.62970036,0.47718525,0.37441063,0.7766572,0.57392985,0.28230828,0.42819983,0.83308953,0.37975258,0.60461664,0.7814101,0.3748479,0.7081512,0.61013114,0.76944655,0.43788508,0.2495206,0.73707914,0.76642686,0.7051614,0.83880657,0.8294587,0.6855414,0.895766,0.60209596,0.791102,0.45231444,0.63500553,0.7825788,0.25408974,0.80511767,0.4156264,0.95395476,0.89585936,0.9725727,0.35063303,0.03852558,0.5996457,0.84620595,0.27441502,0.53929436,0.19132791,0.45329762,0.59781575,0.57876384,0.27955124,0.6302816,0.37174955,0.37199354,0.6096412,0.3601237,0.62279415,0.61278737,0.7341659,0.4948783,0.69683325,0.6311258,0.77517915,0.44578463,0.7513173,0.4972879,0.8885868,0.80377454,0.401477,0.5405011,0.4616052,0.6052966,0.49798545,0.944816,0.5862913,0.42088002,0.8773296,0.112670325,0.93826216,0.66418934,0.4906942,0.50040036,0.5815288,0.4937364,0.7028285,0.7702557,0.4385528,0.5487921,0.49213666,0.686445,0.8838215,0.122720845,0.8197408,0.59540105,0.8988806,0.4568383,0.7465308,0.4677267,0.49882808,0.6941574,0.7985969,0.61078185,0.49673975,0.31007057,0.26415956,0.78220403,0.39180633,0.30722436,0.65876687,0.25396666,0.79902446,0.77995765,0.592424,0.8313528,0.6924863,0.8196697,0.5217598,0.69366705,0.81699044,0.3647426,0.7163911,0.6181598,0.77197087,0.6747535,0.54005396,0.7937778,0.780609,0.31909344,0.54757506,0.48989534,0.88451874,0.49454373,0.5198417,0.6592835,0.6153551,0.39610106,0.48709807,0.80499,0.5210768,0.7403571,0.6023693,0.53568095,0.40426013,0.38521034,0.71577203,0.52343816,0.35118076,0.71207476,0.5564554,0.60645556,0.8167699,0.9522942,0.58296543,0.35795566,0.42702255,0.344849,0.7717684,0.7292051,0.8850845,0.845536,0.4416111,0.8358661,0.47440228,0.79654336,0.14818734,0.6453599,0.4095423,0.5312037,0.584483,0.30785576,0.3729968,0.89484274,0.44427392,0.6782317,0.5150169,0.8521977,0.7337013,0.66220796,0.8104646,0.31619167
BC2026_Train_0004_S08_20250607_070007_25,0.5950212,0.96356726,0.89915544,0.6544974,0.5190854,0.9399396,0.34654614,0.24740309,0.9981085,0.26018664,0.1605744,0.89693165,0.6291795,0.8175519,0.06883408,0.9541416,0.22062092,0.669585,0.97716826,0.79448897,0.5464539,0.6975944,0.3814824,0.54420197,0.3720304,0.2523083,0.9231785,0.50350034,0.9459603,0.7072127,0.3688531,0.6307537,0.97716296,0.7328526,0.3854354,0.6073836,0.63092196,0.76809126,0.70974225,0.6682741,0.640056,0.4907897,0.4488166,0.7356436,0.48846778,0.4752068,0.878258,0.68935585,0.9144108,0.530462,0.3903919,0.43080717,0.44603348,0.62462354,0.39759097,0.15071008,0.4295729,0.8932973,0.87802166,0.4932028,0.60367703,0.4246609,0.7115775,0.42067122,0.34826887,0.79560834,0.9006152,0.45277083,0.451958,0.87152,0.37031043,0.3312834,0.6342464,0.8015223,0.7470019,0.3788741,0.67058,0.7384174,0.5601467,0.868723,0.80232656,0.7413802,0.8364278,0.7841571,0.8699789,0.45918095,0.6006119,0.66296744,0.16290802,0.8010884,0.5043833,0.74265593,0.91581047,0.887905,0.39888048,0.073843166,0.89066887,0.9382973,0.5847167,0.5985676,0.23228696,0.25756735,0.3180817,0.6076337,0.1422326,0.8553516,0.5572074,0.53725815,0.7738583,0.37151062,0.7017285,0.6962979,0.5414222,0.41684818,0.6288258,0.7027198,0.7137389,0.5514185,0.78594816,0.8009125,0.9226551,0.7573286,0.5694738,0.6900213,0.35528165,0.677005,0.71125007,0.9361779,0.55709004,0.42897895,0.895411,0.3436284,0.7347481,0.9442254,0.74914575,0.55294985,0.68911123,0.40266827,0.8428406,0.5737691,0.6832187,0.64681816,0.39041466,0.56319994,0.9373226,0.17818958,0.692556,0.9508749,0.9785708,0.64926505,0.57129097,0.69032395,0.4312716,0.539982,0.75246567,0.5757788,0.5784167,0.43501347,0.12805426,0.80661684,0.8393475,0.251038,0.7646053,0.3047146,0.5972087,0.8141173,0.8176645,0.833472,0.56127226,0.9111169,0.8817104,0.7512954,0.6902257,0.51181316,0.8023221,0.31671908,0.7763552,0.65431744,0.46621898,0.79393005,0.7182678,0.42243657,0.7684561,0.30885136,0.6379427,0.66640866,0.5146494,0.68477845,0.41494742,0.41627693,0.56260556,0.8719667,0.62087685,0.8769847,0.5501547,0.24417378,0.466958,0.29865012,0.77014613,0.62529516,0.23158237,0.47337276,0.64518344,0.5681741,0.73625594,0.82936364,0.5416029,0.3045814,0.27631807,0.21590017,0.48734546,0.7929571,0.952996,0.81262755,0.38407195,0.74921215,0.70067996,0.8958858,0.10541575,0.6538482,0.71722084,0.5480958,0.7030014,0.7446432,0.13416466,0.89691,0.6149123,0.8733526,0.7052437,0.7399594,0.7876628,0.8461511,0.7043905,0.35036206
BC2026_Train_0004_S08_20250607_070007_30,0.57291055,0.92589617,0.61991405,0.619747,0.47027296,0.7434542,0.27303404,0.17226568,0.8430331,0.23115519,0.13460557,0.45786214,0.5478608,0.6595532,0.18013744,0.923424,0.05003058,0.23917533,0.8628929,0.7879376,0.6173542,0.83856577,0.58479595,0.6222273,0.3845775,0.60335815,0.9411419,0.20437801,0.8360043,0.43191937,0.37578756,0.19940881,0.9875627,0.8185327,0.4358979,0.62682784,0.5593647,0.8164811,0.6845835,0.74654055,0.74067366,0.52636635,0.44466418,0.5697515,0.4461741,0.4301892,0.87638664,0.9291263,0.6429359,0.58200073,0.28394789,0.36711243,0.37214816,0.6075026,0.3846339,0.2835409,0.36288542,0.43993884,0.77686507,0.48495233,0.55868924,0.160454,0.73171526,0.30192253,0.13570914,0.9642899,0.79759586,0.32307154,0.54976237,0.49736694,0.35504794,0.41500303,0.8657547,0.7796613,0.8699188,0.518,0.4081227,0.8686966,0.88620126,0.82659614,0.63001066,0.69572663,0.90340436,0.6338435,0.747983,0.5417168,0.8076656,0.7705561,0.32316846,0.7738868,0.2991171,0.73395586,0.8218242,0.7731243,0.75398004,0.09860341,0.6514823,0.8146381,0.49750787,0.7024169,0.41868138,0.26503873,0.42911977,0.66687995,0.24049625,0.87023294,0.74404985,0.4746149,0.74655885,0.64721936,0.7440149,0.43184066,0.8098789,0.72382855,0.6284336,0.83890224,0.8101747,0.6890496,0.83644795,0.8375528,0.9413814,0.8485755,0.546551,0.56429374,0.35441193,0.5480157,0.5007449,0.9420767,0.6870792,0.71385556,0.8648574,0.4931979,0.5645696,0.8971258,0.657861,0.7331538,0.86897695,0.7939965,0.92048496,0.3411957,0.68295836,0.36517712,0.61783195,0.7673469,0.8881632,0.4269827,0.6742903,0.9279712,0.77549094,0.698475,0.5383825,0.539976,0.5121298,0.7380271,0.79643726,0.5407108,0.56755364,0.26707417,0.11144716,0.78656036,0.59913623,0.60555017,0.7512106,0.42927152,0.7833276,0.8542757,0.7956115,0.8304179,0.6974504,0.90965956,0.81911796,0.71635735,0.58226216,0.44686595,0.6164627,0.4974785,0.67344064,0.8785176,0.6613075,0.87694585,0.6405653,0.3217495,0.6798185,0.3880137,0.52968705,0.6110498,0.41215512,0.70250475,0.52502286,0.50237525,0.8338332,0.86887217,0.80804145,0.92236555,0.6451087,0.2530198,0.51059175,0.3846026,0.7362454,0.57076126,0.5164274,0.39763603,0.5082954,0.356699,0.83911294,0.9469732,0.5423003,0.22500226,0.26409525,0.27011132,0.6410842,0.8693768,0.9514162,0.8013149,0.47829416,0.8107364,0.6547454,0.8878925,0.18457484,0.7929895,0.60421836,0.37365294,0.80282146,0.8136524,0.3116943,0.9436289,0.8097768,0.7738629,0.92833126,0.86019117,0.39679602,0.7021267,0.8353146,0.74310213
BC2026_Train_0004_S08_20250607_070007_35,0.61497223,0.90042925,0.27083462,0.78283644,0.41486043,0.7874754,0.43388382,0.28988045,0.9313971,0.30678198,0.41413665,0.41912732,0.5016103,0.7911872,0.050107833,0.9833424,0.111415334,0.13916291,0.9537473,0.8004454,0.7446412,0.866313,0.71828717,0.40317568,0.59395355,0.5711042,0.8768865,0.16230392,0.8988777,0.4481459,0.71618116,0.49841255,0.94700253,0.8745265,0.44827297,0.740648,0.309028,0.70104116,0.90898424,0.56278646,0.6639254,0.52149594,0.45783716,0.45569664,0.52476925,0.4878285,0.813109,0.91574407,0.6047901,0.5069716,0.5812111,0.5651213,0.5526899,0.73857987,0.48040685,0.24482325,0.39107296,0.95078164,0.413575,0.7080779,0.6924658,0.21722257,0.79486465,0.494883,0.13276264,0.74405026,0.7601501,0.43406168,0.5187141,0.5891156,0.4068854,0.6247494,0.8462611,0.7938189,0.38517755,0.20196019,0.35316867,0.8212508,0.74770546,0.8718824,0.6663439,0.55672264,0.9221307,0.5600686,0.79990774,0.68964,0.8179784,0.75730866,0.33395562,0.8516538,0.29495275,0.7956413,0.7890534,0.7897595,0.7486567,0.2985335,0.74468696,0.8298009,0.51358443,0.5815808,0.21515615,0.6483224,0.4706311,0.565088,0.43195704,0.80803597,0.8241438,0.63573754,0.57853734,0.4916495,0.8207244,0.40051517,0.85660386,0.87786806,0.67194474,0.7542753,0.87773114,0.56158644,0.60712576,0.637681,0.90579844,0.84944534,0.3709562,0.5127859,0.39282387,0.4459414,0.5876771,0.8766147,0.60594493,0.65565825,0.6268298,0.17906703,0.9230557,0.6398868,0.5646498,0.61322296,0.7156318,0.9303653,0.87158966,0.5981957,0.82941204,0.42961085,0.66157544,0.7683113,0.78592503,0.49192095,0.63517296,0.57064843,0.79802114,0.36156225,0.6835667,0.6070005,0.8177542,0.6238293,0.8431654,0.6865566,0.64748454,0.19734101,0.18768242,0.7962063,0.8702377,0.7563245,0.83677083,0.62514776,0.8461448,0.8737124,0.6539547,0.8819876,0.6754344,0.8903535,0.5675898,0.63075674,0.8837345,0.48580348,0.711143,0.7280678,0.6631929,0.9222536,0.8239448,0.8022722,0.669973,0.61111253,0.69191384,0.49797916,0.44822216,0.70969474,0.31694734,0.7974258,0.7975273,0.47290534,0.8379957,0.8133384,0.685503,0.89687073,0.8404871,0.55617136,0.6179201,0.453514,0.71589893,0.40300333,0.677559,0.581617,0.6066288,0.4691867,0.8122226,0.77015555,0.5627911,0.2961958,0.25807375,0.40569866,0.71100044,0.8884581,0.9128042,0.75254965,0.5441482,0.83589876,0.53623295,0.83993196,0.38041055,0.66359735,0.34533766,0.51592255,0.6844628,0.6674559,0.43134272,0.8555933,0.58463764,0.6185664,0.8245297,0.82908726,0.26648736,0.9189307,0.81342894,0.743965
BC2026_Train_0004_S08_20250607_070007_40,0.6637374,0.8814843,0.3281175,0.7763993,0.513173,0.75325996,0.22938749,0.14979574,0.7647234,0.5493313,0.34201983,0.25915495,0.42103112,0.68972224,0.043636665,0.98620856,0.35058457,0.408351,0.7196803,0.5289295,0.74935263,0.58620906,0.37281033,0.47576386,0.6175529,0.60256314,0.91004246,0.089991085,0.9703192,0.19373418,0.54243517,0.64972794,0.92676616,0.8555868,0.4870479,0.7117652,0.5549041,0.8760232,0.96271354,0.6221746,0.76358545,0.57388276,0.2846812,0.6816732,0.55585736,0.5109684,0.82106906,0.68150234,0.52919984,0.5854367,0.5000982,0.27980638,0.24856949,0.69501793,0.41869977,0.075102665,0.43026045,0.86392885,0.5620705,0.5535706,0.73958963,0.10315517,0.58887833,0.43915406,0.19916968,0.6814485,0.9051369,0.4392292,0.672675,0.5703127,0.47164795,0.514773,0.66103554,0.8602082,0.45048413,0.16317277,0.5684407,0.9112729,0.7760049,0.63649964,0.7538513,0.7329253,0.859763,0.48870766,0.8721384,0.4300193,0.78962153,0.70473903,0.49034983,0.9160583,0.24576747,0.6173473,0.5612036,0.8559227,0.3307559,0.2689689,0.6628181,0.6502867,0.5943637,0.7023518,0.24591273,0.6301544,0.65715396,0.50526124,0.47861183,0.70401937,0.76580536,0.45594853,0.6735235,0.38973492,0.8749312,0.42607516,0.8383349,0.70787275,0.7162387,0.8288194,0.80147123,0.8548352,0.7717364,0.7958461,0.83853185,0.8256975,0.34656343,0.743175,0.24322167,0.32120627,0.6213979,0.9255099,0.4700026,0.8079501,0.65770894,0.11904684,0.68344414,0.80500925,0.56091046,0.37517333,0.6381201,0.9391668,0.924739,0.7099613,0.64141476,0.7580789,0.5066384,0.9055487,0.6102594,0.246923,0.5665376,0.62320733,0.8186546,0.31041592,0.49000168,0.6228324,0.73163116,0.5358645,0.8867416,0.69999164,0.8030058,0.3046568,0.17139809,0.47370046,0.6454058,0.88707805,0.6547376,0.6955012,0.82122976,0.65257406,0.7454221,0.92797303,0.7281141,0.82070243,0.76100415,0.7951937,0.9061104,0.2044897,0.5257415,0.6947316,0.4957513,0.94565415,0.82201004,0.8437898,0.55765605,0.6068134,0.5043582,0.47744834,0.7779623,0.47471285,0.22522292,0.77367043,0.6250677,0.6504084,0.6925484,0.7476516,0.8437265,0.8910369,0.8063539,0.56243026,0.8284604,0.18413308,0.7681616,0.712223,0.37518305,0.5206708,0.41308767,0.5405197,0.8841387,0.8500897,0.57276446,0.17930685,0.32849985,0.42773032,0.6212169,0.77497804,0.77501684,0.677457,0.6106634,0.90938085,0.7142501,0.90761864,0.43675673,0.7331076,0.5483296,0.8206292,0.51963365,0.83057845,0.33484226,0.9676497,0.65929645,0.7195166,0.8375522,0.8210533,0.32150644,0.7857479,0.70791274,0.65343153
BC2026_Train_0004_S08_20250607_070007_45,0.7182788,0.8870472,0.12220074,0.65890753,0.45652294,0.75859594,0.14412934,0.22506334,0.67167544,0.30622196,0.30293518,0.46920878,0.64458656,0.71154284,0.10004026,0.69511867,0.18799801,0.32074994,0.77094287,0.57746977,0.72646195,0.7718227,0.20076284,0.2495066,0.7237886,0.48489416,0.76625264,0.16469592,0.77370846,0.21899806,0.5324313,0.60758007,0.93366224,0.81108534,0.3540854,0.7104354,0.6294909,0.8048757,0.92450625,0.68958914,0.631518,0.49719632,0.47039327,0.68446493,0.5609698,0.4876883,0.8324728,0.9170569,0.45529246,0.5544433,0.6281169,0.5291723,0.525432,0.5583117,0.4198402,0.049150508,0.35491046,0.37645257,0.68840337,0.52475643,0.62232625,0.20845407,0.7039189,0.3880659,0.3975985,0.48433483,0.7166798,0.21130991,0.54095924,0.69763845,0.40097293,0.77937496,0.64675534,0.85975844,0.5798925,0.33399877,0.6177206,0.9289416,0.90827304,0.3571695,0.72731614,0.7138407,0.8868377,0.7109732,0.7506573,0.4373926,0.82825834,0.81413233,0.5010751,0.8121686,0.23643002,0.8391526,0.5196972,0.8411476,0.30761608,0.108466506,0.74362946,0.57700205,0.53731525,0.7690107,0.57611257,0.5785847,0.4456213,0.9808626,0.3489278,0.756944,0.7040828,0.26076525,0.7009903,0.5728331,0.7607368,0.2841531,0.90292716,0.88346934,0.5498519,0.82851183,0.90438575,0.87837094,0.7323011,0.71952885,0.88188326,0.8569208,0.5332707,0.71997476,0.19283631,0.45119542,0.32977137,0.90304434,0.47695893,0.7325674,0.6533246,0.10548159,0.4714355,0.9346393,0.6911245,0.6177744,0.84852576,0.81987315,0.9248042,0.68974423,0.5354661,0.9113059,0.47170815,0.63436556,0.7528451,0.39858866,0.57494026,0.542387,0.7390611,0.27428284,0.6541895,0.75813746,0.6337054,0.6255316,0.88207513,0.47491428,0.8379438,0.23888022,0.2720304,0.5302993,0.70419025,0.8547323,0.52761805,0.6175668,0.8660958,0.8071873,0.46804708,0.9058453,0.5718678,0.7746565,0.7397636,0.59494907,0.7285404,0.15176031,0.6397223,0.9400854,0.60385466,0.8780324,0.84138125,0.6682583,0.51628214,0.32287145,0.5811329,0.3403431,0.80345714,0.3628878,0.41994834,0.8492204,0.51837665,0.4449864,0.7247515,0.75348544,0.92253053,0.9018349,0.72094095,0.6258552,0.787453,0.24858266,0.6411613,0.7307776,0.40207323,0.59879464,0.41504714,0.62003046,0.9278375,0.90836287,0.63120323,0.26919055,0.2926646,0.3479787,0.9309669,0.8550966,0.687734,0.7794613,0.47739714,0.8575395,0.72426045,0.75529414,0.36844975,0.6861692,0.65325904,0.7482683,0.7497329,0.83593786,0.55210686,0.91870606,0.7728306,0.6176877,0.70321435,0.8935492,0.39428142,0.8023796,0.4992565,0.41372198
BC2026_Train_0004_S08_20250607_070007_50,0.6985773,0.89816105,0.1190445,0.7849064,0.43383545,0.7550644,0.35840896,0.21660943,0.74101126,0.26961926,0.20958668,0.611878,0.7776997,0.8331185,0.20359966,0.85461104,0.15957601,0.5647395,0.6286078,0.8537546,0.5072956,0.54218113,0.37785834,0.28535515,0.75261444,0.34186995,0.8694172,0.11828725,0.6805491,0.46393606,0.69836307,0.19891678,0.9927095,0.6645049,0.33909795,0.3376593,0.58777404,0.61333174,0.9547575,0.43874586,0.5047376,0.8003525,0.29055566,0.44949582,0.5146255,0.44996333,0.6553721,0.91714334,0.48179817,0.4792738,0.3141656,0.2661277,0.27460113,0.58337295,0.2972632,0.12901957,0.38034794,0.8199924,0.38508397,0.69584006,0.85960203,0.4361984,0.61143327,0.56492156,0.7290813,0.2767499,0.8933626,0.18388785,0.29181403,0.74115825,0.38419798,0.7733535,0.82789415,0.6332337,0.4589643,0.14322177,0.63680184,0.8730125,0.8129247,0.5796759,0.77822375,0.7988413,0.870561,0.923543,0.9549687,0.35026968,0.82124776,0.7771946,0.5635449,0.8238192,0.11848058,0.82562286,0.87184185,0.8671427,0.24285693,0.064143084,0.6645247,0.7153996,0.442505,0.86669594,0.67605174,0.71975625,0.19488493,0.77446485,0.3545406,0.70437425,0.73244727,0.13769957,0.6459384,0.48475826,0.77346915,0.23362376,0.72662985,0.8965215,0.81138885,0.76071584,0.9595647,0.6560031,0.7495531,0.62450206,0.8781439,0.9582958,0.51438963,0.7249823,0.31289732,0.51620936,0.2916475,0.91716164,0.5019686,0.56719065,0.6764352,0.319021,0.61215174,0.6777596,0.6567664,0.705496,0.91460466,0.6636571,0.7779584,0.5283282,0.242277,0.9782908,0.39783257,0.6938586,0.73996115,0.4586084,0.8422064,0.56990504,0.9674541,0.546983,0.8253425,0.70447767,0.64564586,0.6278213,0.7886282,0.60359395,0.8075499,0.3490706,0.35048383,0.68268895,0.97831446,0.8254576,0.7118109,0.5126601,0.84643483,0.4873398,0.45038587,0.79630935,0.76907086,0.93663126,0.72226214,0.5425021,0.74063575,0.30775917,0.68986213,0.8173724,0.8027197,0.93998754,0.8284888,0.79243,0.80261326,0.42931598,0.77107286,0.41212082,0.47491282,0.70785415,0.3096436,0.89605844,0.60910875,0.4479639,0.65865946,0.8101865,0.90963817,0.81771165,0.8226958,0.594114,0.7396057,0.24849294,0.75842535,0.51987624,0.6241682,0.39864784,0.38779238,0.80215627,0.87101376,0.8510896,0.6293563,0.23896402,0.54823303,0.5388334,0.91884375,0.9546021,0.9177682,0.7118802,0.33609894,0.83863556,0.30026025,0.67438793,0.44323543,0.73479366,0.27262476,0.7421522,0.7931385,0.563381,0.4552875,0.98789346,0.8841308,0.8707762,0.40014485,0.90936875,0.6796467,0.8885399,0.7190006,0.41630167
BC2026_Train_0004_S08_20250607_070007_55,0.64337385,0.8336036,0.39590144,0.6376675,0.45968544,0.8308267,0.39582598,0.37442538,0.6628851,0.24609739,0.3850554,0.3675842,0.79140425,0.830959,0.11892624,0.8762839,0.51398706,0.7230092,0.8295636,0.92223823,0.63982755,0.7263863,0.40127122,0.57594943,0.6608203,0.3625746,0.78943706,0.37037447,0.7506561,0.540935,0.29262185,0.38866305,0.91531825,0.72412336,0.36921042,0.5935469,0.6772994,0.73792964,0.77280056,0.64582145,0.6052117,0.7267196,0.4849275,0.55678636,0.53118545,0.51026726,0.6234708,0.67841697,0.51854146,0.55570555,0.35782087,0.34507474,0.31769556,0.5414117,0.42836642,0.14387634,0.56329167,0.4963068,0.50098526,0.8131083,0.9713036,0.5799142,0.72465605,0.59987247,0.7481175,0.61059755,0.9518524,0.3708851,0.43302613,0.82150286,0.39409795,0.5129255,0.9191087,0.79320186,0.519747,0.054329757,0.5043336,0.8341508,0.3634828,0.9186521,0.8308104,0.82403874,0.8480954,0.93952656,0.90449655,0.5828512,0.6247191,0.78489816,0.7168662,0.87669575,0.23729974,0.5804533,0.6543455,0.88901013,0.36744782,0.20889026,0.73335403,0.71434563,0.58486456,0.68624234,0.33863807,0.91372246,0.32908592,0.49314004,0.26678303,0.7006426,0.6362363,0.116144165,0.52068853,0.61585903,0.43623406,0.25946605,0.52211535,0.89968556,0.8337167,0.81992453,0.96158075,0.50180537,0.8359584,0.8051373,0.88159335,0.9240603,0.63661027,0.38006055,0.423063,0.8170788,0.65195614,0.9463959,0.6384499,0.4224673,0.63919985,0.1508879,0.8251108,0.7885076,0.42383313,0.9022495,0.89781046,0.50078416,0.82756376,0.8224817,0.41241288,0.7026541,0.6841029,0.6190237,0.5655117,0.9200537,0.81861067,0.293427,0.98726034,0.57628727,0.7797261,0.53948545,0.6543664,0.42031983,0.85168123,0.47813624,0.7475946,0.7233057,0.5426125,0.5824634,0.88231164,0.9623176,0.8144108,0.72573215,0.771305,0.7705915,0.52600086,0.77913815,0.70145166,0.75535035,0.73868513,0.76258415,0.5713895,0.386723,0.8039978,0.58395386,0.9042143,0.9792042,0.78368783,0.8623389,0.8112466,0.4292913,0.6724124,0.45766905,0.52759254,0.70974064,0.1740904,0.8937934,0.56197727,0.18817326,0.7226552,0.77794766,0.8801141,0.75727874,0.78259856,0.5815082,0.64354193,0.3397973,0.83641726,0.7319279,0.86648697,0.34149396,0.39410052,0.5410994,0.8504831,0.6004596,0.6182444,0.18672474,0.41510206,0.4690711,0.83372825,0.91324294,0.9805854,0.7150321,0.5264033,0.7653893,0.24527669,0.7717338,0.33647937,0.5758528,0.19166866,0.5906273,0.7894396,0.65534186,0.54614216,0.8892727,0.9065312,0.85436165,0.4399522,0.77063894,0.61476827,0.90039194,0.72202235,0.45579118
BC2026_Train_0004_S08_20250607_070007_60,0.6266146,0.7920932,0.7831117,0.56722283,0.46140414,0.59207094,0.7525437,0.8958583,0.8945395,0.37569872,0.13985005,0.08978792,0.717247,0.72520113,0.36626253,0.800699,0.7617062,0.3815988,0.8241994,0.8278725,0.51172125,0.65141594,0.8738062,0.35711107,0.53229654,0.113664344,0.8130166,0.3734522,0.71309257,0.7617077,0.27524683,0.37255704,0.9100275,0.57275754,0.4647042,0.7507781,0.44597268,0.5118589,0.8913522,0.63507533,0.41786897,0.72415864,0.4311514,0.568805,0.46821773,0.5265352,0.7624653,0.68080103,0.50388616,0.49406928,0.55526185,0.49299297,0.452888,0.45460916,0.37695315,0.37266457,0.56803536,0.8750528,0.9177662,0.4863806,0.754447,0.8959374,0.7268464,0.7426615,0.8155941,0.9507017,0.68646747,0.33744532,0.23499534,0.62206894,0.41506666,0.58941555,0.9834354,0.70686334,0.37129468,0.01623625,0.13914359,0.7398788,0.3377183,0.7689811,0.74830496,0.86867565,0.95020413,0.9883312,0.9057971,0.82164794,0.6851179,0.8131683,0.78274167,0.84830654,0.3368507,0.8245913,0.8804909,0.9687328,0.7714954,0.81090003,0.69765204,0.5423424,0.27895078,0.4420712,0.3116861,0.9787604,0.13061665,0.6398264,0.5538804,0.67690206,0.7248981,0.39208743,0.48671424,0.9243895,0.4324756,0.3836708,0.6009358,0.8583101,0.7529495,0.882825,0.69005895,0.7918836,0.80021346,0.6077936,0.78318405,0.729767,0.728375,0.3672786,0.6940062,0.89054585,0.61887115,0.8282896,0.3454244,0.35897288,0.9028271,0.26593414,0.6816451,0.7539117,0.20509541,0.9894522,0.77362335,0.72103155,0.7278539,0.95241463,0.84146667,0.6057836,0.8945104,0.9024417,0.60259575,0.9726417,0.94451034,0.24046622,0.99149406,0.639465,0.8313999,0.73924893,0.5226941,0.66418236,0.8815381,0.63904953,0.56226903,0.82876045,0.44398326,0.8979708,0.7326159,0.9992917,0.6388759,0.86198956,0.61515564,0.5407587,0.36357638,0.9271519,0.63484496,0.73175615,0.33590817,0.5620871,0.54941976,0.6671275,0.8549708,0.7514289,0.9915,0.96928716,0.7394453,0.74155617,0.94027495,0.36823905,0.6106795,0.5216085,0.45980212,0.59790957,0.29590338,0.9712374,0.9114062,0.22164552,0.77452505,0.62417936,0.96869993,0.7364075,0.93272495,0.90459377,0.6620214,0.40243623,0.8785542,0.81920415,0.9806917,0.7522896,0.58837575,0.26135996,0.84310925,0.6953966,0.5197432,0.37501323,0.3705933,0.48779577,0.7854674,0.8358059,0.9473657,0.8613834,0.27582943,0.6700249,0.18128666,0.92175204,0.20867607,0.55207837,0.2921582,0.16512883,0.90670836,0.53504705,0.5041976,0.7760981,0.8364174,0.9089229,0.4324774,0.7957305,0.8520563,0.9433916,0.63721144,0.43572497
BC2026_Train_0005_S08_20250607_070007_5,0.51438093,0.87122947,0.56889683,0.7392732,0.45232916,0.39223292,0.30598617,0.44231516,0.87442225,0.082302295,0.21631032,0.83481634,0.97144365,0.7115878,0.3101404,0.29385173,0.59107995,0.74555665,0.6374498,0.41469333,0.31597868,0.87471694,0.7760974,0.71923864,0.34516034,0.14229308,0.6509824,0.272685,0.625501,0.8927525,0.3276242,0.56862915,0.64542526,0.40583286,0.4897979,0.66463864,0.54383665,0.431146,0.79130304,0.59933174,0.36563206,0.71454644,0.40743646,0.4563141,0.9098322,0.9261873,0.75474566,0.4546614,0.56313825,0.47415495,0.4389451,0.28822607,0.25033265,0.4439186,0.82203823,0.5739577,0.41506666,0.88805586,0.87997913,0.5031092,0.6218247,0.53770614,0.8227587,0.29165152,0.34937623,0.914667,0.8324636,0.11055909,0.18927643,0.40263072,0.4775604,0.49793047,0.851827,0.494636,0.6465768,0.5731292,0.22827752,0.8038987,0.65502673,0.31470475,0.9073293,0.5540981,0.8052843,0.87075627,0.7405415,0.8124248,0.7328875,0.37711218,0.9153667,0.8519383,0.099862084,0.9049066,0.81311595,0.5221118,0.5068997,0.5941961,0.80743545,0.36536658,0.58905756,0.80069995,0.89615226,0.9371066,0.33422884,0.32339507,0.14901632,0.7535832,0.7573656,0.85439587,0.95060617,0.6565044,0.8078517,0.15314344,0.93698955,0.35137382,0.7766214,0.9870666,0.65236783,0.22192708,0.450009,0.72918904,0.73646957,0.7795361,0.6097743,0.9472791,0.11346985,0.9943333,0.27830982,0.76006967,0.7695233,0.28193167,0.9643328,0.8474046,0.7671508,0.92543083,0.9101263,0.53294826,0.8742121,0.8243928,0.89461476,0.24073157,0.6861191,0.8188271,0.98229164,0.95040834,0.6378769,0.8946663,0.84474355,0.54134935,0.6935441,0.3384681,0.9363007,0.88688755,0.8566158,0.88120216,0.7559856,0.85484684,0.63779247,0.6425525,0.7560048,0.9054855,0.74149173,0.7906362,0.513284,0.33071908,0.72043073,0.6549875,0.27468872,0.9695324,0.86831886,0.95409834,0.7663047,0.8253117,0.38379717,0.46632454,0.8409548,0.3714744,0.9880084,0.8017005,0.90994716,0.37624085,0.95105207,0.5344395,0.74720174,0.7910491,0.67987895,0.89455837,0.72018856,0.95121074,0.4143665,0.1126575,0.83514905,0.8822655,0.7608974,0.76599675,0.94705,0.6412553,0.8370939,0.6752271,0.45678663,0.21130627,0.2953242,0.967077,0.41811165,0.8610543,0.7627099,0.56740177,0.6011565,0.49888965,0.6100491,0.7935766,0.89727914,0.90585506,0.92825204,0.88093036,0.44154692,0.6333283,0.61694515,0.70374006,0.9363833,0.86111504,0.4960674,0.6924231,0.94778174,0.9732728,0.434676,0.73615223,0.8596208,0.6790967,0.8888142,0.9387097,0.7542688,0.8697963,0.8612746,0.3224106
BC2026_Train_0005_S08_20250607_070007_10,0.47533095,0.6392225,0.6893789,0.5240743,0.48237294,0.55519795,0.42305297,0.5113737,0.45438406,0.30074358,0.20540948,0.5138731,0.90620375,0.6502422,0.49091667,0.28157735,0.62924933,0.37025994,0.44753483,0.6042893,0.5387094,0.6332718,0.82801664,0.44150716,0.41086486,0.65854585,0.20865834,0.29850578,0.7013998,0.89059186,0.39131325,0.2778123,0.664465,0.42609996,0.41706043,0.42496818,0.1305204,0.40746868,0.6645529,0.51892996,0.41206393,0.4410357,0.27553535,0.388483,0.7824321,0.7925517,0.7215493,0.5216268,0.4876883,0.47590804,0.32462007,0.30301538,0.29566488,0.45279592,0.79251164,0.46959192,0.5383354,0.8227711,0.64781696,0.71416867,0.78116626,0.17736477,0.5931381,0.4347973,0.7229096,0.922693,0.683448,0.26555938,0.13738967,0.46114218,0.3900417,0.70006764,0.8354857,0.39948624,0.36902356,0.2837087,0.320638,0.6673888,0.38329044,0.23839149,0.75840235,0.62273467,0.88892096,0.4935215,0.8134234,0.7496091,0.501675,0.521477,0.8763672,0.7267699,0.46058336,0.8901086,0.5507072,0.28836477,0.5775154,0.4267463,0.63565063,0.5784121,0.64205,0.522325,0.80228174,0.9216984,0.33642587,0.4824857,0.29445058,0.50587416,0.82122934,0.6444062,0.66858613,0.66484535,0.85949326,0.27119917,0.8729923,0.29337412,0.9369584,0.9467666,0.7577312,0.22139837,0.8304528,0.544088,0.7032246,0.90991527,0.38044003,0.72738886,0.18120258,0.949615,0.33469036,0.64916044,0.8087659,0.43670464,0.96281457,0.88797295,0.7733046,0.7900265,0.6567168,0.45529622,0.8337879,0.90198123,0.8170766,0.4591705,0.5167587,0.6341421,0.8528045,0.7437413,0.39731038,0.94885826,0.95921874,0.41596818,0.5799718,0.34711707,0.8932829,0.84883726,0.7027645,0.6320583,0.5266981,0.79332435,0.6690815,0.8923563,0.6156583,0.80847037,0.29345062,0.9296643,0.39437276,0.64374954,0.55427146,0.6672434,0.45170203,0.9892042,0.5612055,0.69149256,0.4473135,0.9541218,0.3822694,0.6890205,0.92651874,0.5843229,0.96586186,0.90914583,0.72290146,0.5195106,0.8528701,0.7254026,0.5032917,0.7393319,0.59301317,0.91912913,0.5003983,0.8711728,0.3937153,0.2082385,0.6301314,0.7350335,0.52384746,0.67486024,0.9155866,0.786407,0.5537443,0.27726233,0.53575265,0.34135705,0.381527,0.87758505,0.55230904,0.6323698,0.9449979,0.49833596,0.58746773,0.3141364,0.7403271,0.5881597,0.65156215,0.8951691,0.61497855,0.9670416,0.34768808,0.7563211,0.29712138,0.8673894,0.78677034,0.5996387,0.50396204,0.5410243,0.7219747,0.91053295,0.48159298,0.54430795,0.9493625,0.70856655,0.6169072,0.723246,0.49866498,0.9484832,0.6054148,0.5955423
BC2026_Train_0005_S08_20250607_070007_15,0.5386909,0.7674047,0.57641387,0.8817421,0.5357229,0.5003809,0.60004306,0.4013759,0.6289463,0.48060194,0.2392861,0.6928421,0.96354973,0.5535569,0.29091668,0.6517642,0.59389126,0.5181618,0.3559941,0.3843687,0.76982087,0.74043846,0.5641392,0.5505507,0.33847687,0.64527464,0.7994073,0.40476915,0.81533945,0.7803883,0.33257273,0.29864615,0.53357047,0.752855,0.4455229,0.82576036,0.54863524,0.7459569,0.577685,0.4167048,0.47583798,0.5963406,0.190824,0.58329004,0.9019362,0.9274145,0.68910635,0.53999853,0.4982064,0.49554184,0.3129838,0.23691094,0.24768938,0.44117552,0.7322251,0.5339208,0.54686046,0.80407566,0.82735926,0.5301442,0.54557467,0.15555167,0.4365259,0.3417669,0.6594982,0.8058243,0.8457981,0.22530235,0.34562016,0.42008278,0.47701043,0.60404444,0.820666,0.6928042,0.5538849,0.40236515,0.736833,0.7390725,0.60375726,0.3436253,0.8677957,0.8837426,0.87806547,0.56909364,0.860384,0.8494291,0.5337509,0.4441628,0.885063,0.8731337,0.31476218,0.93677914,0.6998358,0.29956102,0.7529222,0.5975148,0.67967975,0.6232978,0.48063752,0.6622498,0.9099634,0.75220263,0.6079416,0.5431126,0.382464,0.6990972,0.91183126,0.89060247,0.92397857,0.32161123,0.88953215,0.29173,0.937899,0.5823667,0.88204473,0.7704965,0.83134645,0.54937834,0.8976126,0.7665574,0.7376478,0.9159738,0.5889983,0.91054314,0.19143316,0.95796347,0.16964166,0.87616503,0.9358855,0.6210029,0.9003243,0.8368885,0.55844367,0.90770304,0.7114461,0.6084449,0.9322563,0.8152784,0.86626184,0.37732568,0.5889647,0.7246009,0.95607394,0.79006463,0.7984522,0.8285725,0.91410315,0.61961746,0.48798814,0.3747436,0.8714622,0.80443174,0.8249276,0.816632,0.73736954,0.8710167,0.5183039,0.7411372,0.708792,0.7237427,0.2710648,0.8829285,0.34083116,0.46542403,0.81001794,0.5157943,0.5221939,0.98044306,0.5553825,0.8980182,0.6525159,0.8678468,0.69339746,0.5150273,0.83955336,0.49010098,0.9530345,0.8867208,0.8276856,0.78624684,0.86982214,0.76413745,0.772086,0.8029242,0.52638394,0.8797124,0.75853956,0.96457916,0.20052917,0.46291667,0.8431499,0.75049806,0.5870304,0.7959211,0.86462,0.7614919,0.67655236,0.10762393,0.75362015,0.6775994,0.6554273,0.93488634,0.45101476,0.9091022,0.81732154,0.6964615,0.5831942,0.5610829,0.816522,0.60992277,0.75430936,0.9295102,0.7372847,0.94277143,0.24161607,0.9810074,0.3540101,0.7922966,0.7172899,0.79280573,0.32842472,0.8059896,0.8980056,0.9216207,0.6185928,0.84135085,0.70600086,0.782704,0.7124158,0.957609,0.6803846,0.9524267,0.8233232,0.5724039
BC2026_Train_0005_S08_20250607_070007_20,0.59026057,0.93221426,0.7961643,0.7863268,0.4660104,0.4834479,0.41354483,0.47763586,0.58332515,0.23626976,0.2646332,0.90671873,0.9549728,0.58711034,0.33653265,0.7941383,0.5737805,0.7637759,0.16946386,0.27027166,0.59762,0.25292045,0.60546124,0.33870474,0.3639941,0.41414598,0.71120155,0.6138333,0.9316975,0.95899844,0.5649843,0.4319374,0.6277772,0.47875392,0.44703543,0.7240907,0.32503706,0.6117436,0.6443441,0.49044427,0.40895626,0.66355145,0.40469941,0.466322,0.9235869,0.93424535,0.7712007,0.5684675,0.46216428,0.4529084,0.6124857,0.5599016,0.5565628,0.5073827,0.76018333,0.18008776,0.40083545,0.36111313,0.8093758,0.53162926,0.32233772,0.30574137,0.56641906,0.4584108,0.605504,0.5613835,0.8605968,0.12735191,0.5166836,0.4841811,0.45652294,0.36750203,0.7939463,0.6950319,0.6351694,0.43243366,0.6911564,0.8940095,0.67495257,0.5854293,0.92542404,0.90565777,0.8265575,0.5660396,0.8143178,0.8381816,0.77473533,0.38621545,0.9004125,0.96454024,0.18964243,0.93929374,0.74209243,0.35324472,0.7807415,0.5556377,0.90230036,0.42880118,0.35850796,0.70889586,0.96302676,0.79154944,0.54276955,0.5777971,0.23725961,0.81722337,0.8664876,0.8135773,0.8953157,0.40963656,0.8613705,0.31171817,0.67402035,0.69110745,0.68803823,0.7773607,0.8109861,0.5281418,0.64254534,0.79985476,0.71892154,0.93254054,0.6067788,0.93771994,0.3501961,0.90504646,0.3730126,0.9073636,0.864495,0.4363497,0.9318903,0.49723625,0.61421496,0.94573534,0.8005982,0.4980936,0.83282554,0.8638264,0.855819,0.44685507,0.7336104,0.6151699,0.9375151,0.8527467,0.6552855,0.5873559,0.8457345,0.49234313,0.52722776,0.66434,0.90227634,0.7256199,0.8795514,0.756069,0.8577701,0.86362034,0.3904425,0.37653786,0.8142985,0.82188094,0.21410945,0.835678,0.32909837,0.46835542,0.8225477,0.55716896,0.40770128,0.8416763,0.4992185,0.90320706,0.79977083,0.65617275,0.7161174,0.57598245,0.71370035,0.55038166,0.8743902,0.86398995,0.88083506,0.8404787,0.8722136,0.7148295,0.9005251,0.813657,0.7771163,0.63547766,0.81400836,0.9578105,0.33180058,0.24475616,0.8573854,0.834049,0.5650392,0.7949212,0.8529941,0.72169214,0.75567776,0.3113584,0.65485424,0.64265144,0.63134146,0.84464705,0.31841636,0.9414313,0.80628306,0.72730505,0.60055655,0.6339166,0.6567839,0.706253,0.8475932,0.9431914,0.8003548,0.8879849,0.21387798,0.86512065,0.5616808,0.7178735,0.5104561,0.7694709,0.3476657,0.79952335,0.84853053,0.8404973,0.66926473,0.98060286,0.73471284,0.88393325,0.7970784,0.9719666,0.55319905,0.7210908,0.8104959,0.7306917
BC2026_Train_0005_S08_20250607_070007_25,0.5800425,0.9055306,0.6208911,0.83936614,0.5420479,0.4185663,0.2571614,0.44533178,0.7976051,0.26858836,0.4036551,0.84544575,0.67572,0.575917,0.12744984,0.67386514,0.34906548,0.57369226,0.30112818,0.38062936,0.60551876,0.38571888,0.572103,0.691514,0.19264011,0.3315079,0.749042,0.51826835,0.8650407,0.68526685,0.35458153,0.15457788,0.7596363,0.4829645,0.38392293,0.35983324,0.48120594,0.7389523,0.5854273,0.4374474,0.6293273,0.55959857,0.31277534,0.37361178,0.9230751,0.91722465,0.82097596,0.5991804,0.56734556,0.52737665,0.54479504,0.1572709,0.17000718,0.7135844,0.71548676,0.037241668,0.36096042,0.3981413,0.6309688,0.39155224,0.57031476,0.20151235,0.48896283,0.4544729,0.37703064,0.40471587,0.82592165,0.16609424,0.71147895,0.52878064,0.3637104,0.13001716,0.8192089,0.8096909,0.8103577,0.5168071,0.51427174,0.8033021,0.8021618,0.59128016,0.9585574,0.9252167,0.9463271,0.3789648,0.725271,0.506653,0.68874514,0.7800725,0.6830707,0.97324044,0.22248586,0.8056954,0.4039875,0.52412033,0.8721359,0.45311853,0.8863753,0.16273676,0.7355184,0.811545,0.6015914,0.8472507,0.38706064,0.59486973,0.28982455,0.7365868,0.8360237,0.61455244,0.6775291,0.68786854,0.55183935,0.53395,0.79414684,0.50716424,0.56179595,0.81040835,0.54641545,0.67070055,0.4215525,0.8767967,0.656619,0.95226675,0.77209365,0.7929934,0.29598927,0.8406091,0.42969853,0.84412634,0.53827316,0.36805364,0.74642926,0.56514776,0.4279058,0.8796935,0.661353,0.5539641,0.43096942,0.733637,0.7936964,0.514944,0.6004617,0.8881912,0.8343354,0.67425764,0.8795301,0.39649186,0.87193936,0.48315287,0.7334753,0.5962992,0.7802805,0.716532,0.74376875,0.5090836,0.96464866,0.9005335,0.6613804,0.4449294,0.75278836,0.7866454,0.7794914,0.8204011,0.42041034,0.76735216,0.7789468,0.382522,0.64023167,0.82504785,0.7284478,0.66791904,0.61129606,0.91744024,0.87492067,0.8555937,0.7568109,0.40627536,0.85556924,0.81329757,0.7443671,0.6806973,0.8871579,0.7320286,0.81553215,0.7795238,0.94401675,0.74713004,0.54800683,0.8767167,0.49456045,0.15808883,0.6232281,0.6327235,0.66608405,0.80068994,0.85291183,0.8841293,0.50148994,0.25731134,0.606991,0.7170416,0.56421906,0.5162747,0.34264606,0.712566,0.7601751,0.75992376,0.62429404,0.24994001,0.60034305,0.70693827,0.6952653,0.9462687,0.6271771,0.901612,0.413209,0.61383486,0.5853958,0.721033,0.22005424,0.8114012,0.5687832,0.78901047,0.6817337,0.4252754,0.853498,0.9322011,0.9141449,0.89844584,0.7215688,0.88871324,0.31885153,0.839293,0.5761142,0.54562676
BC2026_Train_0005_S08_20250607_070007_30,0.65349793,0.92839134,0.7532228,0.7103891,0.5608854,0.5104084,0.123726085,0.33949348,0.7932881,0.34632218,0.24468657,0.8546748,0.65280795,0.6276573,0.125188,0.7010981,0.18404374,0.5903349,0.44621256,0.65329975,0.48819718,0.38381052,0.28653514,0.6564965,0.24355298,0.09628483,0.87112606,0.47666454,0.9836813,0.7381541,0.36821562,0.39617163,0.7103855,0.6233469,0.3690729,0.72300786,0.47098735,0.8741661,0.719151,0.60659194,0.6804966,0.50699043,0.48126626,0.57524616,0.8278495,0.8231466,0.95814973,0.53859603,0.5146147,0.6066133,0.59106505,0.41963625,0.3956266,0.6059095,0.8338468,0.052003752,0.45157295,0.31637406,0.6152166,0.38945776,0.6426203,0.27824983,0.58497155,0.23523001,0.35480702,0.3465328,0.92228836,0.20622107,0.7919355,0.5774255,0.42104796,0.2245586,0.87700784,0.66387683,0.97214943,0.5668733,0.73892504,0.7724956,0.6412394,0.4335577,0.9880165,0.82292235,0.85775936,0.22383574,0.8347218,0.27839392,0.90903676,0.9274626,0.5129626,0.97953117,0.2838611,0.78558475,0.47957748,0.47648197,0.8026605,0.5076804,0.82920426,0.29420894,0.9440917,0.7550888,0.27716768,0.86464995,0.42917767,0.48498297,0.3937459,0.8012984,0.5076538,0.2841912,0.8201209,0.7824223,0.61715734,0.34678626,0.71529007,0.4727411,0.6287075,0.9201257,0.6997883,0.5872519,0.40755805,0.9685584,0.62051386,0.79878247,0.881187,0.8496328,0.19635685,0.74392384,0.532258,0.8300093,0.61972666,0.2911116,0.95592797,0.83472884,0.39889124,0.8670988,0.9403929,0.53156567,0.42704314,0.5145714,0.791103,0.76047456,0.69293654,0.84707785,0.8015322,0.79940534,0.91694725,0.2326265,0.75374806,0.36080205,0.7432016,0.6765808,0.85618544,0.60533416,0.86418474,0.27707767,0.97380173,0.8994313,0.62016153,0.28355396,0.53952944,0.6885106,0.9154629,0.7564538,0.32920069,0.60269654,0.9019393,0.41553342,0.6506119,0.77318823,0.5717539,0.78595054,0.788328,0.8989759,0.9002855,0.6524053,0.85869277,0.3626044,0.6009751,0.6871128,0.8814149,0.78161556,0.83872765,0.54292786,0.69447124,0.8685459,0.6716577,0.5144706,0.25936937,0.8916089,0.518451,0.14548635,0.84805757,0.74064255,0.73326087,0.91620696,0.88926226,0.8745966,0.6932415,0.31171018,0.4905145,0.66005826,0.76180416,0.5129554,0.50845546,0.73063385,0.7111775,0.69107735,0.5762014,0.1813395,0.482513,0.6362799,0.8308635,0.8627829,0.7480783,0.7466254,0.42905146,0.7014494,0.3480001,0.66704667,0.18348235,0.8798317,0.47513455,0.42573297,0.77778494,0.4533698,0.8519832,0.86526453,0.9549167,0.7441493,0.7234309,0.95079094,0.53337824,0.72044915,0.7973695,0.538433
BC2026_Train_0005_S08_20250607_070007_35,0.59142023,0.85131085,0.6856935,0.8376752,0.51358545,0.386253,0.2912624,0.37185174,0.85889125,0.31336117,0.23694995,0.5242003,0.5576767,0.5023422,0.32525316,0.7034938,0.13514842,0.36625725,0.3063172,0.49991527,0.38705766,0.6004066,0.27435273,0.3859456,0.28879294,0.10353108,0.72322977,0.15834369,0.8870467,0.6003374,0.4534624,0.18056972,0.6906635,0.65232205,0.38199797,0.61536765,0.5117786,0.7660801,0.6425256,0.3636406,0.5993011,0.63378567,0.28942987,0.28959048,0.73495597,0.68893504,0.9694143,0.5855068,0.56411994,0.57660145,0.4468146,0.36822018,0.39266133,0.41520014,0.7511365,0.084202245,0.41238543,0.5795896,0.48885167,0.472936,0.3602781,0.18052427,0.6692828,0.42391044,0.19613434,0.5139678,0.87534857,0.2744876,0.5526452,0.51766896,0.3726479,0.5674896,0.8181067,0.78392076,0.97461355,0.6592905,0.8659795,0.8527198,0.4869133,0.39812204,0.99672496,0.8446081,0.8348366,0.4799446,0.9107864,0.3117521,0.60946816,0.9094032,0.79488873,0.8174773,0.14100416,0.64400053,0.60704124,0.51598084,0.7069041,0.49633992,0.7923966,0.20890762,0.94153076,0.9035965,0.4712674,0.72238857,0.1681957,0.36247975,0.3904426,0.95988125,0.5753089,0.26309997,0.91239715,0.44693425,0.70003575,0.18742341,0.7657247,0.6079571,0.6943486,0.93492824,0.8069375,0.7252749,0.54663515,0.9557996,0.63776577,0.6756921,0.5059355,0.88772255,0.21628319,0.7794044,0.5292287,0.8730056,0.66804713,0.2584312,0.9037739,0.76040363,0.44519076,0.7997266,0.9670046,0.59430116,0.5522304,0.4467825,0.7623677,0.8011969,0.5348433,0.9199693,0.8943513,0.8942038,0.4815161,0.47029138,0.6741688,0.5012342,0.49298435,0.7230917,0.92857593,0.6311841,0.97276247,0.42576846,0.9501765,0.83216465,0.6394551,0.15803117,0.78730935,0.6077313,0.9552097,0.8137627,0.47561234,0.3696611,0.8822453,0.6948317,0.46879098,0.6932214,0.5338037,0.8878576,0.85743964,0.8434421,0.83298934,0.22307357,0.7043512,0.26145652,0.621281,0.65620416,0.93501407,0.5731493,0.62064123,0.7949514,0.82284343,0.9719751,0.259362,0.31368646,0.4876966,0.7452855,0.5099675,0.18077926,0.80772585,0.8711389,0.7969353,0.85173726,0.88984215,0.82243955,0.9531688,0.274588,0.6502155,0.42789167,0.49761623,0.7041854,0.91290414,0.39628464,0.7059885,0.74329185,0.60612005,0.24855933,0.76983416,0.83137596,0.7516147,0.9163525,0.6413189,0.9343298,0.31014186,0.73381734,0.55790436,0.7948112,0.13902551,0.9688871,0.67543745,0.40104607,0.66836303,0.7621429,0.64295745,0.8236241,0.8512222,0.6397853,0.9468543,0.96764743,0.5785967,0.61319345,0.87824935,0.43458372
BC2026_Train_0005_S08_20250607_070007_40,0.5806874,0.8002449,0.49165562,0.6932056,0.52156043,0.36423135,0.68650275,0.74128544,0.87018037,0.5613705,0.44883126,0.49503118,0.8186667,0.481416,0.48528105,0.9685496,0.33053455,0.2515804,0.2694808,0.5960686,0.23466803,0.6273942,0.37236828,0.66916037,0.19579536,0.2067759,0.98092526,0.103837244,0.89251447,0.7734642,0.40902182,0.5053281,0.55229425,0.58347905,0.3670104,0.45012492,0.34198555,0.7620001,0.6671587,0.45731783,0.60232604,0.586532,0.46282506,0.44826955,0.94279194,0.93425715,0.9393221,0.5227487,0.57379663,0.5697297,0.54666173,0.3419844,0.33711177,0.55719775,0.82480156,0.11495118,0.46972293,0.29790944,0.6681669,0.5330789,0.481171,0.13736808,0.74440324,0.33445337,0.22142665,0.68114316,0.5751103,0.15487626,0.7032032,0.7085396,0.47756046,0.51018834,0.7166525,0.5831519,0.9871566,0.26622134,0.73327553,0.7617628,0.23357801,0.40644267,0.9775735,0.66890746,0.9266633,0.6734907,0.9405354,0.5603513,0.5038964,0.5263846,0.8919661,0.641487,0.07227092,0.45337835,0.83354384,0.40356633,0.55020285,0.70999175,0.7837583,0.4914306,0.6569719,0.82737696,0.71596,0.8778323,0.23658374,0.50441694,0.27113825,0.78222036,0.62323403,0.73151755,0.9707355,0.40403083,0.4076169,0.21769801,0.71776426,0.37849748,0.41656968,0.7911023,0.4925877,0.7390542,0.56110734,0.7043538,0.68001187,0.72797173,0.6301132,0.94413364,0.3957646,0.8054141,0.41790068,0.865947,0.84221715,0.29845572,0.8223901,0.5613434,0.3383362,0.85765564,0.9734833,0.55840707,0.84644943,0.6905789,0.8524998,0.50962716,0.28278834,0.5119456,0.9500062,0.67528224,0.42403185,0.78519225,0.8269135,0.48373264,0.4937996,0.41400072,0.95558536,0.6758625,0.9555912,0.6304269,0.9400236,0.8451221,0.4883628,0.39268252,0.8559604,0.6643673,0.67334914,0.626305,0.3479759,0.22971414,0.5761219,0.392672,0.3425816,0.7211005,0.62854046,0.9551647,0.63413703,0.82181346,0.5644838,0.09077267,0.7763741,0.55750537,0.8487355,0.63186896,0.970525,0.6491109,0.71375203,0.80574596,0.6666898,0.97430223,0.40716317,0.5728696,0.6447078,0.7557531,0.38341323,0.24337167,0.4111237,0.88654596,0.62180114,0.8442044,0.8926466,0.9391209,0.8289098,0.18481867,0.54572594,0.6268024,0.25215316,0.6100038,0.7728401,0.27100515,0.6894219,0.80501467,0.6255839,0.48983333,0.7545018,0.69365376,0.59093666,0.8091187,0.7169093,0.88215107,0.13199656,0.6723499,0.5609337,0.8516967,0.33561134,0.98450625,0.6219624,0.6289635,0.93312055,0.9422167,0.66336906,0.8090002,0.59358156,0.7346413,0.8464562,0.94092786,0.6599716,0.29202655,0.9431979,0.47190934
BC2026_Train_0005_S08_20250607_070007_45,0.61575544,0.8140393,0.50112057,0.68585235,0.4981854,0.5348667,0.89083123,0.66798955,0.98929226,0.42386624,0.16761789,0.551515,0.83416843,0.58798766,0.2884267,0.94024146,0.29166204,0.24323201,0.6135307,0.6295166,0.4183213,0.60828346,0.31196496,0.6243507,0.43806273,0.153521,0.9798416,0.21580261,0.834471,0.6962485,0.40201518,0.5923772,0.7733905,0.77017784,0.4114229,0.45705357,0.10738034,0.6468975,0.9235928,0.3714066,0.63404554,0.47188884,0.35347205,0.47276568,0.7183577,0.6823437,0.91967404,0.61741185,0.5282181,0.52835834,0.42689508,0.32055563,0.29404324,0.696601,0.7215178,0.04610484,0.46271044,0.7079376,0.76685697,0.5431668,0.72629553,0.044606585,0.61546934,0.27896234,0.14025995,0.34031466,0.61419064,0.2631749,0.63297224,0.7434437,0.48911047,0.2537524,0.5824093,0.6027183,0.6940255,0.21555234,0.5989779,0.78077906,0.45464972,0.6925904,0.9374467,0.83288276,0.92601824,0.77411544,0.95710194,0.5363723,0.7907947,0.63738614,0.7454754,0.7600334,0.065229416,0.42540926,0.79003173,0.35425723,0.606472,0.7892564,0.8403572,0.66776687,0.447374,0.7711611,0.54907405,0.88634044,0.23768368,0.421431,0.25475374,0.5147989,0.8375418,0.8048444,0.94826984,0.43400505,0.38482103,0.1812346,0.7233486,0.5132305,0.5009135,0.7241185,0.48141697,0.7188536,0.37610668,0.75177497,0.8149371,0.7428936,0.75097555,0.9202802,0.24038598,0.90120494,0.6446806,0.83793753,0.7325136,0.3826161,0.8397969,0.7426774,0.5253456,0.75624824,0.9324792,0.63475335,0.77149594,0.81132185,0.8131124,0.6439709,0.257464,0.46623468,0.79649884,0.51707935,0.6149874,0.68213934,0.75006616,0.4172163,0.40119553,0.46833453,0.93009055,0.7154917,0.91026795,0.64173967,0.9844438,0.8245262,0.28533834,0.7170106,0.73338485,0.78468114,0.899651,0.7329587,0.5584876,0.25678885,0.6284591,0.57421994,0.57508224,0.89464146,0.57031673,0.9016198,0.3177255,0.7982533,0.74922115,0.20074575,0.80032974,0.55328083,0.9429466,0.7675617,0.82633066,0.78826404,0.6459267,0.6095306,0.8064365,0.903386,0.6284887,0.5565929,0.61881435,0.8199006,0.6753271,0.34311908,0.48470375,0.72558296,0.39086202,0.7995877,0.83430827,0.8125765,0.666805,0.079809666,0.7773319,0.6381396,0.24886985,0.7241981,0.6233775,0.2558955,0.6945458,0.7325591,0.6277209,0.5250517,0.709929,0.40365243,0.423903,0.8263305,0.8604281,0.89558625,0.185258,0.55685467,0.37817717,0.8504068,0.2829708,0.84457445,0.5654566,0.5069568,0.8417946,0.96887124,0.72440636,0.73263794,0.53813756,0.8654352,0.9164697,0.94308734,0.5667983,0.4293771,0.7287943,0.6033405
BC2026_Train_0005_S08_20250607_070007_50,0.54748905,0.8147328,0.22636135,0.9366995,0.42201042,0.56594336,0.5100569,0.38451934,0.8738781,0.47600877,0.15709578,0.4145022,0.75127757,0.5604449,0.33561265,0.7015893,0.32148367,0.43585077,0.7560955,0.49611846,0.5509198,0.904879,0.43798697,0.41003552,0.24233204,0.16851552,0.8164025,0.08178417,0.6205417,0.42238122,0.64190155,0.55274785,0.81461763,0.8414705,0.40069798,0.6960733,0.4490256,0.6599534,0.85227466,0.7043895,0.5355654,0.45873663,0.32065704,0.5992942,0.8360483,0.7927208,0.8463383,0.6369054,0.5572481,0.4963833,0.38139677,0.48240164,0.46728164,0.6593566,0.7616303,0.090391085,0.47384796,0.6890626,0.5394025,0.5678494,0.4873598,0.095886335,0.40136683,0.31229937,0.121655315,0.3837182,0.6592674,0.21103394,0.26467758,0.40689686,0.51743543,0.09424234,0.7220335,0.5730716,0.5887134,0.43639675,0.5451186,0.93327093,0.597981,0.84243745,0.81364644,0.6990317,0.86178863,0.76519465,0.9029233,0.59667695,0.77177846,0.7844862,0.66048574,0.91629744,0.15097274,0.6745246,0.30923343,0.4752758,0.3585593,0.52453697,0.7560388,0.7411912,0.52495337,0.6414619,0.6494144,0.79358214,0.5762656,0.36745897,0.23763078,0.624417,0.6723542,0.448923,0.9541687,0.8390251,0.7549694,0.35130066,0.7231485,0.7045958,0.51670504,0.90637124,0.45853373,0.7007723,0.42215705,0.88642746,0.9337083,0.871238,0.8988583,0.893111,0.10014917,0.9452385,0.6317527,0.95187473,0.8016094,0.6149367,0.57785416,0.6640982,0.53600365,0.94234943,0.8666003,0.6264416,0.79509187,0.8179199,0.8128877,0.7490822,0.32594776,0.36390182,0.8522526,0.79644114,0.6419996,0.7403254,0.8221125,0.6846417,0.69423145,0.69035447,0.9095597,0.7735558,0.91732657,0.53058976,0.9060204,0.82014954,0.49716848,0.5197617,0.7731271,0.5028279,0.55805725,0.82681495,0.5726994,0.28257364,0.9151867,0.78448343,0.7117503,0.87522984,0.9070933,0.9209334,0.33188617,0.71661234,0.76897687,0.19491194,0.69908035,0.5529909,0.8532144,0.8440465,0.8528906,0.80701107,0.7883763,0.649403,0.86116564,0.790489,0.42157766,0.37046805,0.761381,0.8686286,0.68630624,0.43933123,0.7147687,0.7689995,0.59950525,0.8553541,0.80169725,0.92271495,0.8933965,0.1307995,0.74842787,0.27993184,0.678632,0.66731703,0.7271811,0.62870294,0.84139144,0.6567193,0.6034975,0.52710825,0.6020782,0.63944256,0.76744175,0.89337206,0.8013148,0.7726631,0.23301232,0.96841925,0.633434,0.914452,0.395975,0.54717404,0.37129846,0.69653445,0.88685274,0.87327564,0.7336042,0.97445893,0.4687764,0.7569396,0.9031168,0.9265858,0.51915497,0.7318995,0.7204087,0.7129586
BC2026_Train_0005_S08_20250607_070007_55,0.6086394,0.8660081,0.21899009,0.83001524,0.4705479,0.43546665,0.5917565,0.31873024,0.5750163,0.16418853,0.3712401,0.52030444,0.6087105,0.7597395,0.21383569,0.7162404,0.29017663,0.69201386,0.5877439,0.75532174,0.45004228,0.7142452,0.18836425,0.55215144,0.28778228,0.20828733,0.7012517,0.16964668,0.5561075,0.34185266,0.5654005,0.3463563,0.7930345,0.7833251,0.43026045,0.5687101,0.5008489,0.8074983,0.7508997,0.60310054,0.7107134,0.6584985,0.2474603,0.41242695,0.7203476,0.6775755,0.8332298,0.6277898,0.5925189,0.6120826,0.26262718,0.26970917,0.24948089,0.6899766,0.73886997,0.09918918,0.5067104,0.72396636,0.42542565,0.6235835,0.42789978,0.18158925,0.34041122,0.30975378,0.30012673,0.18627821,0.8634152,0.51267916,0.36355424,0.41047537,0.38241044,0.3430398,0.8071287,0.6119332,0.6471689,0.45332956,0.82749414,0.9603423,0.5179727,0.87547296,0.86447644,0.64761686,0.78835803,0.5327357,0.6571071,0.31555322,0.5822962,0.80299526,0.51756465,0.9327586,0.17488033,0.6274957,0.2293676,0.49375403,0.5471,0.13677217,0.9345,0.75013834,0.8319739,0.8282096,0.5816995,0.6677911,0.5081867,0.43268174,0.17118147,0.83013177,0.64698935,0.24676332,0.86701626,0.7949924,0.8884374,0.20831358,0.52123904,0.47249594,0.65465975,0.9475832,0.7818714,0.625892,0.5294312,0.97220564,0.88558817,0.92980105,0.8127709,0.64860797,0.13756125,0.9755919,0.8423813,0.9904869,0.8799392,0.5851598,0.53550273,0.39987326,0.96583235,0.91598654,0.76932406,0.71374786,0.81972086,0.8749142,0.75390434,0.80325294,0.45178512,0.7006273,0.6597808,0.8699912,0.80124855,0.6467274,0.7794026,0.5679505,0.77230746,0.5411837,0.8744341,0.8478406,0.93846875,0.37622,0.8086499,0.7624808,0.6745648,0.29414085,0.6604222,0.3714138,0.91397107,0.87954426,0.6037458,0.29492342,0.9697062,0.79551405,0.5744051,0.74979216,0.86431205,0.8080037,0.5719013,0.9036501,0.6733238,0.2572283,0.5282956,0.5464175,0.8922466,0.73423314,0.76012915,0.80088663,0.7014272,0.5443002,0.6752327,0.71519184,0.43567067,0.6188464,0.4833571,0.6922587,0.51568305,0.12173243,0.76722634,0.7015732,0.5848025,0.9213957,0.7731326,0.72507656,0.83638096,0.19958073,0.63390326,0.118931755,0.7387754,0.51129496,0.44418108,0.66451085,0.80088174,0.65282774,0.5928153,0.2623653,0.5231174,0.88638747,0.8421922,0.73082936,0.8927941,0.6092458,0.14494953,0.8082127,0.7045187,0.8851156,0.30866206,0.67521447,0.25358474,0.72587097,0.91795355,0.6218959,0.6841808,0.98510617,0.46681702,0.4716444,0.9379355,0.7865738,0.37267938,0.7594164,0.78084147,0.61855984
BC2026_Train_0005_S08_20250607_070007_60,0.46429265,0.60430163,0.6945181,0.6666077,0.49131042,0.10840416,0.7711507,0.36917228,0.7570854,0.10211829,0.09160763,0.7212993,0.7071776,0.5344358,0.45494792,0.89652145,0.6560979,0.8713396,0.42882192,0.92197293,0.40920573,0.45722276,0.1894795,0.62551016,0.7154882,0.4272018,0.8184746,0.30237418,0.27519345,0.63336354,0.15575752,0.15544592,0.72398466,0.64877367,0.46580416,0.28312093,0.48384833,0.8237902,0.61433107,0.2617644,0.5800904,0.6021568,0.13364935,0.08846273,0.69676507,0.78357565,0.57529354,0.55346155,0.43257326,0.5472909,0.19782734,0.11094527,0.096266724,0.42655444,0.7180445,0.20989642,0.42634168,0.12980059,0.75512284,0.9434,0.7283527,0.07943,0.5146465,0.6672499,0.9667143,0.68249595,0.87359,0.49471617,0.6967672,0.16444108,0.3102229,0.7504333,0.91778547,0.819706,0.3040721,0.76171255,0.9030667,0.977152,0.8488854,0.7434313,0.7401706,0.4716769,0.81911004,0.42096254,0.80961514,0.11057276,0.88813126,0.42501175,0.7768545,0.9188234,0.3347796,0.6640781,0.51635885,0.50403666,0.80818844,0.038321912,0.6939251,0.43959463,0.7287705,0.9399396,0.865747,0.96245843,0.117175914,0.18050197,0.2628338,0.5969511,0.68755776,0.16318458,0.73548824,0.29327434,0.70634127,0.21212137,0.7129275,0.47896588,0.9186218,0.8771688,0.74843955,0.46600002,0.37231818,0.84497327,0.62365574,0.9482229,0.3110276,0.47212625,0.25922275,0.9546017,0.6881415,0.9992917,0.82740957,0.6504251,0.78026325,0.52151173,0.9021073,0.7573625,0.23651427,0.4322812,0.85047084,0.6760081,0.76380336,0.47054428,0.34430707,0.8879,0.55753005,0.78880405,0.4251311,0.9582213,0.95089394,0.47469276,0.63810384,0.7012978,0.8999362,0.77689457,0.69895995,0.14462748,0.9145086,0.5644448,0.8486979,0.6090684,0.3944969,0.569095,0.75155884,0.97052926,0.43360364,0.49997115,0.7564258,0.37804943,0.7578271,0.8483024,0.89268327,0.44366914,0.3849377,0.9943333,0.27574426,0.8200158,0.84233314,0.22661902,0.95861036,0.96954167,0.7134876,0.89515835,0.86638415,0.8416875,0.92075825,0.5799391,0.1338144,0.5909059,0.21716557,0.7809962,0.1902311,0.108000435,0.45909905,0.38307512,0.78706414,0.83278453,0.71774834,0.7027627,0.6228788,0.14663874,0.8541688,0.28260624,0.59333,0.76472366,0.25224578,0.70148057,0.9174445,0.37570304,0.50020874,0.18100584,0.92053545,0.8021871,0.3886113,0.7863473,0.8849501,0.2120175,0.07170514,0.777752,0.45717177,0.7461634,0.531895,0.62033117,0.27210748,0.4992135,0.95355415,0.8324391,0.15297431,0.9979969,0.8137295,0.48019466,0.8706585,0.7448819,0.42548203,0.8590755,0.85705376,0.5322056
BC2026_Train_0006_S09_20250828_000000_5,0.2720917,0.35306203,0.2561759,0.20382366,0.53036046,0.34979928,0.3016466,0.13921624,0.092813484,0.8955216,0.12379295,0.2791329,0.15698957,0.097386174,0.89461476,0.086246386,0.34458184,0.72839224,0.1303395,0.7789645,0.24820794,0.5133781,0.36964875,0.90151703,0.5599158,0.15699692,0.0690953,0.24100266,0.5570141,0.12899621,0.7822612,0.88858277,0.41794306,0.8934964,0.69474167,0.3177855,0.7582339,0.65874314,0.27676076,0.79727376,0.7764574,0.86801505,0.76641864,0.70881414,0.54115164,0.622741,0.49629745,0.31939828,0.32669082,0.6319268,0.2722113,0.68315864,0.6358358,0.9086368,0.63819265,0.88983744,0.61437285,0.5905416,0.60033673,0.516045,0.5901447,0.20447284,0.28330025,0.134648,0.5029453,0.92150176,0.22617875,0.7719562,0.13575292,0.33418792,0.6311479,0.76270616,0.6113976,0.9090479,0.33468568,0.6723063,0.52022576,0.6277668,0.21978675,0.2807599,0.18290925,0.48585415,0.4441875,0.21601416,0.60808384,0.088334575,0.26153833,0.22065058,0.5029379,0.1283716,0.4540016,0.36757287,0.10548551,0.4491119,0.46342704,0.71095324,0.096324846,0.2825959,0.055853583,0.13568759,0.7232679,0.34937695,0.9296936,0.36792576,0.7989696,0.30841893,0.2662558,0.5299071,0.37304926,0.28400883,0.39291584,0.923077,0.368954,0.79300755,0.4014456,0.50894046,0.17206831,0.56131196,0.35114622,0.8504084,0.5798791,0.85905004,0.5124936,0.41801435,0.24560392,0.10423958,0.7518334,0.6129104,0.46144083,0.6359805,0.25633982,0.713067,0.49461603,0.22430167,0.3675475,0.08040875,0.5674404,0.8648845,0.49102038,0.9843073,0.42388684,0.599088,0.200992,0.5429756,0.2872507,0.36483705,0.36981273,0.67557466,0.37855223,0.56504977,0.14085206,0.47831917,0.64722073,0.8174625,0.48925364,0.20413591,0.959777,0.50526655,0.18094572,0.13751514,0.49131986,0.38967398,0.13034233,0.6581766,0.24323769,0.36975002,0.91493964,0.1285339,0.20772874,0.29950765,0.64796543,0.53601694,0.02979667,0.5281512,0.38779575,0.309064,0.16025293,0.5612209,0.7527479,0.47732913,0.295026,0.87540895,0.94468653,0.53326726,0.5544803,0.1282875,0.93447137,0.25081515,0.23450245,0.6242554,0.7242291,0.2690636,0.9292709,0.20855609,0.41018116,0.8826759,0.9256915,0.42946923,0.448525,0.11811692,0.7855841,0.7791362,0.671415,0.2949974,0.5968541,0.41595626,0.39537737,0.3353965,0.47784582,0.100835666,0.626425,0.24666792,0.138955,0.3859903,0.7571304,0.93159825,0.8675813,0.3161325,0.60288066,0.17449991,0.8097727,0.18973184,0.19398084,0.6978688,0.36338824,0.31158522,0.17162392,0.26795432,0.85353744,0.27827752,0.18080792,0.5375565,0.11711091,0.50555927
BC2026_Train_0006_S09_20250828_000000_10,0.22912443,0.21101345,0.30039316,0.41774598,0.69838536,0.6976914,0.42711586,0.051068,0.5125912,0.7448051,0.5325168,0.41826195,0.3686818,0.21672443,0.7999301,0.35852778,0.3083023,0.69417506,0.17600816,0.61100554,0.060038418,0.63331914,0.49460006,0.7974582,0.51912796,0.43803066,0.41611212,0.37607867,0.52297366,0.74154073,0.6140686,0.5680442,0.8394622,0.3729819,0.5530479,0.27699453,0.69037867,0.6516699,0.3082403,0.8159354,0.78296196,0.79725975,0.5347521,0.7286982,0.5176339,0.54434586,0.53438246,0.42247593,0.32262385,0.60044265,0.13742873,0.40715727,0.38508493,0.8486771,0.505269,0.86529213,0.69838536,0.8370058,0.37305093,0.1810865,0.39113587,0.4418091,0.5326874,0.11221344,0.52492446,0.74027824,0.3585425,0.5051323,0.47859445,0.4737417,0.708698,0.41787404,0.60177636,0.4947164,0.6164855,0.8702993,0.57906425,0.3736279,0.811531,0.7036972,0.200164,0.52054167,0.30371702,0.36874163,0.39196286,0.3244208,0.46696264,0.09509484,0.4210469,0.35171485,0.5155169,0.5754646,0.2911802,0.5831909,0.7289978,0.8860126,0.11185209,0.7784693,0.33801734,0.35192537,0.3136225,0.8942354,0.8989737,0.22910386,0.66247,0.718973,0.34381908,0.5618041,0.13480699,0.28021556,0.29039457,0.72849524,0.32091823,0.4742336,0.5243605,0.110528424,0.25198007,0.88314015,0.45200506,0.64374125,0.40785867,0.595774,0.3401268,0.29219037,0.51456594,0.11651234,0.25378957,0.15473543,0.13225682,0.9004308,0.63974583,0.8316111,0.5761925,0.26976895,0.09816576,0.17002475,0.6545297,0.8721825,0.5861979,0.6420479,0.6462146,0.41761714,0.13092874,0.10877758,0.9156803,0.3394181,0.8766365,0.8002417,0.24187788,0.6215398,0.25279862,0.22128591,0.2711885,0.687336,0.40117142,0.16736093,0.91146785,0.7167063,0.7891138,0.74963975,0.880121,0.117498755,0.70993507,0.54372656,0.25679868,0.8738742,0.82076854,0.46413487,0.675078,0.08666641,0.44975263,0.20892052,0.09230941,0.55583227,0.52383494,0.4838875,0.3487527,0.2250556,0.27304465,0.43617964,0.35290655,0.48783082,0.9041182,0.28686953,0.8427541,0.5031997,0.9357214,0.16186717,0.30625638,0.8433467,0.2702134,0.07834359,0.60834855,0.48213285,0.2692244,0.78076917,0.783308,0.25573,0.49029994,0.73806286,0.42055288,0.6437645,0.77678555,0.6208558,0.43722314,0.30279952,0.47131073,0.43274832,0.4575668,0.4673262,0.4024095,0.36573792,0.23004949,0.5150687,0.838602,0.9577495,0.74176,0.7501682,0.34136593,0.06874367,0.63601387,0.24276757,0.24560434,0.31430748,0.85738856,0.11350851,0.4976219,0.7271903,0.6859205,0.08268376,0.55547917,0.34094733,0.08886592,0.27917004
BC2026_Train_0006_S09_20250828_000000_15,0.15019017,0.29795456,0.3388456,0.8116619,0.5317354,0.8549708,0.34848535,0.0756685,0.36430714,0.49009067,0.45704442,0.2695465,0.23617812,0.12398,0.756419,0.36688405,0.090621255,0.52418184,0.5799124,0.4211743,0.05455958,0.8842983,0.4179933,0.78680116,0.44992277,0.242438,0.5255641,0.6498488,0.5884209,0.78027576,0.64788353,0.5428706,0.81876427,0.21443042,0.5161979,0.4826033,0.8519686,0.47839642,0.53414774,0.7522387,0.65792406,0.79467016,0.7447071,0.86274135,0.5539448,0.54462636,0.6448609,0.35726357,0.33328223,0.5227487,0.5814947,0.7673148,0.7674023,0.7492701,0.58290195,0.79103196,0.55483544,0.78930306,0.18721968,0.18146616,0.3292201,0.54055655,0.38759178,0.3803252,0.29795998,0.5447131,0.4026919,0.3039074,0.56799996,0.24290666,0.6798229,0.41091278,0.39582473,0.30799657,0.4118737,0.8945042,0.80075,0.26787174,0.9075668,0.8588729,0.10642726,0.62223136,0.21637686,0.36387044,0.33849394,0.43996736,0.448928,0.22192448,0.29840624,0.51703405,0.5337004,0.49659547,0.33498132,0.77639186,0.8830366,0.8686739,0.23668951,0.9007679,0.6295424,0.5462625,0.1789516,0.76150733,0.81101656,0.23305131,0.54795986,0.61134446,0.30588144,0.18830584,0.13364735,0.3975914,0.2886147,0.6811459,0.2999996,0.61362815,0.24583422,0.08874783,0.36320752,0.93078756,0.4924792,0.6684315,0.20712392,0.5529974,0.5098474,0.30257577,0.52733576,0.1554795,0.11194341,0.12380883,0.0922355,0.93489796,0.53236526,0.78153133,0.96856946,0.30448198,0.20152989,0.3723935,0.5148612,0.8998208,0.22143593,0.47862852,0.57485044,0.49455938,0.096215665,0.053688508,0.7609336,0.29683244,0.67698115,0.4731913,0.55195546,0.7283534,0.1279175,0.18384098,0.30111983,0.44551173,0.68676245,0.4572272,0.6840817,0.81098247,0.9526792,0.8346542,0.87233794,0.237519,0.873475,0.56579673,0.49439096,0.8762059,0.693812,0.41851804,0.6793896,0.19196534,0.557076,0.14084926,0.36456484,0.78225386,0.44511575,0.27567405,0.13050415,0.34469652,0.24132225,0.846323,0.39392558,0.52488375,0.8964148,0.27545893,0.6675718,0.74657595,0.89320266,0.18432948,0.68415,0.61647207,0.24656294,0.20114401,0.5258051,0.29672986,0.15067808,0.6127476,0.8665614,0.5550451,0.41915905,0.9222522,0.5559286,0.67231345,0.7949287,0.58248866,0.4860813,0.29213175,0.51699,0.6329032,0.5812863,0.5634365,0.54448646,0.20267725,0.63909566,0.57953084,0.6921624,0.31067675,0.2826677,0.7538751,0.5335134,0.082635425,0.57086647,0.17360666,0.31343994,0.14822075,0.9566584,0.21522133,0.46422827,0.77495587,0.6035724,0.1415444,0.54203975,0.08147884,0.04995626,0.3673875
BC2026_Train_0006_S09_20250828_000000_20,0.20333958,0.4193113,0.2663622,0.7717863,0.47597915,0.5205817,0.55851084,0.15981635,0.6707472,0.5675013,0.40180042,0.2848884,0.2497805,0.12879683,0.65427953,0.33746305,0.09683475,0.7633441,0.57940614,0.21182586,0.16353273,0.55044085,0.62332845,0.8551059,0.28488937,0.30412024,0.65604156,0.7124119,0.657042,0.302672,0.6980792,0.86753905,0.7585672,0.28822738,0.5137917,0.82426107,0.94836944,0.61278117,0.6551001,0.6006698,0.7910439,0.9729056,0.8220724,0.8326455,0.5291096,0.5500958,0.5282748,0.3597879,0.35249528,0.6036682,0.67328644,0.7796666,0.77930653,0.8833587,0.5854065,0.75013,0.5127604,0.5072567,0.52378815,0.3113656,0.41036373,0.7048791,0.4307009,0.438154,0.51650494,0.47210914,0.52865833,0.18420176,0.57836825,0.1727711,0.61561036,0.3820707,0.57435095,0.41607538,0.18022111,0.7389904,0.76581204,0.36769184,0.6808519,0.75206393,0.17682543,0.51950896,0.36759928,0.42633334,0.26494962,0.5456864,0.66424793,0.32541886,0.54741603,0.54716766,0.66341674,0.20922293,0.39837837,0.89875257,0.77212816,0.70252216,0.27846116,0.7007654,0.45614794,0.3371557,0.35008836,0.7170784,0.6123241,0.38373226,0.55786926,0.26730317,0.444219,0.15215336,0.30649948,0.70882165,0.32286692,0.49738505,0.231257,0.88910043,0.35990968,0.31056002,0.5610833,0.6315178,0.592265,0.6458638,0.21540724,0.3631629,0.78413975,0.37677076,0.34606683,0.29307163,0.052960165,0.21739967,0.17899257,0.71349096,0.1723708,0.7983475,0.783832,0.2713411,0.52591664,0.7008353,0.44262248,0.35236195,0.17370316,0.4975387,0.7653375,0.63711977,0.1727004,0.18042517,0.6510056,0.5473523,0.65113896,0.3358577,0.62079483,0.7660959,0.1999605,0.26044503,0.32123056,0.57430077,0.64999217,0.37503308,0.3144704,0.6557883,0.7874655,0.55559725,0.70073205,0.6940794,0.7363976,0.7069034,0.3321099,0.7350905,0.73132956,0.626916,0.5464229,0.3831102,0.44482076,0.33078608,0.5116354,0.8955834,0.65337926,0.0894115,0.17281848,0.8926146,0.4638777,0.5232447,0.4827374,0.5126084,0.94869435,0.39462227,0.28382862,0.6574235,0.80683774,0.44959143,0.6731025,0.45268998,0.3223703,0.44184583,0.6638528,0.22133477,0.37049082,0.7706161,0.9546083,0.64869636,0.15493417,0.8368095,0.7159276,0.7336235,0.87503016,0.7320012,0.35019413,0.27002117,0.48480412,0.6252244,0.49107984,0.6655463,0.4921992,0.38298342,0.70882297,0.5284759,0.67974126,0.37980688,0.335306,0.38186574,0.5745642,0.23276843,0.69302523,0.34178793,0.5096667,0.4227659,0.76199305,0.33752364,0.52472615,0.76915,0.45537734,0.34416592,0.2847959,0.216629,0.13038051,0.4713966
BC2026_Train_0006_S09_20250828_000000_25,0.24814059,0.4212425,0.5023354,0.67147595,0.6198729,0.24191268,0.5844959,0.064417675,0.2522994,0.7697341,0.14291218,0.50744385,0.29825574,0.26796377,0.53653777,0.241182,0.13486709,0.8032707,0.20100604,0.12135409,0.241402,0.6320615,0.7277254,0.9396549,0.5022035,0.45801193,0.42250574,0.354439,0.344652,0.24562928,0.30238822,0.95638764,0.84314793,0.6818601,0.6062604,0.9081749,0.7772236,0.7610162,0.9042724,0.71592915,0.8505114,0.92831045,0.6299356,0.81372285,0.5933204,0.618674,0.5080452,0.46034116,0.4163053,0.6213386,0.32635882,0.35350338,0.35916728,0.89045924,0.5441171,0.8433767,0.6513605,0.9546589,0.69858325,0.3261852,0.39242485,0.6462756,0.41655922,0.4700141,0.5396262,0.51058465,0.22422965,0.47202685,0.39819163,0.41911703,0.6321105,0.5870223,0.8539625,0.59788376,0.10399839,0.4782726,0.58877826,0.44340152,0.78180206,0.38273656,0.46712503,0.500126,0.38555366,0.2859481,0.5621792,0.33456624,0.5666045,0.19787917,0.6759031,0.80778337,0.629814,0.16858134,0.55991876,0.63460326,0.81668985,0.63258916,0.15069667,0.49000394,0.36789322,0.4087447,0.6456394,0.84260106,0.61253506,0.41224775,0.3518589,0.09007108,0.29305404,0.2241565,0.54562914,0.6290827,0.518,0.41246668,0.5606895,0.75052345,0.7967126,0.4743854,0.3171167,0.5324432,0.3592324,0.50659454,0.3518752,0.20735936,0.7936479,0.518775,0.40739197,0.59325004,0.12973483,0.17463568,0.33521625,0.66751206,0.25614575,0.92073536,0.496292,0.3307849,0.39017692,0.67105085,0.6944355,0.12884209,0.3074892,0.48166767,0.69539225,0.57686675,0.15613376,0.40634596,0.21336,0.5168004,0.7255523,0.54747844,0.51340246,0.7017564,0.43473879,0.3870328,0.47909155,0.4982765,0.5066608,0.4308644,0.42264894,0.758123,0.42905745,0.23058784,0.9965457,0.62237275,0.3571006,0.86846113,0.38747633,0.79403913,0.71502,0.7602647,0.7732963,0.22129783,0.34945,0.56968343,0.32482263,0.9466355,0.915275,0.09531042,0.33116952,0.69443655,0.56234276,0.22522835,0.51271284,0.66615766,0.8543532,0.631425,0.24337476,0.56072587,0.84031034,0.55573547,0.47216132,0.50748,0.35475796,0.36997017,0.44402927,0.18672717,0.73100835,0.90472907,0.87846154,0.32726467,0.18681316,0.38277045,0.3474861,0.6838585,0.82700455,0.6110533,0.4527508,0.25467923,0.45777157,0.38682476,0.41999057,0.36837584,0.53053224,0.50133336,0.28205168,0.5584201,0.638986,0.78023666,0.6706617,0.4065874,0.63075536,0.60866463,0.61080456,0.49636048,0.3153317,0.5369855,0.36777174,0.40625912,0.57613605,0.44868454,0.7425844,0.45257506,0.11865166,0.5926962,0.36227342,0.53572845
BC2026_Train_0006_S09_20250828_000000_30,0.26779407,0.41795868,0.3636058,0.51940244,0.64861053,0.31549063,0.6482076,0.16230302,0.3764626,0.63216037,0.22577827,0.6090034,0.28391373,0.13685209,0.7779572,0.53417087,0.16314182,0.38533685,0.15236224,0.13638142,0.34763575,0.45718047,0.5164175,0.8770128,0.42407337,0.15300259,0.44682816,0.35361636,0.24919203,0.17221601,0.25514087,0.79894817,0.82385695,0.596776,0.67624784,0.6632752,0.7585934,0.6380538,0.7263336,0.6803458,0.8054625,0.9285283,0.647933,0.6856904,0.6129708,0.5872599,0.6608078,0.3867143,0.34253812,0.64672244,0.56096137,0.44998264,0.42790547,0.8666324,0.4395585,0.6181114,0.63018537,0.79003894,0.4054554,0.24789584,0.13364963,0.398592,0.37349743,0.4507831,0.44725856,0.40077642,0.22259519,0.48110723,0.30670798,0.23597209,0.5732604,0.5935415,0.70344245,0.37420577,0.17629997,0.5816072,0.7951788,0.53423584,0.60504746,0.5047266,0.40170345,0.8305939,0.27225375,0.1848635,0.5355884,0.273469,0.37116423,0.29640943,0.6201986,0.63957745,0.8218979,0.1368976,0.2758061,0.68421257,0.59481966,0.41848034,0.19665734,0.732289,0.46047038,0.35904467,0.5338993,0.83131313,0.2437155,0.3893831,0.3104436,0.25751275,0.2320414,0.5984963,0.40361735,0.251068,0.3466743,0.5429433,0.6878667,0.58229756,0.94186866,0.18239075,0.33113915,0.32752073,0.42635038,0.5676724,0.18033916,0.08129716,0.55971473,0.41216916,0.21428698,0.4023346,0.19477674,0.05119033,0.3693899,0.4617943,0.47763616,0.8818984,0.41159803,0.20320475,0.45728374,0.79130703,0.30616835,0.14160433,0.1933646,0.49231067,0.3858854,0.2044907,0.07427242,0.3504477,0.22093385,0.6569166,0.43535215,0.45895666,0.3983031,0.57603204,0.5338229,0.29569334,0.63857263,0.31655547,0.48548508,0.5267855,0.39129552,0.788582,0.109453596,0.20109159,0.5893824,0.31716847,0.24517074,0.6040212,0.7129001,0.5810824,0.58691,0.4306062,0.40093958,0.35205847,0.34651536,0.42854884,0.32105368,0.68289113,0.8382704,0.1670559,0.49796876,0.18935016,0.55988574,0.13148358,0.31431332,0.74035263,0.88358754,0.5146757,0.19229515,0.28512648,0.80573994,0.53084505,0.59119576,0.56340665,0.47496614,0.20165877,0.41116115,0.1467601,0.5493474,0.82830954,0.7294157,0.3629563,0.07281083,0.34672356,0.15596949,0.6094961,0.9064165,0.33716577,0.285075,0.2503026,0.45391065,0.4581453,0.80761397,0.10294658,0.29007992,0.23806,0.16740283,0.34263346,0.4161088,0.2738123,0.60180664,0.252618,0.30904487,0.4725886,0.63093996,0.17202693,0.3390726,0.38873816,0.3967836,0.20592234,0.37469167,0.30034882,0.82581,0.40872592,0.16422777,0.49152982,0.6373334,0.6507308
BC2026_Train_0006_S09_20250828_000000_35,0.37203884,0.44378716,0.25670707,0.77279186,0.5230729,0.3613971,0.8504646,0.4080264,0.68313766,0.74637544,0.50372255,0.5469258,0.09478158,0.22426489,0.70858544,0.45024705,0.21518587,0.23760848,0.27669254,0.2641706,0.30499434,0.5737618,0.5843909,0.88771135,0.6025035,0.094015166,0.2748316,0.40601534,0.273984,0.11018592,0.68232787,0.86516964,0.82448834,0.85765135,0.57986045,0.90819865,0.89973325,0.85592896,0.50672215,0.8756077,0.9001997,0.98810464,0.6614208,0.85803664,0.4835695,0.48242924,0.6624,0.36119032,0.35880622,0.6585027,0.46880168,0.5238689,0.5228201,0.9748257,0.6385107,0.75270975,0.4931667,0.43882716,0.45278984,0.20344982,0.23930551,0.507483,0.18039314,0.29176676,0.41172618,0.5511195,0.09847566,0.44408244,0.28994745,0.07079167,0.6321105,0.3595604,0.57694465,0.18520376,0.53760016,0.59362227,0.57122004,0.45116687,0.25096834,0.6339661,0.2829376,0.50322473,0.37978494,0.117176846,0.4907577,0.50230414,0.32449353,0.4997238,0.67625487,0.4735575,0.74161625,0.2497698,0.12860042,0.9739867,0.5917811,0.5759865,0.4693979,0.711259,0.3844599,0.25397372,0.57203484,0.5589808,0.25425828,0.58267164,0.51392233,0.27891332,0.3184839,0.5877206,0.38221675,0.3822571,0.38263378,0.79166883,0.47310945,0.80827713,0.6462543,0.21315743,0.3933766,0.55831814,0.4172151,0.7759476,0.267752,0.13792883,0.50656533,0.29090482,0.38932362,0.3088911,0.2153076,0.10626692,0.26868847,0.59894395,0.64945453,0.4895169,0.51812494,0.30190226,0.4956711,0.5797743,0.21800074,0.38767973,0.36230996,0.19323067,0.52185476,0.26009113,0.25640783,0.5568849,0.27968848,0.40096262,0.5081627,0.7070669,0.40862817,0.45709032,0.25397223,0.44128132,0.6132374,0.62639284,0.5896818,0.29604134,0.25981632,0.62821186,0.13203433,0.17011783,0.4297531,0.4668559,0.17732432,0.80024785,0.6150905,0.32127523,0.87810457,0.47967806,0.4847135,0.20205326,0.6551938,0.31241915,0.22909683,0.6350608,0.46846175,0.28473246,0.2084471,0.11335059,0.6358962,0.2459362,0.5634526,0.79063255,0.9173006,0.53199273,0.41043356,0.24158666,0.93269205,0.45278054,0.37551203,0.75129867,0.7669007,0.32552418,0.7633103,0.31541568,0.36060944,0.6848481,0.8872267,0.3916327,0.1023925,0.8715387,0.47386286,0.43644875,0.8845711,0.5645746,0.4870205,0.1984026,0.47571123,0.51478124,0.89061457,0.22353315,0.1669245,0.18208891,0.108959004,0.123462334,0.68761486,0.442155,0.7245031,0.22978923,0.3869747,0.24153641,0.79031503,0.14771283,0.29893816,0.2589742,0.23820509,0.31363127,0.46851858,0.52362186,0.784618,0.33807504,0.0901925,0.55026484,0.5954144,0.5054262
BC2026_Train_0006_S09_20250828_000000_40,0.22731227,0.32520857,0.24847174,0.77230835,0.4632604,0.15991227,0.82344747,0.39050025,0.21975842,0.76785326,0.29957125,0.5268725,0.061938167,0.12553942,0.7665719,0.10799487,0.34534234,0.5135468,0.40579033,0.15977858,0.16765667,0.9001936,0.7409687,0.920398,0.15251471,0.0721945,0.101856574,0.43931603,0.31450465,0.10944919,0.7007624,0.8302342,0.75755465,0.7098686,0.5933354,0.5536479,0.86604726,0.70703095,0.37575796,0.8719408,0.8732095,0.9305509,0.7199005,0.77023125,0.47036767,0.5066209,0.66380376,0.44267073,0.37269014,0.64489913,0.18648534,0.54935455,0.5519896,0.9247418,0.6401739,0.8736404,0.53929794,0.6923576,0.62616,0.15951858,0.25277418,0.33695984,0.1076113,0.4161781,0.2396581,0.62334836,0.05707856,0.1848921,0.41116813,0.091648996,0.66566044,0.47901687,0.65818167,0.15307033,0.48714483,0.56046426,0.6419815,0.51882887,0.30223843,0.24371801,0.5229812,0.5043247,0.2751277,0.22966452,0.18220194,0.36964834,0.45583433,0.3924826,0.78010416,0.47809538,0.5853851,0.49421096,0.12077432,0.5879291,0.5376548,0.60019505,0.34127846,0.75296533,0.38640225,0.41817382,0.80391145,0.5278539,0.71319634,0.4253189,0.4394919,0.21795817,0.4737708,0.5182369,0.38386154,0.66669494,0.44680592,0.516542,0.48731953,0.9893563,0.6107071,0.4645146,0.4184793,0.59838015,0.51480335,0.8142123,0.19067982,0.25898975,0.66887254,0.47766018,0.3712347,0.40316898,0.21292314,0.23564401,0.45605537,0.6157806,0.37163052,0.43088868,0.48826057,0.57038116,0.4021996,0.30448955,0.17483017,0.22385785,0.16461192,0.2421522,0.52497876,0.3550387,0.45068544,0.5590444,0.39847133,0.23191918,0.73187304,0.82635283,0.47078967,0.61583614,0.2799222,0.30652642,0.67231053,0.70864624,0.605999,0.30873683,0.35548463,0.76620257,0.49335578,0.08931392,0.46586263,0.7766834,0.16356218,0.8644124,0.64397967,0.5553718,0.6075336,0.69966054,0.7908305,0.23734619,0.607748,0.284315,0.33033693,0.7765875,0.52529466,0.17188984,0.1608034,0.28266189,0.4605509,0.27645832,0.658525,0.8794874,0.96858037,0.5567001,0.50686836,0.60565066,0.9697896,0.5215075,0.42202294,0.84776044,0.6695578,0.3147262,0.87319046,0.63974583,0.60732603,0.7821239,0.91645354,0.6686027,0.26309833,0.7596028,0.7739976,0.46493587,0.85404205,0.7322056,0.51945144,0.11129051,0.4332127,0.48748174,0.6335709,0.30243343,0.38139033,0.38873866,0.15802169,0.17148791,0.5927177,0.88491803,0.5332159,0.23963526,0.68438387,0.25602183,0.54117495,0.44012517,0.17092416,0.56832266,0.291057,0.47280312,0.2391254,0.40017653,0.8010251,0.40177283,0.05245009,0.6933541,0.4294421,0.6945119
BC2026_Train_0006_S09_20250828_000000_45,0.15054515,0.27676815,0.13816833,0.882154,0.5372354,0.29777193,0.7930939,0.33420843,0.50958216,0.7933349,0.20967977,0.44459432,0.32909936,0.19648784,0.7669597,0.08233039,0.27175677,0.48886985,0.21157491,0.32406074,0.2897175,0.6654784,0.48894104,0.8368783,0.3270623,0.05560316,0.063015796,0.5276933,0.3998242,0.24905947,0.8084982,0.8962194,0.7526617,0.60697806,0.64847296,0.7048209,0.88631624,0.5683595,0.34767187,0.7733584,0.75940824,0.86904705,0.6786033,0.9851806,0.4339412,0.44926208,0.33192134,0.5935707,0.37563518,0.5777235,0.13006265,0.57266533,0.56684786,0.8639832,0.40212056,0.75405693,0.57504797,0.86113876,0.65468425,0.28031915,0.20173328,0.35378683,0.08819887,0.42356804,0.36694112,0.6885862,0.03968947,0.32601798,0.37623015,0.062533,0.69151044,0.5854666,0.5857167,0.10978401,0.36128145,0.65895414,0.5129607,0.56613684,0.28431684,0.11177609,0.41813993,0.2926343,0.25943834,0.17313075,0.20676526,0.47496283,0.4343408,0.42894602,0.65349936,0.4553303,0.67454064,0.43812692,0.2399656,0.36671495,0.32957816,0.73165107,0.17425685,0.51169527,0.23970841,0.193477,0.66806555,0.4804398,0.87827563,0.45647505,0.352285,0.16549408,0.28066513,0.5292225,0.250423,0.81515,0.34779048,0.45236635,0.30609107,0.947574,0.45568722,0.2869081,0.26696727,0.6068678,0.34979808,0.67226565,0.20274293,0.150818,0.51626354,0.35827693,0.27686876,0.18405019,0.101725325,0.32540575,0.3305835,0.7159153,0.16005743,0.7610329,0.22818476,0.49492925,0.5038521,0.208894,0.16880268,0.24923016,0.087362915,0.26227266,0.539875,0.30937618,0.2070306,0.26554143,0.4494423,0.24900058,0.62816596,0.76701456,0.19228768,0.59652245,0.15434259,0.39926842,0.4677542,0.55470335,0.54516315,0.13788614,0.5623431,0.5357306,0.37258878,0.20657042,0.72205794,0.56883556,0.12949398,0.6594448,0.38519067,0.636295,0.6979107,0.42202497,0.68068093,0.44632712,0.50712323,0.18849193,0.16924381,0.86799407,0.50997615,0.23928662,0.14036722,0.28951785,0.24657626,0.19340974,0.558863,0.87298393,0.9584274,0.37454432,0.27765262,0.5232606,0.92434365,0.33226228,0.48603532,0.82564986,0.44248417,0.25999707,0.91099787,0.54207355,0.5579087,0.5952461,0.8282188,0.8540574,0.30206546,0.63222027,0.81293255,0.4592043,0.6430627,0.85226667,0.34847465,0.11315259,0.39455953,0.41438136,0.63305616,0.72720385,0.33243176,0.25246665,0.1638555,0.19685267,0.50960743,0.77581805,0.6503701,0.13094443,0.61575854,0.1887531,0.5393287,0.35824716,0.28901,0.569119,0.55179536,0.35356995,0.28938818,0.15206109,0.67471004,0.36630934,0.10157025,0.5660393,0.23457594,0.61459005
BC2026_Train_0006_S09_20250828_000000_50,0.14838558,0.33521688,0.1641205,0.62981635,0.5203229,0.35788432,0.7434183,0.6204042,0.6196027,0.8479459,0.2603555,0.43121183,0.57216656,0.18616426,0.74342424,0.25183532,0.4392559,0.7475493,0.07006097,0.5675967,0.29196417,0.77490973,0.51284057,0.86751217,0.46240783,0.23698384,0.2612586,0.64639926,0.537423,0.915166,0.81903404,0.7975685,0.79929155,0.9797012,0.638848,0.9447278,0.8250344,0.5570847,0.30686265,0.8806484,0.8162764,0.91077316,0.6586702,0.836805,0.47296792,0.45360953,0.30667803,0.5778637,0.3352456,0.55395246,0.2016488,0.43990672,0.42446637,0.8921361,0.5736474,0.5459491,0.4963979,0.8358882,0.58893234,0.5955417,0.09997955,0.27739674,0.3476909,0.26427135,0.667523,0.8645531,0.14689225,0.4812171,0.25286666,0.040983833,0.6656604,0.372185,0.5108005,0.19216976,0.5273839,0.7582966,0.3945692,0.5810866,0.33466175,0.21093695,0.35202807,0.306077,0.30581152,0.10032025,0.29864937,0.8821042,0.56293786,0.3623786,0.6646522,0.4791667,0.4493405,0.47664443,0.1898455,0.30299288,0.43020302,0.44090927,0.30814505,0.44161618,0.4970455,0.13617083,0.64036006,0.41966733,0.8613292,0.34183437,0.70852435,0.248287,0.42455792,0.39134544,0.45509237,0.7605508,0.4560892,0.861673,0.31108737,0.9523304,0.74014163,0.39636788,0.48171663,0.23429075,0.39511627,0.69189703,0.29755092,0.40068048,0.6872544,0.217003,0.5556927,0.27360898,0.11352317,0.5328764,0.5072923,0.71398056,0.30755568,0.7441035,0.31298357,0.35398242,0.32361603,0.11793709,0.22084494,0.5544111,0.19887535,0.6283557,0.34495813,0.6175237,0.23651758,0.46522123,0.35328206,0.452784,0.83748543,0.79415435,0.28906596,0.52300525,0.3850059,0.41450483,0.3372749,0.7129454,0.6574014,0.2588044,0.63386375,0.48067108,0.21075606,0.34571266,0.36556315,0.342054,0.1595253,0.82563734,0.45003915,0.48499638,0.8863329,0.29580742,0.8537522,0.3494466,0.39892513,0.41107523,0.32524264,0.85948586,0.7288626,0.20963225,0.3072291,0.49075583,0.17196117,0.19356777,0.5384743,0.92644787,0.9470495,0.34014583,0.39113212,0.33113334,0.8359293,0.40699038,0.36762035,0.8251926,0.4898065,0.38199285,0.73192406,0.4239967,0.584991,0.71823424,0.85417557,0.8823534,0.20272732,0.21730593,0.87094367,0.49849355,0.8036029,0.8313732,0.5212103,0.32993928,0.4477961,0.49721462,0.74908787,0.8037833,0.61046314,0.45633656,0.24512857,0.37791875,0.4727887,0.9950713,0.792317,0.22809018,0.76399577,0.18133175,0.8357938,0.5619513,0.47691435,0.41290283,0.36876652,0.50544614,0.58827496,0.2710275,0.65353084,0.40715376,0.1987456,0.563689,0.4601754,0.7343687
BC2026_Train_0006_S09_20250828_000000_55,0.23489317,0.54104334,0.3263082,0.37371102,0.56968534,0.7349763,0.40728492,0.5713662,0.39781058,0.8307798,0.52511096,0.35074568,0.32413524,0.27903122,0.52709484,0.25967836,0.52457917,0.8324771,0.18390293,0.6785301,0.45325,0.81488025,0.37480053,0.87539315,0.6076824,0.50847495,0.4566942,0.76220626,0.62941766,0.23383436,0.87024343,0.8906255,0.86816,0.9213328,0.55579793,0.9375137,0.9712026,0.8035106,0.34864226,0.8475536,0.78335637,0.8554487,0.7515823,0.9028564,0.46337825,0.41932046,0.4692583,0.623302,0.32795307,0.5069715,0.7316134,0.75960034,0.7479512,0.85853183,0.43435615,0.5868106,0.5358604,0.23108904,0.6329862,0.4565589,0.18439311,0.46629667,0.5128616,0.46855336,0.7013623,0.77305114,0.41297734,0.62154365,0.41444936,0.120215006,0.69329786,0.44713616,0.32855245,0.64701164,0.6204504,0.7330916,0.33349144,0.35717952,0.4692896,0.45277864,0.14823608,0.1906655,0.39845365,0.22685999,0.28376475,0.5626951,0.4443668,0.5169354,0.6518824,0.38255844,0.48494798,0.37163544,0.18949051,0.55139774,0.3363092,0.337797,0.4361995,0.5311839,0.6655166,0.092569925,0.6062241,0.36590028,0.9289104,0.37600648,0.7773995,0.42498398,0.42658734,0.36980218,0.39662385,0.33735302,0.28829247,0.89253694,0.16804281,0.77591383,0.7026892,0.45299435,0.41957393,0.2511294,0.688552,0.45193136,0.45417765,0.52179885,0.6283287,0.067837924,0.5858542,0.1349411,0.034878835,0.39922056,0.7045529,0.75707483,0.1818206,0.65844107,0.4693942,0.42011398,0.3376385,0.32746994,0.5833333,0.6168516,0.11053527,0.6305046,0.5975069,0.6852216,0.22169799,0.5653688,0.4635831,0.25344235,0.6773439,0.6909499,0.30199265,0.51274997,0.44111964,0.2940964,0.41276735,0.5148399,0.5356583,0.18970859,0.47425574,0.78611255,0.47143355,0.17769116,0.5464212,0.4159773,0.35087195,0.6880578,0.30896977,0.81418115,0.9242856,0.47711352,0.8102814,0.38279983,0.1860376,0.30780575,0.4688635,0.6115006,0.50036716,0.34026638,0.19596618,0.2921996,0.34767863,0.25541168,0.30048555,0.84552145,0.9803501,0.45285836,0.24363676,0.64198697,0.6235982,0.40507275,0.58162904,0.7889403,0.34604377,0.31653082,0.34104604,0.1798934,0.48355082,0.8871007,0.7368697,0.89844584,0.15541932,0.26331714,0.5719687,0.47468975,0.7212237,0.8336011,0.3467514,0.33699784,0.45835012,0.6458188,0.7825112,0.6093025,0.5671768,0.46717495,0.50263083,0.6573813,0.79854923,0.8482865,0.54255664,0.20445734,0.5395688,0.31980044,0.77093494,0.62521255,0.2116555,0.278917,0.19888291,0.37906486,0.41569555,0.3252715,0.43482003,0.26749676,0.41185793,0.31011868,0.3710791,0.686951
BC2026_Train_0006_S09_20250828_000000_60,0.39471668,0.4829184,0.23022217,0.32065272,0.6004854,0.34688845,0.5159637,0.17288792,0.83733463,0.9076185,0.31287467,0.7035604,0.1536425,0.20677948,0.55681705,0.14597657,0.49015266,0.75496435,0.30059317,0.25312376,0.13865623,0.6719259,0.2790175,0.8583782,0.37290356,0.40042776,0.2116535,0.6182034,0.37841284,0.045480847,0.8750758,0.8164656,0.83252084,0.57393193,0.6363729,0.41055608,0.9282648,0.8557474,0.23567624,0.68279636,0.8732904,0.99322826,0.72322553,0.75290203,0.5558897,0.5598426,0.34019196,0.5081635,0.39239404,0.5747081,0.6169826,0.665996,0.66301906,0.9187865,0.391192,0.68103206,0.60770416,0.6178107,0.66035044,0.18000542,0.6938374,0.25589493,0.12953503,0.38001564,0.43729928,0.34422633,0.36922187,0.47095418,0.16596334,0.088788755,0.66002285,0.48130292,0.30379343,0.7161416,0.27890426,0.68270004,0.3375854,0.119182505,0.73117137,0.22429077,0.2751176,0.0826025,0.10814291,0.28085,0.26252425,0.46743292,0.40274337,0.31381643,0.56739044,0.41139993,0.71359193,0.25735492,0.35183924,0.38276935,0.52810484,0.75444454,0.28604773,0.66119087,0.56173825,0.12870216,0.2064038,0.41579527,0.8632326,0.28444615,0.6248821,0.48879725,0.3380771,0.19261219,0.32538635,0.31894922,0.31554002,0.5378329,0.23701483,0.3689992,0.23134686,0.111805834,0.29581422,0.5868244,0.52621704,0.5871608,0.2757483,0.20844293,0.44675314,0.022446416,0.33075893,0.13837957,0.027580831,0.101720005,0.87754786,0.8853663,0.18074733,0.7938632,0.12770514,0.30188873,0.23636003,0.80081666,0.5334909,0.20023367,0.12663375,0.5255344,0.77055013,0.4752739,0.0639295,0.168466,0.38244322,0.14088206,0.31100482,0.660306,0.23677051,0.44878525,0.2627733,0.17489168,0.42743906,0.20188795,0.26765284,0.0782901,0.27883875,0.68840957,0.62486285,0.09423143,0.53672445,0.120016925,0.092249,0.32051203,0.14799725,0.64659435,0.5796937,0.68357855,0.40733457,0.15599808,0.36703533,0.16158074,0.15710251,0.35219464,0.20766866,0.22450858,0.13952667,0.052742086,0.49669707,0.29079294,0.119978085,0.854221,0.8818641,0.45065182,0.35332125,0.7727437,0.8727288,0.489916,0.48645157,0.8837437,0.20421875,0.24281858,0.42752877,0.07105066,0.48483327,0.86612135,0.82023275,0.7783026,0.10870208,0.5291919,0.23277618,0.93766665,0.91453755,0.50681615,0.22321165,0.11070959,0.39180145,0.38399774,0.75544035,0.23801401,0.18351457,0.10687668,0.3270821,0.4664153,0.6695954,0.89462554,0.5354354,0.21962456,0.31431484,0.07921615,0.5341301,0.14582849,0.08194876,0.58099246,0.37980494,0.073001266,0.18019849,0.33509475,0.6542233,0.06960499,0.3723125,0.47601986,0.20520759,0.38356966
BC2026_Train_0007_S09_20250829_000000_5,0.2998044,0.5266071,0.76827914,0.42554572,0.61739796,0.08889634,0.39493865,0.7622853,0.46334028,0.4112916,0.40204722,0.19679059,0.47479373,0.054559417,0.88643223,0.6218974,0.72189003,0.8353666,0.574399,0.7881898,0.19176117,0.7304169,0.8820516,0.7947925,0.759315,0.06114041,0.84613764,0.69417745,0.66789865,0.68207717,0.10128016,0.906488,0.63326424,0.21669859,0.6310792,0.90489304,0.9155337,0.3253807,0.71867955,0.6892626,0.25808358,0.7857398,0.6466197,0.84539634,0.6038004,0.65976477,0.64303076,0.35284594,0.6480546,0.34443137,0.77652824,0.67954534,0.6962098,0.6551153,0.68787825,0.86907506,0.59574157,0.5512966,0.7673481,0.29356176,0.6643288,0.13545914,0.5910142,0.6306329,0.69823056,0.94042695,0.7091265,0.50603175,0.53771436,0.5647551,0.5434916,0.28435376,0.7595885,0.090875834,0.6094228,0.88955075,0.5764445,0.73192745,0.5383101,0.7179951,0.97967505,0.47946835,0.4439042,0.94095623,0.3361479,0.6963602,0.7479802,0.40375274,0.956538,0.31262898,0.8343009,0.35051072,0.9808751,0.5726708,0.88431245,0.8647397,0.57279146,0.7819642,0.54044765,0.631801,0.56046176,0.31741458,0.09853084,0.46455917,0.58408445,0.7926484,0.73927915,0.62939286,0.9445125,0.98229164,0.46105996,0.54939145,0.1209905,0.7309792,0.48889875,0.9355417,0.32019573,0.48145592,0.37542042,0.59987456,0.60717934,0.7703849,0.96352094,0.9687004,0.3978965,0.8676484,0.32947078,0.28735456,0.823911,0.20102474,0.19454965,0.93862087,0.9775159,0.9131104,0.97308326,0.6346283,0.24315539,0.13850075,0.491241,0.72484946,0.57735324,0.86240166,0.7163737,0.8763895,0.32907164,0.7800615,0.49634156,0.64216447,0.6833493,0.68277067,0.9743937,0.53559154,0.5479897,0.8311949,0.6896312,0.88907796,0.8778006,0.6741338,0.87719405,0.8141005,0.9896177,0.49238342,0.66875046,0.152235,0.60445166,0.35053754,0.01564675,0.653663,0.15954761,0.64092565,0.8835416,0.49746895,0.5205643,0.68548214,0.52481496,0.4851566,0.8031,0.18656878,0.92104167,0.42424735,0.6222416,0.75159377,0.5283609,0.7803281,0.8050149,0.9474604,0.3628331,0.9060001,0.41648114,0.27993268,0.8575746,0.9156313,0.527836,0.48668084,0.9617499,0.7010515,0.96252084,0.5596026,0.33711678,0.15280834,0.39578187,0.84151834,0.34132624,0.7094312,0.19694327,0.76614374,0.52740693,0.61722195,0.39256153,0.88353276,0.71305585,0.68264276,0.85894585,0.96599996,0.67802775,0.33016223,0.72128326,0.22302358,0.89337707,0.8941384,0.8109545,0.5837133,0.9778458,0.98583335,0.26293224,0.7778125,0.78921044,0.84573424,0.83976114,0.82933336,0.8842987,0.44777915,0.9326652,0.8770375
BC2026_Train_0007_S09_20250829_000000_10,0.29243064,0.2874502,0.4650454,0.43233085,0.6796854,0.29799485,0.7505684,0.34045374,0.87344515,0.4511506,0.5252421,0.1540471,0.37896752,0.27110016,0.8483133,0.45686594,0.4477608,0.72147346,0.3504252,0.47724962,0.29647094,0.5621671,0.25722045,0.9923144,0.67762923,0.30574942,0.7322311,0.74215186,0.5069701,0.17941245,0.18688321,0.9916818,0.3135872,0.56917846,0.53097916,0.9322971,0.8822676,0.765796,0.9856031,0.36041242,0.738368,0.74464715,0.80737823,0.81553525,0.61434287,0.638448,0.6510781,0.32879448,0.38180587,0.45052427,0.6127659,0.6644977,0.6536574,0.9890234,0.58231914,0.78538805,0.5232104,0.6375717,0.31886137,0.246794,0.6964031,0.25201243,0.21350195,0.15417553,0.26796845,0.9374281,0.5955789,0.30806428,0.6863817,0.26649758,0.5588229,0.19912323,0.5244818,0.34251457,0.80377316,0.8451136,0.71160585,0.42402583,0.30000642,0.2809225,0.94038206,0.5179491,0.24341142,0.77268577,0.52865785,0.28812718,0.92469174,0.36341178,0.79703325,0.47620976,0.62455606,0.4437685,0.7016682,0.43086374,0.43593848,0.47952512,0.31697568,0.6516388,0.25629324,0.761717,0.4721734,0.19315211,0.24535884,0.61814266,0.7204825,0.48814335,0.51898706,0.6749684,0.8749628,0.7340037,0.33481675,0.65902555,0.19523726,0.46896207,0.42263597,0.4719292,0.25750625,0.6718043,0.4882057,0.22101018,0.49318507,0.7241055,0.74877614,0.8158707,0.6503748,0.56273085,0.56935453,0.27003133,0.63940847,0.28138798,0.36803797,0.547286,0.25618592,0.7649999,0.6360534,0.30421957,0.14725018,0.27901453,0.4970618,0.81626546,0.85285866,0.9901453,0.5747123,0.8862128,0.52045375,0.4745729,0.4001798,0.4991269,0.5330657,0.6838871,0.77991,0.25759768,0.24948224,0.59132487,0.62879896,0.930871,0.7675383,0.5261516,0.9460578,0.4828931,0.9276306,0.22297642,0.2426367,0.376663,0.4370777,0.1703923,0.099349506,0.30080342,0.25035584,0.77504593,0.3038594,0.26863015,0.5600269,0.48103237,0.5584842,0.8273698,0.289936,0.1985985,0.6680771,0.2789911,0.27387014,0.594809,0.34357217,0.7338718,0.73510325,0.7215762,0.2827626,0.6886458,0.5897444,0.37796316,0.34283805,0.6682793,0.36708122,0.45961735,0.6018325,0.59374785,0.6979361,0.68083715,0.799466,0.29998034,0.2777767,0.21311167,0.44822574,0.6109282,0.3715855,0.41315076,0.55223846,0.68824166,0.23544301,0.5726948,0.70384294,0.96397495,0.4742356,0.6891174,0.80904627,0.33681613,0.50331444,0.41601408,0.7604139,0.92051053,0.49381483,0.43342084,0.80465806,0.8305591,0.7150384,0.58105385,0.4494762,0.5952467,0.8249981,0.54628694,0.6031072,0.45582518,0.829761,0.41660872
BC2026_Train_0007_S09_20250829_000000_15,0.2580151,0.18743445,0.59012234,0.4753735,0.6453104,0.2635684,0.6293196,0.24066918,0.680972,0.62791836,0.7147047,0.47703245,0.19562878,0.19413786,0.8318694,0.5432018,0.31358257,0.6625306,0.33195966,0.24943393,0.14250152,0.5826572,0.17485835,0.83247817,0.5821159,0.46413267,0.7542307,0.61634684,0.5066061,0.26637682,0.28371853,0.69889224,0.49498796,0.38394308,0.6183604,0.9742617,0.8909507,0.697205,0.8769918,0.29494324,0.6219256,0.6185388,0.59303725,0.8864339,0.5779847,0.55416286,0.35335526,0.40662864,0.3184166,0.4298386,0.43354648,0.48563102,0.46569014,0.7724245,0.25050005,0.8443713,0.6061229,0.69067276,0.3856416,0.27538335,0.64733773,0.5704237,0.1918243,0.13779373,0.31216988,0.98115766,0.6977022,0.23386925,0.92849374,0.26243818,0.6320417,0.18559349,0.65221345,0.5476057,0.83091736,0.9381895,0.50832856,0.5553811,0.5672504,0.3104871,0.8287346,0.5512531,0.211988,0.48234898,0.23427859,0.14177418,0.5804232,0.10012177,0.7698563,0.41928065,0.4004209,0.5958936,0.15044278,0.5662481,0.4731774,0.5901203,0.37839133,0.5725199,0.33674216,0.84309745,0.6582418,0.3697018,0.5509,0.5229527,0.58170384,0.34474698,0.5731666,0.5612155,0.6388158,0.37364212,0.40513206,0.4453333,0.44406095,0.46515837,0.41587633,0.41845393,0.35170078,0.95660627,0.82746243,0.25894785,0.50682795,0.7188268,0.5298003,0.632434,0.61095035,0.42325824,0.35112506,0.3288549,0.7293484,0.8046761,0.712459,0.32902843,0.1909775,0.427033,0.14257857,0.22488368,0.43661454,0.42226356,0.8480918,0.9573122,0.87745595,0.8903229,0.6712579,0.85227484,0.86543846,0.54419094,0.68703,0.6205877,0.7172544,0.7526729,0.5283904,0.35510656,0.29702267,0.16197282,0.42008656,0.8180727,0.7273388,0.8628646,0.9518917,0.66291445,0.63198996,0.35795927,0.35088536,0.4028246,0.4717612,0.55530334,0.4321679,0.23052476,0.50481987,0.42162517,0.24192524,0.40110603,0.44497788,0.76223546,0.47458708,0.841552,0.3160072,0.20408197,0.56239367,0.42652205,0.37728903,0.35798922,0.24913624,0.8470448,0.5045544,0.25117534,0.53959394,0.21718735,0.79729587,0.54835016,0.075414084,0.35706425,0.40569344,0.35551035,0.45989662,0.862129,0.77152604,0.8641354,0.93834794,0.47375166,0.23075102,0.18206285,0.514166,0.6588483,0.3699466,0.33938345,0.5522257,0.6033586,0.5252571,0.6554738,0.9000584,0.91832817,0.23018202,0.76818174,0.9259864,0.769141,0.42496067,0.9104645,0.54097164,0.9226868,0.37551877,0.6668857,0.24858901,0.6212586,0.91581047,0.5977472,0.5247986,0.38974172,0.43662545,0.2782356,0.5293076,0.3494638,0.43953717,0.45454043
BC2026_Train_0007_S09_20250829_000000_20,0.136044,0.27513653,0.51690686,0.23611408,0.58082294,0.33902037,0.4495908,0.21849385,0.5506911,0.64290285,0.81657857,0.43155727,0.17539543,0.106944926,0.8422878,0.6211118,0.5448988,0.77591264,0.4885854,0.4846303,0.23187867,0.89869624,0.5810671,0.55036354,0.639444,0.37317574,0.5929323,0.35334674,0.48111457,0.855294,0.4014321,0.40679035,0.6501839,0.3213441,0.6288104,0.70929325,0.768091,0.27767467,0.5264894,0.31863105,0.44657585,0.617545,0.33822653,0.4339506,0.58022016,0.62526536,0.49762848,0.46454844,0.35389778,0.41195777,0.2100102,0.3244952,0.32674247,0.52178943,0.294746,0.906029,0.6318354,0.41035587,0.52090675,0.26342577,0.61867994,0.5598506,0.24015723,0.50710326,0.35936728,0.7046945,0.5906154,0.29213494,0.80515707,0.34717482,0.54149795,0.19654357,0.69643134,0.70908344,0.7146057,0.86129224,0.6585586,0.512084,0.70306253,0.6078303,0.68923724,0.5111134,0.09553617,0.3324368,0.14032781,0.28573808,0.4287189,0.18046516,0.85916835,0.39885202,0.51712227,0.426718,0.09919117,0.5049182,0.70860046,0.8349708,0.58543426,0.60144895,0.6522839,0.93353546,0.52904606,0.76596665,0.43923444,0.20446222,0.23982401,0.61509997,0.6318114,0.6186266,0.340656,0.50310314,0.23000044,0.38660473,0.23024459,0.37597877,0.81648123,0.27718586,0.9082269,0.864158,0.8271447,0.40524328,0.4457749,0.9299687,0.30338442,0.62035376,0.27557278,0.55521035,0.29629943,0.22581533,0.89900404,0.970525,0.82171875,0.40034133,0.4203948,0.3740384,0.081131846,0.30128902,0.79694664,0.5365621,0.8280106,0.9122807,0.8915326,0.58517784,0.633645,0.6332635,0.8265878,0.7258522,0.940248,0.58490837,0.61161906,0.60871434,0.67279506,0.27060494,0.71280134,0.2686724,0.44018486,0.5926753,0.95924616,0.6533944,0.89751756,0.9081741,0.72384274,0.7832024,0.72757,0.70721877,0.22281468,0.6582207,0.5785176,0.5920584,0.6601011,0.15312609,0.57953715,0.7529001,0.14840433,0.81093466,0.8408542,0.4275994,0.8173653,0.4726167,0.48444712,0.3123141,0.39806935,0.4768097,0.20839733,0.7651356,0.4493105,0.29145226,0.8044001,0.15696226,0.5832733,0.37505394,0.25732225,0.26212,0.71098423,0.3663479,0.50500464,0.94081044,0.7398096,0.7216196,0.83649844,0.31171378,0.44263107,0.74963665,0.29456213,0.6226857,0.7439839,0.1905994,0.52840436,0.3896259,0.7675683,0.7613122,0.87576354,0.5182524,0.42391855,0.8273247,0.29461068,0.25081775,0.48674777,0.79733247,0.76872617,0.7591378,0.7932719,0.6845434,0.14312741,0.41957808,0.8736465,0.3356172,0.3689192,0.4532192,0.38072407,0.14360449,0.4836616,0.5735371,0.5475774,0.46385327
BC2026_Train_0007_S09_20250829_000000_25,0.17879093,0.6052668,0.46977893,0.24900651,0.6113479,0.43708277,0.77651715,0.5206629,0.38569826,0.74953276,0.61119336,0.34013057,0.15992334,0.16449107,0.94417924,0.6779231,0.5874514,0.7132273,0.2708702,0.53993315,0.4604277,0.6258277,0.7364259,0.51630247,0.41451266,0.43285903,0.78144497,0.5461531,0.53879154,0.67672044,0.75887084,0.7643468,0.6929984,0.7795502,0.5923729,0.88672817,0.7918381,0.41866666,0.18234889,0.5229652,0.6786775,0.8126526,0.509763,0.49953642,0.48729324,0.5506568,0.6449402,0.4859352,0.42528075,0.46328622,0.43165028,0.62714607,0.61197555,0.7439831,0.6121477,0.9270373,0.6389854,0.20803982,0.676881,0.20566726,0.49539584,0.50243956,0.2356226,0.43511787,0.297399,0.82822895,0.54190874,0.6277982,0.7174728,0.67508096,0.58948547,0.42170894,0.6823825,0.6486429,0.87195635,0.7842278,0.8184567,0.681346,0.5597716,0.5216615,0.64058334,0.76595837,0.17634007,0.3017562,0.25695336,0.90184444,0.5810922,0.42538565,0.7830367,0.55439365,0.67593807,0.62171054,0.3329637,0.44894654,0.9283682,0.85724866,0.81183124,0.41177082,0.8059279,0.5785531,0.52925456,0.66374516,0.5103901,0.25287586,0.35492843,0.73549044,0.7912375,0.56589735,0.50660133,0.5436747,0.26572016,0.73974675,0.20774943,0.38792497,0.46682495,0.46333575,0.87884164,0.6008765,0.7751253,0.50417364,0.32714236,0.7690771,0.41032636,0.6239807,0.3997119,0.23729315,0.48109198,0.37880835,0.94115317,0.7607698,0.7834041,0.49479243,0.44644994,0.36482784,0.17747027,0.4362742,0.4139896,0.66678876,0.64658195,0.58917403,0.8910584,0.33834296,0.55701,0.6755854,0.4746343,0.63904697,0.6898345,0.75662786,0.53608346,0.8703277,0.65504766,0.46888033,0.88835835,0.8993963,0.53153384,0.41664037,0.96388876,0.5928935,0.794386,0.98386675,0.6868228,0.69870603,0.73717266,0.6448984,0.3148926,0.24637832,0.8851793,0.5582317,0.6375542,0.29121417,0.7200065,0.6999138,0.1902891,0.5320567,0.568736,0.33869034,0.817072,0.29681093,0.52428156,0.25880826,0.2300789,0.5269126,0.31382644,0.71775603,0.51554406,0.66240835,0.5607697,0.44597942,0.35051045,0.46885827,0.8330021,0.49523503,0.83330715,0.78417754,0.5838598,0.74838686,0.43452618,0.312888,0.6096238,0.34700927,0.5707278,0.8909604,0.5210235,0.4474786,0.7987604,0.45238256,0.52470964,0.43230778,0.8940834,0.66949314,0.8192297,0.5978788,0.4218865,0.8404699,0.5236758,0.2539155,0.7004924,0.32627183,0.81302047,0.83434224,0.98362494,0.3870659,0.3292131,0.5382549,0.57599413,0.26096296,0.33305395,0.4003,0.34780177,0.27044177,0.26733217,0.48235387,0.7864526,0.48722085
BC2026_Train_0007_S09_20250829_000000_30,0.29021358,0.5300265,0.5016332,0.43607664,0.61726034,0.77691174,0.89393336,0.43921646,0.41141284,0.70072484,0.48402846,0.14541274,0.30554432,0.40586248,0.78004694,0.29645684,0.32408875,0.887915,0.43199033,0.9025687,0.7008397,0.551658,0.9072834,0.7627692,0.6342244,0.8487188,0.37255263,0.85609275,0.704713,0.63344306,0.7738164,0.9492203,0.66187805,0.74673784,0.50691664,0.8604214,0.95264393,0.46093237,0.120180026,0.40150213,0.7771162,0.9602395,0.7057103,0.80565363,0.47850254,0.51047754,0.2950969,0.5162976,0.39477822,0.35487947,0.6354827,0.74262387,0.7500549,0.95205915,0.41895992,0.8720585,0.5856354,0.6891519,0.7531952,0.31964165,0.5177745,0.6245209,0.52375007,0.43541718,0.63423365,0.3032986,0.70432895,0.6836187,0.51988995,0.7811729,0.6029605,0.26908642,0.5507852,0.60323745,0.8494591,0.86059004,0.8115577,0.89405537,0.3241641,0.63112736,0.5639766,0.26871806,0.27142093,0.15455543,0.8316726,0.95414996,0.33933508,0.28732932,0.61206293,0.55330396,0.8447238,0.6211713,0.19840984,0.40567416,0.96138716,0.63085926,0.72810817,0.49070278,0.80418855,0.44627684,0.4233789,0.5255016,0.28222716,0.7263621,0.6936865,0.47969237,0.61252666,0.34724098,0.60153496,0.21799168,0.34165788,0.71081257,0.22338125,0.20719577,0.38032877,0.5053301,0.511737,0.69336736,0.556179,0.3472857,0.546478,0.51974964,0.20900884,0.43723878,0.6579357,0.123421,0.40448534,0.14723092,0.6224697,0.4863548,0.4659851,0.28442374,0.7092489,0.3496421,0.49329656,0.48149464,0.48869377,0.47091746,0.6205722,0.5749313,0.67574924,0.52263284,0.36302692,0.482779,0.14177892,0.534883,0.5121925,0.77494174,0.629941,0.9578898,0.5242487,0.3833161,0.51354265,0.94923747,0.5181267,0.25947535,0.9528704,0.3522017,0.56209993,0.93249434,0.59661597,0.53390336,0.6559917,0.60453916,0.30087766,0.36038515,0.78238964,0.5050258,0.17235795,0.26529914,0.5044445,0.5335314,0.23369476,0.7120004,0.41431624,0.4763722,0.60462344,0.288756,0.256777,0.49997985,0.3275953,0.315586,0.31345206,0.571616,0.173156,0.6347397,0.3023011,0.41462877,0.6117804,0.53730917,0.63016987,0.33027953,0.7217543,0.5457915,0.49513713,0.38981017,0.2685063,0.39512026,0.49730182,0.37853,0.46163523,0.65436393,0.62191665,0.545074,0.6724454,0.612031,0.5320804,0.6916336,0.8125366,0.4043537,0.76682955,0.57017314,0.6860539,0.5944319,0.83007634,0.2517498,0.88249767,0.33478516,0.73063695,0.30240846,0.9513947,0.32710746,0.36696476,0.42095804,0.49526292,0.14313048,0.30468947,0.6186267,0.17545274,0.21290809,0.3775301,0.37463692,0.57858396,0.3442077
BC2026_Train_0007_S09_20250829_000000_35,0.325401,0.2818077,0.24728857,0.40718982,0.5505729,0.45746762,0.7683285,0.47236687,0.5792223,0.6700668,0.59397674,0.21190885,0.31450218,0.32550827,0.8855363,0.1478481,0.4974236,0.506125,0.6804792,0.63375986,0.568756,0.90305024,0.6106433,0.8302609,0.630324,0.50994,0.31250554,0.74798256,0.7359874,0.6488383,0.5818858,0.71928895,0.58350873,0.5727856,0.5872854,0.3679454,0.87202466,0.42892036,0.21197377,0.49544084,0.61618596,0.78260976,0.6305624,0.7396193,0.5581742,0.56271756,0.3842828,0.5767418,0.41020477,0.34351987,0.5589124,0.5211779,0.52234006,0.742133,0.62077963,0.92062354,0.48113543,0.4733456,0.79967815,0.53981453,0.3796873,0.3934664,0.5458067,0.4134966,0.7437144,0.514418,0.49968058,0.6398424,0.39419034,0.4571843,0.51035416,0.43116644,0.88426465,0.6337862,0.6379876,0.9353894,0.8721858,0.9680688,0.18255901,0.52541375,0.35480833,0.08815059,0.350935,0.32189158,0.6419369,0.633582,0.36804554,0.4221626,0.7383987,0.7317854,0.82861435,0.42387575,0.44277963,0.6570692,0.75178874,0.4046238,0.27085647,0.5294224,0.56371135,0.7869119,0.6163399,0.47957703,0.14315757,0.7760962,0.63619345,0.600113,0.5027583,0.46507734,0.6994372,0.375878,0.29363233,0.59150624,0.2235486,0.33889785,0.72891676,0.7727688,0.6010424,0.47599334,0.5686141,0.55456394,0.45950907,0.74066687,0.38121936,0.65584195,0.50423574,0.47905245,0.477767,0.09642875,0.5257967,0.45837748,0.39238074,0.21941409,0.77613306,0.739049,0.49816588,0.61002845,0.6533854,0.6029622,0.5988816,0.518552,0.39917457,0.83156395,0.31922895,0.32188118,0.08080224,0.78676254,0.6502199,0.47644094,0.41363016,0.79531735,0.50387836,0.40400502,0.5061947,0.61008507,0.29380393,0.26803684,0.9657875,0.4594394,0.73351955,0.52645946,0.7970353,0.76180416,0.4887567,0.7106132,0.29190898,0.22149783,0.3663534,0.8049854,0.13175352,0.34416512,0.39926815,0.60377556,0.4271833,0.8232482,0.54815006,0.7356778,0.6729467,0.6025833,0.18568383,0.51093125,0.78376883,0.5462763,0.5998667,0.686109,0.08787316,0.8032244,0.39890423,0.7092992,0.7673434,0.27681607,0.53001964,0.23612243,0.68643165,0.58202654,0.7129414,0.4917262,0.5247483,0.521809,0.11436332,0.108198486,0.7444107,0.80275804,0.22890165,0.8451108,0.7068949,0.4644999,0.5254007,0.63793397,0.6962396,0.41815636,0.6149534,0.71315575,0.71859664,0.4991104,0.5646911,0.3414542,0.8509409,0.5417663,0.8537766,0.2635733,0.8940565,0.616937,0.7478252,0.68719065,0.47852078,0.43783262,0.5078737,0.8685436,0.40912905,0.27217364,0.7259728,0.45334336,0.68023336,0.5993906
BC2026_Train_0007_S09_20250829_000000_40,0.32399184,0.35544473,0.20343,0.44226986,0.5553855,0.53814644,0.75176173,0.58413935,0.6050699,0.56327033,0.48251602,0.40908736,0.44183534,0.3822701,0.45514503,0.11418773,0.6002526,0.59507143,0.91335624,0.52001035,0.37759438,0.99628377,0.7535874,0.88388336,0.4629705,0.48524335,0.43468654,0.7621647,0.44945642,0.35444292,0.7626659,0.94854736,0.77473396,0.89979494,0.61726046,0.55588454,0.9850195,0.5773232,0.5573975,0.80181044,0.8535843,0.948141,0.80022836,0.8393392,0.60561943,0.60787535,0.50080526,0.43060997,0.48067626,0.46216428,0.7416456,0.79181755,0.7917884,0.93031585,0.62655854,0.86973596,0.49969792,0.6384269,0.84525424,0.32699448,0.3858656,0.48256123,0.5749043,0.36669272,0.38543773,0.68238497,0.4644925,0.33540416,0.31051683,0.43483126,0.5872854,0.6202786,0.68779624,0.336783,0.7854316,0.95320046,0.72440535,0.81709313,0.40799922,0.7685641,0.17658003,0.0706895,0.2954012,0.45534268,0.36850733,0.5698408,0.6717276,0.4006614,0.7404048,0.7132297,0.69608104,0.6940436,0.89979744,0.6841593,0.91378695,0.6953171,0.25036916,0.8151236,0.6288184,0.78138244,0.7119244,0.37752032,0.29473644,0.47208285,0.77511394,0.6429141,0.48226833,0.6953084,0.84380895,0.5536033,0.43599588,0.6474198,0.25058284,0.46278524,0.6502501,0.6471721,0.7149625,0.42504388,0.6897155,0.56004703,0.6524457,0.7451587,0.58423376,0.7986382,0.5658391,0.66722506,0.28282565,0.3450607,0.35005456,0.5392185,0.16749515,0.07202891,0.87970203,0.7751453,0.6407779,0.74140203,0.41204113,0.571711,0.42351168,0.5688151,0.40584105,0.8681782,0.3159797,0.44062272,0.43024457,0.7355199,0.45955855,0.4816703,0.55663717,0.46214718,0.36096835,0.122916,0.41282812,0.65392166,0.31700414,0.4200393,0.8605695,0.35474467,0.7623502,0.5043204,0.8058413,0.5927046,0.63889456,0.48799273,0.33920747,0.76447684,0.34495795,0.45869336,0.48868448,0.5609226,0.56848973,0.5651481,0.5752125,0.6882982,0.37250575,0.7527591,0.55622375,0.4737903,0.17063183,0.50637233,0.3925045,0.71181273,0.5185592,0.68778867,0.34701133,0.66455734,0.6702248,0.74256843,0.5331328,0.4211226,0.4521022,0.45273706,0.36853516,0.6507257,0.7653471,0.44641533,0.508674,0.79170585,0.10079642,0.19317,0.81648666,0.5793097,0.2126629,0.9819875,0.3549615,0.42070642,0.5043937,0.7738796,0.56220734,0.7960253,0.530035,0.5837023,0.8359011,0.3294921,0.7118631,0.43798012,0.8844697,0.5670692,0.7760904,0.37089944,0.7593635,0.57906437,0.75340265,0.82723546,0.25342476,0.769132,0.707159,0.7902371,0.5040146,0.45803604,0.9600075,0.28142,0.93437904,0.65054023
BC2026_Train_0007_S09_20250829_000000_45,0.19419034,0.4396057,0.2375557,0.38697064,0.6182916,0.75626963,0.8099404,0.42813697,0.33712175,0.64347386,0.53713644,0.6269312,0.251491,0.37678367,0.48787606,0.25198287,0.49600795,0.61035585,0.96584094,0.6917465,0.3224079,0.90422946,0.6487587,0.9873419,0.33029854,0.42725998,0.36465424,0.8717177,0.3666029,0.46757072,0.7433138,0.82978636,0.6694479,0.91833174,0.6631855,0.56649673,0.97673917,0.7152415,0.4550586,0.79322034,0.8804878,0.87061924,0.7992037,0.7968703,0.6220105,0.63662493,0.5854255,0.3388919,0.44526517,0.51889205,0.69748175,0.65490687,0.68326426,0.89795274,0.6646156,0.92389494,0.53235424,0.7526665,0.5634907,0.35174227,0.43387672,0.58376575,0.53320026,0.2188828,0.20658731,0.9910315,0.5104413,0.26210895,0.52974117,0.7291703,0.63582295,0.35341653,0.32261285,0.1610859,0.78686833,0.7485148,0.7567915,0.8441305,0.414262,0.85132474,0.048521418,0.099238425,0.20344435,0.4672894,0.577605,0.34740284,0.8016482,0.52668333,0.52849674,0.302122,0.5728606,0.74828744,0.73966503,0.71630883,0.6857774,0.82188636,0.40959424,0.8884907,0.8545333,0.6513933,0.3974718,0.2541029,0.8247083,0.3008245,0.72708005,0.74335456,0.57814926,0.54024136,0.81479955,0.43073422,0.5491953,0.6729922,0.21974415,0.65843654,0.32549024,0.58459103,0.43302846,0.6690269,0.52265346,0.7624917,0.6770709,0.6555567,0.39921665,0.61208004,0.6206226,0.56990874,0.20904317,0.3639791,0.46271908,0.7338297,0.1847794,0.20204765,0.8489008,0.61470807,0.5122504,0.44233727,0.4103238,0.59732527,0.41256163,0.6613866,0.48720014,0.97907495,0.49952924,0.3203014,0.3073053,0.69871235,0.18645047,0.76835,0.6516043,0.36326194,0.15191308,0.2717261,0.5648684,0.5992576,0.3102566,0.52427316,0.77233946,0.24232207,0.6505896,0.3315711,0.8061933,0.3134482,0.6600248,0.32768226,0.3083455,0.86766386,0.41107076,0.58046913,0.45824388,0.5754326,0.7261226,0.74670553,0.49983516,0.638533,0.33432937,0.66106266,0.5801095,0.43221384,0.09595166,0.43829277,0.19840358,0.8253375,0.52465343,0.62619615,0.49866307,0.7254101,0.70202243,0.5114188,0.66382444,0.7269312,0.66792023,0.41792417,0.42059004,0.6355607,0.6677518,0.42443493,0.63965356,0.66943896,0.21408582,0.3647167,0.6340539,0.47714078,0.46317038,0.9545741,0.37099564,0.27473044,0.45989138,0.76089734,0.49661022,0.968273,0.5379805,0.79405063,0.76107824,0.3887281,0.7194305,0.8855001,0.93674177,0.41667935,0.628392,0.3881991,0.6462959,0.43170393,0.6408746,0.6706569,0.33743557,0.72384477,0.57943153,0.50784576,0.6867332,0.43637884,0.9084352,0.29831925,0.9013113,0.55304706
BC2026_Train_0007_S09_20250829_000000_50,0.22854842,0.501673,0.3514683,0.2843181,0.56535417,0.88780636,0.64663166,0.60374373,0.3356982,0.54534453,0.33055893,0.3458096,0.3642937,0.36856547,0.65744174,0.9700646,0.5652049,0.359334,0.39092183,0.7310207,0.46148837,0.75745904,0.5325563,0.8572852,0.695778,0.41616973,0.9947236,0.93601257,0.58466727,0.3766899,0.8069552,0.89987695,0.81901395,0.95081484,0.6414604,0.8840727,0.9947691,0.766006,0.6209373,0.825107,0.78609836,0.8466146,0.6866384,0.8398311,0.61146915,0.6506492,0.70096684,0.3419772,0.547291,0.54904395,0.710297,0.6976167,0.70449597,0.8171444,0.68913066,0.57291615,0.51551044,0.11119104,0.24165782,0.523891,0.42323226,0.6408794,0.4002823,0.15266508,0.29383224,0.9250331,0.46664923,0.6377883,0.43178657,0.8613625,0.5445229,0.27674735,0.4256938,0.2450171,0.7573747,0.90896285,0.89310455,0.6180639,0.5833777,0.9254794,0.19946744,0.08837542,0.38868207,0.8169719,0.5640676,0.418221,0.45390815,0.3020419,0.76730454,0.18634735,0.75483954,0.47831428,0.8564099,0.6147982,0.6022218,0.783981,0.63546014,0.7042762,0.68892425,0.8259169,0.22408405,0.34184283,0.62941307,0.4096039,0.7783247,0.70304745,0.56842804,0.7030398,0.841674,0.5947995,0.83873624,0.7755188,0.47819263,0.60373217,0.2873632,0.7198334,0.26514468,0.52679116,0.2866909,0.7045734,0.32646102,0.58918774,0.51844716,0.80656564,0.69623756,0.7190356,0.40946332,0.5846666,0.8254943,0.77327436,0.26789752,0.49298206,0.9624412,0.43872857,0.6739054,0.38005945,0.20112973,0.89967513,0.319687,0.3854605,0.5962926,0.7473239,0.44205704,0.5708663,0.34244195,0.720888,0.3275275,0.57899606,0.60905033,0.48252726,0.26634043,0.76777065,0.55042243,0.53862953,0.5823916,0.7027995,0.5997816,0.45072317,0.7852901,0.49646017,0.9547429,0.42857304,0.842205,0.40599626,0.5271759,0.7831508,0.5630684,0.87505215,0.613858,0.8541623,0.7740831,0.77020204,0.41077513,0.6928834,0.53895366,0.43892723,0.5080664,0.4598032,0.2550373,0.35373345,0.3242312,0.694336,0.34379703,0.620522,0.644526,0.77250004,0.36672014,0.45377332,0.68570507,0.5452096,0.48751035,0.6540278,0.58706135,0.87286115,0.6508951,0.41269886,0.4023201,0.76387006,0.62772787,0.27096584,0.8557033,0.18731117,0.33401048,0.9625921,0.7298888,0.41977164,0.45627004,0.8103895,0.34476757,0.8937515,0.56162465,0.755823,0.5606086,0.31148857,0.85363334,0.6577086,0.8787211,0.24595067,0.69644976,0.5349494,0.8162522,0.37945974,0.7615227,0.47788268,0.4145102,0.8828801,0.55976194,0.46199054,0.6439818,0.47813338,0.96304023,0.29465914,0.94443023,0.5746676
BC2026_Train_0007_S09_20250829_000000_55,0.41207916,0.46618322,0.45001563,0.20347251,0.616573,0.7847724,0.81944835,0.8295938,0.49623674,0.46809673,0.34338018,0.1973545,0.27933267,0.2454176,0.9046798,0.8516197,0.5192449,0.5304868,0.11322545,0.6591931,0.39550158,0.830101,0.82786477,0.7587246,0.71521574,0.80690837,0.8747935,0.80071515,0.533159,0.36646622,0.6723821,0.982269,0.66131306,0.8500366,0.5824729,0.90076286,0.87547934,0.72843826,0.8845675,0.52910835,0.5804527,0.78884894,0.62228143,0.76036495,0.5199568,0.6005828,0.6290876,0.3529161,0.53116316,0.4698075,0.39599755,0.7175486,0.6861882,0.6365418,0.6518622,0.6568145,0.50657296,0.09306092,0.25546044,0.38400152,0.27885967,0.597528,0.32721654,0.26033008,0.61128044,0.8889488,0.3225853,0.6515504,0.6575751,0.6313855,0.601998,0.5292394,0.68837607,0.37809712,0.80464053,0.90953517,0.9589167,0.3902545,0.35203582,0.6807395,0.7334614,0.22674581,0.23119678,0.8609979,0.44513667,0.1678457,0.335137,0.39844757,0.955702,0.30286428,0.6671292,0.32466513,0.70232666,0.46041858,0.4604274,0.7319336,0.57784307,0.44028383,0.39904115,0.62156856,0.55436,0.38034955,0.6757187,0.23349099,0.4516627,0.5382867,0.86929166,0.8182963,0.6716513,0.91979194,0.5877317,0.5145396,0.56235623,0.46019003,0.21471247,0.6059605,0.2706235,0.48804885,0.3194454,0.40631905,0.18348473,0.41601774,0.65566725,0.7743283,0.5100153,0.62141895,0.5747688,0.415037,0.9640459,0.5277139,0.59165263,0.5537545,0.73674905,0.35407543,0.66435766,0.5169195,0.30583584,0.70781314,0.5771665,0.47101754,0.8126668,0.66873425,0.76009816,0.82858455,0.6440861,0.61448693,0.34704125,0.34446198,0.4491586,0.52244353,0.6947791,0.82765186,0.7964631,0.79370135,0.45714366,0.7269394,0.42780346,0.5081316,0.91724366,0.47283986,0.7578682,0.385617,0.64199835,0.41100073,0.43578783,0.36477873,0.2708543,0.43335903,0.4676497,0.6742736,0.6122832,0.657885,0.40043515,0.584265,0.6245966,0.21630675,0.46273568,0.46821672,0.56127113,0.235176,0.54633176,0.5230109,0.41606808,0.86438334,0.70310503,0.6052083,0.4935278,0.522125,0.52151203,0.40429828,0.41107893,0.6878677,0.93353546,0.9138855,0.68373865,0.7341472,0.385344,0.67208374,0.55315834,0.5870011,0.8923188,0.33219752,0.26114577,0.7891198,0.7019445,0.50456923,0.57517385,0.76810217,0.34732258,0.6053399,0.5072118,0.6413061,0.63557875,0.38908368,0.77240694,0.4197343,0.5230737,0.14723274,0.53001666,0.77796423,0.7551465,0.3057333,0.5371554,0.4318134,0.6526418,0.6941073,0.28164423,0.55000526,0.542342,0.5299184,0.8452383,0.65292287,0.97486454,0.45877096
BC2026_Train_0007_S09_20250829_000000_60,0.38203818,0.55729985,0.49293953,0.2005714,0.54081047,0.4930697,0.7663549,0.78646773,0.3276013,0.4279749,0.35907286,0.30073848,0.5376041,0.056979835,0.93189263,0.95373064,0.74856466,0.7139425,0.25395054,0.49941272,0.6916603,0.5566885,0.9788624,0.8074804,0.7506234,0.45673922,0.9415236,0.59549284,0.7553923,0.7681219,0.29108435,0.9159136,0.29863814,0.73959523,0.5681729,0.8488636,0.8238399,0.7883393,0.30158627,0.7873654,0.23426314,0.8207847,0.5569236,0.7854169,0.5856497,0.66523427,0.71654713,0.3094411,0.4803957,0.37367183,0.55164635,0.51221335,0.51799726,0.565176,0.71461827,0.929375,0.4770104,0.32169774,0.6502897,0.12831926,0.56539154,0.6270988,0.3481673,0.56976336,0.7055828,0.73887295,0.5471825,0.31827968,0.78973854,0.795676,0.5230042,0.6556916,0.849298,0.07472833,0.55246365,0.9320762,0.7775679,0.52536523,0.19004059,0.9180145,0.88139087,0.23440582,0.37784377,0.8007579,0.82500416,0.17836642,0.6184359,0.5274936,0.99787503,0.14443275,0.91116035,0.6667629,0.9161104,0.77518797,0.7713296,0.84021664,0.810068,0.68658364,0.6185324,0.82954144,0.7709753,0.51066005,0.4003879,0.3992766,0.23278223,0.8325251,0.48488915,0.88343537,0.91095495,0.79805493,0.79156876,0.58786166,0.3299117,0.7283663,0.4681725,0.89134127,0.464942,0.7804326,0.87681675,0.59886765,0.32746223,0.4715787,0.86967546,0.97379166,0.18061358,0.9099624,0.24785703,0.38584495,0.96110815,0.37670892,0.47235554,0.93214,0.91395456,0.78245753,0.9273654,0.52909124,0.3330308,0.6702404,0.6708547,0.60007083,0.77927023,0.85472226,0.853273,0.95386237,0.17452139,0.48087865,0.2840258,0.5873152,0.7865759,0.87304026,0.9773433,0.8273583,0.74783236,0.7605982,0.44507295,0.7506799,0.40666398,0.8833396,0.9269911,0.70422184,0.8131484,0.21846302,0.86118335,0.23061751,0.6671771,0.614052,0.04009634,0.36487374,0.45834717,0.74373394,0.75184995,0.6629535,0.5144714,0.9028499,0.633433,0.36530948,0.8463479,0.24557748,0.9054816,0.499859,0.7354501,0.76592916,0.55008876,0.8592319,0.8597604,0.91147745,0.82699096,0.8247438,0.74665785,0.13499224,0.88442916,0.8723955,0.8732252,0.3642804,0.71445835,0.75844014,0.87805367,0.5213217,0.23730466,0.7846583,0.721784,0.8511305,0.15950002,0.35580453,0.33917868,0.7616026,0.59257275,0.29410568,0.4251973,0.8084615,0.7995955,0.6979727,0.78148496,0.8343729,0.32996532,0.3296593,0.57211685,0.33795273,0.792238,0.91126966,0.85328746,0.7288667,0.60296667,0.9061158,0.6668823,0.7797205,0.43324006,0.92754376,0.92165625,0.7200146,0.9613833,0.8346584,0.94661236,0.6721004
BC2026_Train_0008_S09_20250831_000000_5,0.048727337,0.40851438,0.6644797,0.7160741,0.42881668,0.27857566,0.1634971,0.5327467,0.3156752,0.48359942,0.87142104,0.20791176,0.09675551,0.14734092,0.77719957,0.19219229,0.48048794,0.15421875,0.21219361,0.538723,0.2857771,0.3523556,0.1340429,0.66244817,0.32603306,0.5558958,0.59196514,0.22838584,0.39510554,0.53166837,0.86705875,0.78492093,0.66287315,0.31996733,0.59794164,0.78045774,0.7240025,0.162944,0.92171544,0.58120227,0.5065185,0.6384275,0.6693817,0.6002878,0.59373224,0.56440043,0.43030798,0.44470417,0.35593125,0.30544424,0.7716742,0.78417534,0.78335434,0.7694033,0.5273473,0.2507379,0.4192604,0.4102231,0.11246659,0.106797084,0.05415303,0.108625025,0.13286358,0.12392688,0.059834145,0.5114263,0.078855805,0.011144416,0.31148887,0.3627615,0.5617103,0.909637,0.37553334,0.10695216,0.42187467,0.72642374,0.4887658,0.18704334,0.259298,0.52875686,0.035030328,0.5726892,0.12807584,0.107493326,0.09826667,0.9352645,0.069082335,0.1426355,0.36878806,0.5480194,0.3761917,0.079523414,0.16944,0.3587458,0.19711661,0.44458157,0.32095414,0.56939614,0.5943005,0.38381788,0.60388136,0.24807915,0.18576643,0.097232156,0.1213139,0.1500345,0.44125596,0.080680415,0.66210043,0.8587586,0.11683634,0.1909341,0.11636008,0.61819375,0.12116875,0.34177658,0.112132505,0.11412001,0.2140661,0.29751658,0.053387582,0.18075708,0.3054948,0.4187581,0.07543583,0.27129406,0.6780374,0.58459157,0.81544995,0.4620096,0.58891267,0.15127876,0.20016529,0.091931835,0.1270945,0.18383735,0.23702207,0.43743947,0.096411504,0.37876564,0.32408834,0.4955383,0.40567756,0.80881304,0.19784318,0.12247417,0.6007868,0.34647602,0.63497305,0.46618664,0.35017666,0.15594715,0.13070634,0.5247146,0.636324,0.9425813,0.25858057,0.68183094,0.74160254,0.3449784,0.53410536,0.23448032,0.59043694,0.8062249,0.16060768,0.5589837,0.34327763,0.20037049,0.8222089,0.6522376,0.43253982,0.16266415,0.96869993,0.8307701,0.10490458,0.14650233,0.25778067,0.37857997,0.43611825,0.044192255,0.3180972,0.65965563,0.055352084,0.23228317,0.40995765,0.43560085,0.29531896,0.268538,0.97601676,0.07668567,0.0715425,0.2811669,0.08417824,0.0965725,0.96849585,0.041175082,0.36352572,0.9477688,0.16303352,0.40963504,0.9521353,0.62357926,0.13625416,0.7404501,0.18892185,0.11960625,0.39636618,0.20984192,0.60451204,0.6487834,0.61108124,0.3374471,0.22166306,0.73970366,0.48054498,0.18043539,0.5788967,0.17353176,0.6590004,0.16251443,0.78460366,0.6868539,0.44602212,0.6616262,0.3483864,0.31260863,0.17891833,0.49404797,0.28884232,0.08258775,0.11863176,0.111777924,0.81682,0.7407605
BC2026_Train_0008_S09_20250831_000000_10,0.058474835,0.4464237,0.80983335,0.6958444,0.45363542,0.6343548,0.4316793,0.8007037,0.6516082,0.46979666,0.6987079,0.7339501,0.13702075,0.25054818,0.9287938,0.45498186,0.4965359,0.15919352,0.24238265,0.18040767,0.16654709,0.7178842,0.26669466,0.41314283,0.5969185,0.3677516,0.47325793,0.19394132,0.5916571,0.5609063,0.6686473,0.34150416,0.5601909,0.33530053,0.53957295,0.2620649,0.7978456,0.41203675,0.7327601,0.7053309,0.2871873,0.3235158,0.3898807,0.36514598,0.6871344,0.639009,0.49073538,0.41406137,0.3278128,0.31953853,0.42148766,0.56102407,0.53777844,0.54160833,0.42941457,0.5599009,0.43644792,0.7622782,0.25296232,0.031759083,0.090069026,0.10729925,0.34496325,0.19905183,0.16890801,0.5556536,0.1378941,0.029540917,0.7956838,0.48692077,0.561023,0.8672085,0.3428596,0.6273354,0.41334864,0.9058437,0.7592209,0.44471875,0.2643485,0.17847317,0.23690781,0.41779,0.08480558,0.20231259,0.23993167,0.7496411,0.099751584,0.16365826,0.7525008,0.49115062,0.40495172,0.06392042,0.63666296,0.72782034,0.43768418,0.92438334,0.10943867,0.52748126,0.47700733,0.34755784,0.59070635,0.1681169,0.16497089,0.09060373,0.06076473,0.6508898,0.46340615,0.18356667,0.7554846,0.70072377,0.29234707,0.16192733,0.5045959,0.42385504,0.17329851,0.44894582,0.14035225,0.26506728,0.56798077,0.2111853,0.16414532,0.48883334,0.77671504,0.72566324,0.09008233,0.4977928,0.67672527,0.45188934,0.58208525,0.6237258,0.9376292,0.6712742,0.27931306,0.16827033,0.059480757,0.30299154,0.19918233,0.5355625,0.27916124,0.29952455,0.18284658,0.4012965,0.45692235,0.69420433,0.44240284,0.32706738,0.42172807,0.38699377,0.77729696,0.71212864,0.12675768,0.3358354,0.5817876,0.28546762,0.6985042,0.8977032,0.7610146,0.9517105,0.68523884,0.24411967,0.81954956,0.37811506,0.68994474,0.328035,0.08059491,0.5937847,0.6056917,0.173307,0.63036513,0.38560826,0.5396991,0.31075364,0.8115281,0.6188706,0.062133837,0.27417934,0.4523387,0.10312501,0.89967513,0.064132504,0.29808193,0.7854471,0.23321858,0.5279443,0.75768244,0.13427459,0.6295439,0.3757983,0.82761997,0.16775368,0.43807727,0.6321229,0.2121655,0.14173675,0.93792754,0.33582932,0.3645989,0.69630677,0.8171411,0.51400924,0.78045166,0.34460142,0.28760463,0.45059103,0.2765031,0.12085626,0.4513237,0.57232916,0.7691589,0.39435837,0.1240855,0.47633338,0.11718059,0.8276794,0.40671512,0.11468074,0.8992938,0.384719,0.63963544,0.68752265,0.91634166,0.8167374,0.40563914,0.29068163,0.38219544,0.3285044,0.07441058,0.2209992,0.5296508,0.2154415,0.41835445,0.37991044,0.82124895,0.4316752
BC2026_Train_0008_S09_20250831_000000_15,0.13531457,0.5159365,0.50135016,0.62775123,0.6131354,0.6371104,0.41333762,0.70861316,0.42752975,0.5382806,0.6544624,0.7130117,0.43357497,0.36261576,0.96561253,0.7526851,0.47062096,0.08767284,0.19670546,0.2371331,0.10266483,0.6729685,0.49105465,0.32205307,0.38461432,0.2743156,0.92217714,0.18968725,0.6593665,0.64974827,0.45809194,0.16277926,0.6691928,0.655638,0.660023,0.29261112,0.5218817,0.69797635,0.592767,0.7837915,0.29817283,0.2542055,0.39050263,0.43614796,0.6017666,0.5869794,0.4799366,0.5574585,0.37970224,0.44351217,0.4773965,0.5499188,0.5580642,0.47203112,0.48675317,0.48573875,0.47219792,0.68226683,0.3817563,0.036723167,0.15742163,0.21814209,0.12904227,0.38450173,0.16387966,0.39603955,0.046664104,0.12910824,0.927425,0.5676353,0.4889729,0.6752471,0.36498502,0.6352843,0.58852994,0.5091265,0.8161875,0.26224065,0.12981534,0.22876142,0.5741805,0.3229991,0.29057705,0.43291634,0.368,0.22187302,0.16031457,0.052337844,0.82318145,0.5829969,0.8597255,0.08170425,0.7201667,0.5627264,0.31100926,0.89530313,0.21471602,0.49502045,0.78335965,0.791787,0.7366605,0.23402861,0.04030083,0.040652357,0.029931925,0.7150917,0.9123873,0.49687043,0.84270203,0.564017,0.7955467,0.0630825,0.41485515,0.52486336,0.13436417,0.22750027,0.2615078,0.51455,0.95578754,0.401277,0.09378433,0.29260394,0.83040744,0.64932156,0.18290891,0.77160335,0.58597493,0.30220193,0.7933836,0.7060541,0.8111267,0.94239587,0.25872633,0.09510483,0.14007333,0.4311111,0.16363092,0.3350773,0.3916489,0.36441538,0.44389483,0.6025386,0.8163666,0.9543013,0.62042505,0.6042313,0.7539681,0.48610377,0.51220024,0.6239676,0.112632915,0.11926109,0.8398855,0.09469385,0.3577979,0.720064,0.79606974,0.885921,0.5024972,0.22977768,0.8115754,0.16878216,0.73820627,0.38307205,0.15463018,0.86568725,0.42725277,0.11656549,0.6478015,0.07222608,0.49466488,0.3065045,0.6268111,0.88504374,0.2106435,0.49410003,0.17505926,0.024675917,0.86233455,0.17342085,0.17203794,0.88949674,0.60721874,0.9476,0.69689465,0.2600543,0.9598813,0.21220833,0.6278005,0.08159026,0.594375,0.5576133,0.1533599,0.37658334,0.75333947,0.91151416,0.5736169,0.53238213,0.56494343,0.60825,0.6069621,0.07934709,0.9101925,0.586818,0.06307609,0.12079117,0.4654295,0.4218148,0.9467812,0.43480664,0.027620168,0.16810268,0.0674155,0.65410936,0.2635576,0.047397442,0.5125133,0.5116422,0.20217758,0.88664764,0.5789443,0.93613756,0.58794826,0.23555133,0.17495725,0.07127537,0.052589923,0.12442833,0.774798,0.27503416,0.6079559,0.24348108,0.9320438,0.4045532
BC2026_Train_0008_S09_20250831_000000_20,0.04750958,0.56869084,0.13881533,0.21140456,0.6183604,0.23232006,0.492337,0.8122083,0.26605928,0.55610114,0.7288978,0.2825976,0.30404234,0.3036325,0.7676635,0.61620516,0.6257501,0.085383095,0.17666636,0.2388075,0.26775163,0.49890924,0.6299366,0.34728107,0.07584049,0.107641414,0.5211078,0.13170391,0.46909708,0.3584276,0.551197,0.4177578,0.6931464,0.7029288,0.6131354,0.84576464,0.5507057,0.61733836,0.8124547,0.7900431,0.17951569,0.38985446,0.30088043,0.7652569,0.49305153,0.5034655,0.32857656,0.586138,0.38348877,0.39625072,0.67011905,0.6715938,0.6659097,0.50051636,0.54094636,0.37297037,0.4639479,0.3239291,0.46718538,0.036078252,0.069424935,0.22800517,0.08807987,0.6327428,0.057618488,0.34625536,0.06768781,0.29411748,0.89766854,0.252324,0.49502292,0.6426474,0.89428127,0.36075175,0.76197124,0.5383129,0.40203002,0.27268824,0.14627975,0.17272083,0.8081958,0.37461865,0.19419558,0.2225535,0.22664337,0.1306325,0.043572836,0.15268974,0.8266958,0.47911733,0.5858282,0.2803521,0.281734,0.4249285,0.28300846,0.5196891,0.6138333,0.2754387,0.80605006,0.94105,0.7295306,0.43272096,0.096472,0.021276504,0.06783474,0.2841791,0.96338546,0.4112184,0.7802694,0.8714196,0.97707504,0.09787776,0.20600042,0.27222466,0.3184596,0.3978356,0.4265,0.25824112,0.9166387,0.42512712,0.06764451,0.08944443,0.9386333,0.7876188,0.08908242,0.7722729,0.69252264,0.28119677,0.7471008,0.49995625,0.5180594,0.76316273,0.09646198,0.19753417,0.5393417,0.3493962,0.3187703,0.09809008,0.15140468,0.45826876,0.60271525,0.4409477,0.74213535,0.99345,0.14791867,0.35765332,0.84634995,0.5270709,0.35726148,0.631445,0.51603717,0.21007815,0.5645355,0.18174408,0.1626391,0.95238364,0.65130603,0.76480263,0.70396507,0.18217218,0.46396536,0.342089,0.357036,0.48011222,0.20094582,0.21261394,0.24399483,0.15847984,0.937775,0.053275004,0.7403397,0.6627404,0.92542267,0.9009313,0.46797553,0.2877167,0.12699652,0.027415335,0.8177377,0.051313836,0.34090316,0.9008991,0.4664375,0.92112565,0.5301243,0.9093328,0.85866326,0.45121804,0.90160537,0.15237133,0.31252426,0.18317294,0.3270292,0.16851394,0.81174284,0.8984834,0.74402297,0.8955711,0.14463368,0.28105766,0.32934722,0.04955767,0.9178292,0.6602658,0.04237792,0.26499212,0.47291613,0.11986792,0.6770455,0.19670868,0.061688326,0.076415166,0.16146684,0.8665815,0.1376726,0.0682504,0.3933296,0.38291264,0.13470134,0.9439604,0.5398857,0.6720427,0.4448962,0.65345675,0.1299485,0.08949905,0.16011348,0.036218416,0.53506786,0.60453326,0.29661232,0.36335087,0.5211867,0.78714126
BC2026_Train_0008_S09_20250831_000000_25,0.07497966,0.671142,0.32266095,0.26314825,0.60639787,0.21464431,0.4496305,0.56937623,0.46375823,0.4835016,0.6653435,0.31307298,0.14175999,0.25386742,0.7591833,0.56159234,0.5401772,0.37282065,0.40608552,0.3579336,0.41493472,0.672215,0.70785415,0.540658,0.117465645,0.22313377,0.7336681,0.04326159,0.3810804,0.41468993,0.45680732,0.7509664,0.58143735,0.51800156,0.5584792,0.90729,0.6798055,0.35050976,0.8245542,0.6121292,0.25305644,0.2767201,0.35770395,0.40681675,0.60408705,0.59329027,0.35738066,0.56426024,0.38643378,0.42990875,0.56302816,0.45863676,0.47079697,0.55068684,0.45797464,0.5756041,0.46683547,0.55547446,0.15279159,0.15056741,0.100348674,0.18977569,0.28411,0.56757504,0.236886,0.17112452,0.27888343,0.17033291,0.90357673,0.1618178,0.53297293,0.55979896,0.7808967,0.445915,0.5927971,0.58415097,0.28242952,0.44764575,0.20085411,0.47788084,0.55149007,0.76643616,0.2686913,0.17653534,0.0949115,0.20637932,0.053435918,0.4623188,0.57165194,0.62571454,0.47812164,0.1758174,0.08183943,0.5953234,0.3191878,0.57309896,0.5432664,0.34956235,0.47265178,0.50846374,0.7251048,0.38032427,0.3536516,0.058201414,0.057084925,0.17761725,0.86141664,0.53366166,0.76518786,0.8934001,0.80272794,0.1628375,0.3315665,0.2917169,0.53393745,0.43547255,0.23011398,0.080221415,0.3440867,0.32460785,0.18229175,0.2801968,0.92735577,0.7053002,0.20775893,0.40181082,0.72994864,0.27722177,0.620389,0.6507237,0.43900147,0.40854648,0.16614309,0.41725415,0.48128584,0.69314086,0.5547395,0.20615631,0.24925251,0.36154008,0.35013342,0.39523634,0.5838713,0.9027727,0.48183125,0.27912462,0.49051085,0.26587534,0.44029215,0.38592124,0.6927917,0.28485298,0.3809738,0.2570041,0.40303496,0.9489739,0.5801774,0.7452599,0.73161197,0.261491,0.39843598,0.64847004,0.15969318,0.25705767,0.200011,0.23258924,0.37726605,0.4247959,0.8270057,0.21754959,0.5813734,0.7686022,0.9525486,0.6212934,0.45187458,0.09993942,0.45524627,0.13812801,0.35576123,0.06310325,0.28640485,0.7329798,0.27476108,0.4560113,0.57531637,0.9299687,0.3524025,0.47029167,0.84385693,0.04517808,0.4175041,0.23159584,0.09116643,0.16729999,0.9063089,0.7542824,0.5326779,0.81243753,0.21481878,0.25029317,0.4265302,0.28076392,0.5739337,0.5670671,0.20926934,0.44316667,0.425722,0.13418032,0.4563679,0.32410797,0.15821877,0.2676418,0.121369585,0.9145792,0.38892245,0.13654171,0.6473035,0.33140087,0.31014568,0.8038657,0.293629,0.7741686,0.5697986,0.72212505,0.2994972,0.37014937,0.24314299,0.19501609,0.20788306,0.5998591,0.14506958,0.25109565,0.10723735,0.49395114
BC2026_Train_0008_S09_20250831_000000_30,0.046349913,0.4228218,0.5857917,0.7141224,0.504923,0.14358091,0.39035735,0.5819787,0.8945495,0.44137463,0.40118298,0.37383613,0.1319544,0.33041722,0.46151054,0.25111172,0.19446641,0.39235157,0.3747642,0.40466943,0.12173933,0.32768238,0.38730758,0.6049783,0.56884396,0.4119356,0.3517382,0.124580264,0.18119372,0.2845344,0.6260078,0.589293,0.41506213,0.37447372,0.5650104,0.35031393,0.7248782,0.14655706,0.69882226,0.1767453,0.32915506,0.14516757,0.469117,0.3450846,0.66189444,0.6279299,0.17553179,0.50016975,0.32066044,0.337209,0.6479708,0.6287152,0.6602878,0.591715,0.3589884,0.41245067,0.4753604,0.85916656,0.13980451,0.39300004,0.12894547,0.6191914,0.3691903,0.31063277,0.88625646,0.3105803,0.29816073,0.21872301,0.3084824,0.21899125,0.5678979,0.7927894,0.3474939,0.24705893,0.26575285,0.60457957,0.50420487,0.28732777,0.4226591,0.4406136,0.1929766,0.93613756,0.2159544,0.34423146,0.06409751,0.63446635,0.123152,0.38275665,0.29368535,0.630358,0.83300877,0.066949755,0.039777838,0.45790252,0.4895549,0.5737854,0.2902224,0.12720367,0.3477569,0.22147092,0.76512146,0.51448333,0.22053002,0.06817537,0.10747495,0.08550067,0.42857796,0.33520594,0.41247594,0.6213803,0.29949573,0.21495417,0.10234276,0.57908934,0.5981475,0.2698506,0.28706783,0.18984275,0.20444903,0.08631508,0.05568692,0.39570618,0.36385876,0.5317379,0.121411085,0.3668468,0.4517571,0.56073755,0.78618795,0.5295969,0.2224531,0.5176227,0.5428148,0.1763584,0.3291565,0.9304229,0.3843067,0.15387666,0.15910023,0.46623185,0.3533176,0.26585892,0.6391926,0.64178514,0.57130647,0.672302,0.26708564,0.31688985,0.16548054,0.34290218,0.47420043,0.36056593,0.39303258,0.13652301,0.28221506,0.5952244,0.67876387,0.32262206,0.5468674,0.67014927,0.6150131,0.7909688,0.16414253,0.38320565,0.16968219,0.5350809,0.26255375,0.6706292,0.7204323,0.3613414,0.44232088,0.42069122,0.64006037,0.7033435,0.67413545,0.067806,0.558925,0.3742208,0.19050708,0.080779165,0.48733538,0.9266939,0.17706776,0.18268593,0.34497932,0.55969644,0.27039316,0.24252266,0.9347733,0.037209336,0.6047709,0.23874909,0.021645585,0.09444909,0.7704564,0.6051172,0.164962,0.8773848,0.37362206,0.2784189,0.72640365,0.543205,0.16196051,0.6260996,0.40569168,0.20974824,0.4785834,0.11935316,0.67862713,0.578344,0.4499104,0.4078136,0.3291629,0.68889976,0.24695507,0.20185831,0.6811518,0.10465785,0.6409001,0.24487218,0.47144333,0.594957,0.6495209,0.626424,0.5976235,0.48545885,0.443,0.49105206,0.09466341,0.32212493,0.12820867,0.22760475,0.120488,0.43269598
BC2026_Train_0008_S09_20250831_000000_35,0.022312168,0.15239768,0.30638415,0.8150079,0.5311854,0.105063416,0.40537217,0.8039251,0.8953832,0.44048384,0.5284094,0.2868063,0.33817884,0.30746654,0.45327646,0.3308481,0.13603342,0.26745668,0.4663283,0.20818117,0.13038442,0.3195225,0.34372643,0.66097885,0.20465524,0.27547526,0.16431817,0.30204475,0.13775672,0.3276667,0.7009251,0.6580922,0.20815991,0.36441642,0.59512293,0.15974581,0.7137251,0.12637655,0.5959642,0.09459299,0.48642516,0.2665761,0.5035987,0.47202653,0.60484505,0.56299806,0.27638656,0.5521994,0.3505319,0.35992816,0.37667418,0.6754217,0.6874176,0.67601514,0.21420482,0.20631929,0.43892294,0.8898553,0.1517621,0.19717662,0.098798715,0.70624995,0.36991748,0.36544335,0.71689403,0.5787322,0.1584056,0.31765628,0.1047834,0.4374984,0.5773854,0.9667107,0.1896205,0.09744416,0.14324276,0.5213666,0.40600178,0.11582725,0.71957684,0.29254308,0.09019985,0.5671799,0.13982467,0.67258334,0.15318474,0.8108411,0.077996,0.22483066,0.28096354,0.4382616,0.9394022,0.055817164,0.15709186,0.24061263,0.6009203,0.30520415,0.11643216,0.16656993,0.45451537,0.27049643,0.53166956,0.34120893,0.34942132,0.06834712,0.12850995,0.049917843,0.12074727,0.14089242,0.27014783,0.12955832,0.19008401,0.062466584,0.07138933,0.5432166,0.42039376,0.070522085,0.27575514,0.090120584,0.2307486,0.04368125,0.065427415,0.25849867,0.060469836,0.43614239,0.13797101,0.16965616,0.14742574,0.43735206,0.21680632,0.34565693,0.2959481,0.6076371,0.47299358,0.044535086,0.21563932,0.63357025,0.11879958,0.09070441,0.20915851,0.26218325,0.38236418,0.4153609,0.24196815,0.5093901,0.45325896,0.66985124,0.32788432,0.451231,0.1636211,0.30023283,0.23088932,0.28455874,0.16637681,0.21523245,0.06613842,0.14586109,0.3148209,0.1399391,0.40116307,0.6996083,0.66009736,0.75530845,0.065604664,0.23396878,0.053940337,0.2315426,0.30020148,0.5353209,0.22161224,0.19414918,0.45686495,0.19057009,0.4749906,0.69717956,0.52384233,0.037991922,0.33221778,0.34598646,0.34351665,0.102380164,0.4395713,0.7558688,0.10268509,0.043261334,0.23399994,0.40495786,0.43548003,0.17202657,0.9526051,0.064741254,0.27071482,0.40776294,0.06831625,0.0348285,0.3524776,0.5268558,0.12708451,0.815242,0.1757865,0.43167496,0.5487507,0.29535103,0.185262,0.42715237,0.18161483,0.053009834,0.48676878,0.15629092,0.6199937,0.6206955,0.46483225,0.43192402,0.55026877,0.16033065,0.52905345,0.21173671,0.6631205,0.07901076,0.47239083,0.062214673,0.5889897,0.37436917,0.35195386,0.40081447,0.5340609,0.17546667,0.21171278,0.37243885,0.04012192,0.09128617,0.072544664,0.44471875,0.15974508,0.11003866
BC2026_Train_0008_S09_20250831_000000_40,0.029370748,0.2704416,0.11335293,0.7608274,0.5768354,0.3194747,0.23394167,0.5692165,0.21279773,0.33428288,0.4659924,0.157817,0.19985834,0.43282497,0.5853727,0.24708422,0.14331682,0.16705674,0.32290986,0.20906174,0.1889476,0.7388391,0.12691508,0.6002799,0.093155,0.14625359,0.6228603,0.25321448,0.067445084,0.54750884,0.7297134,0.82864827,0.39765817,0.18165825,0.5201855,0.33723634,0.72195256,0.48408586,0.5712185,0.17851456,0.56660897,0.20263308,0.40263718,0.6390826,0.6180429,0.587961,0.5335313,0.5209957,0.36539757,0.44589627,0.20889056,0.53619134,0.55175376,0.6157961,0.3422562,0.26727766,0.52719784,0.93434864,0.12288283,0.21412261,0.033376317,0.37630165,0.3132649,0.20572565,0.21426412,0.06773935,0.26465496,0.094575256,0.39524713,0.6590211,0.5562104,0.98035,0.08314158,0.05012858,0.37965024,0.5916795,0.3823765,0.04891567,0.88076466,0.42021292,0.09135951,0.36543745,0.15033266,0.4906571,0.15224992,0.7598759,0.039608672,0.26218846,0.3410009,0.3040834,0.7602633,0.111746415,0.3168704,0.25945777,0.700838,0.24871087,0.203845,0.12143249,0.31111032,0.24420178,0.7139369,0.35631424,0.4252687,0.059483968,0.07159405,0.12043858,0.19488785,0.25521508,0.1816979,0.019788083,0.11555109,0.021445334,0.19381008,0.17364818,0.2561121,0.07127817,0.07956442,0.19785245,0.39754528,0.057378337,0.16952625,0.08033176,0.14160234,0.23244017,0.40130204,0.13355859,0.15001509,0.3424665,0.05484484,0.3703767,0.6466154,0.5726062,0.5806365,0.027033584,0.12423273,0.42975184,0.29556876,0.08760243,0.23204508,0.15935975,0.40206242,0.46111733,0.06569883,0.65858,0.15827897,0.34498894,0.10328867,0.38773656,0.13956147,0.51749384,0.18986633,0.12127649,0.045649834,0.2161022,0.12837583,0.25941867,0.101389006,0.24677299,0.5848696,0.34380203,0.2989532,0.31604707,0.14131758,0.20866908,0.022966584,0.28224942,0.241023,0.5347115,0.09188343,0.16779208,0.118723914,0.060421173,0.6587866,0.21181166,0.31324264,0.11895558,0.2215626,0.1098286,0.29865906,0.12888017,0.20979992,0.3808266,0.16579227,0.111622505,0.3685626,0.17162918,0.6478174,0.09181009,0.8571694,0.06957516,0.068664916,0.42939156,0.075374834,0.024095666,0.33481336,0.37213665,0.17325392,0.8442515,0.25093633,0.4924475,0.2658851,0.22528328,0.3063501,0.23315333,0.07615616,0.015912334,0.46350327,0.056470834,0.63504577,0.44432878,0.3513151,0.17500532,0.32087958,0.15873092,0.14832334,0.09025201,0.28201383,0.2318022,0.19130507,0.08029108,0.44616565,0.43367025,0.45505673,0.39452338,0.75195646,0.17745736,0.032871336,0.16406566,0.13243864,0.16084252,0.18026023,0.22937724,0.20192601,0.15732957
BC2026_Train_0008_S09_20250831_000000_45,0.055155583,0.09841244,0.4264452,0.67188025,0.56913537,0.318194,0.40524203,0.26837176,0.057756834,0.3486846,0.595762,0.3247084,0.21660317,0.16493967,0.8703533,0.33637542,0.28145915,0.23386607,0.25089985,0.1268625,0.25031525,0.59797037,0.13708842,0.50052315,0.2711863,0.39604664,0.39889473,0.10304951,0.17426528,0.51982707,0.6111188,0.6135002,0.703235,0.08756766,0.33139792,0.40044802,0.6499096,0.6285318,0.7178092,0.5184572,0.425205,0.33668494,0.33086798,0.52902734,0.5994478,0.5658029,0.58098084,0.47506654,0.34744662,0.36385491,0.54062176,0.38088638,0.3805709,0.5592513,0.23789532,0.25093582,0.5034792,0.839712,0.11927369,0.19910774,0.11213339,0.3269683,0.32444185,0.29017055,0.13400248,0.09989789,0.2101988,0.12310708,0.82746553,0.61256003,0.5321479,0.8799056,0.16664448,0.27306855,0.61284345,0.8150877,0.46243325,0.1024201,0.6466642,0.31238717,0.2569239,0.59915674,0.10978576,0.29856065,0.13793749,0.49194723,0.084184825,0.097841255,0.40402102,0.4096351,0.4041096,0.11753984,0.2598021,0.5412898,0.30942476,0.5788069,0.058803834,0.2670852,0.53643924,0.45826074,0.9158762,0.30549175,0.09634941,0.07595584,0.035434324,0.29377156,0.35470885,0.81101054,0.37918606,0.037992,0.049614754,0.056570917,0.34317893,0.091050506,0.16495767,0.13554665,0.026022838,0.5846666,0.30507374,0.21192758,0.103104755,0.10836591,0.37528265,0.1647239,0.18987016,0.11302775,0.6176071,0.09615566,0.21242341,0.75589156,0.6675384,0.8443141,0.42690128,0.08414717,0.045131166,0.14121968,0.5492452,0.277791,0.6544334,0.08061547,0.6721178,0.64754486,0.10637268,0.69498175,0.2727509,0.117060244,0.056168336,0.39743668,0.1835812,0.80500895,0.4450987,0.049298584,0.16651876,0.16366273,0.4362903,0.6942313,0.099519335,0.6408776,0.64089054,0.29901183,0.36157054,0.14913559,0.3198691,0.11777725,0.062288746,0.61884224,0.409653,0.2689644,0.28774709,0.12660025,0.11472259,0.09245991,0.8331234,0.10180901,0.067225665,0.28394774,0.28310084,0.14193243,0.395597,0.14619592,0.17959726,0.41355726,0.39568442,0.32935303,0.7988667,0.17215894,0.7369046,0.033826753,0.7361982,0.15376341,0.127812,0.25905073,0.098225,0.051395167,0.8106863,0.46372846,0.5139705,0.6388054,0.78411794,0.53763956,0.19769451,0.5270224,0.6650412,0.5178119,0.11266625,0.019296668,0.507311,0.021822836,0.74431133,0.36674184,0.19696108,0.3209138,0.09133068,0.39171037,0.30198753,0.16357987,0.21334885,0.8835085,0.2842865,0.19534536,0.488805,0.2557282,0.61969393,0.45730963,0.77434623,0.14117467,0.036047917,0.46414295,0.40457892,0.10430876,0.23977934,0.15198234,0.4126294,0.3675371
BC2026_Train_0008_S09_20250831_000000_50,0.06711317,0.18033704,0.5543771,0.71730494,0.6414604,0.39019233,0.67450523,0.39829585,0.3140727,0.36492574,0.5799831,0.5356897,0.11719234,0.21619007,0.8912152,0.6387086,0.35636422,0.22894242,0.3670529,0.25685924,0.2617581,0.5257876,0.15556517,0.36160502,0.16167587,0.50864786,0.71352315,0.18810749,0.41714936,0.74767756,0.38071665,0.4997148,0.5392364,0.14891285,0.37285414,0.14972863,0.49322322,0.534064,0.5135078,0.5122572,0.2477313,0.112678446,0.31704402,0.59146065,0.5917387,0.60857666,0.4619735,0.36497685,0.3133679,0.3798425,0.5398784,0.36622876,0.37663066,0.5199059,0.35622475,0.24541658,0.5925104,0.9746162,0.040629335,0.28612518,0.4135486,0.19874938,0.44081044,0.14536954,0.08866706,0.61204106,0.16878685,0.22112258,0.73638916,0.77089167,0.5597855,0.95188665,0.20787676,0.47705635,0.41991428,0.8532673,0.29387233,0.041277256,0.44581693,0.55712295,0.33683342,0.53142965,0.083131164,0.33865792,0.34997368,0.24273044,0.06923508,0.09913108,0.10281366,0.35004735,0.5001904,0.045896586,0.57075137,0.41482785,0.18205693,0.72037405,0.049715836,0.2352675,0.45895463,0.2691415,0.39802173,0.22016852,0.050453838,0.13944371,0.07320398,0.18477374,0.19281685,0.5464815,0.25767222,0.09176166,0.060180254,0.0632745,0.10333508,0.10428708,0.078609824,0.06242583,0.06754499,0.4607357,0.16822128,0.093316175,0.18654583,0.05799634,0.15332599,0.10555625,0.06168067,0.090142086,0.78543335,0.19480853,0.16848458,0.74422395,0.52056515,0.7638001,0.34500346,0.09459008,0.08449375,0.079044096,0.37222868,0.084863,0.65168333,0.2989213,0.8713209,0.42661452,0.17387168,0.4201938,0.7916033,0.16945165,0.07055074,0.41944936,0.13958386,0.82749164,0.23682109,0.06981234,0.12165267,0.07766992,0.31396067,0.4495038,0.26776567,0.22289196,0.9071896,0.17214178,0.82018214,0.15179284,0.50550663,0.10208034,0.049686257,0.37536794,0.19138807,0.31572807,0.15737826,0.18890274,0.1632629,0.040535253,0.34612712,0.1890841,0.12232159,0.2046944,0.23329534,0.1329391,0.2021827,0.075207576,0.25943375,0.23369333,0.19267493,0.13460284,0.8950875,0.4531167,0.50384116,0.027058085,0.73763067,0.12446408,0.26237416,0.09380092,0.30632046,0.09165217,0.4992627,0.18126844,0.38322294,0.50581336,0.7695146,0.4183934,0.2121971,0.5746483,0.2033907,0.69240665,0.30330068,0.028804751,0.44924688,0.06446425,0.55593014,0.46252298,0.15267482,0.2945245,0.114086166,0.148288,0.6597957,0.11454292,0.06492333,0.9156688,0.11204809,0.13062182,0.21676487,0.20685752,0.36551225,0.21392268,0.9007855,0.16931108,0.04808634,0.5756041,0.24936482,0.03401284,0.62524164,0.35503334,0.41449144,0.12994508
BC2026_Train_0008_S09_20250831_000000_55,0.0753965,0.23674151,0.26943502,0.7400505,0.58838546,0.27911067,0.7296355,0.61350274,0.6593403,0.38007766,0.7253396,0.22495341,0.28335175,0.3669349,0.44015703,0.52523834,0.28564817,0.25923085,0.6298907,0.062987834,0.17512067,0.084956065,0.122261256,0.73382616,0.05345499,0.2763191,0.6786016,0.30945835,0.26384696,0.693709,0.67950696,0.6008227,0.30755568,0.46510565,0.52891666,0.12861298,0.54419565,0.21328308,0.44187194,0.26111636,0.49175668,0.25513303,0.5269517,0.54188037,0.5697849,0.5939915,0.24453335,0.33776996,0.36231226,0.3436601,0.6313852,0.6204901,0.64159584,0.81900644,0.3198689,0.24765375,0.54026043,0.85207444,0.1191435,0.102157265,0.27030373,0.41858697,0.27602366,0.21193533,0.22427928,0.46839473,0.076662965,0.09509759,0.46599844,0.5450758,0.5628104,0.93492466,0.06943692,0.23969433,0.48926726,0.63095397,0.2413274,0.025522836,0.668252,0.5178987,0.16690183,0.39358494,0.03062667,0.26116568,0.14290157,0.48914596,0.1506435,0.2331791,0.12106559,0.30194417,0.9338169,0.014922833,0.5712661,0.17964396,0.2515492,0.52305317,0.07414575,0.46284467,0.2809103,0.11669001,0.32441345,0.2295062,0.16029674,0.30624616,0.23478366,0.05580917,0.08068551,0.19263041,0.13993815,0.11960059,0.12025809,0.092798665,0.13305448,0.3709917,0.066999674,0.11113833,0.057764083,0.08451159,0.12615967,0.027694415,0.10667674,0.06920676,0.028336419,0.0716725,0.07206608,0.28820214,0.5886999,0.40588516,0.18277235,0.33176458,0.27364266,0.6224247,0.53021544,0.036541663,0.19452108,0.3592929,0.088689,0.036395334,0.1591196,0.52070165,0.68307555,0.45556712,0.076023504,0.54326564,0.25019458,0.55640095,0.18667224,0.31045154,0.060440842,0.61615914,0.10401493,0.10934359,0.049034163,0.12469559,0.13257241,0.40776372,0.29419538,0.061784256,0.7340368,0.14926368,0.7905882,0.35732108,0.28715342,0.24489683,0.023901418,0.14561337,0.09444517,0.17178474,0.2155815,0.26206827,0.12794209,0.019069584,0.28926116,0.28316826,0.46452385,0.34620735,0.14666516,0.2725234,0.15161258,0.033521585,0.26433355,0.31126773,0.0736385,0.20005727,0.5062889,0.41570467,0.4426984,0.091230266,0.90934354,0.195825,0.11956635,0.066088915,0.10837801,0.030509334,0.21045558,0.16223434,0.1350586,0.7873616,0.29732603,0.20692576,0.40021163,0.17722133,0.018722333,0.50830376,0.090678245,0.04292192,0.45322612,0.14246367,0.61213285,0.26573664,0.3450316,0.08569085,0.27059972,0.035256,0.47266278,0.18829153,0.09783183,0.29406816,0.18953276,0.08067026,0.25472504,0.35351887,0.23885317,0.3488602,0.45019922,0.14522418,0.076112926,0.20790146,0.13849734,0.06505167,0.54904604,0.14937344,0.30120668,0.0297275
BC2026_Train_0008_S09_20250831_000000_60,0.08277024,0.30752912,0.28069377,0.6390076,0.6356167,0.34772938,0.25089544,0.55798495,0.9410234,0.3690863,0.44107544,0.03473842,0.22535928,0.29916966,0.5188695,0.56781614,0.36198664,0.39654586,0.38084155,0.018922083,0.50162923,0.17998454,0.25595248,0.68215424,0.44248465,0.4578058,0.94905454,0.12486209,0.18452394,0.92306495,0.47781157,0.60092926,0.09747393,0.2934103,0.5313229,0.20887582,0.52467334,0.18407105,0.16282977,0.08877228,0.2819596,0.097509064,0.46108842,0.107795276,0.6054979,0.63248783,0.48837203,0.46510935,0.40193045,0.37346143,0.26642925,0.5767664,0.5784105,0.56113946,0.36154866,0.50970495,0.4433229,0.37321275,0.3871995,0.07447624,0.045092963,0.4490542,0.37341732,0.5927053,0.33848035,0.31779063,0.15619901,0.17518608,0.68750924,0.58740777,0.53221667,0.8681232,0.10278293,0.052571334,0.29634294,0.7950854,0.40943798,0.08174458,0.56801796,0.29454815,0.18633783,0.2694559,0.025752919,0.51991916,0.04846958,0.5257549,0.06686275,0.46061632,0.33137438,0.30437565,0.9587605,0.017397584,0.33640462,0.1543609,0.1260103,0.68525994,0.27216375,0.28815544,0.29580933,0.33614326,0.22447763,0.6624229,0.30657226,0.1057708,0.14443451,0.087467425,0.03881675,0.30633166,0.32205966,0.1646806,0.29118007,0.028808666,0.059165504,0.20295916,0.2666117,0.10695408,0.026975833,0.027042083,0.22211942,0.026494917,0.01944175,0.0630325,0.029586416,0.21396226,0.041295834,0.08704741,0.6217524,0.15419742,0.08685584,0.1689571,0.53825015,0.92217535,0.35295376,0.04151642,0.43386906,0.6238419,0.042027503,0.043769084,0.04932609,0.3642575,0.5848249,0.31990665,0.1372705,0.46103925,0.6013338,0.50402373,0.047156,0.32081348,0.039623015,0.77667284,0.27007037,0.06087009,0.09541467,0.15046585,0.22537142,0.20135002,0.08632892,0.021165501,0.59897876,0.3682034,0.3677806,0.66053283,0.3675687,0.23492208,0.025151419,0.48361388,0.05475767,0.146528,0.072391,0.06889875,0.4216011,0.035067085,0.26453164,0.26998228,0.39435205,0.07430483,0.077851914,0.7364666,0.17738281,0.019130584,0.27702257,0.186499,0.090498745,0.61235905,0.6350759,0.63722676,0.7526736,0.117000505,0.93127006,0.072744,0.123817086,0.14850065,0.037292,0.033034585,0.42510712,0.43035883,0.3404761,0.44808087,0.253581,0.39032248,0.20274165,0.13548084,0.03594459,0.11611875,0.037996,0.051520415,0.4801369,0.11041817,0.27906036,0.45170543,0.20585208,0.07315709,0.40207726,0.037730753,0.6081179,0.15175703,0.2133876,0.10483968,0.26936877,0.14307398,0.16365698,0.17420882,0.32753295,0.37981576,0.38908768,0.16711423,0.035081662,0.033836663,0.45104104,0.09207193,0.1104626,0.20709667,0.09922092,0.047293752
BC2026_Train_0009_S09_20250828_000000_5,0.5317105,0.17065343,0.624004,0.26694334,0.6976292,0.7684791,0.88670045,0.3945492,0.66938317,0.75644386,0.9304544,0.6288389,0.7735666,0.15903004,0.7881796,0.8334445,0.59807295,0.46401167,0.19659393,0.54159665,0.9207292,0.75943476,0.60702586,0.73180366,0.60187286,0.5095671,0.8376019,0.5010351,0.2665698,0.9146041,0.1462361,0.22797246,0.7429665,0.11898264,0.31785417,0.3637983,0.74857783,0.82639706,0.09192299,0.780988,0.6958016,0.54653406,0.4013334,0.87640166,0.57149655,0.5371234,0.5383967,0.3484283,0.42359784,0.58424467,0.37946954,0.32348865,0.35738486,0.6705208,0.37864053,0.82787395,0.6789979,0.53707194,0.2519004,0.34447744,0.6504207,0.68191254,0.8684734,0.7269916,0.50749046,0.54985464,0.676598,0.57251585,0.97025,0.55719656,0.67425406,0.37288043,0.62105536,0.9007937,0.37790287,0.8567083,0.4206858,0.5952296,0.95543754,0.78249097,0.4018538,0.6875653,0.26795793,0.6758336,0.44032425,0.4112772,0.4840933,0.12970075,0.61381096,0.10590501,0.4802057,0.5963078,0.86427414,0.85834277,0.8203136,0.8650479,0.11369009,0.8368739,0.77435404,0.641529,0.50065374,0.76330954,0.20283085,0.58305025,0.41576403,0.85376465,0.14265725,0.49528253,0.65654016,0.22896957,0.17388791,0.5542941,0.3073065,0.08424233,0.10829333,0.21719475,0.15099458,0.92581666,0.6540079,0.54059315,0.3665321,0.61851215,0.26466292,0.9324187,0.12746659,0.59394234,0.22537917,0.19994983,0.10952333,0.9413647,0.7318125,0.4151396,0.84151596,0.73377675,0.14161709,0.46892846,0.86518127,0.40050265,0.87426025,0.36941496,0.9183866,0.8202905,0.38920665,0.5271426,0.9773243,0.28526473,0.7597354,0.8753546,0.7345576,0.49107566,0.67371106,0.19901317,0.33159178,0.10326108,0.4199423,0.20601825,0.80811036,0.2342836,0.88065857,0.90065205,0.69395995,0.06559417,0.82414746,0.1099325,0.1285344,0.8314194,0.7437,0.56157553,0.54379296,0.9139229,0.88385105,0.69658494,0.16868791,0.6070391,0.8910409,0.41172665,0.8465458,0.14890541,0.18846166,0.22163609,0.94100285,0.7878462,0.7291674,0.67188704,0.895425,0.84081024,0.5845847,0.2702506,0.58999145,0.41364923,0.053077504,0.48279503,0.42506874,0.3167005,0.6075232,0.23727807,0.4516512,0.3634377,0.8278804,0.79329586,0.14013577,0.43494713,0.08258076,0.8505337,0.27719313,0.2840975,0.5175357,0.26683825,0.09147375,0.87541455,0.08452584,0.64311814,0.67965627,0.46310395,0.4621231,0.2839236,0.3964068,0.88150823,0.2778985,0.55691075,0.46545607,0.17872858,0.718999,0.3500058,0.9752083,0.75185853,0.4025356,0.9550834,0.058656834,0.21005361,0.7553129,0.8668531,0.33714044,0.430213
BC2026_Train_0009_S09_20250828_000000_10,0.5132454,0.49680537,0.47184783,0.34065706,0.6052979,0.5667027,0.7254248,0.91139245,0.89299625,0.8005029,0.95517087,0.22000366,0.95416665,0.32084978,0.6089269,0.7280437,0.17317468,0.49473146,0.62115854,0.4380202,0.27149147,0.87152296,0.6265192,0.8592659,0.5893427,0.26858178,0.8168128,0.67624426,0.6131301,0.7314061,0.7680973,0.78466463,0.7716802,0.82957625,0.32906044,0.9299153,0.75848794,0.6186822,0.37043202,0.9108473,0.8224206,0.30551404,0.7765277,0.8712069,0.54302084,0.56299806,0.70248103,0.5527605,0.5514982,0.41932046,0.8182399,0.8076516,0.8053437,0.88300616,0.65857565,0.6518762,0.57064784,0.55649364,0.4261432,0.21419217,0.35359374,0.45192477,0.7116019,0.2657019,0.5154471,0.64638805,0.32954136,0.41930443,0.7016922,0.28243667,0.6321105,0.35458493,0.44256493,0.6681893,0.57192,0.70964575,0.477017,0.7568419,0.64471674,0.5574022,0.45252308,0.5172717,0.5176499,0.17590462,0.51619244,0.8413127,0.4986389,0.7002826,0.42759544,0.37880945,0.4843682,0.39393765,0.26912168,0.7563182,0.53042513,0.3313422,0.6472776,0.6973512,0.32667652,0.8073544,0.55450225,0.43038332,0.61836183,0.33343673,0.31383118,0.37834632,0.24955675,0.30356503,0.8854043,0.7793632,0.2954664,0.78345174,0.26653624,0.29029787,0.2877128,0.5540764,0.50231785,0.55594265,0.45084792,0.6942929,0.5325731,0.6342867,0.7152097,0.920146,0.38554785,0.66126025,0.44062364,0.46351933,0.5443568,0.63863134,0.6616807,0.18426383,0.48195457,0.8358854,0.4404506,0.39946973,0.67822194,0.5405281,0.67860603,0.4273496,0.70113456,0.60684407,0.6569166,0.8038729,0.43135184,0.23273526,0.7291094,0.8432838,0.52464736,0.5571207,0.5597167,0.25179642,0.75337285,0.534884,0.50962675,0.8615303,0.6197989,0.66147715,0.73653674,0.615101,0.6803568,0.33580616,0.49903876,0.505555,0.38430816,0.51159215,0.6477655,0.5963315,0.756609,0.8844532,0.925318,0.67524683,0.54713166,0.5438035,0.5988304,0.44502938,0.6749379,0.31237787,0.55725,0.2559366,0.8896116,0.5993724,0.71673584,0.82671773,0.71484923,0.68739563,0.5180659,0.56029356,0.26791298,0.6505079,0.24592826,0.8578588,0.5603167,0.6435791,0.90242296,0.42289713,0.65970296,0.82288,0.38152173,0.55667204,0.57120126,0.6095433,0.22949174,0.6971708,0.35720593,0.67734003,0.4501785,0.3711283,0.26932225,0.38641334,0.37358657,0.64255834,0.42506528,0.3661214,0.544016,0.397006,0.645135,0.581712,0.59499496,0.56341285,0.6793959,0.21690658,0.72170734,0.7709818,0.7907418,0.73792094,0.35715258,0.7103482,0.21881583,0.6372471,0.39088467,0.43086347,0.67397916,0.336526
BC2026_Train_0009_S09_20250828_000000_15,0.4498003,0.29093197,0.4017024,0.32849574,0.6608479,0.17112884,0.799398,0.7540329,0.7933003,0.94544065,0.98248404,0.2648388,0.77219856,0.08583601,0.8261251,0.42619276,0.16229817,0.45408982,0.49700412,0.31883654,0.18256408,0.8149725,0.20520477,0.87089634,0.69733584,0.23992746,0.7340307,0.4560615,0.56786966,0.23140426,0.80938965,0.7553203,0.6240103,0.8629778,0.34535414,0.78747267,0.7927334,0.7504991,0.41371718,0.8813687,0.8648145,0.3700522,0.7777016,0.7880291,0.4388346,0.47436535,0.68701875,0.637747,0.59216833,0.44140857,0.8118105,0.7839998,0.7838479,0.94918776,0.47100747,0.69040054,0.6352728,0.57894355,0.8656772,0.18774533,0.4749034,0.4159498,0.32422933,0.29505482,0.4050147,0.9957211,0.39046556,0.2729842,0.6397694,0.17808607,0.6587854,0.1995784,0.5247408,0.54861957,0.41093346,0.591495,0.81349254,0.6910653,0.7105284,0.4757641,0.21116877,0.6012496,0.4523723,0.098022915,0.5170698,0.9409376,0.63936985,0.78871727,0.582312,0.53654784,0.47698754,0.54274344,0.092330016,0.676088,0.5469754,0.2427651,0.6747889,0.569511,0.31922576,0.29722688,0.97122765,0.4337817,0.86499214,0.526246,0.37969914,0.3866108,0.44257092,0.17270607,0.78132236,0.8171369,0.49259204,0.6653905,0.4603426,0.90242296,0.4749103,0.5139055,0.54980075,0.6018302,0.3374905,0.7749017,0.5735729,0.43782175,0.7424914,0.87546754,0.6081033,0.30951327,0.24609402,0.4804814,0.74725115,0.67671037,0.5565366,0.32850522,0.10188432,0.79546106,0.44820833,0.50603104,0.80951667,0.7437775,0.92317075,0.74585605,0.66349775,0.3664547,0.548675,0.7587821,0.7784298,0.29881752,0.61464036,0.9112604,0.50450855,0.5368222,0.6088773,0.45595598,0.8906749,0.44698295,0.5611592,0.67941695,0.38019928,0.6610974,0.8127156,0.57988256,0.50716704,0.34973568,0.47126,0.49717084,0.69551146,0.659479,0.56022847,0.71088904,0.69150186,0.76336265,0.94991046,0.2790787,0.396241,0.7340379,0.470165,0.35373545,0.44823387,0.4002404,0.481413,0.5210791,0.8664439,0.9010879,0.8931416,0.92578745,0.57265306,0.42884994,0.9173724,0.429506,0.15933523,0.8799823,0.6977384,0.8711061,0.29005098,0.5764724,0.6038915,0.60605764,0.93330497,0.84899986,0.35858843,0.64911836,0.77809227,0.6393573,0.7847622,0.74913585,0.29828018,0.6635499,0.4105683,0.32104534,0.783174,0.39831126,0.3389853,0.4040094,0.427403,0.23058483,0.5646121,0.62276393,0.77859557,0.5157833,0.78138417,0.17849126,0.78497714,0.65323424,0.33467862,0.821009,0.870349,0.70274305,0.66587144,0.6602559,0.77178556,0.6691234,0.2971183,0.26858354,0.5433896,0.5197297
BC2026_Train_0009_S09_20250828_000000_20,0.3640803,0.45848095,0.23507816,0.26005346,0.6501229,0.17731768,0.5356107,0.37124452,0.2912535,0.656555,0.677976,0.32904062,0.37637514,0.07564258,0.8451954,0.31582218,0.1576815,0.23370303,0.1062402,0.26336777,0.62966716,0.7232159,0.04928117,0.9566713,0.50859284,0.53128564,0.5657918,0.49312186,0.34805474,0.15349755,0.6844231,0.7190958,0.45829874,0.83385754,0.4343854,0.5356839,0.9356314,0.8481411,0.25582355,0.8166372,0.75422406,0.5865456,0.7821665,0.7642056,0.51554775,0.55360186,0.64478886,0.58200073,0.54904395,0.4543809,0.7399451,0.74783134,0.74197245,0.85103536,0.49060035,0.49844587,0.5791042,0.0776607,0.5984234,0.26705167,0.42058375,0.3892705,0.37169132,0.33349186,0.34319964,0.8810528,0.21204248,0.24080284,0.64499867,0.35350782,0.652873,0.22169223,0.51141125,0.9043667,0.51684403,0.6664246,0.84873754,0.65108573,0.63080305,0.38115185,0.2636765,0.5338175,0.44892293,0.22043416,0.3224589,0.7348946,0.35659745,0.5941441,0.73555624,0.44075698,0.70533967,0.39692935,0.27360386,0.41064644,0.48729616,0.51874375,0.6161201,0.4694259,0.47250122,0.20860326,0.9592779,0.44280842,0.91469216,0.7642355,0.71670157,0.5533753,0.4876214,0.35742444,0.6929856,0.48270163,0.44153708,0.4796067,0.48518497,0.81987345,0.49673095,0.43525952,0.32988167,0.5512824,0.49841204,0.86031467,0.41161337,0.39261281,0.82887495,0.7799049,0.5726726,0.26722217,0.29731947,0.19609787,0.61661947,0.55464697,0.26110566,0.77446854,0.18714799,0.6893904,0.5201787,0.38316187,0.832737,0.7386832,0.87488407,0.69017804,0.762335,0.45937318,0.7016221,0.3843796,0.5557756,0.31611127,0.44016477,0.8061213,0.5244365,0.4268381,0.72354174,0.5284318,0.9278375,0.36630917,0.3480132,0.39136994,0.4962961,0.4240945,0.6523544,0.59025097,0.7927594,0.2278701,0.51111376,0.581229,0.5351398,0.37380096,0.26662475,0.76019365,0.46265543,0.531678,0.7298701,0.295256,0.17416316,0.88017374,0.6353725,0.57158196,0.28339645,0.2333786,0.6002654,0.43842927,0.6547762,0.9532812,0.55858064,0.8662895,0.7065061,0.69977,0.9156104,0.49425304,0.3016945,0.7976157,0.9335521,0.64841866,0.25396466,0.51771724,0.53649294,0.75771564,0.9269291,0.78672206,0.3818133,0.43663156,0.52836883,0.52954763,0.9114459,0.8672866,0.31559724,0.5632726,0.49343327,0.5552312,0.96486473,0.4841864,0.4199022,0.5782517,0.3399498,0.49994457,0.6113561,0.52362895,0.90664995,0.57757044,0.6272726,0.15502302,0.72204196,0.7734147,0.28791323,0.8116448,0.7022867,0.5658476,0.7220393,0.6850162,0.8788729,0.57294035,0.36499295,0.513446,0.28298628,0.4093289
BC2026_Train_0009_S09_20250828_000000_25,0.39904293,0.33743873,0.46901786,0.5318537,0.708698,0.5434696,0.6005332,0.46234876,0.74591357,0.6103274,0.9844004,0.6051005,0.31088358,0.31475937,0.89816034,0.42894304,0.24954861,0.45624942,0.14834678,0.18291885,0.7286346,0.77470696,0.2017484,0.9305989,0.7343454,0.4393723,0.6930058,0.6592413,0.5663648,0.27009046,0.66311085,0.46590188,0.6745624,0.7398038,0.36659792,0.63707286,0.8178952,0.77458334,0.74648154,0.6877104,0.8555013,0.62172806,0.6489749,0.88017726,0.511978,0.54518735,0.53818846,0.550797,0.6100491,0.45928937,0.6219521,0.5068691,0.52230865,0.97873247,0.56340945,0.74628264,0.7052604,0.45883772,0.66942906,0.23383617,0.54882973,0.4281322,0.27580744,0.47208923,0.2590165,0.5933973,0.25953794,0.38160244,0.74819565,0.4568474,0.6884854,0.15448317,0.4791723,0.71873426,0.57521176,0.72544503,0.7065488,0.5270653,0.93518054,0.7480558,0.29558507,0.5127429,0.563694,0.7457931,0.16536541,0.3004961,0.28046763,0.5508174,0.86871314,0.28930974,0.6179344,0.5624355,0.78716564,0.57422614,0.6375144,0.4065911,0.61295843,0.7557121,0.39490563,0.10919242,0.75607073,0.7059411,0.7515401,0.591004,0.71468294,0.6957642,0.39841163,0.28593332,0.72282434,0.27903542,0.36086336,0.69385165,0.4855804,0.37195808,0.3251578,0.42950892,0.52920485,0.84307957,0.37398276,0.7169834,0.3272249,0.3081967,0.55699635,0.6908176,0.7275522,0.19312942,0.35512465,0.21394677,0.71211624,0.8445942,0.3824318,0.7501178,0.7060583,0.6245437,0.83634335,0.42979136,0.56629753,0.81400836,0.9803501,0.41337088,0.9371451,0.71518147,0.55618954,0.18294567,0.85220814,0.30467516,0.46579742,0.8949187,0.71462846,0.64306015,0.5363196,0.2569763,0.7963041,0.46977073,0.54971635,0.28295276,0.7094009,0.29266334,0.92455655,0.83130527,0.8283517,0.18348157,0.77321804,0.7699314,0.6347429,0.72591925,0.41548038,0.734249,0.36883217,0.67864245,0.88755405,0.5731779,0.21668524,0.7615622,0.5069269,0.4069938,0.24198744,0.29558638,0.61595273,0.47900483,0.79463255,0.7893216,0.47242805,0.6395204,0.59760666,0.9461104,0.9397938,0.4177002,0.28557754,0.78780067,0.7149068,0.8805609,0.4867382,0.56993175,0.3179389,0.40216666,0.85367656,0.7150137,0.7732158,0.5239334,0.578199,0.68091667,0.3951909,0.8480829,0.32615957,0.61855686,0.49372014,0.49909294,0.8994132,0.84474146,0.34196225,0.7204437,0.57050616,0.5958301,0.89712584,0.8191915,0.8015835,0.8139041,0.70953846,0.31599563,0.3036759,0.5629841,0.34241435,0.7515163,0.903707,0.6491883,0.8643782,0.95182717,0.6178651,0.40101984,0.8139471,0.37688467,0.34600633,0.57471657
BC2026_Train_0009_S09_20250828_000000_30,0.46496224,0.5312923,0.4314235,0.42215484,0.69687295,0.82119715,0.81779414,0.7166421,0.4853007,0.58844316,0.94745547,0.672629,0.32774013,0.19271143,0.75862604,0.5749234,0.35531425,0.46620715,0.49415934,0.2348359,0.3494931,0.4739913,0.4326414,0.73537314,0.56061906,0.58673286,0.6437498,0.81466043,0.5270086,0.9274778,0.8038015,0.54725975,0.71858895,0.3112733,0.33318543,0.80113846,0.8827868,0.3306381,0.7641573,0.8668301,0.6500701,0.79984015,0.50502837,0.8886326,0.47548512,0.49470037,0.57097,0.45227724,0.56257737,0.42282656,0.66294074,0.6517079,0.67853,0.7653416,0.37106392,0.95169383,0.708698,0.42101592,0.5757977,0.21466735,0.3664733,0.5391036,0.32722992,0.28704345,0.38124537,0.9256092,0.48295403,0.56765723,0.88575804,0.5708021,0.6675855,0.25952932,0.51169795,0.6346638,0.4001629,0.7937765,0.62921894,0.77147716,0.93501973,0.87132716,0.3194319,0.5603863,0.29694554,0.8853522,0.11724517,0.39065793,0.6187649,0.2445355,0.8218719,0.39898214,0.5247199,0.7263052,0.8579763,0.58446705,0.6253725,0.4811801,0.23589142,0.90478694,0.70374423,0.30583286,0.83785355,0.6965908,0.37707257,0.2359637,0.61199105,0.8097054,0.50802207,0.50078523,0.66516805,0.5082944,0.41616505,0.7843138,0.40825057,0.34090436,0.40779912,0.73248756,0.63704795,0.9001738,0.6232257,0.5201477,0.28791034,0.6013858,0.5537175,0.82711494,0.6849929,0.27001023,0.50812,0.62607014,0.5612513,0.89392215,0.5931275,0.47015128,0.8131559,0.4358499,0.6019055,0.39072573,0.67458,0.7189199,0.9027037,0.5481757,0.9545008,0.7178998,0.3311847,0.25585666,0.8301995,0.63686454,0.37311935,0.9194244,0.5021304,0.45169052,0.4144905,0.39319617,0.40521243,0.3348174,0.6565747,0.6490877,0.7275877,0.28515506,0.9705249,0.92644787,0.6536751,0.28169727,0.7890943,0.5667567,0.8756292,0.7694675,0.5323414,0.46325117,0.62790525,0.5704793,0.93837816,0.6703532,0.30617416,0.7766143,0.44147506,0.25969845,0.3002697,0.24172701,0.45579332,0.332641,0.6650817,0.34182665,0.5372528,0.53260136,0.8504804,0.93128324,0.75170785,0.76054454,0.3660264,0.72839236,0.41296726,0.5637089,0.43123388,0.6023798,0.4802535,0.30575573,0.59018844,0.83152306,0.8244482,0.7277204,0.7400317,0.42875195,0.1933041,0.78497577,0.51977813,0.7533395,0.48583302,0.30004826,0.31017268,0.8401729,0.6950164,0.4756762,0.64960015,0.6660035,0.94974864,0.5545471,0.5945544,0.9025115,0.5425986,0.6440506,0.33703214,0.44182852,0.36333737,0.44925374,0.9443563,0.77722585,0.95400417,0.8726337,0.5502139,0.4575907,0.7916026,0.34709528,0.32441047,0.61373794
BC2026_Train_0009_S09_20250828_000000_35,0.4360178,0.5567496,0.52214795,0.43067324,0.65081036,0.2960983,0.90259945,0.9350863,0.47523355,0.5644471,0.92014694,0.646991,0.40164527,0.28402334,0.5566014,0.83726794,0.47464505,0.402035,0.41470057,0.385012,0.34223717,0.29235,0.6854657,0.89304715,0.7697393,0.7326354,0.9887866,0.629097,0.56998307,0.7264088,0.7388091,0.86932653,0.7783559,0.35667238,0.5003854,0.8487121,0.8804859,0.2057,0.8661363,0.8046996,0.7688259,0.83152974,0.70591325,0.9788118,0.47480574,0.427735,0.3238225,0.5578091,0.42682338,0.38965937,0.78183985,0.7155658,0.71772504,0.8344302,0.55948204,0.761135,0.657548,0.27786094,0.3202145,0.49578962,0.5419537,0.28251874,0.43505263,0.46656072,0.63939995,0.9632948,0.412838,0.58303964,0.8023373,0.30892274,0.626198,0.6368184,0.8911633,0.47256708,0.22142747,0.5855231,0.5792291,0.656507,0.5508553,0.48646468,0.70656705,0.5963658,0.33103234,0.7091808,0.17870753,0.761091,0.8408427,0.16170341,0.8461091,0.72778136,0.701127,0.5389124,0.5427648,0.34897846,0.6764899,0.4000265,0.24620745,0.62021923,0.7158537,0.7926444,0.97953445,0.65820336,0.3775982,0.28801715,0.59224886,0.5870266,0.64138305,0.67095375,0.75083387,0.93377113,0.86439574,0.7686897,0.40038744,0.45771152,0.5572188,0.7218173,0.615024,0.39452577,0.8249529,0.5702957,0.1623705,0.596944,0.6577948,0.7527347,0.40978575,0.7660746,0.55334044,0.7220625,0.6626955,0.5997809,0.29353222,0.51112145,0.22571154,0.6911696,0.7082232,0.59660834,0.63500655,0.657585,0.4009921,0.8021777,0.88318783,0.59585416,0.33991274,0.718753,0.23691717,0.6026808,0.5505454,0.541757,0.59899914,0.4015565,0.6288726,0.5895435,0.29059303,0.37939686,0.52847993,0.73418325,0.5119854,0.10459617,0.7268285,0.7275828,0.59798354,0.45393243,0.25706238,0.57126355,0.8192531,0.45902276,0.40912864,0.46221405,0.74268746,0.7572674,0.578226,0.677122,0.496092,0.8921313,0.8728986,0.3322765,0.40785995,0.316987,0.6747782,0.17888325,0.7915902,0.37724042,0.3786339,0.60210717,0.7944817,0.91051996,0.6284596,0.88708913,0.47184008,0.47584036,0.58401215,0.2621864,0.4887864,0.588723,0.7352323,0.7212527,0.69412583,0.891184,0.62203,0.4011577,0.68581736,0.30199826,0.24177931,0.6433609,0.67551666,0.59799314,0.4530212,0.5045389,0.2784335,0.59418607,0.7849479,0.5750423,0.5776223,0.65646243,0.6393809,0.2915169,0.5838124,0.34120378,0.71895516,0.6511062,0.57096523,0.4498794,0.6105104,0.5569017,0.7603759,0.6991076,0.7446723,0.6577413,0.440371,0.60794526,0.36290842,0.59921193,0.4139475,0.75446004
BC2026_Train_0009_S09_20250828_000000_40,0.4411121,0.2546512,0.64153945,0.536761,0.60131043,0.16764985,0.8782347,0.98333335,0.7931188,0.4546607,0.40988582,0.4511677,0.55822396,0.3039743,0.5835163,0.93286735,0.1424504,0.45209005,0.3121243,0.1764325,0.45659453,0.44060376,0.5028477,0.7197718,0.48914772,0.37233385,0.94145685,0.4570647,0.61454654,0.41299957,0.5045577,0.9467702,0.8022037,0.4085103,0.61437285,0.73374456,0.6600107,0.14691982,0.78603035,0.7862557,0.5193668,0.56588745,0.7194113,0.85347706,0.48380113,0.46665207,0.36110616,0.48909074,0.39050084,0.39737266,0.7866347,0.7709057,0.7747322,0.6226953,0.50953925,0.621506,0.66896045,0.90149844,0.22130176,0.33696795,0.9283313,0.34027722,0.15951586,0.3507726,0.50271803,0.526723,0.43354377,0.39958152,0.63548636,0.3251729,0.6319729,0.6313149,0.76497006,0.6130325,0.40993467,0.6681835,0.45246777,0.296969,0.1541175,0.13536474,0.7405626,0.46250537,0.33407873,0.52544403,0.6006167,0.62832284,0.6774626,0.5360578,0.7632884,0.21882266,0.8816209,0.4808268,0.42777443,0.5058087,0.67224866,0.69635916,0.64873433,0.41217732,0.5367848,0.81305414,0.612173,0.76539236,0.52688265,0.3186676,0.4057377,0.5917,0.26206952,0.3002135,0.5130344,0.9793541,0.59884346,0.5662772,0.808742,0.23217568,0.24944842,0.57055926,0.18860501,0.3946048,0.7533424,0.26942623,0.077377595,0.32684055,0.29915556,0.46772912,0.368944,0.9066558,0.8964726,0.49691793,0.47615543,0.51958907,0.16566552,0.4113961,0.04378606,0.770901,0.5450319,0.44439235,0.47544253,0.69707346,0.3437169,0.6184462,0.91492915,0.30379093,0.242815,0.71391153,0.6059452,0.67301714,0.48843667,0.4658553,0.9192853,0.90465575,0.46385652,0.9486414,0.42126757,0.29607072,0.46528298,0.8077784,0.43418124,0.049829833,0.54263574,0.5146985,0.76342225,0.43388844,0.1468915,0.58619547,0.35302842,0.37137327,0.3343834,0.6410055,0.31900957,0.8526301,0.34531516,0.6692883,0.22141367,0.7346828,0.9975437,0.3846617,0.25448135,0.37129608,0.78613573,0.22506526,0.9590625,0.52887213,0.48636514,0.23118001,0.48440903,0.9271923,0.17022966,0.98280627,0.6485295,0.6693516,0.54993963,0.23450667,0.2990247,0.3918874,0.84308624,0.7963495,0.46812454,0.79558843,0.9127176,0.32004502,0.79579043,0.16404033,0.36290532,0.88228136,0.91434884,0.21425009,0.4228016,0.40197942,0.7116198,0.7596911,0.37473106,0.5408315,0.38924053,0.39958614,0.69646657,0.332458,0.49900174,0.24368025,0.9731393,0.43920082,0.47067094,0.5148252,0.8766174,0.74162495,0.5480027,0.31612158,0.5442553,0.5533197,0.28198773,0.57103646,0.39789852,0.95169383,0.6301534,0.59169567
BC2026_Train_0009_S09_20250828_000000_45,0.255113,0.15901773,0.7439283,0.42567414,0.6615354,0.12656349,0.58972627,0.93960494,0.3628311,0.6516568,0.39455742,0.6888643,0.56930417,0.21820635,0.47318828,0.50597024,0.14279684,0.44825596,0.2201785,0.24477166,0.43098837,0.2689026,0.49117494,0.6667386,0.18039681,0.20063318,0.8776182,0.32414493,0.3801843,0.10635008,0.6156227,0.7805057,0.7686662,0.21612573,0.6693729,0.61510015,0.52998406,0.20559171,0.6996937,0.73839945,0.5165095,0.5815704,0.58133626,0.74511147,0.5167377,0.53354734,0.22935447,0.461393,0.41644552,0.3222032,0.72963244,0.6887181,0.71642005,0.6478915,0.39903876,0.37694368,0.6550729,0.95620066,0.42135835,0.1734576,0.7724006,0.47720933,0.17286152,0.19204412,0.58760333,0.75076914,0.41107848,0.21020293,0.45910397,0.36513108,0.57133543,0.5158004,0.8293131,0.41575038,0.6232464,0.48106113,0.12980233,0.31074202,0.11164667,0.06694609,0.6333321,0.50606453,0.36374557,0.83688015,0.5972212,0.44484007,0.267812,0.932425,0.93599164,0.047243755,0.8366898,0.5285674,0.7806869,0.80233985,0.5032762,0.8286271,0.87151456,0.355985,0.74996233,0.47926807,0.661852,0.55436057,0.68143106,0.103537716,0.1444122,0.32265022,0.19876845,0.09827867,0.29253632,0.8782722,0.49638447,0.38379112,0.540671,0.19073226,0.12362592,0.46933216,0.15474491,0.61652297,0.7515625,0.08009393,0.074348256,0.39588708,0.17842007,0.5018114,0.22865286,0.9510645,0.9916666,0.27934366,0.39258248,0.6048219,0.42265162,0.6413323,0.09133187,0.69313717,0.24886134,0.2488465,0.60899293,0.3054964,0.18578324,0.22897884,0.990175,0.22311315,0.24293435,0.31414872,0.4035246,0.88363963,0.66895413,0.6193024,0.966171,0.9490541,0.47546995,0.99672496,0.3471193,0.47487223,0.56493574,0.7828867,0.3910951,0.086220585,0.6882367,0.48900664,0.9343375,0.73112404,0.2421972,0.2506634,0.25793087,0.38419667,0.63938767,0.78774583,0.11958933,0.6245134,0.49174267,0.91495425,0.09913559,0.50219923,0.98926044,0.13836876,0.2347336,0.41450974,0.57713103,0.11604477,0.8058152,0.47283927,0.68502253,0.17729843,0.5887456,0.8884093,0.16259125,0.9535479,0.86286664,0.6788597,0.17325743,0.11770744,0.56250536,0.32500803,0.57504445,0.7628366,0.2651651,0.6070386,0.9916666,0.41342044,0.8008771,0.23614843,0.30124867,0.8420893,0.97623134,0.1465989,0.41478646,0.1632652,0.75256,0.7046441,0.34597957,0.1593906,0.3153897,0.39833185,0.10840705,0.4520486,0.60631895,0.093409754,0.99084795,0.62093544,0.36158025,0.1905815,0.9201437,0.6379306,0.77191657,0.33974665,0.25015458,0.60162777,0.3022862,0.7410896,0.69436663,0.91742814,0.5013667,0.26689774
BC2026_Train_0009_S09_20250828_000000_50,0.40034035,0.4808996,0.7781541,0.32548183,0.6589229,0.095709085,0.63626224,0.46332836,0.7461738,0.69423884,0.59266424,0.8136333,0.4719444,0.31815663,0.5203365,0.30341756,0.40734407,0.25234064,0.20258133,0.10801382,0.42476162,0.51388806,0.21009359,0.7587149,0.61970305,0.24522334,0.58719546,0.6432328,0.19445436,0.13931051,0.7485087,0.87515277,0.8563182,0.23363133,0.6252354,0.6170932,0.62866855,0.2542771,0.81523275,0.77839017,0.55307865,0.6520511,0.49509692,0.80915475,0.5942499,0.58263195,0.46139425,0.48123717,0.5564066,0.31729466,0.7033689,0.5313209,0.51756716,0.7365393,0.50741625,0.5183091,0.6260605,0.841462,0.43198705,0.34306642,0.5847136,0.18838567,0.30975497,0.16817017,0.6590282,0.32036301,0.1907534,0.49141252,0.3892482,0.39384133,0.6088729,0.91017663,0.59698427,0.46710277,0.5990881,0.6106659,0.14217675,0.34679917,0.29131746,0.14504018,0.56600046,0.7747355,0.4666197,0.8844777,0.40229565,0.47513932,0.31821445,0.9017202,0.77869534,0.06794191,0.79365605,0.74802077,0.80989635,0.80283636,0.5889859,0.5438715,0.741823,0.37222084,0.8357271,0.23315251,0.7980145,0.1677972,0.52457494,0.20815279,0.35739496,0.35516277,0.64198446,0.30391997,0.23671259,0.66577995,0.2539494,0.56673443,0.62727123,0.36147475,0.06930925,0.45923615,0.4177171,0.45867908,0.7034794,0.15784058,0.11995394,0.7279292,0.26579744,0.4069225,0.56452703,0.7617803,0.90816575,0.36496443,0.8230698,0.58701974,0.43886006,0.72723216,0.37033468,0.39247692,0.255822,0.35614526,0.49346817,0.29843426,0.21607925,0.29282975,0.9461527,0.592578,0.58578306,0.28360686,0.4668914,0.7267135,0.5407971,0.51707,0.96573704,0.77916706,0.41331902,0.87453157,0.50432575,0.43661967,0.5750161,0.746158,0.5911149,0.17598233,0.5668441,0.17601669,0.98423815,0.7872084,0.46488273,0.29552913,0.25032204,0.25910765,0.68054384,0.6209319,0.34218192,0.61732167,0.32047552,0.92772734,0.4208662,0.69571567,0.9144556,0.2558644,0.5609008,0.5697916,0.82381314,0.15145808,0.61296856,0.43445575,0.671758,0.646444,0.527043,0.7622829,0.4638219,0.85736483,0.755278,0.53000176,0.25361186,0.20454133,0.65924996,0.24687935,0.40028188,0.95414996,0.48967996,0.9307653,0.9666478,0.3865138,0.5935738,0.3037624,0.45363033,0.5881382,0.9478725,0.21991661,0.5142459,0.38815218,0.8846034,0.6944564,0.7898967,0.13621008,0.5800303,0.40081814,0.35001326,0.3933012,0.5313575,0.06576283,0.9354818,0.7631751,0.6791369,0.132353,0.49825835,0.30299443,0.7981705,0.3855985,0.31254685,0.66264355,0.45643693,0.7362675,0.6808293,0.71898305,0.6778172,0.45764443
BC2026_Train_0009_S09_20250828_000000_55,0.26516223,0.4031327,0.47621554,0.42739648,0.6421479,0.29429185,0.55933,0.2270981,0.27105352,0.70958304,0.6161839,0.7572916,0.39977378,0.2277144,0.5967315,0.39412,0.30762658,0.5267051,0.15405124,0.18681788,0.44513208,0.3434463,0.24743369,0.7938102,0.5426672,0.48212498,0.9694457,0.6259528,0.4361714,0.24401656,0.8651968,0.8330241,0.72642875,0.88610506,0.6004854,0.9922933,0.9858212,0.39720696,0.92332476,0.5838786,0.57997334,0.7069452,0.72340333,0.96554005,0.5410782,0.5080233,0.27688968,0.524151,0.5244316,0.34071502,0.7600697,0.7728597,0.77332664,0.75277317,0.4798315,0.5995595,0.6208354,0.31630737,0.6745521,0.16057274,0.55551636,0.26846665,0.24172714,0.19025627,0.5050499,0.89188844,0.19417393,0.56847703,0.46706444,0.11628534,0.67638546,0.9386074,0.74598616,0.49739876,0.5900599,0.5984556,0.5672791,0.4688972,0.43329,0.5164132,0.6424017,0.6150049,0.430364,0.6503982,0.43213445,0.44223273,0.82189167,0.6050253,0.7821619,0.19132216,0.547646,0.5144503,0.6096238,0.6191974,0.40245688,0.45542914,0.61447525,0.3301903,0.66555357,0.2422513,0.6800925,0.22591034,0.7573739,0.3642009,0.59541315,0.39347416,0.71230423,0.51863414,0.370283,0.6532724,0.37595612,0.82489586,0.9065167,0.5985281,0.18357682,0.3635833,0.72822964,0.32682213,0.7947838,0.555056,0.33493596,0.5878162,0.4869683,0.37139952,0.74250615,0.2638327,0.2560317,0.5157339,0.95653135,0.80424696,0.4322292,0.8245209,0.38285896,0.40840626,0.47619745,0.29658216,0.3355422,0.75078285,0.31577674,0.45254484,0.6855867,0.68164736,0.64721596,0.48218846,0.33457193,0.40292484,0.34519374,0.63819283,0.6516301,0.28422108,0.3264867,0.40642858,0.54891896,0.67195415,0.66917294,0.833852,0.45078504,0.42432228,0.462007,0.13094369,0.7054182,0.4406317,0.46747544,0.42255577,0.42829075,0.4741574,0.6713073,0.48567635,0.72606677,0.49489215,0.39840984,0.53668976,0.639225,0.8442358,0.47590315,0.35845354,0.43737084,0.30524668,0.9178333,0.3032413,0.40501335,0.8855354,0.4452631,0.7686366,0.4442994,0.54309785,0.35642284,0.7154585,0.7301381,0.8350833,0.45601845,0.7468562,0.26151967,0.44895798,0.66104484,0.7915156,0.51322305,0.96789795,0.6667427,0.47390637,0.6725978,0.35243785,0.27513748,0.7479433,0.54233843,0.42450517,0.48522252,0.49580616,0.9372752,0.40531334,0.49074247,0.21553648,0.500015,0.6114164,0.6317093,0.88255227,0.60120374,0.091837585,0.664548,0.7238538,0.7415681,0.43631685,0.38713828,0.44497684,0.37960452,0.55638146,0.5089996,0.5983181,0.30543825,0.48304528,0.56275034,0.5111009,0.6122326,0.7789625
BC2026_Train_0009_S09_20250828_000000_60,0.12633625,0.19343472,0.5711682,0.89688665,0.67831033,0.35068083,0.91850007,0.5404483,0.9386464,0.86503965,0.8761682,0.6994831,0.81027347,0.33729792,0.7246537,0.10312174,0.49111706,0.7957334,0.3528037,0.57662916,0.5229025,0.48219705,0.81596047,0.9818468,0.6530567,0.23778087,0.78553635,0.33577538,0.6048894,0.20234582,0.5894588,0.93368727,0.29264057,0.93608534,0.6913729,0.4196268,0.84524596,0.17480026,0.8808183,0.28172088,0.7687846,0.76109684,0.80523217,0.9071256,0.6602293,0.61607957,0.14630514,0.3672207,0.57183325,0.30221865,0.72868955,0.5662095,0.58677405,0.9495518,0.34435225,0.86110437,0.6481979,0.5755272,0.64284205,0.046393253,0.81501275,0.6471542,0.25407147,0.48702228,0.61852807,0.9755301,0.51043373,0.21545886,0.33894753,0.05201334,0.6943291,0.9472564,0.943802,0.28664497,0.926294,0.59235704,0.7452465,0.5007659,0.11512334,0.66209227,0.27146673,0.20929709,0.676425,0.8707841,0.46486586,0.85881555,0.94977915,0.80441153,0.9173712,0.31175166,0.1567795,0.464405,0.9064063,0.91759163,0.564817,0.7678791,0.85892415,0.66864127,0.49720728,0.20290059,0.7250626,0.7955333,0.93536675,0.21922469,0.501785,0.7891229,0.609459,0.8927667,0.7683235,0.23512542,0.19289207,0.65257835,0.5780606,0.3331786,0.29667583,0.6986548,0.9493917,0.7260033,0.8848375,0.77856654,0.29784,0.46547592,0.31949338,0.8272275,0.50749326,0.21803944,0.09454418,0.3491469,0.901165,0.62462044,0.09765793,0.50054336,0.7626994,0.6137475,0.79545,0.11216267,0.6612942,0.796786,0.25788528,0.80510306,0.8957561,0.7403692,0.2622279,0.34270185,0.6558334,0.5275918,0.351125,0.84796995,0.92047143,0.23670608,0.7129815,0.33922356,0.34713304,0.5267006,0.4760214,0.5185416,0.5038533,0.25578648,0.32629845,0.5562934,0.76299715,0.48649922,0.8540479,0.8025438,0.12986816,0.27042133,0.20138958,0.48570886,0.58966035,0.72791845,0.88746065,0.5542403,0.46232128,0.79494286,0.4337847,0.6486813,0.45733833,0.2707179,0.48139834,0.39186484,0.70944715,0.76214665,0.15107481,0.6247096,0.18440416,0.7300591,0.47225633,0.914896,0.8199235,0.8888209,0.34352165,0.96036667,0.17653294,0.23437124,0.61154985,0.43164432,0.30912453,0.9445518,0.34760916,0.6757334,0.6646854,0.64028454,0.10824326,0.68620086,0.3323507,0.1993429,0.48171246,0.12967867,0.8413154,0.52399707,0.39523003,0.33601648,0.6182475,0.44384435,0.16408327,0.9595886,0.73478675,0.13240583,0.8439552,0.25832623,0.73919445,0.48763734,0.84501535,0.892202,0.31604373,0.6545978,0.88153803,0.9214409,0.539976,0.4598328,0.9100646,0.8061412,0.46965665,0.6827755
BC2026_Train_0010_S09_20250828_000000_5,0.32082278,0.47315142,0.5689175,0.8313953,0.5983541,0.8341292,0.7581659,0.21358341,0.56959885,0.86809784,0.52856106,0.45610544,0.20087177,0.20112126,0.954777,0.37527585,0.122643754,0.9345376,0.18377456,0.23575208,0.31785333,0.41724208,0.03617625,0.63427204,0.21219215,0.8723006,0.29687083,0.70579386,0.5678189,0.8592974,0.63879406,0.7012716,0.802447,0.13265073,0.4973604,0.093997166,0.7587576,0.46317634,0.15736355,0.38457596,0.09992177,0.5748562,0.5923092,0.15907867,0.27391112,0.30214852,0.34149146,0.6574508,0.58810127,0.3200294,0.25805146,0.7145848,0.7143557,0.5986626,0.10352746,0.61045814,0.6943291,0.6231313,0.48304874,0.10188509,0.29809076,0.2969525,0.14031696,0.11686963,0.31415772,0.28673154,0.4356131,0.62204504,0.9460333,0.8926292,0.58817905,0.20689628,0.46687523,0.29417253,0.36504385,0.9365896,0.8639231,0.8816063,0.44776955,0.42978087,0.32418448,0.2085921,0.08414467,0.56056833,0.2416448,0.38393128,0.73262924,0.8570504,0.51474285,0.104571745,0.686743,0.5656455,0.2884556,0.9894717,0.7862626,0.87348336,0.14340058,0.57838523,0.9434587,0.10993309,0.10873546,0.40202463,0.70670533,0.123645075,0.1493863,0.52708113,0.260525,0.03701875,0.068371505,0.758927,0.052049585,0.61709464,0.7703292,0.44365957,0.17276832,0.8240429,0.24114233,0.75354165,0.46296102,0.1527346,0.44838646,0.75752085,0.15104958,0.19333035,0.24643692,0.4131901,0.62107396,0.6855709,0.31196916,0.8827861,0.29353917,0.12856999,0.42552823,0.29358435,0.06749192,0.062418833,0.7500175,0.7869046,0.9880084,0.85297644,0.53826326,0.7295557,0.21336634,0.35372502,0.29909515,0.5554271,0.5936437,0.76836383,0.71841353,0.76301295,0.042558756,0.8688092,0.6946167,0.9134166,0.7236583,0.8540437,0.9175813,0.15376149,0.64118874,0.67906666,0.42489594,0.7660583,0.8921771,0.53250366,0.07641191,0.89996934,0.9992917,0.066475496,0.09276658,0.1241071,0.79807496,0.71809644,0.29756248,0.5722636,0.7239178,0.773275,0.53435,0.2923652,0.5109279,0.13335517,0.52283335,0.8178917,0.14239249,0.16860667,0.7408352,0.036949415,0.12675667,0.56791043,0.20188266,0.66931283,0.337025,0.35100296,0.92368126,0.20940915,0.37062842,0.5306201,0.19988668,0.09742509,0.815962,0.9950416,0.91382504,0.1772645,0.2780733,0.9482729,0.84065634,0.537657,0.4271887,0.10315383,0.6640771,0.923582,0.9355417,0.21825543,0.20363042,0.62046677,0.89286333,0.7141774,0.83246785,0.46608284,0.82208866,0.30239877,0.8347687,0.43534753,0.17272207,0.4872896,0.23934342,0.09792568,0.13849667,0.13447414,0.3109396,0.4506125,0.39686668,0.18228543,0.2785094,0.281504
BC2026_Train_0010_S09_20250828_000000_10,0.237404,0.69739854,0.7653667,0.3123598,0.6377479,0.73012227,0.4666701,0.2444799,0.47760674,0.78499335,0.26647773,0.52929044,0.1885485,0.23003975,0.8785144,0.252319,0.35123006,0.7196668,0.3099287,0.59716666,0.14445658,0.687287,0.0635405,0.619702,0.7008761,0.893273,0.36006945,0.54482126,0.5203698,0.48698577,0.43995488,0.8317646,0.6984825,0.7788491,0.6211105,0.62214786,0.65129995,0.63634324,0.17498443,0.701485,0.5732342,0.6686832,0.39303836,0.41029942,0.32003325,0.3649768,0.32202846,0.58179045,0.5227487,0.513633,0.480942,0.38304827,0.3447463,0.6082522,0.33696055,0.6933382,0.68051046,0.5040823,0.36655474,0.53165,0.20523414,0.62909955,0.26474094,0.44267797,0.48135978,0.7664976,0.38389844,0.6133456,0.9364048,0.8097326,0.58866036,0.18331575,0.5704793,0.3607635,0.58634096,0.7436546,0.75851876,0.751505,0.40745375,0.45421684,0.7501438,0.2965483,0.15619843,0.28511333,0.37064755,0.4406305,0.22221892,0.2526734,0.44240692,0.20184776,0.43397203,0.37279707,0.40048856,0.98926777,0.5453964,0.6355088,0.067968085,0.51106733,0.537953,0.30657485,0.36604223,0.102317676,0.8653041,0.38445586,0.7060845,0.17782016,0.7270179,0.072511256,0.21457127,0.18229109,0.021236084,0.8496835,0.27356064,0.13997756,0.4909201,0.4703711,0.07386934,0.8148643,0.66195637,0.44536132,0.55058885,0.61397254,0.57658327,0.50675833,0.2572829,0.15007585,0.46959743,0.42384058,0.45897663,0.9145585,0.6227231,0.38518128,0.9415312,0.16943006,0.094360664,0.23683831,0.71151173,0.7343824,0.9340184,0.597057,0.7177353,0.5811618,0.7172834,0.7679062,0.07460362,0.31415564,0.5877977,0.73631835,0.8548458,0.7287776,0.26358095,0.3335571,0.8585104,0.7115477,0.67539763,0.7644205,0.87229073,0.71379536,0.64845574,0.42106116,0.24069397,0.5228509,0.5493356,0.7414354,0.13420242,0.7893804,0.9500702,0.2914055,0.049622588,0.18898508,0.513291,0.5645734,0.10941824,0.2197409,0.3014574,0.75136304,0.47332302,0.15468816,0.8501771,0.39622116,0.4052403,0.20534167,0.2928125,0.6346667,0.7708813,0.04023642,0.5766809,0.14524868,0.41972294,0.5413508,0.71994627,0.43899968,0.56609225,0.16212067,0.613898,0.55093884,0.58285415,0.27452132,0.8751792,0.90646386,0.397511,0.23050924,0.5740304,0.74580944,0.24284084,0.6371901,0.5186523,0.4711213,0.46655458,0.5716221,0.32904464,0.34672368,0.05725392,0.8777312,0.7228971,0.6053448,0.8978521,0.5573709,0.37231898,0.80955213,0.95037496,0.2235385,0.124830574,0.35486835,0.68989015,0.20175017,0.39000833,0.28868318,0.5327413,0.12713975,0.3269549,0.52886957,0.4534486,0.5039236
BC2026_Train_0010_S09_20250828_000000_15,0.37731376,0.7395565,0.7244072,0.21793802,0.6000729,0.5003774,0.4260252,0.16420372,0.14149867,0.9570142,0.42287192,0.37901255,0.19444743,0.37069565,0.8543744,0.11664417,0.5271798,0.9141629,0.2066613,0.40940827,0.093307,0.75927305,0.17373084,0.82231414,0.7466097,0.7745669,0.5979011,0.3772199,0.18450162,0.30744222,0.42743236,0.63754076,0.554659,0.97848296,0.6752854,0.6689615,0.6238171,0.40414134,0.53056,0.6330585,0.7504932,0.8573321,0.60975987,0.2540006,0.40257946,0.44877127,0.52174735,0.49294734,0.6047901,0.5038161,0.6289223,0.5978395,0.56205475,0.75891984,0.5458733,0.70401025,0.62922287,0.50773585,0.6745032,0.46817142,0.533682,0.5050744,0.49403486,0.5189745,0.23128155,0.85015595,0.29527777,0.6399706,0.69774324,0.70281774,0.5980104,0.4506179,0.30396783,0.317577,0.32063338,0.4784174,0.3149225,0.46500224,0.16891184,0.18685716,0.6541594,0.7695686,0.47983542,0.20666428,0.5189429,0.2333115,0.1483385,0.24566302,0.19551626,0.42082214,0.59609425,0.16713867,0.27149934,0.48869747,0.3793636,0.7738176,0.16520849,0.2634011,0.4397967,0.40569168,0.63653624,0.046681583,0.9116848,0.67701876,0.77570444,0.10532425,0.38437167,0.27943483,0.3751792,0.09585642,0.056546085,0.73987,0.130237,0.23394868,0.84819794,0.3389992,0.056375414,0.6164489,0.49233937,0.5334486,0.45303392,0.2243305,0.44378147,0.35217938,0.5041736,0.34267738,0.74720436,0.14114225,0.22537567,0.546273,0.59415853,0.5207188,0.43157524,0.15424791,0.312662,0.45497084,0.56994003,0.25181,0.7168471,0.36138013,0.49195185,0.52703047,0.696805,0.6508858,0.5296449,0.1174469,0.2585885,0.8265653,0.47046044,0.5661998,0.77704954,0.39644122,0.31802005,0.8680892,0.53884256,0.3386404,0.6333935,0.42392653,0.30545202,0.20009997,0.16838549,0.16570477,0.1779701,0.44604617,0.18097533,0.49582592,0.71078074,0.18711585,0.1552765,0.12212776,0.64468896,0.35693985,0.057623755,0.09193926,0.41247863,0.38788545,0.35104817,0.12509891,0.37051913,0.4725875,0.3023041,0.17749,0.2832393,0.58661264,0.37446198,0.042290505,0.5242375,0.104534425,0.20768017,0.9192201,0.8731979,0.49344793,0.31559262,0.44801563,0.40480024,0.25037643,0.47386062,0.31890228,0.69606984,0.62541044,0.19405892,0.63865113,0.37846246,0.18076667,0.21440871,0.6328542,0.4331719,0.3125857,0.32870215,0.6836242,0.20534477,0.18725833,0.05673917,0.53089124,0.7111423,0.99594074,0.744633,0.27599192,0.42597026,0.48746464,0.9041244,0.28621,0.035808418,0.58425,0.63511366,0.39059916,0.42280376,0.5021834,0.5270053,0.10796383,0.13804758,0.8528542,0.40411487,0.24378261
BC2026_Train_0010_S09_20250828_000000_20,0.379923,0.43482324,0.58870685,0.15424606,0.54644793,0.17489195,0.59494126,0.3789373,0.09371022,0.9475405,0.68307525,0.6220479,0.15132083,0.21081826,0.73840016,0.16094723,0.48672572,0.6735275,0.077072755,0.11691201,0.17865478,0.87399185,0.3452507,0.82340914,0.2762105,0.5341549,0.16032384,0.355717,0.22228444,0.39615515,0.61438954,0.53853047,0.49136636,0.5920803,0.6898605,0.64077044,0.74676067,0.35275704,0.59679985,0.520978,0.6422783,0.7775153,0.68148524,0.33779028,0.46260586,0.5087246,0.17533061,0.425982,0.65696,0.4339757,0.66228545,0.6811632,0.68222195,0.7466292,0.2598572,0.7802701,0.56363535,0.92667407,0.7790674,0.44228435,0.5966275,0.40469337,0.65546983,0.405465,0.18564977,0.4616101,0.15051071,0.42178172,0.50380504,0.18775998,0.55016035,0.45985815,0.21874249,0.598118,0.32210407,0.41699216,0.22558501,0.5147302,0.34112203,0.14902008,0.28091392,0.8394667,0.3681479,0.33468243,0.4911582,0.1286,0.2960616,0.6566216,0.31480217,0.26723707,0.6765727,0.33292794,0.20860943,0.35306937,0.30215552,0.6562171,0.4131319,0.2622757,0.67131174,0.11125381,0.45793393,0.12519574,0.78414524,0.650575,0.5901858,0.4064014,0.35711908,0.4338835,0.27832335,0.4225511,0.22547016,0.7190772,0.34037435,0.7600728,0.63477874,0.6855574,0.056849748,0.61877143,0.607835,0.323953,0.29394066,0.17623815,0.1835037,0.27004376,0.5473297,0.64444935,0.7896054,0.12657541,0.3828637,0.6317482,0.26165003,0.60806,0.39453465,0.45995453,0.3797984,0.25736916,0.35562503,0.09246234,0.32039917,0.461597,0.50477916,0.48827726,0.4631247,0.22782126,0.092787385,0.4130377,0.20827147,0.8724313,0.4452292,0.811888,0.56846166,0.788939,0.31551725,0.7528694,0.34609175,0.34809667,0.5832438,0.463517,0.3468213,0.35224897,0.8738005,0.2736376,0.10232552,0.14680585,0.300351,0.4053261,0.52555096,0.33016926,0.22247039,0.26710707,0.65529174,0.53779626,0.071740925,0.26827365,0.7301042,0.11492758,0.2498921,0.40122387,0.26343846,0.23952433,0.08524809,0.71197796,0.3069188,0.48073393,0.24502313,0.18063298,0.22676101,0.33781368,0.078780666,0.9800035,0.32079536,0.22521034,0.4734804,0.69063544,0.39600217,0.3054978,0.23029484,0.44524682,0.73190534,0.43295544,0.46182233,0.7040512,0.18325907,0.08304193,0.57969713,0.24232984,0.39445302,0.22480835,0.4160095,0.7027992,0.37932336,0.09296642,0.054224588,0.6329019,0.6509368,0.9603244,0.6669515,0.27280283,0.7428256,0.3034587,0.58035684,0.86352086,0.12455035,0.57824665,0.50149494,0.16032192,0.4231417,0.33533502,0.40665445,0.14815576,0.28360352,0.5993475,0.45591074,0.18669216
BC2026_Train_0010_S09_20250828_000000_25,0.43355003,0.27698013,0.69700396,0.2282335,0.60797924,0.29081988,0.489658,0.20216557,0.59051967,0.96480715,0.62320775,0.61337805,0.35521507,0.40119606,0.6983788,0.28667343,0.50378126,0.6424919,0.14587387,0.2199567,0.5569166,0.8198679,0.13282892,0.82123435,0.7041664,0.5576204,0.5232612,0.24903853,0.40241638,0.24553023,0.65585166,0.8795813,0.5872246,0.5910789,0.63156044,0.7684251,0.68566114,0.3894541,0.62643003,0.37890953,0.7356432,0.7654111,0.5862849,0.6956087,0.49888843,0.5559859,0.10588965,0.38951913,0.65078926,0.49434978,0.44905186,0.5107107,0.51905656,0.7786985,0.28968412,0.65505314,0.7018229,0.71060055,0.72010887,0.5135959,0.49745938,0.6138333,0.34386504,0.59413314,0.49185473,0.5942592,0.14306806,0.65273285,0.67187834,0.08131242,0.653148,0.70858204,0.4113892,0.5906974,0.3160826,0.50263,0.5351173,0.5087043,0.4432614,0.06895901,0.2890436,0.7646426,0.23832558,0.69823295,0.5321903,0.27319467,0.24117133,0.57187593,0.60305196,0.38520354,0.8053987,0.69171244,0.40648538,0.28655788,0.38672668,0.9001905,0.42344466,0.22262794,0.2575208,0.13945858,0.46646774,0.318227,0.9018218,0.5995536,0.6549443,0.5049968,0.36520717,0.60898995,0.29962927,0.47988948,0.376733,0.5792801,0.6612755,0.5051914,0.6085479,0.6103804,0.17637134,0.82762235,0.625011,0.18338585,0.36771822,0.08035758,0.36568737,0.42262372,0.5203202,0.6379291,0.35085875,0.11635735,0.6105833,0.7568756,0.28677642,0.68466675,0.24577263,0.39085865,0.34520793,0.19425441,0.5290235,0.24411926,0.14561984,0.22013842,0.8712083,0.4859163,0.42790633,0.27925503,0.35674366,0.7100854,0.17050439,0.647521,0.18090975,0.70801866,0.65215623,0.66711694,0.48601666,0.5694571,0.49836266,0.40994623,0.50272983,0.59942293,0.4083487,0.15247999,0.69853634,0.46364456,0.099520996,0.23634276,0.3240167,0.52274007,0.61550784,0.18346427,0.41460726,0.11172092,0.61620516,0.6070518,0.12662983,0.65810215,0.7099923,0.18419398,0.39769667,0.40924683,0.60760665,0.38046306,0.091473006,0.74312603,0.52758336,0.6201288,0.38854954,0.44770417,0.39895856,0.22362968,0.15910701,0.9942688,0.21113259,0.28279102,0.31428552,0.40826905,0.54658395,0.6519605,0.36218166,0.75086796,0.68518054,0.6884483,0.4506976,0.7603625,0.094154745,0.34034762,0.48391712,0.25673658,0.42595935,0.5561991,0.28280658,0.4563883,0.24261941,0.18493575,0.11227299,0.6580819,0.78367615,0.8367071,0.5840988,0.26638913,0.615842,0.39361382,0.50513726,0.7848129,0.46474624,0.61285746,0.74626243,0.13417163,0.30496734,0.42055392,0.39488894,0.15369967,0.41653195,0.6854311,0.55932295,0.52760625
BC2026_Train_0010_S09_20250828_000000_30,0.31510913,0.55695045,0.48592252,0.40987772,0.5914104,0.45941368,0.4706068,0.22126634,0.15690783,0.77077544,0.7869989,0.64579654,0.53083944,0.49608168,0.57547283,0.25769055,0.47859335,0.72484326,0.43450412,0.33046082,0.483261,0.5025353,0.2768626,0.8402846,0.6877747,0.57267237,0.5874815,0.4796771,0.4108564,0.33493254,0.8707267,0.8359293,0.5670353,0.9682353,0.6125855,0.88548505,0.9126632,0.34418124,0.62366855,0.5019568,0.8049389,0.8888805,0.7657323,0.7177255,0.45656356,0.50451726,0.2981812,0.42205524,0.5753393,0.4020007,0.7876592,0.8126425,0.8020351,0.8807325,0.3881606,0.6846998,0.5805479,0.83084476,0.6296742,0.5938914,0.46264148,0.60485893,0.23751381,0.38945425,0.44109565,0.75759804,0.29397234,0.8849561,0.457519,0.23363999,0.6090104,0.57775944,0.28024033,0.57702833,0.6184592,0.5796946,0.42296082,0.40243343,0.47106814,0.22505252,0.19430691,0.7606659,0.17263876,0.42904913,0.3851365,0.71424997,0.462505,0.52362555,0.41162574,0.46121043,0.64197534,0.60557556,0.34652692,0.42207724,0.34263295,0.67652494,0.43668884,0.52906835,0.1942451,0.068975,0.32762444,0.4101187,0.9356001,0.35378823,0.55118203,0.42263207,0.45290992,0.39132166,0.22781868,0.29023498,0.1921044,0.91881627,0.514205,0.4327468,0.33033687,0.410001,0.19590227,0.789175,0.77198344,0.17778008,0.32805187,0.20231293,0.31166065,0.19030987,0.5490693,0.40400463,0.35697398,0.22288099,0.32603997,0.71623886,0.085516095,0.6146973,0.5234556,0.13081032,0.3549813,0.31455106,0.4716456,0.78740627,0.15258051,0.25794223,0.628402,0.62087154,0.20980142,0.27526614,0.23968488,0.55793643,0.19141494,0.73680353,0.20320399,0.50756717,0.5270096,0.5369301,0.19067132,0.6882971,0.32753474,0.3106409,0.5152377,0.30152136,0.5353009,0.10055533,0.4331402,0.2839133,0.2280251,0.5110837,0.24095094,0.6763867,0.82016635,0.26718706,0.50810206,0.16559741,0.46024778,0.59383714,0.2448212,0.5175444,0.49814594,0.14754616,0.20461926,0.5661155,0.5223907,0.4272954,0.15514183,0.31014174,0.25442195,0.37637308,0.28708464,0.2838298,0.5510051,0.38107035,0.24259284,0.95579857,0.15066235,0.11803225,0.42842427,0.29285267,0.5213865,0.50823665,0.18449149,0.75250214,0.52369785,0.6413896,0.61826944,0.4952379,0.18803549,0.63456666,0.5517635,0.43852028,0.40052238,0.5255029,0.11806716,0.5259832,0.373396,0.3599711,0.18890993,0.22547592,0.5100678,0.9673897,0.87631226,0.13163117,0.6919346,0.30546442,0.80519843,0.71693695,0.36375418,0.62178564,0.6183146,0.40812457,0.39399144,0.406098,0.37809744,0.119856335,0.13246323,0.5421542,0.28070807,0.62856877
BC2026_Train_0010_S09_20250828_000000_35,0.191391,0.5956062,0.5499349,0.6752149,0.5207354,0.4213813,0.8400843,0.72097653,0.3961969,0.98499465,0.77540845,0.422094,0.7284708,0.58604884,0.6173543,0.22345605,0.46796456,0.7686119,0.5347229,0.5243354,0.3565615,0.96795964,0.5521833,0.8327744,0.706959,0.50936997,0.7584434,0.5095934,0.45895243,0.34589195,0.72530705,0.82489914,0.7307894,0.861893,0.708698,0.37766236,0.8426982,0.37659076,0.43380517,0.720754,0.8032484,0.8136095,0.8007752,0.63953155,0.32170382,0.3753547,0.57737195,0.5680468,0.6648135,0.4510852,0.8102778,0.8319902,0.8325994,0.8303153,0.408897,0.7449654,0.598148,0.7793693,0.7733605,0.66879386,0.7894242,0.5562891,0.19586,0.30754578,0.625442,0.84749186,0.758189,0.91113746,0.2569077,0.35328525,0.5619854,0.4887078,0.07554143,0.55840504,0.7578921,0.59052205,0.35417956,0.15174592,0.8125654,0.43050003,0.2215161,0.40525928,0.17943211,0.4799524,0.5317628,0.6894747,0.31078815,0.827502,0.23077199,0.1060165,0.84127504,0.5661183,0.19040553,0.37185824,0.72893256,0.54045165,0.6248938,0.43540835,0.6924527,0.08082709,0.24614282,0.1532999,0.74391603,0.31096753,0.6919279,0.792067,0.21149808,0.46092105,0.117433086,0.3190245,0.16218069,0.93240833,0.19859968,0.4294167,0.07198134,0.61779666,0.25117084,0.6310866,0.55932415,0.14725927,0.7006803,0.3351643,0.1705294,0.14520149,0.70243335,0.5304761,0.8914915,0.33178908,0.18564342,0.8217501,0.11601226,0.23342645,0.6656313,0.06909525,0.5791335,0.07857767,0.70420504,0.686785,0.22870699,0.28940946,0.67102706,0.3822398,0.08935583,0.13533634,0.5724107,0.6759076,0.14036,0.6917422,0.5028382,0.8076469,0.5408647,0.86885154,0.17341076,0.750098,0.32337037,0.48353672,0.37143138,0.28311288,0.5710189,0.3920547,0.9321362,0.27702516,0.4405087,0.33330184,0.16756058,0.6728385,0.88612616,0.12392584,0.14439034,0.23494144,0.7068689,0.7369312,0.2531045,0.29893535,0.56359863,0.26618713,0.106154084,0.66693544,0.23585093,0.2782404,0.048876338,0.27025476,0.06687708,0.15319742,0.4035661,0.22387457,0.35162833,0.31990108,0.14482716,0.8824082,0.17166618,0.23199417,0.9288993,0.29905275,0.21622269,0.14456707,0.20125341,0.33907616,0.78314877,0.58940756,0.45807078,0.5023062,0.3699789,0.42295614,0.81337583,0.3582962,0.40348044,0.52778506,0.19664644,0.5035548,0.65241253,0.29582873,0.3860833,0.056265168,0.727813,0.9521946,0.5610001,0.044188753,0.78886044,0.2855676,0.7244352,0.43036908,0.45954823,0.5271545,0.5126616,0.5083151,0.56425,0.6266355,0.22365369,0.22119108,0.22517541,0.4581241,0.24210349,0.29820585
BC2026_Train_0010_S09_20250828_000000_40,0.3194934,0.5288976,0.5310894,0.611278,0.601998,0.21136333,0.7537123,0.77561665,0.17814082,0.8671877,0.45639664,0.43065467,0.40478492,0.3491175,0.68674004,0.45362967,0.37681955,0.52202535,0.16736828,0.3711871,0.372074,0.8120375,0.543562,0.86652565,0.44112587,0.5867245,0.7245388,0.386083,0.75626665,0.737568,0.67705667,0.8754423,0.6467129,0.65208304,0.6120354,0.2639613,0.8149036,0.4137729,0.16928314,0.6568988,0.70157135,0.7982433,0.7917321,0.70680475,0.30008376,0.34394062,0.63040185,0.5575286,0.65429544,0.50136185,0.7067033,0.79261535,0.79279536,0.79907584,0.24268655,0.72354007,0.59429795,0.34448949,0.81897414,0.3903238,0.6560566,0.38343358,0.21640688,0.19014888,0.5641138,0.33205318,0.7457611,0.5987227,0.498841,0.48796678,0.6532853,0.32726106,0.066903085,0.419645,0.8188159,0.8674592,0.56094337,0.17249668,0.84291875,0.3977329,0.1261825,0.27695042,0.12748274,0.6936542,0.31259912,0.6158053,0.22447585,0.6985787,0.080607,0.016940083,0.7945392,0.3924986,0.28784114,0.4815924,0.84102714,0.54230714,0.52010965,0.2118569,0.7193739,0.2939799,0.4569761,0.1655178,0.4720561,0.4822968,0.62524617,0.91634166,0.16314544,0.4194721,0.25250566,0.48361877,0.40558335,0.69290257,0.25013822,0.51825,0.092512175,0.5916716,0.20389566,0.47161824,0.56303394,0.07843758,0.75216883,0.4653033,0.1235935,0.1531545,0.5103269,0.41216102,0.8179533,0.45503914,0.18967265,0.7206806,0.42335463,0.27624357,0.33890724,0.1228245,0.64410007,0.049706005,0.957433,0.8727292,0.38309452,0.19925201,0.43949634,0.25216824,0.1486941,0.2074655,0.98744845,0.67401326,0.20405786,0.84892863,0.6936774,0.82327074,0.42496806,0.7698413,0.382475,0.87637264,0.36689734,0.6413648,0.47226667,0.36463174,0.8185792,0.26822186,0.875285,0.39200628,0.27363077,0.3263681,0.21249175,0.6190389,0.74974036,0.30313307,0.08958967,0.1764325,0.68281835,0.4587565,0.17719957,0.41118366,0.6158903,0.501555,0.31455365,0.37604842,0.1342295,0.3145927,0.052344166,0.32584286,0.14961573,0.18885292,0.9025687,0.23600274,0.43884176,0.4853709,0.3412754,0.8549489,0.384125,0.38223672,0.79435104,0.5397583,0.10579993,0.11150207,0.19951066,0.29054862,0.789537,0.6993806,0.4184695,0.24151474,0.47544843,0.113595605,0.659867,0.28235412,0.63302153,0.6181375,0.39977318,0.4338016,0.66570944,0.48163548,0.12509277,0.042727835,0.7603634,0.7290472,0.44708118,0.08116368,0.7958547,0.115918085,0.67505306,0.42521566,0.552575,0.53872764,0.6559738,0.36252242,0.25756866,0.45667672,0.26370293,0.2595784,0.43638545,0.37497815,0.24297325,0.2754396
BC2026_Train_0010_S09_20250828_000000_45,0.27668142,0.5892124,0.33350074,0.3883523,0.64792305,0.17591067,0.312195,0.31200093,0.123488724,0.8795471,0.6069142,0.414513,0.091532916,0.44236243,0.58427846,0.25146887,0.43961483,0.68158484,0.117557704,0.32863235,0.34092206,0.3331583,0.68424994,0.9490427,0.52292144,0.63977015,0.7544549,0.49360657,0.7624987,0.73766184,0.6680143,0.9621477,0.6368855,0.9921191,0.58962286,0.9516442,0.8912188,0.31646276,0.316055,0.79581475,0.7510365,0.9493958,0.83393174,0.8325953,0.48518246,0.51489514,0.59003305,0.5690285,0.50171244,0.4017903,0.7642333,0.7939813,0.79345596,0.8175289,0.58376324,0.6413037,0.6015854,0.6505997,0.60255045,0.49788326,0.24599704,0.31039822,0.33802983,0.27097005,0.49772313,0.64814174,0.4295505,0.70898086,0.4937468,0.47935933,0.63939804,0.5346319,0.30853975,0.2582137,0.5399325,0.83257556,0.48094416,0.1304476,0.47561967,0.4216333,0.088505164,0.1927767,0.25536984,0.56301385,0.1819355,0.34553882,0.08684826,0.3373259,0.1164255,0.03975308,0.5762379,0.20628174,0.2979291,0.66582894,0.5636281,0.23338577,0.38454694,0.37640247,0.22151835,0.3439622,0.504457,0.091005005,0.46429613,0.2876839,0.5651915,0.38151917,0.3293377,0.41756526,0.32016772,0.283193,0.20200469,0.9181372,0.18364334,0.18010734,0.2775779,0.19354841,0.17846583,0.33980113,0.30389577,0.07989475,0.52648175,0.2653241,0.08817801,0.05356684,0.59080374,0.1097441,0.4718874,0.54270005,0.23650308,0.67449516,0.2616951,0.11179082,0.38042048,0.15321842,0.27052775,0.1397281,0.7570079,0.5946454,0.24068503,0.14718367,0.5339112,0.3153597,0.06760025,0.65216994,0.7809401,0.53467405,0.19063987,0.74254,0.5542253,0.33909518,0.5168481,0.2351217,0.14235201,0.8462035,0.4853554,0.36740708,0.3314038,0.5391389,0.6885901,0.10645425,0.14185172,0.094208755,0.37679806,0.29590455,0.16598083,0.6712801,0.8406802,0.42321876,0.15363167,0.25385967,0.30574697,0.26705986,0.23811758,0.19495277,0.2992259,0.26244783,0.14396158,0.34784198,0.08004301,0.26210326,0.1730132,0.459652,0.065195076,0.15542209,0.6618345,0.088124245,0.27535027,0.3724088,0.2150905,0.67531717,0.16950308,0.4443391,0.2581777,0.37642995,0.19640185,0.043300666,0.18901023,0.29339626,0.4259249,0.63936025,0.24157727,0.14197206,0.20692152,0.24958162,0.40143874,0.23111475,0.583874,0.5578891,0.410278,0.3308624,0.2783922,0.35105133,0.05509434,0.140221,0.7754027,0.937816,0.38296825,0.24360085,0.46653447,0.124100566,0.56044436,0.13345891,0.4451658,0.32432532,0.5129839,0.504287,0.2712561,0.4038698,0.33817077,0.13800274,0.20443766,0.6949726,0.26334435,0.13651457
BC2026_Train_0010_S09_20250828_000000_50,0.255673,0.55437565,0.57344437,0.3313067,0.5828854,0.13407391,0.32674786,0.24637917,0.22620249,0.9203626,0.6512148,0.6977541,0.041897997,0.3066267,0.6343088,0.06346777,0.33559498,0.6769725,0.28267053,0.2656274,0.5725188,0.20554003,0.5286893,0.9149182,0.42727217,0.3311592,0.3021225,0.5889773,0.28958356,0.41824555,0.4181099,0.83274037,0.32237825,0.9870028,0.6354105,0.8856611,0.8660754,0.16975603,0.5810858,0.64156604,0.68772906,0.722474,0.7680894,0.6555294,0.48786968,0.5327059,0.21732566,0.48067626,0.5456081,0.40298238,0.7543075,0.7364205,0.7065359,0.8013221,0.3613218,0.69704527,0.61024785,0.77097934,0.7280878,0.5805972,0.28865832,0.40589917,0.19955881,0.13417695,0.5981798,0.8431524,0.27836198,0.5331247,0.49713105,0.19730268,0.6190479,0.47449756,0.34354275,0.12841007,0.25524455,0.70137256,0.44981068,0.34965006,0.38892445,0.26354635,0.06848909,0.4634233,0.25630465,0.18453984,0.2904886,0.3325889,0.2246356,0.31547332,0.03709584,0.074756086,0.645599,0.4819376,0.2702095,0.49515623,0.5775033,0.18673891,0.37514427,0.43609208,0.24072377,0.3646883,0.37075508,0.13402608,0.92653954,0.2472997,0.5645775,0.13291366,0.32094884,0.29358482,0.10320608,0.396926,0.1321364,0.755567,0.41598624,0.10801151,0.11833742,0.24544576,0.13933566,0.39267638,0.15624534,0.157409,0.19885986,0.18174985,0.087598175,0.040964335,0.54642767,0.13857117,0.573704,0.19461802,0.3743027,0.573447,0.144124,0.09552167,0.2560391,0.19554201,0.13042107,0.12657534,0.4097625,0.55417705,0.33856493,0.16143304,0.63809085,0.5236762,0.029857837,0.60282737,0.27604204,0.31015557,0.42100102,0.7881408,0.4231961,0.3017157,0.24718085,0.26012903,0.044746917,0.7344941,0.19190699,0.18258074,0.4414509,0.2690329,0.5370809,0.16247326,0.16869885,0.073305845,0.3016435,0.53964436,0.27514926,0.49503073,0.84682107,0.12660775,0.33692998,0.20799401,0.4173444,0.41908696,0.15789351,0.1578585,0.274881,0.23353899,0.06602725,0.2597951,0.08684884,0.32499808,0.41917422,0.35355037,0.054690335,0.15494776,0.20267157,0.11677541,0.29706866,0.16177058,0.29719186,0.8188191,0.19195126,0.16441733,0.2505505,0.28183427,0.23904327,0.043782588,0.119649164,0.53209215,0.4491781,0.5383704,0.39641643,0.21659969,0.18617341,0.3891735,0.44075766,0.2649176,0.51205134,0.4825716,0.3513598,0.5911198,0.3661378,0.4322964,0.24084218,0.15528549,0.56518304,0.97899234,0.79872406,0.2026092,0.59425706,0.13163342,0.86849684,0.08288917,0.17230126,0.3814389,0.6960892,0.2624128,0.4338767,0.323796,0.4323414,0.086078085,0.025472837,0.6490981,0.16409652,0.3937831
BC2026_Train_0010_S09_20250828_000000_55,0.36284164,0.30006662,0.59419316,0.57242024,0.4948854,0.25226524,0.63014424,0.50111634,0.25556147,0.86738425,0.65377,0.80040824,0.09591717,0.39575118,0.8700309,0.13325334,0.42520776,0.6586384,0.5148633,0.08845284,0.4511276,0.7007679,0.40267202,0.87958825,0.65104085,0.41860834,0.40285426,0.6354232,0.26089063,0.32726604,0.8190867,0.6473463,0.5169086,0.40406823,0.6135479,0.2896092,0.9031242,0.3106411,0.5820848,0.32983106,0.7754096,0.8930214,0.7644912,0.7193979,0.381657,0.42808557,0.14151517,0.5416813,0.659905,0.38713503,0.8064366,0.77356297,0.77347547,0.8902498,0.1670323,0.9266937,0.52458537,0.9337697,0.67441875,0.27723032,0.5980364,0.41856676,0.15296538,0.19961873,0.4745169,0.67307776,0.37730443,0.4235888,0.59956044,0.2356539,0.5850854,0.6580531,0.11415358,0.21150468,0.18392532,0.49702096,0.28540587,0.21411784,0.5553241,0.27822983,0.18574557,0.45945436,0.08589874,0.24756616,0.52232915,0.48946515,0.5285747,0.8057657,0.08725307,0.11807959,0.8752051,0.69602203,0.35330313,0.3292143,0.4954942,0.5776676,0.55325055,0.3516416,0.7940457,0.14812651,0.22124283,0.10448483,0.8567959,0.2767923,0.45798072,0.36917377,0.29578096,0.35339415,0.15214184,0.7370279,0.14269868,0.5864214,0.25818592,0.26469564,0.078942,0.7966554,0.10118077,0.6331433,0.34386283,0.46711695,0.21071188,0.39060813,0.07528558,0.14632833,0.6646066,0.59500986,0.84735835,0.15796167,0.11831175,0.81818575,0.4560566,0.12539326,0.13556644,0.56432295,0.14615843,0.32865047,0.6102845,0.21454601,0.16466537,0.38311845,0.40131277,0.62714946,0.078688085,0.24806996,0.33956212,0.5701993,0.57296884,0.6666023,0.6674807,0.775118,0.21121342,0.8978221,0.157078,0.4170827,0.18865281,0.48734114,0.30551392,0.16918325,0.43619093,0.13130426,0.98574877,0.30007735,0.07840275,0.34456873,0.13868134,0.7383672,0.7976838,0.09630358,0.3662014,0.3969167,0.6923968,0.64696497,0.17423531,0.20926082,0.60860425,0.19579658,0.14934577,0.13392492,0.35388255,0.27559158,0.20073293,0.547195,0.04511717,0.06430542,0.063724585,0.371055,0.44002026,0.2288495,0.18501876,0.9528917,0.1553495,0.15172017,0.647904,0.23013443,0.23139724,0.12136191,0.09479157,0.4081042,0.7822145,0.8955145,0.47960475,0.56949353,0.21149807,0.39835128,0.8949083,0.1874406,0.3988963,0.4719689,0.39962417,0.90956837,0.8731915,0.40577692,0.33376342,0.34825522,0.54055953,0.93689597,0.9130243,0.32105324,0.9383812,0.1764805,0.8913299,0.23836565,0.3323915,0.6128651,0.6836772,0.07554059,0.21150535,0.4087732,0.5064138,0.25619408,0.06066025,0.36021844,0.335383,0.6199332
BC2026_Train_0010_S09_20250828_000000_60,0.39840984,0.45449752,0.6914282,0.7151521,0.44669166,0.38621747,0.9152458,0.3467351,0.16129951,0.94912994,0.3313276,0.8618729,0.15490718,0.8359792,0.87427217,0.3291465,0.25699627,0.9107979,0.48821777,0.11812458,0.23070207,0.94168603,0.734475,0.7907852,0.24867739,0.6250986,0.78472424,0.44842795,0.81998545,0.30237672,0.7611741,0.7546492,0.7281264,0.17510442,0.6665543,0.13909736,0.7763545,0.25044566,0.4499594,0.49186897,0.65244997,0.90842736,0.6927602,0.6109445,0.43804264,0.49785584,0.36091566,0.47738054,0.780771,0.36364454,0.7200796,0.6722843,0.706071,0.8309689,0.21355966,0.82714146,0.5765604,0.9413208,0.9060999,0.2972051,0.4033005,0.18118002,0.40341753,0.2050221,0.5687013,0.85563433,0.6844268,0.60809135,0.8270229,0.59548914,0.5909979,0.74107504,0.07623683,0.7343542,0.3633779,0.47505125,0.26429167,0.20692083,0.23738158,0.071487084,0.31232405,0.74193954,0.038083,0.26461166,0.2927757,0.37211335,0.5344712,0.98892295,0.36148334,0.38214263,0.37052009,0.63930476,0.10229266,0.34709042,0.8208193,0.74542457,0.3052706,0.2972525,0.9929166,0.18769728,0.2894945,0.033240084,0.4817574,0.5743197,0.49135694,0.72193944,0.64512503,0.7931917,0.31200856,0.76382077,0.35912043,0.15849134,0.04557917,0.19327416,0.09778876,0.9375687,0.08275901,0.3460691,0.50111055,0.6845541,0.6472477,0.27690542,0.11342959,0.10440908,0.44424736,0.6679773,0.6996931,0.2025229,0.13213749,0.8179332,0.6952459,0.13926002,0.1197699,0.57007515,0.16709816,0.101628,0.9429126,0.08200875,0.26764956,0.13988729,0.22278124,0.5808505,0.102008834,0.32307166,0.755188,0.6420147,0.190215,0.7712868,0.5296909,0.89725614,0.11892791,0.9462396,0.67365,0.26694041,0.37554714,0.64695543,0.23026541,0.11139274,0.2255129,0.28510496,0.85138476,0.13008457,0.052346252,0.054993253,0.17327735,0.8239545,0.7202899,0.19584382,0.34985995,0.15120041,0.7992025,0.4422477,0.1766596,0.14772035,0.564056,0.078990825,0.039787512,0.07579766,0.35321748,0.19573057,0.032746665,0.49864203,0.11611167,0.03814792,0.20522733,0.41798276,0.71179384,0.54609746,0.0805435,0.9031862,0.21218,0.13937166,0.631673,0.41345543,0.3314005,0.30492592,0.31287584,0.56479716,0.6781822,0.798145,0.3356525,0.48316535,0.64297074,0.26915377,0.7540452,0.09773082,0.37826866,0.29607216,0.867098,0.9964583,0.6937892,0.47108543,0.35708416,0.13780175,0.5817608,0.9154256,0.4183303,0.25081325,0.9682896,0.2540238,0.710628,0.28040168,0.42354375,0.561877,0.18712091,0.090901,0.30734834,0.4992267,0.6539646,0.3359796,0.256135,0.14520541,0.17535025,0.3412944
