row_id,1161364,116570,1176823,1491113,1595929,209233,22930,22956,22961,22967,22973,22983,22985,23150,23154,23158,23176,23724,24279,24285,24287,24321,244024,25073,25092,25214,326272,41970,43435,47144,47158son01,47158son02,47158son03,47158son04,47158son05,47158son06,47158son07,47158son08,47158son09,47158son10,47158son11,47158son12,47158son13,47158son14,47158son15,47158son16,47158son17,47158son18,47158son19,47158son20,47158son21,47158son22,47158son23,47158son24,47158son25,476521,516975,517063,555123,555145,555146,64898,65377,65380,66971,67107,67252,70711,738183,74113,74580,760266,ashgre1,astcra1,bafcur1,baffal1,banana,barant1,batbel1,baymac,bbwduc,bcwfin2,bkcdon,bkhpar,blchaw1,blheag1,blttit1,bncfly,bobfly1,brcmar1,brnowl,bucmot4,bucpar,bufpar,bunibi1,burowl,camfli1,chacha1,chbmoc1,chobla1,chvcon1,cibspi1,coffal1,compau,compot1,crbthr1,crebec1,dwatin1,epaori4,eulfly1,fabwre1,fepowl,ficman1,flawar1,fotfly,fusfly1,gilhum1,giwrai1,glteme1,grasal3,greani1,greant1,greela,grekis,grepot1,gretho2,greyel,grfdov1,grhtan1,gycwor1,horscr1,houspa,hyamac1,larela1,lesela1,lesgrf1,limpki,linwoo1,litcuc2,litnig1,mabpar,magant1,magtan2,masgna1,nacnig1,ocecra1,oliwoo1,orbtro3,orwpar,osprey,pabspi1,palhor3,paltan1,phecuc1,picpig2,pirfly1,plasla1,platyr1,plcjay1,pluibi1,purjay1,pvttyr1,ragmac1,rebscy1,recfin1,redjun,relser1,rinkin1,rivwar1,roahaw,rubthr1,rufcac2,rufcas2,rufgna3,rufhor2,rufnig1,ruftho1,ruftof1,rumfly1,ruther1,rutjac1,sabspa1,saffin,saytan1,scadov1,schpar1,scther1,shcfly1,shshaw,shtnig1,sibtan2,smbani,smbtin1,sobcac1,sobtyr1,socfly1,sofspi1,souant1,soulap1,souscr1,spbant3,spispi1,sptnig1,squcuc1,stbwoo2,strcuc1,strher2,strowl1,swthum1,swtman1,tattin1,thlwre1,toctou1,trokin,trsowl,undtin1,varant1,watjac1,wesfie1,wfwduc1,whbant2,whbwar2,whiwoo1,whlspi1,whnjay1,whtdov,whwpic1,y00678,yebcar,yebela1,yecmac,yecpar,yehcar1,yeofly1
BC2026_Train_0001_S08_20250606_030007_5,0.7906645,0.7574702,0.57085955,0.15813015,0.76330173,0.4097154,0.22571331,0.7876811,0.9181564,0.35530472,0.67963886,0.6906848,0.906848,0.6117543,0.2957062,0.45213664,0.77421045,0.647121,0.6482761,0.8684081,0.9143403,0.4332428,0.8116666,0.68969166,0.87168676,0.6261221,0.20967153,0.85586506,0.15779892,0.4222628,0.6023545,0.19607124,0.7552216,0.9487802,0.80818826,0.25060195,0.2191284,0.23995847,0.2909816,0.9957942,0.30830848,0.7898815,0.8932881,0.20940147,0.029998582,0.04182154,0.72307694,0.6412566,0.4449315,0.4364167,0.80417573,0.8931191,0.8885906,0.23442057,0.44530606,0.43395215,0.17579567,0.81545556,0.63141835,0.8953769,0.97183704,0.6942034,0.66364384,0.93685055,0.8968065,0.7688928,0.6832875,0.9352715,0.12929553,0.4340531,0.48388833,0.21655625,0.13627607,0.5894035,0.49559456,0.20779425,0.04575392,0.45267546,0.87615395,0.25655663,0.7717625,0.32927412,0.47791535,0.33962846,0.49700007,0.479407,0.27380815,0.471024,0.15246665,0.7199422,0.90001184,0.64871037,0.64487004,0.13724285,0.78239524,0.21421191,0.5233158,0.187745,0.46440828,0.68275094,0.38333577,0.61599606,0.45845175,0.84711516,0.87359685,0.46353918,0.34305376,0.8008362,0.33187497,0.41702402,0.35474294,0.8739672,0.78585744,0.24226464,0.6369653,0.59268117,0.20564684,0.22739087,0.040428586,0.42224193,0.28774747,0.7124959,0.645121,0.4052928,0.84240454,0.7316091,0.8432442,0.48157656,0.34672183,0.0361175,0.12477333,0.28762925,0.5717961,0.44533768,0.8999314,0.7530979,0.1998868,0.4233203,0.4204137,0.34664083,0.06715754,0.022635415,0.33861297,0.2795735,0.7963222,0.9893166,0.32925186,0.30166236,0.07986644,0.65836453,0.74792624,0.6845062,0.70258427,0.64475703,0.06389666,0.50147814,0.090766415,0.55927473,0.21772288,0.35845566,0.67639863,0.43869376,0.6900286,0.49937886,0.32989377,0.6272088,0.43061146,0.39516264,0.082885206,0.29089975,0.3865772,0.4694208,0.48790494,0.25504166,0.23240945,0.91591525,0.61604273,0.30680692,0.48579973,0.44508308,0.8362669,0.2131961,0.17760167,0.14675422,0.24962899,0.1146752,0.3381868,0.56342715,0.73356485,0.73395455,0.5748008,0.6886631,0.7713089,0.21340004,0.28500244,0.2215302,0.32065624,0.475012,0.530725,0.3905363,0.45730227,0.73203063,0.53025734,0.30882663,0.5123272,0.92455626,0.8545282,0.8540852,0.70225525,0.19729167,0.4193893,0.51426977,0.6144932,0.04406325,0.92115754,0.6726395,0.13884732,0.49021918,0.76423025,0.29195407,0.2284925,0.38788295,0.3134894,0.33301038,0.051661417,0.30180034,0.8443864,0.10348076,0.328475,0.8541548,0.5032089,0.3431033,0.5668189,0.55421257
BC2026_Train_0001_S08_20250606_030007_10,0.8327513,0.7905558,0.47130206,0.21567285,0.8669791,0.6467197,0.38849634,0.92666954,0.82608294,0.60948694,0.94883555,0.40568978,0.97615933,0.8013246,0.25025797,0.5059564,0.67102647,0.88754654,0.53230244,0.82761407,0.8977164,0.49039412,0.8013214,0.9504652,0.89753926,0.59673625,0.44052476,0.9535645,0.45681846,0.55865854,0.75757,0.50902706,0.525089,0.9641874,0.9284812,0.39963365,0.07521051,0.07502212,0.17534302,0.84617317,0.13129547,0.84583426,0.93182087,0.48023307,0.018488774,0.02534623,0.6073181,0.43024474,0.23817769,0.23090097,0.980719,0.92667866,0.92730045,0.12045398,0.6368281,0.5043632,0.36286664,0.8428848,0.6584846,0.9597428,0.98149467,0.8938849,0.53808844,0.91049075,0.9520849,0.9289627,0.7949252,0.9317522,0.20727041,0.46119946,0.4240681,0.72254586,0.22529134,0.59123373,0.57508695,0.2785576,0.18012393,0.20574415,0.9546943,0.3337453,0.7632067,0.22949919,0.39653838,0.46719885,0.38061202,0.61191916,0.6384498,0.35083616,0.42116314,0.63990283,0.9432411,0.7031029,0.6424891,0.20896235,0.8917543,0.5378754,0.2674291,0.12794055,0.11006447,0.28243682,0.2859888,0.3740334,0.5414213,0.9698826,0.91867983,0.3608762,0.25922218,0.9380853,0.165937,0.51751626,0.4114407,0.9266852,0.78845346,0.46454787,0.32560527,0.34980428,0.68579113,0.38326758,0.07966378,0.27789783,0.24854027,0.6077423,0.31152424,0.25618473,0.9513627,0.6353123,0.79029906,0.42901912,0.4777725,0.05373019,0.12853196,0.36394942,0.6854607,0.4262335,0.79939836,0.40401042,0.31133652,0.34656298,0.18773195,0.40513903,0.14738384,0.08895688,0.27492565,0.14431927,0.85479116,0.91646934,0.5535476,0.18357104,0.18288875,0.43597624,0.43208355,0.43289095,0.22444823,0.93777955,0.08878785,0.5272092,0.0982136,0.52161705,0.39894754,0.30370077,0.29258794,0.3130926,0.5620545,0.8342256,0.3794067,0.31763119,0.2111416,0.4120127,0.15212555,0.41379112,0.31386322,0.17883733,0.53641486,0.41027957,0.059131145,0.9238298,0.510887,0.38689893,0.5087578,0.5421674,0.6577974,0.1333304,0.39743268,0.11732782,0.17910412,0.120989144,0.35707694,0.6751728,0.88563585,0.868585,0.41020143,0.61877847,0.81870735,0.15835448,0.24488902,0.14414065,0.18426923,0.7418799,0.34996444,0.4510326,0.91578496,0.6369642,0.48398918,0.4184089,0.51045406,0.9500599,0.8679192,0.95972675,0.50220364,0.40151608,0.7453208,0.26696807,0.649812,0.08953799,0.99586654,0.72576475,0.35110143,0.33839476,0.80182827,0.4352504,0.26032788,0.5137843,0.1475352,0.25540417,0.12705241,0.23627588,0.89575624,0.20148924,0.07922457,0.6521938,0.3925371,0.1995162,0.7143886,0.5341189
BC2026_Train_0001_S08_20250606_030007_15,0.8231989,0.8710817,0.6239761,0.22587869,0.8584634,0.53426504,0.2670337,0.8921528,0.8952887,0.5262409,0.6581717,0.33843827,0.88469493,0.58288836,0.20093125,0.65279675,0.7684871,0.75166,0.39079016,0.7867205,0.8838651,0.36506617,0.95584214,0.88681185,0.88222504,0.73209155,0.85732645,0.92179406,0.40803736,0.61781776,0.7086661,0.6840038,0.096422195,0.99614954,0.86333036,0.49093986,0.34585285,0.2966166,0.16179961,0.9885485,0.41591126,0.83806103,0.8930985,0.66988766,0.07129227,0.08412205,0.5711374,0.20665494,0.07525494,0.071823835,0.91346455,0.892728,0.89484817,0.39380664,0.68390465,0.49972236,0.24728459,0.8109536,0.42799526,0.92791545,0.9754766,0.87194717,0.5721175,0.8947042,0.91640013,0.8300801,0.7845546,0.91165084,0.37801844,0.39973462,0.38420326,0.75112593,0.07617438,0.6536474,0.6099238,0.46924272,0.13762039,0.25949207,0.92723346,0.22106707,0.6608429,0.1689381,0.38018745,0.50353944,0.3397118,0.6668407,0.5473754,0.5296239,0.2613902,0.6366258,0.8993585,0.6065066,0.46859735,0.2828086,0.7736645,0.46020955,0.3198253,0.059553996,0.16839945,0.3422851,0.4936536,0.57826656,0.33328086,0.83922386,0.9217075,0.5432428,0.46441466,0.9429088,0.18250784,0.49320358,0.6227077,0.9275782,0.68790627,0.34274894,0.42107978,0.35630786,0.6511116,0.1511288,0.23052499,0.32145613,0.21239832,0.6171068,0.3320204,0.2370506,0.9508339,0.62274766,0.850101,0.2989589,0.56104934,0.06785992,0.09767279,0.25714734,0.44667313,0.41989905,0.6758584,0.5765357,0.33724535,0.37551153,0.15005985,0.54834914,0.25845078,0.11564149,0.22156638,0.28668323,0.81444764,0.93770707,0.56294477,0.0987259,0.15839049,0.27573034,0.3369363,0.3696341,0.15186334,0.88614845,0.043160625,0.50621057,0.058559645,0.6500708,0.4458885,0.22977431,0.773445,0.33453983,0.58591306,0.7777642,0.32954168,0.20462379,0.28493935,0.30336422,0.54096556,0.39042705,0.44564217,0.116432816,0.5636924,0.6302209,0.031582728,0.88883936,0.55683506,0.5579573,0.36911142,0.5024472,0.5727487,0.16999245,0.18342644,0.20775768,0.24898043,0.37135184,0.19354698,0.518799,0.7596409,0.81605196,0.38210836,0.428365,0.62477493,0.17194322,0.11827496,0.17973378,0.12199111,0.734962,0.33223587,0.417862,0.84754014,0.68136764,0.5296545,0.5739161,0.5674046,0.94061375,0.72488356,0.8548045,0.5721762,0.57793486,0.80470455,0.23239344,0.57067466,0.17271984,0.916731,0.5908768,0.5172302,0.4128394,0.796083,0.56140673,0.26238215,0.61048007,0.12219023,0.057131648,0.14698347,0.16873601,0.91748405,0.13779807,0.08310126,0.7185488,0.3718772,0.15608813,0.60539633,0.30244863
BC2026_Train_0001_S08_20250606_030007_20,0.8756479,0.89388114,0.6707705,0.115821324,0.805024,0.557253,0.13631396,0.91293395,0.9152043,0.34573066,0.54160154,0.57555413,0.90850616,0.54530704,0.09328879,0.45895982,0.90534616,0.4146384,0.51735103,0.89483225,0.9304669,0.31620258,0.9194989,0.35932952,0.92087114,0.79941773,0.6433548,0.8936745,0.31439352,0.53064793,0.8510659,0.24921116,0.1928103,0.89795685,0.76086867,0.29256016,0.48629957,0.36795884,0.09802742,0.9735415,0.37732667,0.6528722,0.9145924,0.2197848,0.18556696,0.2070609,0.856971,0.41014588,0.21883029,0.21970609,0.89800656,0.91196036,0.9147506,0.33108786,0.40234536,0.27572215,0.24886434,0.53079987,0.4124974,0.9153648,0.994521,0.79990196,0.7037734,0.9459547,0.9789907,0.52805537,0.774088,0.9295565,0.24270049,0.5160563,0.6283387,0.3208084,0.1547296,0.8175566,0.61845034,0.33703083,0.10062194,0.439547,0.8330966,0.25180265,0.5770428,0.40320933,0.57111037,0.3653627,0.6303419,0.5983612,0.5730897,0.2967894,0.39098424,0.77025366,0.74003494,0.8363391,0.600238,0.32853806,0.75946534,0.35564655,0.14424933,0.18754548,0.26483622,0.5562375,0.38002157,0.7262547,0.27914315,0.9092578,0.88986,0.37381825,0.4667222,0.9324796,0.20481181,0.5753313,0.56232554,0.8689823,0.86558414,0.4502015,0.45267028,0.47661865,0.30512586,0.15065998,0.09088575,0.28600767,0.3307413,0.6880734,0.52054757,0.4452161,0.9330424,0.6300044,0.7166219,0.3819915,0.50884163,0.024897773,0.2156055,0.14756072,0.5106757,0.51732314,0.83292437,0.7266362,0.18761641,0.21494627,0.44457793,0.7884599,0.1142735,0.07403092,0.4297552,0.4305167,0.88628054,0.9481735,0.75048256,0.2217105,0.11509577,0.13593398,0.5219736,0.3996905,0.48323673,0.9144174,0.06276518,0.6435621,0.04673827,0.62261236,0.39848787,0.47857118,0.83851266,0.6028547,0.6317512,0.79586756,0.40724206,0.6744382,0.283446,0.5251981,0.52957433,0.5497538,0.29476872,0.3236646,0.40939987,0.39813578,0.08402021,0.9530214,0.6589891,0.6459123,0.6310973,0.54058784,0.6520858,0.103272244,0.15317434,0.32232344,0.11706805,0.29014248,0.25233924,0.55711925,0.7182441,0.83220017,0.60249484,0.5545258,0.80410826,0.19744977,0.18581474,0.22950047,0.049179815,0.5593957,0.5446279,0.34027255,0.6595614,0.8650145,0.4887278,0.38156575,0.55299246,0.97369987,0.6507001,0.84292495,0.35554314,0.40907097,0.82697546,0.451575,0.44649827,0.13083342,0.8662094,0.6004178,0.25253946,0.5428846,0.73362696,0.51088214,0.12319927,0.3519249,0.20747918,0.05948402,0.20386875,0.2310421,0.7565943,0.042212665,0.20733967,0.75791836,0.46243617,0.26218078,0.61883426,0.43397933
BC2026_Train_0001_S08_20250606_030007_25,0.9103743,0.79916114,0.4682822,0.16656008,0.8221781,0.5259263,0.36984098,0.9188696,0.9383416,0.60706794,0.6440443,0.38272923,0.94841063,0.79178226,0.20800391,0.54032195,0.81874907,0.5567714,0.7403687,0.90427715,0.98217964,0.5591023,0.95645785,0.86855793,0.9159567,0.7056085,0.55463904,0.9341063,0.4365304,0.580711,0.60143864,0.25575423,0.6569547,0.9441286,0.8334403,0.35011554,0.2758582,0.2062314,0.151571,0.88453263,0.27609774,0.7561314,0.9514462,0.23219492,0.17069477,0.19680792,0.45360595,0.5328847,0.46985304,0.4761564,0.9516715,0.9506953,0.9482026,0.25745776,0.5304941,0.38148296,0.3388213,0.7624057,0.5181334,0.93847334,0.93630195,0.8356186,0.73375416,0.89372087,0.9707049,0.8739773,0.7000321,0.9784212,0.37210917,0.7677927,0.5715105,0.27514702,0.31017408,0.59508157,0.65909374,0.3727981,0.10606229,0.34837252,0.81683207,0.31314594,0.6015314,0.24339862,0.56759447,0.43938065,0.65967655,0.7064209,0.54165876,0.22426665,0.62013173,0.70916903,0.79152775,0.8983699,0.7597271,0.16532345,0.6185006,0.27902743,0.1531674,0.29766417,0.09960587,0.6066259,0.30360064,0.63581383,0.4522934,0.9887693,0.9500833,0.38850355,0.6345391,0.8147055,0.16572112,0.61299396,0.65839374,0.87717193,0.8856806,0.43677598,0.36558676,0.4801246,0.32691342,0.26704118,0.08349331,0.37674278,0.4748721,0.7285043,0.6761246,0.32917854,0.95185935,0.5628279,0.8314487,0.6173972,0.7284589,0.053756475,0.1409488,0.16796952,0.70857203,0.49739516,0.878382,0.7139226,0.21923181,0.45712245,0.53898853,0.5403194,0.048369203,0.045172617,0.52265,0.34047455,0.90255976,0.92346394,0.64070666,0.3463263,0.14962344,0.1883564,0.6783644,0.6675035,0.59831285,0.956535,0.18628806,0.778034,0.16438466,0.8038243,0.3977843,0.38206932,0.57400006,0.64834094,0.81177914,0.8377859,0.51105374,0.41834456,0.26483876,0.43783695,0.4862623,0.47049278,0.40649968,0.28111458,0.38704282,0.43600315,0.09479254,0.98785365,0.72790575,0.65318286,0.7953466,0.5995542,0.6077557,0.08595404,0.1848464,0.2673875,0.07936725,0.24556284,0.3829604,0.6320046,0.7946707,0.83189297,0.63246036,0.57357013,0.8993565,0.29087806,0.25498357,0.33549887,0.110943645,0.76508296,0.5342368,0.56734216,0.8430167,0.84184706,0.6101395,0.34145695,0.7576904,0.95415854,0.7635112,0.9424137,0.21378388,0.55727255,0.79084253,0.6762109,0.38049644,0.18854892,0.98215175,0.76856095,0.24001753,0.49068177,0.81004584,0.30713797,0.31737834,0.46274716,0.15650901,0.25220582,0.115729906,0.36498088,0.8195803,0.057681665,0.13676225,0.8008404,0.6196023,0.3019964,0.74749804,0.6849698
BC2026_Train_0001_S08_20250606_030007_30,0.8195118,0.90100324,0.6178032,0.36685866,0.7968676,0.577019,0.60868895,0.934201,0.96414363,0.6596924,0.8451852,0.39453232,0.892998,0.7399621,0.38906783,0.7056209,0.7866918,0.5822257,0.5845926,0.92097664,0.9169781,0.51039535,0.7750305,0.9058918,0.90153646,0.8568871,0.860694,0.9462892,0.3879216,0.6749647,0.8589053,0.6195781,0.3083704,0.9650736,0.8372216,0.4035111,0.30714357,0.3065207,0.4795337,0.9735007,0.25947753,0.7428653,0.88066196,0.6338398,0.06275503,0.075544246,0.5461541,0.6597262,0.2750506,0.29316074,0.96940875,0.8803971,0.8801451,0.27167183,0.7420169,0.5034923,0.34645972,0.6675097,0.49561447,0.8770045,0.90808886,0.90456605,0.6602057,0.848745,0.9570393,0.89021516,0.82634914,0.9624499,0.33689368,0.5775678,0.56142706,0.23014358,0.32754296,0.7571839,0.7973317,0.38771933,0.14993212,0.46481872,0.89792895,0.22186413,0.7207862,0.20085075,0.54153717,0.61056036,0.50610304,0.7446003,0.66829693,0.5125798,0.42884678,0.6595438,0.832253,0.7944667,0.75081813,0.29287285,0.73320365,0.27246773,0.509053,0.1626913,0.19465491,0.65055066,0.40967333,0.63319576,0.36577374,0.8606838,0.95443094,0.53140724,0.57442796,0.89195395,0.26592472,0.6066119,0.56575596,0.91648936,0.86708426,0.58119214,0.58143556,0.32104194,0.5950257,0.23611045,0.1495313,0.52176666,0.39684135,0.67515576,0.5163845,0.4357682,0.89013433,0.68711334,0.85050905,0.7163266,0.5120815,0.13214684,0.16187286,0.20290461,0.62531304,0.35393405,0.7517452,0.65555716,0.29918325,0.63453865,0.26402876,0.44909275,0.13672334,0.100457415,0.6661687,0.22656551,0.7962953,0.9093671,0.7010194,0.19246963,0.37057632,0.5497315,0.71685374,0.6466961,0.3717162,0.8951559,0.24767925,0.59803104,0.18042275,0.7524756,0.34118402,0.35850072,0.8399477,0.5788859,0.7780589,0.7748779,0.68641716,0.43795818,0.20095065,0.45485198,0.54843163,0.5762994,0.590363,0.17096049,0.57703227,0.501366,0.26498538,0.937874,0.77492,0.43837774,0.78802145,0.5619039,0.89565724,0.25212273,0.22348143,0.23323423,0.18811542,0.37913382,0.40902114,0.6710917,0.77908015,0.81369215,0.60482025,0.5753657,0.76969004,0.30859527,0.32878077,0.2658587,0.32829577,0.8117062,0.5407229,0.43285882,0.8421688,0.8334234,0.6087637,0.37959152,0.6141484,0.9062587,0.7338611,0.93144864,0.3944342,0.5794698,0.7276219,0.46121126,0.73482966,0.13161162,0.94990957,0.6804172,0.37918854,0.35947704,0.74540555,0.46123832,0.49035677,0.5959713,0.45253703,0.41397756,0.09478125,0.4723404,0.9358256,0.17462608,0.24765724,0.87738067,0.59828603,0.27743286,0.8995864,0.7377994
BC2026_Train_0001_S08_20250606_030007_35,0.82161915,0.7551694,0.5760639,0.23441854,0.8933439,0.55731165,0.87652814,0.972288,0.9913477,0.8023099,0.9657999,0.64543843,0.917387,0.75461185,0.61077094,0.5773767,0.87605673,0.7364614,0.72460234,0.88336146,0.9742906,0.59688014,0.90739894,0.9343647,0.9141921,0.8925983,0.48056227,0.9228307,0.26622292,0.6702877,0.6449338,0.6507416,0.7822354,0.97868544,0.9019211,0.21135484,0.12562221,0.13539776,0.15892082,0.89982545,0.12251589,0.857976,0.90905666,0.6461085,0.0649349,0.06421931,0.33309987,0.62773997,0.26158747,0.2661872,0.91027045,0.90884984,0.90512395,0.108675316,0.5294045,0.7155728,0.3239366,0.7983768,0.5842223,0.9764477,0.98539543,0.86615,0.76002514,0.97386754,0.9850447,0.94380033,0.901167,0.93613255,0.21954586,0.43848127,0.3184589,0.14244905,0.13511136,0.9452047,0.78143096,0.3618682,0.052986667,0.24256936,0.9473518,0.17318273,0.65629137,0.09991049,0.5720243,0.42602435,0.43374252,0.5105965,0.460608,0.46899432,0.2983688,0.5245736,0.84748703,0.80617535,0.6864469,0.12983455,0.67464256,0.423124,0.4474979,0.2074455,0.33577496,0.5408522,0.19026867,0.5626742,0.32613027,0.9333031,0.96708125,0.3846194,0.3402782,0.9518381,0.29499072,0.22997376,0.3550961,0.9607146,0.8193966,0.3735937,0.7347511,0.23400235,0.50631756,0.43874273,0.04769731,0.487457,0.3125704,0.59655863,0.36951628,0.44110286,0.8601841,0.66894233,0.82121336,0.6087676,0.21235332,0.12429997,0.14090522,0.47290906,0.5666983,0.38880664,0.8578168,0.7756382,0.4753989,0.56588674,0.27633974,0.64602864,0.06619665,0.08018102,0.4665947,0.16728723,0.95865655,0.90919614,0.34099776,0.18148816,0.17522821,0.4912562,0.7562989,0.55664927,0.29583102,0.71572495,0.23373634,0.6212119,0.09033744,0.62828124,0.2567476,0.2090241,0.8659279,0.5418937,0.69198334,0.701532,0.39566773,0.6283573,0.29481363,0.25913683,0.2676038,0.3032352,0.28735214,0.19236022,0.38391733,0.32958037,0.1543392,0.9466114,0.5934219,0.362266,0.5930337,0.4834245,0.6402049,0.3088968,0.17282858,0.20648754,0.1628499,0.15788534,0.17039934,0.5555188,0.5328374,0.87821984,0.48792914,0.6056564,0.84852785,0.23273638,0.1902735,0.19884089,0.14410253,0.6421658,0.43471068,0.4632035,0.48757666,0.7094215,0.68842864,0.12897883,0.31880015,0.9072219,0.71799743,0.9449457,0.26260743,0.3437605,0.519464,0.28182366,0.76355433,0.16536355,0.98381925,0.64358675,0.17311853,0.43515313,0.51354,0.3882159,0.22725795,0.54726565,0.38435674,0.12653148,0.07037559,0.22341643,0.8556386,0.28875867,0.09098682,0.75678,0.6777282,0.20283702,0.91282177,0.53986275
BC2026_Train_0001_S08_20250606_030007_40,0.882987,0.8101138,0.6250398,0.13569802,0.9249625,0.70269394,0.49411365,0.8688586,0.7359935,0.7255467,0.77140987,0.5010278,0.84366906,0.7756635,0.637136,0.6193252,0.92514366,0.90445757,0.7270578,0.91038847,0.9689845,0.6308184,0.9361714,0.89000714,0.991616,0.84791946,0.25231233,0.94636935,0.40289563,0.59827894,0.66023433,0.5123801,0.7973751,0.96121734,0.8567544,0.20807639,0.1523432,0.068240374,0.22215761,0.9487715,0.093546376,0.8647734,0.9824958,0.48309124,0.046861924,0.059451796,0.6159022,0.5634178,0.17131436,0.14913145,0.8567271,0.9960451,0.9798389,0.09332676,0.3872744,0.709491,0.3297301,0.95467293,0.65245116,0.94925606,0.99347126,0.8396783,0.7568127,0.99192256,0.9505713,0.9013097,0.7255949,0.97537625,0.23297754,0.58488286,0.41864347,0.26463622,0.096901774,0.7632301,0.60012025,0.26702082,0.08098203,0.21392265,0.9268241,0.13539444,0.73098576,0.24730644,0.51680994,0.452152,0.44244605,0.5906251,0.37727016,0.2948728,0.24665755,0.4435557,0.86664736,0.6191741,0.62975454,0.117779896,0.8463433,0.33014035,0.22639,0.2328442,0.20503041,0.30371258,0.33132178,0.44731328,0.38602668,0.945366,0.92247844,0.2709155,0.31951016,0.9541755,0.18283245,0.19407567,0.29252166,0.91857636,0.80197906,0.31823713,0.5222997,0.31044587,0.38349855,0.24337117,0.053918734,0.32393736,0.22271305,0.60259914,0.3622253,0.36447132,0.87409633,0.6682583,0.8352145,0.5638352,0.21897231,0.06886588,0.09649584,0.44919014,0.49095914,0.38775796,0.87448263,0.7378142,0.43619037,0.2891437,0.26705527,0.47153094,0.1496909,0.039714858,0.25183505,0.23233649,0.85079575,0.87499946,0.36262536,0.22497663,0.18596461,0.40987796,0.55382866,0.35927796,0.35251456,0.9146123,0.23222983,0.5474408,0.06253948,0.61248255,0.08491658,0.254603,0.8544781,0.30259424,0.69569564,0.66301775,0.38999474,0.53851616,0.19152218,0.30033147,0.28050253,0.32910836,0.23457399,0.13721454,0.2657695,0.34469363,0.10099204,0.88826907,0.60899746,0.30678755,0.6621187,0.4509757,0.6629164,0.09139986,0.1768454,0.16348508,0.16371864,0.10520214,0.27954322,0.49828082,0.7339835,0.8264129,0.4161327,0.574187,0.6607373,0.09872444,0.10008573,0.21974984,0.10547478,0.5320552,0.28794003,0.43170613,0.53622335,0.5351171,0.6411954,0.16328672,0.31223443,0.96062493,0.9363109,0.9571351,0.40419993,0.18919685,0.3577581,0.2542431,0.6964767,0.28422174,0.9920646,0.6372212,0.16878965,0.45316333,0.4095388,0.4218583,0.13826354,0.4053995,0.19946805,0.123577364,0.04567658,0.11783692,0.81438005,0.1896278,0.036198147,0.5497457,0.5955882,0.19505902,0.8190962,0.38168746
BC2026_Train_0001_S08_20250606_030007_45,0.8822887,0.85078907,0.7236769,0.28453183,0.84260356,0.45766383,0.4093563,0.9250742,0.9573644,0.5746605,0.5287899,0.6217362,0.9400721,0.6564641,0.43829942,0.7424705,0.84979856,0.8225162,0.6555539,0.8974043,0.89429426,0.6874261,0.9420707,0.66211987,0.9931277,0.8065022,0.65366465,0.8973633,0.3647791,0.7605723,0.8659055,0.6063105,0.3744853,0.8689289,0.78585887,0.32978827,0.33252823,0.23741645,0.47354686,0.99724257,0.25605726,0.79185796,0.8893036,0.6175843,0.09427576,0.10440037,0.38242257,0.5793434,0.21417752,0.16918454,0.9929435,0.8892491,0.89671826,0.2738926,0.42840034,0.74941766,0.33122766,0.9871981,0.49546236,0.96114993,0.90661275,0.9705259,0.6689782,0.8618585,0.98871917,0.8673898,0.70931125,0.87995815,0.27626383,0.68801093,0.7260312,0.51722676,0.3081374,0.83036387,0.46939805,0.34628958,0.1697931,0.36307937,0.7700007,0.17739093,0.5864453,0.25979942,0.62902284,0.15223987,0.71527135,0.79827654,0.5587166,0.32322544,0.3370034,0.44804394,0.887166,0.79556084,0.5066787,0.27486363,0.8303443,0.2585727,0.3780229,0.1281926,0.069111675,0.4715469,0.5953929,0.56990737,0.53628373,0.9714068,0.9604144,0.5145499,0.55685854,0.84659934,0.22216742,0.5216671,0.6495917,0.8553788,0.94530106,0.3951404,0.43964487,0.4936223,0.48552388,0.1558661,0.20502311,0.30826378,0.48217124,0.7666755,0.68249,0.302247,0.9346303,0.50551546,0.67854536,0.6886077,0.6232805,0.16453049,0.28653198,0.33158684,0.5850781,0.45167506,0.8301979,0.71348,0.5956172,0.50103927,0.4329064,0.5008484,0.21550834,0.100164905,0.4550436,0.33390996,0.9770484,0.86785096,0.8639249,0.51962394,0.22431856,0.41191524,0.6858283,0.563651,0.3595097,0.9826499,0.34478438,0.7770734,0.21937032,0.9089359,0.11724977,0.5477718,0.713761,0.44843704,0.66357243,0.8745432,0.6609632,0.624732,0.12234788,0.58049214,0.5282213,0.55795413,0.57013845,0.17962027,0.4138531,0.47695214,0.06926332,0.8960017,0.81934524,0.5960214,0.8632859,0.46875322,0.8464589,0.19818327,0.44615626,0.24850768,0.45015258,0.22855988,0.4492195,0.71055675,0.7484503,0.72312474,0.5574998,0.67249215,0.69634926,0.27026945,0.2710814,0.3054276,0.1686315,0.5195756,0.3123858,0.26323098,0.8186381,0.7908921,0.473688,0.46651316,0.69127476,0.94974613,0.78595304,0.88045144,0.32317233,0.30602026,0.4941262,0.5858603,0.54675174,0.20636097,0.9710736,0.7698643,0.43190527,0.50754905,0.65847087,0.43632597,0.33697903,0.5594814,0.10033023,0.31091517,0.13736525,0.21394193,0.89940864,0.33256143,0.1082206,0.6535975,0.58522296,0.30948156,0.80681676,0.7128141
BC2026_Train_0001_S08_20250606_030007_50,0.86237216,0.8494661,0.44374064,0.16792949,0.8445135,0.48422873,0.67395043,0.8767599,0.977338,0.6135879,0.68834955,0.47189182,0.93987614,0.55885875,0.41075546,0.5450604,0.7714672,0.46635133,0.5753932,0.67714584,0.8740877,0.53632796,0.7302147,0.76404905,0.93792105,0.77512616,0.48493898,0.89134175,0.34263486,0.7139877,0.83870304,0.57860285,0.8116636,0.91962135,0.81706995,0.4424473,0.28517923,0.26444975,0.2503298,0.96508235,0.21389508,0.69004864,0.93537366,0.550514,0.08497368,0.09243369,0.6227393,0.70850086,0.34286064,0.3237718,0.93146205,0.9354038,0.93773854,0.1985262,0.75984484,0.6496928,0.30574983,0.77347267,0.3250221,0.88023454,0.8468913,0.92777467,0.587716,0.9689342,0.8367628,0.8478633,0.54338765,0.88713574,0.3693158,0.5753672,0.5429989,0.31270322,0.23765266,0.8996718,0.67571366,0.39273953,0.21258542,0.2769117,0.7641245,0.10496516,0.6646408,0.16666785,0.5292991,0.21017559,0.5977085,0.74755514,0.33162355,0.33958852,0.4242741,0.40953863,0.79613376,0.9128212,0.51783913,0.2220241,0.59218985,0.5589498,0.40630138,0.048237048,0.119249836,0.5495539,0.41135842,0.61367416,0.6388016,0.9066324,0.96819556,0.44123852,0.44109726,0.87382317,0.14986438,0.41009432,0.6817758,0.9007122,0.8085252,0.3907761,0.5443414,0.41004825,0.30250555,0.16475305,0.113154635,0.37278038,0.4409371,0.78370476,0.5672649,0.30598658,0.9709834,0.5726262,0.78695416,0.72392994,0.56897813,0.11035245,0.28860366,0.28049785,0.5849504,0.40285856,0.7958355,0.53232604,0.3468479,0.6037875,0.33982766,0.55742335,0.13615046,0.07945834,0.44239232,0.26261014,0.941954,0.88790405,0.66949797,0.37682414,0.13641213,0.51693827,0.680807,0.5645364,0.2369943,0.900633,0.3613444,0.67926276,0.1557903,0.77586055,0.3087227,0.45732898,0.5402452,0.3051238,0.7371878,0.8201616,0.6166464,0.45352566,0.24844772,0.44264656,0.4698483,0.4486535,0.5259336,0.17829278,0.48191643,0.53701985,0.05680356,0.94514155,0.7086648,0.5460899,0.8093033,0.6223242,0.71752346,0.42089403,0.28510708,0.19132188,0.39094266,0.25223532,0.407851,0.549045,0.646809,0.85764134,0.35482496,0.6902263,0.8269552,0.3298164,0.26448727,0.33434218,0.1633887,0.64780164,0.36020494,0.44397727,0.79298484,0.78782856,0.6148909,0.3960383,0.6463797,0.9250231,0.7760538,0.94045126,0.2149351,0.33374518,0.4429385,0.53445596,0.2825507,0.30275714,0.94294417,0.7058375,0.27284265,0.5455916,0.56205297,0.30456737,0.3520186,0.4324547,0.102930576,0.14196394,0.06801775,0.28513238,0.7761785,0.19133818,0.077747166,0.68403184,0.5581207,0.29003343,0.763993,0.8086386
BC2026_Train_0001_S08_20250606_030007_55,0.9605235,0.77047765,0.5641805,0.25506237,0.89591587,0.7004162,0.5099058,0.9569161,0.77633756,0.59145665,0.76659405,0.5448431,0.9738271,0.71081984,0.6071474,0.6518508,0.8218279,0.6381085,0.6931286,0.7355933,0.95223224,0.6246456,0.7621864,0.79400253,0.9524508,0.8500612,0.65544665,0.93741536,0.42182267,0.68178284,0.79781264,0.31880563,0.71994555,0.98862237,0.88826525,0.1500344,0.21279882,0.14444986,0.0899857,0.82996285,0.097105056,0.6988015,0.9989337,0.29990637,0.05285629,0.05751499,0.57424206,0.56195104,0.23397323,0.2205762,0.91239476,0.98828214,0.99888897,0.087395236,0.43055373,0.68403435,0.34459767,0.7411518,0.6172064,0.9311551,0.90044475,0.9465947,0.6384698,0.9366485,0.862594,0.8804314,0.5331553,0.9557133,0.47221196,0.6767813,0.38854706,0.4042517,0.25577384,0.8022716,0.58762294,0.17731595,0.14940155,0.24947082,0.86693096,0.16535136,0.7251276,0.18665463,0.42306173,0.40473866,0.4089656,0.6020329,0.31499112,0.2248289,0.3952941,0.45241225,0.7738185,0.94491863,0.5361128,0.12892611,0.5331975,0.62880886,0.4654714,0.039295234,0.32375193,0.47921413,0.4356683,0.49259752,0.41950655,0.90574086,0.92256606,0.31053767,0.56853664,0.9621799,0.23655948,0.29177603,0.65325046,0.9314637,0.8883079,0.4021796,0.3608142,0.32000786,0.45319477,0.19428736,0.13281825,0.39985335,0.26468647,0.6850083,0.45645848,0.42315975,0.9132376,0.71971726,0.8123646,0.6535015,0.35418504,0.059097167,0.26623097,0.45401925,0.5012245,0.47056144,0.8254253,0.7178743,0.1921472,0.30801678,0.3210852,0.38577628,0.07859796,0.08562593,0.34198338,0.2312356,0.8276732,0.9425287,0.65810406,0.23390898,0.050354093,0.48363537,0.698666,0.5336671,0.29160434,0.94291234,0.18620646,0.72395873,0.062119495,0.68587184,0.14250013,0.40652817,0.3987183,0.24864417,0.68835735,0.63497853,0.6511607,0.6105631,0.24710853,0.48379362,0.4975049,0.52226794,0.63256717,0.15353703,0.29923388,0.55172825,0.12905523,0.97954416,0.7720312,0.46521842,0.7112391,0.64195,0.6995075,0.31167686,0.17072958,0.25268087,0.09700021,0.22491482,0.47576377,0.6637548,0.55564195,0.8502272,0.47548646,0.6284212,0.8223217,0.11282655,0.16317798,0.2669277,0.22928108,0.72706425,0.46951574,0.541979,0.7057104,0.5785037,0.70228136,0.36872673,0.48262626,0.95906997,0.79699385,0.98505473,0.39585888,0.23578253,0.34492898,0.42903483,0.462939,0.31366616,0.95685416,0.7402996,0.16260552,0.3617593,0.44242063,0.34505373,0.22604853,0.5870958,0.21834303,0.039012916,0.042329833,0.30061328,0.7294222,0.22777122,0.062484123,0.6732595,0.6164488,0.2562958,0.70405793,0.72216344
BC2026_Train_0001_S08_20250606_030007_60,0.87275517,0.5668,0.8342042,0.26726207,0.8651204,0.859449,0.38100022,0.9559369,0.94265807,0.40988863,0.6867008,0.90800416,0.9738847,0.9125646,0.39984494,0.73375726,0.7250513,0.91968954,0.81502914,0.8585563,0.95278525,0.69331264,0.88114876,0.67059165,0.97867304,0.8797291,0.79871386,0.8493986,0.7245685,0.98070854,0.56024456,0.37986314,0.13100229,0.91541827,0.85869825,0.68018675,0.26257867,0.24046746,0.45203084,0.9229144,0.35472265,0.8191796,0.8654567,0.36780506,0.061899815,0.03003981,0.50900674,0.3417045,0.47177505,0.4616046,0.9264029,0.8652986,0.8624174,0.3637957,0.3123904,0.41145694,0.2072069,0.99840903,0.9046625,0.9528002,0.9399106,0.9124224,0.49859017,0.99527514,0.995172,0.81868774,0.6472752,0.9351577,0.3195024,0.8541417,0.4165058,0.86853343,0.31612915,0.7212162,0.61666477,0.1669257,0.08574517,0.437843,0.87624955,0.15404454,0.6230887,0.07746184,0.3827018,0.37021664,0.5394576,0.3015162,0.73243856,0.2258519,0.53568375,0.35132495,0.83316976,0.9589823,0.4222052,0.1311239,0.6470039,0.19363692,0.6303,0.04253167,0.07142041,0.4098248,0.5885996,0.37917364,0.18566924,0.8628615,0.9453964,0.41574043,0.4187248,0.81959105,0.058909163,0.2513336,0.42885333,0.8361522,0.70562565,0.09488967,0.34025377,0.25678957,0.71078706,0.14473525,0.20284316,0.14459383,0.58149886,0.74364597,0.24946716,0.31221238,0.8970502,0.78893745,0.9097292,0.4763187,0.46090615,0.18504792,0.58250934,0.5042602,0.43370232,0.29230368,0.42855912,0.7861781,0.41266155,0.2442719,0.33255845,0.43812847,0.22163667,0.07281326,0.2910848,0.110690996,0.92177105,0.97076,0.6272042,0.038536165,0.036762487,0.31025356,0.544835,0.7785635,0.5849198,0.7537936,0.11975188,0.6071459,0.108256,0.6380513,0.032910418,0.33709145,0.9099332,0.47408164,0.28729558,0.22452325,0.40459353,0.58249176,0.19666645,0.5770152,0.21662393,0.64605355,0.4752455,0.043632083,0.119844094,0.44086564,0.1189309,0.9918771,0.8247864,0.5627396,0.36858022,0.76816857,0.5484718,0.07186463,0.22177209,0.24382551,0.063432336,0.045392916,0.27897656,0.61887413,0.44837546,0.72654974,0.532164,0.59694886,0.87983537,0.051731914,0.3372364,0.26635793,0.27572376,0.653026,0.44713557,0.18641381,0.48092648,0.5422513,0.42510176,0.5123848,0.44632822,0.89303815,0.6767975,0.89841413,0.4750079,0.42859793,0.56535274,0.426151,0.6009848,0.13747784,0.9107648,0.5825523,0.060733587,0.32378566,0.43122524,0.2868328,0.31553227,0.47683352,0.16303697,0.06067267,0.10566808,0.29652172,0.5809448,0.1916197,0.15322375,0.72233045,0.42880028,0.5210729,0.5722409,0.36849862
BC2026_Train_0002_S08_20250607_030007_5,0.847794,0.6821517,0.73994374,0.18691121,0.9463476,0.46721572,0.25457966,0.85429597,0.4966163,0.22226085,0.7927711,0.8694978,0.7550577,0.67721057,0.13136353,0.43327582,0.9682542,0.38622993,0.81057245,0.316126,0.7972206,0.52293587,0.6820704,0.5501113,0.9676839,0.9492998,0.7375093,0.8411745,0.101655856,0.9718032,0.9559797,0.5593431,0.8497098,0.82715607,0.93796074,0.52820075,0.18785644,0.34425837,0.35100663,0.9404186,0.32745603,0.53918517,0.96830285,0.55809236,0.16853592,0.19635159,0.30717063,0.7935702,0.54442155,0.5505084,0.87920856,0.9712775,0.9713093,0.2881046,0.2606539,0.73312414,0.41643476,0.67656493,0.6672642,0.80590284,0.72901726,0.94855803,0.9752866,0.9768522,0.77300763,0.71355075,0.4580481,0.8131385,0.08048271,0.8890214,0.66217875,0.3794443,0.08870742,0.6668867,0.33152586,0.21981454,0.44581667,0.15116517,0.027625252,0.118242666,0.7017019,0.07795667,0.5444756,0.31227583,0.14493491,0.59531075,0.7954943,0.20615685,0.12896946,0.2811377,0.6402291,0.59399945,0.19301674,0.033959232,0.27088895,0.6273688,0.13128105,0.0554364,0.070725374,0.3558163,0.67362094,0.5847113,0.62860537,0.83740497,0.9172319,0.04054375,0.6399678,0.6563977,0.044947416,0.22612855,0.4866168,0.72790873,0.8016573,0.21013415,0.6456901,0.18970498,0.42358083,0.24752629,0.31477332,0.17501596,0.5778511,0.50693846,0.59567004,0.06294458,0.946604,0.22673821,0.4156324,0.5300455,0.38905168,0.10276279,0.41093916,0.30541816,0.26635468,0.18044245,0.27221912,0.7543647,0.52124953,0.5342041,0.7018361,0.9618604,0.15930796,0.1969006,0.7624387,0.054601498,0.95142454,0.55494285,0.7173629,0.036413208,0.210619,0.08170015,0.66799974,0.34791297,0.19504324,0.4986027,0.07301874,0.40072548,0.0464265,0.37086067,0.11070609,0.5646397,0.89142144,0.37857902,0.31206802,0.88398063,0.5105548,0.35017124,0.06998708,0.12084812,0.8113345,0.46881425,0.016539585,0.34967154,0.39974767,0.70598936,0.23305532,0.7815305,0.8923416,0.6743444,0.48168814,0.7455958,0.543925,0.1562621,0.70971763,0.26118404,0.21084075,0.23764098,0.6964127,0.67168856,0.41722447,0.762066,0.7681756,0.22216901,0.31673712,0.36532402,0.3989482,0.11084676,0.36172396,0.5312769,0.13246472,0.2545253,0.8551198,0.8524239,0.53939223,0.4607588,0.76353544,0.58338016,0.7513559,0.9016353,0.04384671,0.16098556,0.30126113,0.13339324,0.2424172,0.6238745,0.9026469,0.724663,0.19733453,0.6078583,0.6839881,0.5440148,0.5276974,0.88724947,0.47622293,0.05655691,0.515551,0.54352295,0.930598,0.12847894,0.16509065,0.34915358,0.51686466,0.11300875,0.37315643,0.9399462
BC2026_Train_0002_S08_20250607_030007_10,0.92144275,0.8270427,0.8689089,0.46126235,0.9611708,0.75408113,0.54915416,0.8883432,0.73179257,0.39434534,0.8773622,0.9449854,0.7868221,0.8971834,0.4688024,0.54854774,0.90385294,0.82269895,0.7307186,0.5960219,0.91926134,0.62055767,0.8287567,0.7887603,0.95002425,0.9721613,0.8359246,0.9530759,0.54505324,0.98093426,0.9541982,0.5050297,0.6159958,0.8763534,0.9679313,0.34927717,0.0747944,0.13230295,0.49601597,0.9673338,0.47916853,0.76478744,0.99177134,0.52953243,0.14429484,0.1610039,0.4854796,0.7310815,0.15770873,0.13798666,0.8871763,0.99246764,0.99177444,0.47523656,0.2817631,0.7839701,0.57194424,0.86616564,0.7994932,0.876783,0.83880234,0.9729682,0.5631474,0.9854705,0.8225026,0.6059587,0.8885187,0.8081533,0.06462084,0.9385344,0.64591074,0.64227164,0.18207693,0.5120521,0.94080365,0.32907307,0.32768017,0.1587863,0.15078786,0.41902804,0.7626241,0.110134855,0.5427485,0.3522917,0.30467224,0.8486562,0.7105799,0.1943017,0.19463515,0.27334803,0.5106166,0.6978167,0.4075427,0.1287481,0.46691024,0.6256043,0.08527997,0.03062668,0.07809762,0.26364678,0.6582316,0.38187158,0.6025803,0.8750193,0.9597465,0.04238069,0.64520293,0.7654519,0.04441292,0.31258553,0.43007445,0.76816297,0.68739104,0.3146723,0.6124791,0.1262675,0.4115743,0.1614111,0.48686618,0.27195692,0.33385482,0.38842988,0.6096109,0.2472106,0.9738412,0.34007964,0.6245209,0.73015463,0.43091255,0.17916536,0.38411826,0.41955262,0.53909135,0.25404572,0.4024238,0.79521656,0.29216546,0.5019018,0.4358263,0.71206784,0.24739084,0.20028874,0.70847654,0.10649156,0.94894946,0.6936518,0.80463004,0.11688915,0.36235118,0.19439653,0.6679615,0.4993325,0.19090477,0.56085104,0.08521226,0.26853886,0.09352237,0.76196545,0.1595494,0.61842334,0.6423874,0.43102175,0.4723088,0.91951746,0.7192732,0.26128733,0.054363333,0.17766419,0.744038,0.57820123,0.046679832,0.17827863,0.56780535,0.53670514,0.20422265,0.8121393,0.8053969,0.6272224,0.428024,0.7279817,0.61333466,0.19440621,0.583416,0.3634842,0.09146388,0.29750615,0.8575716,0.69429827,0.53141904,0.68686175,0.6051065,0.19001395,0.38521057,0.27627957,0.22961521,0.17142862,0.3080263,0.69004,0.1167108,0.25310868,0.8791168,0.62352073,0.6912664,0.34447926,0.5869035,0.5985955,0.8909402,0.8977592,0.10461308,0.50505054,0.33067074,0.33701438,0.7153239,0.53676164,0.92785037,0.59058785,0.3448671,0.46918675,0.5373442,0.42999166,0.5902066,0.76222396,0.21820024,0.11288567,0.27789912,0.5241157,0.8957597,0.24702333,0.2578001,0.2611919,0.5464446,0.37517703,0.41287363,0.93134093
BC2026_Train_0002_S08_20250607_030007_15,0.9304893,0.93691826,0.6149514,0.46518055,0.895129,0.83066356,0.6010946,0.6760392,0.5682306,0.28404364,0.84619415,0.77006483,0.848328,0.8944782,0.6578438,0.55061364,0.86932945,0.51442695,0.67111385,0.7328062,0.89919376,0.57472646,0.80418015,0.5164643,0.9254893,0.9470018,0.86458,0.82510686,0.45535785,0.9335613,0.9842237,0.66565824,0.3798523,0.7024325,0.90435517,0.5339519,0.32353035,0.3993402,0.59736824,0.9294933,0.49991158,0.53104544,0.9293951,0.6864148,0.14986324,0.18229368,0.2806609,0.72528434,0.041681543,0.04152544,0.94458306,0.9322177,0.9323888,0.4597697,0.58578396,0.73199797,0.8456396,0.56463397,0.48635542,0.8285898,0.6864277,0.9134201,0.52083457,0.9122423,0.7354144,0.34388936,0.6283417,0.83250904,0.087899506,0.92726934,0.8854124,0.75296664,0.18547344,0.38385493,0.49583423,0.45313284,0.39631468,0.3316104,0.38784856,0.4626044,0.80304575,0.46615392,0.47061452,0.5750803,0.3777548,0.8743619,0.77214015,0.48773152,0.46934116,0.44574007,0.46678454,0.89778626,0.6154282,0.13876766,0.5301951,0.5494868,0.19663718,0.06678439,0.15666601,0.18594398,0.9804341,0.31801838,0.7041987,0.97336984,0.89545643,0.08832458,0.87920934,0.67826986,0.13085574,0.71043754,0.46285668,0.6336986,0.9047961,0.60359967,0.73163223,0.22599474,0.4836275,0.07199358,0.22995201,0.27528983,0.23228651,0.33947277,0.6898942,0.23950851,0.8714142,0.3015775,0.5853229,0.6536596,0.51136035,0.24916676,0.15566283,0.37282795,0.75428665,0.3896268,0.4679744,0.64288175,0.08913888,0.6006875,0.47221768,0.54796445,0.30753365,0.22261614,0.7688267,0.15625331,0.9303566,0.78516614,0.9001515,0.123064086,0.24879009,0.24564272,0.63772714,0.6283771,0.4571037,0.7010528,0.18497482,0.35178375,0.17819396,0.854789,0.2734661,0.6579404,0.7142106,0.7016984,0.6181042,0.9337609,0.814962,0.45127594,0.0509234,0.28645372,0.8882214,0.6895765,0.17780432,0.24104145,0.5740179,0.7626133,0.32515508,0.8444603,0.7900659,0.75388646,0.5972354,0.6730732,0.6814692,0.3909577,0.7560164,0.74079,0.22711374,0.34096467,0.8339497,0.6460105,0.8172114,0.6401379,0.45917833,0.26190728,0.3953706,0.3481972,0.40189373,0.44309774,0.38350248,0.7812136,0.17815709,0.26620176,0.9409933,0.5954,0.72077346,0.61808324,0.6240715,0.67375135,0.8866533,0.89334416,0.38176143,0.48554736,0.5347188,0.3813172,0.6921431,0.41294736,0.8335481,0.580053,0.4585774,0.30327445,0.6973822,0.58537775,0.79319644,0.92568237,0.3349545,0.15343913,0.41093317,0.7052361,0.96593755,0.2757178,0.2553355,0.4667871,0.33281225,0.42463177,0.53825784,0.9509219
BC2026_Train_0002_S08_20250607_030007_20,0.95806706,0.9035048,0.4629408,0.64505994,0.90773153,0.7525302,0.45825,0.5465348,0.7793918,0.3039896,0.8076967,0.76807773,0.7140007,0.67763543,0.39291167,0.59632266,0.8407055,0.5058431,0.5483147,0.5046482,0.898028,0.23485199,0.60794616,0.57469755,0.8748826,0.9456271,0.83114755,0.8785756,0.1343995,0.96463877,0.96486485,0.464356,0.74222445,0.8250526,0.86971366,0.15829635,0.2854945,0.36718464,0.3273469,0.8031417,0.62668365,0.45115703,0.9522108,0.4988609,0.12894382,0.151357,0.62781,0.5984795,0.07152356,0.07689599,0.98454374,0.9548264,0.9573044,0.57703435,0.33885562,0.6463226,0.67066646,0.7646427,0.465924,0.9389919,0.55740774,0.84432733,0.71309304,0.86437917,0.72574365,0.31218213,0.49842396,0.82666254,0.1172906,0.9398772,0.837872,0.5885216,0.21231285,0.5210264,0.49347588,0.5973932,0.50327253,0.3394568,0.17757261,0.43902406,0.6837307,0.43583238,0.6294328,0.45782757,0.29077378,0.8448092,0.6177002,0.38448435,0.30751842,0.38926095,0.58873266,0.58323836,0.44846976,0.07149934,0.23506606,0.54787683,0.2414693,0.093262985,0.15146232,0.20545402,0.99284244,0.42290974,0.6075183,0.89697146,0.8402711,0.062434945,0.78803897,0.7827369,0.06618958,0.6274346,0.44067156,0.46651673,0.73551404,0.54045886,0.70363855,0.3491187,0.2738229,0.094894975,0.3651427,0.24744187,0.28472954,0.39657336,0.77676964,0.30582443,0.8374836,0.30935958,0.41984186,0.58143157,0.63027036,0.14695337,0.25112247,0.28382435,0.7117908,0.25260985,0.6411051,0.88610375,0.18969882,0.7553812,0.6387917,0.7941536,0.27013642,0.15548858,0.69000447,0.13822806,0.8788714,0.644724,0.7787391,0.20895368,0.07430895,0.08381134,0.7598475,0.4235072,0.4152671,0.55484605,0.08264898,0.36797637,0.36913985,0.7448242,0.23661633,0.48830992,0.3708881,0.49735302,0.5693624,0.84816515,0.6381934,0.27373815,0.079380214,0.42529833,0.9333344,0.5881903,0.09745515,0.49665415,0.6863456,0.78453326,0.33713746,0.85845256,0.7988212,0.877799,0.34116143,0.49080664,0.33094007,0.23713493,0.8111162,0.81980956,0.3246749,0.36813557,0.7879119,0.5112212,0.7726071,0.6585089,0.428837,0.15042536,0.42036688,0.45730942,0.3373583,0.30296725,0.34065235,0.71956766,0.19168088,0.31251174,0.802011,0.9221401,0.74636114,0.56226844,0.6560337,0.40189898,0.9018799,0.7854172,0.28132468,0.29350704,0.55835754,0.3392645,0.31242782,0.5906248,0.87453914,0.5953883,0.5252777,0.35342294,0.8754297,0.43497634,0.61695457,0.97059596,0.2831744,0.17887488,0.4608088,0.63190687,0.92352885,0.17032868,0.13107485,0.55526245,0.38454396,0.27129298,0.29958916,0.91659486
BC2026_Train_0002_S08_20250607_030007_25,0.9685539,0.81612766,0.26049778,0.5523432,0.950438,0.74380094,0.729347,0.7661612,0.81359196,0.41363662,0.74622285,0.5545978,0.7492051,0.80053437,0.24100353,0.6896962,0.8366239,0.41739473,0.80666757,0.60926515,0.8817395,0.55695,0.80094445,0.92958033,0.85958016,0.8825296,0.79383904,0.80235684,0.068243876,0.819206,0.81941503,0.7798505,0.55426604,0.9084364,0.9739529,0.7182861,0.21283749,0.15693635,0.44968653,0.9058391,0.5668298,0.7974013,0.9537222,0.78703237,0.20036831,0.18427102,0.21766052,0.6329223,0.099482715,0.09264535,0.8534554,0.9513544,0.95154345,0.5383821,0.3048247,0.59666336,0.45917422,0.9792162,0.6456132,0.9370323,0.5819394,0.8433278,0.743097,0.845504,0.68391466,0.7981261,0.5892879,0.9313911,0.070786916,0.8000072,0.5731065,0.6803616,0.23343316,0.7488016,0.38248444,0.5704526,0.57640105,0.13408808,0.20204177,0.5156776,0.5641279,0.14109898,0.69428647,0.5941744,0.24739613,0.8280386,0.79193413,0.39072108,0.31915122,0.2514091,0.6383461,0.5481049,0.4894252,0.073467635,0.27342266,0.642715,0.19533926,0.22905007,0.15689406,0.16359872,0.75817573,0.36671156,0.8006656,0.96241856,0.8171985,0.08975358,0.5435221,0.6070124,0.061597027,0.41042215,0.3804121,0.5859442,0.7535958,0.48062634,0.5039103,0.13562286,0.38446832,0.26797915,0.5618583,0.31607568,0.4476831,0.38565975,0.64793944,0.28186202,0.8978988,0.32957345,0.3141474,0.6154152,0.7779468,0.18092069,0.10787493,0.31216988,0.6911503,0.11619594,0.50817764,0.9397112,0.51539516,0.74364805,0.4940635,0.95756435,0.3759781,0.10450591,0.4887759,0.22093524,0.99885565,0.4625827,0.58199596,0.11172114,0.03341347,0.0813413,0.7728779,0.14928813,0.358885,0.5336894,0.038428854,0.31331885,0.20457187,0.6753708,0.101807356,0.5431799,0.6361781,0.22437756,0.5133064,0.81550777,0.5953131,0.16562968,0.11018917,0.62030053,0.87740034,0.42711347,0.0851087,0.35739976,0.55037427,0.5679642,0.44607395,0.7975044,0.6203793,0.8131175,0.20826621,0.39520478,0.2700463,0.41289496,0.8139074,0.5274939,0.6097995,0.30677313,0.7137257,0.41479766,0.6419511,0.69683444,0.47786474,0.29324943,0.31361002,0.46543354,0.20208794,0.114848875,0.20311657,0.7368851,0.116047435,0.33016813,0.65309083,0.79254055,0.73410153,0.3517397,0.47908336,0.3006802,0.94168144,0.8223314,0.17584652,0.24203785,0.593764,0.41423422,0.33207828,0.63458335,0.9682622,0.55943334,0.45808837,0.29979736,0.7733606,0.38271075,0.51448345,0.93865037,0.20461021,0.25541645,0.24665272,0.52907693,0.8665849,0.18836308,0.14794543,0.3758549,0.3310377,0.37338132,0.37329417,0.9157351
BC2026_Train_0002_S08_20250607_030007_30,0.92732537,0.9328151,0.25530276,0.503422,0.9095361,0.5497047,0.7532885,0.6357062,0.8742678,0.47124398,0.85901517,0.67626727,0.814986,0.8867254,0.50092214,0.7478031,0.85880595,0.60628307,0.79802656,0.4524389,0.9469291,0.45453876,0.70032465,0.7850764,0.90493894,0.9243239,0.8696223,0.8074477,0.1371774,0.79000926,0.99650705,0.61180615,0.67732716,0.81069267,0.9447831,0.30396265,0.15713681,0.21925011,0.4434579,0.83859813,0.5307246,0.5855178,0.9757303,0.61375296,0.218443,0.19616988,0.38941664,0.6977949,0.13290215,0.11471395,0.99880683,0.97578645,0.9788857,0.5085163,0.37720743,0.5689336,0.61455274,0.9000876,0.46187186,0.869987,0.5720117,0.87835515,0.81065154,0.85119224,0.6513307,0.5479536,0.6212392,0.9134579,0.07392069,0.8212848,0.7209662,0.6943613,0.4204979,0.57143736,0.22167829,0.4726557,0.42990863,0.25447237,0.27201197,0.3971064,0.75157475,0.1308034,0.56803805,0.5921868,0.22772121,0.85093933,0.7451191,0.26901627,0.39753807,0.46890372,0.45512208,0.86902934,0.33315864,0.04740748,0.20114228,0.67302084,0.13832304,0.14154372,0.34900987,0.31415266,0.8683075,0.38343817,0.713536,0.98418725,0.8767368,0.10545042,0.7379768,0.77402794,0.16983834,0.5470977,0.5469343,0.6562712,0.84884155,0.5975219,0.67265284,0.20444795,0.39437497,0.123817325,0.23998052,0.39434218,0.35632968,0.5226086,0.69360244,0.3222859,0.91521764,0.506876,0.36767447,0.70116127,0.8246199,0.23698643,0.1948133,0.43089134,0.6856545,0.14880547,0.5786105,0.7993581,0.3892721,0.7081237,0.57441854,0.9715402,0.31849152,0.26397413,0.6477214,0.30358958,0.88601136,0.6646758,0.7102026,0.22935204,0.061184857,0.17688274,0.780218,0.2788921,0.3503018,0.72470105,0.07951282,0.56328374,0.21210155,0.8171418,0.26954943,0.50810736,0.5562055,0.41774416,0.6807505,0.966835,0.7087513,0.40392274,0.09447563,0.34636337,0.9417029,0.46737838,0.2512875,0.2962581,0.72860515,0.71575,0.3244939,0.9212599,0.7717694,0.84175795,0.5022738,0.4620096,0.4714431,0.5431478,0.71981823,0.54897535,0.4596132,0.35573745,0.6346307,0.42033505,0.5967165,0.7584485,0.5745549,0.46168128,0.4559163,0.484951,0.3192975,0.20902422,0.25423652,0.8182682,0.1283172,0.18727484,0.91890055,0.6637536,0.7350751,0.46776754,0.591931,0.6396562,0.8816651,0.7725475,0.17354292,0.38726133,0.49002248,0.56233746,0.2887629,0.31372958,0.92977077,0.6897511,0.42257458,0.28807518,0.81651616,0.5554306,0.7420906,0.97189164,0.22386536,0.39677083,0.28695238,0.5135154,0.92007244,0.21535775,0.12069242,0.48866057,0.519632,0.2621076,0.40402418,0.952613
BC2026_Train_0002_S08_20250607_030007_35,0.9712203,0.8279496,0.369698,0.32749596,0.9482785,0.73420703,0.602252,0.74547076,0.6675594,0.2818333,0.8311709,0.7658967,0.61006474,0.8845546,0.42545372,0.7330458,0.94098115,0.5008285,0.6575961,0.48671073,0.93818116,0.25448447,0.7226498,0.84382665,0.9239646,0.9874626,0.7122351,0.888118,0.11636898,0.8445195,0.97353625,0.7948295,0.39763534,0.7691208,0.9375601,0.6175815,0.16325057,0.2585089,0.583408,0.8857282,0.45441884,0.7900938,0.93367076,0.80484384,0.14214087,0.12202592,0.35312194,0.6502874,0.10291002,0.107481554,0.9547856,0.9308371,0.9309225,0.40924042,0.4985482,0.8044903,0.74924564,0.6348232,0.45681518,0.89700484,0.6523242,0.9037552,0.696383,0.84277666,0.78857064,0.6842214,0.40022594,0.9341409,0.17839816,0.8456365,0.66739666,0.6060239,0.17926854,0.4024014,0.112519786,0.40539944,0.52718544,0.18032056,0.24033597,0.3427605,0.69242823,0.27523822,0.41309953,0.6083092,0.23751003,0.8017131,0.63504755,0.35935432,0.29979163,0.4529997,0.59711367,0.5578245,0.4867701,0.04046946,0.22082278,0.6629921,0.30053902,0.15440863,0.2962924,0.20565665,0.7795506,0.42814493,0.42187023,0.86602354,0.9524407,0.073373824,0.7230084,0.87400407,0.14953811,0.3639507,0.37177634,0.6445753,0.6288531,0.43597206,0.5616388,0.1713013,0.56487393,0.26524353,0.112761185,0.22717851,0.30721557,0.3251895,0.7642567,0.27714244,0.9534085,0.47972393,0.5288073,0.5189699,0.45639896,0.26322794,0.21979326,0.6154869,0.811718,0.20045808,0.39469916,0.7456306,0.19977632,0.61984277,0.4224382,0.7404543,0.2574799,0.17955965,0.6200415,0.12672408,0.8746474,0.7981459,0.5606636,0.08980928,0.09106372,0.20314828,0.87066364,0.26566422,0.40002924,0.6739888,0.05653619,0.51018554,0.22559202,0.63381493,0.3226105,0.4745944,0.4935698,0.50114,0.6673306,0.92989045,0.8655784,0.34066418,0.064860746,0.27102166,0.81483495,0.3087579,0.09124504,0.26961207,0.6451553,0.73928535,0.3317753,0.88031745,0.7912419,0.68531466,0.5920379,0.54984474,0.23752859,0.3320951,0.7453313,0.81471753,0.36352444,0.2916865,0.71220326,0.47387302,0.50308686,0.64176834,0.35515434,0.23864979,0.32516164,0.29221353,0.1930156,0.4999146,0.30792606,0.7583692,0.14677194,0.2245298,0.7226216,0.67873406,0.5764581,0.3596261,0.4783876,0.6402519,0.9157125,0.8050668,0.19226599,0.43122154,0.39675075,0.3623491,0.45244187,0.31549633,0.8504243,0.52937406,0.40647644,0.38056886,0.69414866,0.6437515,0.5814965,0.9455922,0.46818116,0.24178043,0.34682184,0.39752084,0.65465283,0.34043074,0.15003629,0.45104632,0.48497066,0.13039672,0.33735746,0.9682654
BC2026_Train_0002_S08_20250607_030007_40,0.9707322,0.9751596,0.5603357,0.5587635,0.9362558,0.67191577,0.7327943,0.8175094,0.8477721,0.27830493,0.69814026,0.65618527,0.6861466,0.96506083,0.379817,0.7084838,0.938125,0.58321095,0.69132733,0.5348314,0.91822326,0.28038752,0.6617458,0.64992183,0.9789921,0.9603553,0.7476257,0.9094073,0.21220498,0.8551599,0.99153376,0.7220812,0.8117053,0.6722969,0.96645916,0.20662597,0.20943773,0.15561563,0.25582173,0.7450644,0.63243353,0.46223906,0.99107695,0.72392774,0.11831275,0.13333368,0.7367511,0.65905803,0.24710123,0.2592458,0.9701154,0.9879806,0.9909339,0.5915574,0.47428876,0.6708204,0.72059464,0.903435,0.5928488,0.8837744,0.6258976,0.865168,0.91674125,0.83206296,0.8554144,0.42044204,0.4381671,0.902706,0.14509979,0.8800125,0.6455761,0.7349591,0.10687798,0.45275503,0.22712609,0.3853987,0.35034743,0.35830796,0.35066062,0.35177314,0.69124055,0.5511562,0.6028824,0.2854157,0.44478667,0.8579552,0.8773794,0.3342988,0.31202346,0.510914,0.78039217,0.6455713,0.4166187,0.09316302,0.19016394,0.51767683,0.17400685,0.25840747,0.1268737,0.16784829,0.6557338,0.5875696,0.40249097,0.8671012,0.8966727,0.07855609,0.5448612,0.71923923,0.10294176,0.32038194,0.45816982,0.5244411,0.79141486,0.2553945,0.5653074,0.108078495,0.50103855,0.1411236,0.22850254,0.19299287,0.35814995,0.37906653,0.6171226,0.17181337,0.9529134,0.383428,0.3567086,0.56532127,0.5064513,0.12940615,0.32733065,0.39450592,0.8055637,0.3903823,0.4895928,0.67948675,0.116865665,0.4244627,0.5312325,0.77935255,0.23723933,0.13290368,0.64282894,0.20558628,0.75399196,0.64535034,0.612491,0.08679558,0.1671825,0.07482685,0.90198016,0.3769905,0.5489583,0.7305701,0.12431866,0.65811193,0.3401397,0.7414874,0.2436916,0.6339438,0.4475143,0.5389543,0.62447655,0.97021663,0.8435002,0.117672496,0.17220208,0.2649696,0.8212764,0.3554293,0.044113003,0.34246016,0.7078649,0.62374175,0.21916729,0.7912537,0.6627009,0.80434,0.48754585,0.60780245,0.24936263,0.2689587,0.7382833,0.7249111,0.2229259,0.20557074,0.79278004,0.650316,0.5930513,0.76769423,0.38069957,0.3525911,0.54330695,0.17738792,0.30604047,0.4077741,0.399675,0.6477915,0.09766543,0.22065748,0.76858115,0.71167386,0.7426939,0.44239187,0.54068446,0.5043808,0.82937825,0.82735085,0.092390165,0.24151161,0.3900683,0.41030568,0.24165355,0.23449978,0.85610676,0.5875428,0.36410403,0.54096895,0.63685656,0.61359584,0.5878231,0.95993245,0.27392536,0.13388537,0.28615093,0.37696815,0.5244368,0.48024186,0.20490101,0.44292223,0.5259011,0.11344569,0.43143618,0.9286483
BC2026_Train_0002_S08_20250607_030007_45,0.9800092,0.869997,0.6460134,0.11961181,0.93754554,0.7808063,0.70401883,0.7638427,0.86913353,0.400886,0.6269177,0.9176003,0.8037534,0.9615626,0.66519535,0.8256713,0.9638953,0.7917646,0.6926502,0.49199992,0.8202206,0.82957613,0.68821263,0.6994419,0.9818339,0.95988476,0.9289323,0.95944846,0.44467193,0.9840183,0.9190892,0.54316926,0.5220682,0.7763006,0.9466138,0.57750547,0.3006577,0.3335993,0.37418413,0.90843225,0.69705737,0.6062709,0.9748794,0.5423245,0.23693492,0.26297337,0.43207827,0.4788471,0.16604348,0.17597376,0.86404616,0.9689473,0.96859777,0.6551642,0.20194414,0.7771634,0.5448121,0.7125983,0.78956056,0.84661174,0.5831996,0.92700565,0.7662405,0.90027666,0.9168123,0.6641395,0.498902,0.9265083,0.1578539,0.97600937,0.7721158,0.77615345,0.24548432,0.526925,0.41377228,0.555336,0.40199143,0.2526794,0.28397852,0.22192469,0.49207383,0.33062506,0.6691819,0.35338336,0.3505311,0.77458715,0.819232,0.36869025,0.27957058,0.31892794,0.5792563,0.92094684,0.19571438,0.05990371,0.36609024,0.5291656,0.28846616,0.19571367,0.27678818,0.2790872,0.97450125,0.7393515,0.4980139,0.8885294,0.85216,0.286277,0.75976384,0.6041422,0.06682178,0.4185477,0.36877465,0.5436511,0.8226119,0.45575774,0.65427816,0.17473301,0.44655198,0.1612784,0.33804822,0.20161806,0.46250203,0.45932454,0.83235025,0.12225595,0.8950579,0.26306653,0.46502692,0.48065853,0.68794465,0.23804247,0.5134969,0.2036967,0.50036097,0.2800299,0.3816658,0.8437581,0.34760427,0.4931882,0.43182087,0.8488642,0.3230114,0.12460838,0.7407625,0.30084538,0.99302626,0.47860214,0.5843633,0.0923167,0.072833546,0.09104127,0.86996305,0.37123352,0.52648604,0.7940458,0.28857914,0.7094791,0.52851975,0.7749988,0.2947487,0.43361405,0.6044419,0.37825525,0.36621338,0.9472325,0.7690332,0.24340947,0.14146405,0.27120066,0.63955,0.2924823,0.101413295,0.31247464,0.64304864,0.66187704,0.077304736,0.8232405,0.68115497,0.7624887,0.2976625,0.69500804,0.33545113,0.17567062,0.66191363,0.8409256,0.22860233,0.11287221,0.8036176,0.5131629,0.4473002,0.88269556,0.51371616,0.45113528,0.6405828,0.23113847,0.28375244,0.51094294,0.40871274,0.7107986,0.19525886,0.20355892,0.88634,0.8416536,0.6283877,0.2647036,0.64405227,0.48979262,0.83771336,0.77461946,0.22831991,0.2562809,0.45380038,0.20488077,0.41413057,0.40725422,0.8822767,0.5116315,0.3727516,0.5272157,0.5788176,0.43928874,0.6785896,0.9643949,0.2677446,0.09159367,0.3864044,0.23570038,0.5807016,0.19624406,0.25971815,0.3346197,0.46882534,0.06403066,0.18625042,0.9339373
BC2026_Train_0002_S08_20250607_030007_50,0.9398097,0.870569,0.31415135,0.4304715,0.87885225,0.68446624,0.3627575,0.65138185,0.78081787,0.3194027,0.61573756,0.7450142,0.8361485,0.8988389,0.547286,0.83430874,0.9358445,0.91196924,0.8724823,0.5804388,0.7715442,0.9143673,0.8888896,0.48472625,0.93787944,0.9339826,0.8482276,0.7634827,0.23206465,0.7993288,0.9786773,0.59464157,0.7223897,0.7489213,0.89184415,0.22637534,0.11774203,0.35585824,0.6095915,0.9604141,0.62083435,0.39546382,0.9059756,0.58696884,0.25125912,0.2788084,0.27012736,0.7458184,0.43521285,0.44273925,0.8670712,0.9081458,0.9086013,0.57592,0.349176,0.7218369,0.61864394,0.8155583,0.5697833,0.85266674,0.73952544,0.8824235,0.43582928,0.9066211,0.8714794,0.6219285,0.71686614,0.8745049,0.14751306,0.92564595,0.74568605,0.7338979,0.089447245,0.56345075,0.31131017,0.5505122,0.394656,0.19390969,0.38052934,0.4468575,0.58978045,0.20348254,0.583089,0.6634126,0.53009534,0.8010498,0.93383926,0.29466575,0.3382033,0.45187604,0.69025505,0.69330406,0.31406176,0.15895984,0.53791875,0.50395006,0.20358427,0.21442416,0.15095691,0.4052927,0.9726027,0.6500708,0.6979455,0.7763814,0.82819676,0.1518029,0.89637995,0.753681,0.05221539,0.54551107,0.5264638,0.596769,0.90066564,0.4158287,0.5728348,0.16877069,0.378636,0.2512128,0.19524297,0.1568264,0.6932681,0.47821194,0.81005394,0.06666817,0.8393827,0.37936276,0.45400962,0.58951986,0.51917624,0.31991404,0.2805947,0.16331267,0.59595823,0.117254674,0.46218216,0.70776975,0.5711609,0.5868257,0.54772294,0.73115045,0.17819461,0.34186196,0.6925318,0.1117498,0.86653316,0.6518955,0.61010057,0.17840973,0.18067649,0.13468274,0.6068058,0.50558805,0.63972783,0.73819435,0.19010338,0.608532,0.38488168,0.69577444,0.5059182,0.53383666,0.87080103,0.37357736,0.52063507,0.9066817,0.7530316,0.22333409,0.13689256,0.15986878,0.6943841,0.4599212,0.09982951,0.30777967,0.5004039,0.71687174,0.15323716,0.71129835,0.707255,0.59989154,0.34024853,0.7177135,0.23141064,0.13245219,0.6363665,0.7022264,0.14487723,0.16668779,0.89176667,0.43585372,0.53337324,0.7523309,0.45452088,0.39536148,0.5777192,0.22895223,0.43347755,0.38127893,0.20933539,0.736912,0.09974673,0.35228664,0.8096873,0.71023333,0.61698455,0.3715639,0.52009356,0.4949144,0.7413496,0.76105475,0.13459584,0.22525974,0.51037407,0.2963747,0.6393497,0.2648062,0.87098414,0.6615355,0.55458546,0.5213454,0.43841892,0.44631863,0.8110746,0.93141794,0.4180966,0.095996484,0.6375984,0.41921318,0.7369102,0.22547042,0.22840667,0.33600813,0.6457089,0.19662893,0.28402627,0.9690568
BC2026_Train_0002_S08_20250607_030007_55,0.887424,0.92820394,0.33150625,0.4979451,0.8979986,0.6626419,0.40762693,0.73270226,0.67619395,0.43024728,0.6973684,0.8581979,0.88880837,0.8832635,0.51702434,0.773279,0.97448707,0.53523636,0.87281406,0.47926039,0.8113239,0.4403903,0.8169267,0.75083554,0.9836165,0.94798744,0.8474389,0.7564515,0.23726363,0.7141315,0.9335408,0.699735,0.8956574,0.84598505,0.90541387,0.42562687,0.20653215,0.16050714,0.46278828,0.8981023,0.49218035,0.57157284,0.9282813,0.69613206,0.16999884,0.20085481,0.5238292,0.83251095,0.38754788,0.41307557,0.9302427,0.9339062,0.93119645,0.44690332,0.6577786,0.69667935,0.7098737,0.8806255,0.67274714,0.78982556,0.6675323,0.90701926,0.46568015,0.87080616,0.6881088,0.5852747,0.49102318,0.8296225,0.22943541,0.7953658,0.6705934,0.40389526,0.140241,0.5696332,0.3593961,0.41416812,0.49158633,0.23906448,0.53802603,0.31971687,0.5328452,0.4658383,0.6090079,0.6701274,0.4855119,0.8121631,0.7748256,0.36856997,0.42439306,0.33986396,0.5341961,0.66877604,0.41252613,0.1487861,0.30067056,0.41371012,0.095258124,0.18245634,0.18895495,0.3839265,0.90869,0.34635562,0.6369251,0.83625484,0.77670467,0.29790536,0.8790871,0.8578925,0.17281875,0.6232282,0.57708484,0.7397468,0.9461692,0.67002046,0.6887665,0.25210035,0.5146129,0.19554761,0.18566668,0.146741,0.56305695,0.6086812,0.9000547,0.079090565,0.7936877,0.44699526,0.4378522,0.6508362,0.73681164,0.24431238,0.29448545,0.42791754,0.48658854,0.1811952,0.3399412,0.7862073,0.30590713,0.6576098,0.57430965,0.62149936,0.15573625,0.22631317,0.76125133,0.067719236,0.9762223,0.552984,0.6771985,0.14133124,0.17809784,0.11292632,0.5792774,0.36300957,0.768263,0.5802139,0.19272608,0.54537904,0.17526692,0.7018497,0.27586395,0.5109093,0.7213822,0.33864194,0.5410539,0.93797654,0.6201036,0.3065349,0.15409146,0.39240587,0.8025768,0.5206628,0.08494255,0.41447145,0.60056174,0.7762941,0.24384543,0.72551894,0.8797767,0.6633001,0.29323298,0.6504272,0.27430838,0.37903753,0.7315301,0.7940524,0.23765674,0.38437134,0.8970747,0.48840773,0.6899879,0.6554642,0.70337224,0.38417596,0.42920873,0.3726405,0.3904369,0.4508493,0.11957057,0.77337277,0.11340873,0.43606406,0.9059133,0.7464435,0.6508765,0.48650616,0.50917363,0.6334787,0.7830124,0.90753555,0.19893551,0.13398059,0.55794317,0.43848673,0.3875928,0.39667922,0.87504303,0.71021116,0.6759068,0.44955546,0.54876447,0.37066722,0.71948934,0.9400499,0.4431162,0.10263115,0.45806867,0.5455706,0.8553393,0.37062404,0.2736109,0.52336323,0.511685,0.19573939,0.5679807,0.99610674
BC2026_Train_0002_S08_20250607_030007_60,0.91557276,0.8445914,0.7098361,0.44558707,0.79341507,0.24217576,0.44176632,0.84508896,0.6118759,0.52870727,0.532299,0.9236759,0.93244576,0.58162004,0.45454532,0.38283473,0.94071364,0.38154554,0.6108485,0.5880628,0.773782,0.6262996,0.70572174,0.75473684,0.84369016,0.8125801,0.5431029,0.88297635,0.12671618,0.6824999,0.93459785,0.49288708,0.45089692,0.8342314,0.80379486,0.5010933,0.3559089,0.24911803,0.25896776,0.91769016,0.33412105,0.44684917,0.88192105,0.50476766,0.21989152,0.24255536,0.14688651,0.722855,0.3270058,0.36076713,0.974012,0.8819536,0.8761502,0.2775738,0.1829415,0.8420416,0.4715989,0.9533919,0.7985165,0.7622982,0.7372104,0.97320056,0.93024683,0.7969221,0.770687,0.65983784,0.25542626,0.7631016,0.112162925,0.8825598,0.8068279,0.34325093,0.21458638,0.30908713,0.9671055,0.4721868,0.9039124,0.052790172,0.25293815,0.12467559,0.4698525,0.33205593,0.5321648,0.21225917,0.087399915,0.5341843,0.8778864,0.5080552,0.18133965,0.1319477,0.38634104,0.5805639,0.2388407,0.037595574,0.38849187,0.14976124,0.1520281,0.12702426,0.12648682,0.11334884,0.9294709,0.11690024,0.26631966,0.95184994,0.6757015,0.4004625,0.776126,0.91980934,0.082174495,0.44996768,0.36807615,0.7381805,0.74218416,0.7211052,0.75091237,0.45399165,0.72418547,0.092521295,0.5834429,0.101838246,0.43254554,0.27435136,0.8937892,0.0245975,0.7350234,0.21256548,0.37630242,0.50478506,0.8815198,0.09967676,0.2616748,0.47932842,0.2652187,0.104089126,0.47711873,0.94405615,0.11496787,0.7268561,0.4913935,0.711671,0.101379,0.07757512,0.8486104,0.14844003,0.8023226,0.5011091,0.42317146,0.035699874,0.12527455,0.026875371,0.48235196,0.46961814,0.63439155,0.8661406,0.15320708,0.3738659,0.050902754,0.64790714,0.038249,0.09509483,0.580434,0.14103422,0.49465308,0.7205163,0.89784473,0.35460603,0.05384542,0.50765294,0.78701675,0.23726133,0.07516041,0.22618592,0.24988112,0.6448492,0.102966994,0.88790077,0.89232075,0.52182364,0.29081857,0.3610477,0.1489077,0.8286979,0.77139366,0.50677377,0.045917414,0.18886703,0.8850539,0.36009687,0.39308596,0.7587863,0.901052,0.11139026,0.12874445,0.13306963,0.21269386,0.19501945,0.050381877,0.66683316,0.13888265,0.12537688,0.5799846,0.7610465,0.32075512,0.19379987,0.48038292,0.6659677,0.96439993,0.6936121,0.24362463,0.06331329,0.4829059,0.12583616,0.16842991,0.52350235,0.71047676,0.42329317,0.3800187,0.33961412,0.561644,0.31484735,0.4816209,0.94921696,0.12234416,0.04107046,0.08225696,0.1841661,0.77917075,0.45195103,0.12902375,0.4818303,0.31778115,0.046810836,0.3508742,0.99258125
BC2026_Train_0003_S08_20250607_070007_5,0.83098745,0.8442914,0.17341508,0.8591398,0.68120205,0.49152762,0.23023327,0.3994136,0.6121962,0.33831435,0.70542336,0.22397241,0.65737283,0.6846937,0.13037694,0.5769147,0.7185726,0.40004808,0.9868822,0.4328525,0.43125623,0.92075264,0.9526634,0.7096287,0.866716,0.793975,0.43840235,0.3512959,0.65929824,0.80336964,0.12486192,0.8638562,0.9871175,0.50812936,0.5695645,0.6103504,0.5638844,0.46932203,0.26755542,0.43804646,0.7683358,0.7131554,0.70446646,0.8430323,0.22959942,0.2010214,0.23784396,0.7455983,0.75022054,0.76711965,0.5145717,0.7281269,0.7335299,0.6791251,0.95057285,0.9705562,0.29880202,0.9535636,0.8388084,0.5607056,0.78778017,0.6313356,0.14783323,0.71093845,0.30271125,0.42992002,0.9763354,0.786554,0.9243876,0.6957483,0.053120084,0.7081395,0.0914837,0.32648277,0.44293845,0.24706289,0.7147416,0.2753774,0.39394784,0.8023746,0.80845726,0.4663118,0.75977623,0.4615716,0.7383326,0.3978575,0.14182606,0.47471055,0.05948867,0.24468292,0.21911629,0.34269702,0.37339532,0.76921844,0.8671032,0.9124583,0.40475172,0.9665204,0.2874956,0.3721329,0.22154547,0.642172,0.5760475,0.6355541,0.6154318,0.42183787,0.116026446,0.48220032,0.54357547,0.40385228,0.1953395,0.11463682,0.11245605,0.51810753,0.6927141,0.44491667,0.63883495,0.46669465,0.3796993,0.23851354,0.88557273,0.50043,0.17719832,0.5967735,0.82288337,0.4798065,0.5149054,0.7910197,0.6570041,0.16339749,0.5631855,0.14950699,0.1960083,0.5173985,0.50991845,0.4194492,0.4108515,0.19789168,0.120976284,0.51706314,0.11513354,0.4668098,0.50274605,0.415592,0.82454777,0.12167691,0.094812915,0.18849185,0.2563177,0.16611853,0.19316402,0.34524727,0.3295141,0.121347494,0.8958857,0.077458754,0.7091147,0.45208767,0.119486004,0.47302932,0.7032242,0.18620595,0.78744936,0.055154167,0.35232586,0.52747464,0.554051,0.59353846,0.19040078,0.277439,0.27613854,0.48301268,0.28831562,0.27301693,0.60500675,0.9132396,0.35273707,0.48900872,0.24706249,0.9656729,0.13573541,0.39398548,0.0637175,0.48642874,0.89980125,0.63473165,0.11402334,0.19782853,0.07898308,0.31541294,0.08656779,0.5457576,0.09455179,0.6029061,0.47423893,0.4856869,0.24080393,0.23336594,0.5684938,0.10488391,0.20985104,0.18174464,0.15537116,0.12852132,0.56964004,0.538712,0.37887084,0.8513396,0.3481996,0.47402108,0.72864187,0.31067997,0.7218553,0.39664698,0.5765445,0.3976125,0.54142714,0.86327493,0.17656144,0.84647477,0.12419459,0.3596936,0.6350886,0.5520121,0.32928425,0.8163513,0.1323105,0.46443522,0.25861353,0.45377308,0.6370809,0.5244748,0.26910177,0.056936666
BC2026_Train_0003_S08_20250607_070007_10,0.74742377,0.9966583,0.5867833,0.7424431,0.2988656,0.83986986,0.57971907,0.7041224,0.7568549,0.564432,0.9638082,0.6302674,0.54290825,0.70486975,0.21415107,0.39087933,0.4033907,0.19351962,0.8189676,0.6490462,0.2755039,0.66928566,0.78335357,0.79879177,0.81626165,0.6227185,0.25857893,0.27035666,0.81445086,0.41533834,0.30889258,0.7797154,0.93407416,0.34472245,0.31752408,0.7721389,0.692645,0.8292944,0.5949496,0.38149643,0.40809667,0.8761916,0.57677597,0.77172434,0.49897963,0.48023605,0.5995757,0.34485233,0.8791475,0.88700104,0.5742391,0.60806364,0.5952821,0.28764236,0.9408314,0.88669944,0.22550948,0.24755177,0.35895205,0.3953842,0.3719074,0.71531105,0.4379583,0.5634357,0.4996276,0.8872154,0.832394,0.62714094,0.6453397,0.70760125,0.2018776,0.44951642,0.47120988,0.5252081,0.74729323,0.19828743,0.5962835,0.39303666,0.4914419,0.8473884,0.4727377,0.7420435,0.83125484,0.5604346,0.9129091,0.8719089,0.3448106,0.71972,0.084990665,0.7880614,0.120407104,0.24203217,0.7888073,0.8400484,0.7519809,0.42093837,0.82686555,0.9838689,0.42214155,0.7180674,0.31268364,0.5960835,0.33825588,0.538339,0.461591,0.92553043,0.15833053,0.49468845,0.81189084,0.57948935,0.2868919,0.35506007,0.1603481,0.61753386,0.6659378,0.37187636,0.72171915,0.7138025,0.54116714,0.4242982,0.89675665,0.47672898,0.2091435,0.68985283,0.7121036,0.5424572,0.7732805,0.46125287,0.4946641,0.30750173,0.6676855,0.3254649,0.75738084,0.8398843,0.6660609,0.22484264,0.59302664,0.404451,0.5018267,0.34250855,0.48371935,0.6363747,0.35796386,0.40783715,0.6470037,0.34565693,0.24463415,0.4938339,0.70746315,0.2731639,0.55737877,0.17111385,0.42208993,0.23395322,0.6762531,0.24228317,0.53574306,0.65038276,0.20609331,0.56838024,0.24620499,0.18224001,0.97171503,0.0792868,0.58021903,0.8327848,0.52382123,0.35999173,0.13942584,0.60884947,0.73356664,0.4441172,0.4468234,0.43098018,0.38053152,0.660069,0.28161085,0.14850274,0.062102742,0.8423706,0.45261306,0.44162494,0.0656325,0.27070266,0.798043,0.6497978,0.47108328,0.47865146,0.054748833,0.25968003,0.4421978,0.9008976,0.1574136,0.64797604,0.1394429,0.44657958,0.564061,0.4140479,0.4992082,0.5767219,0.21730185,0.42262504,0.1688641,0.47453696,0.24122563,0.61246324,0.69103026,0.61482894,0.4127831,0.55571944,0.49555218,0.23785537,0.5785201,0.37243736,0.73661566,0.3609435,0.4168238,0.6883218,0.08139472,0.93129116,0.045917578,0.4171754,0.7553979,0.50501025,0.28389585,0.64104724,0.2080129,0.7069924,0.51324475,0.6943958,0.83392847,0.6367327,0.57650054,0.25272292
BC2026_Train_0003_S08_20250607_070007_15,0.57328284,0.30981493,0.5884477,0.9932382,0.13248894,0.7954241,0.60735387,0.5484453,0.7205142,0.751848,0.7092296,0.75737345,0.40268236,0.6402724,0.4385625,0.30959025,0.40802395,0.23851384,0.6950327,0.5893125,0.35852712,0.92717516,0.5604105,0.3752193,0.6339128,0.6071551,0.16172375,0.18476355,0.7014986,0.51041293,0.1165216,0.2935088,0.62949884,0.3927921,0.26548007,0.8843825,0.65574324,0.95958954,0.57429206,0.52090275,0.5572666,0.6433306,0.11533331,0.30605155,0.53590894,0.52442706,0.67096186,0.3304973,0.92001617,0.9231015,0.16059664,0.12425026,0.13251358,0.47161037,0.8377561,0.79633605,0.116173744,0.3346091,0.35072726,0.2869515,0.20910496,0.69819283,0.38795185,0.51801556,0.45682833,0.6948383,0.6401075,0.41000915,0.67669785,0.6716262,0.20609125,0.2556871,0.40483117,0.6503062,0.74687505,0.059124477,0.37992388,0.32253104,0.38813603,0.94011146,0.39973485,0.58316875,0.6840508,0.42665952,0.89857924,0.5092424,0.23067464,0.7044029,0.101724505,0.9551296,0.38544637,0.20423433,0.80394304,0.7344891,0.7222966,0.29319695,0.87200665,0.9305241,0.70222557,0.8155025,0.09029216,0.5236123,0.30364788,0.5073939,0.37212616,0.91523325,0.07720098,0.51553094,0.7183367,0.28618455,0.22235349,0.23838097,0.14790346,0.46511728,0.54710317,0.41831577,0.629336,0.61412704,0.56392634,0.69129944,0.8908387,0.25715744,0.13276502,0.6609653,0.62291497,0.5244136,0.5840092,0.36947125,0.12867728,0.26967368,0.694795,0.6884014,0.74743223,0.8068907,0.49269804,0.19550574,0.699059,0.21144435,0.688537,0.5495963,0.5104481,0.6258111,0.28756046,0.3621601,0.53017604,0.11299346,0.087449245,0.599421,0.72716165,0.40731248,0.4688307,0.14529574,0.44749537,0.16052783,0.5301235,0.16898805,0.30530244,0.4087907,0.49924666,0.8190675,0.22834146,0.06604914,0.9619281,0.14074749,0.44531682,0.5653078,0.46126598,0.39633137,0.21519542,0.4957509,0.70252216,0.72827137,0.2975246,0.31907058,0.4784947,0.44895262,0.16820696,0.27779406,0.021891667,0.71126664,0.41241717,0.29029813,0.2012202,0.22848043,0.75604117,0.6784707,0.42150894,0.44461364,0.042962648,0.16468877,0.4829998,0.9587687,0.25653866,0.50688577,0.0956984,0.39438242,0.5031758,0.3297912,0.42721385,0.8334631,0.06886688,0.26713896,0.26910204,0.3217299,0.2516458,0.41205263,0.5110549,0.4221964,0.58801824,0.53972983,0.26969475,0.31759948,0.47645432,0.48567575,0.8248251,0.27819395,0.22723874,0.6599767,0.07813773,0.8631103,0.047602862,0.23827145,0.49753347,0.7476027,0.26932675,0.6507884,0.46775573,0.6716479,0.5600277,0.5865816,0.8414495,0.7102455,0.3643536,0.10016866
BC2026_Train_0003_S08_20250607_070007_20,0.74983644,0.59939307,0.80230725,0.8264784,0.36071843,0.58449686,0.7756771,0.47385284,0.6427112,0.50228345,0.6033795,0.62804496,0.4601238,0.9454282,0.7097511,0.7276443,0.5527528,0.44077426,0.84145397,0.7180213,0.53087366,0.99814487,0.6919584,0.83220786,0.8754636,0.8030131,0.6977531,0.5294724,0.7924981,0.7726946,0.16126892,0.6570959,0.95376027,0.65022135,0.29076287,0.51562154,0.5166352,0.79337406,0.77997947,0.37308475,0.7516819,0.6972676,0.47199136,0.6908989,0.555651,0.5550095,0.6601783,0.6147597,0.95612615,0.9553801,0.67495084,0.52269983,0.50339556,0.68022954,0.98634887,0.7133119,0.3057896,0.32983017,0.45982614,0.49694073,0.3120827,0.7644994,0.5857889,0.7176857,0.1204657,0.58124274,0.76679575,0.66901636,0.8500006,0.7778312,0.11951858,0.2946214,0.35493362,0.5003247,0.8063135,0.09289704,0.43831134,0.5288459,0.66543746,0.92787045,0.462152,0.4176606,0.70874286,0.4309724,0.7495252,0.22093034,0.35845548,0.9540719,0.3988133,0.7097939,0.29969078,0.62741184,0.71128064,0.9132904,0.50030124,0.15957823,0.55946404,0.94224906,0.81971836,0.80982435,0.07638568,0.5962131,0.72109354,0.6573669,0.66342735,0.72283614,0.11139284,0.45926833,0.7576667,0.19342992,0.60106826,0.31122443,0.44459116,0.45528126,0.44118255,0.6402447,0.61779225,0.3043313,0.6813419,0.6262622,0.9372803,0.36620015,0.3562857,0.71174836,0.7079221,0.66389334,0.5167637,0.6746453,0.1253717,0.52434397,0.8211421,0.75434923,0.27209735,0.75742924,0.6387521,0.3587038,0.8790771,0.26466513,0.6561177,0.5361928,0.70923305,0.8504032,0.54085904,0.45952156,0.82133734,0.15566288,0.11329143,0.46560663,0.8082546,0.36873865,0.35481495,0.35396314,0.71695244,0.32256198,0.78780425,0.18933392,0.5320002,0.41903597,0.41202474,0.75448656,0.34157908,0.16969082,0.8270371,0.20052978,0.53047866,0.71772313,0.6415094,0.51341236,0.106588624,0.4813669,0.5235065,0.6883248,0.5303376,0.38883352,0.28973067,0.69211984,0.31295764,0.57250786,0.1298297,0.95533633,0.30690598,0.4010805,0.32015777,0.6296807,0.8614707,0.6983409,0.38383496,0.67285156,0.17551926,0.42348707,0.52048373,0.7924936,0.48257017,0.6137756,0.38947415,0.4423599,0.67583436,0.2006379,0.17131302,0.77924085,0.07012742,0.18251488,0.6874136,0.21119455,0.14374128,0.5208523,0.49580348,0.69971657,0.6033031,0.87181437,0.49198127,0.553144,0.7824875,0.47730684,0.6039067,0.4876011,0.24463527,0.6569121,0.068387605,0.60762477,0.17967266,0.16622299,0.5053959,0.5980883,0.54893935,0.59926707,0.34118283,0.52652156,0.6535579,0.6854789,0.71258867,0.78660524,0.23874635,0.051947232
BC2026_Train_0003_S08_20250607_070007_25,0.74847543,0.45326835,0.8971833,0.7739023,0.38579327,0.29620117,0.6467036,0.43032914,0.81457746,0.6010082,0.46800482,0.6961628,0.5083858,0.92069304,0.6165483,0.87665164,0.6394874,0.22132322,0.6468257,0.6360148,0.64668465,0.76684624,0.50598335,0.89421916,0.8442111,0.67124236,0.62147003,0.59518427,0.92502797,0.6003673,0.51740867,0.6393782,0.83207244,0.7843479,0.15219185,0.44426206,0.6086042,0.6129321,0.7621025,0.59345305,0.7065656,0.7281325,0.47400236,0.69511724,0.7370107,0.73888004,0.3464357,0.5622252,0.87406766,0.87985814,0.22543377,0.46667302,0.48395061,0.6317239,0.88193536,0.30642813,0.15352833,0.19825089,0.15437678,0.38128442,0.3456397,0.5863743,0.5507218,0.7228966,0.21565762,0.4887631,0.586326,0.7727896,0.7963599,0.65825534,0.09605633,0.38133156,0.27862537,0.74278235,0.9648868,0.23960793,0.47150952,0.53325665,0.67229426,0.7474314,0.435719,0.34389764,0.7948702,0.18618608,0.82588565,0.14951535,0.2861338,0.889528,0.5707475,0.6320635,0.09951554,0.71152246,0.36831874,0.8148185,0.59833926,0.16434798,0.7298332,0.7765692,0.6246884,0.91094065,0.28689185,0.46490622,0.8231894,0.5749068,0.49306732,0.7651926,0.07774631,0.56177425,0.82296515,0.46015877,0.8503111,0.48106694,0.32457417,0.40856123,0.34830874,0.9303937,0.59726954,0.41783732,0.6863388,0.83244526,0.8373108,0.40662146,0.34871352,0.8403963,0.6449969,0.76084435,0.58297414,0.714664,0.13195266,0.6391686,0.9500917,0.6860614,0.10039,0.7559327,0.726177,0.26563,0.7219939,0.23165822,0.5735792,0.1573267,0.76456404,0.96740216,0.561106,0.3941089,0.5182337,0.30460733,0.09232181,0.6789768,0.5827811,0.6448308,0.17869613,0.6730983,0.81559813,0.13978755,0.89111716,0.2910765,0.7147199,0.3661194,0.5019218,0.6882682,0.35789272,0.36631608,0.3349033,0.06439423,0.6453608,0.74781895,0.7727213,0.5064365,0.16322678,0.20075017,0.3824485,0.7791687,0.6164504,0.1438285,0.2638898,0.7070718,0.36691004,0.601045,0.47504193,0.9354584,0.09551017,0.484919,0.48070267,0.68460524,0.7507905,0.8037839,0.5116496,0.5407899,0.23732656,0.48270935,0.63547003,0.6714373,0.4885329,0.72096753,0.29619724,0.40085074,0.6403092,0.20067948,0.25349933,0.68762493,0.09869467,0.07069254,0.62831736,0.09028496,0.24952617,0.5708867,0.6210182,0.7642083,0.6441157,0.9316692,0.51380825,0.83599925,0.76207197,0.3007658,0.6712507,0.62724316,0.57360923,0.7626965,0.049916066,0.31088805,0.3029232,0.118937746,0.46264082,0.45042366,0.6197804,0.5434193,0.37033558,0.5082604,0.8318299,0.65879285,0.47522688,0.717795,0.47553164,0.0698445
BC2026_Train_0003_S08_20250607_070007_30,0.66559136,0.39333475,0.7291255,0.9239055,0.32523024,0.194031,0.39682198,0.4633941,0.5618004,0.81916964,0.70795774,0.6539612,0.23980406,0.86987495,0.7838341,0.78206205,0.57150257,0.17223313,0.5859457,0.73275554,0.5777626,0.9915441,0.29365635,0.43676132,0.8298135,0.49830425,0.4964141,0.40602386,0.6899283,0.3840713,0.63949335,0.22321391,0.78449833,0.61333895,0.14122958,0.54898715,0.7695473,0.99239457,0.62171614,0.5001223,0.896132,0.48129642,0.16177712,0.21934023,0.5672873,0.5729981,0.78344554,0.75474674,0.8380729,0.8485,0.34482294,0.20634475,0.22559002,0.79929113,0.8514316,0.3524288,0.12697925,0.12715031,0.14216512,0.4595397,0.53717995,0.5445738,0.74089074,0.6928911,0.57077575,0.21662015,0.6270765,0.6644274,0.5734888,0.5743866,0.12628292,0.26912665,0.5884409,0.8895495,0.70673704,0.42318234,0.42946547,0.6619917,0.6562085,0.6827371,0.45038545,0.35925978,0.9498178,0.13418123,0.57754016,0.123225704,0.32546556,0.81018376,0.32836562,0.7740682,0.077480316,0.2898567,0.40820128,0.6804712,0.390629,0.4227228,0.9043858,0.79934233,0.80881536,0.86741126,0.24058202,0.57990056,0.8595052,0.40356693,0.29855198,0.8178086,0.09009947,0.5878953,0.67533827,0.63073826,0.81186175,0.7458424,0.30455968,0.465887,0.5449194,0.8681874,0.739655,0.5527063,0.66338336,0.9535507,0.82044774,0.9005937,0.36738056,0.79102135,0.36064768,0.75563157,0.73552954,0.86789846,0.16153145,0.6533282,0.7769307,0.5521871,0.1865018,0.8346492,0.48968315,0.5501443,0.36192483,0.106282234,0.61771405,0.23466271,0.606114,0.9537623,0.7173058,0.66483545,0.16318251,0.16149117,0.03888458,0.92445153,0.5630221,0.6082405,0.16195649,0.80413306,0.5445784,0.17757091,0.7929426,0.36271924,0.76059794,0.30715117,0.62179476,0.65743923,0.68874717,0.5509038,0.28411,0.08319259,0.7312788,0.7706592,0.90161353,0.64336824,0.1598016,0.09995864,0.5034635,0.9118998,0.42161626,0.07990706,0.52496046,0.3626426,0.49297947,0.6556424,0.39664435,0.8246746,0.053382337,0.6234656,0.3786798,0.2615136,0.750399,0.75309503,0.58078957,0.2779612,0.11087614,0.2696765,0.8788148,0.8113365,0.6057827,0.8831835,0.28555977,0.3360014,0.6450503,0.095243916,0.22329777,0.6207775,0.1680327,0.039917678,0.4765536,0.14222685,0.49663115,0.50991964,0.41830644,0.6302253,0.5166033,0.74803877,0.638878,0.771935,0.78377414,0.4127967,0.7643831,0.7072576,0.6323359,0.7793696,0.08938625,0.2681225,0.67392707,0.0544189,0.4663089,0.47450483,0.6363096,0.78391516,0.16326928,0.5414658,0.7758684,0.5926075,0.62228554,0.57947654,0.56554854,0.054896966
BC2026_Train_0003_S08_20250607_070007_35,0.7990694,0.68327,0.69983494,0.47259232,0.38195926,0.4294389,0.5072901,0.15065528,0.20223796,0.7042966,0.66946733,0.69959736,0.35002977,0.7696183,0.52798283,0.43227446,0.7344204,0.4752239,0.94417226,0.7590723,0.47352725,0.76243055,0.32367682,0.52327687,0.78846025,0.64625263,0.3090673,0.46604615,0.74759316,0.2769276,0.5666072,0.8038513,0.9726922,0.7011781,0.34153503,0.8559102,0.8658503,0.89282167,0.6045858,0.55942976,0.5845566,0.73967296,0.6799455,0.79273224,0.69296074,0.68552387,0.45307595,0.6818366,0.8830495,0.89725447,0.4277953,0.7047403,0.713476,0.48185813,0.9035878,0.55699253,0.12774675,0.70965147,0.28808725,0.39690185,0.4472887,0.53413606,0.72390807,0.69614685,0.48377335,0.37032908,0.8527579,0.6948532,0.6267749,0.8022703,0.08760567,0.57970023,0.7605221,0.50776124,0.7651285,0.3299048,0.58864534,0.5133307,0.4849128,0.6872884,0.39760506,0.3742442,0.8149382,0.5567465,0.66325676,0.19166751,0.34065604,0.65124,0.49082935,0.8479258,0.22583854,0.20197272,0.2783917,0.649928,0.3373407,0.33427274,0.6258174,0.9920206,0.92852056,0.67536247,0.30199087,0.3841229,0.6719737,0.5021461,0.55871236,0.6579846,0.12592866,0.45354962,0.76468337,0.53739125,0.6695646,0.773563,0.30998573,0.54850775,0.6496916,0.70666265,0.69213724,0.6629598,0.685462,0.94719845,0.84815073,0.7516139,0.54595065,0.576619,0.51177907,0.59861237,0.830782,0.7528776,0.4101225,0.73243356,0.7887559,0.41038138,0.52781475,0.7698171,0.50866127,0.5207339,0.47493458,0.08338092,0.34164822,0.43836945,0.27882844,0.6453221,0.6633668,0.57649875,0.6667999,0.2205866,0.10411769,0.62576056,0.34894234,0.26253104,0.44745052,0.6967038,0.36485028,0.0985443,0.58376265,0.21803376,0.532258,0.30816084,0.450638,0.38540274,0.34281462,0.8260297,0.7272996,0.04425381,0.5500656,0.61290354,0.94395626,0.46367896,0.21250123,0.29267734,0.36293572,0.71544075,0.54203594,0.26473826,0.50054336,0.4463033,0.19824126,0.5784559,0.18845955,0.8638997,0.11171492,0.33110854,0.35865885,0.17227587,0.6561365,0.5556594,0.4516397,0.37645745,0.21727067,0.42571345,0.8591062,0.6855935,0.38717645,0.8618988,0.3979143,0.40790105,0.5996679,0.081981,0.49851507,0.4113363,0.36909372,0.12589303,0.5286638,0.39484423,0.29617068,0.32967538,0.4172536,0.43506253,0.39146417,0.6208415,0.43334746,0.5017462,0.69857705,0.5014526,0.51969385,0.5444055,0.29766783,0.7583784,0.08159284,0.44026607,0.25708568,0.058475003,0.62391955,0.38866222,0.42930776,0.70884025,0.26571408,0.5126353,0.76522577,0.5190917,0.80049837,0.5753968,0.546222,0.1725182
BC2026_Train_0003_S08_20250607_070007_40,0.65656745,0.2388584,0.40359914,0.71587694,0.15525734,0.27786702,0.43532506,0.17685118,0.43106914,0.8569749,0.5570568,0.43542606,0.38311487,0.8464845,0.14245462,0.15894082,0.58069754,0.39518458,0.7608932,0.6942651,0.41063088,0.89842504,0.17769018,0.36312288,0.605739,0.5356704,0.09833793,0.2610296,0.8600676,0.13941012,0.5053496,0.58244765,0.6323249,0.58185166,0.15354732,0.49556088,0.47847766,0.9855397,0.78744835,0.8701813,0.68455637,0.275826,0.25995538,0.55826247,0.79554474,0.790926,0.84487474,0.74090827,0.99695504,0.99695504,0.081631914,0.27916518,0.29277,0.5875733,0.92684066,0.37745327,0.04501567,0.41733077,0.34878808,0.36036777,0.47972196,0.3078281,0.3241638,0.4909746,0.5521719,0.62251186,0.80461586,0.59902215,0.52719396,0.64867544,0.037840582,0.54652137,0.77077234,0.5996203,0.6776831,0.35241124,0.44537866,0.6297072,0.24123996,0.740713,0.2811358,0.3951528,0.8958771,0.6006682,0.8684751,0.06168884,0.24852593,0.539684,0.7669178,0.8127619,0.39019638,0.21545148,0.5172393,0.592034,0.33679855,0.29666677,0.7999078,0.93537897,0.9664479,0.92667794,0.32082736,0.38866186,0.3094927,0.43303752,0.57274854,0.7870643,0.072420985,0.28219318,0.7661767,0.38006473,0.9279573,0.7092755,0.16211985,0.28695118,0.4823873,0.7081908,0.35644275,0.57322425,0.38108167,0.9473038,0.9291718,0.4826523,0.36155906,0.6075609,0.5351489,0.8546995,0.562091,0.48797524,0.22945423,0.7622391,0.83912337,0.74173844,0.55043197,0.6781919,0.40879637,0.27595663,0.58927625,0.08427803,0.24906062,0.40173692,0.42600882,0.9079991,0.4201663,0.46129912,0.42549932,0.24334416,0.27969018,0.5587594,0.6061056,0.24179092,0.44898942,0.77027017,0.4784606,0.027384335,0.36892432,0.32903916,0.66257083,0.31718755,0.48606858,0.5288507,0.9426471,0.8490708,0.82978594,0.1040519,0.481066,0.79148066,0.82808137,0.34826225,0.39460832,0.13232358,0.44355994,0.9401375,0.32293898,0.13255718,0.66536367,0.5163236,0.17460829,0.60817534,0.1463567,0.83286905,0.14457425,0.1236109,0.2852342,0.2088875,0.50424904,0.590231,0.12041925,0.41623992,0.064699486,0.42642817,0.79198897,0.73561287,0.30252695,0.8695203,0.21657076,0.2666291,0.33677018,0.10088298,0.39831042,0.37126142,0.1935418,0.19817507,0.2255555,0.34195638,0.108105436,0.3724401,0.31733006,0.2004351,0.25188914,0.67918456,0.12321997,0.67949903,0.35568452,0.271383,0.49628827,0.8374504,0.23255132,0.693151,0.25011298,0.37009645,0.1043935,0.14404958,0.4699551,0.4867822,0.469478,0.55388165,0.49675956,0.32518888,0.85136664,0.4299674,0.8282138,0.5604372,0.46081835,0.10184488
BC2026_Train_0003_S08_20250607_070007_45,0.5866016,0.47777617,0.46218336,0.9109392,0.25787657,0.40190834,0.62563527,0.56960475,0.5937426,0.90536857,0.9734733,0.38077113,0.39440358,0.8185587,0.09974682,0.28845358,0.4608978,0.4382626,0.76807654,0.86809564,0.15485504,0.80065536,0.23092543,0.899755,0.77721334,0.3430454,0.7293738,0.07806196,0.77375865,0.24856572,0.40647224,0.53364027,0.7574783,0.46670273,0.252963,0.86603373,0.61638165,0.7782278,0.48964608,0.6802393,0.33677414,0.42543,0.4371951,0.56908095,0.6954955,0.6840137,0.7828521,0.6341269,0.9866413,0.98674405,0.20352331,0.4422816,0.4458709,0.24041332,0.88884515,0.34389225,0.049649417,0.4416879,0.360039,0.3858589,0.41011822,0.5037025,0.2380835,0.632478,0.6565198,0.7269336,0.6930225,0.46946818,0.6716286,0.38500148,0.12551543,0.2323795,0.76619995,0.64667475,0.7744528,0.20186299,0.65273917,0.7235887,0.13545173,0.835308,0.26637307,0.7271466,0.973648,0.41254693,0.9485842,0.10569379,0.3774526,0.7171487,0.7810266,0.8752527,0.09655546,0.083486855,0.730252,0.62922776,0.7734164,0.4358083,0.84800565,0.97793686,0.8580749,0.95229375,0.17104268,0.6978109,0.36487547,0.49014047,0.5118073,0.94002557,0.18629792,0.18144095,0.813946,0.60146886,0.7548733,0.3580376,0.06458835,0.31099582,0.45974898,0.33484,0.4603365,0.6643026,0.4368865,0.9241452,0.9829036,0.5789951,0.4442109,0.65194905,0.6673182,0.8287965,0.3683654,0.64364207,0.28038013,0.4636866,0.78661776,0.879127,0.8053808,0.6776047,0.5335785,0.108116835,0.52731574,0.15715829,0.44009134,0.56206757,0.45494133,0.9183797,0.44893184,0.25777805,0.76163447,0.3837,0.442388,0.68974197,0.81500196,0.18947208,0.65393126,0.4460861,0.67241126,0.035351913,0.45422703,0.37228924,0.5937077,0.49205,0.38449478,0.6629945,0.46859708,0.57196236,0.7620642,0.34556466,0.48908222,0.98821867,0.636992,0.49287063,0.38835365,0.19985926,0.40536124,0.90221965,0.13503397,0.26234537,0.78944063,0.64587533,0.34226495,0.494283,0.20030457,0.79455364,0.32261634,0.19482917,0.16869637,0.32679242,0.7681489,0.6298585,0.177306,0.4796698,0.04409775,0.3176465,0.8233926,0.91865003,0.24629954,0.86403954,0.30489165,0.40989983,0.3746516,0.264101,0.21644093,0.2590577,0.14617848,0.39691246,0.112296075,0.5423771,0.32554734,0.542614,0.5458958,0.3265971,0.2649375,0.4049183,0.2224229,0.7911774,0.40255582,0.41356146,0.7711398,0.47709793,0.16320953,0.69282424,0.41291457,0.535002,0.038400516,0.3546809,0.5409814,0.7484189,0.2503849,0.7446089,0.35215247,0.29169655,0.7722938,0.47709447,0.8049091,0.6279689,0.6003348,0.10495806
BC2026_Train_0003_S08_20250607_070007_50,0.42791718,0.1078649,0.55952847,0.9646456,0.28973907,0.507378,0.63818944,0.5816978,0.7464531,0.9772152,0.81833315,0.783625,0.3340916,0.6973791,0.24423128,0.505839,0.38581443,0.14037743,0.84024334,0.72278976,0.1922285,0.73402256,0.5136192,0.570143,0.7173809,0.25617883,0.7453915,0.030633334,0.42438278,0.34680748,0.13958642,0.2214798,0.45276922,0.30378634,0.17976984,0.928794,0.53338337,0.92525595,0.4182822,0.8078713,0.3948177,0.17638478,0.09665726,0.251147,0.62004745,0.6158953,0.70989084,0.53465164,0.8722372,0.96288663,0.08938065,0.11155864,0.075653076,0.29535764,0.7845987,0.2528857,0.029383834,0.48216623,0.37782764,0.31562984,0.34028572,0.51924497,0.26279128,0.6367301,0.62531734,0.515311,0.7020695,0.35592076,0.8531742,0.4327404,0.22162086,0.17227226,0.60396695,0.71342325,0.6123507,0.15699735,0.71794844,0.584735,0.29285496,0.87349975,0.44653118,0.7241999,0.8758564,0.22769979,0.8847158,0.2531051,0.21564549,0.54680043,0.5357923,0.8625062,0.035924498,0.17838407,0.4498905,0.626935,0.9393646,0.33140945,0.87634945,0.9747506,0.66643095,0.93745255,0.2009398,0.62143517,0.39677566,0.35833818,0.23065886,0.8785515,0.09919152,0.18969184,0.7170569,0.5863343,0.48446518,0.17451721,0.11550928,0.11297484,0.4850819,0.27903944,0.535496,0.7610818,0.5464238,0.8757198,0.9457171,0.49470526,0.37163806,0.69285357,0.48496884,0.6622002,0.27468133,0.6030255,0.3234942,0.26817948,0.6787709,0.83052695,0.80071115,0.66753364,0.55692154,0.38101238,0.5453248,0.2183348,0.5726528,0.64138377,0.28375977,0.76597345,0.3330412,0.2190872,0.7560555,0.2583161,0.53057456,0.563663,0.6749846,0.32210094,0.54678315,0.3311004,0.7920849,0.11595102,0.4592301,0.23606446,0.5462911,0.46871316,0.59486717,0.86201984,0.80715,0.44843578,0.8003063,0.33037138,0.36896074,0.7906059,0.53732365,0.53525704,0.26226538,0.24564782,0.45961455,0.8730141,0.11961381,0.19772431,0.8558526,0.5742059,0.3609301,0.48519254,0.14258586,0.63482344,0.2932317,0.13921435,0.14618355,0.3735729,0.7986372,0.61388254,0.3632713,0.41367376,0.04775319,0.28040504,0.6784347,0.91927147,0.39179176,0.7065165,0.26781726,0.32459354,0.24962133,0.20905846,0.33832872,0.5667515,0.103696436,0.27263963,0.11108028,0.50625575,0.43051898,0.49985063,0.5983692,0.32184392,0.5177262,0.50563884,0.47564724,0.49955764,0.3403719,0.5029587,0.8017901,0.43501133,0.3271047,0.7427896,0.36440438,0.7516583,0.14271002,0.34597868,0.5281527,0.73861456,0.42928988,0.6925694,0.46548617,0.3875255,0.56454647,0.5577942,0.7548306,0.74526477,0.4836909,0.1748128
BC2026_Train_0003_S08_20250607_070007_55,0.6171826,0.30453998,0.68816674,0.80192816,0.41759127,0.49063545,0.622715,0.56798613,0.78742635,0.8099725,0.30683178,0.7223859,0.21187004,0.87798357,0.49520528,0.75040877,0.7493539,0.105742775,0.807274,0.64605606,0.58674216,0.9781723,0.5275472,0.40041465,0.8675808,0.55258685,0.96007276,0.07994188,0.34724313,0.35804528,0.3790232,0.73785925,0.5248819,0.29874277,0.08898625,0.5788376,0.83806443,0.96415746,0.4452638,0.47299486,0.78234786,0.27561584,0.25313392,0.73711,0.62266165,0.653088,0.8560028,0.3537318,0.64472985,0.64648294,0.48655662,0.28240445,0.28651378,0.7103311,0.6296146,0.23531643,0.066379085,0.23470607,0.48197293,0.6152296,0.35350746,0.23985198,0.45591235,0.74057484,0.64634675,0.20156401,0.8405794,0.64239883,0.81840694,0.6043698,0.0800695,0.35296208,0.79650676,0.8723183,0.42268246,0.2562449,0.46665597,0.77155364,0.54391897,0.8381887,0.34359175,0.3548699,0.8568208,0.08450413,0.79799527,0.4066561,0.25620776,0.2086084,0.64821494,0.8553678,0.10415977,0.21643084,0.10352732,0.6358925,0.920666,0.5017,0.7482945,0.82953036,0.7697395,0.83449036,0.17619666,0.6090697,0.76145256,0.431139,0.19046573,0.7155203,0.11563748,0.4607066,0.69962704,0.7849661,0.68311036,0.115742624,0.35272223,0.121979445,0.64702916,0.766996,0.7514168,0.82071304,0.47894108,0.9443643,0.809258,0.5335527,0.66464937,0.7427906,0.47261256,0.7762524,0.40557092,0.50386894,0.20927763,0.42621478,0.743178,0.6237556,0.6323037,0.8011539,0.84039533,0.63193333,0.7131432,0.34495652,0.42135397,0.7475016,0.39289397,0.5707711,0.62412375,0.5578935,0.46352506,0.38767838,0.36865002,0.59808385,0.49645782,0.5075593,0.53018737,0.71032697,0.6637888,0.3723448,0.9001552,0.30772245,0.63470817,0.53985417,0.60268617,0.876071,0.5771162,0.6930914,0.4938408,0.44546092,0.5689758,0.56947446,0.6812599,0.6984297,0.24302799,0.10623802,0.33942628,0.9241702,0.35150218,0.36422348,0.80965734,0.6715623,0.62102044,0.64874196,0.21171385,0.77149653,0.35336375,0.2905173,0.28205195,0.58433914,0.922099,0.41480404,0.21139544,0.61434305,0.11346908,0.45736176,0.48376316,0.40322042,0.66428435,0.79408693,0.43060416,0.4470026,0.48157853,0.05060912,0.36450112,0.80103076,0.14058667,0.30220693,0.28997457,0.35252678,0.7379328,0.7031146,0.49098635,0.57387614,0.5687371,0.5994464,0.67552817,0.6319388,0.35525835,0.43680966,0.6198272,0.47736818,0.470962,0.7342162,0.41783798,0.46994698,0.3638,0.49165523,0.56805265,0.48631287,0.6463437,0.5227705,0.41499317,0.6045191,0.7305865,0.59249425,0.63746536,0.62280697,0.44140273,0.07988216
BC2026_Train_0003_S08_20250607_070007_60,0.6614866,0.20767234,0.43114406,0.80819297,0.15245041,0.50055975,0.44630742,0.11422984,0.57051146,0.6168852,0.044283167,0.14785492,0.29808915,0.80179393,0.33801514,0.52372956,0.81609917,0.51012707,0.99038625,0.9394041,0.54740715,0.98887396,0.09811708,0.32208663,0.700279,0.49894282,0.37051618,0.1560355,0.7746234,0.40872717,0.3553802,0.8495542,0.6409428,0.4020523,0.029166251,0.12226247,0.8052739,0.99513656,0.4996959,0.9527234,0.5524392,0.15922546,0.15942115,0.8357775,0.6838795,0.6772926,0.9016051,0.6526396,0.9799328,0.98020035,0.17244096,0.1392596,0.16182315,0.49576345,0.9031118,0.14280552,0.040507834,0.6405153,0.22718166,0.6171479,0.6295115,0.118409544,0.29394275,0.6269789,0.6818179,0.5528233,0.93082625,0.6180767,0.67063665,0.60167164,0.021593,0.3231548,0.743339,0.40035215,0.13368805,0.19741812,0.6450746,0.72112435,0.41795924,0.84603,0.30807853,0.43198222,0.814173,0.021077,0.97697914,0.08424249,0.15647483,0.094238415,0.49511117,0.88972855,0.33363175,0.24742267,0.09192675,0.536013,0.69682527,0.28126872,0.74127066,0.99095225,0.9212445,0.8718952,0.14443904,0.2059575,0.41787356,0.16799307,0.16596228,0.5799975,0.2438123,0.25876325,0.69484174,0.6760758,0.8049407,0.24906099,0.5169062,0.12295212,0.33945704,0.9670979,0.7362219,0.57626605,0.55652994,0.962602,0.9754771,0.2596177,0.6632948,0.81194615,0.66313124,0.8767662,0.2888552,0.7678493,0.40790498,0.38006836,0.65493417,0.39877844,0.88565016,0.77384496,0.4370467,0.43184042,0.67528296,0.15573144,0.19026214,0.54352593,0.10511458,0.85136604,0.65872705,0.604391,0.3843577,0.1628688,0.12825626,0.72434425,0.4673013,0.37658334,0.30212876,0.89265215,0.79463387,0.17915168,0.95477295,0.11165293,0.28150254,0.37291253,0.32247496,0.93734586,0.9852,0.6218953,0.5506944,0.16706291,0.6974052,0.8909592,0.8758197,0.4131751,0.059453912,0.09049758,0.5966579,0.95049584,0.1611546,0.1349955,0.5734545,0.5617864,0.5586604,0.8404115,0.42974272,0.9641408,0.085496664,0.4803955,0.51672083,0.6407391,0.68149006,0.33154225,0.17788938,0.5978506,0.115380585,0.54628694,0.75781715,0.2937679,0.42752194,0.8036859,0.24313417,0.24071273,0.48007518,0.01261675,0.1094723,0.56449527,0.07443541,0.07021941,0.32449383,0.13637426,0.6329274,0.5484762,0.12562959,0.47654998,0.37239206,0.52837,0.34370524,0.8453698,0.6643199,0.19754991,0.5412903,0.8769364,0.11028333,0.7992877,0.1725,0.366489,0.12452625,0.3978886,0.19124159,0.7276344,0.4491374,0.72657156,0.5762497,0.39580083,0.7732539,0.39889413,0.3579064,0.4638238,0.26541722,0.13667646
BC2026_Train_0004_S08_20250607_070007_5,0.67301416,0.9272258,0.9914563,0.6696615,0.6463554,0.9189812,0.053706877,0.50307435,0.6721943,0.14491606,0.92092717,0.79522395,0.77511144,0.7561069,0.50260115,0.79380274,0.18179207,0.88014793,0.6944475,0.8148662,0.68242574,0.9683889,0.47374815,0.39422482,0.8040873,0.36299253,0.8339913,0.6560241,0.99353373,0.62642956,0.37273732,0.4176697,0.9850328,0.33571073,0.33055252,0.88135433,0.8400389,0.5750148,0.58760077,0.5424308,0.29855454,0.9896162,0.54599535,0.44797397,0.60999167,0.6602215,0.9634726,0.9382807,0.74218357,0.74259794,0.36800933,0.5531889,0.5534149,0.30323339,0.9471284,0.12698331,0.89311033,0.5133048,0.9887656,0.62661076,0.8612509,0.5054748,0.9787154,0.34466875,0.49605206,0.06602573,0.80668724,0.5530332,0.31729263,0.84296966,0.18541592,0.5858972,0.65235233,0.89652085,0.54303515,0.4583984,0.209054,0.9220793,0.1465912,0.5311536,0.6469953,0.76025355,0.8306012,0.80983293,0.85466623,0.5361908,0.64847463,0.9115083,0.4849156,0.8038038,0.198834,0.9077641,0.7189028,0.82902443,0.42542392,0.22802913,0.45470417,0.7321491,0.7900312,0.7517842,0.029644854,0.84255654,0.6715571,0.72736096,0.5233185,0.9589854,0.5651061,0.08808054,0.7417543,0.1314402,0.7176753,0.19936997,0.37900794,0.78601646,0.7032058,0.5928429,0.88640046,0.51925707,0.2673084,0.8901,0.76482785,0.5883042,0.14375146,0.41837916,0.51587456,0.46321967,0.5908265,0.8865802,0.4863525,0.45697343,0.81496525,0.4244364,0.35343614,0.9511479,0.7684277,0.5775775,0.5610492,0.23525208,0.8482096,0.98392284,0.5072248,0.20415395,0.21851689,0.6311928,0.982472,0.4684148,0.42612207,0.88670444,0.7875166,0.19497438,0.59700394,0.5205402,0.5541713,0.15436211,0.85959375,0.32543784,0.457856,0.13831937,0.33233058,0.80495167,0.7261385,0.8708812,0.12721574,0.6757362,0.831169,0.8530001,0.48381472,0.62868273,0.18333209,0.81969595,0.73250103,0.72662985,0.8437712,0.59135705,0.5782767,0.5180334,0.499559,0.89384484,0.77564347,0.8413303,0.37564188,0.6976423,0.59310913,0.46426073,0.35869145,0.30333695,0.19631648,0.88347065,0.44080085,0.27698627,0.32051617,0.76910377,0.8001927,0.9705666,0.61695206,0.57526916,0.72017604,0.369803,0.6581142,0.41636634,0.17000186,0.57209146,0.78843117,0.47230643,0.41817045,0.7511245,0.4428354,0.3076493,0.5147948,0.649925,0.90860057,0.6921449,0.9237875,0.7291978,0.31744233,0.75524616,0.692451,0.7159343,0.19338018,0.60733163,0.3205632,0.095325574,0.76558185,0.8513823,0.5058844,0.9105464,0.26762575,0.47518706,0.79269224,0.8779336,0.8290571,0.93877995,0.46158713,0.06992
BC2026_Train_0004_S08_20250607_070007_10,0.70032823,0.9932912,0.97425365,0.576943,0.6550045,0.64680016,0.10287544,0.47959435,0.6616613,0.16561437,0.37603194,0.7913188,0.55442625,0.80006766,0.59137964,0.85339296,0.2232571,0.769773,0.7582351,0.74718845,0.74645054,0.9360671,0.54193544,0.276075,0.687695,0.6964619,0.7943673,0.72974217,0.998196,0.6529565,0.48651826,0.4793865,0.998433,0.5443398,0.4560882,0.9517205,0.79462326,0.6150605,0.551309,0.8559116,0.41795224,0.6475474,0.769964,0.46307734,0.3622687,0.36734396,0.9376986,0.98443425,0.66196704,0.66686904,0.7583935,0.7741735,0.786948,0.42459416,0.9860147,0.120747484,0.7978481,0.47931182,0.9458467,0.74751043,0.5476951,0.4462939,0.40719277,0.45535156,0.2386478,0.07991092,0.9414704,0.5033872,0.469904,0.8385961,0.22830743,0.57268035,0.6120267,0.8628738,0.57899815,0.14070228,0.64507234,0.9009353,0.21913677,0.6092049,0.763265,0.9176238,0.76705897,0.5225085,0.83910763,0.68331504,0.66751415,0.6258358,0.35257763,0.7707231,0.2872482,0.8994075,0.5046332,0.81726015,0.66151613,0.20029274,0.3786077,0.7817353,0.5597595,0.63015187,0.1764481,0.7286011,0.5586644,0.5606255,0.5159103,0.5693161,0.4961018,0.08951229,0.5641259,0.06521864,0.5596776,0.28307122,0.736733,0.7689806,0.7821555,0.6685386,0.8317071,0.4886273,0.33820695,0.6854806,0.80665314,0.5563374,0.2040877,0.54536486,0.5809227,0.42180616,0.5486629,0.8728472,0.6498964,0.4983873,0.6800195,0.32998317,0.38061696,0.6911411,0.6132269,0.6776078,0.73008347,0.42843956,0.6048922,0.52824557,0.19356886,0.23601526,0.15348613,0.69231504,0.9517932,0.33466774,0.6539633,0.58376354,0.63058245,0.07937244,0.41537678,0.3251261,0.700366,0.63426375,0.83897996,0.32634556,0.298231,0.24473712,0.1180049,0.7416235,0.52669024,0.74752235,0.48698092,0.50422287,0.7781955,0.7978865,0.47446647,0.5452759,0.5878569,0.6966624,0.6812273,0.61121726,0.89160043,0.30316046,0.43515933,0.40843982,0.5811725,0.8971663,0.6908212,0.900205,0.45023346,0.5978457,0.6276735,0.5146125,0.3936363,0.19785756,0.3054859,0.5584313,0.6224359,0.23920909,0.6225854,0.8328992,0.6283846,0.73022556,0.5518232,0.5346605,0.43130255,0.20378059,0.67585224,0.76050365,0.17382106,0.725137,0.7182359,0.34370935,0.40765518,0.9091117,0.47165048,0.6137552,0.3831296,0.36301637,0.72339964,0.5907205,0.8577107,0.8194808,0.27220476,0.7062324,0.5275302,0.6006453,0.19993767,0.69557244,0.39099175,0.328915,0.64548624,0.44502318,0.55108994,0.94553304,0.5279863,0.32276815,0.5978103,0.8688259,0.5954961,0.7082156,0.59116197,0.18388745
BC2026_Train_0004_S08_20250607_070007_15,0.6887355,0.7190415,0.8208705,0.52657545,0.60955846,0.6573086,0.4597137,0.6618402,0.99594796,0.38332236,0.16996962,0.57539546,0.7131914,0.78407896,0.24378952,0.9713527,0.45990652,0.32408613,0.6527191,0.68445706,0.7078513,0.49865305,0.5822916,0.36177844,0.7615863,0.6478466,0.92461336,0.49829006,0.9363828,0.52413356,0.47514132,0.85441184,0.8868241,0.73335207,0.39006263,0.5560999,0.72270274,0.84523046,0.8004613,0.83127666,0.61026525,0.46528268,0.75585175,0.8646625,0.36341155,0.3746841,0.7596647,0.93041277,0.95697755,0.9542255,0.69468784,0.76840186,0.7751069,0.59662867,0.8812529,0.16968551,0.46537715,0.727167,0.74357355,0.7872764,0.6426226,0.5038599,0.4692613,0.6135497,0.33542958,0.724476,0.7409154,0.46615908,0.6926316,0.59192896,0.36984164,0.56182426,0.65334,0.83251053,0.39013267,0.10544285,0.6517546,0.82723534,0.48152518,0.57740486,0.6515379,0.9062766,0.8420571,0.5610542,0.6497159,0.50671893,0.5717674,0.62722737,0.4935504,0.7728745,0.20305766,0.93770623,0.7475854,0.89730847,0.414092,0.20137942,0.5804255,0.7166103,0.33983153,0.68337023,0.42312264,0.7353877,0.7917104,0.5177859,0.6700654,0.4570873,0.57817835,0.304837,0.41282672,0.13418381,0.6750617,0.5140911,0.7680874,0.46509564,0.59917367,0.70414114,0.8174418,0.622137,0.67444694,0.5434153,0.90339696,0.89492774,0.23845318,0.5286002,0.5849676,0.46091688,0.29459852,0.9131205,0.6165724,0.6686834,0.74279034,0.07531408,0.5921482,0.63551164,0.54072154,0.7718353,0.82891,0.58299655,0.73576057,0.645766,0.2692522,0.42977685,0.31088734,0.73999274,0.90425307,0.2486313,0.81896615,0.73668194,0.77854073,0.08587663,0.608562,0.54566216,0.70969844,0.63915646,0.8390323,0.67781174,0.5064582,0.2646194,0.1550214,0.6268626,0.81289816,0.58989865,0.44560277,0.6590955,0.6668904,0.48921144,0.6907264,0.67375684,0.5928707,0.6384585,0.45880133,0.6716788,0.76994014,0.19576314,0.46355766,0.70604277,0.804667,0.812907,0.6830764,0.7366272,0.71408856,0.43030947,0.59502494,0.4223262,0.9209724,0.3740161,0.26755688,0.59842956,0.39614284,0.4492076,0.6049633,0.7819458,0.910967,0.7599654,0.67594683,0.4868182,0.2563182,0.12499656,0.80785024,0.7858921,0.1839199,0.8187027,0.83192194,0.2742259,0.65682375,0.93949854,0.3127789,0.5165322,0.3264146,0.19787362,0.74532926,0.67475986,0.89437115,0.71344006,0.684935,0.89158523,0.46049684,0.7561048,0.08334841,0.66139984,0.3511491,0.5387958,0.4256481,0.3158115,0.58911484,0.89735496,0.7292781,0.48306152,0.49166685,0.85384786,0.6199132,0.639179,0.71400476,0.317212
BC2026_Train_0004_S08_20250607_070007_20,0.72110105,0.94467205,0.9276148,0.33470067,0.57584536,0.67856646,0.6371399,0.5248486,0.98346543,0.22845241,0.22167061,0.7527804,0.65501225,0.6772754,0.17973745,0.9502915,0.40912837,0.39243108,0.6048933,0.6279764,0.6841413,0.7423794,0.682826,0.42456686,0.66281486,0.31870514,0.9935066,0.6710073,0.974018,0.8736341,0.36375058,0.45574147,0.9410944,0.35962796,0.2737817,0.66653204,0.82672524,0.6923882,0.48393553,0.68917704,0.5598279,0.52797157,0.8215257,0.48846823,0.41905308,0.4130025,0.92225766,0.92283636,0.75341606,0.75102544,0.53583384,0.8305112,0.83415866,0.55130297,0.9830571,0.08002554,0.48955268,0.51785785,0.83534133,0.71997535,0.63858783,0.38537824,0.6543989,0.6449182,0.25642112,0.34510854,0.78168786,0.61653167,0.6487403,0.81548536,0.23246357,0.5647974,0.5887261,0.85296035,0.32452154,0.26725078,0.75856984,0.82839715,0.48366386,0.624472,0.7139913,0.73975873,0.8927295,0.5024423,0.8354485,0.61445916,0.67156386,0.78978217,0.32058483,0.88207036,0.27872577,0.9483172,0.88825,0.98594296,0.38922405,0.09969865,0.57059777,0.74073577,0.45118678,0.6482254,0.19565746,0.6723162,0.63589764,0.64978445,0.5464691,0.76544976,0.331697,0.24506763,0.586574,0.28809226,0.647112,0.45161456,0.5888406,0.45456272,0.73963714,0.7111186,0.8336648,0.4902979,0.58593446,0.65359044,0.8581717,0.7001065,0.31577337,0.62554777,0.6977713,0.6637827,0.38873273,0.9445256,0.65801036,0.43940043,0.66744024,0.060427666,0.6705973,0.7327553,0.45553815,0.4187616,0.7304106,0.33149904,0.6467155,0.84555054,0.33404917,0.42582953,0.34632778,0.7349043,0.92290187,0.2959221,0.90555227,0.7535304,0.89091504,0.21978363,0.487137,0.5539866,0.56429946,0.59250534,0.85016805,0.7436662,0.3857359,0.25645995,0.1676732,0.79821205,0.52757937,0.5045719,0.476806,0.51359415,0.7417276,0.81234086,0.6082804,0.73280287,0.46822906,0.75796115,0.65417325,0.75453174,0.81015754,0.21170467,0.5576332,0.65626794,0.7510086,0.7649492,0.67475307,0.84123254,0.84667146,0.42284292,0.50136995,0.43408737,0.945037,0.46748596,0.4664744,0.7844299,0.40117466,0.46501124,0.3472103,0.8226422,0.73202187,0.74002576,0.5812731,0.39926142,0.28083405,0.34357917,0.82622325,0.6650661,0.2956386,0.81301343,0.64859843,0.6530565,0.656802,0.97691256,0.33176136,0.52922523,0.35686758,0.32960707,0.8787898,0.738739,0.78866017,0.76106644,0.22499222,0.83840156,0.3697757,0.7642835,0.1134285,0.6474838,0.34687328,0.3547563,0.5838853,0.31984538,0.22759348,0.9280305,0.45454577,0.52226144,0.49078345,0.8313018,0.78158534,0.78788483,0.8020116,0.1588757
BC2026_Train_0004_S08_20250607_070007_25,0.66576195,0.9483456,0.86269784,0.8194436,0.5101585,0.75855815,0.5745904,0.40945196,0.90120685,0.21225756,0.35288686,0.6996684,0.657738,0.88376606,0.18836969,0.86301225,0.40377545,0.5190386,0.770352,0.7851962,0.56755,0.88637215,0.38004363,0.85444397,0.6039623,0.21047999,0.9818289,0.64274645,0.9733629,0.72763705,0.65452266,0.75253916,0.918326,0.51063806,0.41033745,0.4984426,0.67594534,0.8034704,0.745524,0.3599813,0.16051915,0.7906238,0.6709633,0.77568454,0.6022076,0.5871631,0.8510934,0.87927234,0.8579375,0.8269783,0.6431593,0.6624628,0.65934736,0.15528107,0.92180276,0.18701807,0.4925169,0.8519577,0.93966925,0.5912935,0.73970425,0.4539132,0.3783657,0.48536667,0.37319785,0.8669261,0.9202254,0.5777847,0.6112744,0.9071318,0.16279551,0.20930415,0.6803621,0.7900431,0.66042423,0.36441797,0.51695216,0.82142663,0.4648818,0.8531282,0.6407243,0.5470681,0.9353323,0.5788641,0.94971824,0.6400652,0.8101865,0.7038754,0.4572482,0.8056066,0.42840728,0.84195316,0.8809972,0.9270674,0.5894258,0.19572142,0.65185183,0.8753724,0.63670254,0.6503438,0.20391697,0.46172926,0.33690226,0.72462,0.2953965,0.9212849,0.37438798,0.4316842,0.7793547,0.27616262,0.76460314,0.5554099,0.49742144,0.41634792,0.59016776,0.6470176,0.50188816,0.7005718,0.59909403,0.8148755,0.91566384,0.57896745,0.38896096,0.7448385,0.5383077,0.75566566,0.74770784,0.92468756,0.40486103,0.47603917,0.890149,0.1414417,0.65577024,0.91084886,0.68169945,0.28182554,0.7861912,0.36509883,0.8133545,0.72354186,0.6185062,0.5990221,0.3102917,0.6140667,0.9721403,0.38195252,0.8004941,0.935699,0.98206997,0.47616047,0.46748662,0.7980356,0.47338644,0.4839071,0.7522031,0.6115019,0.29272354,0.4121672,0.08021158,0.89276254,0.6343075,0.31815082,0.75399935,0.4711125,0.58662295,0.76451933,0.77456295,0.78337705,0.3495131,0.9485198,0.90358233,0.67044616,0.5828996,0.2923975,0.6076026,0.4788869,0.6027062,0.63098204,0.7142464,0.8629464,0.69507873,0.5046437,0.5011652,0.20541662,0.67578137,0.7824271,0.42280263,0.80777586,0.2564968,0.5412363,0.4844451,0.87181616,0.76399136,0.9224838,0.49146914,0.15546125,0.2659548,0.237065,0.78769976,0.7236091,0.25019407,0.47476077,0.6121497,0.7387173,0.7712524,0.86113036,0.5055224,0.52320623,0.15065898,0.41774297,0.59681034,0.8130661,0.96144795,0.7533387,0.34654096,0.80724216,0.673452,0.89441633,0.11540672,0.7467793,0.71439946,0.30294225,0.7996421,0.7573385,0.09437516,0.9080874,0.4492181,0.64331883,0.7159486,0.84225726,0.8814001,0.8429804,0.8541608,0.18386808
BC2026_Train_0004_S08_20250607_070007_30,0.5724703,0.55154455,0.64688027,0.9506173,0.5231532,0.62155664,0.48539466,0.32736748,0.68385094,0.11279505,0.30629426,0.4554064,0.46105427,0.58944714,0.058459874,0.757501,0.17602146,0.34865278,0.68023777,0.6492648,0.4766243,0.84029984,0.41905218,0.31775963,0.3320601,0.50599957,0.83207226,0.37464795,0.8710736,0.48925817,0.80337423,0.32937557,0.9643353,0.3553611,0.40331063,0.7806808,0.8344978,0.81595445,0.28174457,0.64463943,0.34476316,0.28157142,0.64181197,0.32922035,0.4802127,0.47107676,0.9906558,0.9640105,0.87254006,0.8537905,0.60487866,0.6452106,0.64196545,0.32210022,0.85894644,0.1673716,0.6099982,0.35744408,0.84676206,0.49734473,0.5955186,0.3132825,0.40291333,0.31956327,0.16266543,0.68235946,0.75021434,0.47356123,0.57514036,0.5695014,0.192794,0.26649025,0.8272641,0.7171211,0.70508623,0.5436771,0.25091788,0.93873703,0.6552242,0.8931568,0.51499844,0.4822276,0.9580456,0.53744954,0.84918547,0.5031182,0.9187572,0.48287973,0.6385248,0.6533989,0.23796451,0.82970905,0.6950954,0.6392356,0.6131531,0.17315334,0.4960577,0.78401303,0.40015006,0.67036796,0.23359229,0.54731333,0.29181963,0.72584856,0.31872898,0.8029314,0.6238804,0.3626879,0.63852453,0.4827801,0.8783364,0.382635,0.840961,0.70231247,0.72716725,0.73754764,0.56889486,0.6577971,0.5390757,0.8229487,0.91674554,0.788049,0.39288837,0.64334226,0.43684632,0.5644717,0.5389933,0.9466604,0.5276437,0.47304237,0.8914571,0.33262187,0.54780525,0.83218765,0.56904954,0.46127063,0.7313646,0.67835104,0.9489896,0.49559098,0.5957924,0.4736349,0.6162301,0.7687818,0.9145699,0.47100738,0.5820744,0.9046452,0.8055992,0.4193743,0.4205891,0.7205734,0.6544311,0.676224,0.78177667,0.71874845,0.31116933,0.22554365,0.06711815,0.8904399,0.52019215,0.6110411,0.69431806,0.6472915,0.7793982,0.6736516,0.64031637,0.87029827,0.41570836,0.825739,0.7688528,0.70195436,0.5039793,0.3224873,0.5827335,0.46879843,0.49290314,0.8837471,0.83653295,0.8924844,0.53711104,0.3773613,0.4437375,0.23722327,0.4231153,0.64552283,0.28372362,0.8214965,0.2859106,0.47377685,0.8220266,0.7135465,0.75966454,0.9662968,0.71547425,0.21134366,0.3661462,0.26839158,0.6734965,0.6770296,0.5790293,0.43102348,0.4995651,0.54492795,0.91187596,0.84136933,0.33708656,0.34459358,0.07143944,0.19703,0.6919775,0.88433266,0.89948046,0.7972989,0.302298,0.8515109,0.6723788,0.9197414,0.22083569,0.8392527,0.6918795,0.22453122,0.70902216,0.8383976,0.19389063,0.98350286,0.7298045,0.52715266,0.7177402,0.8905723,0.6751301,0.7969477,0.9083104,0.5468662
BC2026_Train_0004_S08_20250607_070007_35,0.6867436,0.71234155,0.47453463,0.84942985,0.670346,0.81627595,0.38028383,0.51372004,0.8797573,0.37063754,0.5288212,0.35590833,0.6067313,0.75850236,0.065969475,0.9591211,0.29621744,0.4106931,0.9452301,0.727725,0.7494395,0.7823882,0.69993806,0.66783065,0.7949724,0.742149,0.91260636,0.46242133,0.9395851,0.43584386,0.7237816,0.7078358,0.9708086,0.8382422,0.51310414,0.33534226,0.5913079,0.53304017,0.52862793,0.65355766,0.49289215,0.7159139,0.8141099,0.71952677,0.39560413,0.40421206,0.7773986,0.9201864,0.96128154,0.88636994,0.73281664,0.81974506,0.81719136,0.4972793,0.8992872,0.35386145,0.82620513,0.99030447,0.6314949,0.72412515,0.76401526,0.36762533,0.6326333,0.56027544,0.21973622,0.733009,0.84699714,0.6250237,0.5410114,0.6973196,0.27669233,0.4604901,0.771366,0.81550205,0.506222,0.2550403,0.38943857,0.8561429,0.5580121,0.93628585,0.8056568,0.4167198,0.96244705,0.6265938,0.75700665,0.6310735,0.89027965,0.5102128,0.5643339,0.77201796,0.32399762,0.8362444,0.76420534,0.80356133,0.7038386,0.388736,0.6714357,0.84490776,0.45859468,0.5284747,0.12544933,0.84134614,0.58669466,0.6791626,0.64016795,0.5680916,0.8600255,0.5320797,0.46925047,0.2800973,0.87427735,0.5380056,0.8462551,0.8341356,0.776791,0.64396656,0.9279828,0.51675415,0.6303266,0.6430273,0.9332942,0.9539162,0.24483004,0.54271317,0.63313925,0.46442315,0.6264708,0.909892,0.6445073,0.56800604,0.7259084,0.18009895,0.5882343,0.6298754,0.5865696,0.6514083,0.7982582,0.9111329,0.9197216,0.74878657,0.7375841,0.5873854,0.56668574,0.74795914,0.8860768,0.6018158,0.7018783,0.6670699,0.86003155,0.26820725,0.62039804,0.7484193,0.7105572,0.6708528,0.8293587,0.7229123,0.531754,0.22879869,0.18133226,0.8720325,0.9050337,0.7710382,0.76996875,0.77828324,0.7520269,0.51439524,0.65956485,0.8549439,0.50320697,0.85259557,0.54900897,0.69925,0.77778316,0.43432325,0.6172654,0.7483386,0.64352775,0.9125933,0.887475,0.9103137,0.7254411,0.6721649,0.54644716,0.37258273,0.5877521,0.72070575,0.23998138,0.74786186,0.6223054,0.55767095,0.8216609,0.7868414,0.7828895,0.90916175,0.83480585,0.4638765,0.5729437,0.3955974,0.7408666,0.55327785,0.6441082,0.71126723,0.6985111,0.53918415,0.85797846,0.7426052,0.40412933,0.48139477,0.18352135,0.31745356,0.70475006,0.8993319,0.88203037,0.66919553,0.5972513,0.86715233,0.41801497,0.88055384,0.38199323,0.71177065,0.55631053,0.35664332,0.7431264,0.6468413,0.3890988,0.88647056,0.656001,0.54950273,0.7122874,0.77734816,0.587698,0.8680825,0.86277795,0.5838151
BC2026_Train_0004_S08_20250607_070007_40,0.5713627,0.6011772,0.52268875,0.64027977,0.41820925,0.72034526,0.255265,0.3688419,0.9113683,0.50579476,0.4487955,0.15428062,0.50001574,0.750458,0.23936942,0.9935008,0.25134867,0.52517366,0.67788434,0.47069708,0.7385658,0.86072975,0.48468977,0.43154967,0.7855102,0.7115952,0.95470464,0.28761566,0.9840124,0.27541196,0.27278322,0.41765612,0.9075041,0.75347716,0.31475377,0.7371565,0.90997326,0.91133165,0.80350024,0.7437031,0.33076772,0.5478822,0.33532134,0.41657966,0.4983014,0.49378467,0.71991384,0.9777244,0.8150096,0.82071245,0.54550385,0.3511992,0.3462724,0.33364922,0.9931146,0.1693911,0.65276974,0.9094367,0.8161255,0.60633206,0.71548295,0.21454996,0.5896957,0.4875883,0.16974041,0.47317436,0.85507953,0.62984216,0.76028645,0.6345395,0.16162825,0.4665704,0.7786573,0.90579915,0.55949265,0.14189743,0.5139798,0.8954973,0.6889721,0.6403599,0.85053396,0.63138616,0.8769716,0.5821373,0.64218235,0.41102177,0.6868478,0.70073545,0.62489784,0.92311263,0.16115293,0.58634037,0.672035,0.97530913,0.40849167,0.2320731,0.6191524,0.7331662,0.5957593,0.7072764,0.1703682,0.7641443,0.78573453,0.6020091,0.6482754,0.67803967,0.78829837,0.36284012,0.58183026,0.16493753,0.9327469,0.5316199,0.61706436,0.74543333,0.8202324,0.7652122,0.9397061,0.7445705,0.7569475,0.8021211,0.86702645,0.9615307,0.19808415,0.79618704,0.52341026,0.48194528,0.60101724,0.9589865,0.34974825,0.78590775,0.50848323,0.07668352,0.4687193,0.83281374,0.6395435,0.4423079,0.8033087,0.8130572,0.92759216,0.881426,0.56785333,0.6325809,0.27892363,0.91808105,0.74093413,0.351865,0.68855417,0.82068,0.93695927,0.17587988,0.40076923,0.7306134,0.67958343,0.5270939,0.91618764,0.6795187,0.63271403,0.30016118,0.19365469,0.58512104,0.8174124,0.89427143,0.43377262,0.79732156,0.82581604,0.9084666,0.7387399,0.7669567,0.5034214,0.8091141,0.710449,0.78438485,0.9277141,0.16353321,0.6461048,0.7021866,0.624838,0.9620477,0.85000634,0.9320512,0.7076163,0.7755791,0.51991534,0.37611556,0.8752029,0.44478416,0.16302237,0.8329059,0.5205754,0.68429065,0.537297,0.7932553,0.9502592,0.9107239,0.7930546,0.4913261,0.7777369,0.16481712,0.8157424,0.67991996,0.26204437,0.5728258,0.63955486,0.341605,0.7120124,0.8249494,0.3669979,0.32211298,0.1972875,0.2964105,0.7956415,0.8133966,0.9018381,0.7350003,0.54245484,0.91576684,0.5991733,0.9183384,0.35142648,0.7227591,0.7222698,0.5073924,0.60071814,0.8080293,0.30242258,0.9725708,0.7407551,0.43464088,0.7626797,0.848922,0.5964926,0.88973796,0.63666874,0.39204717
BC2026_Train_0004_S08_20250607_070007_45,0.57567644,0.6971568,0.16661668,0.4162032,0.33195442,0.49198025,0.14712179,0.23329294,0.843657,0.18518484,0.30861145,0.16239318,0.50318295,0.55028903,0.15051475,0.80048376,0.076022014,0.39614344,0.5212672,0.39006096,0.64541215,0.8311789,0.32838112,0.83109736,0.7501931,0.42196578,0.8187717,0.17023592,0.88405406,0.2441445,0.33553275,0.51703453,0.93142635,0.6191186,0.350738,0.9044277,0.7534604,0.8480059,0.65651363,0.765087,0.50443196,0.59031016,0.43143225,0.5482302,0.30852774,0.2994097,0.9479134,0.9966724,0.814522,0.8336793,0.75847363,0.38692403,0.3754658,0.47955185,0.96164083,0.08341977,0.4251619,0.33186543,0.77425003,0.4135366,0.48606002,0.22158727,0.50917894,0.37636375,0.19522837,0.7104167,0.6359477,0.35351562,0.52001154,0.7340807,0.17149134,0.5744598,0.6671107,0.78028595,0.67694247,0.20710838,0.5953812,0.8856328,0.7906945,0.39006144,0.6198385,0.5070127,0.7232324,0.5629644,0.519881,0.43075502,0.8186363,0.69471025,0.48605868,0.71935296,0.17673334,0.69990647,0.53703064,0.9077215,0.3539182,0.06703778,0.5234778,0.5777261,0.6094918,0.62499857,0.32557434,0.5570643,0.6695595,0.80331695,0.5074953,0.56223625,0.5821247,0.12391259,0.59862447,0.2772508,0.7475711,0.29632208,0.6043853,0.6957003,0.5896554,0.69233227,0.9684204,0.6606828,0.56646466,0.713359,0.88395685,0.93170106,0.3262149,0.740721,0.4215927,0.42102352,0.24223524,0.94991255,0.30899993,0.64453304,0.42157584,0.12767854,0.23309103,0.81728494,0.5097558,0.39465684,0.9128761,0.5830021,0.8953284,0.68924356,0.51583374,0.70828795,0.20492217,0.7038132,0.83082485,0.39566112,0.49715143,0.73317325,0.80997145,0.11563666,0.38653892,0.7350228,0.5113257,0.6210458,0.92678535,0.43613392,0.59058166,0.18445027,0.1439046,0.45468897,0.86705685,0.81354654,0.29147968,0.6416981,0.6928179,0.6135168,0.43048406,0.8137752,0.27302083,0.58072025,0.66271865,0.5422347,0.8457473,0.07540535,0.519956,0.7623565,0.61834466,0.9460482,0.7662097,0.71670413,0.5470885,0.6033243,0.64297223,0.17834556,0.771976,0.3682631,0.32356304,0.7130728,0.37789828,0.47118956,0.5650857,0.7152533,0.8402821,0.86302745,0.6785208,0.40668172,0.5948992,0.14506283,0.5827056,0.6183793,0.2573214,0.535313,0.33608204,0.5129601,0.67936075,0.7607279,0.36294276,0.42495528,0.11036115,0.3009358,0.9058951,0.8494984,0.8634019,0.83012354,0.34111488,0.7767315,0.5329193,0.77242756,0.25191134,0.5030493,0.5840299,0.45580065,0.5847477,0.6846385,0.28848875,0.91383594,0.7419449,0.35428292,0.49442035,0.8382964,0.502633,0.8923756,0.5788807,0.22935593
BC2026_Train_0004_S08_20250607_070007_50,0.5442309,0.58004826,0.16611639,0.8942458,0.32563543,0.6566335,0.13118899,0.27386194,0.6864551,0.0834769,0.28062826,0.28404707,0.53187346,0.65309757,0.28377473,0.78095233,0.08053175,0.6475662,0.4593268,0.7463734,0.51036346,0.8106239,0.27459842,0.19304836,0.82297885,0.287111,0.59727514,0.13341689,0.83698064,0.25209695,0.42753977,0.089095116,0.9127073,0.739573,0.194027,0.79260516,0.98298824,0.85963297,0.7511592,0.5733154,0.24616495,0.336528,0.34207892,0.13093214,0.51459384,0.50923574,0.8289472,0.9814378,0.9122331,0.8807955,0.3268661,0.35692585,0.36377868,0.2532913,0.9273952,0.058998987,0.5687837,0.56452096,0.49078643,0.6720108,0.7311486,0.31022757,0.45836478,0.380972,0.5428195,0.13558878,0.8129122,0.36999863,0.26112837,0.6374035,0.22402051,0.48902667,0.8303596,0.7137474,0.34473804,0.103540406,0.5964632,0.8514491,0.61133784,0.6723746,0.72946095,0.5921337,0.89821655,0.790241,0.7793609,0.3254304,0.67978644,0.7273643,0.73082554,0.8357016,0.075587705,0.5071404,0.7905748,0.910885,0.2553032,0.031539436,0.5428597,0.79355514,0.47655314,0.7595931,0.4604555,0.83257437,0.21183547,0.6607857,0.32848018,0.501946,0.7758422,0.050530918,0.54094887,0.1937997,0.90604126,0.33210683,0.50396967,0.85294735,0.79566467,0.76242185,0.9682833,0.6871332,0.7164196,0.7215514,0.9044996,0.913836,0.31651783,0.81081676,0.32309526,0.58703464,0.2672277,0.95002913,0.29221737,0.5483247,0.6081356,0.35118687,0.34828037,0.7150279,0.5845222,0.55375266,0.93731403,0.45874876,0.63897145,0.49317428,0.14595595,0.9799054,0.20186177,0.80427635,0.75006753,0.46345755,0.58289963,0.79360497,0.97646856,0.3724082,0.6171907,0.7622943,0.65621936,0.43889916,0.8271053,0.58445585,0.4679007,0.36723703,0.3000418,0.74087226,0.9402172,0.76714826,0.61806697,0.50989103,0.89014995,0.97034883,0.42927557,0.8075135,0.4571253,0.69756484,0.64374983,0.6771561,0.76663446,0.15733668,0.7544098,0.5792606,0.58585376,0.9619318,0.83221495,0.86279213,0.7572725,0.6723151,0.62642753,0.3115334,0.45048678,0.8140985,0.2364485,0.79352546,0.40223682,0.29251307,0.69478714,0.8361112,0.777529,0.7649299,0.80728346,0.34344554,0.6369195,0.16426304,0.7369931,0.54805696,0.4484601,0.31482536,0.23822376,0.6271584,0.7459469,0.782284,0.28962183,0.33288646,0.31888503,0.5749968,0.9738525,0.94433844,0.94401884,0.75847554,0.41141063,0.86985135,0.26795885,0.66927576,0.28810167,0.596581,0.31254947,0.40598577,0.7599696,0.6650616,0.25485405,0.9921358,0.7445798,0.74894226,0.4202488,0.9039049,0.87788785,0.9691504,0.7940388,0.20924672
BC2026_Train_0004_S08_20250607_070007_55,0.50626767,0.63770556,0.65643716,0.9066011,0.6666721,0.73792064,0.1671782,0.56628656,0.7683619,0.16865927,0.5950479,0.2704335,0.6232182,0.69680643,0.29938495,0.90288424,0.40520978,0.6947086,0.6406119,0.80509365,0.7254342,0.9429948,0.28759038,0.08470079,0.73508334,0.33075386,0.729467,0.29374105,0.8858322,0.40360522,0.24878079,0.1446214,0.39398122,0.19352661,0.0935775,0.6155833,0.9734764,0.88761437,0.38737953,0.58558923,0.26141477,0.845727,0.32984334,0.1460867,0.55092126,0.55580175,0.8978387,0.9801786,0.70808935,0.7059289,0.31697217,0.3324975,0.3407201,0.25186494,0.94677913,0.08616085,0.36008155,0.32107854,0.68417263,0.8128141,0.9019662,0.38918954,0.63241535,0.52886873,0.79379225,0.33149445,0.8190199,0.6036094,0.35631335,0.732336,0.12598033,0.3335179,0.91960466,0.89389074,0.2855225,0.05212117,0.4012453,0.8347817,0.15306357,0.91724265,0.91875887,0.6913824,0.88766724,0.8085568,0.76739776,0.5284742,0.48800772,0.7942866,0.7733171,0.9211979,0.15147078,0.24877116,0.5792322,0.8881536,0.57123196,0.14060348,0.81092703,0.79370177,0.65007496,0.8072182,0.1886968,0.9722366,0.15274662,0.46859676,0.32180285,0.61267865,0.6956525,0.115900815,0.4739942,0.33221662,0.6129112,0.16920692,0.31602573,0.83498794,0.93197244,0.8371374,0.9531312,0.6062899,0.64125633,0.86073935,0.83712184,0.799844,0.36986786,0.58071804,0.50694805,0.8867929,0.586138,0.9626982,0.4258705,0.3603313,0.5556711,0.12838057,0.68176913,0.7907092,0.45324546,0.73324394,0.89986813,0.4549383,0.5309329,0.80679965,0.23282436,0.59888625,0.4175059,0.7742841,0.6589067,0.8741342,0.64168084,0.5142821,0.99117994,0.39163595,0.75799596,0.7053844,0.5363952,0.26910788,0.85436726,0.6458088,0.43609905,0.55160785,0.49997032,0.709983,0.882927,0.9339287,0.6379268,0.80349493,0.86104035,0.49912235,0.39659765,0.74827254,0.4579322,0.66357756,0.782562,0.8439198,0.5076903,0.27665734,0.9166511,0.43583155,0.8874914,0.95236504,0.6163906,0.9164056,0.7482697,0.48379922,0.55808693,0.3866161,0.56617707,0.6154477,0.09128667,0.82962596,0.40900177,0.14059451,0.563102,0.85315645,0.9409204,0.7691393,0.67615354,0.3840345,0.6303739,0.2697475,0.90932655,0.90779126,0.6928108,0.32303464,0.32663226,0.38353533,0.83140016,0.69363606,0.557876,0.16360569,0.2074553,0.48281455,0.94586575,0.90067744,0.8930352,0.70026803,0.3959881,0.7916829,0.12261368,0.8161323,0.316626,0.62107676,0.21610215,0.31276554,0.76666546,0.7204759,0.4778613,0.95478785,0.7763052,0.8753239,0.5402286,0.7989737,0.8255397,0.97031295,0.6895553,0.2328334
BC2026_Train_0004_S08_20250607_070007_60,0.66881347,0.6236696,0.88247955,0.3245078,0.97308326,0.66469246,0.64268017,0.9422167,0.9684988,0.6617676,0.5044785,0.12472417,0.7888346,0.70113754,0.47601098,0.9488773,0.8758166,0.26228333,0.8572676,0.86526144,0.6733947,0.864733,0.7997823,0.24442849,0.7617687,0.20331836,0.9760156,0.27591577,0.78035057,0.797418,0.2308405,0.28734776,0.20733972,0.5075535,0.31536874,0.71248674,0.6828563,0.46980596,0.6966014,0.6827731,0.12657785,0.47923985,0.6093877,0.29503423,0.5342306,0.5321001,0.20700738,0.3356321,0.37957633,0.37500226,0.37902567,0.6177804,0.6142602,0.111593,0.6547599,0.20193964,0.23327997,0.972908,0.76325583,0.6807486,0.86975145,0.75492394,0.97053444,0.82224786,0.89243793,0.7912909,0.7698064,0.5487609,0.3747251,0.76988864,0.2667213,0.6349515,0.79258597,0.89853597,0.2261852,0.051455416,0.09804253,0.5920219,0.087303504,0.5807835,0.9496453,0.9025831,0.96867704,0.9081708,0.77819073,0.7179979,0.7678391,0.93982875,0.67814064,0.82281584,0.35894048,0.5205502,0.7656294,0.90825486,0.93889165,0.680776,0.7164271,0.6503289,0.4737477,0.6390079,0.28682297,0.99004376,0.11448905,0.727443,0.7063385,0.8226719,0.5541664,0.5373777,0.59100676,0.6220323,0.5928501,0.3614483,0.432579,0.59030724,0.9293864,0.78541243,0.6220183,0.8652656,0.6808343,0.7479369,0.6692816,0.86834955,0.4649125,0.49574834,0.7592584,0.9225687,0.53076476,0.724514,0.28174877,0.43194264,0.8712116,0.15190512,0.5962198,0.81574416,0.548796,0.9663521,0.80616415,0.7612642,0.6165894,0.9908147,0.77196354,0.39669937,0.799176,0.83507913,0.78912926,0.9405917,0.9389646,0.56063265,0.95161843,0.6724969,0.94346035,0.8135854,0.5784255,0.49275064,0.836313,0.72066474,0.26748598,0.8953583,0.27606657,0.64978755,0.78491414,0.7514472,0.47577572,0.9326385,0.5425828,0.5861411,0.4715249,0.9520333,0.7070594,0.56900525,0.4834985,0.5916005,0.38636678,0.73751044,0.9514561,0.76813877,0.9953749,0.7829906,0.5097147,0.8192914,0.8168229,0.28434116,0.57897794,0.5493928,0.52715594,0.49400488,0.1354044,0.9572135,0.78937185,0.39726734,0.69595945,0.7510464,0.9782853,0.73185873,0.9064896,0.77491665,0.6806975,0.312827,0.8910911,0.87375003,0.92893857,0.8036021,0.54974055,0.21906567,0.92163956,0.81642854,0.5860795,0.40783972,0.42682725,0.44878417,0.874393,0.68469715,0.91201335,0.8861521,0.4420874,0.5624829,0.069673754,0.94822913,0.2619356,0.7745805,0.17977169,0.18390849,0.9259625,0.45558915,0.27485853,0.81103015,0.80968416,0.85042286,0.58350384,0.84462845,0.90426254,0.9824228,0.7151288,0.26352105
BC2026_Train_0005_S08_20250607_070007_5,0.54515207,0.49726906,0.6832845,0.33558857,0.44446617,0.42289943,0.17407358,0.43521324,0.87486035,0.18108249,0.1869086,0.80212367,0.8512052,0.73042506,0.54121786,0.40664274,0.6842283,0.6193646,0.502061,0.6631969,0.39344072,0.96398354,0.47220838,0.22136778,0.3106738,0.21482521,0.4593951,0.29967165,0.748735,0.58473897,0.9161531,0.13456556,0.290389,0.13653879,0.18914083,0.91177404,0.979059,0.93014574,0.14364292,0.61210054,0.3983035,0.30863124,0.5263525,0.12334162,0.98406065,0.97600996,0.9766778,0.8066691,0.6093381,0.5932804,0.41832075,0.49482358,0.49868128,0.415726,0.8499944,0.36921144,0.88081676,0.849035,0.83119893,0.49272728,0.7131163,0.6905396,0.83393115,0.29027748,0.36373562,0.6320794,0.6338494,0.37113306,0.4002629,0.27579716,0.8575206,0.47039458,0.93256533,0.4509523,0.29880857,0.38545644,0.5099766,0.8778155,0.47409397,0.40463752,0.91322976,0.80405796,0.77724504,0.7956927,0.83553004,0.67033124,0.5135413,0.47069228,0.972602,0.9035748,0.11825436,0.6827431,0.77219164,0.3682686,0.26038903,0.41448492,0.7607653,0.40049517,0.72976017,0.81173515,0.89118695,0.95978284,0.1221973,0.30562964,0.10799883,0.8228365,0.80557656,0.7835864,0.89224184,0.831457,0.92137647,0.05230763,0.9708208,0.60269904,0.91297793,0.97684157,0.8709594,0.46617696,0.48796996,0.8016076,0.7754704,0.5299268,0.79109085,0.9471917,0.119473115,0.9766046,0.13756475,0.7997396,0.87044823,0.16604128,0.9794574,0.8828386,0.44364518,0.94706905,0.937227,0.75046444,0.88667065,0.8756124,0.9466353,0.40921772,0.56278694,0.7206018,0.9807646,0.96298337,0.5242852,0.85358703,0.7449801,0.710467,0.69365287,0.15616292,0.97242796,0.8845186,0.93533206,0.79641867,0.78645563,0.93271756,0.5079558,0.79732895,0.531214,0.9160478,0.803484,0.9004088,0.3461833,0.5684458,0.85866976,0.5931921,0.30759138,0.97047246,0.93653953,0.8657782,0.8494359,0.8840171,0.6061816,0.4187427,0.9351784,0.19726932,0.9210435,0.8868562,0.9626581,0.6014209,0.94815624,0.7281902,0.80761015,0.88582706,0.83966625,0.7847692,0.7171049,0.94172406,0.28379464,0.074796796,0.8713623,0.87631226,0.70130396,0.8218417,0.9688188,0.74992657,0.8546215,0.67524266,0.69536495,0.5109897,0.38566208,0.9882083,0.68351066,0.7054597,0.8859136,0.7008689,0.08630625,0.5199952,0.77022314,0.7212993,0.9446624,0.93708634,0.64125216,0.95937896,0.46679664,0.65934145,0.5053001,0.72134924,0.65709734,0.91044486,0.42372808,0.7528616,0.90255547,0.97274995,0.42251506,0.81037843,0.84767914,0.58794403,0.9251256,0.9686333,0.84338963,0.92674124,0.8164439,0.33861178
BC2026_Train_0005_S08_20250607_070007_10,0.58341324,0.43044472,0.62544894,0.22470832,0.79435205,0.49409637,0.3374995,0.51458174,0.65349233,0.41198838,0.2205824,0.6599852,0.78192043,0.60661364,0.38657594,0.47690153,0.6876501,0.26469097,0.2568228,0.74705565,0.62271947,0.4105232,0.6378782,0.485255,0.6170963,0.64853644,0.60626125,0.44110203,0.75057817,0.74749863,0.3391626,0.07874452,0.1397328,0.33454803,0.41555208,0.6183828,0.71985257,0.5430426,0.37116957,0.83235157,0.43394828,0.5086965,0.72844934,0.06833957,0.6032907,0.5979983,0.41185623,0.56345236,0.65396523,0.6576116,0.56545895,0.7165052,0.708549,0.42821085,0.65498865,0.2836302,0.53832287,0.5625264,0.49772412,0.7271323,0.7090858,0.45972598,0.56403196,0.47036248,0.89183176,0.7776654,0.73446536,0.5046971,0.313034,0.40367192,0.8867042,0.70571506,0.7671118,0.39858246,0.13571778,0.12762651,0.42098212,0.5735564,0.2103052,0.21470368,0.67834723,0.6627145,0.8138975,0.55355084,0.86833906,0.5475874,0.5210805,0.23054887,0.9508076,0.67761004,0.44608593,0.8096421,0.5552975,0.27523613,0.4809124,0.43312562,0.7284806,0.51548654,0.5701574,0.48496974,0.8249463,0.96565676,0.22806585,0.49026173,0.41568655,0.5120256,0.7600895,0.46733087,0.6298003,0.7866555,0.9177878,0.17714688,0.74696255,0.40797722,0.95773363,0.75361025,0.8157629,0.34645525,0.6940056,0.5359132,0.74037325,0.65505517,0.515556,0.71752167,0.3426897,0.7902489,0.26430535,0.59930724,0.85277224,0.31624717,0.94171464,0.69664145,0.57593495,0.79406273,0.72279716,0.506113,0.86972773,0.8526011,0.8005749,0.2955061,0.36565167,0.57599366,0.889953,0.7905929,0.51372296,0.95195746,0.9522984,0.4410773,0.46757296,0.27800572,0.9472238,0.9026613,0.7793855,0.506729,0.5317075,0.9048004,0.4824497,0.8556589,0.35173583,0.6202147,0.6397821,0.74654037,0.32863152,0.88310516,0.63320684,0.42362255,0.30213386,0.99525,0.7226219,0.62173533,0.44285366,0.95059,0.4465471,0.6736146,0.9675604,0.45479035,0.9704088,0.8602191,0.8503302,0.6411787,0.9028229,0.5517293,0.5299711,0.7526864,0.50474954,0.78360045,0.41147766,0.8510055,0.20805645,0.2413581,0.7336323,0.6336845,0.3665387,0.57591987,0.9318429,0.7513093,0.54997075,0.41461986,0.55566597,0.40940112,0.5469088,0.89905816,0.4537918,0.49861223,0.95602655,0.6829909,0.28501874,0.39138395,0.7543317,0.35172772,0.5744339,0.85044324,0.47299212,0.8841108,0.49141768,0.6230198,0.15865552,0.8510374,0.767812,0.7300841,0.32002884,0.64907646,0.59412086,0.75463593,0.34636593,0.5955509,0.9493797,0.64908636,0.64461017,0.7402605,0.5878583,0.83542603,0.5699192,0.6076355
BC2026_Train_0005_S08_20250607_070007_15,0.49180776,0.42609853,0.58463615,0.43020296,0.5252286,0.4174192,0.3471688,0.27721292,0.7198653,0.5489625,0.14257777,0.57878524,0.809096,0.46647167,0.24454558,0.7352066,0.4637947,0.37636262,0.21657546,0.4685083,0.7227094,0.7326107,0.42087764,0.13384657,0.37140828,0.60183203,0.7791283,0.5623554,0.8870294,0.6607957,0.67246896,0.332811,0.7180735,0.503023,0.21416742,0.9538944,0.9650531,0.98582387,0.35826617,0.6562192,0.204561,0.28459176,0.4151435,0.35503927,0.7970656,0.7914462,0.74516743,0.5402895,0.67355394,0.6774807,0.21105754,0.4210798,0.4243784,0.24475417,0.8988247,0.33346426,0.5978359,0.7697437,0.5981712,0.6198926,0.38655108,0.4222653,0.36535746,0.35088235,0.645177,0.46454215,0.71876836,0.38105243,0.60777813,0.3178426,0.76176876,0.5197542,0.91056085,0.70355177,0.3603651,0.20349427,0.763088,0.70751405,0.38159174,0.26561192,0.94448006,0.8952491,0.7796763,0.6235799,0.90149224,0.6535778,0.59894073,0.14105374,0.96086705,0.7420262,0.2789939,0.7781583,0.6874721,0.4033501,0.47596735,0.460834,0.59626716,0.6114199,0.46686023,0.59075993,0.76808715,0.916067,0.54435045,0.3628235,0.40162724,0.6699482,0.83904946,0.64100015,0.84999084,0.43094128,0.9265025,0.23664409,0.84886146,0.6586604,0.9411155,0.7730806,0.8931818,0.6271521,0.77197444,0.7317866,0.76665246,0.7945428,0.5653297,0.90417755,0.27779436,0.88479376,0.21371087,0.7809036,0.876392,0.4649225,0.82345235,0.727677,0.33217067,0.9095737,0.6457981,0.6731609,0.9529098,0.75599587,0.91083467,0.17392068,0.5329516,0.6801634,0.9418266,0.86382407,0.61593914,0.79859483,0.7853596,0.51404333,0.5630991,0.298306,0.70514524,0.83868045,0.8889368,0.5584984,0.6949372,0.94728494,0.3016371,0.7398453,0.42110676,0.4981507,0.43393394,0.7203197,0.17679471,0.53734624,0.8635305,0.8067631,0.41104728,0.9708235,0.5641798,0.8315741,0.52956736,0.8534553,0.67859614,0.43643668,0.9052995,0.33656436,0.89881825,0.87303686,0.9166534,0.8469831,0.9291009,0.6620339,0.69889045,0.7672578,0.39897937,0.78418124,0.6008251,0.9681531,0.16034721,0.388763,0.89024687,0.75620973,0.41583568,0.70858383,0.9140307,0.7427558,0.7344887,0.21946196,0.8021187,0.57010394,0.5010908,0.9476134,0.56060576,0.75271106,0.86330783,0.6885673,0.11701456,0.61413383,0.69575214,0.2949328,0.6654488,0.8755275,0.6804968,0.9519848,0.37369037,0.92460537,0.1708588,0.8482924,0.57955825,0.8986677,0.17873302,0.7232082,0.7950784,0.886724,0.5531472,0.6632414,0.70511997,0.658023,0.7854179,0.92645156,0.6454797,0.9341234,0.8303278,0.49775016
BC2026_Train_0005_S08_20250607_070007_20,0.62908554,0.9820945,0.8695223,0.23806386,0.6437012,0.38996387,0.3739782,0.38294083,0.7036252,0.34269702,0.24380296,0.91074216,0.83414394,0.4393447,0.51684153,0.891515,0.63304555,0.54028904,0.20248553,0.46861255,0.65009177,0.27242702,0.44401795,0.24648158,0.54912233,0.50582796,0.46114153,0.6267531,0.8929188,0.62644815,0.7187594,0.19804528,0.5081743,0.17149244,0.2818735,0.9963497,0.86392033,0.584217,0.4674002,0.46561837,0.24267527,0.847909,0.74394345,0.21412939,0.92381,0.91890717,0.93102837,0.5556494,0.44446775,0.4471729,0.18463758,0.76636827,0.7547387,0.3158824,0.79030204,0.20746195,0.5231634,0.46586195,0.54144526,0.6188959,0.35563612,0.51239175,0.59013236,0.56083417,0.59091073,0.53538686,0.71639264,0.34791392,0.7032292,0.3799284,0.56462616,0.48069578,0.72143966,0.6973599,0.3640648,0.24645579,0.7902568,0.89012116,0.3973052,0.39472932,0.983706,0.9461089,0.75596046,0.61733663,0.9145597,0.7516537,0.660946,0.26374394,0.90230584,0.89029396,0.22432134,0.6529958,0.6758554,0.23987988,0.70153606,0.52882934,0.77122426,0.3659842,0.44660217,0.6307498,0.7567675,0.87979156,0.4250098,0.43505025,0.32626438,0.65696466,0.6687497,0.7920809,0.944386,0.506418,0.8387867,0.18653613,0.7080908,0.6146662,0.8337115,0.7356591,0.87622285,0.62724197,0.5526112,0.758785,0.65867937,0.70295686,0.66333663,0.937157,0.41892815,0.89905584,0.41704273,0.7127081,0.7898872,0.3281898,0.91684365,0.4950772,0.3248219,0.9647802,0.91887677,0.5603925,0.85112,0.7667966,0.86436707,0.34988075,0.75943804,0.55240643,0.93805254,0.894188,0.61010873,0.69147384,0.6070212,0.47182456,0.4604102,0.5666114,0.8645997,0.716035,0.8952031,0.46997586,0.7478095,0.83473814,0.23028827,0.52909786,0.53326696,0.7146301,0.1742535,0.624483,0.18083352,0.41469145,0.68771875,0.43924716,0.25624847,0.8907753,0.53454506,0.8964624,0.6797434,0.66165006,0.6658994,0.45833543,0.788118,0.45342076,0.7190641,0.69946086,0.90225446,0.89143956,0.87718594,0.59671336,0.83961844,0.8111937,0.5871525,0.5810275,0.71774435,0.90199745,0.3054605,0.20538065,0.8115029,0.8605901,0.41508132,0.69093263,0.8934711,0.77861464,0.8083086,0.31893605,0.7639668,0.4818718,0.524084,0.87349224,0.52462363,0.7889693,0.8107593,0.75688595,0.19567794,0.6803504,0.6989074,0.46917206,0.62999046,0.88259566,0.55090976,0.93301046,0.18209216,0.60566145,0.37010312,0.81554675,0.41269708,0.8604841,0.23259123,0.8220322,0.8782308,0.7962557,0.45348862,0.73133284,0.6240381,0.7149645,0.8773196,0.9642761,0.5222374,0.69731665,0.8041482,0.6107763
BC2026_Train_0005_S08_20250607_070007_25,0.4892131,0.40143755,0.65257347,0.37492698,0.7338583,0.28550097,0.13544035,0.43743128,0.93037325,0.37629533,0.44581527,0.8478543,0.5173564,0.63226414,0.41331378,0.87533665,0.5860752,0.3032661,0.4321457,0.42151684,0.62442183,0.72620964,0.35610187,0.25454438,0.57321227,0.58877015,0.8666123,0.3814777,0.82249,0.5601814,0.7206349,0.33302015,0.29907593,0.49099872,0.17331693,0.69223034,0.8796798,0.8814372,0.3218135,0.8138798,0.5401485,0.31073293,0.34633106,0.3299142,0.71239126,0.71976596,0.8620648,0.7565942,0.38788092,0.38909274,0.32729357,0.32564855,0.32131386,0.56041205,0.7530447,0.14412893,0.30843076,0.16903193,0.42082393,0.4234688,0.5914898,0.2409271,0.53579825,0.5129948,0.40368688,0.21945494,0.8113004,0.2784089,0.63544726,0.38592127,0.51210916,0.17091104,0.86722505,0.90299,0.63343877,0.40371883,0.70057476,0.8290833,0.5269189,0.4901029,0.93327194,0.9215011,0.89291036,0.17870906,0.739887,0.3737867,0.4357116,0.7788261,0.7800334,0.9520564,0.18030235,0.5012549,0.22883439,0.28362834,0.73547447,0.26869154,0.85599095,0.22998533,0.80210245,0.7542647,0.61493784,0.84562147,0.36758608,0.39249283,0.20650557,0.57829404,0.6986368,0.6313549,0.7175425,0.5665519,0.7439101,0.40410888,0.7694857,0.35091573,0.6874794,0.8120017,0.81804335,0.41660076,0.35359538,0.8915773,0.5135057,0.8502344,0.81449425,0.84795916,0.2202477,0.87463844,0.25947487,0.82484126,0.47616738,0.21729258,0.62685883,0.660082,0.18249166,0.8996141,0.7992344,0.61228704,0.36159897,0.49897516,0.8031074,0.40576768,0.65317667,0.74339604,0.89380336,0.7717389,0.64653295,0.3451711,0.7931539,0.6193403,0.5688169,0.42057747,0.8321539,0.8007245,0.85843223,0.3279942,0.96727896,0.77013683,0.50430465,0.677876,0.57413125,0.79706776,0.8999225,0.8394246,0.16989332,0.7093109,0.7540442,0.89440906,0.46163306,0.92934716,0.6406696,0.44788617,0.64280844,0.92163134,0.8364415,0.68778014,0.86114943,0.33811596,0.90471625,0.85538995,0.7013654,0.8119439,0.7273836,0.7729479,0.8714824,0.84767985,0.8868276,0.6791694,0.5835986,0.9386245,0.2770334,0.119096994,0.74317276,0.71274066,0.67919266,0.80739737,0.87233543,0.873551,0.63626397,0.31011838,0.6932386,0.54576,0.4343621,0.47114253,0.5217808,0.47915828,0.8308836,0.7944343,0.1295554,0.2710874,0.5366708,0.74615204,0.8204999,0.9474388,0.30034894,0.85087216,0.6494924,0.6843994,0.50453645,0.8223766,0.23744982,0.63302207,0.5066072,0.80647516,0.71599615,0.47521353,0.6017133,0.84221566,0.8856027,0.6752285,0.73252547,0.8630662,0.4332605,0.8525785,0.5366093,0.4869933
BC2026_Train_0005_S08_20250607_070007_30,0.6299758,0.439371,0.8365615,0.81653523,0.6324831,0.26284745,0.041461356,0.38328946,0.8393115,0.2509405,0.18678558,0.7767699,0.54268885,0.46276987,0.28295738,0.7638579,0.38985622,0.3594888,0.35824138,0.69301957,0.55618954,0.6198555,0.15318729,0.31021854,0.45180947,0.4280127,0.90337956,0.41156667,0.945815,0.47857493,0.53663826,0.2385036,0.45186853,0.2536321,0.28583056,0.9809762,0.8947737,0.89070773,0.24130994,0.8284122,0.41661698,0.21760574,0.6432086,0.23546803,0.8220142,0.8217927,0.90244365,0.85300636,0.5429106,0.55389875,0.41196007,0.64013857,0.633536,0.43298963,0.91554976,0.059598707,0.44936046,0.16907391,0.47303313,0.45120135,0.73665595,0.27310926,0.37204158,0.2839651,0.40082967,0.18434033,0.88332045,0.35271877,0.658075,0.46869338,0.348962,0.15254506,0.9018215,0.68301845,0.63689363,0.33445382,0.815809,0.7929894,0.3190158,0.5521443,0.8936587,0.7621298,0.83822924,0.06200256,0.7942735,0.20106202,0.5740906,0.9043005,0.5670009,0.97476506,0.23355255,0.54819417,0.19213706,0.23449838,0.57715,0.2892449,0.79943,0.37445855,0.93363595,0.62473464,0.36401117,0.86985576,0.21830097,0.41725153,0.4233724,0.7883768,0.4690297,0.20866823,0.832778,0.5495963,0.7992461,0.19922736,0.6462518,0.33816394,0.79354095,0.8427456,0.86063635,0.41800123,0.20144483,0.98664796,0.5577287,0.8489393,0.7719922,0.900442,0.2431272,0.86270237,0.24178544,0.85110813,0.5343462,0.14615043,0.83311737,0.80758286,0.1618638,0.8543191,0.8098432,0.49029166,0.2599045,0.31133065,0.73383665,0.69832194,0.7088908,0.7202017,0.8702755,0.84855855,0.8058382,0.25574788,0.66233706,0.52522993,0.6786808,0.40297514,0.6933428,0.77248454,0.8958133,0.1874592,0.97972083,0.84133476,0.4073586,0.48229465,0.32891807,0.5697568,0.9726577,0.81673455,0.11110264,0.64974666,0.77578664,0.9390669,0.43105912,0.8882247,0.35532022,0.51668715,0.6292349,0.8970012,0.73137534,0.43768108,0.89004415,0.27357763,0.62556994,0.80149794,0.8576249,0.831743,0.6091875,0.68648005,0.81057537,0.85027534,0.7937077,0.4880854,0.2902959,0.96353734,0.30236712,0.112522304,0.78457785,0.8131597,0.81893384,0.85472614,0.85429645,0.8624758,0.73763263,0.33798006,0.71268433,0.7130765,0.57855827,0.49120256,0.69529366,0.47920626,0.648435,0.647526,0.17216182,0.1549995,0.40248615,0.81528425,0.93672276,0.9001228,0.4091419,0.84431076,0.37842873,0.57132626,0.3013204,0.72449505,0.12007287,0.7753928,0.468726,0.44028693,0.8282261,0.5116255,0.555562,0.8769797,0.9234401,0.57321,0.80298376,0.9160459,0.7186971,0.7891909,0.6676724,0.47754306
BC2026_Train_0005_S08_20250607_070007_35,0.65629816,0.6151708,0.71345675,0.39033207,0.55146194,0.22693765,0.17990518,0.35174096,0.80411935,0.2344427,0.20735702,0.6236544,0.5734291,0.43794763,0.605538,0.7340275,0.22483772,0.17657152,0.24580632,0.6419029,0.5312661,0.82162213,0.20528165,0.16327405,0.4562199,0.39884883,0.66021365,0.18869412,0.89460254,0.43271005,0.88705486,0.12806936,0.5549855,0.2198981,0.1376595,0.7873492,0.9168995,0.8807076,0.3829989,0.7716578,0.3773561,0.1465462,0.7259587,0.119243614,0.9829087,0.99089,0.9791451,0.84963465,0.67043054,0.6787957,0.29951623,0.7158661,0.6895151,0.37936622,0.8677615,0.08883843,0.65465623,0.43417814,0.36517647,0.52466446,0.46241015,0.2691881,0.43546873,0.46922725,0.2322076,0.2596805,0.83637565,0.4249959,0.58326495,0.37637192,0.5876268,0.46134555,0.90359914,0.8080458,0.64028096,0.40423656,0.91370666,0.91574454,0.21638006,0.44992283,0.94478863,0.8465564,0.83932835,0.2975898,0.9092759,0.32291996,0.44293118,0.7569488,0.8310499,0.8849976,0.14298695,0.53388625,0.37923035,0.2941319,0.4577787,0.24933502,0.80998313,0.30668965,0.88262635,0.7530638,0.61037093,0.8240361,0.15380332,0.26310003,0.41412967,0.88046765,0.55688107,0.1821777,0.85085833,0.41714716,0.84689546,0.08350347,0.86383843,0.5783369,0.8160856,0.918048,0.92010516,0.7526603,0.39781415,0.9541577,0.700339,0.75442016,0.5744264,0.93233883,0.2958393,0.89557815,0.25251365,0.88093364,0.68609464,0.21689859,0.9454504,0.68032455,0.19699527,0.82509327,0.86678886,0.63182616,0.47453606,0.37179083,0.85873806,0.6942446,0.52791584,0.6975373,0.9425466,0.9288522,0.4025419,0.44266984,0.5600433,0.5735698,0.6139264,0.4274485,0.77779627,0.8062006,0.97784996,0.3348177,0.9448769,0.90412337,0.48408008,0.38317448,0.5437176,0.63504434,0.9752216,0.7889771,0.2510079,0.50494117,0.91757977,0.82728803,0.32762504,0.82199717,0.42089605,0.73270357,0.81078327,0.88318014,0.7830349,0.15259916,0.8362588,0.19091108,0.6400684,0.7494582,0.9586166,0.71764463,0.5478557,0.886659,0.86148226,0.9365041,0.49658263,0.31103224,0.50202644,0.91004395,0.3353514,0.12358187,0.7931994,0.8946084,0.77117515,0.786996,0.8878945,0.8861269,0.9271828,0.29849038,0.83101237,0.59636223,0.3630901,0.7079356,0.89211303,0.22154221,0.7668798,0.7249782,0.085382104,0.26948568,0.6905596,0.8288518,0.87378407,0.9362491,0.34539723,0.93667054,0.31130096,0.75884676,0.39975125,0.8693514,0.11120553,0.94092894,0.641752,0.37754196,0.77889585,0.835189,0.38348818,0.8207227,0.82826924,0.4730019,0.968946,0.9521189,0.74259186,0.76014125,0.76597714,0.50978875
BC2026_Train_0005_S08_20250607_070007_40,0.69195175,0.7236575,0.5264901,0.4420894,0.4472577,0.21862802,0.7316446,0.5915691,0.93499285,0.67544794,0.48179477,0.630653,0.8193337,0.6767498,0.83922774,0.97799873,0.2560284,0.09459177,0.28425783,0.6851601,0.38835126,0.8113991,0.3749395,0.797583,0.512656,0.39054537,0.72831136,0.20415625,0.85377514,0.6008612,0.8075179,0.3029794,0.9384053,0.17405103,0.14739808,0.931531,0.8966334,0.9049655,0.24395534,0.2278806,0.45697433,0.2444171,0.7888377,0.31410083,0.83907056,0.84395695,0.96900034,0.71197486,0.46059766,0.4655565,0.67283523,0.7714131,0.72700536,0.4662283,0.8070563,0.18043993,0.6798873,0.52964795,0.4816407,0.6477238,0.4816897,0.3827021,0.7785095,0.37260473,0.26085126,0.78375757,0.5368081,0.2847994,0.825824,0.5147431,0.7159661,0.5145281,0.8358259,0.676478,0.6835214,0.2167878,0.8566251,0.852751,0.10271214,0.4368409,0.94382495,0.7732188,0.7773322,0.64172065,0.9539786,0.51723474,0.38280475,0.56267273,0.9317212,0.704491,0.105813876,0.2401202,0.7040336,0.23565423,0.39805394,0.50339615,0.74197626,0.37912,0.6836715,0.71748483,0.7715167,0.8691827,0.49973482,0.4241078,0.3487813,0.7722739,0.5858873,0.6710181,0.96910316,0.513474,0.5387602,0.099057004,0.83592653,0.38467956,0.57281923,0.7797029,0.79024756,0.862286,0.5996477,0.7622472,0.65861785,0.8380683,0.7790909,0.94827855,0.54879636,0.85119,0.19910735,0.8351638,0.8656712,0.24759716,0.8790499,0.39818949,0.11247051,0.8993056,0.9531995,0.5665394,0.90806806,0.62698865,0.8721248,0.34997928,0.46353295,0.45614833,0.9522735,0.7718798,0.36973733,0.69032526,0.55486584,0.44649303,0.6220787,0.2002899,0.94660854,0.78760636,0.9805863,0.5949175,0.93069816,0.9172669,0.412656,0.6532632,0.7250791,0.7711258,0.39333826,0.48520118,0.17074807,0.26666382,0.62353224,0.70585227,0.18726128,0.868222,0.61459064,0.9301406,0.70604956,0.79737127,0.6623055,0.10406853,0.84619534,0.53607523,0.8534433,0.5400033,0.9549773,0.7650461,0.65624964,0.883734,0.75567997,0.9602276,0.58302325,0.579419,0.6894567,0.9062427,0.2390101,0.20778424,0.4655318,0.8776468,0.6095643,0.75054204,0.9118256,0.94593155,0.7465714,0.32481444,0.7283872,0.67289543,0.23893347,0.77245224,0.8654263,0.12775871,0.71896684,0.7779716,0.10306306,0.660414,0.6612185,0.45474508,0.66469324,0.7068293,0.35026622,0.9421119,0.08407937,0.4745507,0.55287707,0.9302588,0.33768666,0.9641359,0.5758917,0.649184,0.9468126,0.94258165,0.3960724,0.6165128,0.431849,0.42128408,0.9168199,0.9396628,0.7751874,0.51302433,0.9381594,0.5297629
BC2026_Train_0005_S08_20250607_070007_45,0.68722546,0.3759135,0.52318895,0.27932584,0.6000673,0.40256855,0.89182913,0.5371778,0.99312854,0.67217886,0.35008943,0.79458094,0.82547534,0.6336235,0.58970535,0.98066914,0.40577906,0.10343402,0.66577864,0.4607656,0.5469781,0.9061154,0.26037216,0.8963103,0.7294507,0.4956777,0.9298328,0.3222653,0.75825167,0.52433074,0.65815073,0.57446015,0.88223237,0.387997,0.35457498,0.5468095,0.6571309,0.79207337,0.64512765,0.29835844,0.72869015,0.35509187,0.69581026,0.5626895,0.61425287,0.6355717,0.8316164,0.6902491,0.36659506,0.36372495,0.34086806,0.71629924,0.7092383,0.71102977,0.387693,0.28758445,0.3639046,0.8136121,0.5532895,0.57008386,0.71055007,0.21993731,0.7472765,0.37513578,0.113166496,0.6350333,0.607631,0.41013694,0.70036876,0.6227536,0.57828856,0.19139305,0.68006086,0.82650447,0.46330816,0.1791564,0.621763,0.76138115,0.3201146,0.4932596,0.842257,0.7276859,0.80681795,0.5396274,0.8017124,0.48315057,0.5636451,0.6162567,0.83051693,0.7583629,0.10535556,0.31632322,0.5513187,0.20894325,0.4164214,0.59984875,0.84560585,0.50623935,0.6050128,0.71528196,0.6732147,0.6950026,0.51011145,0.4432396,0.40427566,0.43122798,0.6131503,0.76138604,0.8929017,0.478186,0.5080644,0.11310494,0.75078225,0.36912733,0.44909012,0.66860235,0.74189126,0.7157651,0.36394697,0.771683,0.5868964,0.8921187,0.77697253,0.78768647,0.4318441,0.84976184,0.3586741,0.8141364,0.7907071,0.36721975,0.78968585,0.5478878,0.27582633,0.78117716,0.86014175,0.70863664,0.8343252,0.6735996,0.67106676,0.40014154,0.4217763,0.40774143,0.71392846,0.6167145,0.66728866,0.5343496,0.5330343,0.56496584,0.5217824,0.3339579,0.9565934,0.7489645,0.95787394,0.4763741,0.970994,0.783715,0.31677282,0.8553635,0.6720725,0.8196938,0.62997,0.61723626,0.28067178,0.27619886,0.52200127,0.6373886,0.4797187,0.8851608,0.49130696,0.68455124,0.3573469,0.82490945,0.89247495,0.165647,0.7917297,0.6106599,0.9183487,0.74238217,0.7350471,0.8633007,0.62070024,0.7273395,0.8583603,0.8483629,0.82315946,0.5031218,0.67322993,0.90710044,0.42480677,0.34855133,0.5886109,0.7776278,0.4834649,0.74436307,0.83440435,0.7499776,0.67915905,0.2200557,0.7228505,0.45767546,0.13735363,0.62737346,0.820521,0.12159069,0.5714085,0.7674438,0.32022,0.64480436,0.5443052,0.16486847,0.4813625,0.6049867,0.5123943,0.78891444,0.5902969,0.50828296,0.3941267,0.94009125,0.23200151,0.7548659,0.51621276,0.49798146,0.8223578,0.80347955,0.5224017,0.53987586,0.35863167,0.515702,0.9117514,0.8295245,0.5980228,0.6134629,0.6852678,0.47870898
BC2026_Train_0005_S08_20250607_070007_50,0.55522406,0.73311496,0.29022595,0.61923337,0.4831304,0.32219422,0.4445882,0.32863516,0.8241598,0.38601267,0.24140117,0.42218363,0.70758855,0.6100883,0.4353793,0.6719655,0.42152756,0.29150185,0.6828731,0.5349187,0.6095741,0.895076,0.33527815,0.28622133,0.3524654,0.3128538,0.70579314,0.16054001,0.70871556,0.27582258,0.7881755,0.6234087,0.6614524,0.19096904,0.13033539,0.8384193,0.93425024,0.9504235,0.6188801,0.8358345,0.36816737,0.13200751,0.5835429,0.6230563,0.9069588,0.9232831,0.99744165,0.84350246,0.7665572,0.75428617,0.6229284,0.598997,0.60720134,0.39004052,0.9845755,0.105614245,0.4455436,0.6775156,0.5206398,0.5946472,0.52195925,0.17314935,0.3081141,0.24098386,0.11157383,0.19083361,0.55687106,0.33470428,0.43501884,0.31952882,0.50923276,0.07292418,0.82646775,0.7746171,0.23135161,0.35838246,0.6992707,0.9460536,0.30504984,0.74549913,0.66458905,0.76311564,0.89064145,0.53584474,0.8765589,0.49607077,0.7272141,0.6662774,0.83047783,0.931921,0.09547013,0.5024861,0.266924,0.42598853,0.46435642,0.37542433,0.7032387,0.749668,0.62294394,0.64203405,0.76160544,0.7992383,0.48030123,0.3430885,0.319157,0.59580237,0.74315476,0.32978153,0.91305125,0.7542739,0.88555175,0.1937561,0.80594254,0.5104537,0.6847997,0.8877497,0.7127725,0.73033416,0.39075553,0.89226246,0.8854511,0.90510833,0.84145844,0.89255,0.2326496,0.9553658,0.32056895,0.93447524,0.8267164,0.5562307,0.6467272,0.6221167,0.27779716,0.9586096,0.71720386,0.5471208,0.83032286,0.73307323,0.828931,0.6275331,0.34099084,0.3721336,0.8072063,0.8732734,0.601498,0.6300751,0.75377107,0.82598126,0.7845676,0.46064475,0.9155518,0.8457644,0.96140397,0.49244076,0.8689477,0.8896693,0.32976168,0.5726331,0.5700548,0.61186606,0.76997334,0.8291744,0.3147499,0.36213732,0.9230974,0.6723555,0.66794586,0.70326996,0.64461946,0.7941308,0.24746183,0.8381,0.8769648,0.12635517,0.78802276,0.5436553,0.7782105,0.90744406,0.888094,0.8751253,0.6094631,0.757022,0.8472078,0.72747386,0.6407487,0.39326966,0.6984043,0.94753057,0.4206864,0.32778567,0.8606835,0.83672553,0.74501157,0.88123465,0.85578287,0.9160923,0.8445797,0.12687512,0.83333206,0.44848698,0.39602816,0.6564708,0.77853554,0.46858472,0.8078221,0.6724236,0.18573841,0.5952023,0.50274837,0.39695585,0.7656808,0.8738444,0.59676373,0.7875569,0.1760674,0.9121859,0.40656942,0.93767285,0.35192874,0.4952234,0.26500356,0.54641515,0.78556406,0.877403,0.6555556,0.97041476,0.5801822,0.4769708,0.95164573,0.93363786,0.67274773,0.85725427,0.59271276,0.5862657
BC2026_Train_0005_S08_20250607_070007_55,0.63752425,0.46483752,0.27940243,0.9013872,0.651217,0.38246286,0.48077476,0.29478502,0.4331618,0.09773594,0.39273298,0.47645688,0.5718894,0.8353286,0.37930447,0.5688368,0.56482446,0.5003628,0.5320517,0.6913756,0.58285964,0.7871062,0.14496385,0.433661,0.53062797,0.18205619,0.56849325,0.119898915,0.47986907,0.23100695,0.755131,0.40933484,0.24340102,0.29885226,0.169718,0.7024584,0.800414,0.6561018,0.4519123,0.7306063,0.21778166,0.40182889,0.75775754,0.40776318,0.97202826,0.9740195,0.67916214,0.70840174,0.87606776,0.87200075,0.19385819,0.7655672,0.76837486,0.22410285,0.45135328,0.042910755,0.52296805,0.62823737,0.42018425,0.5684794,0.52630746,0.20767254,0.18837422,0.29416785,0.4887873,0.16042864,0.8166758,0.4544598,0.56214887,0.31009927,0.3758136,0.2660268,0.71328926,0.7683169,0.32281813,0.28497314,0.7661264,0.8469373,0.26840037,0.89207757,0.6889553,0.5497466,0.9187337,0.40222627,0.8004962,0.28123033,0.52929115,0.82555765,0.72722125,0.97135794,0.15649882,0.41343588,0.40207404,0.32437205,0.51469266,0.113624595,0.9347203,0.8037908,0.9220749,0.867514,0.5590524,0.71121275,0.28019434,0.34786177,0.11898169,0.84762484,0.6929674,0.18882215,0.8844319,0.73724747,0.9831468,0.13696942,0.58192205,0.5007304,0.8146453,0.8600557,0.79656947,0.76660967,0.3037177,0.95829356,0.90356135,0.8183327,0.6217408,0.77375865,0.09064433,0.98797286,0.56351274,0.9119018,0.63835144,0.42883176,0.70650184,0.6339494,0.65040386,0.90235114,0.74384665,0.5120839,0.6635412,0.5936537,0.77807343,0.73823273,0.35792965,0.764393,0.61713886,0.8614935,0.65266335,0.64746904,0.67597854,0.7313906,0.84468806,0.55804265,0.8752512,0.91724324,0.90796256,0.25639972,0.6462307,0.8449093,0.42563617,0.33643132,0.72826636,0.43940106,0.9507507,0.7367247,0.46678025,0.29599416,0.9020661,0.750105,0.612803,0.8311128,0.61718154,0.6875839,0.52273285,0.9410714,0.4994383,0.1951114,0.6279597,0.40914166,0.82744706,0.69650626,0.87905276,0.7751379,0.591332,0.6167268,0.5773012,0.611102,0.55866504,0.6855333,0.3437925,0.8487785,0.4088633,0.1242313,0.85678804,0.80544436,0.75311506,0.96672916,0.76132286,0.75458,0.78212583,0.23096731,0.6958474,0.3192109,0.59876037,0.55316585,0.38439715,0.603482,0.8007957,0.7303078,0.22007284,0.22611727,0.34997052,0.9045818,0.80192757,0.8718701,0.6789634,0.6852559,0.26896402,0.6876081,0.42845428,0.9318799,0.21658936,0.6647922,0.18493503,0.6621114,0.89999104,0.7172508,0.67250884,0.88100755,0.5418314,0.564628,0.966514,0.90743077,0.57209206,0.8215804,0.8090674,0.4624027
BC2026_Train_0005_S08_20250607_070007_60,0.4219134,0.41433442,0.80375904,0.9121755,0.6780858,0.1005844,0.48940772,0.4540099,0.8568487,0.10347937,0.118587956,0.72095823,0.48025,0.8029901,0.809705,0.97213507,0.69787496,0.77590096,0.29240048,0.96980834,0.55190367,0.8322084,0.08122338,0.16091779,0.7096976,0.47314748,0.7907343,0.21644479,0.5618774,0.358099,0.41415238,0.07015626,0.46716452,0.15051115,0.07609749,0.8439932,0.92899895,0.9456794,0.14215153,0.78071284,0.5806287,0.2395141,0.35643435,0.061167337,0.71934366,0.75624454,0.95691216,0.89864874,0.7648946,0.7875436,0.51683664,0.40569192,0.39843535,0.58683664,0.9170552,0.11237876,0.792737,0.06861576,0.8145485,0.82890105,0.75447273,0.077612914,0.29066336,0.54660726,0.8487477,0.3577415,0.9506551,0.71114683,0.7047849,0.117360696,0.46969604,0.5071262,0.9427937,0.87401664,0.07985388,0.62301564,0.81541646,0.9728937,0.6834427,0.8679207,0.7489593,0.6769949,0.93128115,0.5078288,0.9199958,0.13954858,0.68739945,0.6934179,0.9166144,0.9388436,0.17929438,0.34178448,0.6780348,0.4483418,0.5077697,0.054483667,0.8080996,0.577559,0.83200765,0.9779146,0.7349943,0.96390617,0.06576167,0.15094288,0.12778863,0.75783885,0.82672226,0.12751584,0.62073916,0.5022752,0.8897846,0.13560951,0.6653756,0.69131196,0.9614687,0.91587055,0.8733586,0.49824575,0.14213546,0.90013003,0.7615733,0.7216805,0.47423863,0.6605122,0.13741082,0.9842733,0.43603855,0.98035,0.7587893,0.37210983,0.6888583,0.60807896,0.6621227,0.8411135,0.32086003,0.3051836,0.8194685,0.38887513,0.82369435,0.50686026,0.23914292,0.84511715,0.6095867,0.8972763,0.33734697,0.9431542,0.9058672,0.7220975,0.52433693,0.549465,0.9195158,0.88360924,0.82581365,0.19988292,0.8541279,0.79121554,0.7705885,0.6161207,0.5497532,0.7564401,0.93699324,0.95522285,0.6860906,0.6236032,0.92058986,0.9103792,0.6105728,0.9424858,0.8604058,0.22031304,0.5052411,0.9959916,0.3414352,0.71462584,0.91831565,0.106776,0.95112026,0.95822084,0.8465781,0.79763377,0.7744665,0.9069854,0.7840712,0.7673366,0.47478384,0.6410254,0.29087675,0.92004335,0.32779962,0.050107412,0.4577884,0.46456057,0.8793402,0.925833,0.8166064,0.8113719,0.72556686,0.26411808,0.87633026,0.6328268,0.7077527,0.87316513,0.3491464,0.61280656,0.93883836,0.6274425,0.05622459,0.1334725,0.6883302,0.8094995,0.6733719,0.9063366,0.87754583,0.54331124,0.13060066,0.76067984,0.4032206,0.76564455,0.4273267,0.5725368,0.39655483,0.5887631,0.9210813,0.9109721,0.20109066,0.9853066,0.873,0.29622972,0.8809766,0.89963377,0.7506063,0.8911967,0.8605255,0.33645445
BC2026_Train_0006_S09_20250828_000000_5,0.16127092,0.3435266,0.13519976,0.47435743,0.23336333,0.28110126,0.0754215,0.06949575,0.14604366,0.6028491,0.09949675,0.15192214,0.11520979,0.06322637,0.8193115,0.122443125,0.1982238,0.59378994,0.08371417,0.48276603,0.2454175,0.41448295,0.2718497,0.15964757,0.37594938,0.100631416,0.26818633,0.39260775,0.65219223,0.18869764,0.81421083,0.6655344,0.41100693,0.92703503,0.4959097,0.15532182,0.70578444,0.7740271,0.6916864,0.84285057,0.8725351,0.34472737,0.31795737,0.6489734,0.6835734,0.721627,0.6132643,0.83581674,0.54557073,0.5845579,0.7701521,0.34396654,0.43191227,0.90121645,0.81785095,0.6659241,0.81565416,0.33443058,0.5188482,0.4145149,0.32571936,0.14895998,0.16168836,0.09926054,0.262721,0.6032356,0.23110709,0.7000792,0.07125834,0.20907228,0.57725,0.6075202,0.68942034,0.756575,0.5976383,0.60441756,0.4805892,0.56048846,0.22465801,0.20602134,0.13887733,0.48527473,0.3188318,0.16793272,0.54342914,0.1118754,0.211573,0.13876396,0.29239342,0.13758442,0.30680072,0.54683685,0.073846325,0.5928047,0.19988322,0.6554456,0.2525919,0.37762082,0.12684458,0.13029708,0.7133477,0.3251537,0.87129223,0.2363281,0.7528354,0.24520478,0.45889002,0.39840794,0.39148432,0.20924228,0.5813806,0.93017495,0.5373839,0.9252291,0.2962912,0.69470096,0.25499833,0.5939274,0.53415537,0.7569635,0.6206562,0.63772076,0.4412992,0.42019457,0.3467872,0.11750441,0.55639166,0.7385458,0.6213802,0.67273545,0.37191933,0.6858169,0.38362885,0.12389742,0.1649994,0.050702207,0.33874047,0.65733445,0.72072077,0.69402754,0.2760525,0.5638236,0.25052333,0.6008421,0.1982198,0.22219625,0.40670124,0.76986325,0.5435548,0.6977173,0.05132708,0.48760623,0.6892406,0.85216665,0.6803678,0.23343208,0.9634125,0.30393064,0.50253654,0.382586,0.79151016,0.7194805,0.26257023,0.4902929,0.42901832,0.823807,0.95234174,0.05134225,0.15862727,0.5354248,0.75271297,0.6523354,0.27561623,0.63956106,0.43168205,0.10510883,0.17025042,0.7091086,0.77697706,0.44268394,0.5767906,0.8939764,0.92406833,0.47776198,0.58783066,0.28357214,0.90303737,0.26013243,0.5449107,0.46197742,0.7906031,0.31417608,0.7745501,0.5151802,0.44756243,0.64545447,0.8995813,0.31122798,0.52507037,0.42988157,0.45760357,0.5024785,0.80656564,0.31186053,0.43860835,0.2819346,0.4480548,0.21446422,0.6676558,0.12772796,0.530323,0.39127898,0.13644749,0.21474272,0.5976013,0.9437064,0.77033377,0.27716723,0.39193964,0.12394866,0.625378,0.118738584,0.15285875,0.7851167,0.7026098,0.6084875,0.4259959,0.4921167,0.77266204,0.27396536,0.29139167,0.5234988,0.082496,0.57291543
BC2026_Train_0006_S09_20250828_000000_10,0.1451931,0.44287923,0.104361996,0.70752895,0.10181008,0.6548133,0.22591949,0.04585225,0.3464896,0.3825423,0.41858423,0.28613842,0.2393007,0.17944074,0.5273638,0.21449757,0.21099307,0.73236716,0.16621694,0.36199856,0.08544519,0.3213258,0.44902813,0.5478086,0.24897131,0.2606365,0.18339026,0.3930725,0.42740947,0.66944116,0.59736425,0.8763682,0.2845382,0.71904504,0.4921709,0.5384966,0.60938674,0.45960346,0.7428637,0.79527366,0.9392748,0.8143419,0.43100896,0.8866866,0.57312757,0.5908647,0.24920209,0.5134343,0.8149017,0.89006996,0.80940646,0.38399732,0.37640554,0.9535187,0.6883476,0.7055348,0.5215516,0.64790374,0.29169038,0.22443718,0.17271525,0.39927936,0.37123698,0.10545492,0.30215478,0.5245448,0.26570067,0.34025663,0.323168,0.35569322,0.7113862,0.40048957,0.48959118,0.311143,0.6677382,0.9175323,0.4625144,0.25030822,0.9097489,0.65885246,0.08720446,0.6769829,0.17666411,0.4456021,0.354998,0.27148068,0.4302352,0.118120894,0.18924916,0.1814255,0.44947666,0.5052719,0.26177868,0.6589948,0.45651883,0.88555056,0.24025743,0.71031296,0.25569746,0.36329204,0.37236285,0.63219774,0.8822614,0.21496242,0.52041817,0.45299476,0.6042967,0.4996122,0.18553689,0.35550475,0.33731282,0.71740127,0.31250322,0.6922308,0.42991525,0.20250303,0.45824552,0.9055333,0.5546285,0.42196465,0.63840055,0.43988645,0.31863952,0.22964886,0.42752737,0.06712092,0.3367588,0.23425457,0.25736886,0.8674282,0.53423923,0.76156193,0.4692518,0.16481692,0.17858568,0.12839171,0.6542239,0.93683076,0.57900053,0.4687848,0.7289113,0.6052644,0.25026634,0.22256806,0.74760437,0.1775203,0.6894451,0.5657226,0.31566465,0.79850507,0.14313409,0.22180815,0.28647792,0.74942005,0.5425252,0.13744783,0.9567698,0.51006794,0.8863051,0.83545387,0.94780016,0.24193352,0.730692,0.32106277,0.3231308,0.32712537,0.8250983,0.19838819,0.64925635,0.38539565,0.58662474,0.2452173,0.27583218,0.5718056,0.45643044,0.28941151,0.32213715,0.19337052,0.4493618,0.40184027,0.5960691,0.47679567,0.862272,0.27959192,0.7348125,0.6660241,0.9430152,0.13075677,0.46760094,0.64709866,0.28078195,0.13601181,0.51923984,0.5682262,0.29959667,0.6329441,0.68443966,0.22198698,0.7017468,0.78357637,0.3494537,0.45772177,0.6251215,0.7833036,0.25589377,0.1829857,0.49081185,0.26824272,0.6929935,0.63953316,0.25403348,0.22188552,0.45947212,0.43033877,0.6955762,0.8946624,0.67974424,0.6601417,0.21869105,0.09434198,0.505041,0.26275358,0.3883683,0.3329074,0.93595296,0.16971412,0.5581518,0.8776493,0.58915746,0.105140395,0.3383308,0.16953719,0.07343462,0.43498033
BC2026_Train_0006_S09_20250828_000000_15,0.16222689,0.394899,0.13557369,0.6527976,0.11200026,0.8809812,0.24231967,0.0503074,0.17733032,0.18959785,0.26070046,0.27118683,0.29045567,0.12621053,0.5872363,0.23405,0.15679225,0.57229686,0.6981312,0.23432031,0.10371664,0.681986,0.37231785,0.48818552,0.2024371,0.18734747,0.55885977,0.62909126,0.5361267,0.6149297,0.77029395,0.9430288,0.5795498,0.4298345,0.27213565,0.45719016,0.78132236,0.5786365,0.92291486,0.2631564,0.90400386,0.58661574,0.59784704,0.9665388,0.87251794,0.87373614,0.2341899,0.18450633,0.6049025,0.6349548,0.2790908,0.60084224,0.5803145,0.91167897,0.7301552,0.681682,0.72757983,0.85825264,0.09526515,0.17316177,0.15360765,0.4020313,0.5990969,0.33764738,0.1549001,0.41583592,0.34085786,0.12587808,0.47961456,0.13784106,0.62667245,0.45836487,0.37282515,0.14283937,0.3531956,0.77471685,0.7770915,0.19501486,0.88419116,0.7560109,0.06984921,0.79106855,0.14454001,0.47833338,0.3988902,0.35980576,0.4105153,0.23874354,0.29800838,0.2997043,0.45023042,0.37297207,0.2906803,0.79710805,0.5430838,0.83874357,0.5102409,0.84141254,0.562958,0.53469735,0.30445552,0.50208646,0.67531013,0.16051966,0.35963184,0.3608148,0.62340397,0.27206486,0.34464234,0.53364074,0.4196102,0.6608652,0.39287436,0.7976655,0.26262906,0.1101177,0.6508968,0.9445536,0.77744657,0.50346214,0.36824715,0.30390298,0.65739655,0.39447242,0.3468216,0.114907175,0.19589189,0.08048585,0.17003784,0.93253434,0.62313616,0.8828287,0.7207119,0.17617083,0.49879622,0.57224643,0.7011244,0.9056349,0.38766962,0.24643296,0.7672155,0.70019233,0.23094875,0.2502817,0.48839778,0.18478689,0.7346765,0.21403256,0.5256709,0.88265467,0.19645089,0.22675611,0.4044839,0.4047295,0.72970307,0.3981533,0.8074391,0.6999881,0.9612503,0.9094568,0.5600102,0.29980212,0.827888,0.30480048,0.60570204,0.20081143,0.7312305,0.24519557,0.623013,0.46467447,0.6624441,0.27462894,0.6107268,0.7510704,0.3846774,0.13470683,0.103105694,0.22785062,0.41176742,0.8528719,0.5267696,0.52359855,0.9310349,0.5322264,0.77747524,0.84875107,0.88485956,0.19489112,0.7806879,0.437755,0.29824325,0.25025433,0.27393663,0.4032219,0.26541522,0.7251301,0.89442253,0.4820776,0.6162521,0.71752036,0.4032257,0.43483356,0.8475974,0.6301905,0.23502854,0.17077196,0.24515674,0.4172098,0.807583,0.7006686,0.36377913,0.10510148,0.65709734,0.515772,0.38941157,0.28641048,0.28646797,0.7065047,0.3312674,0.24349365,0.31929588,0.2212984,0.56104267,0.25886053,0.9798995,0.15676035,0.3828407,0.94688535,0.7325231,0.19581103,0.35793853,0.16395944,0.09364614,0.5330509
BC2026_Train_0006_S09_20250828_000000_20,0.29074854,0.5863232,0.31140393,0.4320978,0.38802868,0.69810593,0.51426506,0.15622234,0.6590178,0.44717112,0.21094465,0.3229282,0.32509512,0.2165663,0.59819674,0.34291017,0.32310325,0.76891804,0.7263433,0.13362102,0.22993255,0.31422055,0.59421235,0.61769944,0.34482265,0.4086278,0.6860982,0.65207374,0.57905734,0.3726688,0.8392256,0.76910794,0.5962963,0.8095149,0.4292801,0.93598753,0.7352598,0.45194542,0.86046445,0.64175534,0.80273974,0.9851854,0.722098,0.76281655,0.69121337,0.6862525,0.5329703,0.19747603,0.43095338,0.45374268,0.54764897,0.71356803,0.6857115,0.8290092,0.47131634,0.598969,0.68637073,0.5483565,0.33092296,0.26331103,0.3472854,0.53889054,0.72229147,0.5713405,0.3926882,0.5303972,0.42260933,0.19777766,0.38473606,0.15320696,0.7197771,0.5042473,0.49367854,0.24325122,0.35558784,0.6054591,0.8798907,0.46109626,0.565961,0.6461898,0.17233512,0.77468395,0.4297182,0.4784026,0.20620836,0.5185709,0.560976,0.46424553,0.5517901,0.53616744,0.686926,0.2563273,0.51657075,0.8327892,0.4699124,0.85067034,0.40174282,0.6064975,0.50846815,0.26874748,0.5942035,0.45773882,0.6067575,0.4154343,0.5073738,0.34466732,0.6579648,0.37158573,0.48407504,0.780431,0.35531396,0.51383877,0.38919014,0.9354725,0.5534802,0.22460523,0.7267661,0.6587814,0.8161582,0.5945933,0.2794324,0.28589213,0.93462944,0.39590564,0.39015722,0.22622669,0.29977363,0.15745772,0.2690561,0.81641567,0.27691147,0.9239378,0.72955465,0.33850247,0.73413014,0.78693247,0.559104,0.30572024,0.18891937,0.33589488,0.79978335,0.5531962,0.3357035,0.3215273,0.62847406,0.38160574,0.602045,0.1920932,0.52336293,0.9057464,0.31596845,0.18492103,0.5175283,0.46638155,0.6944716,0.29194236,0.42567647,0.7934203,0.73086154,0.43871176,0.7357791,0.87837785,0.56713104,0.52720857,0.54951054,0.08855593,0.7258867,0.6287832,0.45766854,0.5415311,0.56255126,0.3185743,0.7966416,0.88777745,0.7360003,0.1185161,0.18484396,0.7366532,0.38179672,0.59879,0.54917735,0.6748315,0.982358,0.64906335,0.514302,0.62774456,0.9106257,0.34052896,0.83500004,0.41177577,0.50191283,0.4693073,0.40114516,0.2713131,0.5064671,0.86964214,0.97116673,0.5782892,0.29382494,0.6649287,0.5627254,0.63569,0.951443,0.67852867,0.1422791,0.30118,0.36894625,0.6000924,0.7561097,0.61463654,0.41390795,0.19305938,0.715763,0.69079447,0.64488685,0.36530763,0.39358222,0.34139764,0.4447068,0.2980098,0.43137652,0.52632374,0.61934114,0.4605865,0.87063956,0.42370558,0.53164107,0.93513566,0.58204335,0.36251378,0.16622502,0.3510223,0.12205361,0.608708
BC2026_Train_0006_S09_20250828_000000_25,0.19096181,0.50370413,0.51590574,0.622283,0.33586228,0.38025975,0.50606704,0.08951857,0.43139297,0.73141956,0.08460076,0.38480824,0.22294027,0.42438853,0.50844115,0.26997057,0.25407642,0.8277484,0.34073466,0.073447935,0.2337261,0.64761627,0.6182276,0.6752955,0.45345545,0.3941614,0.30686316,0.35528737,0.32869005,0.22976652,0.3409019,0.97116137,0.56656647,0.95676637,0.39564764,0.93540305,0.47743994,0.6839228,0.8614156,0.44341832,0.61005,0.6293086,0.27699038,0.9235598,0.60441417,0.6111622,0.8078493,0.32948798,0.47772378,0.5255364,0.2821729,0.236595,0.20416969,0.6290826,0.70153224,0.62245536,0.5191871,0.7343344,0.5435984,0.26502383,0.25074667,0.45394757,0.56619775,0.55806977,0.37916017,0.5437104,0.15860929,0.48964494,0.4539771,0.3094808,0.5461214,0.48651978,0.7420386,0.3878541,0.37162927,0.40680236,0.65683174,0.5870203,0.6646567,0.24366294,0.46726215,0.6836299,0.428167,0.43241525,0.4062963,0.3359477,0.46132785,0.33704722,0.4728989,0.69364417,0.61861265,0.2924587,0.6468945,0.6481451,0.5700097,0.84028244,0.19530466,0.5524589,0.42753655,0.3021061,0.8451282,0.66182363,0.6924851,0.34622228,0.33882952,0.33615357,0.39649457,0.38601476,0.6086719,0.7437091,0.5236932,0.64241266,0.43303797,0.80350447,0.8755189,0.49186093,0.3876574,0.4975202,0.5539565,0.5420557,0.47637433,0.27574247,0.8473857,0.5237688,0.35878915,0.5342807,0.2278682,0.18317008,0.27090162,0.78374636,0.20764035,0.9619765,0.500625,0.4167817,0.6389376,0.6478361,0.741115,0.07373987,0.21036957,0.33394474,0.60295695,0.55080485,0.19480628,0.47006655,0.21405914,0.37234694,0.54017365,0.46007797,0.40298593,0.86615324,0.3980329,0.37187514,0.45037672,0.32591456,0.63473046,0.3435194,0.43610424,0.71513903,0.5430792,0.19866613,0.8054499,0.8020359,0.3752615,0.5562713,0.47918308,0.63761413,0.8143898,0.63733804,0.5570601,0.38633075,0.34006184,0.53256625,0.5687827,0.8016002,0.9180041,0.1394943,0.33433336,0.76298344,0.58238566,0.22316477,0.61229956,0.74504435,0.9151584,0.6748458,0.29085398,0.5486528,0.92989534,0.4221539,0.6458342,0.6278982,0.45349526,0.30640385,0.39944345,0.2860058,0.6877781,0.89851975,0.9118861,0.39781904,0.3500114,0.6370252,0.28241363,0.6406019,0.91430056,0.4450574,0.24156874,0.22937846,0.37486774,0.4158904,0.6018494,0.23968929,0.3561261,0.37328804,0.45631036,0.69047236,0.72722125,0.82236207,0.7723253,0.38205183,0.61779755,0.4780699,0.38624346,0.54887676,0.45917094,0.58655405,0.6024485,0.36723518,0.46745378,0.6518979,0.68536735,0.51812553,0.107783996,0.68484,0.19234344,0.5076667
BC2026_Train_0006_S09_20250828_000000_30,0.39310938,0.7993153,0.5090841,0.17440093,0.44158334,0.5234045,0.77979803,0.24689412,0.39381212,0.65275,0.21814671,0.7198266,0.35683692,0.41560602,0.89223236,0.49291354,0.472789,0.5162469,0.3622905,0.17330202,0.44914412,0.5066247,0.56956154,0.79798585,0.5895959,0.31898046,0.6410695,0.4515846,0.24953595,0.33997262,0.8631097,0.47784448,0.5421204,0.7281583,0.517305,0.85655844,0.7123749,0.50777805,0.8341943,0.71693337,0.760494,0.77391434,0.6808036,0.4738633,0.80026114,0.8250159,0.30765197,0.26576486,0.28276232,0.30618393,0.5422638,0.6786754,0.66989076,0.7761304,0.31560582,0.6877322,0.6860354,0.6558695,0.34815788,0.276805,0.20773715,0.43878525,0.5659421,0.5629188,0.39112425,0.6855045,0.23533428,0.56239706,0.40087086,0.22011074,0.6328025,0.5779766,0.67950666,0.32198605,0.37963527,0.5602419,0.7838484,0.57910705,0.67403865,0.3454193,0.55378485,0.8671424,0.3931483,0.45357835,0.53982496,0.44686386,0.3618672,0.5621326,0.5599761,0.62330794,0.7892958,0.37410617,0.4855665,0.73842996,0.48766816,0.47240055,0.42495078,0.63605714,0.58976316,0.3787219,0.7590263,0.7033489,0.3098458,0.41454142,0.38472706,0.45598173,0.42453057,0.75094056,0.5464705,0.4420309,0.38040572,0.5768117,0.73748744,0.61267614,0.9242047,0.33893156,0.36559027,0.43744332,0.6913203,0.6227815,0.2502205,0.19669223,0.76867986,0.3613248,0.31902868,0.39190632,0.41977096,0.14592677,0.5205332,0.5772395,0.5993066,0.9049778,0.5359484,0.25845146,0.7120855,0.8872912,0.46292388,0.13176925,0.1378516,0.44345665,0.420089,0.2870444,0.27874833,0.4205855,0.31029662,0.5464448,0.55036795,0.38438302,0.4086421,0.79659474,0.5909818,0.2149429,0.59781396,0.28274155,0.5110852,0.55505985,0.6079252,0.87603414,0.36887336,0.31077722,0.7517413,0.66154337,0.39616472,0.37259102,0.8868339,0.42879638,0.715118,0.44506532,0.44685856,0.4578908,0.44609392,0.4983365,0.6383115,0.8351922,0.7862915,0.36693984,0.4837802,0.296516,0.64387155,0.20414355,0.38865316,0.8385524,0.93997824,0.672631,0.36929113,0.3701102,0.9304321,0.5175432,0.8186596,0.52795565,0.6559212,0.36869413,0.33733156,0.21962588,0.6710677,0.9200703,0.86058724,0.46369755,0.31240207,0.52134585,0.24461222,0.6272502,0.9676244,0.29257464,0.122189716,0.39956456,0.5452,0.4880855,0.926952,0.29050606,0.23904434,0.09732908,0.26794374,0.5957843,0.31578863,0.32992077,0.7487712,0.36792332,0.34427482,0.6465666,0.6111543,0.47887516,0.5298611,0.44148302,0.68052137,0.33739752,0.47033945,0.503554,0.8814317,0.49506113,0.21208325,0.5071245,0.5290114,0.661674
BC2026_Train_0006_S09_20250828_000000_35,0.31780618,0.9356753,0.15023313,0.59486943,0.1823906,0.5731999,0.8810475,0.32590342,0.53809345,0.81894207,0.4177531,0.66684663,0.16236886,0.32956707,0.8225689,0.34594268,0.5107564,0.33092147,0.43849987,0.110676974,0.27488506,0.7778659,0.64586854,0.96026945,0.4932238,0.088619635,0.309586,0.4789396,0.17553872,0.2231845,0.8633687,0.9230065,0.6868751,0.85359746,0.32893813,0.81211567,0.57931525,0.721181,0.9606188,0.40196115,0.98981154,0.6830498,0.32965505,0.92760694,0.86450934,0.8741214,0.48325473,0.16090313,0.277424,0.30585042,0.4987378,0.3109854,0.29310682,0.99176145,0.54565656,0.5667897,0.72347784,0.32497406,0.42685032,0.13502714,0.23115626,0.4364751,0.2744875,0.31316143,0.24090403,0.8375853,0.10063203,0.28359464,0.51332045,0.093290724,0.47421083,0.32454967,0.57447404,0.10590643,0.7632909,0.4309355,0.6042677,0.4601859,0.3538401,0.52746797,0.27235568,0.5775498,0.31503958,0.35727262,0.370583,0.7438377,0.2391372,0.7198911,0.5027832,0.36961246,0.6226648,0.37909973,0.30502206,0.97143984,0.46521604,0.4813872,0.6685333,0.7644365,0.42269439,0.25050238,0.78746736,0.3998053,0.2736061,0.5968032,0.4825514,0.5252625,0.37592256,0.76186883,0.5427338,0.45281053,0.49908406,0.7292142,0.6633282,0.8880068,0.47490233,0.3877921,0.38965797,0.7345059,0.65473074,0.63217413,0.24480663,0.31734556,0.7282996,0.20359203,0.39941543,0.29264697,0.32642746,0.08698256,0.46413296,0.7633889,0.6852209,0.59174806,0.7185205,0.3834742,0.7433084,0.61642957,0.43989164,0.19053388,0.2314283,0.1880706,0.326649,0.37757683,0.32594776,0.5540006,0.19158216,0.28084052,0.5285834,0.6599748,0.45561546,0.6719719,0.37207913,0.31120962,0.42960802,0.5279525,0.59912795,0.33012855,0.60508657,0.8564632,0.44020146,0.32168227,0.1914583,0.75812113,0.4782247,0.591691,0.7241955,0.94488347,0.9263818,0.37847477,0.41077673,0.37141508,0.8286692,0.45727798,0.50827575,0.80401057,0.4083581,0.46593696,0.20253575,0.102155596,0.5501822,0.29711267,0.5644597,0.83041275,0.8997725,0.67460346,0.41443056,0.41595525,0.9557885,0.3010962,0.67484474,0.6680999,0.68541574,0.34546834,0.50988686,0.4279368,0.48264515,0.82229614,0.9311694,0.45468688,0.113687925,0.7889093,0.35635042,0.28097114,0.9500351,0.46052814,0.25618863,0.32629675,0.32121295,0.57406545,0.9612011,0.48554772,0.14523633,0.12561807,0.26211834,0.3286249,0.7608758,0.40973222,0.8521706,0.17043799,0.2842667,0.46283507,0.6581434,0.43569425,0.4565605,0.35740268,0.50892043,0.2602095,0.3445943,0.7948593,0.8713336,0.4038859,0.14294843,0.35971728,0.48021555,0.5598191
BC2026_Train_0006_S09_20250828_000000_40,0.28365058,0.74672556,0.10175466,0.40677783,0.18151617,0.24270034,0.7759286,0.24495414,0.21696055,0.75511134,0.19366825,0.51420224,0.122032344,0.29253736,0.70736444,0.1430566,0.5833821,0.5574397,0.535265,0.07900174,0.17373724,0.6394093,0.7173958,0.601554,0.15712106,0.08895251,0.33850414,0.584128,0.2358309,0.24633667,0.84030795,0.8088852,0.7287319,0.8095993,0.44695604,0.5861089,0.650573,0.5243801,0.7921188,0.76483595,0.9059814,0.7681956,0.67951894,0.7987927,0.81574154,0.8259276,0.4510007,0.29944032,0.53311133,0.55496645,0.8072276,0.65539986,0.67962444,0.900775,0.6059189,0.66827905,0.69256926,0.5723679,0.48578733,0.14965016,0.19871402,0.2971431,0.16728923,0.47140372,0.089831665,0.62829256,0.14155029,0.11635209,0.37951377,0.12651014,0.66616523,0.40183336,0.66736555,0.11835876,0.6902554,0.5338825,0.76093376,0.540719,0.28930992,0.32958686,0.3270737,0.72205997,0.32482958,0.44778496,0.24394804,0.54887813,0.372706,0.48954284,0.561911,0.43804103,0.4896317,0.6065239,0.2348476,0.71182126,0.34350622,0.6934254,0.5812992,0.7846129,0.4377343,0.4663468,0.96943474,0.38916123,0.71974576,0.42589277,0.5192067,0.31615633,0.5062085,0.6690178,0.5012323,0.76140237,0.5531789,0.5978607,0.69423115,0.9944328,0.4075827,0.42862612,0.56717587,0.679248,0.889969,0.74066293,0.34153712,0.403477,0.864609,0.42619717,0.4870832,0.32863265,0.39190477,0.24242243,0.63900316,0.73223853,0.41482204,0.43666255,0.6235324,0.52935,0.6175705,0.35827821,0.3390029,0.07461184,0.21625176,0.18681693,0.33323038,0.35560113,0.63106954,0.5493047,0.36140835,0.10899466,0.7967086,0.86406875,0.50345576,0.8625302,0.36907923,0.16003305,0.5602524,0.8123224,0.56110036,0.2153838,0.6454488,0.9288151,0.7015811,0.24827534,0.5745588,0.91739625,0.43001905,0.6766255,0.70901704,0.7285971,0.7108997,0.51982784,0.63445544,0.5028495,0.8351785,0.38405,0.6000488,0.9083139,0.47441816,0.33778822,0.18727732,0.29190254,0.3565696,0.437494,0.67182755,0.9457141,0.9682908,0.59558064,0.5757208,0.64687395,0.99443126,0.3121344,0.7116225,0.8158437,0.7770326,0.40597314,0.63738036,0.7176995,0.6951455,0.8266437,0.9188832,0.5835433,0.2389006,0.6929271,0.72536194,0.2499715,0.9443717,0.8208262,0.32448348,0.17429814,0.36526674,0.46826282,0.83641934,0.43496698,0.26383826,0.403234,0.23581824,0.2696665,0.57170624,0.88644004,0.7103119,0.26449555,0.49749833,0.46664667,0.51671267,0.6292465,0.2676891,0.67435193,0.6041976,0.48784295,0.32849067,0.7454803,0.85436344,0.36836195,0.17740694,0.4516949,0.3121632,0.7569152
BC2026_Train_0006_S09_20250828_000000_45,0.17837477,0.51123005,0.037117586,0.8181779,0.17530265,0.22570059,0.6361311,0.16851965,0.40493995,0.57145137,0.110165015,0.45636007,0.26852188,0.31199026,0.761556,0.075746626,0.3305372,0.4716087,0.2300727,0.18411037,0.27262843,0.7164775,0.41360897,0.4477201,0.12473416,0.033790085,0.23427123,0.61213696,0.23499705,0.21072179,0.9521393,0.8743614,0.3336665,0.64304405,0.4552346,0.36475492,0.5697836,0.61123884,0.90579665,0.67142284,0.8960688,0.23525357,0.6107665,0.86306727,0.7228209,0.7274785,0.49472725,0.14082946,0.2857927,0.3089819,0.919695,0.593379,0.6036432,0.9215127,0.43833658,0.41053492,0.5936297,0.8121141,0.44384956,0.23141718,0.084365115,0.22412089,0.12780249,0.4516251,0.16303697,0.51227754,0.07543954,0.18475884,0.20049581,0.050898835,0.9581994,0.54290116,0.42725515,0.14780861,0.47924203,0.7117541,0.70977104,0.50310385,0.37173057,0.34637284,0.2456095,0.66514516,0.22474162,0.33964622,0.2830202,0.46258038,0.31003124,0.47156954,0.4780735,0.26954368,0.58496565,0.48055366,0.3891396,0.5155958,0.16936478,0.7015853,0.2824205,0.4753694,0.22179876,0.34719294,0.87427574,0.24501224,0.7904786,0.38314676,0.29884842,0.32477167,0.4679513,0.6202523,0.3186482,0.90587497,0.2930568,0.52115303,0.6248116,0.9874949,0.34896034,0.1296249,0.43912768,0.6172123,0.64492357,0.6713121,0.18333033,0.14728752,0.71514153,0.31628436,0.26010862,0.09932029,0.118092045,0.20365554,0.619502,0.8091513,0.13997328,0.5428338,0.4824053,0.4024378,0.46236277,0.23304544,0.14473288,0.1285819,0.26181817,0.17997527,0.3984419,0.26994595,0.48583978,0.25077546,0.28957903,0.09905258,0.7157389,0.8442366,0.27229452,0.85588574,0.2628227,0.19615677,0.6549542,0.71097183,0.49927098,0.14272061,0.7840295,0.6306678,0.53944105,0.38447994,0.69506097,0.814288,0.44304568,0.454788,0.6357597,0.55363035,0.7384989,0.21592014,0.54419327,0.6088594,0.7809578,0.1713638,0.42958355,0.9524354,0.48783088,0.24175179,0.1767317,0.35465983,0.18543252,0.22826052,0.6198486,0.97873616,0.98605,0.60347855,0.37261862,0.51867676,0.9899092,0.20050201,0.73947406,0.68548465,0.60588825,0.28128952,0.6156823,0.5852484,0.6703774,0.6220156,0.86409044,0.7850498,0.2549468,0.4471762,0.71424294,0.2474314,0.83884335,0.8780661,0.14688759,0.09610528,0.4798228,0.28225777,0.8802402,0.7442144,0.25734803,0.2347027,0.44828427,0.18376717,0.43512374,0.83761126,0.83241856,0.08601639,0.4319478,0.26841688,0.5766258,0.4730587,0.24832064,0.71409595,0.81189626,0.5030629,0.37369993,0.50298053,0.72062874,0.23514888,0.25260133,0.4172876,0.113572,0.7799226
BC2026_Train_0006_S09_20250828_000000_50,0.13244158,0.6613675,0.13369207,0.62450063,0.27856457,0.3078854,0.6860788,0.4154607,0.55336255,0.7542447,0.20960069,0.40852433,0.5780412,0.23730151,0.7650043,0.19320583,0.39544523,0.6679248,0.14156061,0.40072823,0.2880693,0.58836234,0.47894037,0.5637949,0.27916524,0.13349544,0.30786234,0.57978565,0.36737835,0.4765525,0.80380976,0.6931063,0.36004966,0.8976069,0.43789634,0.8787309,0.5587065,0.46656692,0.91249,0.8582652,0.8176153,0.35612482,0.40696567,0.68545246,0.52722645,0.51127636,0.16179952,0.20257133,0.15879694,0.20133072,0.7575556,0.39891523,0.3946501,0.84064406,0.5903907,0.3383811,0.3936354,0.7500963,0.42350435,0.51647556,0.053938232,0.20476824,0.46116626,0.3071573,0.4579687,0.8365022,0.13315457,0.39551908,0.18952796,0.055997185,0.96309996,0.412395,0.49791157,0.2628708,0.7318311,0.86995006,0.6251954,0.41104835,0.6025543,0.3776707,0.21484335,0.6647866,0.3210826,0.30766553,0.25193807,0.75986457,0.5043961,0.51483226,0.56742907,0.38403141,0.45877242,0.5132602,0.31150985,0.39592582,0.3567242,0.5496344,0.31899256,0.39854062,0.42972395,0.29539642,0.8127378,0.40852046,0.7843112,0.27741396,0.5326952,0.5031885,0.62103015,0.51631206,0.47084242,0.845544,0.23489937,0.84834576,0.4717114,0.9731795,0.6727191,0.23602083,0.5269773,0.2991042,0.68863153,0.58431655,0.17936829,0.31608742,0.81884694,0.22356507,0.37741268,0.12748341,0.10034451,0.36333317,0.7328633,0.8069185,0.21390069,0.6645211,0.5252935,0.3227659,0.23919103,0.22080588,0.2294282,0.5624676,0.17476577,0.51600623,0.32979453,0.43896705,0.38032234,0.4168892,0.2507246,0.27524254,0.8273041,0.75987434,0.3416469,0.7661789,0.42901412,0.24478224,0.57043695,0.83752215,0.53499734,0.2548097,0.7883463,0.5903737,0.3194003,0.28702447,0.59779805,0.57658565,0.3944808,0.5905738,0.54150075,0.623194,0.8978871,0.116685525,0.7529304,0.44900012,0.6436455,0.25019234,0.5677147,0.86597145,0.6764585,0.32720196,0.24634533,0.5756479,0.14380309,0.1274099,0.65745246,0.97756875,0.9605338,0.5526118,0.35056275,0.36729974,0.9274336,0.2120442,0.5804949,0.7339734,0.5644926,0.26917207,0.44349742,0.4000768,0.62019074,0.74891853,0.8119774,0.7967522,0.21324806,0.23341191,0.6903901,0.35033435,0.90459245,0.7958504,0.29289073,0.24075761,0.45330143,0.35609406,0.9424003,0.7946203,0.5368944,0.26024246,0.47089475,0.4632483,0.6172221,0.98418057,0.89281166,0.10174778,0.64419556,0.27953106,0.7310773,0.6782911,0.49926743,0.51792157,0.6306715,0.6081003,0.6677542,0.5411837,0.60044456,0.3124721,0.24674867,0.49778956,0.2752242,0.8484328
BC2026_Train_0006_S09_20250828_000000_55,0.36702836,0.7658268,0.377271,0.8746674,0.3265251,0.6909493,0.4871674,0.5123612,0.41079292,0.8412099,0.4247275,0.5084158,0.3956585,0.48195052,0.71289825,0.27719498,0.53357893,0.9185593,0.41084093,0.7377032,0.4161771,0.8621651,0.5413385,0.75313556,0.6262143,0.42959434,0.73549485,0.7429739,0.5405419,0.29883978,0.74740916,0.9804666,0.77617204,0.9285072,0.571225,0.9700495,0.6581763,0.42974398,0.973088,0.6370314,0.8635824,0.6879289,0.7069782,0.98834443,0.43390507,0.41711345,0.6809927,0.3596053,0.37426484,0.39354813,0.87853,0.7196846,0.7164401,0.86929893,0.820308,0.5554391,0.58467,0.29903075,0.64706516,0.5481743,0.20979977,0.37502122,0.58265424,0.42433482,0.5893327,0.8271295,0.41672194,0.5555631,0.35102552,0.18344188,0.8687619,0.4520793,0.31543082,0.5907537,0.95761853,0.81876254,0.447815,0.4513217,0.7180028,0.39185655,0.18507215,0.517482,0.44515413,0.54480374,0.3997022,0.6746677,0.56353223,0.6731229,0.6460115,0.3466493,0.565726,0.45984674,0.46806106,0.6529759,0.23793882,0.47534496,0.55051637,0.54044443,0.6563208,0.22125398,0.61280084,0.2828717,0.8795208,0.42619544,0.66469526,0.6543876,0.5928835,0.4383152,0.44069624,0.4973612,0.28440154,0.9226622,0.32607967,0.9003687,0.6141366,0.4796619,0.48254198,0.434794,0.88189733,0.28295094,0.40734047,0.5220963,0.67881787,0.26872373,0.50148463,0.1143821,0.2508617,0.40819418,0.88253665,0.8885391,0.33294883,0.78247654,0.61588895,0.29444715,0.3170796,0.43068975,0.45006388,0.63689065,0.19781044,0.4565608,0.66593075,0.72145474,0.46142888,0.5484749,0.48140815,0.2837714,0.81039643,0.54226494,0.41130704,0.71100867,0.4940734,0.16212842,0.39967662,0.730222,0.6661029,0.19343984,0.72211516,0.9022243,0.62663853,0.379099,0.4389096,0.72612345,0.5953842,0.5686526,0.53945184,0.26434007,0.9102242,0.22859302,0.76077974,0.5179061,0.40829778,0.2849648,0.7763071,0.59997016,0.42830133,0.45361608,0.3003641,0.34176707,0.4147362,0.28350523,0.52811205,0.8425211,0.91143906,0.5048968,0.34828663,0.67698216,0.6655979,0.27411905,0.80430055,0.72928166,0.4307578,0.28760165,0.18502611,0.25216877,0.4993988,0.92644787,0.80416477,0.83729947,0.2868863,0.4539622,0.5678472,0.40856776,0.83298826,0.78794277,0.18508261,0.22660816,0.57910335,0.52996606,0.922727,0.70753217,0.60557336,0.37923747,0.6718035,0.71534216,0.71448,0.8194915,0.7716807,0.13426718,0.46947002,0.41243798,0.77449787,0.7065677,0.31602246,0.3877983,0.47181767,0.5406251,0.4739433,0.6347431,0.43267322,0.25244176,0.44394404,0.23713386,0.31627935,0.8372326
BC2026_Train_0006_S09_20250828_000000_60,0.27159154,0.46987137,0.13088433,0.3653029,0.12600708,0.25037667,0.24981461,0.12145741,0.6854607,0.57896155,0.17429425,0.5410333,0.098845206,0.41547656,0.29909748,0.123131886,0.35914004,0.74967796,0.5072774,0.12560417,0.12074582,0.47262394,0.46741515,0.43447518,0.22335595,0.25325933,0.53932506,0.54801506,0.20526269,0.057028398,0.87386835,0.92985785,0.25647292,0.5679991,0.29741547,0.65042853,0.654498,0.81994015,0.90294385,0.624622,0.98918235,0.26188213,0.38184732,0.92855644,0.57146055,0.5702697,0.079538465,0.4925111,0.20372722,0.23401938,0.894763,0.39927137,0.39370394,0.9918345,0.49178714,0.35719657,0.46426582,0.45720524,0.4657234,0.19999158,0.44537812,0.11656749,0.15608217,0.22821784,0.25893888,0.27376384,0.2584225,0.23207054,0.09280875,0.041589998,0.7314974,0.29567605,0.4287083,0.5036502,0.20384994,0.72842354,0.52445066,0.090900004,0.8205334,0.12845716,0.18012318,0.40405428,0.10895179,0.47316724,0.15239125,0.37678635,0.37523693,0.35487103,0.27555656,0.23025265,0.5157436,0.39417708,0.30844802,0.48589766,0.27161765,0.68213284,0.37177193,0.60969466,0.5086927,0.102512926,0.5173676,0.19139221,0.6695641,0.18924612,0.37393105,0.65419686,0.6626331,0.22245875,0.32932067,0.60114837,0.38078332,0.5145094,0.3997532,0.69724286,0.17657813,0.22890374,0.35844833,0.6478158,0.8508444,0.3564878,0.16939396,0.19464894,0.6358415,0.106596,0.14633805,0.09975077,0.05340542,0.14621687,0.9474853,0.9317504,0.15640078,0.72801054,0.21029909,0.13495886,0.15484878,0.5726507,0.29838607,0.14455858,0.10783374,0.22983709,0.70866334,0.6528549,0.15017083,0.20344886,0.16123247,0.05403167,0.4847529,0.4802541,0.28956085,0.57393205,0.18218207,0.21372667,0.64585143,0.4311989,0.44082338,0.07394083,0.6536844,0.6821152,0.7856339,0.4183541,0.3639551,0.50787675,0.36227983,0.16850248,0.36224914,0.7035899,0.7551092,0.32718122,0.2533385,0.18617797,0.5814892,0.41335666,0.52441025,0.50446415,0.29932308,0.1803805,0.08998667,0.13336301,0.5382477,0.2811883,0.4366262,0.84050417,0.91971207,0.58216846,0.1893318,0.8119016,0.9038851,0.29164618,0.68882877,0.62373334,0.20745501,0.14570321,0.25175476,0.1411654,0.36483592,0.92112976,0.90930855,0.5998353,0.22323538,0.43258,0.15724257,0.62273484,0.9470489,0.35842216,0.077451244,0.04134354,0.42581958,0.20953733,0.93377125,0.17942503,0.20073825,0.07990791,0.43791547,0.41820627,0.5002039,0.93823266,0.6645925,0.09972726,0.2061682,0.090919286,0.3707953,0.21648419,0.054655828,0.647715,0.7231585,0.2447998,0.19834086,0.68504584,0.58240455,0.048207,0.23740426,0.36418873,0.08173975,0.61918676
BC2026_Train_0007_S09_20250829_000000_5,0.41588214,0.5912645,0.8071364,0.7843615,0.26365376,0.3684438,0.70990837,0.6689806,0.39117247,0.3832085,0.48057356,0.52348965,0.58015186,0.39286858,0.98284376,0.56117016,0.70255685,0.85767704,0.67248994,0.91421247,0.3292938,0.885463,0.65558743,0.93814456,0.7830949,0.16312793,0.96635747,0.6752112,0.74976796,0.4907295,0.7749702,0.54402894,0.53343856,0.124085724,0.23166567,0.64810693,0.9380963,0.71392995,0.6329385,0.19351238,0.8911973,0.42274022,0.58323574,0.6023429,0.9533367,0.9496135,0.6270788,0.075162,0.34424102,0.30288723,0.7153858,0.60225964,0.59349406,0.9003626,0.7084944,0.91703725,0.91402495,0.65326774,0.7204561,0.33154047,0.8106127,0.37693912,0.74317443,0.62293744,0.7770466,0.98270607,0.69831824,0.5018119,0.78056705,0.42137855,0.7989857,0.29351792,0.83395517,0.17994633,0.27888232,0.8692366,0.7808065,0.81099904,0.73620296,0.8359966,0.91233873,0.7401859,0.60120213,0.98542917,0.57894033,0.7406479,0.8816409,0.62125957,0.982395,0.5368127,0.70764303,0.267627,0.9832479,0.7798542,0.8415574,0.7411206,0.7804202,0.7861178,0.6559616,0.7381711,0.69291794,0.493546,0.098903745,0.4642306,0.37626684,0.90410304,0.7951106,0.7486657,0.97118336,0.9644625,0.6514368,0.3847518,0.43144852,0.8028562,0.5336647,0.88523436,0.6283402,0.75759006,0.6555846,0.72254175,0.57955194,0.92410624,0.96242917,0.96957284,0.33519042,0.9003179,0.37121576,0.21625775,0.8597851,0.34997022,0.4635511,0.9213041,0.98386145,0.94298327,0.9754958,0.84739375,0.29969314,0.44727558,0.7508152,0.7779858,0.7561648,0.9093914,0.8564142,0.9272355,0.22230405,0.8039645,0.71177673,0.6092318,0.85361505,0.7696564,0.9218656,0.48648024,0.721406,0.8751187,0.7680042,0.9386729,0.9401493,0.8424169,0.90806806,0.8478533,0.73782086,0.70592517,0.8323958,0.34865034,0.8017895,0.8796341,0.31723958,0.63697076,0.38535362,0.84709513,0.9237021,0.58351755,0.80692226,0.74087405,0.6722249,0.4661606,0.69282883,0.12416941,0.9473041,0.56556153,0.7705095,0.88434064,0.71518457,0.89776325,0.8430388,0.9905417,0.54014647,0.9445323,0.5338104,0.22895217,0.75157666,0.89713955,0.3754542,0.6389303,0.9552603,0.84035814,0.9782624,0.74373746,0.6449597,0.3354677,0.43986374,0.7470608,0.6061947,0.6622684,0.12752968,0.76278436,0.16198668,0.53623295,0.68251336,0.90120816,0.81116676,0.784042,0.91615826,0.9501802,0.49917126,0.36183977,0.83032143,0.34487832,0.6854577,0.9459019,0.8652775,0.75286233,0.9973333,0.97690105,0.39943385,0.7028315,0.6371927,0.9589407,0.94539785,0.89677083,0.9604509,0.65192604,0.9829979,0.8666396
BC2026_Train_0007_S09_20250829_000000_10,0.39468372,0.69202757,0.36674345,0.5770349,0.3893392,0.49669427,0.72565013,0.24912101,0.822167,0.2111831,0.42383754,0.16074196,0.47969383,0.4147539,0.80257475,0.4491353,0.5029005,0.67028785,0.36963123,0.47139174,0.34567076,0.42301047,0.2650289,0.60509086,0.6488765,0.2399329,0.57436275,0.6192852,0.40871423,0.18057409,0.6563547,0.87611544,0.61605966,0.29643923,0.40281165,0.7927165,0.9644338,0.70602334,0.4088683,0.73291886,0.62839484,0.8640377,0.77312344,0.8780949,0.8148502,0.8202753,0.700962,0.42877936,0.47412732,0.5188644,0.68699694,0.7139354,0.74972475,0.651507,0.4420601,0.7670052,0.7973707,0.834152,0.2408171,0.2861241,0.61931634,0.2822495,0.48685202,0.18816826,0.3856312,0.787861,0.46035314,0.19204196,0.8059082,0.2513184,0.49202394,0.3540724,0.61365867,0.39091367,0.52924347,0.922367,0.7218478,0.5363592,0.3610764,0.4518415,0.85773313,0.574754,0.26436892,0.8653301,0.5991354,0.3966878,0.70447814,0.33945602,0.83521056,0.5669832,0.61544883,0.24925768,0.8098234,0.55823594,0.3333155,0.6055672,0.5533482,0.62895525,0.3201319,0.86989987,0.48540306,0.27416846,0.2763624,0.56907165,0.546533,0.5670338,0.6025459,0.7712143,0.9396361,0.7704483,0.46492347,0.44819146,0.33126932,0.57445705,0.5526537,0.55906415,0.3884501,0.8182086,0.5269158,0.49374372,0.55207664,0.72600996,0.65676355,0.88565063,0.5694417,0.6510112,0.51689714,0.35681146,0.4736408,0.36040527,0.46893132,0.73673844,0.3086825,0.84335196,0.6621692,0.5786779,0.3643965,0.30978498,0.69601345,0.84783185,0.85159385,0.97869885,0.59804535,0.9216242,0.55814403,0.5320355,0.45606184,0.5384816,0.71301365,0.8465991,0.6325822,0.28828925,0.2585088,0.6387069,0.70028865,0.7630564,0.8033111,0.54760265,0.9460052,0.5190929,0.9626261,0.27207708,0.33016366,0.35545236,0.5169885,0.9819448,0.2750373,0.45471758,0.44612348,0.7654588,0.45572245,0.4486251,0.6761447,0.449588,0.73582315,0.6522783,0.23659131,0.19721866,0.7705139,0.41012532,0.43357372,0.6601136,0.29487282,0.7758589,0.73715436,0.85570455,0.26248032,0.706993,0.67798865,0.26973808,0.2166546,0.52466285,0.27320743,0.6733326,0.7307687,0.73078394,0.8077766,0.7390957,0.8955604,0.38838077,0.2575702,0.25605583,0.5503146,0.79590523,0.36293387,0.54050386,0.14405972,0.5873064,0.4389614,0.4529931,0.7206386,0.974825,0.4902032,0.7382914,0.52731085,0.33536476,0.58244395,0.5495432,0.74272406,0.84779966,0.4158405,0.52207994,0.9041312,0.88245404,0.8056201,0.64053404,0.51164144,0.71225786,0.87882376,0.6472155,0.75676835,0.6189683,0.9102384,0.4693811
BC2026_Train_0007_S09_20250829_000000_15,0.17285374,0.17716327,0.38069206,0.7465503,0.2970575,0.21557185,0.48576796,0.11572267,0.4846335,0.3097337,0.45555577,0.2646997,0.23741171,0.45962703,0.57889295,0.32952476,0.50135463,0.7559724,0.380953,0.19158345,0.12969515,0.22356194,0.14111954,0.53993374,0.4234317,0.23837602,0.645128,0.41080242,0.3494298,0.2338474,0.65075487,0.83606017,0.27234164,0.29900038,0.26868266,0.7746949,0.9253001,0.90506256,0.985729,0.56702214,0.98349184,0.112096116,0.3982211,0.8590157,0.91969895,0.9216498,0.3765273,0.4152019,0.4021768,0.42985374,0.7505115,0.38656694,0.3713261,0.9885824,0.6515358,0.6048914,0.58706284,0.78667426,0.2536658,0.36978096,0.5295744,0.38839006,0.35031313,0.16254178,0.37977576,0.8089704,0.44986674,0.07608165,0.9455067,0.12508428,0.41039073,0.19293132,0.7912301,0.334148,0.6061363,0.88211095,0.52525395,0.572106,0.5160438,0.47475773,0.5993422,0.6089966,0.30211568,0.5532311,0.26715183,0.12464732,0.666781,0.12063739,0.83423394,0.5219538,0.30789173,0.40116197,0.24638359,0.59548885,0.3166387,0.48316556,0.37255132,0.6768342,0.28780356,0.93605775,0.65802026,0.3080871,0.43673873,0.3256632,0.32608896,0.56117517,0.88748026,0.5774464,0.763129,0.6195779,0.58760977,0.33979976,0.46945572,0.62362826,0.4712392,0.5378325,0.5895804,0.9456359,0.9167483,0.49684,0.46480393,0.48369944,0.6795355,0.76781845,0.38617826,0.52638984,0.24303615,0.43348402,0.56821984,0.82128096,0.74259216,0.5632578,0.23644097,0.58131766,0.2763184,0.3772782,0.40515393,0.3504275,0.8395776,0.69296825,0.70402133,0.97705483,0.73248184,0.9130672,0.5776426,0.41246545,0.6982049,0.8361368,0.8540909,0.7079388,0.46575826,0.47398657,0.28472584,0.33178306,0.5944514,0.884279,0.8708787,0.64568067,0.8385967,0.6841954,0.66359484,0.38461316,0.37350452,0.40678847,0.5310564,0.8358755,0.5983908,0.3839984,0.63491833,0.33321577,0.3087498,0.48899367,0.66088164,0.66887784,0.63452315,0.5967432,0.2733537,0.38896757,0.704878,0.5624234,0.5943526,0.6018648,0.2495428,0.84654665,0.7141124,0.5763052,0.4845882,0.24891725,0.6162225,0.41179138,0.08804412,0.22026724,0.4791209,0.6390696,0.5992314,0.88529766,0.8552833,0.89770055,0.8607513,0.49660236,0.18984291,0.21202852,0.5713664,0.7455288,0.44423205,0.5278596,0.22407417,0.39007342,0.6066624,0.5530691,0.8573489,0.9125319,0.4733374,0.79939365,0.71271,0.7750573,0.46011305,0.8009666,0.5561359,0.8619087,0.32835072,0.7459272,0.3914855,0.758484,0.8706604,0.6856327,0.50035226,0.5228935,0.6519828,0.49840966,0.6001326,0.5141665,0.41332096,0.56887114
BC2026_Train_0007_S09_20250829_000000_20,0.0843879,0.2371155,0.33308065,0.42668006,0.54592454,0.22853059,0.37856,0.20465702,0.5020642,0.35811567,0.57777345,0.46082675,0.2397516,0.30511612,0.62904286,0.44414192,0.75327945,0.69979274,0.4813953,0.4134543,0.25530672,0.68589807,0.44891635,0.7756624,0.5338833,0.26878256,0.8803588,0.19754645,0.39868164,0.56986356,0.37153304,0.6149156,0.33356813,0.36970618,0.24012342,0.78312755,0.8470844,0.8101162,0.8383067,0.70190084,0.89804137,0.23571444,0.29406464,0.5846212,0.8198091,0.8283193,0.3286736,0.21584828,0.41748413,0.4507805,0.40787816,0.2778331,0.24722794,0.9032124,0.51234496,0.7701621,0.6038171,0.5266039,0.40153342,0.39569396,0.5695368,0.54060173,0.4069723,0.51316935,0.5288228,0.81031346,0.40099704,0.21152204,0.8289429,0.18487346,0.6827359,0.3924275,0.83003354,0.4527694,0.51022565,0.77394676,0.7889451,0.50508344,0.69662446,0.5707586,0.48555958,0.5555157,0.093401566,0.5330607,0.27302343,0.18982878,0.38503748,0.2365113,0.8716619,0.36531347,0.41089225,0.26031363,0.11001776,0.46644014,0.5016648,0.7075792,0.6615008,0.7365929,0.60258704,0.918452,0.6078235,0.78233075,0.21108955,0.108634934,0.1239216,0.54727197,0.78056145,0.7070505,0.4584058,0.7266953,0.41832787,0.29321113,0.19371518,0.5652524,0.7546792,0.39269415,0.944887,0.87201035,0.93011767,0.42965898,0.41414195,0.5860671,0.5248648,0.6385602,0.15106034,0.73042566,0.15479916,0.24120036,0.79449105,0.89335203,0.88119006,0.4923312,0.38460648,0.5574729,0.35191846,0.39073753,0.52116287,0.65247,0.64801264,0.5675458,0.87377703,0.65178627,0.6997652,0.766614,0.5810385,0.65584505,0.95033073,0.5577156,0.5098001,0.64555347,0.7158804,0.4877451,0.5766866,0.23428422,0.5862783,0.6343703,0.9766056,0.5335509,0.8045579,0.90836143,0.87821126,0.7191276,0.56830037,0.7529671,0.4176969,0.24164918,0.59866834,0.7481394,0.81464374,0.25357035,0.42561904,0.7736583,0.28877726,0.89602566,0.9064703,0.351017,0.8041191,0.3634308,0.5416646,0.42945683,0.5312122,0.58548725,0.42235672,0.8010596,0.6908659,0.54841757,0.75624937,0.2427711,0.5319481,0.19231561,0.2670998,0.24988917,0.538205,0.5190296,0.6919172,0.89074636,0.82595813,0.78109825,0.7972268,0.39696765,0.5027629,0.7050266,0.33771884,0.63547623,0.86378515,0.41373825,0.22943754,0.35597914,0.84773207,0.7595773,0.7522958,0.5640104,0.38341933,0.89426893,0.19565561,0.23056045,0.45330328,0.7653707,0.8036177,0.8768015,0.7905185,0.7898792,0.4100263,0.5195507,0.8053218,0.36695844,0.45663732,0.40982407,0.58434945,0.32219356,0.3339346,0.63472176,0.46245897,0.6938846
BC2026_Train_0007_S09_20250829_000000_25,0.1586172,0.33188313,0.6369722,0.79509044,0.5641921,0.35629344,0.718006,0.5731703,0.2311875,0.59455884,0.52157575,0.40397298,0.1536247,0.19071427,0.8660126,0.54781747,0.7115873,0.57506317,0.26170617,0.54896754,0.44764316,0.69648445,0.5143267,0.5920735,0.4401604,0.36207628,0.86826956,0.3521611,0.4326542,0.59645486,0.2585389,0.41339996,0.75138223,0.2044419,0.26427442,0.9827813,0.99607503,0.8696085,0.38282,0.7439891,0.8435591,0.3488358,0.4653944,0.3866374,0.72126436,0.7163147,0.9335366,0.34520572,0.36524373,0.39478642,0.21048589,0.47422117,0.48581263,0.8571351,0.5364002,0.71996653,0.69516194,0.13264634,0.43387145,0.23155555,0.4922694,0.45074302,0.3559054,0.44915777,0.45664495,0.7699834,0.43042117,0.54850376,0.7300296,0.43559754,0.7008172,0.46774507,0.7403146,0.4671662,0.57094073,0.64158714,0.8892356,0.80545956,0.44433433,0.66828036,0.61825854,0.80466115,0.09562716,0.29437116,0.2921798,0.6468909,0.41970932,0.5356663,0.76152456,0.5579269,0.50539863,0.41612607,0.41168344,0.40711182,0.7694371,0.66967106,0.9257587,0.43236446,0.78883374,0.6748779,0.93974096,0.77072346,0.28557104,0.19173308,0.23158629,0.6884713,0.86776507,0.5363996,0.58367604,0.46413237,0.41958672,0.5383818,0.1070081,0.49337578,0.68377876,0.4837495,0.8552005,0.582584,0.7633648,0.53568923,0.3470627,0.56569505,0.5318757,0.6576165,0.24687809,0.4826942,0.44113234,0.38118303,0.8662591,0.59180766,0.8506963,0.66930604,0.4139417,0.5380701,0.4236589,0.54571474,0.44267455,0.6857234,0.73719156,0.4682194,0.8684087,0.47837657,0.8465531,0.76157117,0.26328403,0.55952203,0.72628903,0.71445763,0.5540509,0.94917524,0.70805156,0.6288655,0.8235085,0.5661907,0.66409147,0.42408013,0.9395355,0.49556327,0.7898922,0.839962,0.78517723,0.7209064,0.54367226,0.7880657,0.44243738,0.8390814,0.7008542,0.7721349,0.6710553,0.17927325,0.4724263,0.60569686,0.16057572,0.5109399,0.6268742,0.21288401,0.90121406,0.2481507,0.47556707,0.30372366,0.15591507,0.5942154,0.4981184,0.8622196,0.6967722,0.7709601,0.5586594,0.45438105,0.51458406,0.35849345,0.7620306,0.52901924,0.72798276,0.731169,0.6726177,0.7638655,0.59692556,0.3497004,0.73967123,0.46183825,0.5241512,0.76663005,0.45363247,0.41460752,0.8957234,0.33943003,0.4215291,0.33142227,0.8725585,0.67623115,0.8819537,0.6654006,0.3324409,0.9351431,0.55543226,0.20339188,0.61577153,0.29984206,0.8826386,0.8875079,0.98706245,0.50286704,0.55488247,0.5871402,0.37954533,0.34155992,0.41015106,0.58599293,0.54230964,0.40908033,0.3441562,0.62783766,0.6531669,0.6351019
BC2026_Train_0007_S09_20250829_000000_30,0.40408117,0.7973704,0.6395216,0.9896456,0.664248,0.7140757,0.88014734,0.57207835,0.49047574,0.54977405,0.54904103,0.22531494,0.39087814,0.2919669,0.74518377,0.2698714,0.26466972,0.81062055,0.4335151,0.6917949,0.63585395,0.3210231,0.78515756,0.77298236,0.76779455,0.5178271,0.22762176,0.7002661,0.6747483,0.67318475,0.34826967,0.9877678,0.74211746,0.73209167,0.647475,0.4567386,0.50208354,0.34281802,0.8020282,0.5479434,0.8929012,0.8980223,0.6567293,0.87486136,0.47744197,0.47330493,0.93750894,0.34352598,0.5598893,0.57280135,0.7521177,0.6768522,0.68622386,0.92023754,0.77859443,0.9245278,0.66383314,0.7416993,0.66542244,0.49326074,0.70088804,0.53073955,0.6458222,0.40057766,0.73261344,0.49742758,0.6421745,0.64836764,0.5182119,0.6724553,0.51253015,0.47121087,0.5622808,0.58779216,0.96005595,0.88597673,0.6527482,0.9474615,0.38922304,0.7650093,0.39627907,0.32250303,0.21562815,0.30763555,0.6027135,0.8142563,0.2028332,0.37231243,0.43241405,0.46552473,0.79719174,0.55112076,0.37142277,0.58883893,0.9149469,0.6390426,0.7449491,0.52433074,0.6132683,0.47282368,0.46341342,0.48806977,0.3671221,0.6387048,0.5761765,0.54273546,0.6065459,0.34674764,0.46172434,0.2347276,0.25529012,0.68078864,0.118031755,0.2833956,0.410802,0.4381282,0.37306446,0.66802496,0.401303,0.32044822,0.54868954,0.60634637,0.30008632,0.38109857,0.5105963,0.15593684,0.46641964,0.19050857,0.5610914,0.5891161,0.5250184,0.46603242,0.9671476,0.4675616,0.4204906,0.3720467,0.60124266,0.50223887,0.72330093,0.4652815,0.66390336,0.6575345,0.41881728,0.43909264,0.51116353,0.5454192,0.52749467,0.71866965,0.69454026,0.96497655,0.3945077,0.4441754,0.42693472,0.87910557,0.5408738,0.37196565,0.9534496,0.23329532,0.6155857,0.90353227,0.5625875,0.6086887,0.5614292,0.71779466,0.20635891,0.89600813,0.6606953,0.70631707,0.18065992,0.30247575,0.43399796,0.41360992,0.2628322,0.5914624,0.27722996,0.5155314,0.54039073,0.2205613,0.22869071,0.4987502,0.21281168,0.25295523,0.3185132,0.50042117,0.2918408,0.7397107,0.21276608,0.3646683,0.6539154,0.48984998,0.39797676,0.32718724,0.78957033,0.6045196,0.534305,0.39390203,0.31075102,0.39167133,0.55816543,0.46728694,0.45391333,0.48894957,0.49942002,0.6662835,0.7882006,0.44483626,0.53603387,0.5661173,0.85751426,0.68841016,0.847036,0.67888165,0.6255214,0.5069154,0.7553167,0.34861004,0.91332823,0.22058797,0.6928408,0.28258663,0.9831041,0.3587891,0.38064945,0.39356065,0.3721165,0.28329855,0.3152169,0.7577964,0.26682854,0.19107112,0.43448934,0.4180271,0.60237455,0.3686874
BC2026_Train_0007_S09_20250829_000000_35,0.37599313,0.61339426,0.34358978,0.71629,0.515427,0.5991195,0.72334516,0.45995632,0.29435992,0.38777173,0.42787343,0.14153703,0.37026137,0.23344186,0.6672789,0.10382223,0.28540218,0.6147211,0.4948601,0.4917092,0.43711025,0.6237187,0.6232342,0.65817916,0.5196873,0.49142668,0.47124612,0.61263764,0.6112128,0.49569154,0.26211154,0.38022947,0.9162234,0.38017106,0.6240659,0.137384,0.8056652,0.7416104,0.55693674,0.6599493,0.9858074,0.6697863,0.56915116,0.36991578,0.45153007,0.44595614,0.70324373,0.16768014,0.43779886,0.40998068,0.54828733,0.55100566,0.54273903,0.98909515,0.34010816,0.7667396,0.6353056,0.6076221,0.6474838,0.6596954,0.43524337,0.32921487,0.6249271,0.25343335,0.75694907,0.42244548,0.48667908,0.4882557,0.4348222,0.42818356,0.6731627,0.5088442,0.7059262,0.41162634,0.6200901,0.96617913,0.6388705,0.8067092,0.30443758,0.603132,0.39100707,0.21059301,0.23320788,0.33698356,0.5172447,0.6135905,0.28372467,0.39034116,0.5665677,0.48821968,0.71202016,0.38824868,0.42613608,0.7271301,0.65067196,0.5203439,0.41642857,0.50640464,0.40344888,0.76194775,0.5598889,0.5310947,0.1563985,0.6552588,0.51727325,0.73014104,0.65793335,0.3648029,0.51716995,0.5680616,0.39484423,0.50431097,0.12700373,0.4695332,0.638818,0.5974916,0.35297108,0.47313565,0.5269804,0.43537545,0.4510423,0.76458156,0.49467206,0.5334177,0.4096948,0.30230233,0.54079723,0.08165796,0.5685627,0.45588553,0.3901196,0.16911358,0.82336724,0.8012781,0.5613477,0.4790067,0.7320266,0.7312186,0.6965631,0.5172613,0.45385706,0.85831094,0.41851348,0.44350147,0.11963323,0.69787574,0.61578196,0.3763733,0.52989256,0.6903,0.4406649,0.49384087,0.40376633,0.60374284,0.28375468,0.4199285,0.97785145,0.41494268,0.85206795,0.5265484,0.8310857,0.87842304,0.61804044,0.81814635,0.17106174,0.8525919,0.35171515,0.8009238,0.21441257,0.33292872,0.37190545,0.46026036,0.51204175,0.82272196,0.39433557,0.64195573,0.63264346,0.4913745,0.11460336,0.4349547,0.5353509,0.35827416,0.5319615,0.59710145,0.2443147,0.8367311,0.33012924,0.5040021,0.6614417,0.24662617,0.2315861,0.21456176,0.52870685,0.6034593,0.7172158,0.44717526,0.5171752,0.59910434,0.15843216,0.13066083,0.82153296,0.57817984,0.14195915,0.8463417,0.8984612,0.34666848,0.28389257,0.51575625,0.7919396,0.7409859,0.63298476,0.7194252,0.6634511,0.30596125,0.41078073,0.25642222,0.74114215,0.36665088,0.8192724,0.1990369,0.9672859,0.66399884,0.5329621,0.5553169,0.5500968,0.35086405,0.42513394,0.88634926,0.42874604,0.32379788,0.6165774,0.43663675,0.5676384,0.57951045
BC2026_Train_0007_S09_20250829_000000_40,0.48840022,0.8829776,0.39001012,0.88892734,0.5554016,0.7380192,0.89320433,0.5359057,0.51749074,0.51765853,0.47308692,0.451004,0.57585925,0.52373207,0.51090497,0.17156893,0.5866472,0.7908354,0.9691032,0.6511634,0.4570487,0.93241227,0.6955409,0.96276087,0.6145556,0.535555,0.431759,0.7262089,0.5976699,0.30016673,0.589025,0.8922279,0.6992208,0.73103404,0.6932287,0.44184813,0.5572815,0.62333554,0.9310993,0.4980089,0.95308363,0.56665564,0.81735957,0.8996117,0.362916,0.37093776,0.901775,0.16288736,0.48640975,0.4990305,0.8165345,0.810356,0.81263304,0.95188475,0.6851926,0.9189217,0.8590934,0.7430283,0.8414838,0.53683996,0.5309503,0.51919246,0.6052263,0.29578,0.56246865,0.85992074,0.5584733,0.29482272,0.52525985,0.48096204,0.803059,0.7656684,0.72568285,0.27631456,0.8150374,0.97593665,0.7880502,0.8779036,0.6150165,0.8476293,0.15749964,0.37819055,0.4895169,0.64317954,0.48260808,0.6930721,0.8082644,0.62949,0.8317498,0.65922344,0.7556901,0.64276624,0.90999144,0.80940354,0.8786428,0.7008091,0.52350485,0.7827823,0.63882756,0.7818078,0.69519335,0.4235614,0.36375684,0.57812774,0.65308654,0.83382297,0.6342671,0.6015959,0.74984825,0.79192454,0.4802618,0.6832484,0.29318726,0.48953748,0.69525695,0.4807896,0.68292415,0.46126753,0.82919276,0.61979336,0.66376495,0.9164777,0.7012428,0.76799023,0.5584624,0.5626776,0.43237418,0.304189,0.5203792,0.69911253,0.2913852,0.18165568,0.9791707,0.8032385,0.72567904,0.68058836,0.60213304,0.82202196,0.51895225,0.6698415,0.67450917,0.9323019,0.37353343,0.5004852,0.5180968,0.79793626,0.5169891,0.5142503,0.74500275,0.60486054,0.28242528,0.2799654,0.322228,0.78635716,0.4186008,0.53820354,0.92656344,0.5489762,0.8545064,0.5111767,0.67227256,0.7004777,0.8619334,0.64513934,0.32367998,0.5270331,0.44219548,0.5950347,0.62108123,0.6488422,0.7545526,0.51282245,0.72532177,0.7387328,0.22665802,0.74455416,0.52148086,0.41791707,0.25629506,0.4649551,0.38540268,0.74521077,0.4863886,0.72079027,0.4480417,0.80232024,0.6616584,0.66142714,0.6437992,0.42643327,0.3122263,0.5402249,0.35601342,0.6512456,0.8120562,0.5394677,0.61282647,0.8285079,0.16093317,0.2576312,0.8743479,0.5276518,0.22635943,0.9826046,0.5185535,0.47033325,0.28133762,0.71034783,0.73798203,0.9242474,0.82741845,0.683882,0.9225086,0.3720355,0.58524716,0.45624465,0.93742585,0.5068489,0.85848737,0.40699768,0.9270804,0.7416836,0.81407356,0.7395016,0.42757553,0.68463075,0.6165866,0.83892727,0.4932922,0.5458132,0.9527651,0.23353748,0.9087919,0.6909512
BC2026_Train_0007_S09_20250829_000000_45,0.31484336,0.6810938,0.2843297,0.6917891,0.5248775,0.92774546,0.9296231,0.46760216,0.51131386,0.7444687,0.6317346,0.61351514,0.44548815,0.6024235,0.7902763,0.31318152,0.5817524,0.83399415,0.9818734,0.8555827,0.40197462,0.97319984,0.6328372,0.98514205,0.49306077,0.41998613,0.30874154,0.81802535,0.50782114,0.47180587,0.7106127,0.9797251,0.79677284,0.8779856,0.55364364,0.35283172,0.35161513,0.65390605,0.92565304,0.44512135,0.94204867,0.57878315,0.5281071,0.9772593,0.45499027,0.44209194,0.7677741,0.362262,0.77459085,0.7794403,0.78321135,0.49561134,0.5180532,0.93728465,0.7416531,0.9607409,0.83318603,0.8727766,0.71018744,0.55625254,0.54118884,0.6892775,0.6069967,0.36930907,0.34389257,0.9989755,0.68997943,0.2669482,0.681656,0.7201537,0.8194458,0.5779342,0.46042615,0.17980307,0.97114027,0.8497684,0.761942,0.8959934,0.6868355,0.88572097,0.124374054,0.27604944,0.51766145,0.6493282,0.7213006,0.5363747,0.91827965,0.79434633,0.7825922,0.3695767,0.6356528,0.79204166,0.8643396,0.79989505,0.7941667,0.82527244,0.628137,0.86186683,0.83515155,0.65892637,0.54846954,0.44966325,0.8742417,0.49379689,0.6685909,0.8879396,0.7667873,0.4556018,0.8168354,0.51324767,0.70403254,0.7858912,0.3509155,0.6639384,0.41406727,0.5670323,0.51951367,0.75413084,0.6988616,0.7305198,0.7808661,0.9008302,0.45761424,0.65377915,0.67398024,0.5388472,0.46586597,0.44086522,0.69014776,0.8641962,0.3536359,0.5031228,0.972722,0.6519381,0.6890297,0.41640568,0.6110774,0.8003808,0.62958527,0.78628254,0.702016,0.9883175,0.55450714,0.31393266,0.38157415,0.7415012,0.33857447,0.8453406,0.81172,0.5549877,0.108792655,0.38444757,0.52273846,0.7478806,0.3888647,0.49661684,0.88130236,0.3511213,0.80386484,0.30539668,0.74214447,0.48405182,0.85508573,0.54024655,0.33634108,0.72535956,0.5961739,0.62361103,0.5946753,0.6511973,0.9061688,0.7002727,0.5314922,0.7020912,0.20046684,0.7363758,0.51299924,0.55705625,0.3997221,0.507138,0.3676551,0.8312576,0.4578989,0.5715641,0.49276155,0.8645402,0.71196795,0.42283368,0.76150846,0.7578193,0.75785947,0.5412583,0.46299362,0.7853675,0.688707,0.46878928,0.7260659,0.65939355,0.22823024,0.45120135,0.6804923,0.47631693,0.49377853,0.9876276,0.48481387,0.30089986,0.33791137,0.7187793,0.6464306,0.9926313,0.6164447,0.85548896,0.8736589,0.45719302,0.6605437,0.87510014,0.9879328,0.43518203,0.6933366,0.50695515,0.86373055,0.55258846,0.7624482,0.71742105,0.51578116,0.66717637,0.5315678,0.7236085,0.6781665,0.44502717,0.9427335,0.39732066,0.82531047,0.64792645
BC2026_Train_0007_S09_20250829_000000_50,0.36817193,0.6919073,0.2688185,0.9829836,0.57296824,0.9727037,0.6960785,0.6457379,0.46851528,0.56236994,0.3362575,0.32115418,0.50976926,0.4153381,0.83039844,0.75681996,0.59035885,0.4850124,0.5062779,0.72617185,0.48519748,0.8416603,0.5231481,0.66077447,0.78693557,0.36113185,0.8378899,0.7885668,0.67470765,0.4842465,0.43468064,0.93900895,0.6423883,0.70078564,0.5887741,0.8923321,0.5682738,0.6013581,0.6828904,0.5234133,0.83475435,0.9658598,0.6489929,0.9351554,0.44697487,0.42495102,0.64563847,0.23408835,0.78541875,0.7858395,0.6752304,0.6020209,0.63735974,0.846871,0.6107653,0.7194327,0.680323,0.39611337,0.2019023,0.6356164,0.4551496,0.74798536,0.39931482,0.23612583,0.42650783,0.91111887,0.5577178,0.5832256,0.53907543,0.86497605,0.4328332,0.3923573,0.4366973,0.27358627,0.82876205,0.92345643,0.6836746,0.61795247,0.7193234,0.9514705,0.22970706,0.18237299,0.55910546,0.88205665,0.6764653,0.54342383,0.3975401,0.5847803,0.8639623,0.24197248,0.7559401,0.43252403,0.9265876,0.7339308,0.65628564,0.8390733,0.9070273,0.6931529,0.74399555,0.82755065,0.3235646,0.514686,0.7233957,0.55561924,0.736537,0.77450275,0.6494492,0.6226617,0.78928125,0.5477114,0.7184478,0.7489979,0.3876649,0.46440154,0.449145,0.50819826,0.2045623,0.6057855,0.31564456,0.6809697,0.556039,0.771189,0.4501558,0.7433696,0.7330214,0.6263577,0.6718498,0.57134163,0.83008146,0.7503992,0.26768252,0.7354114,0.9676065,0.4056279,0.74644494,0.42382252,0.35860747,0.8557458,0.50430346,0.6362287,0.573601,0.75333,0.49085325,0.52883375,0.5728254,0.75707185,0.3111807,0.67013514,0.6847428,0.6806796,0.16689652,0.5769884,0.48931825,0.54308105,0.60686874,0.5330818,0.76018226,0.32561445,0.89517486,0.3912704,0.82850957,0.56976056,0.9216373,0.4153682,0.3821609,0.48902452,0.64888585,0.8891765,0.6463871,0.81215405,0.9033325,0.7357669,0.5457729,0.6228282,0.45178735,0.6276404,0.46843448,0.49557686,0.42989427,0.3699267,0.26788828,0.6834252,0.3313573,0.5287477,0.53111506,0.78724694,0.4220552,0.4581488,0.808016,0.5861647,0.32006967,0.6554594,0.60260975,0.9143146,0.5853312,0.54878134,0.5126833,0.6817275,0.62243426,0.36083427,0.7771697,0.2418567,0.44860888,0.9634191,0.6465124,0.4291805,0.36213702,0.7496538,0.38704333,0.8016218,0.6473675,0.72635925,0.5310097,0.57269377,0.8009835,0.5183124,0.8237984,0.34421372,0.63314736,0.70660555,0.83427227,0.25060403,0.8752766,0.5475081,0.49426773,0.7366165,0.50446856,0.65385425,0.6274574,0.58358157,0.93209237,0.36662692,0.8545761,0.4924088
BC2026_Train_0007_S09_20250829_000000_55,0.53132075,0.5650666,0.42278254,0.8242709,0.38580036,0.9360369,0.8640422,0.83810365,0.55262953,0.37558568,0.27925456,0.23016745,0.36740202,0.2223796,0.9051308,0.77637625,0.5145059,0.47059745,0.24584953,0.5873573,0.41065377,0.7103124,0.7921219,0.76776785,0.7625071,0.6330482,0.5155818,0.6981269,0.60398424,0.55678403,0.25012764,0.86690307,0.7695062,0.637704,0.5870042,0.9317907,0.5112158,0.5027705,0.6036905,0.32612175,0.78153735,0.75596243,0.7531414,0.85349435,0.5310206,0.51412773,0.2306446,0.29577774,0.629135,0.62370616,0.44747603,0.75734085,0.77362317,0.7993939,0.7591462,0.7264836,0.9271997,0.08383866,0.13385522,0.33765343,0.31909043,0.61884606,0.48399138,0.2822672,0.57290554,0.95342773,0.32909763,0.6082696,0.7908862,0.6418165,0.40108228,0.65310764,0.5702323,0.25634897,0.7801312,0.6861726,0.9257214,0.3651241,0.41449404,0.7607119,0.7261423,0.41698515,0.36134106,0.9396799,0.46312612,0.25289536,0.336633,0.46247846,0.9396213,0.26852956,0.69830847,0.218225,0.8542043,0.566967,0.43353602,0.7952055,0.7088653,0.38397777,0.493994,0.62068456,0.5795691,0.49058363,0.71033764,0.35795856,0.5987443,0.47400832,0.8596239,0.6839322,0.68254685,0.83925694,0.558712,0.4656292,0.41114,0.42244864,0.2984734,0.4725632,0.3027009,0.46001208,0.42612866,0.42805815,0.34030056,0.38774723,0.6278839,0.7227508,0.63191056,0.5321303,0.78768754,0.34610713,0.84900606,0.52115095,0.54403216,0.63291,0.6858828,0.31813022,0.59407383,0.4750995,0.4720899,0.7624407,0.693122,0.51203203,0.8314856,0.74651754,0.79188037,0.7124547,0.69768906,0.6643156,0.19187647,0.277622,0.48983383,0.6063785,0.44234556,0.66080713,0.8282645,0.64026797,0.5735482,0.5892398,0.615016,0.3674063,0.91668504,0.39259952,0.4859147,0.48413622,0.68231833,0.3055055,0.3520363,0.6769782,0.27501273,0.6037874,0.47802502,0.6935806,0.7243329,0.71866405,0.4758329,0.5100746,0.57915294,0.30927432,0.4927438,0.32655585,0.4416895,0.22276431,0.39260423,0.5744746,0.53295124,0.8517777,0.7434585,0.67265093,0.60191137,0.41928953,0.6060496,0.3782696,0.24516523,0.5580449,0.83126724,0.8240538,0.64406383,0.85675555,0.45435596,0.6401638,0.5887647,0.570002,0.82189405,0.3731836,0.42296964,0.7840178,0.5618665,0.49190593,0.19697171,0.72050834,0.41969752,0.6200444,0.4823082,0.644076,0.42687535,0.6408533,0.56932676,0.29883733,0.41656214,0.23545493,0.4276741,0.76992,0.5757183,0.21593246,0.7326281,0.43182924,0.74944067,0.64149356,0.20690581,0.63991153,0.55133116,0.4907846,0.82492316,0.6601914,0.91445136,0.39274508
BC2026_Train_0007_S09_20250829_000000_60,0.46587884,0.45104176,0.44691145,0.84690833,0.5299041,0.7747828,0.88081086,0.72706366,0.24477297,0.63288784,0.33124757,0.5807046,0.6538354,0.21817696,0.94755375,0.82226765,0.71439373,0.70308733,0.5074617,0.6712071,0.7141323,0.37093177,0.8067802,0.77072924,0.7932384,0.49534768,0.6498571,0.5511735,0.6582625,0.66490805,0.71544135,0.87108004,0.4394617,0.40186238,0.38813943,0.6979518,0.8629254,0.75022364,0.5524875,0.21720201,0.7581028,0.8765583,0.5637585,0.90024453,0.87293506,0.85764396,0.8399663,0.1210271,0.6313045,0.5909675,0.43231106,0.5443968,0.5525247,0.7729163,0.42230958,0.938275,0.7414087,0.5936216,0.40153486,0.245393,0.6812371,0.69127285,0.59816825,0.58848125,0.7063365,0.9346551,0.4944358,0.42485029,0.9255852,0.7518579,0.46585202,0.81935203,0.8849635,0.16385967,0.36782992,0.7638092,0.6972333,0.656248,0.45348418,0.9553729,0.9587072,0.36572647,0.61724555,0.8435633,0.74786973,0.22521567,0.55569303,0.7174156,0.9865334,0.24877667,0.8528291,0.528712,0.9417033,0.76470995,0.673862,0.7855793,0.9093459,0.6011704,0.72528005,0.81260854,0.75936747,0.7029439,0.26462036,0.5235312,0.26968193,0.61515975,0.45952708,0.87757915,0.7867781,0.87571025,0.81330717,0.50247055,0.5089159,0.7074129,0.36485022,0.88699436,0.5371715,0.8152846,0.851562,0.645014,0.4653386,0.4606981,0.93393505,0.9696808,0.21836688,0.88322073,0.5549216,0.25065672,0.8921969,0.4112165,0.60963076,0.92317283,0.7946148,0.75843644,0.85643667,0.7480687,0.53629035,0.82970345,0.70987993,0.7417027,0.81132936,0.8622828,0.8840187,0.9219697,0.35847363,0.6226268,0.16802844,0.3910535,0.7812587,0.871737,0.94560087,0.7514249,0.8729416,0.64655745,0.6285975,0.6379149,0.6227597,0.8197458,0.93822634,0.77804756,0.47622907,0.5347033,0.9208771,0.17177185,0.73011065,0.6573593,0.22029792,0.6792772,0.68283176,0.8005605,0.8677664,0.7528337,0.7803982,0.82610106,0.6814954,0.4734004,0.80284405,0.13513817,0.8717641,0.53835416,0.7495396,0.67916644,0.7807572,0.80654615,0.88799584,0.91404605,0.7685826,0.79619014,0.80503964,0.24903902,0.77902603,0.7459506,0.7237313,0.52900016,0.7822014,0.8477959,0.89297664,0.5059514,0.42599612,0.89878225,0.6328623,0.86441356,0.33718187,0.24596447,0.36256796,0.7836114,0.09737292,0.22821134,0.6560521,0.82739645,0.6962788,0.803797,0.57465,0.89625585,0.48408347,0.3807447,0.5061586,0.51456565,0.6227449,0.92849374,0.7275704,0.6901307,0.8029355,0.83973897,0.78826547,0.59356487,0.2921391,0.94534785,0.9230541,0.76530325,0.9602103,0.80654675,0.8340627,0.64030397
BC2026_Train_0008_S09_20250831_000000_5,0.35746938,0.6882361,0.8325201,0.5990118,0.48708957,0.63443303,0.24097417,0.5745247,0.22621849,0.3453036,0.820927,0.2816022,0.27602878,0.35129547,0.9737084,0.25592417,0.5262267,0.34185272,0.35212082,0.5999614,0.43646914,0.70336086,0.34306777,0.5800396,0.48274314,0.67845726,0.5025248,0.46297944,0.55585337,0.6027704,0.951764,0.72742915,0.6616827,0.6023228,0.68362916,0.8060707,0.7645828,0.70858335,0.8329443,0.35414845,0.7488935,0.528966,0.83635104,0.73032,0.39263147,0.40148753,0.41212118,0.27031285,0.2448538,0.22291371,0.71189916,0.8408705,0.8434235,0.7894703,0.5720433,0.39388043,0.98892295,0.47485012,0.21375313,0.23573539,0.10509888,0.33575562,0.3940816,0.29064876,0.1620054,0.43403506,0.22799645,0.10291134,0.4362629,0.37743473,0.9688333,0.9561243,0.52008927,0.108811036,0.55759066,0.8384904,0.8229834,0.37448853,0.5342096,0.6301476,0.21644583,0.83987856,0.17236266,0.5479964,0.32693607,0.9288374,0.2442176,0.3731019,0.4814328,0.38267103,0.51588273,0.11433529,0.46557325,0.5109562,0.17827582,0.76416624,0.45255458,0.43491274,0.6356089,0.38413918,0.77908003,0.20302999,0.3791907,0.2397843,0.22076678,0.2702536,0.45126432,0.38414687,0.73037505,0.94023705,0.057580248,0.324826,0.46639457,0.8128927,0.17225042,0.3424183,0.4280175,0.4099208,0.5558288,0.3353079,0.13328753,0.12152,0.44989812,0.5258174,0.17933479,0.15287846,0.7612802,0.5753868,0.8908354,0.6600883,0.6112385,0.48972562,0.5163073,0.24552323,0.08594434,0.46848935,0.4208768,0.62899166,0.05332225,0.4384805,0.6160233,0.33065814,0.72063076,0.78701067,0.27172175,0.25064936,0.63235474,0.32253808,0.67670584,0.6942425,0.33969527,0.0954885,0.1866765,0.6284646,0.725175,0.85671043,0.47678262,0.8277105,0.8796376,0.28113708,0.1785686,0.35012418,0.7915932,0.821427,0.36942875,0.15394816,0.42259464,0.19412339,0.8874599,0.86400414,0.66875064,0.052204743,0.9815041,0.88562965,0.27285457,0.40866184,0.26732305,0.40478873,0.25447366,0.19499126,0.40362078,0.8235929,0.32318556,0.46744716,0.616385,0.49754405,0.54288995,0.29157883,0.9989166,0.11611529,0.15021333,0.22773528,0.099264085,0.2740862,0.9816333,0.38115364,0.5398109,0.9893416,0.3410506,0.64108014,0.93957186,0.8351177,0.33241487,0.8678438,0.28466666,0.31292528,0.86391765,0.42035604,0.8526051,0.79772186,0.6182656,0.21066001,0.38119036,0.8702067,0.32796735,0.19836923,0.8092884,0.16902903,0.7866243,0.2793646,0.9120151,0.8529707,0.76353365,0.59741664,0.65519583,0.49837333,0.17387334,0.7304958,0.3865865,0.13281359,0.18006238,0.28884938,0.94435203,0.8023448
BC2026_Train_0008_S09_20250831_000000_10,0.31178582,0.82087004,0.77640885,0.72962844,0.2609203,0.7522515,0.41369146,0.541626,0.673103,0.15718228,0.41842043,0.71177554,0.26475382,0.24421659,0.95986664,0.50032,0.47985628,0.2554304,0.2964641,0.18435052,0.20155951,0.8702226,0.31826258,0.4106419,0.69204646,0.4722318,0.24245223,0.362167,0.4917199,0.52542025,0.8781018,0.8756288,0.5040742,0.48189542,0.60078096,0.74962837,0.66658366,0.5187119,0.92498446,0.24840137,0.70401835,0.76332796,0.80603373,0.8699087,0.4869513,0.49050122,0.14698389,0.18404199,0.24344225,0.21828866,0.567856,0.81305194,0.8124572,0.73361903,0.3290621,0.6108277,0.91699946,0.8379334,0.2735304,0.06387298,0.1067832,0.17103633,0.38512972,0.20954177,0.20884764,0.3331254,0.11253152,0.03920021,0.75949574,0.47325045,0.70651186,0.8539932,0.35637748,0.3780182,0.32570696,0.86436605,0.924062,0.4626214,0.41881233,0.29421186,0.17783335,0.6639285,0.08291787,0.513993,0.447757,0.7732408,0.15439238,0.120861545,0.51794153,0.3069601,0.4434062,0.04765673,0.6647922,0.9554416,0.18876833,0.8861433,0.15102446,0.36934,0.4524301,0.2578351,0.6115214,0.08705351,0.22991839,0.17504641,0.14326271,0.5959284,0.40094876,0.3737753,0.7550758,0.8766683,0.23609069,0.20085225,0.7062875,0.6443491,0.16372493,0.5349208,0.23484334,0.5141123,0.81860924,0.26814562,0.1601251,0.38229334,0.85899496,0.65814173,0.11956923,0.2697689,0.84640527,0.32025304,0.6492666,0.7732015,0.8839344,0.7735704,0.3729819,0.2257177,0.031774893,0.36626846,0.34145278,0.43636918,0.17540431,0.25139338,0.46664262,0.33776844,0.62787986,0.67538536,0.44039142,0.34312648,0.44301832,0.17132935,0.7507615,0.7507751,0.14259073,0.20473075,0.3907299,0.2819792,0.5075592,0.6927713,0.8063413,0.8760473,0.8303691,0.27096027,0.45437694,0.25881216,0.83388376,0.30828708,0.19874427,0.35120255,0.578061,0.09650226,0.6459152,0.6493294,0.5583363,0.107658505,0.920944,0.6468755,0.16464153,0.4236635,0.34583163,0.12603188,0.67753816,0.11705088,0.24639684,0.7584523,0.4355042,0.6258129,0.7598913,0.28372872,0.63445437,0.23805353,0.9020572,0.12628935,0.2760875,0.39474475,0.14916134,0.25816292,0.887758,0.44884413,0.5187274,0.84659773,0.63416255,0.6618453,0.76841545,0.45564145,0.4665057,0.563831,0.21266705,0.18846872,0.6292561,0.6156197,0.85314107,0.53570056,0.14256787,0.412825,0.10471206,0.86094534,0.19699079,0.106682435,0.8980426,0.42768264,0.7041811,0.6674582,0.90415734,0.90640676,0.533383,0.25086698,0.6199107,0.24703974,0.059887707,0.4569524,0.54202676,0.18121523,0.23531267,0.3273108,0.9073167,0.55437696
BC2026_Train_0008_S09_20250831_000000_15,0.24224183,0.41865993,0.34282094,0.6381133,0.14289959,0.4059894,0.31448966,0.45193893,0.42306262,0.21367744,0.31841534,0.6089598,0.38880658,0.23836312,0.7874098,0.6435089,0.6393875,0.064517245,0.2651701,0.19940767,0.0593409,0.43916267,0.38883597,0.5643043,0.17593277,0.25790828,0.94223034,0.14035954,0.379466,0.43573207,0.804497,0.825055,0.3979667,0.24704528,0.264306,0.7284583,0.685977,0.87905014,0.6079089,0.43037373,0.8934789,0.24150497,0.6921845,0.8179488,0.74365133,0.736542,0.50488275,0.07739322,0.11352314,0.106180236,0.20822857,0.7342444,0.7088008,0.91243577,0.108557396,0.3527072,0.64046526,0.5998509,0.16181663,0.027859937,0.10923982,0.19238609,0.3556255,0.32630283,0.13279578,0.29780424,0.037229832,0.10754673,0.9010848,0.5834724,0.67021406,0.5587418,0.47512984,0.3204527,0.28946978,0.60530144,0.90887576,0.13934621,0.43001097,0.22621095,0.39886606,0.43841094,0.21227518,0.40164617,0.5018313,0.22103943,0.28829116,0.14304176,0.5851177,0.4455529,0.6855091,0.02897796,0.57392454,0.38732648,0.08093868,0.5964544,0.18165243,0.40909642,0.728845,0.6224381,0.77772987,0.1511634,0.04722189,0.07708655,0.050989814,0.6723287,0.7066817,0.5398066,0.8704381,0.78612065,0.73267055,0.041755393,0.5538403,0.6162267,0.13436434,0.37821108,0.27412808,0.46549508,0.9493787,0.4494437,0.04396967,0.16229966,0.9136906,0.50992084,0.091406316,0.6051975,0.56275636,0.1366432,0.87157506,0.6657841,0.758466,0.78074837,0.20221138,0.2593367,0.1175538,0.5112456,0.10623866,0.31265193,0.35402882,0.18680948,0.63225055,0.5766885,0.9132734,0.822659,0.5026984,0.5569474,0.6957,0.25592268,0.6019912,0.5936564,0.13946994,0.076436795,0.7125697,0.06876224,0.18152454,0.7691355,0.84924954,0.7088934,0.54274315,0.13352253,0.53227705,0.08089051,0.72427726,0.28565156,0.20093188,0.45944455,0.36407587,0.10311788,0.82257235,0.15116009,0.53906834,0.13385762,0.7019937,0.92228234,0.16116953,0.52149296,0.09067008,0.14685807,0.7386563,0.08309416,0.21576454,0.8418598,0.68599844,0.9561484,0.55437315,0.332681,0.91075885,0.19103101,0.6108631,0.041092396,0.4472802,0.395083,0.09387961,0.39976352,0.6579319,0.90304995,0.6665735,0.67191267,0.39444232,0.45349222,0.67330587,0.13560481,0.81240106,0.6555846,0.059646085,0.08935933,0.27970254,0.28809965,0.7814839,0.36367857,0.06837662,0.11896061,0.044544414,0.623997,0.15585613,0.06977361,0.62354636,0.5384706,0.24273485,0.8805529,0.47891974,0.9690704,0.5242337,0.22233588,0.18117046,0.045492224,0.04294967,0.09480563,0.7678375,0.35084736,0.44189134,0.17989962,0.6857573,0.55208474
BC2026_Train_0008_S09_20250831_000000_20,0.07350277,0.3539505,0.14878835,0.46530163,0.12084651,0.13491623,0.2559041,0.61038613,0.4743517,0.34640664,0.3736009,0.18481693,0.19940612,0.13917434,0.56271815,0.5058961,0.7068875,0.054712165,0.11512019,0.23710926,0.18752193,0.19255263,0.51491964,0.15233096,0.07118663,0.16819027,0.51522493,0.057356745,0.19484735,0.25462174,0.55572116,0.6958597,0.20876801,0.099267825,0.20849982,0.7685744,0.9568236,0.8671919,0.27823564,0.13497767,0.59029573,0.73330253,0.33987936,0.7155831,0.809832,0.79701316,0.3126518,0.09856549,0.058086533,0.052978747,0.32513714,0.3718533,0.37164062,0.5996716,0.13883382,0.31196028,0.54259706,0.18147121,0.1668385,0.047618024,0.033959646,0.28038928,0.276052,0.47006226,0.15389271,0.19629112,0.041750833,0.32791036,0.92325556,0.2261957,0.5055127,0.58829784,0.8446969,0.13884878,0.3777444,0.43082544,0.39183772,0.153793,0.452777,0.110667154,0.64270055,0.3720528,0.093480244,0.4190176,0.11264737,0.12888092,0.08647233,0.29899466,0.5972494,0.2713884,0.49804533,0.084336,0.19926432,0.23215216,0.06134849,0.21221015,0.51974475,0.3007572,0.76839423,0.7496313,0.62159896,0.3825401,0.10076398,0.049293373,0.07258389,0.24069478,0.70208347,0.5617414,0.813434,0.87071764,0.8020052,0.023400228,0.34659052,0.4188153,0.26807117,0.5237118,0.58486414,0.48917004,0.72925043,0.340339,0.030404083,0.049750023,0.8015441,0.67150617,0.059692413,0.75946295,0.59241205,0.12056072,0.62110555,0.5247658,0.54331577,0.7199985,0.05135466,0.19852632,0.37373227,0.38747007,0.20038301,0.114460856,0.17248371,0.27363876,0.5800657,0.4168656,0.8124099,0.9714906,0.20376474,0.44686937,0.72034115,0.2768833,0.45572287,0.6843834,0.3774448,0.100213796,0.47870773,0.08062729,0.079699524,0.7277076,0.60148674,0.51496005,0.48933965,0.088409275,0.07101789,0.21301508,0.25661474,0.26036286,0.15989675,0.7779077,0.39201468,0.3588133,0.9742095,0.108089596,0.6964849,0.3966145,0.75688195,0.9178568,0.48611724,0.35491496,0.083251566,0.062107835,0.57973754,0.026520398,0.2495805,0.72369456,0.5412553,0.9212371,0.4621149,0.6766094,0.67887974,0.5095432,0.6867329,0.06131658,0.2561918,0.18958035,0.26260465,0.17149103,0.7758982,0.7570851,0.7985586,0.90017676,0.13439205,0.19534224,0.34041333,0.13462695,0.730252,0.4815299,0.05120046,0.15305066,0.42173097,0.10524759,0.53011715,0.20484984,0.06511373,0.06937558,0.05830033,0.68008065,0.25751328,0.04497854,0.44328117,0.36058533,0.14836955,0.9092971,0.42283893,0.83530056,0.70309055,0.4709978,0.1215145,0.043860458,0.0608465,0.019591771,0.665491,0.46969908,0.1961999,0.35604405,0.4152091,0.69953394
BC2026_Train_0008_S09_20250831_000000_25,0.15848896,0.9225122,0.2872941,0.46772587,0.32979953,0.1670287,0.2804139,0.45649993,0.27272838,0.24946997,0.45125693,0.19724771,0.10484731,0.1944029,0.7484962,0.3737952,0.4392515,0.26040035,0.25847942,0.32871383,0.40642387,0.5952313,0.5632448,0.2868943,0.12608594,0.50231797,0.6052425,0.04817965,0.16514751,0.35294122,0.8593989,0.75768924,0.63859594,0.20358208,0.37834615,0.6866722,0.823809,0.65009654,0.9452934,0.31288642,0.88641036,0.4829997,0.5906668,0.75307685,0.77698576,0.7706094,0.68568194,0.22636034,0.12953828,0.12103288,0.21358392,0.6010089,0.6009184,0.89507544,0.11002655,0.56912327,0.75288785,0.27661872,0.073253565,0.13467169,0.06503033,0.22133596,0.48686862,0.43703303,0.24625686,0.12016784,0.197664,0.15612581,0.9163215,0.1384449,0.74212694,0.5505928,0.7277677,0.33903468,0.3448673,0.6862086,0.34241354,0.51056004,0.30942455,0.38547462,0.4384781,0.7798264,0.15428512,0.32816845,0.06808081,0.44084013,0.1059614,0.50611526,0.46846402,0.4303062,0.42406517,0.05506044,0.23065783,0.57671475,0.18036464,0.39678836,0.4433456,0.27190608,0.47454545,0.6127004,0.6945571,0.33690035,0.44157392,0.09608726,0.09905909,0.11283517,0.7712304,0.6386768,0.8341256,0.9333985,0.720307,0.11595976,0.42391726,0.51402307,0.5409947,0.4203161,0.43627155,0.33784437,0.48209846,0.40872258,0.111972205,0.24651614,0.9030591,0.67758954,0.18987837,0.40479773,0.6218489,0.20251375,0.5293541,0.7035657,0.48390996,0.5004783,0.19066226,0.46575466,0.27860093,0.6536628,0.4293807,0.3103968,0.30594933,0.29720858,0.5694946,0.45947236,0.69380033,0.8641392,0.30165046,0.3007697,0.4279232,0.15771165,0.5514316,0.6093482,0.48701924,0.2948846,0.3322258,0.15184763,0.3051083,0.8122211,0.7527509,0.5956026,0.7431816,0.16756475,0.09235312,0.67871416,0.17755535,0.20082709,0.31971025,0.82754314,0.45114398,0.60273665,0.92413354,0.38314337,0.4607287,0.5313734,0.94585073,0.6462755,0.48317164,0.118239686,0.36500674,0.21256474,0.24484557,0.043655604,0.26565874,0.7799666,0.4329952,0.48178923,0.76957524,0.78483963,0.40393054,0.43268114,0.7185333,0.06105327,0.42003945,0.21871656,0.08308588,0.23973927,0.9007071,0.77465177,0.702937,0.917343,0.17382978,0.121987,0.48507273,0.3787412,0.5264953,0.5006583,0.27822337,0.30861145,0.5519722,0.16820577,0.44002503,0.24090716,0.20054369,0.25445667,0.124530956,0.7953869,0.22078201,0.12233886,0.7282511,0.3716097,0.39192557,0.64134943,0.31593275,0.83702636,0.75921094,0.6488383,0.38839614,0.23720895,0.19318101,0.21460932,0.42258954,0.5403354,0.16617343,0.21374352,0.21925917,0.5709994
BC2026_Train_0008_S09_20250831_000000_30,0.2501498,0.60524684,0.71658725,0.6515229,0.6634226,0.4157232,0.5473317,0.64862347,0.75785315,0.44319758,0.47406316,0.6046841,0.26461297,0.39755774,0.6598923,0.24474692,0.19648251,0.50280136,0.43250513,0.4321469,0.25778055,0.49336863,0.5346763,0.6134682,0.6216057,0.6085517,0.57971126,0.17718527,0.22815931,0.44892687,0.5867939,0.38566467,0.8739674,0.7511195,0.72623074,0.7082423,0.6524814,0.37683475,0.7946551,0.62283003,0.69962883,0.884537,0.73936605,0.38142216,0.54200244,0.53226906,0.768944,0.396541,0.15578438,0.1572274,0.6576668,0.7378756,0.7590362,0.7287435,0.58933043,0.5058761,0.8460586,0.8919022,0.13544197,0.47196823,0.2233017,0.63582635,0.5145251,0.4061694,0.70158184,0.3817225,0.27862346,0.28212422,0.38017327,0.3598637,0.92622983,0.90880394,0.35093504,0.22190978,0.48304462,0.7974359,0.73889685,0.5347662,0.56482995,0.5445225,0.43574357,0.9657203,0.36614168,0.60497266,0.16950583,0.6683724,0.1783523,0.70389354,0.53345305,0.51453674,0.9024175,0.10707308,0.39035434,0.5266276,0.552879,0.7128937,0.41243386,0.12589328,0.5194957,0.32774967,0.7684451,0.54302406,0.38347256,0.32185012,0.26525754,0.2277904,0.4982571,0.48183614,0.4984908,0.6272861,0.27289832,0.41220677,0.24328163,0.7410886,0.6136854,0.18402648,0.38480935,0.28312278,0.39828092,0.12309684,0.082181826,0.49967238,0.43217683,0.44327003,0.25353354,0.2535986,0.69013774,0.5268325,0.84784704,0.70285416,0.32798803,0.7078665,0.57915586,0.36270857,0.34264547,0.9548651,0.48009503,0.46562383,0.34162754,0.5835139,0.5720229,0.21042071,0.8047296,0.69594693,0.6400585,0.60976577,0.44135416,0.32432255,0.23399201,0.6721442,0.49357498,0.2695495,0.5272002,0.24296445,0.40306646,0.5103984,0.7844521,0.31669068,0.62071496,0.6120643,0.64120567,0.8370443,0.19456252,0.50850385,0.4710729,0.33755454,0.26938128,0.84110105,0.8772311,0.6104255,0.5391997,0.28964585,0.7990783,0.8027029,0.7029443,0.24523959,0.6370573,0.56743133,0.1354397,0.07454866,0.5177604,0.94755936,0.45079285,0.39938217,0.49710435,0.42638952,0.41951632,0.16975789,0.9153362,0.18121955,0.8484323,0.24530506,0.018876083,0.12376912,0.73897654,0.7220311,0.40851384,0.94851077,0.3552181,0.24757445,0.8202568,0.85336447,0.25527108,0.8166729,0.50429165,0.30982798,0.8455579,0.28308785,0.86679125,0.7465636,0.6335689,0.33559912,0.5736346,0.7884445,0.47934157,0.22451523,0.8356267,0.17211223,0.7911099,0.3998915,0.62923765,0.7477548,0.79681563,0.5541787,0.7183882,0.5675056,0.50849473,0.80726635,0.31625515,0.27263558,0.18456674,0.3500734,0.22548658,0.68207765
BC2026_Train_0008_S09_20250831_000000_35,0.3166402,0.7179334,0.6344713,0.5194088,0.7554741,0.42754865,0.64169157,0.8568953,0.8779658,0.55050623,0.6561167,0.574484,0.46765783,0.38125646,0.57096505,0.4265617,0.16348523,0.42623335,0.58639044,0.2855361,0.3629303,0.29881072,0.6011465,0.6902642,0.4780708,0.540242,0.43564942,0.34484744,0.20927906,0.5559837,0.703619,0.39794812,0.646737,0.7577957,0.76476455,0.87990034,0.6511363,0.33523625,0.7897789,0.6097791,0.5151483,0.9719709,0.8240818,0.44301632,0.39144266,0.38008893,0.56996155,0.352658,0.13459603,0.13936424,0.68419015,0.82955384,0.830763,0.5724274,0.4237073,0.3780173,0.8343908,0.93751097,0.15006766,0.34246004,0.25597036,0.87012815,0.95504487,0.5500585,0.69586384,0.72635126,0.22610715,0.4309521,0.19547719,0.5784521,0.8737254,0.99137294,0.2473149,0.17380579,0.3900212,0.7456169,0.72193134,0.35701925,0.78675616,0.42370746,0.4346856,0.79427254,0.3167786,0.91747284,0.21406479,0.81795037,0.20541021,0.6168468,0.50281936,0.46254176,0.97298044,0.15156604,0.50748444,0.37161583,0.75587213,0.62460047,0.24811223,0.1771884,0.5905727,0.36004835,0.5347599,0.37725323,0.4825659,0.38537186,0.32645512,0.22945933,0.30192745,0.37422752,0.37655866,0.22941592,0.12488644,0.33406204,0.20784092,0.70024383,0.7332463,0.06923349,0.43775648,0.2327401,0.4161923,0.06391741,0.08450243,0.3463214,0.25268272,0.34930128,0.28222704,0.20867458,0.49605858,0.41343433,0.4391802,0.5401124,0.33957916,0.81922686,0.5472386,0.25528866,0.29824567,0.86746204,0.26707065,0.4205916,0.21951526,0.4891191,0.6236869,0.26510903,0.5033609,0.60370386,0.6148623,0.6528001,0.48383605,0.3465746,0.19779274,0.6473058,0.38883483,0.20999004,0.37507838,0.33459866,0.27116847,0.19335082,0.4334432,0.29239845,0.48063612,0.65254605,0.69472456,0.7738942,0.148022,0.4289479,0.36567312,0.51585245,0.28455654,0.77986085,0.5133222,0.5101096,0.6095725,0.15281689,0.70141053,0.79887915,0.52949023,0.26834244,0.46970367,0.5019424,0.30312604,0.13478754,0.4697467,0.82250583,0.39439386,0.28388613,0.34993923,0.3309402,0.6011237,0.17509031,0.9762273,0.24621254,0.50325537,0.44359088,0.049882814,0.039063044,0.48140818,0.7022714,0.39334977,0.9038528,0.26050127,0.4459644,0.6726495,0.579897,0.3073983,0.7349886,0.2661573,0.2963776,0.80579376,0.33600575,0.83569515,0.8053521,0.6425637,0.24631274,0.7385583,0.48541987,0.61450493,0.18479292,0.815333,0.16239849,0.6806923,0.26579747,0.72602147,0.57722855,0.63530207,0.34623635,0.6472738,0.42734873,0.3472429,0.5826204,0.22043285,0.15805477,0.11199352,0.5269401,0.3022436,0.44644397
BC2026_Train_0008_S09_20250831_000000_40,0.28026193,0.6768092,0.40111047,0.80727226,0.55625397,0.50785655,0.40449703,0.5838325,0.18912742,0.21361463,0.48942515,0.31685698,0.25614947,0.4644552,0.8392656,0.24003509,0.11823173,0.2284171,0.28650194,0.15184335,0.34106636,0.78718793,0.33841658,0.62389386,0.4081121,0.38147455,0.6829329,0.40537673,0.23495485,0.67764693,0.5441487,0.67941743,0.92734146,0.639294,0.7835423,0.7436762,0.42272848,0.32188922,0.79841393,0.59638363,0.86248124,0.72042835,0.7773943,0.6683344,0.42883843,0.39696333,0.8372066,0.43818355,0.394365,0.39611804,0.6125206,0.77898914,0.7845119,0.8558953,0.6874001,0.53322953,0.7751007,0.80497825,0.15063274,0.22676192,0.07220469,0.389184,0.530759,0.27692443,0.26203617,0.33714336,0.27327037,0.15776566,0.5298515,0.7017375,0.72677743,0.988728,0.12690347,0.06525758,0.51703197,0.80141836,0.6150385,0.38141692,0.8459989,0.50358033,0.28120157,0.606102,0.2161724,0.74030304,0.21707875,0.76959455,0.08285023,0.54014516,0.2705363,0.21767333,0.84395725,0.17565885,0.5796242,0.4989217,0.7343631,0.4862771,0.22091916,0.17536435,0.32468778,0.20239937,0.56698364,0.2589659,0.56079423,0.32789287,0.29236376,0.11226973,0.3278286,0.41745007,0.2699285,0.08264032,0.07597405,0.19199982,0.27540815,0.3718264,0.41812193,0.070993066,0.13734502,0.2660026,0.650192,0.1303874,0.26983953,0.2492125,0.2871652,0.13905613,0.47790885,0.114644766,0.36975217,0.37431258,0.20275155,0.549106,0.6538023,0.708524,0.61118287,0.07205622,0.12453422,0.6627997,0.18230912,0.3395682,0.2540204,0.3426696,0.66255087,0.3600275,0.39530194,0.5788801,0.46059728,0.30219167,0.23358107,0.35370317,0.26655883,0.7744584,0.30768096,0.0814406,0.169605,0.28931743,0.3015526,0.26181674,0.3991753,0.33973742,0.7078756,0.45764893,0.21708103,0.33143407,0.37223864,0.2170094,0.23339754,0.57405645,0.2506156,0.6630322,0.32902923,0.3353349,0.24768248,0.038696274,0.70486116,0.33740717,0.20814198,0.36585528,0.3396085,0.23798369,0.18889534,0.12500149,0.17825294,0.5895092,0.38664663,0.24274564,0.62056166,0.23067228,0.69440746,0.08900537,0.9323032,0.22530255,0.25363675,0.40513116,0.11564067,0.025748711,0.4578951,0.52455306,0.35060257,0.90339446,0.24508446,0.51581085,0.41165954,0.38741317,0.3649312,0.4805527,0.102308944,0.083848976,0.4282096,0.25289664,0.8098408,0.5232726,0.4082355,0.20024347,0.4440428,0.35305625,0.27508077,0.15162183,0.46462876,0.24805254,0.3722515,0.135333,0.5279705,0.56853986,0.63896453,0.3597148,0.8465097,0.37320197,0.17991996,0.32733357,0.2484881,0.12976801,0.14070733,0.22690436,0.26771075,0.3915308
BC2026_Train_0008_S09_20250831_000000_45,0.18945104,0.7252775,0.52839184,0.40321714,0.33750302,0.44551247,0.35340852,0.20424777,0.05097843,0.10040392,0.473981,0.34928322,0.24134016,0.20034721,0.8335483,0.19520077,0.25652638,0.19414526,0.19750655,0.08635917,0.36341226,0.34217697,0.15278181,0.45019323,0.27681535,0.5218892,0.49046403,0.13686083,0.18039557,0.5800735,0.8447964,0.23107815,0.7803917,0.44013444,0.570199,0.6959672,0.9330182,0.690747,0.8186556,0.52435625,0.85771465,0.64407814,0.6780391,0.24667796,0.81402695,0.8106681,0.3762843,0.29272354,0.2306911,0.23814246,0.17120703,0.6395829,0.64746356,0.8586942,0.22497427,0.3176665,0.76153994,0.7101724,0.08171034,0.2222832,0.14021525,0.3004172,0.6468215,0.21363512,0.25731558,0.15939355,0.19512087,0.110398814,0.8834505,0.45655113,0.626866,0.912712,0.29947266,0.22485045,0.5839331,0.9047513,0.5072565,0.16095829,0.54484934,0.420435,0.28118548,0.6101736,0.10797365,0.521572,0.21227248,0.5816583,0.08727422,0.3502317,0.22694618,0.25435016,0.4324786,0.08961967,0.4101745,0.5731236,0.22191793,0.6296903,0.14172858,0.21599528,0.4797896,0.4063629,0.63613963,0.16609809,0.17235708,0.09590866,0.108985946,0.31122273,0.44156247,0.83538544,0.5429765,0.17966843,0.16630769,0.11804651,0.47596937,0.32703555,0.41440618,0.21796483,0.1157612,0.6978213,0.6101095,0.44771272,0.10056366,0.144574,0.41151667,0.20803258,0.20653206,0.14523584,0.63759923,0.13033849,0.16922826,0.8121302,0.82443404,0.8535814,0.32368237,0.02607108,0.17460522,0.44863024,0.37541497,0.26725402,0.5337319,0.19267076,0.73531294,0.5744317,0.3139572,0.72809577,0.10177126,0.12613691,0.23047253,0.38662446,0.42510942,0.9255104,0.4452762,0.04621117,0.3651514,0.11227733,0.37676388,0.37840125,0.39231834,0.3573665,0.718536,0.21305051,0.17153028,0.2431092,0.38859546,0.07733376,0.18979391,0.1454929,0.47314385,0.40490586,0.43561414,0.36844474,0.17332983,0.08011758,0.85847855,0.19694337,0.20796153,0.36973995,0.2609856,0.21989417,0.36816186,0.11830279,0.21665339,0.5621388,0.59433025,0.46226174,0.9064771,0.25206172,0.68162584,0.18461841,0.8710921,0.14862415,0.19395584,0.34607106,0.1287334,0.11618543,0.82083845,0.6061133,0.6468755,0.7702881,0.7002114,0.46889567,0.27546355,0.559085,0.74929106,0.5889108,0.09615259,0.07072465,0.45515597,0.07574994,0.8488307,0.38431233,0.17742011,0.45419884,0.17507634,0.5172693,0.15009513,0.16352639,0.25754115,0.77588236,0.39118844,0.36888242,0.35028058,0.3896758,0.7053485,0.5120323,0.8595357,0.20852724,0.12639633,0.5902674,0.60498786,0.1552372,0.24693151,0.21656176,0.33035702,0.48369032
BC2026_Train_0008_S09_20250831_000000_50,0.12847064,0.2781374,0.72468245,0.870454,0.26217794,0.65332437,0.4706715,0.24950945,0.16467604,0.17773046,0.4461537,0.5683943,0.2218846,0.146781,0.76884425,0.45700532,0.30531523,0.19432646,0.29467338,0.11696622,0.35436308,0.5217763,0.1439854,0.17488071,0.1574432,0.6205652,0.82575977,0.2645184,0.46966743,0.7682466,0.61888814,0.6525873,0.43012115,0.39584488,0.6287896,0.7643738,0.6834724,0.5942155,0.7185235,0.0857881,0.6327322,0.50984776,0.47891104,0.6766232,0.94558275,0.9451196,0.55001956,0.16368952,0.14902306,0.17944777,0.06826222,0.4867217,0.4868263,0.674227,0.6221738,0.20414692,0.912598,0.95888615,0.07245937,0.3368482,0.44536978,0.20701638,0.6242664,0.10888051,0.25576562,0.33476642,0.118759274,0.12545523,0.8075236,0.58706295,0.36440378,0.9221591,0.30630517,0.41658616,0.48555595,0.8688897,0.29099357,0.10278104,0.44002154,0.6686109,0.33624572,0.5275443,0.08234252,0.6399218,0.42461866,0.30132183,0.08875097,0.13846532,0.12474266,0.30566385,0.41908485,0.07479033,0.65606356,0.611988,0.12391445,0.8561161,0.3651892,0.19092026,0.59326345,0.31862968,0.3417716,0.110664874,0.10335116,0.1397273,0.14891481,0.2505204,0.3199141,0.47656775,0.4392402,0.08464101,0.08811615,0.110278815,0.21037903,0.23724493,0.32315326,0.07541119,0.0891076,0.6875428,0.45315632,0.33065033,0.10120013,0.04667873,0.21353808,0.29275933,0.097779766,0.11215305,0.6939229,0.13330801,0.10422863,0.76195526,0.71310437,0.87568307,0.29626063,0.07779656,0.07734017,0.29636404,0.46414205,0.12922196,0.55049974,0.31534946,0.87188387,0.53014195,0.13364342,0.49430484,0.67571545,0.19691321,0.21821222,0.2553214,0.43452471,0.89006543,0.19626233,0.12036209,0.25799483,0.061541107,0.33276135,0.33729196,0.3721153,0.24551192,0.9359828,0.15021789,0.4058271,0.18889949,0.63526535,0.09825271,0.34857798,0.40399796,0.29663053,0.34837925,0.24446416,0.33208823,0.39965445,0.23897266,0.4284221,0.18350014,0.38363016,0.24512656,0.20856968,0.09651007,0.18654573,0.18244502,0.28576806,0.30311388,0.5145291,0.42223728,0.82802975,0.590531,0.3946666,0.08119662,0.83446234,0.10203065,0.13252094,0.15304306,0.31554586,0.31088153,0.42547274,0.32596123,0.52516353,0.5940058,0.8804349,0.34161776,0.2576965,0.5620785,0.38662863,0.56048393,0.18410704,0.056432206,0.46890542,0.10269764,0.7084345,0.26858586,0.16888273,0.2808324,0.15603456,0.2773156,0.41124955,0.09035109,0.12707402,0.9026921,0.17790957,0.414685,0.21126826,0.21172029,0.5288137,0.2490924,0.92927027,0.16807246,0.04949902,0.7790979,0.52923405,0.08799924,0.7089823,0.552213,0.61001945,0.24692675
BC2026_Train_0008_S09_20250831_000000_55,0.29108185,0.5570326,0.52038836,0.91930664,0.589285,0.552611,0.75186515,0.6603371,0.6576474,0.44893974,0.7384945,0.38355958,0.4083013,0.3474334,0.49163663,0.500468,0.2556314,0.5231154,0.722813,0.15611304,0.32337153,0.09422208,0.39193642,0.82014537,0.35167295,0.5620109,0.654858,0.52509266,0.4951352,0.812629,0.48694307,0.8517268,0.7236901,0.85115206,0.85161716,0.82742417,0.4138772,0.3736372,0.8752935,0.30882978,0.49643177,0.91837466,0.6893413,0.8586355,0.40342283,0.39626306,0.6175654,0.30247074,0.28693002,0.2899933,0.5005102,0.7241638,0.720205,0.5639281,0.7592874,0.4149217,0.97520757,0.8286481,0.31792963,0.26188245,0.34515816,0.5425113,0.5813919,0.31419367,0.39622903,0.69646454,0.13593389,0.19989789,0.5462125,0.64881706,0.5135011,0.9563559,0.14937678,0.24479114,0.54112816,0.71129405,0.4806347,0.26219305,0.8122889,0.75244844,0.44397628,0.592405,0.24139258,0.65515983,0.23898174,0.5153234,0.33484006,0.36557043,0.41952074,0.30534068,0.9276042,0.09171,0.7906953,0.47338763,0.41432035,0.7894168,0.30524603,0.40702683,0.44901744,0.13738665,0.27923384,0.254353,0.3936642,0.46648273,0.40874118,0.17589101,0.26033458,0.30881804,0.27728358,0.09532034,0.09496254,0.3570996,0.1776427,0.437693,0.28702068,0.09219916,0.19800714,0.32436568,0.19422221,0.07361914,0.1839917,0.081383795,0.09203678,0.14421579,0.25694126,0.1833627,0.7949296,0.39694464,0.26184097,0.55953693,0.3729653,0.8224044,0.84489733,0.15851516,0.22141978,0.61676645,0.3821869,0.3165509,0.20425719,0.6083858,0.8323353,0.4959069,0.1480273,0.5343044,0.5012325,0.6310488,0.27572498,0.27306357,0.27006677,0.82503474,0.25465137,0.06461556,0.16066808,0.208981,0.35728276,0.2938743,0.32512856,0.11946295,0.7875024,0.22668287,0.49557117,0.30296767,0.4924395,0.39944983,0.21316916,0.6932267,0.23458561,0.49455094,0.34383506,0.54748833,0.34533507,0.07467523,0.44455558,0.47610515,0.4643557,0.42877913,0.25964385,0.2869079,0.13825259,0.20278333,0.2719661,0.37164336,0.3317976,0.42602044,0.57375705,0.53121006,0.46793008,0.08339147,0.9443732,0.3254766,0.16521206,0.22004095,0.12084532,0.117249824,0.3416283,0.37140173,0.3223514,0.834324,0.43145844,0.26901555,0.54695624,0.40522152,0.15589906,0.7106832,0.20976675,0.2122169,0.89561176,0.45906442,0.8326502,0.41025722,0.41684076,0.08240084,0.54287726,0.3169859,0.64435226,0.23126748,0.35838842,0.39010304,0.33128965,0.24653932,0.43255943,0.442691,0.55095446,0.2716405,0.5756185,0.3499707,0.11651726,0.4658863,0.25132367,0.11390481,0.69002926,0.44536674,0.61542404,0.24121654
BC2026_Train_0008_S09_20250831_000000_60,0.40652394,0.5939588,0.65648806,0.78794765,0.7775208,0.69391274,0.55236477,0.6884788,0.90538627,0.31577718,0.632663,0.33756346,0.4173984,0.42179793,0.6449967,0.66563916,0.58549756,0.66723645,0.66883516,0.2921117,0.6367104,0.092115946,0.5534819,0.7517828,0.67171824,0.77409375,0.9566139,0.38143855,0.39696294,0.98639786,0.75258684,0.81445086,0.48320723,0.68347156,0.95309794,0.8435794,0.434156,0.25519234,0.74249613,0.37027097,0.3729756,0.9368249,0.8361355,0.805169,0.33650634,0.33102852,0.49641812,0.3469209,0.2756178,0.2729006,0.6177896,0.834735,0.83461773,0.45205742,0.40671608,0.8284761,0.97599465,0.38313156,0.5653208,0.31787312,0.34099287,0.6439042,0.6941911,0.69635624,0.56931365,0.49061882,0.268236,0.41358945,0.7952838,0.6204626,0.40945584,0.94774264,0.1917507,0.087293535,0.41298693,0.766603,0.7229819,0.24577749,0.62698305,0.5839313,0.5409889,0.39025968,0.25174832,0.84095955,0.23913957,0.5861167,0.33500928,0.72674584,0.64693403,0.4344548,0.9914563,0.08643237,0.6525239,0.3849491,0.3285762,0.89509517,0.5182743,0.24213433,0.5289924,0.36715436,0.17468801,0.7469188,0.52537394,0.32715625,0.38484848,0.18216738,0.23997515,0.5103752,0.4704318,0.20305833,0.21818942,0.26518574,0.27913672,0.32899815,0.5852063,0.058969796,0.27421838,0.19466916,0.22645783,0.074803695,0.14822273,0.1736154,0.1409654,0.29220587,0.32194394,0.17422637,0.90329903,0.2413612,0.15255916,0.43060163,0.5126033,0.97910404,0.5960119,0.23496345,0.48238516,0.84861517,0.10106492,0.1971606,0.06408621,0.53056175,0.823961,0.37257415,0.22081357,0.4733219,0.6629766,0.65280354,0.25491264,0.2728368,0.21556714,0.94927967,0.45414007,0.12375601,0.14899212,0.28675884,0.3909204,0.14513834,0.13305637,0.09258358,0.7293682,0.54237247,0.12993796,0.7432784,0.5084945,0.3258231,0.2173379,0.26937053,0.14542401,0.5477586,0.29500616,0.44195622,0.5149406,0.07118079,0.43705416,0.45982844,0.5757483,0.2476435,0.20403159,0.7500249,0.3247972,0.16176522,0.34833997,0.23976079,0.39291304,0.6964971,0.794729,0.6968009,0.735525,0.14905642,0.9669368,0.20532614,0.29727688,0.37853873,0.11087887,0.082139954,0.57012004,0.63033426,0.5711467,0.5817483,0.48611313,0.28037345,0.4704175,0.46703207,0.1194357,0.49496436,0.17231563,0.3741753,0.8240763,0.52297544,0.56719947,0.62814844,0.2511233,0.06835042,0.60649204,0.431187,0.5200535,0.13902445,0.30445704,0.40178585,0.45256388,0.31114766,0.3419963,0.4795065,0.6841055,0.3302588,0.5552594,0.3508082,0.116710015,0.3412435,0.4330948,0.19695836,0.2633748,0.514571,0.47139937,0.34413394
BC2026_Train_0009_S09_20250828_000000_5,0.54954267,0.5589746,0.5782704,0.92739,0.2874984,0.9082937,0.8642521,0.23830953,0.4228902,0.64347625,0.85825944,0.83665097,0.7105123,0.33096313,0.7163614,0.5551282,0.5471979,0.49141145,0.2598942,0.45398483,0.6742052,0.51481366,0.3626454,0.6540343,0.50101924,0.42084378,0.6051824,0.54513323,0.375068,0.7713691,0.7115754,0.90239424,0.8768365,0.5144291,0.22163858,0.29479086,0.544652,0.6838095,0.9346398,0.07246005,0.83683443,0.3771429,0.54167616,0.9357647,0.7978424,0.783782,0.84274197,0.5044882,0.57205665,0.6184607,0.4858351,0.54775405,0.5255363,0.8454946,0.72910005,0.91125995,0.60990655,0.41993153,0.15723562,0.3890462,0.54025036,0.7472093,0.9500562,0.5933886,0.6635838,0.4701141,0.56960726,0.4229685,0.9843041,0.35342085,0.8676934,0.629665,0.7056085,0.78063333,0.36537784,0.940752,0.23038697,0.7355069,0.8968594,0.88212216,0.2671672,0.8584062,0.34731543,0.8365257,0.52688503,0.43920124,0.7295716,0.26058018,0.41868845,0.19406909,0.3599956,0.70846474,0.9189959,0.95000136,0.6865499,0.8449771,0.19696409,0.8575766,0.63266706,0.7016411,0.4065795,0.73999286,0.24409285,0.42077833,0.23629224,0.7793983,0.39001536,0.45831516,0.56768155,0.15043068,0.31734812,0.55815035,0.49315935,0.25777566,0.1463202,0.5084498,0.30049184,0.9743625,0.88036156,0.49011868,0.46509337,0.54055,0.27574384,0.93287575,0.061055005,0.40589678,0.22046474,0.35676336,0.20520946,0.9776875,0.8930427,0.6033335,0.92934823,0.66935503,0.12921083,0.55217516,0.9028375,0.7084638,0.8700746,0.37942725,0.9658761,0.90948427,0.6943946,0.5277526,0.72678435,0.17615259,0.63384366,0.68960416,0.8319725,0.39746964,0.56705385,0.31290966,0.23436701,0.2071043,0.5858383,0.21515116,0.8794062,0.44353676,0.9429666,0.95253754,0.24613585,0.08582179,0.8786479,0.0815825,0.06674508,0.118611686,0.87869585,0.6821681,0.68705523,0.9699333,0.90495324,0.7802899,0.4316337,0.44572183,0.90128684,0.22620311,0.6646844,0.06711619,0.42617077,0.39783236,0.94922096,0.66545904,0.6324264,0.6419846,0.8955604,0.9453124,0.48703414,0.23096804,0.5496491,0.351802,0.041480295,0.5610415,0.21755196,0.57745945,0.5726288,0.45756882,0.5279495,0.31178603,0.8875884,0.94234586,0.24655652,0.31978613,0.102991655,0.9561167,0.5566226,0.18840107,0.26357865,0.110692926,0.44553936,0.8138094,0.2015895,0.7278656,0.77111673,0.37680876,0.35977417,0.3581828,0.54708135,0.9055166,0.25079995,0.6921779,0.70010686,0.21770772,0.84138286,0.52350104,0.9558052,0.68478143,0.2033022,0.94359267,0.37680697,0.23337871,0.86802983,0.8412552,0.3430128,0.5765747
BC2026_Train_0009_S09_20250828_000000_10,0.53754663,0.9528965,0.27606443,0.65577185,0.15709415,0.73308444,0.7997626,0.6419366,0.7712761,0.70549655,0.8785441,0.25260723,0.8690094,0.46176875,0.41767234,0.6106293,0.22997797,0.39867264,0.5770307,0.49887687,0.20198977,0.7628929,0.4910717,0.82316816,0.37526435,0.15482825,0.6040129,0.54628444,0.50867903,0.6082599,0.86092305,0.9984703,0.61620986,0.45325285,0.15919358,0.67975056,0.92409337,0.78861094,0.95590305,0.17173848,0.8123624,0.6467093,0.7042555,0.9984909,0.6655154,0.6654134,0.5522921,0.24206151,0.5183672,0.508966,0.7517532,0.70850956,0.7155863,0.81609005,0.34633282,0.6343577,0.7343135,0.75160456,0.2851325,0.1654194,0.24257433,0.68981683,0.7555282,0.1648493,0.48965555,0.70066667,0.23821105,0.23581463,0.81462705,0.24514183,0.8605542,0.56583893,0.5567048,0.42111266,0.44205427,0.794312,0.55379134,0.7595146,0.6339054,0.63878727,0.28934225,0.68309546,0.45648766,0.43686664,0.588046,0.91451967,0.7380184,0.8142842,0.31278437,0.40237468,0.33606625,0.31227887,0.5731314,0.744954,0.52767855,0.3170204,0.77059877,0.79171443,0.38651854,0.8913313,0.52990615,0.38677102,0.5462219,0.3247705,0.18394256,0.58675504,0.40893763,0.45609087,0.93268543,0.71678627,0.38532966,0.6889471,0.4438327,0.50166327,0.23367739,0.69422376,0.63837254,0.7805108,0.74927616,0.69943035,0.5337713,0.3859759,0.726591,0.93020105,0.2642752,0.6122414,0.46088213,0.3466652,0.49201936,0.78130734,0.7336674,0.25332677,0.50298494,0.8475276,0.3015828,0.41241843,0.72841203,0.62721264,0.63429046,0.45432398,0.8439301,0.7093891,0.79791296,0.85194373,0.31529307,0.1805195,0.6623375,0.70408607,0.7120043,0.7201326,0.5174587,0.40298343,0.57599103,0.53833395,0.55520725,0.85464835,0.7558422,0.7432399,0.8095373,0.6170851,0.24478146,0.24919346,0.4778,0.40431356,0.3201021,0.79000235,0.80413973,0.69194317,0.8614,0.96582544,0.9683275,0.5575478,0.6726577,0.49096674,0.6437875,0.32713848,0.5786545,0.16302106,0.5853995,0.30952895,0.9617487,0.529084,0.552019,0.80191135,0.78617835,0.8016815,0.5032388,0.619443,0.48454416,0.5452739,0.18070352,0.78498673,0.44806355,0.70624995,0.89156973,0.60612226,0.64667034,0.84400785,0.5531588,0.7233995,0.52994716,0.55427504,0.29326415,0.8974272,0.46913326,0.6375803,0.5675014,0.321931,0.47615033,0.5537534,0.3704034,0.6235621,0.32806247,0.4809393,0.34672216,0.3350399,0.64031625,0.52198166,0.67084426,0.64106214,0.79188156,0.40902138,0.84041834,0.78362775,0.82866895,0.56820464,0.20174488,0.863266,0.4073956,0.6201205,0.4550467,0.37723225,0.6283229,0.40719104
BC2026_Train_0009_S09_20250828_000000_15,0.32735014,0.9265708,0.30736643,0.6044117,0.17530566,0.35213107,0.8645755,0.58948004,0.6582518,0.9719813,0.9841034,0.1403104,0.64829934,0.17078099,0.52460754,0.35539216,0.26342466,0.26490545,0.35718304,0.16964579,0.14217034,0.4335733,0.23222588,0.99294615,0.5642202,0.14074592,0.6997818,0.34947205,0.44011462,0.24266705,0.5928813,0.4968788,0.37031254,0.60496986,0.33609447,0.68431973,0.8420052,0.6058496,0.7018844,0.46900034,0.77128446,0.52266914,0.28847498,0.5243778,0.8395945,0.8350726,0.83807445,0.44305432,0.67642176,0.6582434,0.45445317,0.2712927,0.28085676,0.78523326,0.5167187,0.4788063,0.57824194,0.5144541,0.61320555,0.0836056,0.3288843,0.5650172,0.2868483,0.18435681,0.33844966,0.9882921,0.2820689,0.119453244,0.6437079,0.22937015,0.54326206,0.2191566,0.48536563,0.44160643,0.36627507,0.6621499,0.81827855,0.7505654,0.5652826,0.49445856,0.112560466,0.69890857,0.5535911,0.17998806,0.42980546,0.97302246,0.71761024,0.90817225,0.39651197,0.607587,0.37678832,0.39041436,0.36563742,0.72039306,0.7273556,0.27034846,0.84872216,0.64059293,0.3417772,0.43800348,0.7711879,0.45829296,0.7524108,0.5435084,0.2926537,0.6520672,0.48427188,0.2786265,0.87581384,0.70474684,0.48378187,0.6322373,0.4416873,0.83068335,0.351439,0.547284,0.5746473,0.81843877,0.55328274,0.77673733,0.6561521,0.3448626,0.69930184,0.8697909,0.52821887,0.3450858,0.3365934,0.4743942,0.6390189,0.6920732,0.61253893,0.3208,0.17995611,0.74072134,0.3302626,0.4454586,0.7021668,0.8157612,0.91766226,0.9530802,0.6875975,0.515227,0.57020855,0.74336314,0.71022284,0.19082087,0.5041491,0.9039403,0.7244998,0.6344151,0.4795938,0.5217199,0.81859374,0.38126436,0.56017965,0.6454232,0.5202259,0.59128237,0.8202921,0.5875447,0.21316634,0.4128391,0.49939322,0.46795592,0.6656494,0.46589458,0.7401476,0.59930974,0.6855988,0.86994374,0.98405933,0.36107397,0.412638,0.627406,0.62867856,0.2542982,0.34861135,0.23509404,0.3800609,0.3804974,0.92918533,0.81506824,0.81826925,0.8165364,0.59743,0.535953,0.8121116,0.5404685,0.3226689,0.8207613,0.6619806,0.8502934,0.25908136,0.6353054,0.5756413,0.7362298,0.9382192,0.5641748,0.47430396,0.75200236,0.5143169,0.4152512,0.81124175,0.8223165,0.1787306,0.5800728,0.57346404,0.28501734,0.84921384,0.5083628,0.21999952,0.5274372,0.3560866,0.39164442,0.71097493,0.65633786,0.8459796,0.5533123,0.6675583,0.18963602,0.6828691,0.5807657,0.4726025,0.8750502,0.8784774,0.65839016,0.50298345,0.76751864,0.84872425,0.6449288,0.4072832,0.4200964,0.4355985,0.50675744
BC2026_Train_0009_S09_20250828_000000_20,0.29891443,0.8613508,0.1415645,0.69421667,0.1363385,0.3395822,0.6164895,0.2549861,0.31950784,0.6109582,0.5516379,0.14938697,0.34370524,0.08804771,0.7494489,0.26971883,0.09943995,0.11571998,0.092482746,0.105397426,0.4656282,0.69044346,0.19907936,0.86093754,0.42336798,0.45758212,0.39376664,0.50379133,0.30432588,0.27918935,0.35325754,0.7997341,0.8334147,0.70561516,0.37747002,0.93102497,0.53539455,0.64968336,0.746143,0.33022094,0.70057,0.76565033,0.50322413,0.82094175,0.78083897,0.7751175,0.4331174,0.43517038,0.6889378,0.68691903,0.6177981,0.48388278,0.45423287,0.73080117,0.7270471,0.35607386,0.5799734,0.1453659,0.4735572,0.12520699,0.26738447,0.49211913,0.26208913,0.38796604,0.2506029,0.9541792,0.16278532,0.18835372,0.64435714,0.35396737,0.5284054,0.22512132,0.4798535,0.6009523,0.6076568,0.4855045,0.8372563,0.5444493,0.72691345,0.33697313,0.22316694,0.6148179,0.34285206,0.3627059,0.26869103,0.7770107,0.39043278,0.563136,0.5808271,0.37828088,0.5874382,0.35939252,0.43493575,0.45310968,0.3901655,0.45716822,0.7373469,0.5191014,0.4290484,0.2766081,0.73568344,0.3111922,0.9426781,0.64470685,0.5827198,0.74851596,0.4182918,0.3327654,0.76444876,0.39596197,0.41908783,0.3816921,0.31267083,0.79649377,0.36789,0.39148563,0.3789032,0.6915139,0.5311872,0.6783602,0.53893834,0.24810731,0.71837866,0.7435936,0.56034863,0.21334222,0.3918196,0.23336864,0.445662,0.5917757,0.3764472,0.66122997,0.20075846,0.6083932,0.32217503,0.19958729,0.85320175,0.7169119,0.90521944,0.52825797,0.7718177,0.5700961,0.70016885,0.37978828,0.5893914,0.27542406,0.3441859,0.6147682,0.596151,0.53645253,0.66582966,0.41419572,0.8107505,0.32599843,0.3756423,0.2968272,0.60126084,0.4758035,0.6290324,0.31783742,0.46824917,0.1644311,0.36707914,0.44902116,0.589321,0.7048073,0.44806474,0.7097051,0.43979213,0.6352847,0.85596323,0.27425218,0.2417306,0.8303803,0.69481623,0.42266142,0.20346126,0.1350995,0.51385987,0.35632205,0.72528124,0.78589356,0.6898434,0.82845676,0.6143053,0.7218305,0.8662995,0.39282912,0.43156725,0.7473067,0.81993175,0.6532091,0.15279612,0.42949754,0.53394777,0.8973005,0.8878881,0.5327818,0.38458914,0.36993253,0.33774346,0.46683565,0.81687653,0.74998075,0.14306155,0.42557526,0.528067,0.5223433,0.8993745,0.5731729,0.20327824,0.376132,0.4711629,0.66044915,0.4961658,0.46603143,0.94023126,0.3814801,0.47694975,0.17093225,0.6040938,0.76752293,0.33443552,0.758145,0.6740069,0.47599465,0.4840591,0.7842245,0.8707422,0.46272588,0.36223394,0.6384562,0.35595518,0.44656146
BC2026_Train_0009_S09_20250828_000000_25,0.19499516,0.3103487,0.29641327,0.5954855,0.048186086,0.39044076,0.47415602,0.27549183,0.55385864,0.72919405,0.6761527,0.3836606,0.18434158,0.15162772,0.6863235,0.22683644,0.117895626,0.19233888,0.09220196,0.07710818,0.4844427,0.36505395,0.16621357,0.7573029,0.46133178,0.3842597,0.6762627,0.45059228,0.44194207,0.24901679,0.5022272,0.3885951,0.67400825,0.5816294,0.20790341,0.8782469,0.85325503,0.91907036,0.7311827,0.47131515,0.82352996,0.5661492,0.0777698,0.41010684,0.7483809,0.72380245,0.3969815,0.26659036,0.61350685,0.61551464,0.4062838,0.060496114,0.083623715,0.82871914,0.50743115,0.5029144,0.24823052,0.15894648,0.42886883,0.11472146,0.33811575,0.41121078,0.12855807,0.29746825,0.28932318,0.6841841,0.15196392,0.16047417,0.7188856,0.30128515,0.53096026,0.09382655,0.6200899,0.5453272,0.53242815,0.53117,0.46401852,0.34670895,0.8761356,0.60298353,0.11713664,0.7201663,0.36517835,0.5748249,0.34277993,0.34764317,0.26954016,0.52454984,0.61939865,0.33286119,0.37792468,0.37189293,0.82862055,0.4709421,0.45495343,0.37060297,0.63715065,0.6863283,0.33495218,0.40381503,0.5193463,0.50791883,0.69693315,0.37097985,0.4720502,0.74540806,0.21511331,0.19201311,0.7110017,0.42127085,0.34466732,0.5877345,0.2879901,0.52779657,0.18722552,0.34979534,0.327775,0.6349678,0.41589868,0.7157009,0.35769033,0.15638217,0.5162896,0.57901156,0.49051443,0.2815535,0.4177682,0.16453364,0.5498972,0.75478905,0.4518571,0.55855834,0.6341605,0.618047,0.51591825,0.23725098,0.5772396,0.9372729,0.96586096,0.25813603,0.7841092,0.7939092,0.57214075,0.36717576,0.61926764,0.1885502,0.33643866,0.655887,0.7255947,0.5401799,0.46629816,0.22714299,0.7005408,0.29973543,0.37185037,0.36360365,0.7574371,0.48910427,0.6653639,0.53978395,0.662956,0.0715746,0.60901964,0.4924333,0.715094,0.36579016,0.41449088,0.47350186,0.5887763,0.5731736,0.72121835,0.452213,0.13187905,0.7202966,0.6374428,0.2253699,0.14039625,0.16019234,0.5053271,0.35197693,0.6906121,0.5621883,0.35508448,0.47955585,0.51879483,0.90741277,0.7747804,0.3008674,0.18764162,0.5725925,0.7390423,0.9025973,0.23256043,0.421358,0.33362794,0.44643924,0.7800268,0.575933,0.7766701,0.36062357,0.37036854,0.4536171,0.4179662,0.58436525,0.22660345,0.3904305,0.33264774,0.37154073,0.63478506,0.7014111,0.18583813,0.48494273,0.52167916,0.6166452,0.93426037,0.7789555,0.856447,0.6085405,0.49559456,0.5129154,0.21640709,0.6729342,0.29203323,0.8300125,0.64036304,0.45106456,0.6054943,0.8434888,0.5909039,0.32094324,0.7539544,0.4316501,0.205553,0.6448544
BC2026_Train_0009_S09_20250828_000000_30,0.4008702,0.7318691,0.24052224,0.8411142,0.143332,0.6156237,0.7755004,0.4897974,0.29645622,0.7646868,0.9264006,0.6860608,0.35266465,0.096353665,0.7072314,0.36347795,0.26728827,0.33524328,0.3712501,0.19503778,0.2698198,0.44667536,0.2896301,0.85122776,0.39468813,0.44193268,0.43362424,0.64495313,0.5085547,0.6086938,0.6079459,0.944607,0.820061,0.56390977,0.29276365,0.6016013,0.9346057,0.7322907,0.9862884,0.14507611,0.76698947,0.8533702,0.29545093,0.9876157,0.72363234,0.71371233,0.43712848,0.34417298,0.53694236,0.5168916,0.5280452,0.27929005,0.26994717,0.778741,0.63385993,0.92092335,0.35487747,0.35310668,0.5606574,0.1841988,0.20779699,0.637751,0.35359448,0.20270693,0.40647385,0.94150925,0.3755453,0.37319082,0.9088391,0.42024118,0.4860592,0.26723891,0.5967275,0.5114001,0.40617466,0.7886853,0.37254786,0.54917306,0.83414674,0.81118596,0.1835416,0.59547454,0.28341013,0.8649765,0.22676381,0.458426,0.65593684,0.28811437,0.6096373,0.4392746,0.34225553,0.6495167,0.9017106,0.5966704,0.72075737,0.4286642,0.28551242,0.85773945,0.6733835,0.52650064,0.55329347,0.63557744,0.46397227,0.1437866,0.4512743,0.7254734,0.4015783,0.46326697,0.7083628,0.4362781,0.4318887,0.6886295,0.41267124,0.42351943,0.28184137,0.7061995,0.4644695,0.88684857,0.7270812,0.5665248,0.36435175,0.37794924,0.463774,0.8084841,0.5214223,0.2401002,0.5333998,0.51604974,0.48306674,0.94211006,0.6558169,0.5294203,0.6795863,0.4962806,0.41303718,0.34988523,0.6146209,0.8833866,0.699316,0.51201415,0.93006635,0.82630396,0.3452751,0.4732875,0.6913011,0.47640958,0.3545025,0.79972684,0.53895456,0.5951366,0.35235924,0.4467368,0.24796078,0.3223607,0.6092089,0.70831215,0.810199,0.47874182,0.8716109,0.92298806,0.27937692,0.2917195,0.670295,0.46572194,0.7429464,0.29422596,0.63737106,0.23746994,0.64118636,0.7737427,0.8010477,0.63101244,0.33566493,0.58403623,0.46260387,0.17945865,0.20432132,0.15073234,0.43231297,0.41593748,0.78770113,0.28777367,0.29693612,0.45427924,0.7555734,0.9608479,0.5518241,0.56539077,0.2579223,0.5908399,0.34339863,0.67203546,0.24742943,0.6648289,0.5783256,0.26824558,0.5475106,0.6183038,0.9109946,0.7775034,0.52026105,0.26655877,0.37801075,0.76855576,0.656922,0.6216398,0.61951685,0.17596626,0.25176442,0.7131164,0.4541306,0.4965183,0.68845236,0.5771898,0.97673637,0.5435925,0.7314926,0.87323415,0.4523241,0.77644634,0.30045754,0.41439694,0.56695163,0.54160583,0.83500403,0.6090243,0.6320349,0.8175008,0.63709295,0.44005108,0.7994375,0.2789927,0.28147215,0.5522026
BC2026_Train_0009_S09_20250828_000000_35,0.560438,0.89045715,0.32796448,0.54089636,0.31770205,0.36334968,0.88074565,0.77252936,0.33789414,0.34681976,0.8450558,0.54861647,0.52092427,0.21719337,0.48545235,0.6367084,0.43987823,0.449722,0.45410436,0.3303705,0.26848048,0.20175608,0.51677424,0.80067635,0.61026037,0.5985521,0.9973712,0.54740715,0.54122055,0.5966309,0.88623405,0.9540312,0.49493033,0.4244583,0.4595583,0.22793214,0.82254803,0.8564136,0.90800035,0.59151155,0.87285876,0.63494205,0.8047147,0.96686804,0.4607448,0.46599045,0.109345175,0.29294074,0.44298166,0.43890968,0.8726253,0.8063365,0.8042061,0.8828621,0.5296757,0.83764863,0.7126875,0.4435628,0.2714436,0.5746391,0.46091565,0.49175274,0.529442,0.4765305,0.5312295,0.9276397,0.38678336,0.43697292,0.67195094,0.18813556,0.7632698,0.75182045,0.9107697,0.30349278,0.16435179,0.7414082,0.5578613,0.42039645,0.56041765,0.5594969,0.60011375,0.59009445,0.39180088,0.8040534,0.30568072,0.8769988,0.9203361,0.36607325,0.7398881,0.53875357,0.5445683,0.6196625,0.7046715,0.45539016,0.7606641,0.29157192,0.3735308,0.6853727,0.73129725,0.8216213,0.75761807,0.5761967,0.3516562,0.17594671,0.51517403,0.60615647,0.5642507,0.6723367,0.7681874,0.91951895,0.7595364,0.64972734,0.5511904,0.4850828,0.4438547,0.7246809,0.5638375,0.503186,0.9211645,0.5277792,0.26938134,0.3445046,0.6276567,0.7479274,0.39447844,0.6014829,0.49746975,0.63535786,0.76953304,0.74736834,0.35323364,0.49696416,0.3624751,0.6951301,0.6323055,0.608788,0.47172004,0.8463326,0.22293013,0.6068024,0.9482305,0.74394405,0.4951493,0.79039145,0.09786895,0.49156561,0.48869616,0.49765313,0.69751894,0.46950185,0.50264925,0.55698836,0.1199999,0.4964944,0.5815472,0.76773775,0.73073936,0.36093074,0.8462569,0.7763689,0.53987694,0.6328832,0.34062916,0.6482636,0.62815166,0.7942412,0.45847574,0.369071,0.9026458,0.89756274,0.76550186,0.614526,0.5093448,0.8903797,0.76309836,0.28580594,0.5600383,0.37493277,0.65903956,0.2769751,0.90041417,0.45964646,0.28631368,0.53933144,0.69533527,0.95615196,0.57066315,0.7472868,0.59676254,0.41816086,0.36555266,0.372074,0.4302004,0.51711,0.7479595,0.5774535,0.59605014,0.8843485,0.6469079,0.37566358,0.708789,0.20882064,0.26577398,0.851297,0.7951647,0.6519867,0.8527192,0.371723,0.33878398,0.7678033,0.6875192,0.5997466,0.5325079,0.44587955,0.4252616,0.41080397,0.69296265,0.3651569,0.8367218,0.69329774,0.70761335,0.58636093,0.55066824,0.5698162,0.83673596,0.6189407,0.63671386,0.7590723,0.4409052,0.5533285,0.45647785,0.41431648,0.45698643,0.7316594
BC2026_Train_0009_S09_20250828_000000_40,0.45876938,0.3801362,0.40276515,0.94185776,0.3032299,0.2026689,0.75669384,0.7772505,0.6055136,0.19050428,0.37435618,0.27943626,0.5421926,0.19663206,0.46856463,0.60749006,0.14877576,0.3211199,0.26538652,0.2816699,0.38241005,0.31333238,0.2961406,0.6927542,0.20815322,0.26181504,0.8047116,0.31920743,0.39322394,0.2430906,0.36861217,0.58235383,0.35142285,0.58110946,0.34795648,0.4539082,0.77209246,0.7503105,0.89565134,0.31520388,0.94188416,0.34898546,0.64967954,0.55357635,0.4831568,0.5075037,0.5445047,0.09947239,0.29759505,0.29082668,0.4373275,0.64794993,0.64783835,0.9452826,0.09937513,0.5747049,0.5352487,0.89645505,0.09786664,0.47429514,0.6473365,0.38783336,0.20040868,0.3475448,0.5296471,0.5524753,0.3975919,0.2897211,0.6306497,0.1898385,0.6650007,0.77404416,0.7864592,0.42613524,0.297759,0.80852723,0.34593725,0.18170848,0.32329077,0.39035517,0.5842354,0.4245482,0.22772548,0.5605957,0.5270435,0.46730304,0.62226623,0.67523694,0.74275815,0.18332672,0.644212,0.37914807,0.634094,0.605818,0.6335095,0.37282556,0.63565207,0.50827545,0.64418507,0.86704946,0.56255454,0.6966599,0.36269194,0.18966946,0.2220144,0.5790356,0.24324375,0.3217516,0.53028786,0.9846333,0.66044784,0.49353182,0.5963473,0.25020042,0.13825084,0.5009305,0.21760401,0.5027123,0.88901186,0.2050336,0.07893403,0.14061454,0.32645446,0.46479046,0.19293532,0.7789166,0.6535424,0.28330868,0.72348785,0.6243961,0.19072044,0.31942594,0.31884867,0.6491474,0.48665535,0.3502285,0.22104272,0.78992856,0.22187185,0.35019842,0.9521781,0.45494795,0.4158942,0.6967082,0.40682036,0.60856795,0.42769104,0.29616055,0.72449577,0.6551964,0.35673696,0.8921318,0.21748115,0.3114245,0.33663738,0.60304695,0.68317306,0.15186343,0.7414559,0.48086983,0.51907176,0.6076422,0.30792588,0.5258117,0.23306087,0.908859,0.33215907,0.7549734,0.6506945,0.8736445,0.37055355,0.552824,0.21629807,0.72619057,0.950497,0.26273412,0.4597269,0.2607251,0.4781487,0.16488534,0.97725,0.37083143,0.27388328,0.17337719,0.28259835,0.8346908,0.2222923,0.84430236,0.63965416,0.51942104,0.459435,0.17493352,0.29534596,0.19119206,0.6372274,0.55672663,0.35360134,0.81702805,0.8525004,0.1877622,0.8061446,0.13298684,0.2121057,0.86918974,0.88307965,0.27755207,0.80427766,0.21026036,0.76195776,0.8408382,0.38096106,0.6062043,0.312083,0.23890373,0.5402393,0.3204497,0.46772224,0.24248964,0.99081933,0.29436064,0.7220614,0.5979407,0.59434056,0.7147336,0.580433,0.21380496,0.35735768,0.36480892,0.32863295,0.34626064,0.4788629,0.7169117,0.45218563,0.5614741
BC2026_Train_0009_S09_20250828_000000_45,0.20798889,0.11278351,0.44098717,0.6652397,0.19192985,0.06492717,0.3708638,0.59106845,0.1387538,0.2719121,0.20766056,0.5054151,0.32408518,0.099551156,0.21159047,0.2670529,0.07408598,0.20487085,0.120420575,0.15441132,0.2604702,0.48346794,0.2158519,0.18862477,0.050347198,0.07477382,0.80435574,0.14629608,0.15575965,0.058223285,0.47276586,0.27419156,0.08033037,0.16453964,0.3033256,0.3448695,0.6641755,0.9275316,0.65359926,0.3302356,0.7220898,0.88804704,0.5624176,0.27740973,0.5420198,0.5771795,0.7441627,0.087815166,0.36025077,0.35551816,0.680171,0.5880778,0.5749823,0.71377945,0.056731887,0.18866503,0.35162008,0.68681455,0.17478698,0.20295668,0.47946408,0.29748943,0.090077505,0.2486533,0.50771624,0.47915012,0.2797464,0.09271708,0.2846256,0.18506506,0.54964614,0.630697,0.9307718,0.20145205,0.2880255,0.6132196,0.08850907,0.30055887,0.15112653,0.14780773,0.31453115,0.28207815,0.15845446,0.7949883,0.6039907,0.27606905,0.36753428,0.7776902,0.7922808,0.09024334,0.5709622,0.3481571,0.81715596,0.571574,0.34268636,0.60487497,0.9040417,0.43713272,0.78166103,0.6483109,0.47106576,0.3915661,0.5053671,0.054618374,0.06113398,0.32038236,0.16104928,0.08499721,0.3436907,0.9275328,0.6416135,0.20819676,0.27919632,0.09276453,0.045667745,0.24754469,0.09106819,0.4171185,0.85467607,0.16029319,0.068841554,0.15688477,0.120389685,0.5813594,0.09859946,0.821421,0.882512,0.12616757,0.4713565,0.55531967,0.35966766,0.37296116,0.119731694,0.5031844,0.12317474,0.11536854,0.43284246,0.42439485,0.33220595,0.087861925,0.9917166,0.36464292,0.47960424,0.4010998,0.104746744,0.71989846,0.46162707,0.42246342,0.6720842,0.830462,0.22731623,0.99295616,0.24342486,0.37478966,0.3197016,0.6632831,0.45280078,0.049221687,0.77939,0.258115,0.8378416,0.48819232,0.14528504,0.28431323,0.107903734,0.9787116,0.4162773,0.8545115,0.47502315,0.8157823,0.3505016,0.8220328,0.05655077,0.65590227,0.8284999,0.07025021,0.38875872,0.27729878,0.26082912,0.08517462,0.8283187,0.25631732,0.46194822,0.19768822,0.35938945,0.766209,0.12769221,0.8749287,0.85101414,0.39363313,0.30643505,0.045022085,0.49982595,0.12953818,0.38425928,0.50196284,0.1568791,0.5534277,0.97967136,0.35466373,0.85612285,0.12832382,0.10885759,0.89230585,0.9639125,0.14557648,0.54814684,0.077640265,0.7416556,0.5669899,0.26445353,0.4036094,0.13330546,0.20462596,0.12245761,0.44116083,0.564419,0.13974383,0.99084795,0.41103762,0.568669,0.25380012,0.5728636,0.54653454,0.7829385,0.12890077,0.12668112,0.36195308,0.28439057,0.50904727,0.60592425,0.6902838,0.32610083,0.33592772
BC2026_Train_0009_S09_20250828_000000_50,0.3525895,0.6183622,0.5565978,0.78334755,0.12476875,0.10788968,0.44964024,0.32231587,0.5223167,0.33203846,0.40077594,0.6938726,0.307224,0.17955375,0.24452451,0.111024156,0.23459092,0.16859868,0.12892812,0.049458608,0.36821592,0.30491155,0.07917468,0.3587737,0.36536014,0.21264273,0.3641767,0.44865108,0.1178626,0.08781588,0.39672196,0.40039366,0.42897558,0.18437916,0.39026892,0.6553471,0.8182267,0.81121445,0.7085929,0.3385529,0.58384997,0.94448304,0.5016147,0.3938548,0.81158745,0.8140371,0.8375003,0.31400388,0.4617408,0.418319,0.34846836,0.51313436,0.52398074,0.63085544,0.59515035,0.26721197,0.5725415,0.57833576,0.195571,0.26114038,0.45675433,0.107122615,0.21701035,0.11931491,0.6168289,0.19918205,0.10513263,0.24611533,0.29102945,0.25726366,0.47784635,0.92492473,0.66764224,0.20218766,0.35387397,0.56148565,0.15316685,0.4602231,0.2571018,0.27801818,0.329697,0.60996616,0.33426148,0.90101266,0.5112318,0.45543414,0.3508678,0.90165466,0.7261385,0.15096435,0.6641265,0.67386085,0.86721694,0.65908396,0.4346071,0.7106472,0.8319001,0.3973562,0.83380103,0.437046,0.60018885,0.10863839,0.547195,0.110147804,0.18788552,0.4691714,0.63200176,0.22813448,0.37193388,0.77812624,0.3604002,0.37370974,0.40097547,0.26676184,0.05679,0.31636024,0.23090696,0.40203565,0.78415453,0.28083295,0.17885876,0.41194254,0.20007673,0.43586522,0.4073845,0.5404635,0.89813197,0.28711498,0.6725676,0.61767036,0.5250265,0.64182127,0.23952958,0.5199681,0.16704258,0.22566885,0.3139282,0.55597717,0.20414093,0.13576326,0.95202464,0.6074594,0.6152761,0.40466022,0.2930873,0.46725255,0.35954142,0.38610202,0.95856595,0.89087534,0.20108654,0.8443569,0.4367326,0.33070213,0.48139215,0.60566056,0.5949036,0.09899913,0.641971,0.084324375,0.8815259,0.5083464,0.30749488,0.35973322,0.14437649,0.8866,0.52640104,0.634717,0.46852678,0.8252095,0.27318588,0.68029815,0.27536768,0.69290626,0.8792176,0.120424256,0.48557967,0.5644927,0.5499406,0.1870707,0.54767215,0.30279648,0.6131758,0.7163023,0.59902966,0.71774876,0.35724306,0.6530341,0.8084905,0.36642236,0.3359537,0.15416503,0.54877293,0.23784868,0.3107644,0.74807143,0.3862239,0.76851124,0.96275645,0.34609354,0.58749217,0.1720191,0.33833313,0.73642606,0.96110487,0.14019078,0.38839173,0.25966978,0.8301457,0.584759,0.48631364,0.2790771,0.3699944,0.34005946,0.102187395,0.3177333,0.42721906,0.13521199,0.9426193,0.68231463,0.82564425,0.16527459,0.42401534,0.24988115,0.8650005,0.24282327,0.1777595,0.6567991,0.5284205,0.49238324,0.53566307,0.66760385,0.55062294,0.50968486
BC2026_Train_0009_S09_20250828_000000_55,0.24468154,0.51978445,0.35310423,0.5478863,0.15891907,0.26706403,0.5200939,0.17097771,0.10902551,0.723735,0.5721515,0.63433814,0.22736892,0.19795683,0.3615536,0.263596,0.15896726,0.5581393,0.19696334,0.15247309,0.1717129,0.15009356,0.16128725,0.8894425,0.27582836,0.42473316,0.86434233,0.5661684,0.43397623,0.20534205,0.6596066,0.83819807,0.8980756,0.9845115,0.45057917,0.6273719,0.641933,0.6380286,0.9978144,0.48385066,0.7029221,0.3823118,0.52497774,0.8444948,0.72007394,0.6953869,0.40694636,0.6588204,0.74300206,0.7093884,0.51803195,0.5262243,0.5336411,0.7426411,0.7375799,0.4819405,0.56822234,0.20957792,0.62294376,0.120572545,0.31964624,0.30366746,0.30853614,0.16376328,0.43574345,0.93660164,0.18671343,0.3299876,0.49631697,0.15072411,0.84259677,0.9153671,0.6580442,0.23873529,0.78946507,0.4535176,0.52912056,0.4359603,0.70997846,0.44231325,0.49658936,0.6392094,0.4505772,0.62151283,0.40643758,0.41364044,0.8836715,0.6584896,0.85070205,0.16105509,0.5046973,0.6462958,0.6893424,0.5155956,0.42293742,0.5528523,0.5815978,0.45209572,0.5560901,0.24357474,0.6899127,0.20746735,0.74454784,0.3524794,0.45999795,0.53095794,0.71439743,0.39970273,0.49772495,0.7548933,0.44053394,0.88802296,0.6479652,0.5328521,0.09686157,0.5268301,0.5948144,0.39646572,0.89312816,0.38190675,0.53367984,0.31434083,0.4327979,0.3319419,0.6151291,0.18117173,0.27191132,0.61469626,0.9338567,0.90979016,0.5451595,0.86297035,0.5013065,0.43617654,0.59435046,0.3529517,0.307432,0.87584114,0.4304791,0.30457187,0.770553,0.5694512,0.6676725,0.58887124,0.29140133,0.19181249,0.3274566,0.6744249,0.6586176,0.40689224,0.20539907,0.40841383,0.55394113,0.58695835,0.6481921,0.7199286,0.5554825,0.29886675,0.4280793,0.17214772,0.4014558,0.29243654,0.5152643,0.38060844,0.3735811,0.6116279,0.7487241,0.43721998,0.8751695,0.58933747,0.43294185,0.39157557,0.55933,0.80933964,0.50413543,0.2723197,0.3901854,0.43830985,0.6291796,0.26571375,0.5085865,0.6890856,0.34272385,0.79234356,0.46223277,0.54618835,0.31993806,0.5429406,0.7147641,0.7766386,0.6520902,0.7044058,0.20564383,0.5002321,0.525978,0.7136284,0.37667227,0.8931984,0.6363299,0.69083714,0.65096056,0.33961904,0.2751581,0.80173707,0.6581905,0.30415258,0.6812719,0.3577525,0.9433168,0.60256445,0.33561265,0.35019815,0.6918732,0.5830635,0.7398792,0.9007759,0.62472177,0.08617015,0.6962601,0.60073507,0.76517177,0.4752316,0.37218803,0.4490593,0.478042,0.61367273,0.33077705,0.6335232,0.42679316,0.29709882,0.41057408,0.58413494,0.4231482,0.7836864
BC2026_Train_0009_S09_20250828_000000_60,0.04526417,0.45716986,0.5306104,0.9400064,0.2067926,0.4917258,0.92195415,0.47504497,0.79421747,0.9670478,0.94981575,0.62194437,0.59756076,0.29604334,0.49781233,0.09825195,0.21631208,0.71495414,0.31398916,0.5278448,0.2497479,0.16087505,0.63119483,0.99924165,0.41268784,0.16420874,0.4975028,0.21665344,0.6889578,0.094296105,0.428851,0.6801522,0.8799783,0.64546984,0.49277568,0.52701753,0.5132772,0.5131273,0.83212984,0.14135382,0.65937316,0.6126434,0.2570358,0.65690094,0.76268184,0.73103464,0.77444106,0.63945866,0.8228965,0.79547095,0.6040233,0.21105161,0.21447828,0.6983421,0.80392945,0.85810983,0.32929206,0.255441,0.72399473,0.022523917,0.5268303,0.63699186,0.12857646,0.33034164,0.6247987,0.99423003,0.44969183,0.071273915,0.5011792,0.20611879,0.5287001,0.8172178,0.76306593,0.2751248,0.9419434,0.68230414,0.4451541,0.62818277,0.32610732,0.7869339,0.19993368,0.18029344,0.752899,0.815525,0.6137074,0.7074219,0.9629426,0.884084,0.7483121,0.3961978,0.25009853,0.41352832,0.85188586,0.7862499,0.7935165,0.82857835,0.8327253,0.7865684,0.6042379,0.4481706,0.47821358,0.79053223,0.85146034,0.35931134,0.32999682,0.9090979,0.5342861,0.6639838,0.84912956,0.35069543,0.38212168,0.6747644,0.37661788,0.31238604,0.16173875,0.71903753,0.702453,0.85308164,0.7692547,0.7822187,0.5334296,0.38973832,0.24124277,0.74599737,0.37029105,0.28611535,0.15026037,0.52410203,0.6818894,0.70971394,0.29182565,0.702127,0.8542814,0.6778834,0.86848754,0.07443249,0.622236,0.8996643,0.53986084,0.77355397,0.85788685,0.7721543,0.20206791,0.31639594,0.69059145,0.31784213,0.22223291,0.9252312,0.9608145,0.40838814,0.63903916,0.4543064,0.23483577,0.4707516,0.425834,0.3872347,0.5606456,0.27129257,0.5074819,0.73189104,0.35131198,0.30964178,0.8525643,0.5653782,0.13281551,0.99088895,0.48802078,0.5329062,0.62510645,0.8181546,0.9113679,0.5275911,0.35429502,0.5416441,0.58284295,0.46401542,0.27747267,0.36889893,0.22996351,0.36603737,0.772674,0.64987993,0.092075914,0.39668524,0.1817427,0.79253685,0.3003625,0.6818409,0.61022323,0.86421144,0.68265736,0.9541937,0.2856105,0.47553933,0.42809695,0.29782218,0.2539081,0.7226888,0.33846986,0.860237,0.55406797,0.43574527,0.2582856,0.59795576,0.27443182,0.12722982,0.9271902,0.08209875,0.6227844,0.7488425,0.28600946,0.50416464,0.7117406,0.33881602,0.5940738,0.9685898,0.79313195,0.20333646,0.83210516,0.25502667,0.75334346,0.41902226,0.7996396,0.9197968,0.27614623,0.6613009,0.5382362,0.91155577,0.6089326,0.3314277,0.7817594,0.90877086,0.23431173,0.6882589
BC2026_Train_0010_S09_20250828_000000_5,0.1151678,0.21155089,0.3333704,0.9779757,0.39245248,0.74893963,0.63170457,0.12058309,0.35230193,0.7806313,0.28200933,0.2373704,0.1305332,0.069935836,0.65014476,0.1833137,0.14948823,0.71269715,0.14357437,0.2064344,0.17044064,0.11696502,0.12634751,0.6324668,0.10323019,0.67260766,0.058357738,0.55163646,0.25800988,0.6245804,0.12753692,0.77889884,0.45551342,0.5042987,0.71963334,0.13796552,0.37898725,0.4332076,0.76017463,0.19749473,0.88769984,0.926414,0.14811951,0.7451632,0.43259436,0.43042523,0.8180572,0.46786326,0.6065647,0.54556024,0.33006638,0.15970242,0.16500607,0.90777427,0.15520123,0.32956627,0.15852126,0.42026228,0.6070548,0.12983108,0.23163646,0.13149709,0.24669935,0.05596883,0.23398069,0.29297876,0.27162752,0.39158368,0.9421792,0.79350317,0.13743083,0.12535,0.30674613,0.16500458,0.26246122,0.84119344,0.5065626,0.7853688,0.50277025,0.6467333,0.120556414,0.060595922,0.11287334,0.62976885,0.07498333,0.25098276,0.8141885,0.8070526,0.1881673,0.069500744,0.54430735,0.57170427,0.2518287,0.9161705,0.6126145,0.8530434,0.26824754,0.6217308,0.89579165,0.083674,0.047685564,0.27245802,0.6813816,0.16082293,0.08992159,0.25603372,0.17702025,0.050444588,0.16384041,0.46420628,0.10561584,0.48884624,0.4169039,0.24452084,0.1035327,0.918695,0.11543904,0.724072,0.2903971,0.11022209,0.41684905,0.6046955,0.12906042,0.09995958,0.054751746,0.27577674,0.76126873,0.50711966,0.1330904,0.83385396,0.4571944,0.10880271,0.3433094,0.14224249,0.15808299,0.07317375,0.48072666,0.9463479,0.878948,0.94858336,0.37955356,0.8143443,0.1355905,0.19539627,0.4140686,0.39559317,0.28519863,0.8296193,0.7662903,0.7260959,0.01816167,0.8651308,0.38729668,0.5701362,0.46740443,0.5091375,0.9193021,0.12107375,0.6985791,0.7838396,0.29744172,0.45571768,0.8948474,0.27613175,0.024449002,0.5264503,0.988852,0.039422505,0.22608852,0.22729643,0.5222529,0.56963,0.18865913,0.38524526,0.63375986,0.5276797,0.4170854,0.15232226,0.3037812,0.09544046,0.29501936,0.58721375,0.0677775,0.11069859,0.6101088,0.35719055,0.084744826,0.3095375,0.10354833,0.62598145,0.19925812,0.21677092,0.78534734,0.48474678,0.21798101,0.31096122,0.28859574,0.066199,0.8699781,0.97730416,0.74139166,0.045446247,0.16603625,0.58618534,0.7582327,0.25980493,0.6599314,0.07145083,0.4437308,0.8562105,0.61364055,0.44239622,0.46551162,0.33841956,0.91526294,0.8073387,0.76210773,0.6012125,0.67657226,0.19306436,0.83438325,0.22099575,0.15164542,0.59636885,0.40395963,0.055813074,0.09475793,0.15406945,0.28292558,0.24302758,0.33388352,0.053902082,0.112208575,0.161419
BC2026_Train_0010_S09_20250828_000000_10,0.08011462,0.552956,0.5548718,0.7129175,0.21095276,0.4545189,0.27588585,0.13858302,0.28892684,0.8650819,0.11051126,0.27110085,0.11194672,0.072935775,0.51135397,0.10443628,0.32415134,0.5112018,0.1761139,0.4442401,0.1127442,0.3711778,0.088256,0.20734464,0.6833285,0.7100313,0.13007176,0.35755897,0.23511288,0.2628929,0.5034941,0.46313134,0.17254196,0.9596859,0.51400733,0.8535907,0.7468437,0.75273967,0.78132796,0.676553,0.9538814,0.30920827,0.18851459,0.44417253,0.5917846,0.57857704,0.769572,0.4040553,0.42422724,0.39927888,0.3298764,0.18925762,0.1884605,0.9489974,0.23229054,0.3735485,0.087207995,0.30961478,0.43624318,0.44885808,0.14631915,0.4117093,0.25753525,0.25721958,0.34756285,0.47960043,0.19643754,0.4808026,0.8249735,0.6583867,0.45407706,0.08796476,0.49067968,0.35194945,0.5118119,0.8208426,0.56105673,0.6808523,0.33869988,0.5387671,0.5212698,0.20619562,0.099308774,0.15301079,0.17899448,0.36373097,0.20659912,0.20261416,0.19136924,0.106168196,0.3552696,0.2592175,0.216501,0.9838674,0.30858874,0.63868976,0.069521956,0.51064265,0.35959148,0.23681536,0.24771415,0.09249872,0.7389811,0.33420378,0.5071492,0.15787852,0.6660111,0.16745758,0.18143666,0.12521125,0.18976083,0.90756714,0.17507857,0.2711963,0.3888567,0.6013178,0.12771198,0.8227209,0.7087083,0.45954686,0.38744682,0.66525257,0.477987,0.4272802,0.098783314,0.11362104,0.50553334,0.29843533,0.35359073,0.83141506,0.49191356,0.2108748,0.5495576,0.051289186,0.09505862,0.15891893,0.4473061,0.8141937,0.8656025,0.6291504,0.4766621,0.58883905,0.57550466,0.59151876,0.16742021,0.1748304,0.34166193,0.85070324,0.79493046,0.51440865,0.18642291,0.41619778,0.5019063,0.46795976,0.5552573,0.57951045,0.92771316,0.670215,0.46766382,0.29043317,0.3352852,0.26999217,0.6377704,0.5255456,0.07450068,0.22009882,0.96653163,0.13735676,0.1660583,0.09147115,0.330019,0.41888195,0.2616579,0.16288048,0.3069368,0.58231395,0.45610917,0.24049568,0.7990042,0.22577947,0.31244093,0.13487542,0.324264,0.46638608,0.5452048,0.1735411,0.44571322,0.11960301,0.2855599,0.51559967,0.58359855,0.46672136,0.37147468,0.22543558,0.48895046,0.4787051,0.4982078,0.23883124,0.8750473,0.7797301,0.2791968,0.12763987,0.47598177,0.48400253,0.20724846,0.37396884,0.31553566,0.34575468,0.29879588,0.33356225,0.1790267,0.29465726,0.23027015,0.5902265,0.8339429,0.57320696,0.9423089,0.3914355,0.3531828,0.47927603,0.82028174,0.33716774,0.055398293,0.43114763,0.55987275,0.09938793,0.37148458,0.2301304,0.49489456,0.10978401,0.24357557,0.33657426,0.35798776,0.49497026
BC2026_Train_0010_S09_20250828_000000_15,0.17312837,0.15833354,0.6725787,0.7931192,0.44934857,0.4291067,0.35506982,0.24003838,0.35364908,0.97538745,0.24637839,0.18947318,0.163535,0.18958378,0.5457346,0.10770573,0.5743978,0.61121356,0.1495997,0.29802865,0.08331959,0.41370955,0.2091066,0.8317559,0.6642228,0.50908256,0.29049557,0.23426816,0.06962584,0.26293635,0.16297147,0.53598005,0.6548377,0.74674845,0.61886287,0.72955555,0.44390446,0.44905627,0.67477506,0.5331373,0.6998385,0.9274502,0.16679803,0.51304746,0.37015852,0.36455125,0.79788065,0.5005063,0.54987264,0.5431503,0.6829585,0.1654701,0.17313267,0.71252334,0.22227746,0.53318554,0.07827975,0.56514007,0.6671785,0.34300733,0.41136438,0.42075497,0.71208954,0.51874745,0.17903587,0.9727094,0.13679618,0.53935087,0.52799296,0.6513969,0.25793177,0.3337679,0.29132414,0.29007784,0.2960457,0.47411513,0.16043717,0.4540006,0.1533243,0.28540516,0.57149005,0.5300706,0.37321198,0.096084505,0.2885745,0.1248305,0.1487115,0.13330482,0.08857727,0.26171127,0.63117397,0.3180653,0.09861466,0.38752353,0.2773152,0.7441704,0.12453246,0.3617813,0.33828366,0.28975466,0.37036937,0.14046931,0.86458206,0.63077235,0.6586708,0.15750913,0.28033462,0.2869826,0.32475138,0.07802123,0.16350845,0.6569668,0.07195275,0.2166338,0.57171094,0.53961617,0.03394446,0.54896516,0.32783288,0.43623048,0.39323387,0.25047532,0.33339387,0.2651146,0.36506647,0.26112843,0.7239599,0.13794765,0.11325167,0.46882105,0.42333022,0.39706147,0.31478393,0.1166341,0.1891852,0.4317469,0.42307243,0.28131253,0.6491418,0.3852737,0.33025336,0.42251837,0.4469733,0.45487738,0.6733203,0.13715091,0.13231172,0.86750805,0.42114183,0.49329394,0.4183401,0.50962234,0.23622562,0.6948059,0.49124748,0.24237928,0.58063847,0.30015558,0.23748077,0.14154144,0.118159294,0.27403694,0.13496812,0.2949955,0.122338,0.78139293,0.82435036,0.09915964,0.13634261,0.07865423,0.35567886,0.35049295,0.08504118,0.07668409,0.47310913,0.43470272,0.28663662,0.147172,0.37844485,0.3361349,0.32558262,0.09703153,0.17395437,0.3434677,0.23016025,0.060520962,0.28180873,0.07142478,0.17802739,0.9183556,0.8038099,0.36959952,0.30931184,0.46808422,0.26305544,0.1643574,0.4054833,0.17249194,0.6737782,0.66363263,0.13536629,0.48097396,0.2917421,0.09735733,0.20962276,0.40551198,0.32409436,0.26602513,0.1379624,0.35749876,0.08390303,0.2740966,0.08906166,0.39166218,0.8789618,0.99733424,0.7440194,0.24867868,0.56044275,0.30574894,0.6812278,0.24344702,0.033176415,0.60438496,0.7334975,0.23619615,0.24919876,0.39342344,0.3642063,0.06320344,0.104031876,0.5016448,0.1912139,0.32488728
BC2026_Train_0010_S09_20250828_000000_20,0.24599262,0.25574553,0.5236591,0.57233775,0.47173828,0.21694475,0.37686545,0.31067997,0.198491,0.7687404,0.4064819,0.48453987,0.081193164,0.13032883,0.5712153,0.15088937,0.6075465,0.45290512,0.09462446,0.20839915,0.18502337,0.872358,0.22383913,0.32601154,0.2573762,0.38945007,0.083398476,0.19324175,0.11234698,0.40431958,0.5587915,0.49179137,0.12909785,0.45073515,0.57040644,0.57615036,0.4363352,0.82521963,0.5469914,0.13918358,0.68051493,0.9433224,0.4219358,0.4678797,0.37692267,0.38919067,0.5883751,0.21701314,0.45176238,0.44649047,0.56539845,0.45624346,0.43815798,0.6980437,0.19845441,0.71777296,0.23024175,0.6328398,0.7057663,0.26572815,0.5648633,0.30606678,0.9097633,0.5334945,0.20002513,0.33703932,0.0894258,0.3949591,0.4361985,0.24815825,0.15761402,0.4765466,0.40535593,0.38566095,0.11308092,0.32013243,0.19200402,0.38399822,0.19851488,0.13581175,0.26323533,0.5744743,0.29745346,0.2712945,0.3381387,0.07197183,0.4883225,0.54405946,0.23880076,0.24781814,0.6885036,0.39087218,0.15422581,0.20377426,0.1444459,0.66458035,0.32304373,0.25983417,0.79809296,0.18668577,0.26003382,0.12114404,0.83997726,0.5669254,0.49118084,0.2666496,0.24563976,0.37468457,0.35121417,0.3875767,0.18522358,0.51252055,0.24097067,0.55050623,0.6298168,0.8223319,0.087265104,0.38728017,0.3597709,0.40939027,0.26850724,0.099328004,0.19785199,0.21317258,0.3446195,0.57952744,0.760496,0.078894824,0.18307984,0.50786006,0.29175758,0.56251734,0.21122381,0.45626774,0.23184858,0.2950793,0.33832568,0.1304662,0.2910394,0.36867052,0.54567724,0.5077713,0.34216434,0.19971225,0.23150763,0.52282286,0.09473345,0.8354,0.3278647,0.7702452,0.5459709,0.86493087,0.23265576,0.60643595,0.36585358,0.22482717,0.5497613,0.260311,0.44683555,0.2299725,0.98711216,0.29081786,0.08306433,0.21310455,0.19802241,0.93938565,0.6182889,0.2507245,0.21052808,0.14398429,0.38057095,0.63066417,0.062032856,0.34715933,0.55734646,0.17494181,0.27314743,0.39023,0.28379336,0.14307825,0.08686644,0.48931342,0.2746647,0.30942625,0.23073636,0.2263729,0.15255426,0.25475824,0.21358871,0.9143399,0.4675954,0.16287968,0.5066582,0.8760329,0.265826,0.23199233,0.28802305,0.26936656,0.5467386,0.5727504,0.4539998,0.5269239,0.10199119,0.092476964,0.53527695,0.2237865,0.4628013,0.1964769,0.21387511,0.4942608,0.2770467,0.15685081,0.03164558,0.4683327,0.70569515,0.8265041,0.52721846,0.42564374,0.8202729,0.23575193,0.5075392,0.5909293,0.17517734,0.5211218,0.6626383,0.11944109,0.33874,0.30894017,0.31280917,0.0998337,0.2382391,0.5581373,0.31780684,0.23492062
BC2026_Train_0010_S09_20250828_000000_25,0.44313595,0.32239792,0.6423334,0.6071322,0.5782695,0.41581494,0.37225074,0.27734166,0.6373499,0.9737302,0.48854524,0.52854913,0.21677837,0.39149427,0.36735278,0.3265931,0.809474,0.5886245,0.23544297,0.32383707,0.5421953,0.54553056,0.17055482,0.43766809,0.675735,0.5513662,0.41077372,0.29290384,0.45037377,0.3419547,0.4178384,0.9888643,0.26714653,0.5331137,0.60679567,0.76446724,0.70418584,0.5887346,0.8593868,0.4623435,0.5595201,0.43160906,0.60884935,0.9856912,0.51715815,0.51447845,0.67580676,0.38534826,0.6379447,0.6106845,0.44672477,0.604685,0.6223612,0.5955692,0.5202603,0.58995825,0.47040418,0.3658942,0.7441877,0.41095638,0.5654671,0.55609477,0.6280453,0.62739956,0.47247955,0.3610396,0.09823299,0.6865839,0.5704609,0.12973829,0.47587812,0.76081717,0.4856248,0.43645674,0.24490243,0.4003834,0.47168458,0.56183577,0.3313576,0.21668911,0.3598352,0.70089114,0.3855103,0.54707086,0.41011566,0.2528699,0.5213818,0.64294446,0.6774206,0.5434721,0.8285724,0.7994107,0.4809682,0.29947585,0.2394899,0.91734326,0.57367635,0.2822973,0.48719186,0.15715948,0.48035955,0.407372,0.91572285,0.61242896,0.6373702,0.4592693,0.57745874,0.5521865,0.34152603,0.68385744,0.41288692,0.4900579,0.53891355,0.5934787,0.75433123,0.7842058,0.35888797,0.6389216,0.68019104,0.35713583,0.44505697,0.09409551,0.47350234,0.46758515,0.5239888,0.6289687,0.29192698,0.23620045,0.4986657,0.7984912,0.3776843,0.8678224,0.27834606,0.53085506,0.39197046,0.3536697,0.46802455,0.2886318,0.37511116,0.26431373,0.8975406,0.5092591,0.4066288,0.37414646,0.4279764,0.7017323,0.21361813,0.6675546,0.2876354,0.7825984,0.5561771,0.7642236,0.43288958,0.4764626,0.5667503,0.40956867,0.5801598,0.47706354,0.4317109,0.06329667,0.5326119,0.5614233,0.23344871,0.37443596,0.49573588,0.59482783,0.65088385,0.1392693,0.36008853,0.14973357,0.55272746,0.7253721,0.27229226,0.7300302,0.7133765,0.21517855,0.4726224,0.63090944,0.69692606,0.2921094,0.159843,0.64211094,0.6027004,0.58513904,0.42833233,0.53946614,0.5055639,0.17199132,0.22963051,0.9682865,0.40474814,0.30029586,0.47343773,0.5536158,0.55332005,0.55600774,0.48314363,0.5678656,0.6646565,0.72887576,0.47105056,0.80555475,0.15951592,0.42197958,0.4030722,0.36144304,0.54799163,0.5253668,0.24926332,0.2676098,0.13385698,0.23133636,0.107763596,0.57573664,0.8276614,0.86280924,0.6079726,0.45841777,0.66494215,0.43429637,0.49014127,0.764351,0.49359894,0.62386304,0.8397591,0.30228937,0.2748682,0.3953221,0.4393496,0.28185695,0.35803434,0.66786826,0.45454633,0.63259137
BC2026_Train_0010_S09_20250828_000000_30,0.25111234,0.1955033,0.42057675,0.39717948,0.49047208,0.4705932,0.287152,0.26773033,0.4877235,0.7273916,0.6787219,0.36157447,0.3599497,0.38455814,0.1555649,0.2590066,0.3751095,0.7776828,0.40435714,0.3413918,0.41368175,0.21671668,0.38894302,0.45650923,0.5950171,0.34361446,0.44533074,0.4566617,0.5145831,0.3574368,0.49405992,0.74679756,0.62027514,0.8762083,0.68994355,0.40210515,0.5126791,0.6220673,0.7208674,0.71492535,0.84869903,0.6961038,0.4649859,0.74124944,0.30874926,0.29325616,0.43357325,0.5634126,0.5228143,0.50390065,0.8205062,0.47156656,0.52242756,0.86401963,0.7900934,0.5022509,0.35736132,0.6840091,0.79379416,0.61670375,0.38455957,0.46866313,0.36098218,0.33193684,0.3283469,0.59947556,0.22045925,0.7572541,0.24321266,0.28538084,0.5836354,0.65255356,0.35459426,0.50583404,0.6625422,0.5776173,0.34184712,0.34607303,0.6019236,0.21481782,0.32715356,0.5402107,0.2562697,0.51327306,0.20134157,0.5175322,0.7568823,0.7200812,0.5910158,0.45745915,0.72274494,0.8192606,0.36754215,0.42517734,0.26962927,0.82315737,0.6030841,0.5658656,0.35211802,0.042840146,0.43696308,0.5104209,0.91872597,0.46582574,0.6224222,0.44802827,0.59356296,0.26905185,0.23890853,0.58372414,0.23466286,0.8073646,0.3810749,0.5730928,0.34528083,0.5287429,0.2562856,0.5622746,0.6773646,0.1124611,0.3881837,0.21889925,0.3317632,0.28289762,0.58522546,0.42911887,0.3247223,0.37494546,0.3018731,0.72325325,0.10690203,0.72483027,0.5935231,0.24151823,0.24472569,0.23890185,0.33168077,0.82024,0.30310252,0.2166956,0.7156316,0.68337137,0.20706415,0.2521951,0.4521618,0.4606066,0.18175712,0.7634529,0.33024138,0.6194627,0.41469502,0.68488115,0.23230818,0.6260313,0.38216156,0.23669139,0.612711,0.21663895,0.46009734,0.10905782,0.40573302,0.41179532,0.17135525,0.59072685,0.35965663,0.682551,0.7951089,0.11659373,0.5449786,0.32468402,0.332802,0.6043568,0.3916161,0.5886595,0.4825235,0.23157053,0.29578614,0.773811,0.67040634,0.28457388,0.3189907,0.25445133,0.3961162,0.35719913,0.27775377,0.4655003,0.56532234,0.20762369,0.20769072,0.9452322,0.29813746,0.10338001,0.4540862,0.35460305,0.41343087,0.39175507,0.27456975,0.5282252,0.5160464,0.7133832,0.6003798,0.3854695,0.15997483,0.5688892,0.4920923,0.27511042,0.7081512,0.56056964,0.18741432,0.3924259,0.2034541,0.3769548,0.31074458,0.20103872,0.67861164,0.9805956,0.64115393,0.13555941,0.8407417,0.2443808,0.766726,0.6277796,0.35148674,0.60509336,0.83764076,0.5449193,0.37759483,0.53072685,0.24502493,0.09863019,0.08704129,0.63406837,0.18404847,0.68440676
BC2026_Train_0010_S09_20250828_000000_35,0.07957175,0.2979384,0.26014304,0.74994576,0.3298642,0.25163198,0.61518574,0.6242136,0.46235943,0.8148639,0.589012,0.12332061,0.55085933,0.47934675,0.20694563,0.13777587,0.3312289,0.6336732,0.5403047,0.4858026,0.23034416,0.8254868,0.5902363,0.51651937,0.48594657,0.2572398,0.37780815,0.32038254,0.3557449,0.29129943,0.16343907,0.53979886,0.2720639,0.6533177,0.69487596,0.28772166,0.43120962,0.7252774,0.8718078,0.25897324,0.70252395,0.9919872,0.4979508,0.50350416,0.24906588,0.23155028,0.71568453,0.31862962,0.6637349,0.61441505,0.64284235,0.47793162,0.42919895,0.7203051,0.4751581,0.51622045,0.10551417,0.5762274,0.80967474,0.5987005,0.6463468,0.308033,0.42811477,0.3123597,0.4386418,0.7397461,0.54703385,0.6467242,0.09839964,0.34489852,0.21308844,0.54812133,0.14521663,0.48369253,0.7026533,0.5968455,0.16468772,0.09679127,0.8152468,0.4765731,0.08758971,0.17298642,0.17644146,0.6576301,0.3142506,0.40342194,0.57439816,0.91448915,0.18250033,0.12581888,0.85023093,0.73290944,0.10955949,0.28608674,0.7199255,0.6196035,0.7417136,0.5572326,0.69586766,0.08186476,0.16399941,0.14642279,0.6841134,0.33833587,0.6358793,0.688582,0.20218521,0.23006544,0.18020365,0.4675044,0.21193191,0.7365875,0.096067,0.32321477,0.056719147,0.55165553,0.14307448,0.4708146,0.58978844,0.08110733,0.64971244,0.31265426,0.09699381,0.11225319,0.5300101,0.5019676,0.8904636,0.22287644,0.0839673,0.8219335,0.15643317,0.22679576,0.50888157,0.08157423,0.33136237,0.14386511,0.4391016,0.67354023,0.19749103,0.22596917,0.68561506,0.5415479,0.033979587,0.06535584,0.50778484,0.58067,0.062183484,0.63659453,0.34037215,0.84026414,0.29910082,0.9425347,0.1522386,0.63289595,0.23361313,0.33965793,0.46322566,0.14650828,0.56532115,0.35706007,0.9062176,0.16956854,0.22776698,0.34515005,0.08779906,0.97567403,0.91052556,0.042190522,0.36758053,0.3401881,0.4493767,0.7163849,0.12760532,0.28692198,0.44857335,0.4021113,0.100683,0.6159995,0.24146423,0.19421104,0.09304869,0.12269123,0.0851026,0.112675354,0.3737899,0.3482092,0.2203197,0.1318964,0.10322648,0.8659317,0.18372683,0.10892433,0.8529812,0.3741197,0.11039275,0.0767803,0.08650009,0.19943571,0.69363904,0.46322381,0.49520314,0.24853133,0.17484951,0.20787093,0.7832515,0.17453068,0.54193103,0.47352087,0.14404659,0.52324164,0.34790438,0.31101263,0.24351293,0.024992336,0.82079977,0.96920043,0.41653848,0.034946397,0.9401062,0.12312545,0.65987504,0.24822316,0.24110936,0.54687893,0.76400673,0.36813018,0.3457849,0.61012083,0.11648263,0.09826417,0.10847083,0.28937602,0.07983993,0.25316143
BC2026_Train_0010_S09_20250828_000000_40,0.13093486,0.12758568,0.30361167,0.83044004,0.43522817,0.20400319,0.67554843,0.6017994,0.112947375,0.8236455,0.33068424,0.13717471,0.5232857,0.20591083,0.24133167,0.35541356,0.25383973,0.57966244,0.26656052,0.29738346,0.245643,0.5014524,0.50668967,0.9813837,0.20434931,0.29934752,0.34604555,0.39307076,0.5846091,0.67998743,0.34749758,0.80582005,0.70850617,0.5097089,0.72135746,0.3983999,0.25279513,0.5556987,0.90131414,0.39888158,0.88975143,0.6915753,0.20443957,0.7969406,0.36155587,0.34172857,0.122384444,0.43672806,0.86034673,0.8396592,0.8064925,0.19531837,0.21919921,0.91928744,0.6196615,0.49415618,0.13883516,0.6638789,0.92430615,0.4917214,0.6740416,0.22246632,0.2753669,0.16089171,0.61888903,0.65885556,0.52054906,0.43040627,0.27578464,0.5898108,0.16928491,0.27615446,0.102330774,0.36297625,0.7625958,0.9123846,0.2578394,0.055300333,0.75182974,0.42250973,0.048005022,0.111091435,0.09982969,0.7381072,0.11878803,0.34454846,0.22193155,0.56324023,0.049356,0.021761585,0.7900218,0.55611265,0.09993902,0.3890109,0.8126224,0.83928347,0.51186275,0.42390984,0.66289973,0.22832085,0.2740406,0.09718524,0.4398936,0.49172223,0.66234505,0.72493804,0.19097185,0.26875094,0.25775787,0.5138822,0.36419606,0.5394108,0.13118623,0.40297186,0.07973969,0.57267666,0.05224062,0.3599825,0.380495,0.094342545,0.8077427,0.6830219,0.07394585,0.12742583,0.51678014,0.34001338,0.71343815,0.34636265,0.073169336,0.79581153,0.37013757,0.2066096,0.39379907,0.17613283,0.42289895,0.076029,0.9115812,0.75840664,0.35361665,0.38717616,0.34092867,0.307022,0.057792254,0.096949875,0.91460776,0.6078937,0.098768994,0.7429553,0.55843604,0.6756699,0.29914784,0.8401309,0.33089405,0.77849424,0.366387,0.3641438,0.48348486,0.1982063,0.8942344,0.18892622,0.80493826,0.3394307,0.2731743,0.24353616,0.07058209,0.8707715,0.86784095,0.09907614,0.08508888,0.1330373,0.56559116,0.5059012,0.088546865,0.40213817,0.624609,0.5851501,0.14768216,0.34660482,0.27079034,0.31915683,0.09834784,0.2259629,0.068927,0.10339275,0.59861875,0.19471171,0.26131952,0.23631354,0.20964374,0.87303317,0.23390338,0.19734442,0.8320627,0.54498297,0.054327026,0.046857752,0.07653646,0.2611908,0.5753375,0.69664073,0.30954352,0.10780825,0.31079113,0.050915413,0.5852881,0.10105984,0.28276336,0.54603434,0.38652843,0.26731423,0.4191503,0.43883336,0.14707428,0.042573582,0.79989076,0.8409868,0.4466967,0.09753987,0.8559371,0.037193518,0.54803485,0.23237966,0.3599536,0.6186986,0.8615162,0.2569375,0.1586405,0.391194,0.25726542,0.1822666,0.32946873,0.22369765,0.1017106,0.17854157
BC2026_Train_0010_S09_20250828_000000_45,0.10800976,0.22320867,0.44736424,0.9170277,0.52518517,0.29464033,0.23145562,0.35937887,0.31466943,0.7810161,0.46167576,0.22712402,0.11707528,0.21275342,0.16576838,0.18809026,0.39815632,0.7990229,0.21142256,0.29444316,0.2500821,0.115920946,0.6906885,0.5043905,0.53805155,0.43478054,0.5095182,0.57719404,0.63869035,0.6775068,0.1769312,0.8961609,0.6250334,0.8160651,0.70154965,0.5442959,0.43020576,0.5758379,0.6551056,0.71860987,0.683061,0.7687269,0.39053398,0.88269186,0.21949282,0.18823254,0.18783963,0.6725347,0.67814684,0.6614046,0.7070404,0.40182117,0.39852673,0.7021425,0.68291056,0.49363688,0.27340874,0.4015711,0.6746959,0.6001743,0.27260512,0.1696263,0.25583708,0.26369587,0.4856298,0.6731045,0.25455025,0.5659899,0.257596,0.51049435,0.30885217,0.40607107,0.2507109,0.2175396,0.57920575,0.70184433,0.26104614,0.050397024,0.44941318,0.5443752,0.19972113,0.07116193,0.13955748,0.6700113,0.032938417,0.17030029,0.1185552,0.14621866,0.06133067,0.021839168,0.7135972,0.48800775,0.10420269,0.61406994,0.54879504,0.43734002,0.39086688,0.49611872,0.2906843,0.14835522,0.326769,0.15835582,0.38761076,0.333714,0.61824936,0.28334898,0.277035,0.2862041,0.22660092,0.25362426,0.19813347,0.7098551,0.07382959,0.20443866,0.2594138,0.3340795,0.05210598,0.22917634,0.15015598,0.03464392,0.553505,0.316306,0.0906069,0.06323846,0.56071985,0.08194105,0.35154837,0.5518838,0.12362007,0.5958644,0.1417504,0.26104313,0.66223705,0.09093788,0.14040512,0.075314485,0.6105982,0.6248729,0.15610722,0.168134,0.3636495,0.32755715,0.03868233,0.46805573,0.7846626,0.4356001,0.09756583,0.5584103,0.5182229,0.39170098,0.45414948,0.3990609,0.09770629,0.6778749,0.57940376,0.17067263,0.43214077,0.31150895,0.62421405,0.15059288,0.26895157,0.30351073,0.47296238,0.21438974,0.07826531,0.7199216,0.83251846,0.166248,0.038150605,0.24667908,0.21129274,0.23785815,0.16684926,0.20133057,0.3899086,0.28428146,0.09300353,0.30169812,0.3711571,0.19188443,0.40374833,0.370843,0.0519915,0.069456264,0.41019768,0.10223648,0.1470082,0.15712109,0.17141117,0.6213455,0.16429976,0.24421701,0.382667,0.32719672,0.10848725,0.02945375,0.102567255,0.19249478,0.48347044,0.68175066,0.16889054,0.10309295,0.103594676,0.10309321,0.24645734,0.10110277,0.4120953,0.61912656,0.35946277,0.101961136,0.129231,0.31921166,0.20083538,0.07453683,0.79925215,0.9857016,0.3192923,0.12578934,0.5348072,0.051411748,0.3178015,0.07634161,0.2856263,0.3417735,0.6718308,0.45259893,0.25218725,0.53522027,0.17320782,0.063661166,0.097023755,0.6567931,0.1739577,0.22431672
BC2026_Train_0010_S09_20250828_000000_50,0.07540121,0.073497206,0.63407385,0.7571014,0.4400621,0.1601255,0.17301098,0.23108697,0.34644622,0.8882397,0.43278793,0.42197505,0.025064334,0.10696,0.2163026,0.05178319,0.3539707,0.7202122,0.2299491,0.22067171,0.40019748,0.057719544,0.540663,0.5473894,0.31651264,0.15584075,0.14909112,0.46896273,0.27048182,0.32668608,0.055178113,0.68735754,0.7869091,0.5737129,0.6410333,0.39570606,0.60985714,0.6773554,0.34515357,0.7137884,0.75970674,0.525129,0.11686444,0.6518063,0.2086002,0.17709124,0.32690847,0.6680099,0.5324238,0.5124475,0.7443336,0.10603467,0.08686586,0.7856306,0.7396909,0.4428985,0.17535283,0.4289754,0.81844556,0.5866351,0.19523591,0.2474851,0.16612196,0.14577079,0.50629336,0.77532196,0.13737334,0.3909505,0.29926038,0.23846245,0.43678224,0.36389774,0.31670797,0.05956217,0.16095656,0.5384554,0.21676227,0.16837874,0.2949742,0.28585568,0.23201361,0.2193287,0.20808005,0.2974629,0.10343717,0.1772491,0.29567912,0.1550906,0.04481467,0.03680392,0.75718045,0.72095954,0.12426002,0.485964,0.5396813,0.40644896,0.34826404,0.56612605,0.32187217,0.17305088,0.3200125,0.30752465,0.79226923,0.25173402,0.5206133,0.14978115,0.30877954,0.14417768,0.124511905,0.40816313,0.1016355,0.5728429,0.17968342,0.1977903,0.18520978,0.40176594,0.050069682,0.20573947,0.07347208,0.08679201,0.2312536,0.21083732,0.09585926,0.15981951,0.41618413,0.13057652,0.38447154,0.28870612,0.19579932,0.43695712,0.09307715,0.24547145,0.5128162,0.1888504,0.04737419,0.06414523,0.3159455,0.5923603,0.18911034,0.11826256,0.45895302,0.45542705,0.02355342,0.4820023,0.40398353,0.28840172,0.23546487,0.66077304,0.4957892,0.40657628,0.19989252,0.4799752,0.087783754,0.63766325,0.4124539,0.09521395,0.479009,0.12002388,0.36224622,0.19509718,0.24638867,0.2738341,0.22804981,0.519496,0.1472461,0.92722416,0.8148315,0.073412634,0.14740403,0.27720433,0.17296931,0.45398623,0.13660167,0.15115453,0.27264675,0.2040842,0.057207666,0.35978514,0.34424943,0.19795677,0.5302917,0.18078345,0.0337175,0.048187084,0.10089867,0.097163394,0.1555764,0.0470336,0.16584757,0.66295934,0.28217363,0.085395664,0.4060892,0.23823312,0.1378468,0.018206084,0.07470133,0.33636487,0.59343773,0.5350213,0.21182191,0.14558373,0.06836183,0.17319104,0.3300683,0.17320624,0.34881717,0.5411129,0.18061975,0.28827912,0.18901777,0.41425395,0.25737792,0.06060285,0.72747964,0.9910376,0.5336439,0.11778666,0.67208064,0.057374798,0.50475633,0.033908084,0.090909146,0.34711337,0.81474924,0.3454154,0.38364536,0.43665802,0.19790286,0.031877145,0.019446459,0.67444897,0.08473036,0.426588
BC2026_Train_0010_S09_20250828_000000_55,0.19256833,0.5206071,0.46091348,0.715875,0.47384036,0.15488628,0.55727065,0.43746614,0.286152,0.71210194,0.4046908,0.5144193,0.085864335,0.20127496,0.6306931,0.09794958,0.44510975,0.54649127,0.40759313,0.23296726,0.39370763,0.5805336,0.37604183,0.8826523,0.5886704,0.18791258,0.17858675,0.44872776,0.19313449,0.3400665,0.24019593,0.8982049,0.26728737,0.66391194,0.6524379,0.29040515,0.38935596,0.5930259,0.77456796,0.27514243,0.6075176,0.94689834,0.40634674,0.88444126,0.18163916,0.16328214,0.68117446,0.39990452,0.7092874,0.66968596,0.8092515,0.37710747,0.3651123,0.6479896,0.35912496,0.7276604,0.11602217,0.8610389,0.737741,0.27420557,0.4715401,0.38633204,0.17708598,0.383743,0.31980354,0.8311068,0.28284487,0.3691523,0.601496,0.36161596,0.20492701,0.63728595,0.1185637,0.14166975,0.13862847,0.3926823,0.11315808,0.16482452,0.5520251,0.27247238,0.08486007,0.19004798,0.14106117,0.33398372,0.33134502,0.3801423,0.7673825,0.69114506,0.044943795,0.07199968,0.83610135,0.8125224,0.3055567,0.36498088,0.4433182,0.7815205,0.48004696,0.5172511,0.83289146,0.06616195,0.14088774,0.1325711,0.92496514,0.39250487,0.46007317,0.21734497,0.16018233,0.18097436,0.2732622,0.5398643,0.1389534,0.51121014,0.0963362,0.12068321,0.054713797,0.7739272,0.08269803,0.43721324,0.2616793,0.37574667,0.35081124,0.23615387,0.042657085,0.15545167,0.5427156,0.5675237,0.7350111,0.12639362,0.055958085,0.68956184,0.4146853,0.12828377,0.20789555,0.43981004,0.09177312,0.20243248,0.5772759,0.27873024,0.09665108,0.3317023,0.470811,0.6291909,0.032232,0.1309865,0.53791654,0.580967,0.35692084,0.6225463,0.5605,0.68592477,0.08931887,0.9244919,0.09987065,0.39968425,0.26365754,0.24338359,0.29659668,0.05653979,0.48440826,0.10229842,0.99235195,0.19811514,0.07812164,0.46148783,0.06595278,0.91112864,0.84328014,0.0715014,0.3476404,0.4818021,0.3533479,0.65021074,0.07340386,0.22402173,0.53068495,0.28892666,0.15355489,0.22697598,0.22599429,0.19674456,0.24566358,0.36945444,0.05229494,0.025309417,0.09332183,0.35533,0.19856182,0.08860348,0.14004254,0.94244766,0.20549609,0.070551395,0.62027836,0.3970709,0.107381836,0.047740586,0.07542904,0.2166461,0.7320396,0.6615057,0.34010828,0.3735904,0.107619055,0.21596524,0.64789677,0.06962276,0.5494579,0.5124066,0.17677674,0.75218433,0.5562513,0.475619,0.33681613,0.15942225,0.65632164,0.86935127,0.6824957,0.31419384,0.8944609,0.06989309,0.584376,0.107135326,0.21898109,0.5116992,0.72786295,0.08521484,0.12370687,0.3833143,0.27336267,0.1166306,0.05439341,0.31516647,0.18516266,0.42464942
BC2026_Train_0010_S09_20250828_000000_60,0.22881508,0.15677944,0.6025764,0.7247708,0.59187084,0.29808396,0.8181541,0.37101352,0.37449077,0.9840019,0.21615043,0.6549823,0.17938009,0.55913955,0.64982796,0.27956682,0.3410794,0.8835833,0.464405,0.24068773,0.19265208,0.7039594,0.67609215,0.8236476,0.31036878,0.407143,0.72394854,0.46479183,0.6647252,0.2532608,0.6140429,0.7117753,0.32798576,0.7752172,0.6274942,0.12102103,0.35836214,0.46467936,0.5657444,0.42143697,0.6301572,0.8773877,0.21928526,0.67833865,0.29035395,0.2806272,0.8459733,0.623054,0.5495047,0.500828,0.6196706,0.23814091,0.22725792,0.6637764,0.59621704,0.67037594,0.16771415,0.94543314,0.93316245,0.4066667,0.2782829,0.10949239,0.51780987,0.40302926,0.4537111,0.9138992,0.45266166,0.5209007,0.56382835,0.6417904,0.3459825,0.74546385,0.124662995,0.6484468,0.44721165,0.46004814,0.12850884,0.43181086,0.44227856,0.19334602,0.15616724,0.43465233,0.14717177,0.28996935,0.1410802,0.23881191,0.827845,0.91518855,0.14607541,0.27415633,0.5045364,0.83683383,0.07817142,0.300196,0.77699625,0.9045937,0.21036197,0.48978576,0.972677,0.07608984,0.21052524,0.25034928,0.590377,0.64980507,0.47781134,0.6391568,0.38920397,0.5183381,0.44276875,0.68709886,0.5731771,0.28641084,0.07482054,0.17641959,0.07057355,0.8823854,0.12194196,0.19176334,0.4384634,0.49251664,0.57553387,0.34446794,0.09980959,0.19438666,0.31143922,0.59756595,0.7379509,0.2922492,0.06430709,0.6410636,0.5242958,0.31585997,0.28461695,0.5367885,0.38321173,0.10940708,0.8085964,0.21457207,0.2427125,0.19052544,0.36988288,0.6720705,0.051291756,0.16185811,0.76169443,0.6070127,0.1664876,0.84412354,0.41956335,0.78248036,0.1499356,0.9318572,0.4416571,0.23575708,0.47507295,0.32615834,0.25729832,0.05808292,0.34746432,0.29414913,0.65742266,0.3962229,0.04028146,0.19993666,0.17433858,0.8021964,0.763705,0.13452332,0.36307436,0.24133602,0.49858147,0.3856331,0.12146455,0.21977654,0.7116645,0.21854827,0.108702704,0.3990614,0.37953418,0.25365964,0.13143247,0.39049625,0.123085625,0.027796915,0.13581483,0.5275785,0.4789548,0.3150585,0.09656167,0.9834378,0.468577,0.10742447,0.75133574,0.47589213,0.18564832,0.12500209,0.30409738,0.37832755,0.6219822,0.8559681,0.24992415,0.3899079,0.45446438,0.13176,0.5050845,0.051331833,0.3816635,0.3520679,0.6340177,0.9039438,0.55109036,0.3679921,0.64515936,0.0504475,0.7645652,0.95090365,0.3689828,0.2209979,0.9735249,0.13308147,0.66321385,0.1237741,0.3145321,0.71149266,0.4509638,0.08462812,0.19593123,0.6457547,0.44236043,0.16063854,0.10399042,0.38361645,0.07578671,0.26752648
