row_id,1161364,116570,1176823,1491113,1595929,209233,22930,22956,22961,22967,22973,22983,22985,23150,23154,23158,23176,23724,24279,24285,24287,24321,244024,25073,25092,25214,326272,41970,43435,47144,47158son01,47158son02,47158son03,47158son04,47158son05,47158son06,47158son07,47158son08,47158son09,47158son10,47158son11,47158son12,47158son13,47158son14,47158son15,47158son16,47158son17,47158son18,47158son19,47158son20,47158son21,47158son22,47158son23,47158son24,47158son25,476521,516975,517063,555123,555145,555146,64898,65377,65380,66971,67107,67252,70711,738183,74113,74580,760266,ashgre1,astcra1,bafcur1,baffal1,banana,barant1,batbel1,baymac,bbwduc,bcwfin2,bkcdon,bkhpar,blchaw1,blheag1,blttit1,bncfly,bobfly1,brcmar1,brnowl,bucmot4,bucpar,bufpar,bunibi1,burowl,camfli1,chacha1,chbmoc1,chobla1,chvcon1,cibspi1,coffal1,compau,compot1,crbthr1,crebec1,dwatin1,epaori4,eulfly1,fabwre1,fepowl,ficman1,flawar1,fotfly,fusfly1,gilhum1,giwrai1,glteme1,grasal3,greani1,greant1,greela,grekis,grepot1,gretho2,greyel,grfdov1,grhtan1,gycwor1,horscr1,houspa,hyamac1,larela1,lesela1,lesgrf1,limpki,linwoo1,litcuc2,litnig1,mabpar,magant1,magtan2,masgna1,nacnig1,ocecra1,oliwoo1,orbtro3,orwpar,osprey,pabspi1,palhor3,paltan1,phecuc1,picpig2,pirfly1,plasla1,platyr1,plcjay1,pluibi1,purjay1,pvttyr1,ragmac1,rebscy1,recfin1,redjun,relser1,rinkin1,rivwar1,roahaw,rubthr1,rufcac2,rufcas2,rufgna3,rufhor2,rufnig1,ruftho1,ruftof1,rumfly1,ruther1,rutjac1,sabspa1,saffin,saytan1,scadov1,schpar1,scther1,shcfly1,shshaw,shtnig1,sibtan2,smbani,smbtin1,sobcac1,sobtyr1,socfly1,sofspi1,souant1,soulap1,souscr1,spbant3,spispi1,sptnig1,squcuc1,stbwoo2,strcuc1,strher2,strowl1,swthum1,swtman1,tattin1,thlwre1,toctou1,trokin,trsowl,undtin1,varant1,watjac1,wesfie1,wfwduc1,whbant2,whbwar2,whiwoo1,whlspi1,whnjay1,whtdov,whwpic1,y00678,yebcar,yebela1,yecmac,yecpar,yehcar1,yeofly1
BC2026_Train_0001_S08_20250606_030007_5,0.79050875,0.8327168,0.6469275,0.6067979,0.761402,0.48464727,0.2768848,0.78969216,0.91719866,0.30106565,0.60558915,0.6501714,0.9064337,0.61928093,0.32829475,0.40332448,0.758237,0.65628016,0.6213819,0.8388715,0.87718177,0.642412,0.8122121,0.6923314,0.8776883,0.6047073,0.428277,0.83969235,0.17935109,0.13659067,0.71076465,0.66924953,0.78087455,0.74915504,0.74919814,0.68464214,0.6821928,0.7367731,0.8362867,0.9320141,0.75047433,0.80253154,0.8056841,0.64239436,0.6774169,0.7027435,0.84412324,0.82863384,0.7508811,0.75226045,0.7872282,0.91956526,0.7472928,0.6575067,0.8810773,0.4496164,0.25559908,0.72701156,0.649315,0.89185476,0.9744896,0.69431627,0.8273208,0.9241636,0.89839894,0.84699917,0.6903851,0.92549694,0.14375116,0.15759668,0.5552276,0.20182937,0.13174437,0.61409485,0.14382327,0.1941047,0.05580342,0.36276555,0.88047945,0.28027266,0.691051,0.37388352,0.42073202,0.39803767,0.522663,0.4297284,0.27574897,0.45930392,0.13856749,0.65050834,0.8872491,0.5934504,0.5948789,0.07055977,0.3062502,0.18799147,0.53116035,0.17313015,0.44906455,0.6728875,0.344719,0.5859708,0.4289829,0.8445008,0.8835633,0.4067734,0.3507582,0.7874646,0.30992186,0.40907943,0.3474086,0.8782768,0.74015033,0.2315422,0.5558225,0.46423626,0.24357647,0.22166495,0.023914251,0.40888214,0.24993238,0.6763394,0.6040712,0.3773411,0.8418722,0.71488076,0.86569685,0.38794446,0.3546726,0.020492084,0.13738918,0.22808087,0.5450729,0.34136122,0.784472,0.77285564,0.1780082,0.40583944,0.36615935,0.30058607,0.061855294,0.057071652,0.36947072,0.27550238,0.79064065,0.9871875,0.3142873,0.21579853,0.05540847,0.6319947,0.7098994,0.6657047,0.65500194,0.5961707,0.028740335,0.4053521,0.06076996,0.54232764,0.18695992,0.34815496,0.3790565,0.3866406,0.6749257,0.46766037,0.30827582,0.53058594,0.3491826,0.2936792,0.13691333,0.2738998,0.35804367,0.46561193,0.5186118,0.26109016,0.22530955,0.90629774,0.5588575,0.28288436,0.42292655,0.44998705,0.823918,0.22422087,0.17857763,0.15222162,0.213552,0.1162415,0.34321147,0.5382183,0.7160773,0.7458546,0.54710066,0.6718819,0.75722516,0.22863337,0.26857606,0.19964126,0.333,0.43295115,0.5096009,0.25630412,0.4313373,0.6748785,0.5693483,0.27792504,0.434279,0.9256363,0.4017597,0.853168,0.686652,0.18142167,0.4045952,0.45241636,0.47226697,0.05266075,0.89913404,0.6606097,0.13509282,0.40486062,0.75184846,0.34341133,0.24126646,0.34842667,0.36938167,0.3370151,0.0520735,0.29689825,0.8405765,0.08497076,0.32342917,0.83462644,0.52461666,0.24827649,0.5028277,0.57694304
BC2026_Train_0001_S08_20250606_030007_10,0.83794737,0.89859915,0.521088,0.8099076,0.84910715,0.6640533,0.36662686,0.92911804,0.8321642,0.597335,0.90397704,0.42375517,0.97388387,0.81411374,0.25188172,0.4730527,0.669369,0.8873316,0.5419755,0.8425244,0.88480103,0.71032006,0.7981103,0.9112983,0.9125595,0.59604776,0.4650641,0.94629425,0.47339046,0.3139845,0.8899301,0.88181734,0.8599043,0.957316,0.8520945,0.9216045,0.8582697,0.9149284,0.9018477,0.9694537,0.9210489,0.9737297,0.92680335,0.88309467,0.81619513,0.8374536,0.96386,0.84503025,0.8609228,0.80401754,0.9348397,0.9662795,0.927454,0.83485377,0.94509256,0.51522243,0.46974087,0.7839294,0.6613517,0.9559767,0.9911793,0.8906629,0.9763957,0.8871155,0.9709916,0.90288174,0.8137945,0.9123801,0.25387684,0.26418743,0.54026234,0.7260779,0.23960617,0.5936226,0.19881707,0.27781135,0.1949179,0.19651845,0.9555068,0.34260577,0.7095398,0.2896584,0.42122847,0.5118841,0.40385038,0.5719499,0.6117619,0.36835223,0.41723,0.5964517,0.9408894,0.68031037,0.67058957,0.20039824,0.51418173,0.509457,0.31276578,0.12207265,0.10577276,0.28140193,0.26551792,0.36913896,0.5601535,0.9814963,0.9206583,0.3385507,0.3139242,0.9273242,0.17446658,0.51204354,0.41802922,0.9277465,0.7902999,0.46767765,0.32106876,0.21746956,0.66165304,0.40972644,0.07632544,0.2517705,0.24875388,0.5908904,0.30152094,0.24829273,0.9422268,0.62350345,0.8209032,0.42349738,0.50255287,0.045284774,0.13429567,0.31446534,0.6654872,0.4067694,0.721521,0.46290934,0.30321285,0.31080872,0.15867907,0.33620512,0.11289041,0.074533686,0.34108686,0.13494682,0.8343961,0.91734487,0.54057497,0.16337061,0.17436248,0.4642707,0.4169991,0.46268934,0.21861918,0.9319726,0.07762027,0.4804148,0.094282016,0.53881776,0.39961272,0.33645165,0.23882349,0.30646658,0.59344965,0.8077074,0.37303734,0.36561584,0.19215518,0.37041777,0.16707891,0.42002934,0.31243125,0.20632893,0.6106909,0.39375898,0.05925242,0.9361519,0.46844047,0.392843,0.47740805,0.5558131,0.6461109,0.17719069,0.39367136,0.10649957,0.19392076,0.119480684,0.3264249,0.63564265,0.8808547,0.8724352,0.41445398,0.6118218,0.8205252,0.19247575,0.25533175,0.14998099,0.20408127,0.7349576,0.35899186,0.4656613,0.9137615,0.5600896,0.55000496,0.38726467,0.5103883,0.95037186,0.4973365,0.95915437,0.4840132,0.3935204,0.72864723,0.27567416,0.574691,0.08005263,0.9985139,0.72186315,0.34886336,0.3420986,0.79991615,0.45113856,0.26657808,0.5200215,0.16032735,0.26990917,0.1307005,0.24730995,0.89873695,0.21841338,0.077139094,0.6227245,0.47254705,0.1560874,0.68536806,0.5585129
BC2026_Train_0001_S08_20250606_030007_15,0.81590617,0.80619776,0.5909447,0.5761715,0.82635176,0.5450834,0.2253661,0.9011532,0.8612405,0.4747882,0.63099813,0.3971423,0.8757597,0.6007134,0.2050311,0.5800919,0.7606511,0.7666527,0.4468118,0.8105943,0.87656933,0.4207662,0.9562354,0.6910065,0.8794334,0.7180202,0.63018763,0.900888,0.39087093,0.40306497,0.7100687,0.62946564,0.573508,0.7070676,0.6588452,0.7493377,0.6919441,0.6770725,0.7187723,0.7586553,0.73564994,0.6823811,0.7382072,0.635617,0.56586426,0.593706,0.7557637,0.60745716,0.63343024,0.5521122,0.7712541,0.80519176,0.7061385,0.55294687,0.7903439,0.53785825,0.3403315,0.5889294,0.42570502,0.93023026,0.9708426,0.8522012,0.97175276,0.8626145,0.90429914,0.7048847,0.7989037,0.90258086,0.42484343,0.19453874,0.4285218,0.76911235,0.09440973,0.61928046,0.08436582,0.46047503,0.13208947,0.25790638,0.9155693,0.2180373,0.60880196,0.1974071,0.3773088,0.46191293,0.33398953,0.6306764,0.5043725,0.5380255,0.23266086,0.5375628,0.89951265,0.57009906,0.5102122,0.2511515,0.31492424,0.4307432,0.27583465,0.056140184,0.15960652,0.29687464,0.41622955,0.47532484,0.3241202,0.83023727,0.91448563,0.5162699,0.421122,0.9287514,0.15735316,0.47305542,0.5979691,0.9288473,0.64270425,0.35257977,0.34695294,0.25746813,0.55992573,0.16759819,0.19054356,0.32261592,0.19891018,0.584375,0.3071561,0.2187747,0.931075,0.6017853,0.8281105,0.3101421,0.497568,0.063602254,0.09643717,0.2220558,0.41726154,0.34212917,0.6055084,0.6523299,0.31794333,0.33452725,0.14880174,0.46646208,0.18250811,0.05634129,0.258628,0.2731996,0.6660644,0.9381105,0.54028666,0.07495642,0.149648,0.24779448,0.31859982,0.38416052,0.14568937,0.86883366,0.04513917,0.46141583,0.033389978,0.6388426,0.4050635,0.21856435,0.18375483,0.3081832,0.55325174,0.7632077,0.3083409,0.41213563,0.28062654,0.26178557,0.47250766,0.37730873,0.446566,0.14192238,0.60712093,0.6090151,0.026740588,0.8921735,0.48883864,0.55025095,0.34886354,0.48796493,0.56601495,0.19040419,0.18117991,0.16980508,0.2521383,0.33655888,0.14868295,0.46783045,0.74415493,0.8250075,0.3586892,0.4138379,0.59578615,0.18758515,0.11801906,0.16517615,0.118778445,0.7333865,0.31928623,0.39635307,0.84971356,0.6310408,0.5740371,0.54489577,0.532871,0.94150186,0.28272766,0.8445266,0.54257494,0.56382656,0.761747,0.22825813,0.45528734,0.14935274,0.97203976,0.60011494,0.5032091,0.40078527,0.8113761,0.5369844,0.22267264,0.60533,0.13006462,0.05882652,0.12327276,0.17644387,0.94258404,0.13767633,0.0835986,0.68975383,0.43356204,0.11419745,0.52526367,0.32061893
BC2026_Train_0001_S08_20250606_030007_20,0.8731818,0.8015892,0.70113075,0.5625387,0.7986568,0.5706545,0.15451539,0.9066707,0.8416656,0.32708448,0.522581,0.63560057,0.896767,0.56087446,0.13322768,0.415753,0.8713285,0.42835677,0.5533271,0.9059385,0.92952776,0.5319043,0.92128575,0.60873765,0.9166766,0.78438735,0.3491398,0.888131,0.3844769,0.2760409,0.6405914,0.49363315,0.6047461,0.63575345,0.63130474,0.5938078,0.55879915,0.5991472,0.6848289,0.7678776,0.64962924,0.7022354,0.6892458,0.47027075,0.5028076,0.5563007,0.6792191,0.61131114,0.57929885,0.5432371,0.69199014,0.7670843,0.64811116,0.5032843,0.71843374,0.2955556,0.3326931,0.3302355,0.47533244,0.91527164,0.9834256,0.8040471,0.88033676,0.9031712,0.9428191,0.78441954,0.75321555,0.9226878,0.28179067,0.24218284,0.6656796,0.34839296,0.14716041,0.8016492,0.18943393,0.33731622,0.09111208,0.4362105,0.811872,0.27422842,0.5302355,0.42921144,0.5347522,0.41709524,0.6187324,0.575961,0.5479301,0.2948417,0.341572,0.7292371,0.74970007,0.81654525,0.61425495,0.2919176,0.30239084,0.3631603,0.14489149,0.19291908,0.25992316,0.50452375,0.3539275,0.7029942,0.26811832,0.9059042,0.8876878,0.33699816,0.514984,0.928319,0.19827789,0.58788085,0.52045757,0.86182356,0.84006643,0.43960968,0.39643878,0.49956095,0.29674214,0.1656293,0.08015573,0.27237692,0.31804073,0.6876931,0.4993881,0.4376856,0.9072467,0.62683773,0.71505105,0.3641411,0.45912862,0.025206523,0.21782732,0.14127764,0.5297462,0.48540437,0.76027524,0.78283,0.19026929,0.20312634,0.4472704,0.71052945,0.100256644,0.17305648,0.45942742,0.4309354,0.7446952,0.9414068,0.7306807,0.16360024,0.10068497,0.12092525,0.4914061,0.4119077,0.44234657,0.9064735,0.063958146,0.642858,0.04258596,0.6199974,0.3741457,0.45727974,0.41800028,0.58376515,0.6356249,0.7891196,0.37905928,0.46712023,0.24066259,0.4717136,0.48747674,0.518529,0.29298165,0.35389566,0.45520812,0.38363475,0.067092724,0.94785035,0.6274158,0.62963235,0.61496836,0.53790224,0.6478598,0.13865075,0.15451944,0.27184948,0.114776,0.2819779,0.23265299,0.54565287,0.67965174,0.83624053,0.5948843,0.52501106,0.77307427,0.1914428,0.1770432,0.21137823,0.061585568,0.5578439,0.5686714,0.32309365,0.65105903,0.8251771,0.55102694,0.36231297,0.4919722,0.97385573,0.3190368,0.8227514,0.3122769,0.39043397,0.8115864,0.44314533,0.45695662,0.13219544,0.91739535,0.6024441,0.24839336,0.5109266,0.748952,0.49063325,0.13518049,0.3476045,0.23636375,0.06858282,0.1884703,0.23921259,0.7443671,0.049022622,0.21898967,0.757921,0.5332173,0.20392878,0.5615683,0.43757498
BC2026_Train_0001_S08_20250606_030007_25,0.9063542,0.9605722,0.5964173,0.95156074,0.83743954,0.61772573,0.36997306,0.9208274,0.9450314,0.62086654,0.6477355,0.43731317,0.95420766,0.80894065,0.30419075,0.54222506,0.8229891,0.5560242,0.7612783,0.9113734,0.9818171,0.7026009,0.95675874,0.94713366,0.9002837,0.70761013,0.54703367,0.9364408,0.53068334,0.37338698,0.9626925,0.98365355,0.93798745,0.98877203,0.8992152,0.9365471,0.9133562,0.92589605,0.9814358,0.99884075,0.9760262,0.9817416,0.99768746,0.9108417,0.85540867,0.95402265,0.99691355,0.96373916,0.9037477,0.9519508,0.9978493,0.99791205,0.9953201,0.91666615,0.9981274,0.40452492,0.45549348,0.76111287,0.6064789,0.9355685,0.9369079,0.8506291,0.9436199,0.8915462,0.97544515,0.9318061,0.70646274,0.97614485,0.46823782,0.606189,0.70632124,0.32097405,0.3335076,0.59298754,0.39186293,0.396524,0.115849026,0.35774565,0.8078784,0.36685628,0.58356965,0.3234591,0.5531771,0.5676191,0.7022904,0.697955,0.6078137,0.23279873,0.5985057,0.72274023,0.79186356,0.88169897,0.78920776,0.1662877,0.23119763,0.30133313,0.24515477,0.30842787,0.09854756,0.58907866,0.32251596,0.6475326,0.44919384,0.9896021,0.9499693,0.39576995,0.6972047,0.8326504,0.16801795,0.648926,0.67262065,0.8735825,0.88533247,0.4621736,0.3944381,0.52049965,0.3899395,0.36703604,0.096674085,0.38493258,0.47691834,0.71527684,0.6595193,0.32933646,0.9590235,0.5748106,0.8845587,0.61692935,0.71672547,0.056368086,0.18113157,0.16756421,0.72783124,0.52809834,0.8554784,0.8004253,0.2217564,0.46564972,0.5634464,0.48254764,0.06563496,0.16500458,0.61116445,0.3592865,0.87989247,0.9224876,0.63731086,0.38769114,0.1517979,0.2046983,0.6754972,0.69242334,0.6015345,0.9521481,0.20857757,0.77681375,0.19068837,0.8273704,0.42491102,0.43856347,0.51714903,0.64343286,0.8419344,0.85274434,0.49275434,0.32056364,0.24995807,0.42084768,0.5241921,0.49902487,0.4188016,0.3444606,0.4762359,0.42365682,0.090908095,0.9877881,0.71376795,0.6512488,0.79305184,0.62995744,0.61003995,0.13188902,0.19114679,0.28205767,0.11032058,0.29327387,0.38300538,0.629308,0.8091668,0.84455776,0.6559979,0.56909573,0.922019,0.2993608,0.25751105,0.3231461,0.13359815,0.7583034,0.58405924,0.58228385,0.8472553,0.82564926,0.66037524,0.33680218,0.75584006,0.9543145,0.43944845,0.9399297,0.24590601,0.5563072,0.7737893,0.66967714,0.40571767,0.20426792,0.98228085,0.76034105,0.25900003,0.51967,0.82309735,0.43533915,0.3659923,0.48048505,0.18857378,0.30888999,0.12911576,0.36969748,0.8130208,0.0872682,0.17995071,0.8047646,0.72585845,0.29287708,0.73050463,0.70435655
BC2026_Train_0001_S08_20250606_030007_30,0.82174456,0.8635328,0.72259986,0.7567934,0.81567645,0.5790014,0.616832,0.9344312,0.98537946,0.68849087,0.8341528,0.3974836,0.8943546,0.77350736,0.40914214,0.70400727,0.7951107,0.5686906,0.61018634,0.93131554,0.91833925,0.62300086,0.77404046,0.8849306,0.90308684,0.861717,0.76516354,0.9401706,0.44547492,0.48931468,0.8795532,0.77270997,0.7798878,0.88574016,0.91744506,0.8276255,0.8160331,0.7790525,0.8417784,0.9375366,0.83132195,0.865319,0.8604255,0.81216085,0.74651265,0.785537,0.8802935,0.8442143,0.8404367,0.8241881,0.8803959,0.90171874,0.8449281,0.7854042,0.8517988,0.51281,0.48740208,0.5970201,0.5487665,0.8754287,0.90595806,0.9126711,0.9667082,0.85092443,0.95420396,0.91308117,0.8481096,0.9560855,0.41671264,0.59506106,0.69391394,0.27894405,0.35291666,0.7547828,0.44793624,0.3826831,0.15492742,0.4719011,0.89659774,0.27490333,0.7122103,0.27816823,0.5534169,0.71373594,0.5855554,0.7296387,0.65219516,0.5360782,0.4154659,0.654621,0.8362113,0.8048955,0.78578186,0.2979403,0.39229548,0.26589772,0.5972709,0.1408922,0.20218197,0.6442892,0.4269951,0.6661737,0.37914526,0.8693031,0.9668193,0.5592265,0.5807061,0.9246644,0.27742133,0.61724436,0.62046945,0.91705966,0.8388412,0.5878901,0.6113869,0.3593385,0.68048453,0.2794483,0.16749161,0.53493536,0.42486382,0.64207697,0.52084476,0.46232295,0.89573264,0.6801578,0.891808,0.70667934,0.5232254,0.12347329,0.18577385,0.21242511,0.5790207,0.38841945,0.7472317,0.7794839,0.30918768,0.65690005,0.28576022,0.41856152,0.15488315,0.13295208,0.74735105,0.24217665,0.795079,0.912315,0.696406,0.2177043,0.370386,0.55790734,0.72103083,0.6931275,0.35993564,0.8862574,0.27294853,0.57027936,0.20646542,0.77776885,0.3531363,0.40979052,0.5570736,0.56011844,0.83473456,0.77646554,0.6947104,0.75171983,0.18975227,0.46400145,0.5891634,0.5880052,0.59009385,0.2292206,0.6680125,0.48372042,0.27445832,0.93926775,0.77194786,0.4506282,0.7847786,0.58397305,0.8892714,0.33581215,0.23444524,0.23766205,0.2235972,0.39663696,0.41443485,0.66211987,0.7915987,0.82198465,0.643317,0.5714682,0.7515812,0.30767208,0.33589113,0.26324654,0.3506687,0.8114265,0.5773213,0.48194885,0.84325635,0.8010249,0.6623311,0.38343596,0.6225043,0.9071467,0.34675395,0.9248796,0.4159385,0.5653547,0.67553395,0.4575858,0.7433245,0.1468338,0.9425913,0.6825366,0.40820336,0.4008041,0.7541473,0.6098107,0.5460079,0.61393535,0.4764974,0.45743644,0.092474446,0.4742603,0.9236187,0.23013282,0.29147243,0.8757391,0.71499896,0.2392762,0.8915492,0.7458433
BC2026_Train_0001_S08_20250606_030007_35,0.8216857,0.91830826,0.6621618,0.79179806,0.877399,0.5608642,0.8749469,0.97197294,0.9963061,0.8249625,0.97081447,0.64899755,0.9173615,0.79387176,0.62584615,0.5533174,0.8832681,0.7518697,0.70938814,0.89060414,0.9745844,0.69208384,0.91908956,0.87474877,0.90104336,0.8928134,0.79413843,0.92081964,0.34923595,0.5548496,0.89288116,0.9036969,0.913605,0.9400481,0.9341576,0.86787164,0.8673976,0.92644197,0.88786876,0.9885149,0.8832224,0.91824406,0.9685714,0.8713349,0.8636436,0.86817586,0.9758652,0.92695296,0.89309883,0.8693801,0.979967,0.9777564,0.9466262,0.85215276,0.97403276,0.73216486,0.4221725,0.7555497,0.59284985,0.9587375,0.9894484,0.8794895,0.9281765,0.97880006,0.9851413,0.9542148,0.9083222,0.925303,0.28419948,0.33943892,0.44695812,0.19296974,0.16022152,0.94536865,0.5340835,0.3184287,0.055766106,0.23689586,0.9430077,0.20828456,0.5992931,0.19197552,0.5815941,0.56085914,0.5122535,0.5079514,0.47309303,0.42908788,0.25240913,0.49693173,0.85777354,0.79944515,0.74847186,0.13370058,0.23123819,0.39799643,0.5259101,0.19488883,0.34451717,0.5279008,0.21860823,0.60194045,0.33096123,0.93478525,0.978199,0.36971545,0.40190297,0.9716,0.31962705,0.2283556,0.40978694,0.9613036,0.80608773,0.40176696,0.78079534,0.21579765,0.5689944,0.4491906,0.05759708,0.48669416,0.32411557,0.5307652,0.35881972,0.45887423,0.86009884,0.6723801,0.77692604,0.56866634,0.263402,0.115768656,0.18336105,0.45709515,0.54943484,0.42391697,0.7984654,0.8136872,0.45855993,0.5777728,0.28743738,0.6103505,0.10159592,0.10067281,0.55680513,0.18856588,0.96035945,0.91065407,0.3478126,0.15253451,0.17304975,0.48343235,0.75302875,0.5584466,0.2849402,0.7021605,0.23824327,0.57647514,0.12110937,0.68236303,0.22338963,0.25892785,0.72389996,0.46485484,0.7678883,0.68547183,0.4329638,0.9496027,0.27407494,0.2543245,0.3489837,0.28060818,0.27412707,0.2209494,0.48708713,0.33329678,0.13684464,0.9396194,0.59145284,0.39144433,0.5762091,0.4861135,0.57329553,0.42298466,0.18287638,0.21307752,0.17727602,0.17595848,0.21989621,0.520212,0.52620196,0.88043654,0.51163334,0.58583933,0.8351879,0.23850772,0.18837678,0.20765948,0.16641197,0.61636764,0.43555444,0.5210304,0.48079085,0.64960194,0.7388526,0.12792486,0.29145098,0.90737784,0.27547324,0.93812907,0.25675467,0.29618925,0.45691967,0.27814794,0.7300006,0.18463886,0.9917823,0.6448149,0.18280342,0.4395263,0.47818705,0.44902974,0.26388475,0.53028136,0.45194307,0.14131469,0.07884924,0.22929245,0.8308226,0.30705884,0.10862535,0.71789896,0.8089458,0.12459166,0.9035729,0.55982244
BC2026_Train_0001_S08_20250606_030007_40,0.8803948,0.89921415,0.6754204,0.8283949,0.91240203,0.741959,0.48281217,0.860167,0.76230776,0.7498436,0.77504873,0.51401824,0.8414072,0.800148,0.66678905,0.5985322,0.92755055,0.90676385,0.73013246,0.9266546,0.9710381,0.7333235,0.94172496,0.89261883,0.9874921,0.8512445,0.5456064,0.9511074,0.4934656,0.47881198,0.9292824,0.8827393,0.9128424,0.9319242,0.9337458,0.8705019,0.84020126,0.9005227,0.9422163,0.98346025,0.89110065,0.9075085,0.9783969,0.8475434,0.8648263,0.9023847,0.9501778,0.9710381,0.94416404,0.91255033,0.9753136,0.98891604,0.9632979,0.8808818,0.9731029,0.7314167,0.44179314,0.9410572,0.70364344,0.94879836,0.9906564,0.8513173,0.9959278,0.9950612,0.9628894,0.92286515,0.7320445,0.9765402,0.2967171,0.48985773,0.55686617,0.31577885,0.12655728,0.7718222,0.38863838,0.27353862,0.0766982,0.1849882,0.90797424,0.1770384,0.7068707,0.3652957,0.5182756,0.5567159,0.53995484,0.5858995,0.40437716,0.25011942,0.21601969,0.40642685,0.87170184,0.6272911,0.695714,0.1241073,0.43832266,0.32578075,0.29163492,0.23134738,0.21707967,0.304552,0.3234104,0.49314588,0.39354616,0.9467423,0.94467473,0.2851924,0.38282442,0.9633577,0.20205256,0.21650326,0.33904082,0.9205798,0.80832803,0.3530817,0.5315542,0.2390579,0.42419523,0.25321501,0.07515681,0.3278123,0.2444049,0.58673704,0.352969,0.35249192,0.8795583,0.6537014,0.8134519,0.54340184,0.25300455,0.07418214,0.16356441,0.459252,0.4767474,0.43008935,0.84684587,0.81780386,0.40547824,0.29624566,0.25031006,0.45900553,0.17715317,0.06535083,0.33396626,0.25025284,0.8627652,0.88174605,0.36407328,0.21737029,0.20639539,0.40853453,0.55847895,0.39072272,0.37079853,0.9122752,0.2399064,0.51920277,0.08309844,0.64205813,0.096066505,0.30845752,0.5939116,0.28862822,0.7261766,0.6565938,0.40399578,0.81925184,0.19666412,0.3043589,0.3356436,0.31620288,0.241366,0.19104439,0.357583,0.35625768,0.11550994,0.8843969,0.6008193,0.33044487,0.637761,0.45503265,0.62382317,0.14466348,0.2002101,0.16762099,0.19274092,0.13889526,0.27238315,0.4455641,0.72246027,0.8329741,0.43943718,0.55170465,0.6271403,0.11706273,0.10733865,0.23480678,0.12579313,0.53603673,0.28268933,0.42942536,0.5236091,0.50278085,0.69326806,0.16659361,0.292962,0.96062493,0.4995776,0.9564891,0.40641934,0.1656971,0.3246324,0.25119522,0.6525574,0.31350833,0.99138236,0.6417878,0.17882618,0.45761287,0.41565365,0.47913814,0.18433595,0.39406705,0.21280427,0.15814385,0.047821835,0.12742354,0.80221725,0.2112455,0.06629791,0.51973456,0.71743274,0.1739062,0.7921252,0.40545082
BC2026_Train_0001_S08_20250606_030007_45,0.88162315,0.93292975,0.7624521,0.87481284,0.8543536,0.5665713,0.4249559,0.9231435,0.97497404,0.58205736,0.53409827,0.6225573,0.9418049,0.6792681,0.48605484,0.73546016,0.85379744,0.8220371,0.7197336,0.93625903,0.90324247,0.8013735,0.93756163,0.9145911,0.99314785,0.8291627,0.5203507,0.9192439,0.41584545,0.5912613,0.9215009,0.8193462,0.86602044,0.9217166,0.91259396,0.8807881,0.82505006,0.854064,0.8935493,0.94947684,0.8588412,0.89504695,0.9107995,0.84724116,0.7668619,0.80142134,0.92353594,0.82778406,0.8577213,0.8216069,0.94857764,0.94267905,0.9195441,0.80099165,0.9207519,0.76845205,0.46849573,0.9867122,0.57909477,0.9787797,0.90606534,0.97088134,0.98912156,0.8728564,0.9888725,0.9616611,0.7197219,0.8920716,0.33359528,0.6162815,0.8195437,0.55604315,0.34663296,0.8386798,0.28468558,0.3830557,0.1733593,0.4036926,0.7607713,0.24103977,0.5785005,0.38139617,0.63578284,0.26525652,0.7509693,0.78173125,0.57556677,0.3335657,0.37579507,0.4493968,0.88670635,0.8057035,0.6154419,0.2936237,0.5758327,0.26367915,0.46401152,0.15270977,0.083977014,0.49591792,0.57529247,0.59872246,0.55292165,0.97271717,0.9259745,0.5334575,0.6193373,0.88097364,0.2673123,0.5542616,0.69925725,0.8589705,0.94384253,0.41735023,0.45421505,0.52119213,0.5450387,0.1999946,0.27354735,0.34957874,0.5429291,0.77563274,0.6832136,0.29593238,0.9409957,0.52573544,0.6806551,0.697387,0.6253172,0.1698668,0.36606216,0.4186079,0.5732877,0.50072306,0.86244553,0.7979455,0.5977406,0.5051004,0.465163,0.48331505,0.23922914,0.13430203,0.5334796,0.35800058,0.9288163,0.86889493,0.85968435,0.52584994,0.23519254,0.43076706,0.7230183,0.6263461,0.37988764,0.98156714,0.4003073,0.75933516,0.25428593,0.9244527,0.14799035,0.57550365,0.3108728,0.4530312,0.72430706,0.9239286,0.6582298,0.90472674,0.12807971,0.56551874,0.60158074,0.55661035,0.57794267,0.222709,0.49849612,0.48646772,0.09636581,0.89699626,0.81390107,0.58705044,0.8581927,0.4886946,0.8438276,0.26725113,0.48260254,0.27713275,0.5314546,0.2734924,0.4408154,0.67549264,0.7713752,0.73097456,0.5765417,0.6827959,0.6834508,0.29323897,0.29479843,0.34433722,0.2178525,0.53119516,0.37493464,0.29175532,0.8158999,0.7813628,0.5564306,0.4723228,0.6822865,0.94974613,0.41074985,0.88409483,0.36336327,0.3017942,0.47984228,0.596257,0.52776575,0.25526536,0.9248396,0.77428013,0.46124196,0.5665234,0.69095504,0.5777579,0.36597002,0.553,0.12653893,0.36595523,0.14025742,0.21905276,0.89947957,0.33525008,0.18605082,0.6489947,0.7149613,0.34241223,0.7868551,0.7315655
BC2026_Train_0001_S08_20250606_030007_50,0.8643197,0.8826215,0.48587525,0.69195175,0.8472951,0.577874,0.6802895,0.8847736,0.9854817,0.64850974,0.67273533,0.462452,0.93252814,0.5789323,0.4135887,0.5403974,0.8174955,0.47960833,0.61446583,0.70305824,0.8750912,0.5938473,0.7153375,0.75814223,0.92776394,0.7860806,0.44300622,0.89331865,0.39279217,0.43161935,0.8028208,0.71402705,0.7840123,0.7773875,0.77203715,0.7523134,0.7056449,0.75233966,0.80285215,0.87653047,0.7942167,0.8106844,0.8321106,0.6822469,0.6806524,0.7073988,0.83451927,0.77742064,0.72981834,0.67815113,0.8318266,0.8733108,0.8202384,0.67087305,0.84052694,0.64711607,0.39925396,0.65508515,0.37670976,0.8881536,0.84981817,0.92511463,0.90961206,0.96511734,0.83767736,0.8918706,0.5605308,0.88785386,0.41205925,0.42543054,0.6571316,0.3407657,0.23461866,0.91123295,0.45647538,0.42016447,0.23528022,0.27526283,0.7520335,0.15039273,0.62237406,0.2259624,0.5397859,0.2954762,0.61298263,0.7269242,0.35473305,0.34765834,0.43087035,0.3780735,0.7899474,0.88890874,0.57853186,0.23145293,0.24814206,0.540442,0.473904,0.056083772,0.12623392,0.55971825,0.408086,0.6255183,0.6421172,0.91472805,0.9404256,0.42389214,0.51733744,0.9144435,0.17341235,0.4449486,0.70959544,0.9008941,0.8055506,0.40582657,0.5607234,0.41418564,0.36544544,0.19160852,0.12595735,0.37611938,0.4609672,0.7708206,0.57891566,0.29270357,0.96903646,0.6089518,0.80466366,0.7249495,0.5582973,0.098929524,0.33608902,0.31575084,0.5826074,0.42153776,0.7684736,0.57374537,0.3728211,0.6222081,0.34981704,0.5049804,0.14945929,0.13908693,0.527784,0.27642393,0.94927394,0.8833747,0.64837873,0.37539005,0.14632139,0.4972647,0.6753949,0.6204263,0.21987829,0.8959707,0.37316132,0.64755404,0.1783933,0.7916943,0.33050025,0.44765332,0.2133258,0.29757583,0.79470134,0.82289815,0.5804497,0.55469024,0.25025022,0.3837967,0.5212704,0.43920875,0.5193529,0.16885728,0.5532696,0.52873325,0.060195193,0.94594705,0.6864344,0.5328703,0.7986238,0.6006965,0.72300625,0.51368487,0.31404436,0.18538308,0.40743852,0.3003795,0.39755416,0.5290301,0.6261345,0.86080956,0.38639772,0.68415403,0.80992335,0.34259167,0.2621384,0.32762706,0.18218488,0.63575375,0.40072793,0.4930795,0.7874775,0.75732577,0.6562089,0.41313496,0.635977,0.9250231,0.41143292,0.93977976,0.22340426,0.33944386,0.39103168,0.5559613,0.28990772,0.34039968,0.9570167,0.7033197,0.30056864,0.5862917,0.573491,0.39140743,0.38487178,0.44539434,0.122268125,0.15174666,0.08184785,0.277233,0.79922676,0.18984404,0.09869249,0.6703583,0.6747283,0.30267674,0.7597237,0.8176068
BC2026_Train_0001_S08_20250606_030007_55,0.96677136,0.94197667,0.62451243,0.8851353,0.89461064,0.76524174,0.5403764,0.9585911,0.79676604,0.6041523,0.75423443,0.5396347,0.9655782,0.7429498,0.62317026,0.6533169,0.84208703,0.6499189,0.68540907,0.75609636,0.9516481,0.7023426,0.7517227,0.9307422,0.9541253,0.84605813,0.6846633,0.9397309,0.5021132,0.49791977,0.9361242,0.9043549,0.93415314,0.975973,0.9209007,0.9346336,0.92328763,0.9504671,0.9385487,0.9932718,0.943789,0.94212174,0.982869,0.9123101,0.8650233,0.9579434,0.98139477,0.98199165,0.97454137,0.9238256,0.98873234,0.9936898,0.98026705,0.8923714,0.9930086,0.6974604,0.47802848,0.7119629,0.6477971,0.9354617,0.90716386,0.9469391,0.8389844,0.94265556,0.8629862,0.93751705,0.5400845,0.957273,0.57385576,0.6092015,0.57810265,0.44947082,0.27717686,0.80120933,0.34344387,0.17729089,0.16544504,0.2433792,0.87014216,0.24052313,0.7082753,0.26905406,0.48809397,0.50509775,0.4747566,0.58881533,0.32643163,0.25303656,0.38822305,0.4216806,0.7734945,0.9240022,0.63001645,0.1530971,0.10889027,0.61337185,0.5512019,0.064480096,0.3277629,0.4538079,0.43655896,0.500611,0.4305005,0.90273654,0.9241351,0.32492208,0.6515447,0.95850545,0.26665777,0.33573538,0.6714457,0.93147016,0.88006437,0.4273516,0.39744675,0.32633346,0.52464926,0.2244622,0.14064786,0.4036497,0.2617151,0.66968584,0.44980973,0.3963036,0.9113022,0.7357813,0.86281556,0.6508064,0.37776583,0.05564725,0.33311582,0.46829268,0.50395656,0.51774377,0.77261144,0.7758676,0.19402933,0.32406744,0.34503955,0.3584423,0.09023909,0.14450361,0.43382162,0.2713033,0.8685068,0.94538724,0.62083614,0.23425281,0.06207893,0.48399895,0.68676794,0.55865145,0.26208252,0.93812466,0.19901675,0.69755495,0.10590826,0.7364584,0.16657528,0.44330615,0.34243232,0.2502655,0.74778557,0.6561055,0.6362995,0.8327662,0.29045165,0.4292784,0.5624033,0.51702154,0.6552266,0.20892987,0.37398344,0.533196,0.117963985,0.9829217,0.7622635,0.4691171,0.68719065,0.6231962,0.68493986,0.43401548,0.19071692,0.2327063,0.101069205,0.25032228,0.4833828,0.6393018,0.5324226,0.8527298,0.49315387,0.6321392,0.8306489,0.1277971,0.16418508,0.28308555,0.21029133,0.6995865,0.5051109,0.58431137,0.69315827,0.53715205,0.7257657,0.3733235,0.48448205,0.95906997,0.30942476,0.9852531,0.42208594,0.22492804,0.3277408,0.40727484,0.48551482,0.35224897,0.95895183,0.7372474,0.17526123,0.41225737,0.4346931,0.40773833,0.26663077,0.6096432,0.2756316,0.05008871,0.06131364,0.3138982,0.7299212,0.24580628,0.07068745,0.6602905,0.7357396,0.2873092,0.69565344,0.7239629
BC2026_Train_0001_S08_20250606_030007_60,0.87652874,0.8722642,0.8717489,0.8340639,0.85766613,0.90828437,0.4691571,0.9564093,0.9331621,0.37611836,0.6531619,0.90797085,0.9674218,0.9240355,0.44097537,0.73373806,0.7495264,0.93046665,0.8124615,0.8597971,0.9514135,0.8883525,0.88234544,0.9225714,0.97310865,0.86893755,0.6924113,0.8747736,0.77179396,0.7729157,0.8498969,0.92778504,0.8673878,0.9116864,0.9408245,0.92830765,0.7996006,0.8788362,0.8810979,0.9651675,0.9157237,0.89843583,0.9441545,0.9087287,0.8478292,0.8395506,0.9377296,0.89444256,0.88392913,0.8149059,0.8980789,0.92286336,0.89334315,0.7711545,0.93809605,0.42593968,0.31347322,0.99746114,0.9096968,0.9428594,0.9454733,0.8907862,0.79483724,0.98954,0.99507284,0.89787203,0.66412306,0.94634914,0.3442874,0.78920627,0.4867484,0.8817458,0.32444602,0.7244777,0.22400364,0.15609136,0.089655295,0.446307,0.8898367,0.18851537,0.62517357,0.13295999,0.44010058,0.41933304,0.52843714,0.30714825,0.7140582,0.22550371,0.49032205,0.2914798,0.83190036,0.93719053,0.4459224,0.13109666,0.15432906,0.18826374,0.65324795,0.03160745,0.0724454,0.3547352,0.5382421,0.34618044,0.18582192,0.86392844,0.98015416,0.40000594,0.4925692,0.858173,0.054546252,0.23781423,0.4512136,0.8367713,0.6642349,0.11825992,0.33561814,0.2858679,0.71837187,0.14176933,0.17279592,0.14878316,0.53577626,0.73463,0.21570832,0.31568778,0.91036844,0.7805854,0.9322854,0.48405463,0.49946615,0.14824687,0.63140833,0.48711795,0.41060096,0.255876,0.34991866,0.85483956,0.4021132,0.22258885,0.3295502,0.42416885,0.14927214,0.03571026,0.32036823,0.13528341,0.8879779,0.9717808,0.59620976,0.0393425,0.03858054,0.30758083,0.5271858,0.766073,0.52466375,0.7518897,0.12075928,0.56835294,0.13677433,0.62006325,0.033134915,0.38483846,0.71184176,0.44830287,0.28956395,0.24420059,0.4107685,0.7662876,0.18334387,0.5586481,0.27019477,0.632542,0.50310636,0.078665,0.20657742,0.4300552,0.10394454,0.98686874,0.77137005,0.4915,0.31408304,0.73124266,0.55188733,0.10403317,0.22907011,0.20212537,0.0691422,0.0514715,0.3180431,0.59777117,0.37807155,0.7178616,0.48887718,0.59616506,0.87815523,0.059051916,0.3129273,0.26863104,0.26361895,0.61436725,0.44931775,0.18755934,0.48705086,0.49352384,0.47517705,0.48769483,0.44546217,0.89303815,0.1859772,0.9076181,0.4400652,0.39961603,0.5580045,0.40577847,0.52163374,0.1429722,0.92089915,0.5741861,0.055787414,0.293105,0.42319724,0.32923424,0.33587855,0.47113818,0.23867726,0.059435956,0.100267455,0.30137607,0.5217142,0.20142803,0.15384708,0.71175945,0.46549058,0.53699845,0.53242743,0.3701129
BC2026_Train_0002_S08_20250607_030007_5,0.84982127,0.8777311,0.8029839,0.59465027,0.93254656,0.5658194,0.3789373,0.86205363,0.5552124,0.21500936,0.80089915,0.8475715,0.7468766,0.69860035,0.17975582,0.49148095,0.9710978,0.37765616,0.8316653,0.38140428,0.788769,0.8434417,0.6612336,0.5098909,0.9449328,0.9534614,0.58195066,0.83734643,0.11991061,0.77230704,0.77610004,0.48333475,0.5274177,0.54522514,0.4625706,0.56825626,0.45912296,0.5362274,0.549469,0.59151655,0.56016755,0.5795379,0.62819874,0.5190533,0.40592033,0.4640971,0.6041692,0.44459116,0.4255727,0.45465612,0.72274804,0.73652565,0.5466561,0.5410288,0.63252234,0.7067417,0.54477537,0.33140525,0.6948736,0.80141664,0.71833426,0.9263426,0.82172644,0.9801066,0.7927084,0.9071828,0.4580481,0.81646734,0.10015766,0.50795406,0.75026286,0.39852315,0.11872855,0.66810393,0.3648978,0.23110352,0.4336612,0.16629371,0.033326007,0.16156742,0.70188296,0.12703872,0.54425037,0.506982,0.20378616,0.5914156,0.7898824,0.21881759,0.14132,0.3472005,0.6605698,0.59365505,0.314652,0.03318481,0.06914233,0.604681,0.1721772,0.06694423,0.08901258,0.3837765,0.6607715,0.66050494,0.6368917,0.8388779,0.9266106,0.03788437,0.6698382,0.63717556,0.0669515,0.19342756,0.55095816,0.73340607,0.7917428,0.22218943,0.71294475,0.20192665,0.41970223,0.2739047,0.2976104,0.1838938,0.5791426,0.5063523,0.61079794,0.07098742,0.94739914,0.19102636,0.40500438,0.52873987,0.3300727,0.11936616,0.41394705,0.29802343,0.30464885,0.19557148,0.27100882,0.71341133,0.54565364,0.5587425,0.671429,0.9133485,0.16160828,0.14813338,0.75118816,0.056119423,0.9306519,0.6089759,0.7186171,0.045128286,0.23722288,0.08498437,0.652953,0.33445334,0.1861156,0.4923175,0.07188988,0.37706643,0.06773775,0.48631328,0.11672659,0.5882535,0.3711908,0.3702091,0.3536101,0.89181256,0.50043774,0.7718288,0.05295541,0.112624794,0.7856839,0.44497222,0.012436418,0.42624795,0.48226428,0.68487537,0.18708879,0.7858801,0.8535062,0.64898,0.43631077,0.74269485,0.55564654,0.1883507,0.6891757,0.27292788,0.21512106,0.24513718,0.7087844,0.6766646,0.4121626,0.79604113,0.7544785,0.2248396,0.329565,0.35863754,0.37151593,0.10962967,0.34585434,0.53270656,0.13385165,0.29471081,0.86119103,0.833663,0.58258665,0.48653275,0.72700095,0.5587427,0.63109016,0.91193414,0.062167376,0.16972461,0.31357175,0.14454608,0.32336083,0.6244245,0.9380084,0.71625584,0.2041517,0.633474,0.6566111,0.61279094,0.6564678,0.88236594,0.53792715,0.05542904,0.4416142,0.56644636,0.9189083,0.12685157,0.22600886,0.32574314,0.596568,0.11807917,0.38890624,0.9404428
BC2026_Train_0002_S08_20250607_030007_10,0.9286049,0.9847684,0.91533744,0.83852315,0.9670416,0.81544423,0.58419937,0.8884838,0.7841855,0.43067494,0.87950206,0.9439117,0.79143643,0.90793467,0.5348052,0.5586766,0.9302914,0.82227576,0.75870514,0.6314913,0.92068243,0.7707808,0.8280872,0.8039263,0.9467579,0.97553194,0.8520421,0.9519603,0.6035858,0.83222556,0.94955313,0.77142024,0.82740533,0.82705224,0.7234944,0.85265255,0.76770973,0.79078126,0.8529577,0.85312283,0.857226,0.85986006,0.8877592,0.8428974,0.71666276,0.739583,0.8520386,0.7011665,0.73631513,0.75953555,0.9063829,0.94596076,0.8164959,0.8722287,0.8800024,0.78263795,0.72335744,0.8322204,0.82611716,0.8755802,0.8489735,0.9748474,0.70798504,0.98501444,0.83452237,0.7011961,0.8887812,0.8064323,0.07694842,0.7572526,0.77921915,0.6888702,0.21367106,0.53505695,0.49964023,0.35056853,0.32315117,0.1780394,0.19043556,0.472295,0.770629,0.15435153,0.5769882,0.5400522,0.43655437,0.8390901,0.7139119,0.24200514,0.19890106,0.30533695,0.521432,0.6959845,0.5058689,0.14950651,0.32297796,0.65130675,0.15424782,0.05012495,0.09978984,0.3222497,0.69678116,0.5291699,0.59997946,0.8728267,0.96618074,0.08723907,0.74353695,0.7662008,0.061517,0.350223,0.49194202,0.770738,0.6856617,0.34233785,0.7091998,0.17689997,0.44134617,0.19148341,0.5139088,0.28909755,0.36892867,0.3923757,0.65779877,0.2586716,0.9743597,0.3446561,0.64894295,0.7323427,0.4182148,0.19981143,0.4178574,0.42119902,0.53178144,0.26490074,0.44875437,0.81467044,0.31876773,0.5136334,0.465407,0.7087618,0.30938065,0.21878299,0.74029577,0.15073165,0.90997535,0.69079685,0.816496,0.16186473,0.40973794,0.23492043,0.6703994,0.531649,0.2084659,0.5763908,0.13962291,0.297329,0.13717493,0.8344203,0.19238222,0.64708686,0.13102317,0.45848846,0.56379926,0.92698085,0.7196503,0.57438374,0.056464422,0.20624629,0.7240416,0.6187942,0.058451854,0.2920351,0.6437155,0.5304309,0.19935308,0.8133606,0.7856002,0.66472346,0.4326568,0.74244404,0.6818937,0.2709399,0.59940016,0.41418266,0.12789607,0.32357132,0.86818624,0.7124313,0.5419376,0.7125206,0.61078227,0.20449454,0.40473533,0.2816051,0.27932006,0.20072842,0.3167624,0.70031846,0.11747454,0.32947135,0.8852889,0.5985918,0.7305219,0.36309618,0.5669366,0.61719555,0.75039494,0.9033638,0.13297501,0.5201016,0.35340166,0.4018932,0.74150676,0.58348674,0.95148945,0.5986502,0.34616375,0.50414383,0.5431713,0.506135,0.6058396,0.74785525,0.33242524,0.13591923,0.27922687,0.55805314,0.8956568,0.27225316,0.337854,0.29712832,0.64437306,0.44426113,0.42767832,0.9302571
BC2026_Train_0002_S08_20250607_030007_15,0.9317703,0.89184415,0.64406097,0.94296116,0.90928316,0.87707686,0.6443263,0.6876279,0.7235338,0.36130375,0.8566119,0.782915,0.8642032,0.90373695,0.7011571,0.5655366,0.92631567,0.509932,0.744251,0.78486145,0.91301584,0.54991746,0.8060062,0.87918794,0.93396556,0.9593624,0.821122,0.82029736,0.5327165,0.8350915,0.9987472,0.83998036,0.8131948,0.86585903,0.80490005,0.90571344,0.88395286,0.8858268,0.90403247,0.84790766,0.91727215,0.8938222,0.93107235,0.93519366,0.78224266,0.81317866,0.88372123,0.72964287,0.7985697,0.8247083,0.93057245,0.9168527,0.8987683,0.8970317,0.92189455,0.7540531,0.89812297,0.55296695,0.52804524,0.82573855,0.7234579,0.93506575,0.7213353,0.91455895,0.7666328,0.46686023,0.64272773,0.8370863,0.11235791,0.839748,0.93762714,0.7708956,0.24794322,0.41650498,0.45175785,0.49595073,0.3735975,0.38960308,0.4355277,0.5630864,0.81678224,0.5695957,0.54445815,0.70739144,0.51179767,0.87795097,0.78964925,0.53954947,0.4627578,0.49545777,0.47717595,0.8996923,0.70250773,0.20083871,0.42729127,0.632792,0.32022732,0.085259914,0.20391792,0.29280388,0.9822599,0.4075039,0.7006656,0.9699155,0.8939285,0.16183844,0.94512606,0.6955688,0.15739891,0.7444521,0.54898524,0.6354594,0.9114238,0.6247518,0.77889144,0.46283686,0.5301733,0.11481632,0.27865112,0.36250192,0.2897632,0.3582677,0.7531637,0.28187197,0.8709376,0.3549379,0.68220437,0.65575945,0.5156472,0.2806431,0.22897106,0.37477827,0.7720331,0.44573376,0.5656947,0.6971661,0.109444335,0.61499476,0.555122,0.5674545,0.36992294,0.25134617,0.7595136,0.22678325,0.8345491,0.7817077,0.90368706,0.1785607,0.3204896,0.2754625,0.6406952,0.67324376,0.51008475,0.70835197,0.23572077,0.44287485,0.21907695,0.902912,0.325252,0.71628547,0.30181003,0.72940826,0.67650676,0.9383081,0.8433214,0.89515585,0.075279415,0.34419984,0.8819808,0.7207031,0.21905315,0.36104846,0.65108407,0.7643895,0.3670094,0.8431939,0.8003334,0.80051494,0.6267781,0.6921381,0.7302593,0.48427963,0.77370596,0.78674054,0.30519015,0.40125442,0.8443155,0.68918014,0.83525157,0.66118133,0.49166977,0.33959693,0.43916568,0.3853395,0.4616146,0.4699453,0.41576064,0.7766762,0.2233164,0.40668434,0.9417182,0.61092615,0.75821805,0.6220771,0.6512109,0.70537734,0.7719108,0.91396666,0.3907568,0.49272597,0.54930234,0.49587905,0.7278162,0.5070461,0.92965627,0.588599,0.48981518,0.37732875,0.6859001,0.6528449,0.7991625,0.92771506,0.49326748,0.18361343,0.43111795,0.70995384,0.98041403,0.31702328,0.3272469,0.5116163,0.44420123,0.5248015,0.5666186,0.9553455
BC2026_Train_0002_S08_20250607_030007_20,0.9509413,0.93441415,0.525019,0.7130599,0.91360235,0.81357074,0.50060165,0.55300534,0.8919648,0.3160895,0.8173132,0.77747047,0.71300983,0.6917448,0.42244324,0.6167661,0.88931286,0.49125174,0.6126481,0.55479306,0.9093075,0.5217473,0.60785943,0.5999669,0.87838316,0.9503498,0.7415755,0.87045527,0.18466347,0.7920103,0.84379786,0.61208093,0.63908446,0.67059076,0.5833967,0.7303704,0.64885604,0.6515739,0.6400815,0.66312665,0.6944345,0.7413944,0.7599306,0.68238086,0.6212332,0.658535,0.7155242,0.5583553,0.6188173,0.5964782,0.77533317,0.7775675,0.70629716,0.6406684,0.7395891,0.6972662,0.75416386,0.48772293,0.5217603,0.94524264,0.5878089,0.8570056,0.5165137,0.87282205,0.73695594,0.42152607,0.5106665,0.8336189,0.1615049,0.7870394,0.88604033,0.6159935,0.2302731,0.5343257,0.40415752,0.61029404,0.49826032,0.35925937,0.21122828,0.4928136,0.6722555,0.5971243,0.64326656,0.53109676,0.37362796,0.82853866,0.6411866,0.4316404,0.29068527,0.4149062,0.59832513,0.595538,0.5419003,0.11916153,0.11789667,0.5970434,0.3670737,0.11469768,0.17537409,0.2893184,0.99345994,0.5283022,0.5952892,0.8957627,0.83937484,0.11699429,0.8149973,0.78501976,0.097653255,0.63190603,0.5083029,0.4583094,0.73811114,0.56832665,0.7460891,0.54813147,0.32072967,0.13549706,0.37435806,0.27401447,0.33632678,0.3980577,0.781469,0.3077258,0.8417324,0.34204745,0.45036554,0.5921566,0.63106525,0.1850137,0.31215248,0.33025372,0.75768876,0.3055656,0.6932365,0.90149,0.18682694,0.74751544,0.6706875,0.8129244,0.32863277,0.20515913,0.6908355,0.19110519,0.7356478,0.65249974,0.7812541,0.23588389,0.107250795,0.092484236,0.77824414,0.47910774,0.46927387,0.5527196,0.12636673,0.40419555,0.38132638,0.8181585,0.24517027,0.5697572,0.23012358,0.5272612,0.60602367,0.85944444,0.65884125,0.59939986,0.11636719,0.4634872,0.9271224,0.58998644,0.11017384,0.59339845,0.7543521,0.7801719,0.35076407,0.8591889,0.8068644,0.91084796,0.37427747,0.49665403,0.33865988,0.32455003,0.8217354,0.810575,0.4197914,0.41465467,0.79645205,0.55639684,0.81602585,0.6584306,0.453019,0.19344395,0.441475,0.47485843,0.36045986,0.3270012,0.34563088,0.6875771,0.2171782,0.428334,0.8002722,0.9192573,0.78271353,0.5495118,0.6617826,0.43087953,0.73922443,0.785992,0.29501534,0.3123253,0.5480889,0.40587878,0.3152855,0.6227737,0.8720763,0.5900375,0.5331729,0.41603845,0.87753385,0.5119639,0.6281073,0.9698385,0.35082465,0.2245248,0.47770882,0.6464548,0.9338982,0.20596704,0.17883195,0.5834979,0.48832035,0.33286923,0.32173485,0.91620255
BC2026_Train_0002_S08_20250607_030007_25,0.9637133,0.88962114,0.33576447,0.74682796,0.94248164,0.75914574,0.75087845,0.768559,0.881781,0.39477873,0.73930395,0.56034327,0.73447907,0.8217547,0.2967891,0.7229477,0.8594203,0.4255389,0.8272499,0.6438197,0.88825643,0.8849444,0.8079115,0.6487012,0.8608309,0.8933278,0.8122049,0.7996197,0.11719633,0.6682502,0.8765571,0.692839,0.6804606,0.7486908,0.59573966,0.81536293,0.67862815,0.6725956,0.7390735,0.77687943,0.7543447,0.76082015,0.7512578,0.71768475,0.6394201,0.65605056,0.7408457,0.592508,0.64425623,0.6282997,0.8221273,0.84889984,0.68857706,0.7003561,0.80726004,0.6115415,0.60619885,0.9548373,0.6822077,0.94322085,0.58878887,0.83185637,0.49220458,0.84300625,0.7180326,0.79373914,0.6209548,0.9235759,0.0920434,0.48688048,0.67429316,0.6989335,0.2419344,0.7473942,0.23194173,0.5791443,0.58938515,0.14909682,0.1978414,0.5404549,0.56617486,0.23821685,0.7049855,0.67573,0.31810725,0.82356894,0.7984086,0.43973947,0.300533,0.2836787,0.6426617,0.5565003,0.57784283,0.073437296,0.0568515,0.649415,0.2804014,0.24309942,0.1781643,0.1895945,0.7492659,0.42790085,0.79750526,0.96973574,0.8224764,0.13776046,0.5668651,0.6051671,0.08238635,0.42322016,0.38981247,0.5870249,0.7769542,0.4735352,0.55257666,0.2781273,0.3970521,0.30376622,0.58516717,0.3295133,0.49511474,0.39634544,0.65921736,0.2821894,0.89199364,0.34563416,0.31560355,0.61374676,0.77057576,0.19156972,0.17533407,0.33898008,0.7115718,0.14766246,0.5447456,0.93607485,0.54894894,0.7464942,0.49329293,0.9747069,0.4152823,0.15698802,0.5066532,0.23954369,0.9891197,0.48854807,0.58006465,0.12164003,0.036936395,0.06987754,0.780573,0.17805277,0.38939488,0.5072295,0.069286875,0.32860035,0.20060885,0.77538323,0.10686281,0.5960511,0.2142208,0.24429497,0.5798354,0.82120574,0.5870898,0.5598593,0.123213254,0.65003335,0.85540295,0.4364211,0.093513936,0.43162036,0.6086295,0.5567635,0.4389651,0.79772925,0.613943,0.82176876,0.2515553,0.39297932,0.29201126,0.49404877,0.81492484,0.49294382,0.69370425,0.34298766,0.71243274,0.41199464,0.6975807,0.702626,0.4588511,0.3126437,0.3628738,0.47893304,0.2167334,0.13090068,0.197421,0.6929965,0.13240269,0.33982253,0.650277,0.78341186,0.7538067,0.35753006,0.48152083,0.3186865,0.7257011,0.8216746,0.20255867,0.25264287,0.58502126,0.44321,0.32001895,0.65636504,0.97190773,0.57071614,0.4295119,0.36440808,0.7608136,0.45628697,0.5241455,0.94147223,0.22855607,0.31646663,0.2572152,0.57409495,0.8587543,0.21551207,0.18521973,0.3953597,0.43691635,0.40902942,0.3741523,0.9153938
BC2026_Train_0002_S08_20250607_030007_30,0.93020046,0.9756616,0.36791193,0.9048947,0.9187912,0.58648396,0.7668141,0.64283216,0.89552927,0.47105688,0.8518608,0.71577,0.80399644,0.8967023,0.56413233,0.78339124,0.8714697,0.63878846,0.814643,0.46911633,0.9498557,0.70887804,0.7211077,0.7834257,0.9148668,0.92663604,0.82459724,0.8059665,0.23064812,0.6103434,0.94725996,0.7941537,0.777907,0.8645121,0.7512077,0.8749701,0.7910254,0.8176354,0.8226756,0.77330977,0.8606495,0.90891165,0.8499588,0.8169234,0.73469377,0.7402214,0.8222842,0.65616584,0.77469444,0.7115979,0.91786885,0.8947089,0.83335066,0.82146287,0.8653966,0.59126925,0.7662269,0.842873,0.46583456,0.87162465,0.58150125,0.88419676,0.7598077,0.8543222,0.71751046,0.66707325,0.64058125,0.94065094,0.086676,0.60209703,0.8324986,0.7287545,0.45567447,0.5996177,0.18217215,0.4891932,0.42984694,0.28259337,0.30247477,0.4399091,0.7713784,0.22413638,0.59963673,0.70562416,0.344059,0.83935523,0.7540792,0.30736566,0.42482054,0.5083488,0.46162212,0.86903036,0.46240258,0.07770009,0.104098156,0.6901126,0.24906495,0.16181478,0.34756666,0.33367413,0.85350037,0.5267085,0.7133019,0.9822575,0.882722,0.16292709,0.76893044,0.7647501,0.21493216,0.5925342,0.56487274,0.6607821,0.85113645,0.617733,0.7222636,0.4133736,0.46037656,0.17572021,0.2879169,0.457901,0.42071387,0.5422425,0.71323466,0.337062,0.91954726,0.5654026,0.37316585,0.7103163,0.8229374,0.26263225,0.25575233,0.4884676,0.7005693,0.21517664,0.57844186,0.7885306,0.46195537,0.7499724,0.57229435,0.97126204,0.36977863,0.37812972,0.6593354,0.37666667,0.70360005,0.6838069,0.7045437,0.26483643,0.07037919,0.20365328,0.78424567,0.2902898,0.42340797,0.7091985,0.15562662,0.5896302,0.22880396,0.87991476,0.29411763,0.5723603,0.3402189,0.45298362,0.74311614,0.9671664,0.70688176,0.7084205,0.12675244,0.38006127,0.9151367,0.51208425,0.30539113,0.40680522,0.79443955,0.7082449,0.33905533,0.9239318,0.7895695,0.8605194,0.5603555,0.48293096,0.47791818,0.6503186,0.73015237,0.5618474,0.5509205,0.40803325,0.6414075,0.43081838,0.6691599,0.77402055,0.565169,0.48218176,0.49217737,0.50681615,0.368783,0.2701977,0.2990725,0.8239547,0.14765117,0.2012623,0.91798025,0.67501163,0.7913413,0.48764884,0.6096458,0.64283586,0.8294661,0.7723955,0.21544051,0.401976,0.4758624,0.61752814,0.3727213,0.35658526,0.94263715,0.6899053,0.43070525,0.37824458,0.82175374,0.60510695,0.85331774,0.9739417,0.2756157,0.5000187,0.32001472,0.5213027,0.92183197,0.2750939,0.1953187,0.5351969,0.64124095,0.3410787,0.4316681,0.95478225
BC2026_Train_0002_S08_20250607_030007_35,0.97385156,0.9166893,0.44481802,0.9117284,0.9532144,0.7804978,0.62159157,0.7649272,0.7372019,0.32191432,0.840153,0.80902255,0.6204665,0.89438224,0.4784946,0.76840425,0.9462708,0.5283073,0.6925366,0.51617074,0.94422907,0.6301813,0.7299808,0.8693974,0.9365592,0.9868904,0.6975527,0.90014446,0.1864621,0.72725666,0.98858494,0.83396655,0.8142326,0.8960862,0.8013104,0.9366361,0.8768778,0.88802075,0.8696254,0.82627153,0.8963951,0.9089661,0.9195901,0.8958118,0.84237117,0.8099457,0.8659904,0.7565818,0.82812345,0.81227994,0.9317758,0.9327899,0.8776456,0.9045329,0.9077995,0.82021916,0.857883,0.5389889,0.45345324,0.89125574,0.66419375,0.8998172,0.82214653,0.8462421,0.81812215,0.6577331,0.41410244,0.94915724,0.23840328,0.6857326,0.7923567,0.6534035,0.21917805,0.4170642,0.109050676,0.4194271,0.5306258,0.24388415,0.29042864,0.3900771,0.69849885,0.42599156,0.4513263,0.69624674,0.33268452,0.7978339,0.63548255,0.3890096,0.34208056,0.46866232,0.60219955,0.58364284,0.59654015,0.064931676,0.16008705,0.6805984,0.41253966,0.17781952,0.2977843,0.2253443,0.77324164,0.54643667,0.4212807,0.866858,0.9389581,0.13574433,0.7477373,0.8673396,0.18644619,0.4516621,0.41045868,0.65123117,0.62408614,0.45100486,0.60191417,0.33516383,0.6725583,0.33192188,0.1422591,0.29258695,0.34723395,0.34465325,0.77863073,0.29739958,0.9549211,0.4888762,0.5441903,0.54768205,0.45943034,0.29548758,0.26667368,0.6830485,0.81354165,0.26443622,0.45532525,0.75615156,0.26190308,0.65238106,0.44838512,0.7231175,0.28729457,0.17590475,0.6263225,0.18165079,0.73062056,0.8066255,0.56416285,0.11957626,0.10596454,0.2457974,0.8704066,0.3101013,0.45414656,0.6785112,0.14867216,0.53565216,0.26449192,0.71303236,0.37290838,0.5822049,0.15199922,0.5874454,0.7386886,0.9360387,0.8696102,0.85584295,0.08165463,0.31692588,0.8146595,0.38371593,0.11464554,0.40312123,0.7130772,0.734694,0.34369534,0.88824713,0.8004093,0.7049378,0.67399216,0.57347083,0.27786013,0.41849107,0.76512396,0.8374067,0.4387462,0.33785194,0.7230692,0.49221376,0.53265333,0.6544949,0.36314642,0.26641917,0.37910652,0.2866667,0.24960473,0.5418062,0.34009272,0.776357,0.16512501,0.26712504,0.72281146,0.7032049,0.626827,0.39779687,0.4938447,0.6473012,0.89633334,0.815902,0.20813656,0.44392532,0.40882826,0.42499214,0.55332756,0.38483942,0.908652,0.53240097,0.42824247,0.44924587,0.71841383,0.65825844,0.59862465,0.95037043,0.5298699,0.3033166,0.37331355,0.40134907,0.6678654,0.36846426,0.23314987,0.5056117,0.6029637,0.22870114,0.3433625,0.96878886
BC2026_Train_0002_S08_20250607_030007_40,0.9714519,0.9509336,0.614589,0.9413653,0.95163465,0.7429706,0.74369717,0.8439752,0.90301776,0.27848607,0.7398741,0.66452855,0.68972754,0.96759737,0.43711075,0.7464597,0.956312,0.57814217,0.7931284,0.56989235,0.9149449,0.6550304,0.6981313,0.8831245,0.98213047,0.95811784,0.70469475,0.91531813,0.296927,0.6466385,0.9695679,0.8661324,0.9142132,0.9435848,0.7909333,0.90616,0.8006935,0.91967636,0.89330876,0.8884665,0.9022919,0.9616455,0.954077,0.8678211,0.83337295,0.8415483,0.8768916,0.76648927,0.8463844,0.78039443,0.9674062,0.9501953,0.9625236,0.93156743,0.9401065,0.6881734,0.83249354,0.8918909,0.63553727,0.8934166,0.6737858,0.8689326,0.8526361,0.8501916,0.8710195,0.595471,0.4610218,0.9073571,0.22437505,0.68603194,0.7833016,0.7709229,0.1685367,0.5010272,0.36988991,0.4108557,0.36630702,0.39108205,0.40972704,0.3906966,0.70949006,0.70200837,0.6393218,0.38415062,0.55093825,0.8652457,0.9270271,0.40081358,0.31774735,0.54915917,0.78573275,0.6463716,0.55530834,0.12075784,0.16408709,0.56622183,0.3296606,0.30607557,0.13454325,0.21024351,0.68990123,0.7167008,0.39777923,0.86823845,0.87074715,0.13135257,0.6011997,0.714693,0.16201639,0.3900209,0.5263562,0.53141254,0.79018176,0.29641,0.64698625,0.2549026,0.6348767,0.18384266,0.2566419,0.23582652,0.3888402,0.39141446,0.63162696,0.21761304,0.9553648,0.38409418,0.39926496,0.5742213,0.5038352,0.18331525,0.36440647,0.46677983,0.8206533,0.44256198,0.5387968,0.6942893,0.14477558,0.44894165,0.5766802,0.76095116,0.28898406,0.16883104,0.6737714,0.28154975,0.63107026,0.67236,0.61738235,0.1161966,0.21688515,0.082261816,0.9069463,0.40395677,0.59751827,0.7293766,0.20798965,0.66604245,0.3572423,0.7975097,0.27585936,0.73578846,0.34345552,0.6062331,0.65818584,0.9734932,0.87347734,0.50536764,0.22016719,0.32876787,0.8372345,0.43571693,0.07136429,0.4800619,0.76856637,0.64003384,0.24535602,0.79656196,0.6862153,0.82020426,0.6098938,0.6263839,0.27625388,0.42074132,0.7738491,0.7451273,0.28743362,0.27769083,0.80882156,0.6995146,0.6178735,0.7745786,0.4137897,0.4077627,0.5548562,0.20634258,0.3347085,0.4310877,0.45997447,0.6670306,0.14858447,0.27527905,0.7769059,0.72628605,0.78530765,0.45824715,0.5944064,0.5311378,0.8330619,0.8454659,0.1226881,0.26219314,0.4239277,0.4698226,0.37562585,0.27169323,0.88386285,0.5905298,0.39383084,0.59967846,0.6518452,0.6983583,0.6133791,0.95581186,0.33282423,0.20002845,0.3190217,0.38559633,0.5720933,0.5176177,0.29944897,0.49885613,0.62123203,0.2115126,0.45833424,0.93490016
BC2026_Train_0002_S08_20250607_030007_45,0.9784405,0.99641496,0.71432817,0.8807591,0.95998305,0.87210464,0.7247982,0.7731917,0.8872864,0.40760857,0.6560588,0.92027694,0.8047739,0.9630795,0.7289187,0.8425494,0.9721308,0.81941736,0.7534257,0.52707213,0.825352,0.94454026,0.694932,0.82780194,0.98792756,0.95842457,0.89539135,0.9600718,0.51637125,0.94892526,0.98065937,0.8515129,0.75782955,0.84468627,0.7679595,0.9488933,0.7932639,0.8120487,0.8492812,0.7952011,0.837667,0.8497899,0.89404225,0.84938395,0.68713534,0.76317894,0.8240394,0.7224177,0.8175225,0.7723255,0.8887749,0.8934362,0.864154,0.7696028,0.85710585,0.7842896,0.7064762,0.66863406,0.88179433,0.8596047,0.62275213,0.9341228,0.72417015,0.9198295,0.9444388,0.703318,0.53672343,0.94135773,0.22003435,0.8893958,0.8597863,0.7914487,0.30826795,0.56961817,0.5841979,0.57410014,0.4121133,0.28088143,0.32697964,0.2643398,0.5074724,0.48864567,0.69154155,0.49677223,0.4302619,0.7627593,0.89416075,0.4732425,0.31834686,0.34621298,0.5803053,0.9202281,0.35358417,0.083134845,0.27821466,0.55413955,0.4382255,0.23233166,0.30182844,0.35542077,0.97599304,0.8292265,0.49419358,0.88893986,0.8523432,0.34018773,0.77752995,0.60950017,0.11170967,0.4956077,0.44424862,0.54808766,0.8232323,0.5035683,0.7163465,0.35508054,0.5358778,0.18769725,0.38073492,0.24947882,0.49996114,0.47449505,0.84278715,0.16789219,0.9154419,0.29179132,0.5420543,0.4997759,0.6869137,0.28485495,0.55939156,0.27573836,0.52604485,0.33569363,0.43758014,0.85175323,0.38998026,0.5057173,0.48605645,0.90519893,0.40588498,0.18814483,0.7554349,0.35926533,0.96608067,0.49785078,0.5680414,0.11247589,0.08884984,0.11637014,0.87433326,0.39614987,0.56108606,0.7933333,0.39644998,0.71215385,0.5428506,0.8427937,0.33603784,0.51540154,0.27689195,0.4480297,0.4324963,0.94968045,0.7793002,0.6763989,0.17964432,0.31824714,0.6489029,0.36985326,0.17249167,0.41840756,0.73181355,0.6627269,0.10544217,0.8239018,0.71017754,0.7888204,0.41468507,0.7117907,0.37615424,0.2853599,0.6801777,0.87431985,0.26312515,0.17301741,0.8048464,0.5637791,0.49625856,0.8867791,0.5448709,0.48886442,0.6621114,0.2662756,0.32064527,0.51007426,0.45217866,0.72401094,0.24603435,0.25012523,0.88920087,0.8462968,0.7058474,0.28965342,0.67941344,0.5034484,0.66400385,0.779768,0.28538632,0.24855262,0.48706913,0.23939967,0.5595864,0.44039124,0.86709774,0.52765965,0.3811704,0.5553193,0.5823175,0.48352253,0.7169167,0.9600704,0.35828787,0.12005578,0.4306572,0.24621871,0.58808285,0.23560193,0.37170506,0.37305284,0.5716846,0.1103801,0.22449799,0.9303235
BC2026_Train_0002_S08_20250607_030007_50,0.94520676,0.93224716,0.3877135,0.8006985,0.8966806,0.77916515,0.40316492,0.6758783,0.8322736,0.33799666,0.6335014,0.7674831,0.8445579,0.9045753,0.5907792,0.8498402,0.9573546,0.92011535,0.95615256,0.5978173,0.7853956,0.9819063,0.89156884,0.741458,0.95500743,0.9338452,0.8266855,0.7570785,0.30135536,0.59154195,0.9329,0.7398716,0.7043542,0.79419446,0.6925266,0.8084675,0.6678355,0.7489462,0.79365355,0.7303653,0.81705225,0.8080082,0.8298418,0.7584814,0.6707444,0.70557284,0.74583215,0.691152,0.7038759,0.73793936,0.8534531,0.8458518,0.7626637,0.7515694,0.77865136,0.7320311,0.7492691,0.5979732,0.6025851,0.8589741,0.75813526,0.89098144,0.65905166,0.9155191,0.9092208,0.8304534,0.7407149,0.8684325,0.22294706,0.82761645,0.8293967,0.75727606,0.14202857,0.59529823,0.36090904,0.58860886,0.40432602,0.23104188,0.40189523,0.49266845,0.60826445,0.3492791,0.5937214,0.7786143,0.62410873,0.79878235,0.9389414,0.3453089,0.38591015,0.4698032,0.68903184,0.6903875,0.45050418,0.22279626,0.4771338,0.5207383,0.3471349,0.2567641,0.18950073,0.43433803,0.96629584,0.7620295,0.6980885,0.78066283,0.82513475,0.21472743,0.8946868,0.73993444,0.088188335,0.6154717,0.6012878,0.59992313,0.8953637,0.43387187,0.69198024,0.3363189,0.46145165,0.30909678,0.25770003,0.17929375,0.7154579,0.48218012,0.8191906,0.0819495,0.8472237,0.39652193,0.5109726,0.5979408,0.50928265,0.33815157,0.34751225,0.2181038,0.62735236,0.17832786,0.5029642,0.7521206,0.5896036,0.6058386,0.57295066,0.7268939,0.23450744,0.5154506,0.6800108,0.13003603,0.788319,0.65962255,0.60394317,0.22071916,0.21319821,0.14860329,0.6133903,0.5441007,0.6541536,0.73803806,0.24371675,0.60665184,0.42829677,0.8295312,0.5574037,0.59903336,0.4463766,0.45006734,0.5973323,0.91099787,0.7774904,0.54288006,0.19620052,0.20273182,0.7101209,0.5068909,0.12259564,0.40167993,0.5904347,0.7104174,0.16934136,0.70559907,0.71639395,0.639758,0.4389277,0.7291347,0.28678903,0.24434733,0.6693003,0.7352661,0.20275542,0.1995337,0.8941468,0.4678893,0.5675168,0.76163363,0.45527124,0.40655756,0.60510534,0.26212335,0.4286906,0.4381582,0.24683207,0.7570996,0.12666985,0.49618667,0.8200668,0.7270671,0.7043333,0.41105652,0.5264628,0.50498086,0.7765285,0.7632992,0.1991435,0.22334069,0.54659444,0.32824498,0.7285875,0.30877215,0.8775165,0.6667571,0.55111265,0.54561806,0.46947002,0.50383186,0.8168185,0.9307738,0.6024104,0.10610008,0.67313385,0.4206341,0.7401649,0.2504344,0.32948172,0.35147852,0.7651932,0.2826448,0.2975693,0.95636904
BC2026_Train_0002_S08_20250607_030007_55,0.8906996,0.98517704,0.42911896,0.9852134,0.91051555,0.73357475,0.4236707,0.75416696,0.76566243,0.4249534,0.70463586,0.8819369,0.9052789,0.8875372,0.5957619,0.78867364,0.9842036,0.5838438,0.9266342,0.4919464,0.81930983,0.84707916,0.8051847,0.8613161,0.9835855,0.9511632,0.84033835,0.75276625,0.27407378,0.5430182,0.9926653,0.88957846,0.8968892,0.89789253,0.7392881,0.98978174,0.87303746,0.91423285,0.9735182,0.88477075,0.9217149,0.91665506,0.9912989,0.9062022,0.7275368,0.77075475,0.90057456,0.7266704,0.72272134,0.74914134,0.9883827,0.9813745,0.9834279,0.88009536,0.9654046,0.72026646,0.813322,0.8760117,0.70872784,0.7982602,0.6724262,0.90908873,0.4791116,0.89884955,0.75451183,0.73024607,0.5046367,0.8256656,0.34792972,0.59069335,0.7961004,0.4904189,0.18220255,0.6061028,0.44457597,0.4479617,0.4984861,0.27996016,0.5488198,0.3520084,0.53003824,0.5325633,0.6050173,0.74996555,0.6045931,0.8136804,0.7865857,0.3846324,0.48899034,0.39649498,0.53794456,0.66621417,0.561272,0.19896391,0.21690121,0.4235434,0.22309744,0.23943001,0.2606042,0.41205883,0.9480854,0.50263953,0.6370231,0.8411833,0.76427495,0.3727876,0.91456676,0.8382467,0.24600211,0.6976745,0.6623521,0.7470155,0.93830156,0.67782235,0.7863033,0.322853,0.5797899,0.26792935,0.24156578,0.17205322,0.61248505,0.60958636,0.90310305,0.108673334,0.798442,0.46526024,0.48247886,0.6447159,0.7207062,0.25051782,0.38914067,0.46360183,0.54670614,0.22791415,0.39428455,0.76298,0.3085373,0.677853,0.60639143,0.5936442,0.2273049,0.42334685,0.7983511,0.07911563,0.910565,0.58430046,0.68454766,0.21615052,0.23193896,0.13947913,0.5682672,0.41782033,0.78087246,0.5743837,0.21566942,0.56103885,0.20706403,0.83667666,0.3270629,0.58612126,0.43018878,0.42033562,0.55843675,0.9381296,0.68413675,0.6505489,0.2154482,0.42405647,0.82699025,0.55072975,0.08913383,0.4828515,0.669888,0.75205135,0.2551672,0.7179197,0.8801335,0.6890472,0.37464494,0.66532546,0.3137321,0.55171746,0.7470621,0.79789114,0.2939086,0.41024846,0.91287243,0.5501504,0.68814206,0.66224706,0.7406205,0.40530777,0.46073037,0.386217,0.38545847,0.47021225,0.1512895,0.78658116,0.15866882,0.577737,0.87331057,0.7362416,0.6831361,0.5106984,0.5086927,0.6509681,0.7337784,0.87199116,0.2617312,0.17695603,0.57280415,0.4494329,0.48413396,0.43166354,0.85256517,0.71871954,0.6628703,0.46210796,0.5750665,0.45726836,0.7427126,0.9474975,0.5835604,0.146914,0.5194633,0.5529943,0.8549607,0.38511527,0.38260573,0.5361692,0.6548865,0.30477256,0.5430521,0.99506474
BC2026_Train_0002_S08_20250607_030007_60,0.91326046,0.8650832,0.76834595,0.45831278,0.7846663,0.3061803,0.42012668,0.8152015,0.6696663,0.52750623,0.4733012,0.9389708,0.93784785,0.58980894,0.619145,0.3859207,0.9132831,0.44586405,0.6989161,0.597466,0.7777443,0.8596822,0.66232514,0.4016498,0.84328973,0.83195543,0.33530533,0.86891663,0.16232249,0.3358003,0.65219843,0.33706552,0.35671347,0.3642486,0.37865645,0.46245122,0.34459603,0.41686136,0.37554294,0.39182565,0.43541062,0.5032345,0.5476948,0.39694852,0.31062996,0.3728156,0.46060452,0.3254479,0.32114285,0.32408893,0.57791513,0.59587485,0.48552674,0.30983645,0.51203734,0.8451687,0.5385224,0.7032503,0.8493437,0.76359683,0.7413397,0.9533489,0.6113244,0.7998812,0.79103744,0.663382,0.2464875,0.76242614,0.116651006,0.5374403,0.79975665,0.4508979,0.20585042,0.29422832,0.7925792,0.47288412,0.9034406,0.057876833,0.24572578,0.13442199,0.41076875,0.38386267,0.4230489,0.2426691,0.12940991,0.5166682,0.84776115,0.4825508,0.17374751,0.14324445,0.3907087,0.54162574,0.27611032,0.04432063,0.09065734,0.15567182,0.1610001,0.0954594,0.13160048,0.13116588,0.88241327,0.1747916,0.26476628,0.95153403,0.63639295,0.38561767,0.79094136,0.8980875,0.09204733,0.4335119,0.3872161,0.7402054,0.72371715,0.69687855,0.68271255,0.5026938,0.7074083,0.069833666,0.5548216,0.10639608,0.4188554,0.27578995,0.8617702,0.03210908,0.7337246,0.18352428,0.36404747,0.45403326,0.84313023,0.08962762,0.25126562,0.42418945,0.25822198,0.12670754,0.4681515,0.9310719,0.08239904,0.6967933,0.46953255,0.62347305,0.14716345,0.08427371,0.8464697,0.11633525,0.51921475,0.5715455,0.42269945,0.045613084,0.1036956,0.026653334,0.45935312,0.4797604,0.5693406,0.8506187,0.16641466,0.35934043,0.05489191,0.7007297,0.0455145,0.14361683,0.053033996,0.18834788,0.4571134,0.7034836,0.8928802,0.6072638,0.061928757,0.46128348,0.77324665,0.20674181,0.06790684,0.21375337,0.31022435,0.5942334,0.07631025,0.89130723,0.8321626,0.47132784,0.25039345,0.34711665,0.13280337,0.8848791,0.73002553,0.46005398,0.053974,0.20176074,0.8917722,0.3375129,0.34618264,0.74945974,0.8762552,0.12963666,0.13343851,0.11414921,0.17250904,0.19342405,0.07931976,0.62388253,0.117740825,0.1784473,0.5669955,0.69985664,0.39061022,0.19622296,0.4232375,0.67501867,0.71072197,0.6922147,0.20607361,0.054109834,0.4408528,0.11695441,0.1936552,0.48654807,0.6352452,0.43130827,0.36596525,0.29221332,0.53191113,0.3144567,0.47994483,0.93706083,0.12295841,0.036719248,0.09420258,0.20792162,0.7540771,0.4366438,0.15098053,0.47789246,0.38396594,0.0549075,0.276596,0.99258125
BC2026_Train_0003_S08_20250607_070007_5,0.82624054,0.4974149,0.16276532,0.2977715,0.651527,0.54228914,0.22235222,0.3720203,0.71608603,0.39835697,0.6947799,0.25372696,0.6245104,0.72014284,0.18047005,0.57586765,0.6803019,0.40351915,0.9915658,0.43060333,0.4489137,0.9856578,0.93115723,0.27635574,0.863946,0.7638489,0.754944,0.3222769,0.65851307,0.835076,0.40696436,0.3087244,0.37970823,0.37761372,0.26756778,0.24895614,0.3456338,0.50027764,0.4004025,0.5757198,0.39718372,0.33892357,0.3820656,0.2663858,0.36978018,0.21909751,0.5549053,0.24765229,0.26151764,0.28740352,0.41235852,0.41747427,0.4179581,0.2787847,0.47224206,0.96751654,0.31105775,0.8215587,0.82563543,0.5914529,0.76825523,0.65401113,0.32929802,0.691663,0.3412372,0.28858665,0.9706302,0.778999,0.92589784,0.5398436,0.06667949,0.7412187,0.0994177,0.2945837,0.760911,0.18010749,0.68959427,0.26682413,0.31310332,0.7731167,0.72277915,0.47579038,0.7504039,0.3808962,0.6985731,0.3590225,0.13575175,0.4433931,0.06173692,0.23353401,0.16377254,0.34319925,0.39939576,0.7355176,0.8595774,0.913327,0.36131984,0.9580002,0.22811478,0.29353148,0.23241022,0.52142054,0.5698243,0.6335242,0.44334003,0.34755486,0.12132946,0.5010769,0.53664786,0.36679476,0.14149645,0.096674114,0.12424188,0.49233717,0.56317645,0.4611029,0.507559,0.39912176,0.38649052,0.17921916,0.85216093,0.50255275,0.17027625,0.5885062,0.8101239,0.46277857,0.45830703,0.7805886,0.64117813,0.16540615,0.55136514,0.113835074,0.1705276,0.4279256,0.4288928,0.4438744,0.29860765,0.19470571,0.114980206,0.47636405,0.07608941,0.42366272,0.51737916,0.36327642,0.8351221,0.13961296,0.10807293,0.12000711,0.24403211,0.11349896,0.17986563,0.27593848,0.33893627,0.09869051,0.88845336,0.09113225,0.6753603,0.421225,0.0821183,0.4504935,0.6957127,0.13972121,0.76824725,0.048857912,0.3909254,0.65455073,0.50282264,0.52089894,0.22639982,0.19691426,0.2251633,0.39956746,0.29107124,0.27805704,0.51259804,0.9039979,0.38406914,0.5160037,0.27622303,0.96201456,0.13082041,0.36219013,0.05491375,0.45620126,0.8571049,0.61394095,0.113183424,0.19529873,0.07495846,0.29515204,0.08932525,0.5135057,0.07526636,0.5681665,0.4076702,0.41899472,0.20718426,0.26357812,0.52399063,0.10945217,0.18198207,0.16687983,0.19341189,0.12376942,0.53566504,0.4690352,0.27674955,0.82385,0.3831902,0.45408675,0.67157793,0.26738292,0.6778463,0.31416088,0.77266264,0.37968272,0.45404124,0.873451,0.1838615,0.8690158,0.11146042,0.3410467,0.4873544,0.5393934,0.33578265,0.81440973,0.119658336,0.4338506,0.23060192,0.46477973,0.52352095,0.4608193,0.22847986,0.053860664
BC2026_Train_0003_S08_20250607_070007_10,0.7447554,0.35406345,0.5331341,0.62830716,0.29459882,0.78047967,0.56791794,0.6755744,0.7404643,0.54436624,0.86329955,0.6359657,0.5473935,0.7452102,0.26400608,0.38458037,0.46290934,0.20793265,0.8015326,0.62174606,0.2845761,0.7936369,0.7475319,0.6178285,0.82437825,0.6330645,0.35823363,0.24920866,0.8005526,0.5043231,0.46002924,0.60318696,0.582023,0.50368565,0.26772833,0.57340765,0.597687,0.7288257,0.6357535,0.64166796,0.67859304,0.60716146,0.52823234,0.6530694,0.40886408,0.29845163,0.61330664,0.34090137,0.3801744,0.36711925,0.57520187,0.51663274,0.57121766,0.5249008,0.67038953,0.8696148,0.21069449,0.32728434,0.31638348,0.39825207,0.34526318,0.6933285,0.5859247,0.5426138,0.47852203,0.72107124,0.8108729,0.63382995,0.5916287,0.8029561,0.17903125,0.46378672,0.4329071,0.45793247,0.9631829,0.20964272,0.5679964,0.3128875,0.44561934,0.8326497,0.4570508,0.7048093,0.79693305,0.5264218,0.9006578,0.86315894,0.336868,0.6880163,0.081838906,0.77674735,0.11120786,0.26141596,0.7251984,0.79533744,0.50737774,0.4339689,0.7993394,0.9830586,0.38685077,0.6984239,0.34103972,0.5529177,0.31609124,0.52339154,0.34257394,0.9052052,0.15724176,0.4689694,0.7773093,0.4948128,0.21474826,0.349647,0.16576636,0.597849,0.5663386,0.47808772,0.6275548,0.7005904,0.56814575,0.4224552,0.8869144,0.42860174,0.16054851,0.690063,0.6961298,0.5237727,0.71201515,0.44065422,0.47503185,0.29977977,0.6421354,0.27337015,0.67922485,0.7856115,0.6139459,0.22918981,0.563353,0.39623332,0.47488996,0.34944904,0.4681092,0.594925,0.31511688,0.3919713,0.6134574,0.3398586,0.24052992,0.46293473,0.67487234,0.22573984,0.53495395,0.11983861,0.40416032,0.2094335,0.6361221,0.20726058,0.53120255,0.61323434,0.18491194,0.5271469,0.5905676,0.17979702,0.95549273,0.09351617,0.5799605,0.7525456,0.50715506,0.33183467,0.14915833,0.57208586,0.70390725,0.3774044,0.44469997,0.43259162,0.32716447,0.66103303,0.29566044,0.15575363,0.07287921,0.82281315,0.42421237,0.38944477,0.0810025,0.26662406,0.74765575,0.64534163,0.47183782,0.42085636,0.054797642,0.24904057,0.39109296,0.89527875,0.13239768,0.63992476,0.12944539,0.3994236,0.5159942,0.39298284,0.49135894,0.58828086,0.22422758,0.41365677,0.16439894,0.462764,0.21121553,0.53312755,0.4642594,0.57885706,0.4526937,0.5401543,0.4414832,0.20072517,0.50232023,0.31919593,0.71851444,0.33448386,0.37712288,0.68269396,0.079563305,0.890625,0.048301168,0.37654263,0.6873969,0.49387434,0.28835398,0.62153006,0.20028749,0.66626245,0.45757377,0.6715559,0.79929066,0.6258018,0.527424,0.22821665
BC2026_Train_0003_S08_20250607_070007_15,0.57308364,0.27653074,0.5307174,0.34133816,0.1441035,0.6819476,0.5934098,0.5196098,0.6129685,0.7140776,0.7070887,0.7478821,0.4169249,0.657678,0.3741837,0.30071527,0.44667912,0.25986648,0.66699684,0.5353997,0.36072624,0.6629414,0.5294353,0.3591169,0.5974727,0.6152731,0.28928772,0.18472525,0.65554273,0.5167743,0.22023582,0.23496492,0.32708904,0.20289853,0.2537337,0.23144048,0.19760695,0.3917783,0.36419845,0.29849058,0.39088807,0.29514623,0.1983068,0.29296267,0.36858904,0.28608927,0.33395243,0.35364592,0.36679792,0.3729316,0.23642236,0.23145652,0.2578071,0.26806164,0.35083085,0.73316866,0.11886026,0.39820674,0.30699295,0.28557754,0.1847992,0.6368046,0.58928484,0.51217455,0.37775797,0.5814952,0.6240953,0.4268635,0.5068568,0.7233423,0.12406966,0.24468437,0.31459284,0.53600717,0.7235637,0.07605504,0.35814208,0.26372957,0.35675883,0.903288,0.4052832,0.51020557,0.6618911,0.41791064,0.8813542,0.5259567,0.21693042,0.6631825,0.09650193,0.8976917,0.39043748,0.21328455,0.65468466,0.6665497,0.61220515,0.31334084,0.78789616,0.9127953,0.5801558,0.81277156,0.08599077,0.49011478,0.2892447,0.48160046,0.2804923,0.8275777,0.07742163,0.5006217,0.64898646,0.19515982,0.19066644,0.2157819,0.17473373,0.39635327,0.49567193,0.35703576,0.59012383,0.5728073,0.5828017,0.6954608,0.86089265,0.23681185,0.120481715,0.64389956,0.59496546,0.44271955,0.5401381,0.34686214,0.13143115,0.23648384,0.63275814,0.5750259,0.6290531,0.7359389,0.47234163,0.2138733,0.6430329,0.20050865,0.5217389,0.55119514,0.5274733,0.6326077,0.25515425,0.27133152,0.4916606,0.108215906,0.08697966,0.5444335,0.69750893,0.37819374,0.46709722,0.12959474,0.42403096,0.15211354,0.5035167,0.1304363,0.30665225,0.41546088,0.43487948,0.6891031,0.34795374,0.08490218,0.9108021,0.15434232,0.4153174,0.11971921,0.44771338,0.35248965,0.1570561,0.49435037,0.684449,0.6799799,0.28529853,0.34138203,0.47231862,0.45802087,0.17079124,0.2719012,0.032138772,0.70197177,0.40169793,0.26804549,0.20575243,0.24013501,0.63808036,0.61876905,0.4177402,0.42762405,0.04967527,0.16856386,0.373645,0.9579625,0.20633915,0.49794722,0.09619264,0.30242223,0.4848696,0.24692088,0.4133569,0.7545053,0.07508409,0.24437249,0.2693131,0.30189526,0.11511101,0.36179927,0.3905316,0.3862332,0.56644285,0.5291468,0.25361583,0.21929461,0.4225449,0.40279967,0.44767928,0.27887994,0.19687936,0.5651864,0.079813816,0.72194004,0.051453397,0.18598747,0.52289486,0.6925088,0.26379085,0.6319066,0.43026453,0.5760498,0.5041359,0.5604895,0.7451266,0.6548158,0.31762558,0.08609477
BC2026_Train_0003_S08_20250607_070007_20,0.75873876,0.8015375,0.806466,0.90962887,0.41198552,0.58103883,0.76193905,0.49807125,0.61943364,0.45854717,0.62391126,0.60637903,0.46669942,0.94466555,0.659598,0.7159958,0.5907674,0.44978446,0.80459666,0.7323588,0.5455781,0.9898483,0.68743384,0.8313192,0.87840146,0.8112042,0.8692054,0.55205137,0.79999375,0.87492526,0.84889907,0.92369515,0.91977406,0.8578578,0.6942798,0.8976735,0.8710998,0.93897676,0.9201741,0.9113925,0.965356,0.8697221,0.80046594,0.9731935,0.8774693,0.74453986,0.92345643,0.77450037,0.8777655,0.9631367,0.8553498,0.84864295,0.87875926,0.88852555,0.91155756,0.67493653,0.34238124,0.8279588,0.43671048,0.5443582,0.2971231,0.74135256,0.8322232,0.715168,0.1223938,0.33975846,0.7554263,0.69259757,0.8371945,0.8443737,0.157913,0.3484906,0.36260575,0.49440068,0.8119228,0.13974872,0.4737233,0.52185506,0.6411214,0.92980623,0.5344868,0.43421185,0.7214909,0.45146054,0.7457304,0.23091975,0.36477506,0.9463718,0.39488834,0.7386638,0.32903236,0.6522943,0.63529485,0.8627388,0.60545003,0.18443355,0.53678095,0.93956184,0.78769946,0.8370334,0.07846011,0.5865005,0.71659386,0.65161383,0.6172364,0.72381735,0.16314252,0.5350655,0.75174856,0.21001363,0.5943769,0.31012982,0.46751302,0.49108106,0.4521793,0.7141017,0.6422509,0.29554376,0.70528126,0.6251638,0.93589354,0.37457776,0.37104714,0.7169881,0.7206652,0.68405664,0.5865206,0.65900934,0.14645554,0.5274873,0.83509445,0.75095284,0.27042696,0.76548123,0.65402186,0.40377223,0.8681661,0.26984683,0.6913271,0.54629904,0.7224744,0.95941544,0.55008924,0.48392802,0.775366,0.17331862,0.14059308,0.46790677,0.7866199,0.36675423,0.4489612,0.38185704,0.742221,0.32395732,0.7842722,0.22489,0.551629,0.4858435,0.4165275,0.74277544,0.79603195,0.20783234,0.82407963,0.23578991,0.5460332,0.43159342,0.667081,0.5443227,0.11823463,0.49814412,0.55176073,0.6867871,0.53195107,0.40446055,0.31843716,0.70708567,0.31940854,0.59872437,0.17894852,0.9519186,0.32181108,0.4033571,0.32425827,0.6628058,0.8452657,0.71086043,0.3822716,0.6385219,0.20158452,0.43559963,0.5555304,0.79038894,0.48449963,0.6027559,0.3864854,0.45247138,0.7019255,0.23272507,0.1868045,0.7975421,0.09522037,0.1924425,0.67525053,0.183,0.15684648,0.5548836,0.62115234,0.6940025,0.62145483,0.8747958,0.5086952,0.53191507,0.74663544,0.5169807,0.5039438,0.4842201,0.28913972,0.67533904,0.08251628,0.6231487,0.19316325,0.22632067,0.61899555,0.61048996,0.60606563,0.5955513,0.34875715,0.5375531,0.66733134,0.71413076,0.67213,0.7971271,0.25825548,0.080274254
BC2026_Train_0003_S08_20250607_070007_25,0.75207067,0.6803032,0.88834786,0.9864094,0.4249354,0.31965968,0.63155305,0.45366865,0.7383709,0.56712544,0.45026028,0.75016046,0.5214231,0.8888233,0.5601035,0.85198224,0.66106373,0.23037899,0.5921153,0.65015614,0.6515526,0.5302485,0.5219658,0.9592216,0.8441274,0.6642183,0.90823126,0.6035638,0.9191252,0.6354065,0.8869576,0.98636746,0.9810249,0.98938155,0.7851584,0.97882295,0.92337227,0.9916532,0.9901159,0.94575346,0.9979321,0.96144104,0.91227597,0.995505,0.95379865,0.92639744,0.9896804,0.9620988,0.9766036,0.98357904,0.91749674,0.8994887,0.9410926,0.9616438,0.985289,0.29859847,0.20288548,0.5523827,0.16231608,0.44473514,0.34525543,0.6150547,0.8354882,0.715016,0.2586205,0.333461,0.56472564,0.7625425,0.83366406,0.8193977,0.13825192,0.45445645,0.28764257,0.73687613,0.97881633,0.25511146,0.5004857,0.5470742,0.65037364,0.7666956,0.48024833,0.32690108,0.8047296,0.20575537,0.8003998,0.18661627,0.3005753,0.8952155,0.5603705,0.64238775,0.114292674,0.7164537,0.33566672,0.8055917,0.65115607,0.16922668,0.7542087,0.7707303,0.6252309,0.913458,0.28351483,0.46299887,0.82170606,0.5744447,0.5246703,0.776523,0.10941014,0.599751,0.8228047,0.4400199,0.8337103,0.48681742,0.3375435,0.43475044,0.3605258,0.9261645,0.5692874,0.4170878,0.67198694,0.83238363,0.8482146,0.41331476,0.35056478,0.8381591,0.64966154,0.76473355,0.6005614,0.6943215,0.13371675,0.6482253,0.9454948,0.7040682,0.1243951,0.7673397,0.72710824,0.2988662,0.7231046,0.22938737,0.64472413,0.1626899,0.74784946,0.9430746,0.5695332,0.43112707,0.63375014,0.3016441,0.09510639,0.71077895,0.59692264,0.6861057,0.21605372,0.67978585,0.8236692,0.14859253,0.8895234,0.3224457,0.73397267,0.44041306,0.53049713,0.67607975,0.6823826,0.36453378,0.34019387,0.086640805,0.63823867,0.31588718,0.79213464,0.5346735,0.20389242,0.24690941,0.40803975,0.7930165,0.6012467,0.17286864,0.27475902,0.7164135,0.35916978,0.62195647,0.49652708,0.9317448,0.10385725,0.44255292,0.45600235,0.70492506,0.74879277,0.80905366,0.50681996,0.5445726,0.2816609,0.49796933,0.64948905,0.6797061,0.5000205,0.6969888,0.29410315,0.42059237,0.64545846,0.22259414,0.28810033,0.73896515,0.122325644,0.11989324,0.60047734,0.092292964,0.27451345,0.56790006,0.63943696,0.7632054,0.6531718,0.93799376,0.5239768,0.8334376,0.7606803,0.328057,0.29519582,0.61912745,0.5611464,0.7833359,0.055411395,0.3140369,0.3108636,0.15660512,0.5417175,0.48141408,0.6542162,0.5387591,0.38530368,0.5169318,0.8311076,0.6649982,0.44106358,0.74505544,0.48557305,0.09433192
BC2026_Train_0003_S08_20250607_070007_30,0.6592148,0.39603615,0.69880867,0.66587883,0.26227015,0.23033807,0.4049449,0.444462,0.34519124,0.73943794,0.6790391,0.6715567,0.261373,0.72890353,0.71221614,0.75899315,0.59744173,0.16486457,0.5585996,0.70200205,0.57419086,0.7566073,0.31565994,0.41576576,0.8125584,0.45879167,0.91217625,0.41220868,0.6303369,0.4151488,0.47424868,0.7411006,0.6881864,0.58565176,0.445124,0.6024181,0.4995707,0.55174273,0.56988686,0.5852888,0.68000853,0.45796192,0.44274545,0.4973081,0.48322868,0.5525585,0.69746095,0.46151274,0.54860604,0.4356014,0.5213327,0.63861704,0.5602269,0.44946766,0.63715196,0.33055663,0.13420975,0.24588731,0.13754424,0.4556074,0.519842,0.5702554,0.76584363,0.69368756,0.58594126,0.23185888,0.5702077,0.5810639,0.5878,0.71710145,0.10435108,0.3272001,0.58421004,0.88756114,0.69052374,0.4282995,0.44792616,0.6934297,0.63332236,0.6919732,0.47922128,0.28142262,0.9490495,0.14272122,0.5206304,0.12365388,0.32322448,0.80780864,0.31571257,0.7476027,0.07798681,0.26875985,0.32076794,0.6941477,0.4174503,0.41354072,0.8440583,0.7922478,0.8118148,0.8715161,0.22308856,0.59090936,0.8620833,0.4058591,0.3172363,0.8270416,0.07157612,0.59637856,0.6820996,0.62208205,0.7944201,0.74641454,0.2880234,0.45637202,0.5238598,0.878198,0.6751926,0.55221486,0.6714555,0.9535507,0.8315455,0.897614,0.3455903,0.7925875,0.353957,0.7442038,0.7519021,0.85937655,0.15839314,0.65317225,0.7242811,0.5282315,0.18642727,0.8378142,0.4811384,0.55201423,0.3615598,0.1112927,0.6322768,0.22714832,0.56565654,0.9783783,0.67479277,0.67115104,0.3075724,0.15230797,0.039209582,0.92838585,0.5638685,0.6589464,0.14121893,0.79717886,0.5284184,0.18144383,0.7868955,0.3783906,0.7604723,0.31768698,0.63886774,0.61394286,0.88702774,0.5261276,0.27940327,0.08416009,0.7119397,0.14046541,0.90762424,0.62455344,0.17868164,0.10755345,0.5017688,0.91204274,0.40408605,0.08871331,0.5288903,0.36742944,0.47451448,0.6236987,0.40278906,0.81573606,0.055635646,0.55157816,0.32313085,0.26159525,0.7436968,0.7521645,0.52862865,0.24167672,0.11986716,0.27579585,0.8769417,0.8165529,0.6251614,0.88950205,0.28497884,0.35284817,0.6511215,0.087602615,0.23634762,0.58311653,0.18519938,0.050981835,0.45440418,0.14140907,0.5465498,0.48768485,0.40765035,0.6315427,0.51717144,0.7650317,0.6419728,0.77500963,0.7364615,0.4062776,0.4829697,0.7072611,0.616112,0.7848587,0.082206085,0.25081998,0.6785625,0.06456129,0.46564892,0.46795505,0.6209494,0.7845336,0.1641674,0.5043916,0.74916077,0.57841676,0.5424268,0.5749078,0.5722721,0.06394625
BC2026_Train_0003_S08_20250607_070007_35,0.78421974,0.52415085,0.68140817,0.45380288,0.35842824,0.44809276,0.5143409,0.15725055,0.4297286,0.68376595,0.6549916,0.7064272,0.3755748,0.7381748,0.53220004,0.50230813,0.72708,0.41283238,0.77320623,0.7225894,0.47525692,0.9045547,0.32853824,0.389768,0.8071606,0.65530515,0.33556402,0.46897137,0.73359025,0.3382253,0.5091422,0.5461982,0.5596187,0.455113,0.27313992,0.43535888,0.43279386,0.5647029,0.45532715,0.5259197,0.58945644,0.49090174,0.50476813,0.44208825,0.32667142,0.3317256,0.61062133,0.3273892,0.36884874,0.34698394,0.5054939,0.50322294,0.44628108,0.40304568,0.51391065,0.52543795,0.19309074,0.72516096,0.30742213,0.4671077,0.42112273,0.5485382,0.5986062,0.6946902,0.4710924,0.47844464,0.8149595,0.67974484,0.6106591,0.8539151,0.12864593,0.5972592,0.7331617,0.43463418,0.70614254,0.30367666,0.5787325,0.5257983,0.49987113,0.6881236,0.4140337,0.30034748,0.8181482,0.52118623,0.5826209,0.18241885,0.32283533,0.6166816,0.47848487,0.8210701,0.21976152,0.16069123,0.21233258,0.64439046,0.54145896,0.33823943,0.5813132,0.9919467,0.9290643,0.6800858,0.30447692,0.3825776,0.67259127,0.501603,0.56086695,0.64354646,0.122131,0.49683982,0.7569753,0.51840353,0.64314955,0.77415,0.28428838,0.533842,0.5998579,0.7772902,0.6543555,0.65911853,0.6821219,0.94719845,0.8688886,0.7259313,0.525863,0.5801092,0.48419148,0.58376193,0.82789063,0.72786975,0.40759802,0.74844015,0.7905445,0.39929563,0.5108652,0.78026056,0.49725378,0.5163778,0.4761423,0.10038392,0.32276642,0.41852468,0.27140504,0.6629673,0.6432656,0.5675659,0.69021285,0.24584717,0.10640828,0.609612,0.32691118,0.25567746,0.42067575,0.67070043,0.34662473,0.096914686,0.5862603,0.22323158,0.4984556,0.3062387,0.44463974,0.2705904,0.5198036,0.78475964,0.6722168,0.037004065,0.55887926,0.6777761,0.9333484,0.42444116,0.22650485,0.29360133,0.37115085,0.71181905,0.51324636,0.26243925,0.49824873,0.44818574,0.1939424,0.5300187,0.21379162,0.8562192,0.10740164,0.28576234,0.35247028,0.17225385,0.6388091,0.5400628,0.4606322,0.3336258,0.19103357,0.42135495,0.8362162,0.70354664,0.35796863,0.8751701,0.40197623,0.40822,0.5888015,0.07153941,0.4555359,0.33348262,0.37315625,0.122117355,0.52227855,0.3911544,0.34168774,0.29636163,0.37608463,0.429501,0.36729836,0.6335113,0.45462266,0.5007294,0.67227054,0.49477768,0.64102405,0.54134154,0.30580896,0.746176,0.061315253,0.42387694,0.2553177,0.055376187,0.58926916,0.3846355,0.37043747,0.7077514,0.23804304,0.5004133,0.74357355,0.49523333,0.75058746,0.5438117,0.5409586,0.19178608
BC2026_Train_0003_S08_20250607_070007_40,0.6591799,0.16122565,0.40991658,0.42121303,0.1443849,0.31144065,0.4102168,0.17023903,0.37711212,0.66861844,0.5545492,0.42342672,0.3664335,0.7045145,0.13977374,0.18327475,0.5615109,0.2845478,0.6196206,0.638453,0.40840703,0.70780253,0.1864453,0.22886226,0.569088,0.55100536,0.12227927,0.26678234,0.8246645,0.13645911,0.34259427,0.3955149,0.45196602,0.3002628,0.20042244,0.39755917,0.22214097,0.43864006,0.38275212,0.43845743,0.51270694,0.32425493,0.23605597,0.37981904,0.30344662,0.24596784,0.479603,0.18699464,0.29506427,0.32771772,0.25096756,0.25393027,0.34146106,0.3495162,0.38373852,0.37969226,0.05820258,0.40338072,0.3098635,0.36906925,0.46385163,0.3028674,0.39279586,0.4870955,0.42884225,0.5434551,0.69103175,0.60577285,0.43250197,0.79513,0.04939708,0.5509649,0.69981587,0.49940783,0.5749217,0.3141551,0.43653452,0.64538157,0.24678734,0.66958404,0.29002994,0.36242056,0.8930688,0.5007258,0.7454629,0.059604958,0.21908695,0.5348944,0.76672196,0.77839124,0.3920865,0.15796143,0.35726035,0.5163446,0.43835202,0.2980922,0.7270111,0.93641925,0.9674369,0.92612374,0.23600203,0.3547727,0.31610525,0.4325422,0.53906435,0.70960474,0.073035106,0.30685288,0.7570522,0.35809833,0.8887604,0.7095299,0.16134092,0.270262,0.47573143,0.7838165,0.3358784,0.55587506,0.37923414,0.9473038,0.9340298,0.46259612,0.34783182,0.6120082,0.48636326,0.84747875,0.52389574,0.46802264,0.2259219,0.7576885,0.7979529,0.7234974,0.5022172,0.6991064,0.37166172,0.2749874,0.59113157,0.08624476,0.20875251,0.38880455,0.44193172,0.9687428,0.39776987,0.43976623,0.39957145,0.21741107,0.2763743,0.47175235,0.568333,0.22387579,0.42540896,0.7481761,0.34196234,0.027384084,0.3633178,0.3128363,0.625962,0.28228617,0.46357298,0.33446157,0.8193399,0.8150239,0.71519387,0.083957106,0.4173977,0.22637832,0.79480374,0.35026485,0.36982346,0.13469645,0.43203735,0.93977153,0.28693646,0.12673715,0.6805297,0.4885487,0.17580059,0.53535783,0.12084526,0.8174586,0.1473794,0.08478996,0.24772753,0.22101834,0.47927982,0.5881784,0.12625706,0.30851126,0.05634073,0.41503555,0.73870087,0.7574016,0.24067096,0.8347546,0.21425125,0.25960928,0.31981522,0.08970104,0.30087408,0.3205912,0.18416339,0.20805919,0.22173008,0.32238895,0.10966532,0.3481875,0.20735621,0.18477666,0.23650602,0.6717395,0.13076371,0.6732618,0.32922703,0.24959421,0.21528974,0.8395346,0.22988677,0.60699654,0.20254958,0.33444476,0.08567718,0.120986745,0.46493334,0.49375102,0.41575265,0.55270046,0.4036712,0.2562461,0.76270473,0.38470578,0.71087766,0.491486,0.4528777,0.10056108
BC2026_Train_0003_S08_20250607_070007_45,0.59693646,0.3411336,0.46820724,0.7725779,0.22904977,0.39964563,0.5624852,0.5336189,0.58129084,0.8698808,0.9715848,0.34990823,0.3776725,0.7367282,0.13818684,0.28678513,0.49102822,0.3775565,0.66295826,0.7989875,0.15181108,0.9651655,0.22954562,0.74333036,0.7712004,0.3819912,0.5527474,0.079119,0.7434908,0.1642487,0.56289333,0.7085571,0.6836671,0.63424206,0.39280885,0.63773674,0.61211586,0.77836865,0.73247886,0.76304317,0.7833036,0.65145326,0.536679,0.7756089,0.6054915,0.3515262,0.7578832,0.33440775,0.49296075,0.5040929,0.6548264,0.5546286,0.62775695,0.6460295,0.700928,0.34598505,0.07000041,0.40878552,0.2789348,0.38425767,0.3998227,0.44919235,0.49801856,0.6136057,0.533453,0.29271477,0.59713835,0.486803,0.5935998,0.39979297,0.111887254,0.22134982,0.7102684,0.6268562,0.7123103,0.17294523,0.6520684,0.70994925,0.13202292,0.8036579,0.2742926,0.6716466,0.96173584,0.36110544,0.939466,0.10128413,0.35836524,0.7054398,0.77866614,0.8496817,0.09898777,0.06327479,0.6233552,0.6160216,0.50963604,0.44681156,0.80612445,0.97799957,0.84601533,0.9457041,0.12704308,0.6335739,0.3712176,0.475864,0.38183397,0.93390673,0.18975651,0.19560856,0.8013396,0.48168886,0.7398757,0.35538936,0.076505,0.2908879,0.46198303,0.5076977,0.4272362,0.66240215,0.4640736,0.9241452,0.98181456,0.55381274,0.42565536,0.65644956,0.6112386,0.8187798,0.34208775,0.6207269,0.29138562,0.44058928,0.76155174,0.8651917,0.7377137,0.6715732,0.49966174,0.11565095,0.52202386,0.14830095,0.37230492,0.5452078,0.4552109,0.9239299,0.40209365,0.21516529,0.6509974,0.36725938,0.43895048,0.66536236,0.7954848,0.15719122,0.62494314,0.40852267,0.6175858,0.03742642,0.42926145,0.3246432,0.5769013,0.44059896,0.33632416,0.53913337,0.46768802,0.5874815,0.71936214,0.33383322,0.46057194,0.7083317,0.61459017,0.49221265,0.3415256,0.1719101,0.4061079,0.898214,0.13347611,0.24644402,0.78835726,0.642479,0.3441113,0.48390344,0.14860892,0.7672055,0.3345744,0.13504408,0.16265744,0.36956877,0.7005248,0.6174512,0.16594541,0.3974008,0.043807745,0.29482266,0.8082646,0.9226933,0.20590046,0.8417562,0.30033365,0.38587892,0.38443738,0.2385234,0.13191874,0.24593064,0.11504809,0.40622002,0.119202584,0.5259818,0.26216754,0.4932511,0.2562902,0.3082709,0.26093984,0.3813933,0.21466276,0.77614474,0.35951263,0.34882814,0.60680425,0.48178446,0.15802461,0.6677927,0.39602864,0.45399886,0.036127836,0.31081167,0.55163974,0.7482401,0.20142278,0.7436291,0.26532596,0.23134995,0.714352,0.45752078,0.75359976,0.57646143,0.55612993,0.09354362
BC2026_Train_0003_S08_20250607_070007_50,0.43846017,0.25359985,0.52801347,0.501184,0.26033744,0.498172,0.59615344,0.5458747,0.675146,0.9629112,0.7448648,0.6896579,0.35276717,0.6686673,0.26816592,0.4558742,0.38011217,0.13304543,0.7241471,0.6823454,0.182513,0.9329772,0.47256738,0.48727888,0.7092339,0.26649654,0.699329,0.033504646,0.34569126,0.32399184,0.2459226,0.37643227,0.42858934,0.2969301,0.3200811,0.2880332,0.3252332,0.5442332,0.43500003,0.5234548,0.5040049,0.28842628,0.24452145,0.44017777,0.53917086,0.33033636,0.45907766,0.34168494,0.39308745,0.40018463,0.31181878,0.36296538,0.30565605,0.29835716,0.49702013,0.23696399,0.04444042,0.5238293,0.36340624,0.31574374,0.31632453,0.35936755,0.41498196,0.60641396,0.5016248,0.3167747,0.6299751,0.3603298,0.7606735,0.28007615,0.1355125,0.17574474,0.54490256,0.5977011,0.622187,0.12829323,0.69338584,0.5496508,0.2133364,0.79480064,0.4123298,0.6294093,0.77937484,0.24403337,0.8739178,0.23355341,0.2003482,0.50566864,0.49205935,0.78728974,0.030162249,0.11924936,0.39255565,0.6094867,0.7207521,0.33413303,0.7950002,0.9748049,0.6008176,0.926437,0.13289201,0.5509922,0.40949047,0.3277645,0.16112013,0.78099424,0.106447525,0.18870911,0.6713214,0.50534856,0.4616952,0.15383258,0.12583609,0.09905286,0.48532003,0.39921075,0.48900044,0.70151424,0.57128984,0.8757198,0.93768954,0.43349624,0.3566057,0.6998254,0.4409113,0.6033163,0.24365872,0.5521414,0.3314255,0.23258576,0.6239389,0.762823,0.69152606,0.5642654,0.51849645,0.38350838,0.50233257,0.21599342,0.38071096,0.62454915,0.26181507,0.81621635,0.28481907,0.16921687,0.580562,0.25224137,0.5186845,0.53969216,0.6193844,0.30337536,0.4687395,0.29932046,0.7119155,0.11704327,0.43809944,0.16262966,0.5380807,0.36667252,0.53020024,0.7338878,0.39339146,0.4550867,0.75887954,0.31974065,0.35957462,0.17682877,0.51680726,0.5085202,0.18375379,0.23797442,0.46249217,0.8296521,0.11522884,0.18465891,0.8523073,0.509889,0.35000288,0.4564005,0.12537304,0.61499655,0.28946868,0.12884545,0.13144547,0.37539062,0.702816,0.5412425,0.30224007,0.29217613,0.05121375,0.2654364,0.66669595,0.9139553,0.30432668,0.6915083,0.2542048,0.278601,0.24782434,0.11896837,0.2152506,0.56434774,0.07638501,0.27348056,0.1100885,0.4973182,0.33543792,0.42274743,0.19652066,0.288616,0.52059424,0.47715515,0.46030188,0.46971843,0.2673688,0.38912857,0.38424897,0.43515262,0.31207967,0.6826606,0.34228647,0.6630142,0.14318109,0.24967632,0.4951051,0.68011177,0.4199409,0.6916746,0.29631653,0.34424567,0.52078605,0.4858483,0.6447134,0.6968907,0.44064647,0.12874785
BC2026_Train_0003_S08_20250607_070007_55,0.6246553,0.7057637,0.68515414,0.7986895,0.4091279,0.50812566,0.6428286,0.5363606,0.64708316,0.76083195,0.26625937,0.6649662,0.23754355,0.8184688,0.4187839,0.71134627,0.65902805,0.10556005,0.7590121,0.6508206,0.5598928,0.94579977,0.5093721,0.78255457,0.8634122,0.53258383,0.901218,0.09516813,0.31604654,0.48113146,0.65278536,0.8286498,0.8382565,0.70485073,0.46271563,0.738415,0.79614866,0.8621658,0.78940713,0.8367003,0.84763443,0.75208503,0.6814985,0.76216197,0.60362446,0.50364447,0.86120176,0.44867733,0.5466148,0.5352975,0.718071,0.71417236,0.7565402,0.68966115,0.819834,0.2356967,0.09240091,0.7537629,0.46657562,0.62460196,0.31700426,0.21873176,0.59226394,0.7139306,0.62504137,0.17792688,0.7839558,0.6421938,0.8121445,0.5155206,0.078108996,0.3850916,0.7690344,0.8548173,0.5369246,0.2318266,0.41605467,0.7452291,0.5009589,0.81932294,0.3310452,0.31923252,0.82208157,0.09979406,0.7659196,0.40047187,0.26635286,0.17612813,0.5743465,0.8225429,0.08484,0.21735364,0.09407857,0.62778485,0.95823646,0.4946397,0.7000227,0.8308711,0.7554045,0.8205682,0.15038061,0.5648078,0.7574867,0.40723008,0.27511665,0.6618088,0.09750544,0.44908303,0.69497776,0.6832833,0.6511625,0.08994524,0.34156913,0.13049385,0.6362307,0.7718955,0.7108948,0.7649026,0.5003412,0.9443643,0.8014592,0.46737948,0.64129937,0.74752784,0.5113256,0.75955737,0.39461282,0.5163436,0.21840289,0.41964635,0.7170341,0.59299016,0.57340395,0.7688459,0.66830945,0.6217885,0.6963656,0.35012102,0.37512088,0.7232138,0.3692271,0.64999175,0.582952,0.5198339,0.45898128,0.37262404,0.3692,0.5580773,0.4539092,0.4960146,0.47047824,0.70082545,0.6085392,0.3834979,0.8971362,0.2551417,0.61487246,0.5149276,0.56982327,0.8262013,0.7544354,0.6696168,0.43394464,0.43740106,0.5898176,0.4312712,0.65733886,0.6815015,0.24340808,0.11603694,0.2866076,0.9067724,0.34096074,0.35183883,0.80170953,0.6346239,0.60428035,0.6354841,0.22540659,0.75073075,0.37506485,0.25396317,0.2400071,0.53290546,0.89728963,0.362675,0.22718985,0.5524353,0.13466576,0.4393351,0.44987142,0.3579064,0.55166245,0.79691446,0.4295104,0.39409822,0.4561977,0.037178893,0.3159458,0.70462656,0.13562542,0.29764453,0.2955921,0.39006883,0.64851093,0.6502291,0.16679454,0.55261624,0.59025836,0.56820315,0.6453563,0.588097,0.35947144,0.38349217,0.3226017,0.46887106,0.46218798,0.7136575,0.38060498,0.39862806,0.35791463,0.44188806,0.5336004,0.44888306,0.6160406,0.5249575,0.37727875,0.58104265,0.7245536,0.5500207,0.5450455,0.61492205,0.40866163,0.071406275
BC2026_Train_0003_S08_20250607_070007_60,0.664495,0.27869213,0.44460094,0.383506,0.14772251,0.49646032,0.4439329,0.11442967,0.49560112,0.4125343,0.04098875,0.15753208,0.30453727,0.6995296,0.15106568,0.5029537,0.6502753,0.5137849,0.94091797,0.8421584,0.49369285,0.9812609,0.094450414,0.3304007,0.6736648,0.46654144,0.4405619,0.16548648,0.7063724,0.40156054,0.34686846,0.49203032,0.4303017,0.32783294,0.24123615,0.40420565,0.3616738,0.41992432,0.4354785,0.5040703,0.47133526,0.35332352,0.32258797,0.39585906,0.27842915,0.30373496,0.5627315,0.23019627,0.3367808,0.34090605,0.34948462,0.28208578,0.3770467,0.40752554,0.48956442,0.12931126,0.05175692,0.748849,0.18765041,0.6238375,0.52932495,0.11466395,0.41341025,0.5609526,0.58703583,0.41219568,0.859825,0.6257745,0.53949785,0.734336,0.02404325,0.32044542,0.6946137,0.36161077,0.1915479,0.1418275,0.5957924,0.72214687,0.38285267,0.74115634,0.3093729,0.44307184,0.8151264,0.021162502,0.95937705,0.088688746,0.15616986,0.08120458,0.38114333,0.7796749,0.314444,0.23449466,0.1002745,0.45378274,0.9643016,0.27126813,0.62032086,0.9909972,0.921783,0.866011,0.086553305,0.18415624,0.41742814,0.15516764,0.18891063,0.4492785,0.1344503,0.25852144,0.68909633,0.5862652,0.81281495,0.23817015,0.51674265,0.11837429,0.32929534,0.9630879,0.6257123,0.4304362,0.46963298,0.962602,0.9750495,0.25872338,0.63421977,0.8113246,0.66039145,0.87796557,0.27207828,0.7553606,0.4205956,0.36955947,0.5827206,0.38484818,0.8703704,0.7692658,0.42672694,0.4599291,0.6189799,0.16590488,0.15551999,0.53864026,0.091299206,0.9685122,0.6151295,0.5211776,0.40421736,0.13524231,0.12894186,0.6117229,0.43693346,0.37916183,0.29794103,0.8992,0.6924958,0.18835841,0.95477295,0.097521424,0.2451081,0.36192107,0.17572641,0.9250604,0.93883556,0.5650729,0.4874071,0.14352582,0.66484785,0.38002715,0.8216231,0.40216488,0.056335665,0.09498425,0.4977162,0.9493749,0.17466208,0.11269933,0.5656966,0.49135017,0.52661145,0.75973964,0.34661436,0.9540501,0.08940875,0.29699743,0.43530834,0.5445894,0.5526378,0.2504028,0.1539859,0.5113808,0.12874596,0.5445635,0.6866871,0.23213771,0.31546998,0.7770312,0.24006626,0.2351581,0.4340534,0.013360833,0.08623457,0.33245713,0.07328792,0.063487336,0.32837707,0.14419733,0.53657484,0.5195116,0.06053958,0.46298563,0.3543558,0.4651851,0.29894188,0.8433333,0.5839683,0.18698213,0.26755196,0.8778769,0.10824166,0.7250737,0.15089817,0.33140647,0.11609666,0.36890894,0.17759979,0.7078899,0.34411037,0.7289963,0.48131788,0.3763854,0.71363926,0.35919178,0.2583424,0.4527353,0.2586888,0.13069797
BC2026_Train_0004_S08_20250607_070007_5,0.6859349,0.4721856,0.9914563,0.66240996,0.5984546,0.9124687,0.061432503,0.5080854,0.7701008,0.15834606,0.95933795,0.82467186,0.7778177,0.8015214,0.35241777,0.77833354,0.26507312,0.8750281,0.75247896,0.83596563,0.6881224,0.837016,0.5254921,0.55093366,0.82014036,0.39282626,0.98659635,0.69192326,0.99322045,0.7058302,0.69052476,0.6267289,0.7925769,0.65629226,0.47832292,0.63826597,0.5895536,0.6464889,0.6278486,0.70685184,0.6709347,0.72088194,0.6163812,0.7409182,0.4720102,0.5541409,0.70950043,0.5569541,0.45564488,0.5656788,0.6317172,0.5840022,0.64914906,0.58162516,0.68619937,0.13171102,0.8412812,0.4914716,0.9905187,0.6525606,0.8619842,0.5259654,0.83633006,0.38595375,0.53812253,0.16546038,0.8053138,0.51063615,0.3027731,0.7897382,0.2217325,0.6041029,0.73168004,0.8901552,0.946594,0.51254284,0.22948238,0.921741,0.2314829,0.5642384,0.69082034,0.79026043,0.865427,0.80420375,0.8648797,0.5478202,0.6940048,0.9124099,0.47355038,0.8380135,0.25910836,0.9556687,0.7252978,0.8365505,0.2578447,0.2362973,0.42713934,0.73602843,0.80144894,0.7793946,0.050614737,0.859759,0.6859038,0.73213565,0.47361308,0.9609124,0.589125,0.13371482,0.74208164,0.18691519,0.7315818,0.2167019,0.4022267,0.7779851,0.7019124,0.5799214,0.8840363,0.53297895,0.34012043,0.8886479,0.7599819,0.7006142,0.17809293,0.41813797,0.52008915,0.46657205,0.59763765,0.88681686,0.6007396,0.47325665,0.8572706,0.42600462,0.3810426,0.9552124,0.78641975,0.57588184,0.5552001,0.2987909,0.85378766,0.98413426,0.59879416,0.37527418,0.21381293,0.62685823,0.99264216,0.5020684,0.45289436,0.8814411,0.8105563,0.2406654,0.5706148,0.5545635,0.5543182,0.18231878,0.85959375,0.3850636,0.55356073,0.14997458,0.4050399,0.8372352,0.81382966,0.8710024,0.1430988,0.65598464,0.80880237,0.85712814,0.5050978,0.6233804,0.23709643,0.8185917,0.7274809,0.763756,0.83660203,0.65680575,0.628085,0.5666652,0.5401877,0.88741803,0.785516,0.8522871,0.42191148,0.71759427,0.6315756,0.4626871,0.36279288,0.3286957,0.18540634,0.8993813,0.45731828,0.29686993,0.3914323,0.7724811,0.83929735,0.95735896,0.68380976,0.6370939,0.7173705,0.42398518,0.6633868,0.4127279,0.20066041,0.596504,0.7645788,0.4685428,0.52081835,0.7465069,0.4898196,0.3404128,0.5438229,0.6730417,0.9109211,0.73580253,0.91638744,0.7273762,0.53471154,0.7552694,0.7225064,0.75683534,0.22501327,0.5645589,0.32883143,0.14745554,0.77891874,0.8509302,0.52106524,0.913842,0.26683667,0.5610496,0.81311,0.8805759,0.83560544,0.9432158,0.4956329,0.1212972
BC2026_Train_0004_S08_20250607_070007_10,0.69102395,0.5579419,0.9736382,0.58799666,0.6267501,0.70684946,0.12701544,0.47327363,0.6618004,0.19704574,0.36116296,0.83557415,0.545741,0.8341661,0.51063436,0.8385029,0.2623362,0.78066623,0.79256165,0.75571054,0.7424177,0.83536816,0.5289989,0.5857419,0.6743233,0.7056526,0.79477966,0.73334384,0.9983302,0.5429444,0.61215806,0.58563274,0.66244113,0.6129654,0.45260638,0.56524897,0.5511351,0.62709135,0.6149339,0.6801702,0.6561093,0.6407117,0.5342939,0.63236475,0.48590064,0.519503,0.7166877,0.5954964,0.4920745,0.4956922,0.5358075,0.5712597,0.58061916,0.5144172,0.5984144,0.118420735,0.7496427,0.6497196,0.96052885,0.75189006,0.5466034,0.47664487,0.48807937,0.47681683,0.28218946,0.31448364,0.94619215,0.4726541,0.50195843,0.827003,0.28674525,0.6239703,0.6333587,0.8558631,0.8143916,0.15188508,0.66837037,0.9001293,0.2744111,0.6209663,0.7764474,0.94049716,0.7652403,0.5659212,0.8717945,0.69113696,0.6258104,0.63943183,0.3547486,0.78874063,0.29809707,0.9195717,0.52143276,0.8189397,0.6349287,0.18795022,0.4232557,0.7891371,0.5863926,0.62252617,0.22681841,0.7349943,0.5668001,0.5647792,0.45015246,0.5908816,0.548609,0.12105326,0.5559024,0.094434455,0.55326617,0.29104596,0.74054193,0.76600325,0.79685056,0.64303327,0.8444007,0.55375904,0.37685055,0.675877,0.79587626,0.60392725,0.24402004,0.54553586,0.5867266,0.41264123,0.5549228,0.8742019,0.6523135,0.5170715,0.7026714,0.3629403,0.4429984,0.69941694,0.6340044,0.7033675,0.72826004,0.46443987,0.60923964,0.5434231,0.26462513,0.42580104,0.18253586,0.6865854,0.9994189,0.34056884,0.6599509,0.5830761,0.6703365,0.09177092,0.43202764,0.35825938,0.70432603,0.6498531,0.83939254,0.34040403,0.35757536,0.2527104,0.14070478,0.73327535,0.42753756,0.727901,0.5340339,0.4661695,0.7786324,0.6706838,0.49008226,0.59065616,0.64260834,0.6968106,0.6868435,0.6375165,0.8922901,0.33164722,0.43147647,0.43767256,0.59685445,0.896078,0.7047298,0.9064408,0.44501138,0.60290015,0.5885923,0.53115594,0.39232326,0.23358807,0.33350277,0.5782635,0.6642486,0.23376086,0.664178,0.8278773,0.65842104,0.7214483,0.5664773,0.5451103,0.46417117,0.24562389,0.67040646,0.753528,0.18568805,0.73328966,0.65893286,0.32336432,0.44304052,0.90847754,0.28020382,0.6142511,0.40930438,0.3843158,0.7277988,0.6217322,0.8438333,0.82137334,0.6200804,0.69671416,0.5266321,0.59068656,0.21464404,0.7304553,0.39941132,0.36247426,0.6587336,0.44341642,0.5705145,0.94749653,0.53874373,0.40401322,0.6244849,0.84476066,0.5416223,0.7185979,0.5929968,0.2288785
BC2026_Train_0004_S08_20250607_070007_15,0.68552923,0.7614622,0.814824,0.7586193,0.6085461,0.7255299,0.51748824,0.6808653,0.9347671,0.39065686,0.18040663,0.6370752,0.7022433,0.8140161,0.2321231,0.96832633,0.44753456,0.33380324,0.6952344,0.7486885,0.709851,0.5705659,0.57349783,0.63249433,0.76134765,0.64655375,0.8720577,0.4908354,0.94614494,0.2791619,0.6814786,0.6582741,0.69873303,0.76128125,0.4447765,0.6932391,0.5870825,0.6787376,0.70210004,0.66072947,0.63954437,0.7073061,0.6629951,0.64758474,0.46597058,0.5396387,0.7745793,0.6003548,0.51525563,0.5588179,0.6888708,0.6233002,0.72667855,0.67177284,0.62249064,0.17042574,0.47953933,0.6763068,0.7192153,0.78383005,0.6409594,0.5033612,0.59903795,0.6168349,0.3636874,0.99101985,0.73133945,0.4498567,0.707502,0.5653637,0.44496873,0.6357291,0.6791165,0.8259206,0.58045983,0.099307224,0.6519456,0.8307618,0.5435708,0.6456038,0.67767954,0.9324161,0.8641695,0.6121144,0.6789168,0.5493915,0.5355143,0.63595665,0.5024105,0.80516624,0.2273964,0.94324994,0.7637536,0.89977264,0.5198273,0.2029219,0.5980499,0.7322281,0.36927724,0.69160414,0.44727296,0.73106766,0.7898948,0.5340361,0.56089365,0.51325405,0.6205532,0.33812535,0.4420681,0.1610021,0.6807604,0.52456105,0.78864,0.4650764,0.61742574,0.6509011,0.83358705,0.63909984,0.6984637,0.55143213,0.9011021,0.8966987,0.2816295,0.53698456,0.5846087,0.4760303,0.34047586,0.9134078,0.6318872,0.6755387,0.77855563,0.104800634,0.65892804,0.6580082,0.5739556,0.8205528,0.82293904,0.6037524,0.7539631,0.65976137,0.32270116,0.6625004,0.34535986,0.7484888,0.981246,0.25239256,0.8069298,0.7449746,0.7925751,0.09113832,0.6587149,0.56195766,0.71502745,0.6531725,0.8416447,0.6886083,0.52369964,0.29085076,0.18281999,0.62768793,0.7023634,0.6240796,0.53168434,0.6391028,0.71267736,0.7325594,0.71148205,0.69968617,0.6802442,0.64428055,0.4745596,0.6829761,0.8035567,0.22952665,0.46653545,0.71532226,0.8208499,0.82653034,0.6788523,0.7397039,0.71081424,0.4579305,0.5854249,0.4410244,0.91946065,0.40499347,0.28032684,0.61999905,0.46972364,0.45062697,0.6251892,0.786247,0.91345274,0.7660897,0.68067944,0.49680397,0.3049796,0.1571746,0.82531583,0.77285624,0.21653882,0.84125715,0.8097968,0.25628498,0.718912,0.93949854,0.28056908,0.5226552,0.34666604,0.2160443,0.78453696,0.6688689,0.8821627,0.72850937,0.7702396,0.8889942,0.50360584,0.7587811,0.104910165,0.71710014,0.37067312,0.5762877,0.4905019,0.3299175,0.617989,0.89693415,0.73976076,0.49116415,0.53273976,0.84953576,0.5859523,0.6505772,0.72516775,0.35742193
BC2026_Train_0004_S08_20250607_070007_20,0.7228081,0.65838766,0.9245354,0.60618377,0.5516821,0.6986978,0.6738523,0.5310836,0.91445005,0.23656952,0.22501609,0.76353157,0.6652031,0.68693244,0.1352086,0.93842584,0.39798257,0.39504695,0.6633482,0.63185847,0.68111265,0.431539,0.681131,0.5625957,0.6764643,0.28887555,0.90412176,0.66324294,0.97638965,0.5522793,0.60105693,0.4400695,0.59792763,0.5816458,0.40003133,0.5263416,0.50363314,0.5614885,0.58446145,0.5442348,0.54428685,0.59666115,0.49315798,0.5376337,0.454691,0.48404616,0.63312227,0.5706558,0.47172487,0.58866316,0.55807126,0.5305397,0.5550972,0.53211623,0.5753955,0.09489021,0.49121457,0.5481609,0.83937335,0.71966493,0.64510036,0.38162977,0.7215364,0.6503422,0.30145198,0.38655788,0.77715313,0.6009042,0.6578741,0.6999197,0.29625332,0.618219,0.60411334,0.85312915,0.66027546,0.27397215,0.77175057,0.8242885,0.5026531,0.6510589,0.7315109,0.7632464,0.8899274,0.5504323,0.83443844,0.5936008,0.6347095,0.7891644,0.3147037,0.8953316,0.29038376,0.95173746,0.88387096,0.9841713,0.46043617,0.106491774,0.563416,0.74513304,0.4347901,0.6434009,0.2140007,0.6605265,0.6308708,0.6463795,0.29127616,0.78929436,0.3608293,0.3000362,0.5981824,0.3508588,0.65997994,0.46415263,0.6083853,0.46017194,0.7691878,0.7375016,0.8110272,0.52112436,0.6370032,0.64801586,0.8522408,0.72789204,0.32979822,0.6345115,0.70326495,0.68353784,0.43131322,0.9445256,0.63316095,0.45069277,0.6800871,0.072221346,0.68280673,0.74946034,0.47604644,0.49944413,0.7166965,0.33861804,0.69453025,0.81117344,0.36279082,0.69667923,0.3477372,0.74764484,0.9607122,0.2694859,0.8999599,0.7433686,0.89730096,0.22953555,0.5542449,0.55107534,0.56060505,0.6137605,0.85642177,0.7245414,0.4002475,0.2771653,0.18445227,0.7548348,0.554445,0.5147492,0.49916488,0.52822506,0.7680937,0.3935486,0.629042,0.7055446,0.49317402,0.76630247,0.657547,0.7710521,0.78425646,0.24003468,0.58343935,0.648692,0.7244469,0.77125454,0.6603276,0.8540042,0.8481202,0.43405634,0.5118948,0.42857367,0.9533948,0.4936483,0.48561198,0.7497548,0.45523062,0.4760005,0.3863765,0.819898,0.72266626,0.74245477,0.5816457,0.43744844,0.33746636,0.35377598,0.8448376,0.648944,0.32481462,0.8084463,0.5997213,0.6339084,0.6948923,0.97730625,0.47934726,0.5218785,0.3514229,0.3319521,0.8817482,0.7198782,0.7610041,0.7470498,0.37106842,0.8394135,0.41788828,0.7871592,0.13924316,0.6436688,0.36941892,0.37797087,0.5448619,0.32806265,0.24361736,0.9253659,0.4728977,0.57666373,0.53334385,0.8185425,0.75638556,0.7836523,0.79622674,0.1858511
BC2026_Train_0004_S08_20250607_070007_25,0.6781839,0.7030009,0.8577095,0.99167824,0.54630876,0.8820149,0.5826012,0.40665615,0.9949442,0.1988157,0.35719764,0.7057828,0.6657957,0.8835733,0.19251254,0.87810415,0.4028471,0.5143682,0.94120824,0.77013266,0.60413456,0.8535241,0.40156233,0.8497576,0.60728335,0.22798178,0.9347306,0.6263422,0.9742756,0.6544142,0.80664086,0.8342867,0.9928488,0.8470732,0.5326874,0.84463,0.8398659,0.98894465,0.8955691,0.8641551,0.8541175,0.849776,0.81075025,0.8888029,0.54879355,0.5612645,0.90186757,0.950521,0.5597676,0.6692524,0.84004533,0.7978792,0.8295637,0.86555374,0.8550768,0.21630383,0.5470055,0.9849613,0.939736,0.61282766,0.7191303,0.43149263,0.7431413,0.51114726,0.38559574,0.7628086,0.92578304,0.57593775,0.63774014,0.85666406,0.22947192,0.2530863,0.7206067,0.7897476,0.8868712,0.4037978,0.5635654,0.83919144,0.47923476,0.8702381,0.6967877,0.6069647,0.932914,0.7871108,0.9706968,0.62200487,0.81015325,0.71666133,0.4424382,0.83909905,0.4305766,0.8677832,0.87466776,0.95854974,0.5659316,0.22850317,0.65687907,0.87082106,0.6243652,0.6950933,0.23384935,0.47254992,0.33953744,0.7204342,0.30468744,0.92483556,0.39194372,0.43291783,0.8008907,0.31915542,0.7921668,0.5615729,0.5271259,0.40176564,0.6165804,0.7566469,0.52309275,0.67789507,0.70497,0.81398296,0.9147335,0.6928108,0.40344942,0.7453126,0.56093824,0.7718178,0.7631724,0.92468756,0.44737983,0.49778622,0.89472854,0.15688056,0.6611512,0.9084295,0.6849401,0.3624299,0.78472996,0.37321198,0.86420655,0.7195097,0.6272552,0.8010106,0.32973868,0.6463331,0.9759257,0.35265458,0.81727755,0.9349911,0.9829402,0.5152416,0.55224335,0.7944906,0.5500826,0.5131593,0.78096986,0.6334938,0.31020665,0.4268048,0.14072706,0.8923125,0.8856636,0.3219092,0.73321044,0.5237921,0.59379005,0.67555165,0.79244816,0.8193984,0.38820457,0.94300413,0.93240833,0.70381904,0.58124626,0.33970368,0.6663763,0.4762926,0.6324922,0.69328123,0.71156406,0.87090504,0.72524476,0.5223065,0.5493163,0.2237699,0.7186047,0.7722149,0.46281052,0.81505585,0.33377725,0.54804075,0.57193506,0.87197864,0.8119386,0.9327141,0.5323934,0.21393776,0.38106477,0.29925263,0.8163396,0.7582612,0.2867785,0.49573326,0.5971085,0.7397991,0.8126023,0.85834205,0.56397134,0.53527725,0.15664285,0.42850602,0.57812226,0.84203243,0.9566846,0.7786392,0.5463313,0.8117747,0.70237565,0.9075382,0.14704762,0.77839816,0.69638276,0.37607932,0.7882092,0.7617783,0.10772551,0.90766656,0.5014207,0.64496624,0.7442403,0.8437799,0.8608985,0.86246836,0.8473471,0.20920354
BC2026_Train_0004_S08_20250607_070007_30,0.5517345,0.44444406,0.5913798,0.4953437,0.4957686,0.6418133,0.49701846,0.30368418,0.6825371,0.111731105,0.32107306,0.50095594,0.4682243,0.6020242,0.07766731,0.74583864,0.19001928,0.35987097,0.681918,0.662779,0.49871004,0.66086745,0.42263547,0.4440532,0.33067974,0.4750439,0.77667576,0.3483804,0.85155857,0.47537804,0.43191075,0.39873526,0.57323605,0.47267392,0.39730793,0.35191417,0.40050554,0.50724065,0.45858613,0.48471582,0.49191225,0.49048007,0.38605124,0.39079994,0.48530018,0.48056704,0.54250914,0.5239736,0.45549,0.5174883,0.43313396,0.36646616,0.4163903,0.47992903,0.4772079,0.17872465,0.51113695,0.35589767,0.7941077,0.46611577,0.5844848,0.32046044,0.62413776,0.33123028,0.2076312,0.72834456,0.7337738,0.41381782,0.5740011,0.62070996,0.21078283,0.28563637,0.8506127,0.689741,0.98111343,0.597349,0.25968057,0.93011546,0.6683465,0.8957193,0.53734815,0.48439592,0.949312,0.54851735,0.8773397,0.50669885,0.9032488,0.5121614,0.6220412,0.6361307,0.2507097,0.834144,0.6690881,0.66847813,0.6015126,0.2019502,0.5828406,0.7616401,0.42912495,0.68704915,0.26240805,0.5181286,0.30014932,0.72127116,0.36423224,0.82458663,0.5647291,0.4152289,0.6696155,0.5526078,0.88144386,0.3871488,0.8472806,0.710667,0.7071521,0.83117855,0.5663456,0.6720551,0.60562897,0.83097947,0.91719294,0.7615516,0.38860625,0.64755034,0.41403836,0.55615944,0.5741193,0.9466604,0.5580616,0.48225355,0.89145005,0.32377344,0.59391755,0.8206595,0.58044577,0.4949762,0.74516976,0.6671541,0.96321034,0.50220114,0.6021215,0.5924858,0.61178184,0.77338505,0.9365095,0.4492269,0.5890683,0.9058827,0.80627036,0.44732106,0.4766822,0.7070813,0.6535413,0.68265307,0.78161275,0.7307898,0.3167453,0.22974648,0.09059152,0.8950858,0.6074221,0.6185469,0.6708909,0.651322,0.7941294,0.22204079,0.64935315,0.88797706,0.45944566,0.78681743,0.759447,0.7011739,0.47351444,0.34532022,0.5769266,0.46341264,0.5314969,0.8916304,0.8304987,0.8669995,0.5594195,0.41115952,0.46755254,0.2496393,0.44917548,0.6279614,0.30893576,0.82234913,0.34049815,0.47004396,0.81748164,0.72043145,0.76508355,0.96770835,0.70406413,0.22270843,0.4290371,0.28321466,0.6837661,0.6633699,0.56999636,0.41440028,0.46784246,0.5356347,0.9108689,0.8123611,0.3235315,0.3586427,0.08379206,0.25017738,0.7052326,0.88443565,0.891624,0.7900387,0.40659148,0.85193056,0.66290104,0.89197636,0.21796082,0.86161876,0.64175665,0.26522553,0.7046224,0.8438286,0.194751,0.98321706,0.71704936,0.5546638,0.7219651,0.89188004,0.6179871,0.8151392,0.8636284,0.54814667
BC2026_Train_0004_S08_20250607_070007_35,0.68906987,0.8085473,0.4970801,0.89608216,0.68183064,0.8093139,0.38712144,0.52511644,0.9396547,0.40383482,0.5474303,0.3574595,0.6132225,0.7807262,0.0730373,0.97703856,0.3735519,0.40987837,0.9735975,0.73124695,0.7469939,0.92349803,0.7179385,0.7181493,0.79661053,0.7314366,0.95872706,0.46703392,0.9597619,0.39599788,0.7160699,0.7754563,0.88037616,0.8266177,0.52470165,0.720142,0.7003098,0.8733088,0.7455727,0.7919141,0.8181561,0.8596278,0.76462734,0.82358575,0.6137875,0.6384579,0.88934016,0.68684065,0.5805277,0.6687777,0.75108117,0.74757016,0.7893908,0.86302745,0.7740966,0.3560198,0.7923676,0.97488713,0.6262635,0.70644164,0.78064466,0.37916648,0.74982697,0.56821823,0.29107222,0.89434314,0.8567861,0.62599015,0.6135267,0.7232755,0.42313516,0.4546986,0.8528656,0.8212471,0.6049237,0.30515122,0.3970958,0.8737596,0.6577923,0.935099,0.8211423,0.4538887,0.9619906,0.6775279,0.80173683,0.6565782,0.90949523,0.60758185,0.565767,0.81983924,0.34148014,0.90721107,0.7970394,0.84022665,0.7724073,0.4196298,0.7411667,0.83941835,0.5386595,0.55016804,0.19071935,0.85408795,0.598632,0.68544674,0.62142503,0.63982296,0.87966657,0.56826043,0.52682805,0.37526172,0.89637303,0.53519654,0.889711,0.8546766,0.8206477,0.7855251,0.93631196,0.5553617,0.67028487,0.68559647,0.9384489,0.9423579,0.3083238,0.5579157,0.6303166,0.48783523,0.69033885,0.909892,0.67088914,0.607903,0.7391269,0.21894586,0.6286838,0.6822736,0.66014314,0.6846621,0.8122721,0.94607234,0.92478216,0.75455046,0.77790314,0.6527469,0.64212203,0.7693927,0.91489,0.60067815,0.7085892,0.6777508,0.86222076,0.34955245,0.6667285,0.7434207,0.78142893,0.70085835,0.8290527,0.7554822,0.6105529,0.29653674,0.2483527,0.88510716,0.85956955,0.8035668,0.760738,0.7957869,0.84036964,0.57380146,0.6611717,0.8955437,0.61864805,0.8536558,0.5403575,0.73876905,0.82837725,0.47923595,0.66080797,0.7502446,0.6719651,0.9190997,0.8947834,0.91169655,0.7521825,0.71501684,0.6118754,0.42689443,0.6083001,0.7354109,0.32502568,0.8062185,0.66972506,0.5663435,0.85144734,0.7987281,0.83438176,0.90864754,0.8409636,0.5198648,0.6075084,0.44724584,0.78648484,0.5203109,0.6548604,0.73059916,0.7010962,0.54717875,0.8956294,0.7519513,0.46477044,0.50843614,0.24160719,0.4244594,0.7211213,0.90388775,0.898393,0.70338047,0.72144365,0.86605775,0.45071536,0.8840487,0.40801194,0.7986376,0.5906445,0.46928298,0.7722918,0.66601074,0.4855162,0.8815621,0.7115958,0.6026165,0.78758585,0.8001962,0.5677376,0.887797,0.8841245,0.61506927
BC2026_Train_0004_S08_20250607_070007_40,0.60090864,0.6474917,0.54513884,0.930336,0.46457005,0.7171172,0.24431264,0.37449217,0.86746645,0.5205923,0.47104585,0.16338778,0.49984136,0.7683044,0.1459445,0.99196446,0.40995282,0.52953947,0.7046293,0.47212029,0.7262976,0.59015,0.51539314,0.7555642,0.79682815,0.7047888,0.950431,0.30984178,0.98459065,0.14529118,0.8032548,0.86445934,0.9540963,0.85428566,0.552152,0.81299984,0.8083457,0.8624996,0.7987696,0.86761516,0.8603351,0.8334818,0.76886976,0.8140377,0.6558124,0.6719816,0.8866626,0.72400206,0.6029987,0.6953834,0.7999155,0.7857677,0.8583915,0.8075496,0.8464249,0.15966672,0.6369953,0.9253494,0.8080218,0.5932238,0.73687565,0.23000166,0.6106359,0.5075152,0.22892845,0.7419107,0.8538401,0.6173862,0.7705265,0.7443615,0.24450356,0.45823675,0.7803857,0.91210485,0.6810534,0.21559861,0.55019045,0.911775,0.75338006,0.70589244,0.8649372,0.65566087,0.8812525,0.626811,0.6619085,0.43763465,0.7605128,0.73025835,0.6334797,0.9458157,0.18540528,0.60227466,0.67918324,0.97537833,0.50050193,0.2624349,0.7050512,0.72108305,0.65860605,0.7278526,0.24811682,0.7831603,0.79025245,0.6214974,0.5782812,0.7285718,0.8222654,0.40182316,0.6393359,0.26110658,0.9193437,0.5380141,0.70626605,0.745507,0.8219037,0.8196544,0.94802797,0.78665745,0.76997006,0.80334973,0.8866662,0.95813215,0.2652601,0.8091042,0.52648455,0.49722385,0.6829405,0.9589865,0.384844,0.8061203,0.5509315,0.10241151,0.5320918,0.84594643,0.7253963,0.4585005,0.81425714,0.84613955,0.93472636,0.9614331,0.62406576,0.8199171,0.31788713,0.9138708,0.85189646,0.35140085,0.6856868,0.81833446,0.9373119,0.22895542,0.4589898,0.7260685,0.7416446,0.55543923,0.916483,0.70843494,0.6936047,0.3813482,0.25616476,0.6062331,0.8033812,0.8889723,0.4747671,0.79672515,0.85838807,0.84143937,0.72243917,0.81878424,0.5751443,0.8214787,0.71897554,0.77334607,0.9396875,0.20581469,0.6662611,0.7069186,0.66921645,0.9608931,0.85048825,0.9330865,0.7233213,0.7670162,0.577515,0.43788567,0.879979,0.5075383,0.20055515,0.8484788,0.550882,0.71273327,0.63123,0.7900547,0.9549353,0.9159843,0.79867065,0.5326445,0.78725564,0.23208654,0.8887401,0.68853796,0.2744151,0.6412078,0.6185761,0.35837883,0.81698227,0.8244879,0.52929854,0.35610312,0.21315837,0.407399,0.798514,0.8364314,0.88850176,0.7469585,0.46162087,0.91588557,0.647925,0.91679466,0.37429082,0.7684156,0.73253524,0.61119735,0.6648127,0.8097267,0.37911224,0.97706676,0.7810918,0.5184614,0.80580884,0.8562912,0.57728803,0.8815218,0.6642405,0.3927856
BC2026_Train_0004_S08_20250607_070007_45,0.5422677,0.60725415,0.17597735,0.3352626,0.3057946,0.47755906,0.0870113,0.2099739,0.521871,0.2100491,0.2883471,0.1552116,0.47149226,0.5372919,0.07237072,0.7350483,0.10809395,0.38932353,0.5169853,0.37693387,0.62215817,0.41286993,0.3078766,0.25493512,0.72037244,0.41473407,0.66023624,0.15004511,0.8859354,0.07722262,0.30053264,0.26763916,0.39087445,0.29207787,0.1845704,0.2705249,0.23126967,0.3076028,0.31417832,0.29003575,0.32508123,0.31637383,0.22961338,0.3161884,0.3172305,0.29368535,0.3885558,0.3441751,0.24282418,0.3037765,0.27149647,0.2325016,0.24410734,0.28579324,0.29659104,0.055257984,0.36812735,0.29513407,0.7342514,0.39383596,0.48386943,0.17183799,0.61462593,0.33460546,0.20189783,0.29777116,0.617336,0.24088573,0.43921602,0.544337,0.14670041,0.5548945,0.6140102,0.76308525,0.8534167,0.22158134,0.5576755,0.8748295,0.7709756,0.4390312,0.58619773,0.514658,0.71336806,0.52040017,0.50510836,0.41246927,0.7728731,0.65364087,0.48481768,0.69056296,0.15264824,0.70679176,0.5358061,0.88382304,0.2730077,0.06449162,0.48063228,0.55376303,0.575929,0.6136265,0.36500472,0.56810856,0.67209804,0.8054843,0.33177462,0.526854,0.5751059,0.124797404,0.6038924,0.2852818,0.6933017,0.29423702,0.6309574,0.68774843,0.5380289,0.64643586,0.9352741,0.65721273,0.574715,0.6720264,0.8703171,0.9121207,0.3299272,0.7438438,0.3890159,0.41946748,0.22568469,0.94991255,0.27413487,0.6239782,0.42245865,0.11694935,0.24640611,0.78229004,0.52279276,0.3884421,0.9137194,0.5748427,0.87953836,0.6446341,0.45689088,0.85122454,0.20723468,0.6683128,0.7235278,0.37734157,0.48175102,0.71213603,0.8033446,0.12640204,0.40821743,0.6865839,0.53046405,0.5625061,0.9274416,0.4586102,0.5616938,0.18987593,0.14327502,0.4609523,0.731065,0.7438071,0.2821068,0.6225654,0.6860895,0.3026191,0.41539615,0.7712705,0.29318196,0.58529186,0.62278855,0.52603567,0.7369515,0.0811273,0.5213236,0.7433375,0.6096879,0.9062567,0.714623,0.6834405,0.5220847,0.51296365,0.5572207,0.18885145,0.74262136,0.41017175,0.3014726,0.69628084,0.321824,0.43845803,0.5488522,0.66025376,0.8308064,0.837216,0.62777615,0.40597093,0.59635776,0.15522471,0.5600081,0.5806371,0.24821152,0.5290743,0.32470322,0.4965201,0.69752717,0.7428081,0.36079824,0.4034871,0.114594534,0.29868472,0.88131624,0.84374094,0.82479703,0.77873874,0.39940166,0.77890205,0.5403831,0.7578003,0.2535208,0.4710073,0.538197,0.47859287,0.58215666,0.6505183,0.31792146,0.94463944,0.6935817,0.39498055,0.50841177,0.7870471,0.49143475,0.8766076,0.49218455,0.22646937
BC2026_Train_0004_S08_20250607_070007_50,0.5352097,0.4703918,0.16400754,0.50726044,0.32964468,0.5893509,0.110654786,0.2667248,0.6964575,0.07802566,0.25421038,0.2969616,0.5299586,0.6811272,0.16311958,0.77936995,0.09387219,0.64340806,0.46175027,0.71191424,0.4766978,0.4597386,0.28508073,0.47971094,0.7875501,0.29315525,0.9715718,0.123905644,0.8445278,0.20880902,0.4535897,0.45638818,0.60788804,0.44990045,0.25306433,0.3958963,0.41578934,0.50138533,0.48492587,0.5046455,0.5082772,0.56512487,0.37155885,0.4519987,0.39533582,0.34121674,0.53139865,0.4010368,0.30959666,0.34262058,0.42845201,0.41141218,0.39671218,0.605012,0.51194143,0.06852246,0.49565595,0.7004628,0.43355465,0.6362467,0.7081351,0.2897612,0.51780355,0.3950072,0.5321766,0.38276303,0.7910708,0.27879697,0.16176358,0.7421453,0.19260684,0.48410803,0.8349639,0.7209797,0.46950477,0.08711542,0.5868043,0.8614669,0.6242007,0.679513,0.715626,0.6093782,0.8959421,0.7623767,0.7427261,0.3249411,0.65102756,0.7440436,0.72414494,0.8106799,0.06920544,0.53531325,0.7911223,0.9087163,0.17302677,0.04118792,0.4865256,0.78044665,0.45980018,0.7650448,0.48263147,0.835559,0.20942923,0.66043305,0.21948327,0.4873237,0.74320877,0.05482862,0.5406069,0.18785283,0.88613975,0.34731698,0.50550425,0.8497371,0.7273395,0.57619643,0.9612901,0.67869735,0.7227337,0.7142632,0.8989204,0.9208343,0.32160777,0.81320965,0.30576423,0.63425654,0.24945116,0.95002913,0.27533138,0.5662252,0.59770775,0.34905708,0.36018693,0.70878816,0.5500212,0.5351349,0.9355391,0.4714779,0.66616404,0.48217827,0.118274584,0.97691536,0.19504845,0.79453933,0.8875543,0.44664764,0.58898485,0.78469867,0.9759705,0.3856358,0.6184711,0.739264,0.6632385,0.43666017,0.82943857,0.59425604,0.48251402,0.3096307,0.2724731,0.7361437,0.979418,0.7778912,0.56407493,0.504563,0.8807187,0.61692613,0.42137223,0.8004772,0.4477437,0.70758533,0.6644317,0.671855,0.69114244,0.16057444,0.74971986,0.6065454,0.6074915,0.95126927,0.8226683,0.8504766,0.7313459,0.62930584,0.5968448,0.31370813,0.4411764,0.6480252,0.2134328,0.78284,0.3951072,0.27827695,0.6894865,0.8276608,0.7903278,0.75411546,0.7770957,0.35324717,0.6666858,0.18030992,0.73333406,0.51727855,0.45281285,0.3265032,0.2472647,0.62700677,0.74201787,0.7788514,0.43343258,0.33051813,0.33808345,0.5668038,0.96538544,0.94197285,0.9510633,0.74382627,0.25660834,0.8736865,0.28613946,0.6657697,0.29397124,0.51734626,0.24211189,0.4464762,0.72067094,0.6592607,0.2639482,0.9922386,0.7156309,0.75623477,0.37623578,0.8941083,0.8681065,0.9641952,0.7416818,0.22737962
BC2026_Train_0004_S08_20250607_070007_55,0.52347744,0.49308297,0.6525947,0.7081655,0.646991,0.71280384,0.19024703,0.5553236,0.6287004,0.176774,0.56809163,0.24124965,0.6346762,0.7339661,0.18333259,0.9057517,0.465341,0.70447063,0.66598153,0.8155178,0.67623043,0.8303193,0.30675167,0.740212,0.7302449,0.3354833,0.8910601,0.31787252,0.88205934,0.3422029,0.60679376,0.6856599,0.72943676,0.6885005,0.4459397,0.5602754,0.7210563,0.66477823,0.5727551,0.7399954,0.7001957,0.6616947,0.6006409,0.6108695,0.529487,0.53606,0.6733172,0.6092907,0.53225416,0.5537514,0.62754655,0.61401916,0.6536596,0.6361188,0.7215808,0.101429015,0.3293776,0.47220272,0.6437541,0.78486204,0.89708173,0.40834326,0.6990274,0.56145966,0.7514558,0.49558276,0.826843,0.57967645,0.3149676,0.93358904,0.13594292,0.35410967,0.93915915,0.89325964,0.49297285,0.04882175,0.39649367,0.84066343,0.1863648,0.8856431,0.8943776,0.7363229,0.88828117,0.80227983,0.76639163,0.54218197,0.50130534,0.78314495,0.7853507,0.9251082,0.14049175,0.305355,0.60147345,0.8690919,0.5289516,0.15820912,0.8228692,0.78248525,0.6612179,0.8079299,0.2283872,0.97472584,0.15001978,0.4660226,0.2208047,0.62861884,0.6764456,0.121315196,0.4869719,0.332583,0.56488097,0.18339543,0.35399806,0.84307945,0.92492545,0.698313,0.96573937,0.59286714,0.7081752,0.86148405,0.8432721,0.83649063,0.3883382,0.58388346,0.50277543,0.89511085,0.62566924,0.964823,0.4904496,0.38526857,0.5498932,0.18519384,0.7236178,0.7929692,0.42266196,0.73368657,0.8928665,0.45488977,0.5848001,0.815812,0.23966213,0.7555901,0.42477065,0.7729833,0.8147162,0.8711885,0.6510545,0.50602126,0.9913863,0.3848672,0.73148906,0.70194614,0.5801503,0.29866344,0.85431576,0.64232934,0.48867488,0.5582347,0.49739218,0.7118871,0.9127394,0.9462013,0.6455051,0.81101143,0.8420572,0.20576636,0.4212178,0.72141755,0.47534385,0.6742191,0.7848134,0.854851,0.4426629,0.28736618,0.91333795,0.4667283,0.8941941,0.9528725,0.63476276,0.9202875,0.7332336,0.47021943,0.55163145,0.41020656,0.5747672,0.62772334,0.10302539,0.7965492,0.4324333,0.13537902,0.5913371,0.849195,0.9270667,0.7666881,0.6836052,0.40718824,0.6361059,0.29645747,0.9159807,0.86725545,0.7050427,0.33629155,0.30739534,0.39271122,0.82186615,0.6873447,0.64865637,0.18734673,0.25736177,0.4671027,0.94403875,0.9104081,0.88460493,0.69924223,0.29668248,0.7997393,0.13907054,0.83097064,0.3042271,0.5943694,0.2229715,0.37203193,0.75741386,0.72755563,0.48616916,0.97087,0.7666706,0.8758644,0.5309188,0.8076427,0.81128657,0.9677005,0.6903285,0.24616301
BC2026_Train_0004_S08_20250607_070007_60,0.68298495,0.8841826,0.86804587,0.7391593,0.97025,0.659214,0.70068324,0.9411354,0.95073247,0.6902782,0.49025163,0.17368956,0.7880839,0.7454423,0.44525066,0.9290205,0.872926,0.28431857,0.8697822,0.85823333,0.6692625,0.9281281,0.81522286,0.71340656,0.77432597,0.21096858,0.84487796,0.34729195,0.7644819,0.77969015,0.67323816,0.6695894,0.76419723,0.7161666,0.5131554,0.6860412,0.6800527,0.74070406,0.72364354,0.7278439,0.7135105,0.8122884,0.6444863,0.5993342,0.5893709,0.60280335,0.7375546,0.6627722,0.5258053,0.6496277,0.71590304,0.6875013,0.65994626,0.7494973,0.7307575,0.29338446,0.32842332,0.9267104,0.86922204,0.68357456,0.8730271,0.77520204,0.7070925,0.8299271,0.8839145,0.98665726,0.809458,0.5486407,0.38551223,0.76450384,0.32384413,0.67059815,0.8574585,0.90738726,0.28478542,0.08102937,0.12439801,0.6270404,0.16174102,0.66190934,0.93276274,0.9337549,0.96917915,0.9196625,0.8219484,0.7436031,0.8037684,0.9408312,0.7594718,0.8847388,0.35864025,0.6110562,0.81721175,0.931178,0.7804922,0.71592605,0.7791426,0.6420115,0.4728629,0.66842175,0.33690023,0.9906271,0.115866914,0.72787774,0.66907907,0.840268,0.660085,0.5453409,0.6030121,0.6939688,0.61013895,0.36252764,0.52691907,0.6811247,0.92970264,0.8479448,0.7222055,0.8793677,0.77724373,0.74900687,0.71010935,0.88013077,0.48480833,0.49954152,0.75821036,0.9170126,0.600656,0.7412439,0.31100512,0.46560204,0.87869155,0.2685958,0.69519913,0.8185595,0.5307706,0.96595,0.8121121,0.7557546,0.7412135,0.9917508,0.7875855,0.62468976,0.8313645,0.8435695,0.8156724,0.942176,0.94025826,0.5622992,0.96141416,0.6901208,0.9459708,0.82305,0.6564374,0.60599005,0.83170354,0.75686,0.29919124,0.9058656,0.30627447,0.71280015,0.79240644,0.8392222,0.5587883,0.94049585,0.6085024,0.7218317,0.5173379,0.94738126,0.7175329,0.6356876,0.46276253,0.6415298,0.40842426,0.7557457,0.95280933,0.774457,0.99549997,0.8411722,0.6348438,0.83017886,0.8271458,0.33407247,0.63397217,0.60356015,0.56788397,0.53130424,0.16565159,0.94676876,0.82954264,0.3868916,0.7540957,0.748608,0.98092496,0.74616724,0.90571773,0.8212583,0.6732912,0.36973268,0.90586925,0.9034677,0.92206347,0.8224467,0.58289605,0.23169658,0.92920005,0.82887423,0.6351588,0.43929464,0.4899814,0.5021508,0.880481,0.74600875,0.9142025,0.9006667,0.42747688,0.57457507,0.08023468,0.96090615,0.27856225,0.8335111,0.29252627,0.22615552,0.930424,0.49464542,0.29145208,0.8133703,0.8588979,0.89262605,0.6092577,0.8534554,0.9208958,0.983901,0.74242103,0.27780202
BC2026_Train_0005_S08_20250607_070007_5,0.56363046,0.73149896,0.6972078,0.76520956,0.49416327,0.43260866,0.21040565,0.44726115,0.85673106,0.14128187,0.21755092,0.855554,0.8609812,0.77657694,0.40489668,0.44265825,0.6910187,0.67968357,0.5861248,0.6323439,0.4320537,0.8977291,0.54772305,0.8953677,0.38269317,0.2107803,0.70520437,0.34843665,0.7491071,0.65930957,0.77721477,0.7108835,0.80627954,0.80105543,0.65221834,0.7789115,0.8235294,0.72182226,0.7482953,0.75799704,0.76822054,0.82910335,0.81637025,0.72826266,0.65576136,0.74959517,0.79317474,0.63490677,0.6920558,0.701545,0.77720284,0.7213168,0.7307006,0.84228724,0.7743492,0.47683954,0.85528755,0.9521909,0.85613334,0.5510735,0.7134609,0.6683625,0.5905323,0.3706717,0.4292851,0.9792457,0.6850041,0.36174458,0.4507591,0.32023844,0.82490814,0.52149945,0.94613636,0.535192,0.570194,0.44727498,0.50468004,0.87617594,0.57835513,0.4630936,0.9301518,0.8172152,0.81014264,0.86079794,0.867517,0.6823244,0.6738248,0.47808307,0.9743979,0.9234152,0.13831854,0.73823357,0.8207542,0.4775896,0.46525955,0.44603938,0.8379245,0.48028052,0.71647406,0.8214779,0.9435532,0.97073126,0.14186808,0.3334192,0.17411074,0.8515468,0.82294273,0.7811824,0.9047586,0.8393363,0.924479,0.10891558,0.96940833,0.59890044,0.9213929,0.9639624,0.87192345,0.49809515,0.5916147,0.7902316,0.78204966,0.6300504,0.7855705,0.9472188,0.15048678,0.9736098,0.18760213,0.7971029,0.8735881,0.22981754,0.9970292,0.8946395,0.50340885,0.9452424,0.94444907,0.6596135,0.8996724,0.906927,0.9455563,0.44129103,0.695217,0.8062924,0.98050207,0.958398,0.751736,0.862424,0.8473909,0.7392708,0.7187638,0.1771428,0.9752135,0.8873457,0.92699826,0.8110521,0.7789352,0.9413688,0.60903347,0.7874193,0.6192231,0.92453957,0.8514153,0.89716244,0.3869277,0.5736253,0.86657643,0.3179888,0.36576486,0.97047246,0.936853,0.8802672,0.85889375,0.8823326,0.6150874,0.46464837,0.93532884,0.28837729,0.93952954,0.9047987,0.95596635,0.58790576,0.94726455,0.7437084,0.8340266,0.890412,0.8423972,0.8681593,0.7146256,0.96061456,0.37360233,0.102218166,0.8931165,0.87398756,0.7591096,0.8437904,0.9693458,0.76637816,0.8539785,0.72706974,0.70264745,0.5268384,0.41399455,0.98444164,0.66406596,0.70702064,0.9017524,0.71461034,0.07784529,0.523307,0.7878525,0.8049672,0.94634163,0.9315005,0.7485621,0.95445764,0.35467702,0.6658183,0.5701845,0.75471425,0.68601125,0.92874646,0.5495577,0.7554766,0.91986036,0.9630687,0.52484107,0.8116816,0.8747681,0.6637964,0.93139946,0.9673822,0.85035217,0.93312943,0.86148465,0.3856293
BC2026_Train_0005_S08_20250607_070007_10,0.57920825,0.9357874,0.6804737,0.69503933,0.80918324,0.52826977,0.42466474,0.51421535,0.64692914,0.41325507,0.22389716,0.6415044,0.8044498,0.63459563,0.49266884,0.4631303,0.6985376,0.3280084,0.28676575,0.71418345,0.6279404,0.77350813,0.65750885,0.7333411,0.62275004,0.6451541,0.26774558,0.4516221,0.7368932,0.73430276,0.6914325,0.66458106,0.7453221,0.544545,0.50141305,0.63122094,0.6367427,0.7750399,0.6582426,0.6020223,0.68477947,0.7269114,0.67120856,0.46193483,0.5861287,0.54692125,0.701445,0.5665979,0.55642766,0.4913634,0.6028248,0.5993825,0.5174018,0.725447,0.6792129,0.36140364,0.5194663,0.8995475,0.5793792,0.7285609,0.7254063,0.43568993,0.4083125,0.50975007,0.7349918,0.9279585,0.7364931,0.49959344,0.3313663,0.36709028,0.8537605,0.725701,0.76600945,0.42398912,0.3550582,0.14730576,0.41276753,0.56097686,0.26653272,0.2376302,0.6768812,0.66349435,0.8221563,0.5368596,0.8740568,0.5688138,0.52872825,0.24049495,0.94177294,0.6415446,0.4446406,0.8033359,0.5794779,0.27509862,0.37982577,0.41117346,0.7421218,0.53984475,0.58571726,0.49017382,0.78451,0.96365666,0.22270583,0.48739743,0.38026595,0.52909595,0.77918386,0.4817549,0.635115,0.78058887,0.88901496,0.18960339,0.745721,0.4096216,0.9575912,0.77915967,0.8110945,0.35532767,0.7278018,0.5121267,0.7095481,0.6487615,0.45833617,0.7184551,0.3338073,0.7705469,0.23489133,0.5916526,0.84954405,0.3398673,0.9380903,0.68707895,0.6269239,0.7863455,0.67119706,0.464639,0.85509706,0.84470826,0.7884412,0.33871335,0.41740537,0.62750244,0.88854206,0.76288605,0.41110235,0.94997346,0.9677031,0.46902218,0.48589712,0.26673585,0.9493246,0.90213376,0.7250948,0.5265863,0.5317075,0.90077925,0.52458966,0.8239057,0.35485154,0.621498,0.2563515,0.7411225,0.33105212,0.7808331,0.636117,0.1983529,0.32208782,0.99525,0.6981789,0.6371801,0.45506164,0.9516099,0.45142287,0.6969564,0.96791047,0.49752873,0.96602786,0.867376,0.80592966,0.59146094,0.89791024,0.5632907,0.5143513,0.71065915,0.4751502,0.7987447,0.41440552,0.7915416,0.27633268,0.21852231,0.7001643,0.62098557,0.4229142,0.58584255,0.9368324,0.7345911,0.5452882,0.4236573,0.52980494,0.4199089,0.5467599,0.86620057,0.46916825,0.50395226,0.9595233,0.67668116,0.10571162,0.35201758,0.7605325,0.36661947,0.54700375,0.8161987,0.52425236,0.86755145,0.49339443,0.6172116,0.163854,0.8453753,0.7603713,0.71570575,0.37551337,0.61745816,0.6229147,0.7814455,0.39489117,0.5955509,0.9483072,0.64224374,0.6743586,0.7415765,0.58391786,0.83675015,0.5620359,0.61440265
BC2026_Train_0005_S08_20250607_070007_15,0.4893976,0.68926084,0.57142496,0.62590563,0.51684535,0.48293906,0.41462588,0.29204738,0.5494486,0.5655172,0.1632433,0.57937247,0.816195,0.49187583,0.31942856,0.7351128,0.4991175,0.39838976,0.2471619,0.44552326,0.69827604,0.5623462,0.4226757,0.59463143,0.42463,0.6091366,0.7638848,0.53454185,0.8731356,0.5948619,0.5002208,0.39079142,0.5442704,0.5594959,0.33084738,0.5048901,0.4966867,0.5705179,0.48812765,0.55292106,0.5004213,0.5627006,0.47803217,0.51678926,0.42604017,0.37915486,0.57133293,0.37752205,0.3570233,0.3956583,0.50884455,0.44321197,0.4841628,0.54256135,0.56063175,0.39980227,0.55740386,0.7185638,0.61301064,0.5899161,0.40320194,0.369968,0.35135573,0.35655785,0.6474278,0.8408474,0.70667887,0.35410178,0.6113429,0.36897835,0.73413527,0.526181,0.906209,0.6890143,0.5405895,0.22634906,0.7407627,0.70482564,0.40005195,0.29541957,0.93860674,0.8795339,0.7715268,0.6664085,0.9027325,0.66553986,0.5567339,0.15710476,0.94959044,0.72074854,0.25409365,0.75857353,0.69736207,0.38119859,0.5403192,0.43352693,0.5898149,0.6074192,0.46623075,0.60220927,0.76230276,0.920161,0.5401813,0.36214975,0.2929874,0.66201055,0.8582594,0.6735544,0.8445399,0.4046502,0.9187223,0.24621126,0.8373382,0.66562647,0.93075293,0.77137244,0.8655855,0.62304044,0.8025669,0.70802057,0.7443894,0.8123101,0.53586936,0.9040275,0.24425527,0.88839793,0.16596395,0.77696973,0.8797896,0.4705615,0.81065,0.71839714,0.36074364,0.91424906,0.63302827,0.65909314,0.9496989,0.74077654,0.8827456,0.2034865,0.5479763,0.6788772,0.9377985,0.8562324,0.8424536,0.8021972,0.8186649,0.5335504,0.5635396,0.28734863,0.7170205,0.82954264,0.883502,0.627758,0.66106725,0.9515599,0.3479227,0.70061696,0.44030726,0.5178489,0.48322362,0.71101236,0.19181892,0.50797546,0.8703675,0.5202793,0.41604942,0.9706676,0.55691564,0.8960972,0.54187375,0.8620604,0.6689849,0.44211754,0.89462817,0.34750485,0.8843571,0.8653518,0.9057437,0.8549692,0.92170674,0.6943661,0.6828699,0.7092582,0.38257104,0.775061,0.61331165,0.9560981,0.19199042,0.3786891,0.88326514,0.7562933,0.47031057,0.7009263,0.9175906,0.7459055,0.7286936,0.22813323,0.76657915,0.5786853,0.5257879,0.9331907,0.47167128,0.76373255,0.86013174,0.67690426,0.057141587,0.5844031,0.7065227,0.3098743,0.60991997,0.8706155,0.70111334,0.9470588,0.17748919,0.9241986,0.17294212,0.83672315,0.53449297,0.89972675,0.18921384,0.72530305,0.8256391,0.90104,0.568723,0.6639043,0.70096123,0.6638782,0.8069886,0.9516722,0.69598436,0.9315953,0.7746805,0.5205092
BC2026_Train_0005_S08_20250607_070007_20,0.64417875,0.8858148,0.84730196,0.35245997,0.6436012,0.4223437,0.4567659,0.4259209,0.7027505,0.3334574,0.23279601,0.91624695,0.8455579,0.43431187,0.4491578,0.8840202,0.64929366,0.559411,0.24565765,0.46851316,0.6416576,0.3104738,0.427056,0.39501768,0.55422026,0.5550984,0.6827221,0.6124276,0.88065016,0.6127418,0.39565724,0.19405314,0.37418577,0.39870274,0.2673,0.3466792,0.29742882,0.35279953,0.3012589,0.35292313,0.35969698,0.42727894,0.3131675,0.36256802,0.36615875,0.36367607,0.4250621,0.29665536,0.29992765,0.33180183,0.37021154,0.34827358,0.33278564,0.3706978,0.39691085,0.22345145,0.57059383,0.23199822,0.617044,0.6308559,0.41535187,0.48615763,0.5379684,0.5596287,0.6132181,0.6549282,0.7698128,0.34457025,0.72156066,0.44932407,0.6064605,0.48267883,0.7165334,0.693756,0.545299,0.23611158,0.7567574,0.87323296,0.38821992,0.38254136,0.9617629,0.93494487,0.71963704,0.63434136,0.9088042,0.75359106,0.61623347,0.26582265,0.8666517,0.82880247,0.19384351,0.64053047,0.69692206,0.238199,0.51597744,0.45168826,0.7924501,0.37206042,0.41638255,0.60558987,0.73573256,0.88278073,0.4216113,0.40595096,0.16011411,0.62085795,0.6798705,0.827237,0.93675435,0.4874389,0.8172537,0.19288379,0.6580231,0.6153917,0.8025793,0.70958245,0.86685276,0.6330734,0.5419594,0.75527406,0.62361944,0.7046493,0.6291324,0.937157,0.3949026,0.90170014,0.3828206,0.71937037,0.7913625,0.29446542,0.9052907,0.5019038,0.3625229,0.9659334,0.90907073,0.55594933,0.85042024,0.74402356,0.850335,0.36851335,0.73858273,0.5259218,0.9244116,0.8655101,0.74619186,0.6754155,0.62773037,0.48808366,0.46078908,0.5648438,0.8472953,0.6873239,0.8793684,0.4902522,0.71434927,0.79401803,0.26026127,0.4881394,0.54448974,0.69070125,0.24252217,0.61689436,0.18280083,0.3898217,0.6789341,0.25878245,0.25835654,0.8896309,0.505529,0.83858806,0.6873195,0.6684334,0.6437873,0.45255816,0.74784124,0.45942992,0.7214029,0.712064,0.89237285,0.893903,0.86172426,0.6099398,0.8039197,0.7466463,0.5928856,0.54931736,0.731112,0.8637148,0.28058362,0.19312191,0.81387377,0.8612381,0.4372607,0.6771394,0.8845188,0.7805376,0.79748845,0.32076365,0.7417407,0.50486505,0.5193643,0.8590916,0.49879622,0.80127335,0.77785766,0.7485231,0.12235552,0.6694453,0.6720158,0.4551136,0.63538766,0.8554554,0.57374406,0.93758607,0.2078077,0.6096615,0.3887021,0.80448055,0.37389505,0.8648461,0.23863867,0.8095907,0.84231365,0.8147373,0.46271926,0.7304145,0.621612,0.7042097,0.88049614,0.9653021,0.5757191,0.68539107,0.7891407,0.6182523
BC2026_Train_0005_S08_20250607_070007_25,0.5157172,0.6631848,0.62085676,0.7382517,0.7171917,0.33365262,0.1878742,0.4515937,0.8396429,0.37409848,0.4359153,0.8602452,0.5346538,0.6170249,0.3017248,0.8682171,0.5382626,0.32262343,0.4134398,0.41888398,0.611089,0.34136754,0.3695938,0.68485856,0.57749593,0.5658785,0.9287193,0.38671678,0.787851,0.48449218,0.6907197,0.7074431,0.7452084,0.7247602,0.4664667,0.6491693,0.698519,0.68404067,0.7489223,0.7369614,0.7597389,0.72088253,0.69278693,0.72645104,0.47564787,0.5461706,0.81329536,0.47774026,0.46547437,0.5111574,0.6791705,0.66237223,0.70343757,0.7208903,0.78240854,0.12680206,0.34641063,0.5312929,0.47219753,0.43081403,0.58540255,0.23177117,0.4471473,0.51174307,0.41976267,0.63449013,0.8139893,0.2928756,0.6697091,0.41353878,0.49191058,0.17796522,0.8656968,0.89690316,0.6069908,0.39465237,0.69254273,0.8133565,0.51273185,0.46975473,0.9200847,0.8822608,0.8756163,0.18827897,0.7097838,0.37202364,0.4051695,0.77179873,0.75712025,0.9378761,0.17754449,0.49082413,0.24094376,0.31731153,0.75300133,0.2561195,0.8595097,0.23565151,0.79495347,0.72857213,0.5646386,0.82985115,0.37981826,0.38273114,0.27922368,0.56672734,0.70528805,0.6175009,0.7265849,0.6050896,0.7185843,0.4136672,0.75234735,0.35464352,0.6090536,0.84298253,0.82153314,0.4477344,0.33710372,0.8914956,0.5158223,0.85817754,0.7855741,0.84766376,0.19716112,0.88191426,0.23923135,0.8242072,0.47843605,0.1982421,0.61148596,0.6609404,0.19462031,0.907702,0.77893794,0.5907801,0.35764587,0.5029061,0.7978016,0.38520277,0.6422999,0.7675923,0.8819052,0.7784344,0.7032721,0.36258858,0.7833063,0.60122323,0.5980723,0.43052375,0.81409,0.7857474,0.8477464,0.35537273,0.96265185,0.7554,0.5036273,0.60581815,0.57365733,0.7822218,0.60997623,0.82768,0.17003527,0.6931708,0.74606323,0.6866177,0.45739275,0.92665446,0.63817334,0.44160712,0.65475726,0.92017925,0.8063624,0.68573225,0.84493816,0.371972,0.89960414,0.85678995,0.66083074,0.81402415,0.72505736,0.7582807,0.8539076,0.80384505,0.88014007,0.6564051,0.57837653,0.9205824,0.29619622,0.11314808,0.7433578,0.7097031,0.64667296,0.8068595,0.8739724,0.8654276,0.621951,0.30351904,0.7213483,0.5661223,0.43930686,0.47059745,0.47153968,0.49172002,0.8226358,0.78488755,0.12683791,0.27012464,0.5312315,0.72662103,0.8363428,0.9395006,0.3369422,0.87332714,0.24021606,0.69358844,0.51297396,0.81877387,0.23028743,0.5933155,0.48160982,0.7949897,0.6569546,0.48646778,0.59459174,0.84389305,0.86297536,0.71035624,0.74597955,0.8718591,0.4322598,0.8445257,0.52576196,0.5100911
BC2026_Train_0005_S08_20250607_070007_30,0.626667,0.52871156,0.80995727,0.3821004,0.602924,0.31969053,0.06724736,0.39104396,0.7962365,0.2589767,0.19362366,0.79415095,0.55568135,0.4721713,0.16351265,0.7437577,0.36412594,0.3686009,0.38353574,0.66161567,0.5409486,0.483356,0.16216537,0.40772384,0.40393865,0.37412894,0.83287764,0.41570622,0.9361496,0.48189038,0.36969495,0.30184877,0.33057708,0.39015347,0.26617733,0.3353365,0.33075613,0.288209,0.33522108,0.33440834,0.34339625,0.39521044,0.3566649,0.28871,0.3122989,0.40174145,0.40701574,0.29374433,0.27905262,0.32417738,0.31480896,0.30494744,0.25233263,0.34259158,0.3645562,0.080300316,0.45156556,0.1481063,0.5027497,0.47234488,0.71985936,0.27880636,0.4377921,0.2864927,0.44337225,0.4150063,0.8942888,0.33958402,0.69693315,0.45717072,0.39165336,0.15974718,0.878368,0.6613964,0.7470082,0.33862436,0.78426087,0.78599405,0.32356012,0.4639455,0.8822627,0.7287885,0.823539,0.08006966,0.7675046,0.17912093,0.5453744,0.8990208,0.5464153,0.9575354,0.22947392,0.5290015,0.2288172,0.2542424,0.7475579,0.27173448,0.78466916,0.3738038,0.92837965,0.6158577,0.32731462,0.8164301,0.22085086,0.40187663,0.34484112,0.7774421,0.4525705,0.23737139,0.7956593,0.57791364,0.7871449,0.21279475,0.6361449,0.33066866,0.68662345,0.7959696,0.8200271,0.39439172,0.20005202,0.98681045,0.5225253,0.80613625,0.7545968,0.89939195,0.18326601,0.8706673,0.22499293,0.8495375,0.49245858,0.13610747,0.7957181,0.8076077,0.16979071,0.84110737,0.77813005,0.47234327,0.2525141,0.28219116,0.71809167,0.69475913,0.6526708,0.815199,0.86187243,0.838284,0.79002404,0.26715118,0.62591755,0.48329055,0.68341875,0.4026001,0.64757586,0.7539158,0.85782385,0.18737459,0.97972083,0.8151816,0.41042507,0.43050212,0.3415848,0.5625536,0.67014694,0.7806529,0.12653627,0.62369514,0.75808775,0.5500433,0.4212792,0.8861544,0.39001256,0.5083089,0.6212803,0.8728023,0.69437456,0.43930513,0.8773811,0.26968166,0.5818966,0.7593142,0.81525326,0.8170043,0.6083595,0.63982236,0.79510546,0.7704177,0.75943494,0.42627788,0.29099768,0.94501036,0.28249797,0.08646825,0.7687222,0.79170454,0.7642394,0.8529911,0.82727826,0.837996,0.71271026,0.3399483,0.701115,0.6122316,0.57411194,0.46106547,0.6470803,0.48665047,0.61630905,0.6175665,0.12846254,0.1517795,0.40792215,0.8085946,0.9364573,0.8906784,0.43569928,0.8466587,0.34761292,0.5391841,0.3241303,0.7101133,0.12074831,0.70339,0.4637938,0.4117174,0.7794163,0.513269,0.5448322,0.8778212,0.8722975,0.5331645,0.8099338,0.91110563,0.72574687,0.7994894,0.65881455,0.4671068
BC2026_Train_0005_S08_20250607_070007_35,0.65151864,0.68940836,0.71606004,0.54866594,0.546108,0.29058313,0.22557646,0.381761,0.84865594,0.27579713,0.23266798,0.61335504,0.5864966,0.45333087,0.48233998,0.7280288,0.28612658,0.20244783,0.30844867,0.6041664,0.52909535,0.6420993,0.2353957,0.5532802,0.44436488,0.38971868,0.65657043,0.19956627,0.89843976,0.37203848,0.5427891,0.3235476,0.45618373,0.55988526,0.37478322,0.47671884,0.48869038,0.44212985,0.5521935,0.4154511,0.4653952,0.5492427,0.61143893,0.34184438,0.3957435,0.5017205,0.5735791,0.4060949,0.37730336,0.4661116,0.55470663,0.5175572,0.41637588,0.54079854,0.5363281,0.1138778,0.6755302,0.35503873,0.44774097,0.5568238,0.4823689,0.32096124,0.5522804,0.48870468,0.28444117,0.6149507,0.85181713,0.44057757,0.64215624,0.4236729,0.6446849,0.49699554,0.8948059,0.8141358,0.84898293,0.40835708,0.90997446,0.91488886,0.24635094,0.42119867,0.93155265,0.83071816,0.849455,0.32990867,0.9192836,0.31242567,0.45978725,0.7624582,0.82367265,0.882205,0.14740962,0.5209806,0.457555,0.35248286,0.6873683,0.25153705,0.8359053,0.32041943,0.86125505,0.76152587,0.60358334,0.81261384,0.15486148,0.28068945,0.25040323,0.89407086,0.5520272,0.20398585,0.8403071,0.45342088,0.8360805,0.098281115,0.8561989,0.57236564,0.80678916,0.91803205,0.9344187,0.7615731,0.46985552,0.95447624,0.6853212,0.7321925,0.5568161,0.93204343,0.2919794,0.893307,0.2624172,0.88191473,0.7128427,0.21678823,0.9406012,0.7181413,0.22184324,0.8274807,0.8833431,0.63255525,0.44596994,0.3601132,0.85819495,0.70254576,0.54507834,0.83175397,0.9419396,0.9428194,0.56138027,0.47672147,0.5579778,0.56502134,0.62533104,0.4531979,0.7988789,0.8012315,0.96917737,0.37188974,0.9452379,0.90145016,0.51388,0.37395465,0.56598496,0.63654864,0.9139862,0.7858939,0.27447683,0.5035099,0.91933334,0.31325766,0.3202777,0.8301317,0.46488255,0.7384819,0.81119907,0.8948704,0.7568804,0.17671922,0.8244456,0.20615727,0.6460333,0.7597927,0.9510728,0.7180375,0.5464629,0.8775401,0.86661446,0.9176289,0.46720105,0.29553258,0.5195126,0.90310216,0.3817352,0.12091661,0.8054104,0.8900084,0.762041,0.7868805,0.8833065,0.8777373,0.92715,0.3444277,0.83009416,0.5822085,0.37946093,0.7019062,0.9016296,0.22409552,0.73464394,0.71585727,0.10140973,0.2748507,0.7156741,0.83780307,0.87444603,0.9368613,0.40846932,0.9359135,0.1922088,0.7555215,0.41263294,0.8680173,0.11489678,0.9471944,0.66409004,0.38261205,0.78075564,0.83820593,0.43302,0.82985127,0.83188826,0.4716112,0.9701698,0.94957256,0.75040495,0.7597376,0.7692708,0.50516146
BC2026_Train_0005_S08_20250607_070007_40,0.68144107,0.9928869,0.5200672,0.8748929,0.53128076,0.29857206,0.7603613,0.62304896,0.8703884,0.7115849,0.5266057,0.6464776,0.8396467,0.6628036,0.7753407,0.97246635,0.38746214,0.12271445,0.32530868,0.69973326,0.40032667,0.4466406,0.38333213,0.9495615,0.5333529,0.41589588,0.9503078,0.24800459,0.86060584,0.55930686,0.8491008,0.836347,0.99218786,0.9074683,0.6596515,0.9724784,0.8464557,0.9878899,0.8656043,0.8555634,0.89136803,0.9077152,0.90064776,0.8622444,0.9669838,0.97261286,0.9888642,0.70626974,0.7050639,0.74578154,0.8766166,0.866326,0.8121927,0.9007684,0.8803781,0.19591767,0.7011106,0.6574857,0.60058343,0.6614623,0.53206635,0.41377687,0.5853797,0.44077516,0.30327833,0.8418119,0.5608341,0.3334729,0.8497703,0.5702664,0.7643877,0.55403095,0.8461617,0.72164345,0.9903164,0.22316915,0.85005796,0.8420333,0.12679252,0.41051385,0.93722665,0.78834033,0.8168559,0.6477823,0.940413,0.51124287,0.4182163,0.5594046,0.92522347,0.71495825,0.11173107,0.24207254,0.76095486,0.3154629,0.51362824,0.50988287,0.8136203,0.43709943,0.6756849,0.731549,0.76762295,0.8798805,0.50068957,0.43977657,0.24470021,0.7908952,0.59761965,0.66542673,0.96147346,0.50574005,0.5373184,0.1087309,0.82727253,0.38894022,0.5548966,0.854391,0.7762133,0.8627479,0.6332671,0.7619411,0.6416484,0.83004785,0.76874125,0.9458827,0.55094063,0.8526741,0.20249763,0.83541113,0.8768896,0.2690969,0.8880687,0.4163888,0.12222235,0.8986764,0.951651,0.55078816,0.90161157,0.6072284,0.88417137,0.40969014,0.47945243,0.4824251,0.9507965,0.77393293,0.5342545,0.72354555,0.58452225,0.46208578,0.62634766,0.20824555,0.933262,0.7962297,0.97850204,0.6204779,0.93198144,0.9124068,0.4547152,0.6440389,0.723513,0.79178214,0.71985483,0.4794268,0.1961272,0.2919502,0.65957654,0.7496794,0.18569407,0.8736548,0.6328874,0.9306656,0.67952406,0.8560084,0.6720916,0.12970133,0.8396584,0.54305726,0.85984015,0.573553,0.950575,0.7643126,0.66018903,0.89583635,0.7699307,0.95519936,0.57257015,0.58677363,0.7052442,0.9009322,0.28787127,0.20152614,0.45645773,0.87579966,0.6138792,0.7432928,0.9097698,0.94599223,0.755543,0.35586643,0.74311864,0.70075,0.24952358,0.76638484,0.89250994,0.13037243,0.6975918,0.7749797,0.05752635,0.6466,0.72768104,0.47614917,0.66494846,0.7292546,0.40284944,0.9498408,0.12869564,0.4747107,0.5471526,0.92319953,0.33319074,0.9644656,0.64162964,0.6508573,0.9421103,0.944494,0.45234078,0.64971805,0.4851895,0.492634,0.9249338,0.9302631,0.79607093,0.5082743,0.9383531,0.5359803
BC2026_Train_0005_S08_20250607_070007_45,0.68752325,0.821907,0.52450716,0.63593614,0.6499573,0.45924836,0.89790255,0.566418,0.9668783,0.6624489,0.3573796,0.8036139,0.82992065,0.64288855,0.54316396,0.97939074,0.4024809,0.11670049,0.69065213,0.4989189,0.5559825,0.59459347,0.27393955,0.6722071,0.7337831,0.49136603,0.9985665,0.36184162,0.77295655,0.42994565,0.5700524,0.5823058,0.67783177,0.6840812,0.4973635,0.5393345,0.4988434,0.5985516,0.63540405,0.6250374,0.6254849,0.6150717,0.5956123,0.5912021,0.5997529,0.6254871,0.7038699,0.5451391,0.5691668,0.5766658,0.59975517,0.597371,0.5907948,0.60622984,0.63843536,0.2680315,0.36339915,0.6624235,0.64876235,0.6348083,0.7258537,0.23483258,0.6143732,0.42824635,0.13498719,0.6250979,0.63962615,0.4590115,0.7152183,0.635713,0.5625581,0.23247138,0.67765236,0.83195674,0.78573155,0.1768758,0.5943061,0.72515154,0.35053504,0.4888721,0.8598101,0.7623286,0.7983681,0.5361861,0.8017684,0.48543572,0.5784483,0.65736127,0.8155416,0.73450065,0.0923212,0.3270632,0.59346306,0.23253602,0.60403824,0.58860576,0.859616,0.52501297,0.5571231,0.72604513,0.6275929,0.7252424,0.5100603,0.41712296,0.38196367,0.4677929,0.6542092,0.7647995,0.84519684,0.4702533,0.4997907,0.09850265,0.7270669,0.37959552,0.45823544,0.8261131,0.6560097,0.745332,0.40531313,0.76116586,0.5799024,0.8737688,0.75058633,0.77783453,0.4101221,0.8558853,0.36913902,0.78299725,0.7761889,0.37225193,0.7850748,0.5411545,0.27177587,0.7714604,0.83044523,0.7178583,0.8066367,0.6442342,0.6904391,0.47133678,0.41483128,0.4362257,0.7089014,0.6172378,0.6744218,0.55891085,0.5355709,0.56136334,0.50336915,0.30776268,0.94456214,0.74256706,0.9610936,0.4978245,0.97135484,0.7539649,0.31919724,0.8382052,0.6461731,0.79073215,0.7837291,0.5755027,0.29450998,0.26319847,0.5473762,0.6196455,0.48342836,0.88324344,0.49987733,0.6891601,0.33333504,0.8533093,0.89500153,0.16398692,0.7715986,0.5951515,0.91769725,0.7399163,0.721192,0.84869134,0.62083995,0.69192195,0.8533672,0.82414305,0.7974827,0.49573094,0.6676252,0.88834846,0.43096614,0.32507396,0.5593923,0.7695372,0.49961346,0.72795844,0.81985855,0.7382575,0.6527325,0.21832892,0.7020416,0.4985548,0.16226435,0.6273718,0.8213681,0.1354289,0.56557995,0.7508825,0.15007707,0.630288,0.5732645,0.16098171,0.4916194,0.6281208,0.5353577,0.7639109,0.31326842,0.50619286,0.38284355,0.93245006,0.23807786,0.75415623,0.51528716,0.49087107,0.81215215,0.81292963,0.5323205,0.5526888,0.39038146,0.56882316,0.930256,0.79869604,0.60838044,0.57381415,0.6883323,0.47077686
BC2026_Train_0005_S08_20250607_070007_50,0.56607187,0.5433614,0.25945938,0.905836,0.5005319,0.3709584,0.4414513,0.35478097,0.80894125,0.40781748,0.24261627,0.4193505,0.71886826,0.6201675,0.3935964,0.66389084,0.40693212,0.31009698,0.7099844,0.50117177,0.59277666,0.8359822,0.39539683,0.821738,0.34821442,0.28124386,0.70092696,0.1832942,0.7262975,0.22007346,0.72780395,0.78972936,0.7687417,0.82206506,0.5322194,0.7773137,0.75137216,0.7884978,0.78144646,0.82844114,0.74852455,0.7685426,0.74422693,0.75914717,0.6989467,0.74462354,0.8509023,0.65190697,0.6413709,0.655576,0.75893,0.761026,0.79895484,0.8444756,0.8641224,0.11132839,0.41211265,0.8456832,0.51459396,0.59915614,0.50024223,0.17810671,0.34976554,0.29056633,0.1327059,0.48611277,0.56620145,0.3430031,0.40726763,0.40673196,0.5812981,0.08309226,0.81946135,0.7865635,0.6066123,0.367855,0.710384,0.9434366,0.3459161,0.7930666,0.72242177,0.77752006,0.88802296,0.5490487,0.86755157,0.5050637,0.7529763,0.7585137,0.82974315,0.940892,0.10273163,0.5452863,0.30409998,0.44459033,0.49752742,0.40252167,0.70917904,0.74876153,0.6510514,0.67446923,0.7484491,0.79611325,0.4921977,0.35228974,0.23662496,0.66434073,0.7317283,0.36899734,0.9094794,0.73549795,0.88020283,0.21189716,0.7970023,0.56109244,0.70192957,0.9320512,0.68637776,0.7683778,0.46981737,0.88824236,0.9183166,0.91032654,0.8347162,0.8909522,0.24678266,0.95549315,0.35507703,0.9446511,0.83070636,0.59102607,0.6642823,0.68336284,0.2847988,0.9574743,0.74081385,0.5771096,0.83405733,0.75533444,0.8472851,0.6778463,0.3414687,0.5179318,0.8130177,0.8721899,0.8059232,0.64580727,0.75802976,0.83041096,0.78127146,0.49533018,0.91515946,0.8476313,0.96683824,0.50984156,0.8773836,0.88431585,0.37985831,0.5697776,0.6079477,0.58768266,0.6754495,0.8250139,0.33094046,0.3721826,0.92541766,0.4272136,0.6841979,0.7515974,0.67803276,0.8147521,0.31569314,0.8574306,0.87148297,0.14464898,0.78590703,0.56540906,0.7797123,0.9113541,0.88703954,0.87734056,0.6160101,0.7026199,0.8502068,0.7636579,0.64974666,0.4038859,0.7066796,0.9335923,0.4177025,0.3576067,0.8598057,0.8398242,0.78938687,0.8879858,0.8583832,0.91345656,0.8390453,0.16357309,0.8374983,0.45203745,0.45365193,0.67015314,0.792276,0.50802934,0.81964827,0.71290827,0.26102674,0.6003743,0.5276512,0.40557432,0.756822,0.88017464,0.6632594,0.807446,0.16209224,0.9125589,0.4546442,0.9464875,0.3639793,0.49761245,0.2896046,0.5931748,0.794055,0.8786504,0.70325303,0.8963726,0.5955082,0.50113493,0.95322156,0.9218074,0.6863198,0.8496851,0.6170895,0.6431609
BC2026_Train_0005_S08_20250607_070007_55,0.6358334,0.5650863,0.2509818,0.8619395,0.62562215,0.42567492,0.48741978,0.3067484,0.5558715,0.11411647,0.39817154,0.4720686,0.57992023,0.8493439,0.35385853,0.5863073,0.54949206,0.52766013,0.53667563,0.6970563,0.5421547,0.91450775,0.18347791,0.8032819,0.5001581,0.17988318,0.7779964,0.13123247,0.4961235,0.367162,0.7564437,0.7932518,0.8134464,0.8267617,0.644904,0.7215433,0.78902197,0.8634908,0.89627016,0.82105017,0.8277205,0.8045218,0.756877,0.73141193,0.80414355,0.844581,0.8118923,0.76793945,0.698845,0.76754737,0.81742346,0.7200351,0.6971599,0.81620514,0.8228844,0.05141583,0.4558815,0.80699295,0.40161443,0.5623609,0.4956056,0.21695635,0.3351694,0.31374115,0.47124678,0.20388487,0.8045151,0.4801221,0.55986094,0.47133934,0.3712098,0.27221888,0.71934545,0.77789295,0.4834559,0.3214655,0.807055,0.8571789,0.31717348,0.9151046,0.71303123,0.55317336,0.92080414,0.43161744,0.8015876,0.30503994,0.58989453,0.85813093,0.70897985,0.9814415,0.21009825,0.43901002,0.3941939,0.34641296,0.71549845,0.12751369,0.9402969,0.7947802,0.92714846,0.8797588,0.58185625,0.6719407,0.3068839,0.36984593,0.15010211,0.8904376,0.6445656,0.2272885,0.8989881,0.7414078,0.98370314,0.14060044,0.57396185,0.49675792,0.78913903,0.95354486,0.80323255,0.7847848,0.3296619,0.95814407,0.9053843,0.84875584,0.6296798,0.77804303,0.10809839,0.9878104,0.60217655,0.9119018,0.671662,0.4635381,0.7294804,0.6707523,0.6685512,0.90242296,0.80250764,0.57319456,0.71250236,0.6335465,0.7994875,0.7499355,0.37152547,0.81363964,0.6270837,0.85596466,0.67517805,0.61983776,0.68415296,0.73813105,0.8529939,0.56918645,0.8616178,0.91778696,0.9185207,0.25884292,0.666492,0.8445848,0.42985624,0.32788587,0.7431488,0.45369714,0.9276831,0.753137,0.43744892,0.31070042,0.89519167,0.26593602,0.6220167,0.8502135,0.6438867,0.7345475,0.59404814,0.9447189,0.48919177,0.22146215,0.63135815,0.46954042,0.8033135,0.70023346,0.8831687,0.7597741,0.60665464,0.60309315,0.6006228,0.6472267,0.57634664,0.737751,0.37127382,0.84085345,0.40836835,0.13348582,0.8597622,0.81419283,0.77134347,0.98136044,0.78104734,0.756235,0.7972943,0.237627,0.7345729,0.3440349,0.6115788,0.56520426,0.38827604,0.6118276,0.8228048,0.7445164,0.4410364,0.22573343,0.38328785,0.910638,0.79073524,0.8775581,0.7054944,0.70116377,0.21438569,0.69251454,0.46207517,0.93197393,0.24768934,0.7083696,0.19535497,0.7087673,0.9014288,0.7123152,0.71225834,0.8779222,0.55676144,0.596382,0.9616943,0.89963394,0.58021665,0.8447596,0.8164747,0.5124112
BC2026_Train_0005_S08_20250607_070007_60,0.45099586,0.7500765,0.7884772,0.99029094,0.67343783,0.15249285,0.53718126,0.46323472,0.80906683,0.10205521,0.12674153,0.71248007,0.5209056,0.80798686,0.8080865,0.9727733,0.70226246,0.8441958,0.3259679,0.9724666,0.5176141,0.6476255,0.12171472,0.98756814,0.7363539,0.4585259,0.91562843,0.2351125,0.57735896,0.46094635,0.92755,0.93175143,0.9876725,0.98214877,0.9212146,0.89045846,0.931989,0.9767064,0.97683346,0.92568755,0.9915017,0.9089551,0.87144035,0.87099093,0.9854543,0.9932431,0.9529924,0.9896118,0.9325461,0.9378937,0.8889322,0.86121786,0.91848004,0.98459005,0.9598225,0.14234456,0.76871866,0.6304899,0.8092929,0.8303135,0.73908734,0.115901664,0.47703904,0.5894927,0.8142402,0.8149374,0.9375448,0.7038907,0.7156604,0.19467032,0.45284986,0.55695367,0.94724166,0.8934989,0.33226418,0.661775,0.8657718,0.9745604,0.76609886,0.8721515,0.8253131,0.68648875,0.95185626,0.5852,0.9329443,0.18232447,0.80452704,0.70669496,0.91728884,0.9444489,0.24542832,0.39295673,0.7016877,0.50978065,0.8687531,0.064146504,0.8371173,0.5906233,0.83936834,0.9747666,0.7818873,0.95491666,0.075871415,0.1929434,0.1754168,0.7933148,0.8355936,0.190373,0.68111384,0.5250928,0.8999367,0.15186559,0.7108679,0.6888708,0.95895827,0.92404974,0.89314544,0.5852147,0.17503811,0.90151465,0.7608371,0.7806499,0.49544632,0.6608896,0.19483826,0.9842669,0.45881462,0.98035,0.8018676,0.4126316,0.749644,0.66669637,0.70244443,0.8527298,0.4688828,0.3344373,0.8411119,0.48268646,0.8553287,0.56108266,0.2645712,0.91339827,0.6711979,0.8977297,0.57472503,0.94392705,0.91478634,0.7481077,0.5755509,0.6051604,0.9266785,0.88253736,0.8448099,0.2136079,0.86023116,0.7968712,0.79073536,0.61672175,0.5922092,0.7981998,0.8867208,0.95758754,0.6640916,0.6347637,0.91950655,0.48356557,0.656844,0.94816875,0.86256206,0.34040844,0.55580163,0.9959916,0.39811718,0.74148524,0.9206596,0.21356264,0.96191657,0.9587082,0.86358047,0.8485023,0.81253874,0.8966291,0.8061085,0.7761396,0.4545773,0.6985251,0.34579283,0.9222512,0.34954417,0.05057858,0.53582835,0.5096926,0.9293239,0.93884313,0.82037926,0.8196875,0.7516924,0.30778077,0.89046776,0.65773344,0.7252177,0.87719876,0.31670922,0.65162396,0.94192994,0.6250442,0.28589755,0.13689,0.7319813,0.8628899,0.6634681,0.90682995,0.90448964,0.54462934,0.08330839,0.7734079,0.4925699,0.7953752,0.48130184,0.6415889,0.45051944,0.6588446,0.95101345,0.91895854,0.23559895,0.98776007,0.8899799,0.3780347,0.88107026,0.9000354,0.7631167,0.9247348,0.8809861,0.4032674
BC2026_Train_0006_S09_20250828_000000_5,0.16782695,0.2800444,0.11706546,0.33317864,0.2261208,0.25578034,0.055297002,0.06882292,0.05319141,0.5602828,0.10020554,0.10354017,0.106171876,0.078158826,0.7886292,0.110458046,0.19251299,0.5610129,0.088268414,0.4861219,0.20493394,0.11758092,0.30172935,0.4090261,0.38569903,0.081374794,0.13740763,0.37762934,0.5918655,0.16055895,0.38846844,0.3696369,0.29575282,0.42967498,0.26891917,0.37424767,0.36015576,0.24339801,0.3191506,0.31142074,0.33047515,0.32938507,0.3574749,0.36501008,0.22348277,0.33511478,0.2577711,0.24401776,0.21805304,0.34442824,0.30345637,0.29225528,0.3996748,0.4675273,0.3386823,0.6977905,0.6765933,0.33710817,0.41094756,0.36700356,0.33446813,0.12449342,0.26563877,0.08637923,0.2550648,0.77708614,0.19050959,0.67740095,0.06194459,0.24729481,0.4354533,0.58089226,0.68561304,0.75064373,0.22979331,0.5904529,0.4333259,0.56252867,0.22676924,0.25349593,0.10927175,0.41079414,0.3276158,0.16577771,0.4989947,0.11417145,0.21423143,0.123480365,0.2678595,0.12001042,0.30820316,0.53229463,0.07418342,0.56848145,0.43269008,0.6514638,0.22097167,0.38964456,0.13566141,0.14504947,0.7022784,0.2924981,0.8792769,0.25836006,0.66881716,0.23298764,0.34262043,0.3772633,0.38166857,0.14049354,0.5435525,0.9296416,0.5152663,0.9188038,0.28859928,0.60289586,0.24730083,0.5676106,0.48416555,0.7525729,0.59572077,0.5878603,0.43511242,0.42419982,0.29126555,0.11757765,0.53805935,0.73860574,0.60659754,0.6565287,0.35037696,0.661386,0.43360507,0.14201893,0.18853146,0.064696,0.32957548,0.6283741,0.68752104,0.7096615,0.2704168,0.5143646,0.22252646,0.5842993,0.3966828,0.21707189,0.395603,0.8031126,0.5275942,0.6834637,0.056355204,0.47436666,0.667369,0.8328177,0.6728027,0.17620775,0.9403469,0.29716974,0.48579264,0.35303372,0.43561316,0.7023611,0.26949367,0.53498554,0.37804794,0.8907645,0.9570521,0.058515213,0.15601414,0.5087992,0.70881224,0.66537905,0.26652735,0.6259897,0.42635062,0.14479423,0.17095709,0.6764271,0.7203656,0.40625417,0.5524324,0.83588827,0.885461,0.44243604,0.5245534,0.25375867,0.8987824,0.24613303,0.5280304,0.46541452,0.76191354,0.28468263,0.80554473,0.5137642,0.40772593,0.6458392,0.90415835,0.3088687,0.49087638,0.34547228,0.47271758,0.57091814,0.79229057,0.28488076,0.42747605,0.2574984,0.89847076,0.24981594,0.68124855,0.13938604,0.52018285,0.3783995,0.14759316,0.20310102,0.68682635,0.9437064,0.76041913,0.2576174,0.39311522,0.1530225,0.6703048,0.14870417,0.13659397,0.7831886,0.7274925,0.6089777,0.3553806,0.43590564,0.7422497,0.24952841,0.2328802,0.5089469,0.08019662,0.5351659
BC2026_Train_0006_S09_20250828_000000_10,0.12942326,0.3197891,0.10071002,0.40603384,0.10802183,0.5350665,0.18815988,0.04250542,0.30472574,0.3432423,0.41615242,0.18762466,0.22245307,0.184587,0.51274836,0.20781273,0.1644885,0.6560647,0.16294709,0.34262758,0.08663528,0.20294529,0.4592991,0.50443566,0.23926584,0.26022747,0.18914151,0.35833406,0.35619062,0.9581033,0.3774454,0.6421206,0.5631203,0.4277144,0.33264267,0.520296,0.5786009,0.51703393,0.5353356,0.48743296,0.47503364,0.46050686,0.5209964,0.5438406,0.30486605,0.38295424,0.47698715,0.27850765,0.31583893,0.31897146,0.5069314,0.46200943,0.4703867,0.41027546,0.4644869,0.63743305,0.39811212,0.74616945,0.17704508,0.17517501,0.16020863,0.35563856,0.4390216,0.08674514,0.3188814,0.45281303,0.2568189,0.32466286,0.29086596,0.39506614,0.51912236,0.31876862,0.4763711,0.3236454,0.4563738,0.91530263,0.45088992,0.26960325,0.91031396,0.6436008,0.079802066,0.55644554,0.20293418,0.40973145,0.3089217,0.28438583,0.39289826,0.10460913,0.20735356,0.1913496,0.43469316,0.49536854,0.21618718,0.65152514,0.70744145,0.8803052,0.21726568,0.7089201,0.25791216,0.3273586,0.36251274,0.6109042,0.8884615,0.20436335,0.49594367,0.43645447,0.4973761,0.46225822,0.18503499,0.32061064,0.31335127,0.7137613,0.28468287,0.6673957,0.41813567,0.19553372,0.3685015,0.90263355,0.49904445,0.40652788,0.6288837,0.41004622,0.29677874,0.2415926,0.42750552,0.06787017,0.27614698,0.22286241,0.2103498,0.86515325,0.52472377,0.759869,0.47747886,0.14949128,0.16921613,0.1253182,0.6486831,0.9055978,0.5825932,0.4418882,0.7236322,0.45720303,0.1874567,0.2112965,0.7924123,0.17785439,0.67673457,0.595877,0.29800144,0.8078965,0.14245488,0.18516345,0.25756663,0.741313,0.5241591,0.12676951,0.95325613,0.50094736,0.8778265,0.82015985,0.7797518,0.2278094,0.7192254,0.335495,0.28553134,0.38623416,0.85116684,0.21605548,0.6276734,0.37289527,0.54017437,0.23679006,0.25373334,0.5438298,0.46496183,0.27300712,0.32883692,0.19117905,0.35626906,0.38696378,0.57964665,0.4007147,0.8268758,0.26136956,0.7232245,0.65423095,0.935591,0.1290298,0.4189533,0.6303946,0.2573888,0.13450992,0.49562788,0.57762575,0.26734847,0.6035182,0.6983441,0.20760795,0.67981946,0.747895,0.35650033,0.46491277,0.6207061,0.77365446,0.2518016,0.18302771,0.74497795,0.2833894,0.6890447,0.64330614,0.25516012,0.23126519,0.42146006,0.39075112,0.781304,0.8919156,0.6757807,0.65190053,0.22579974,0.07498225,0.4899831,0.27657092,0.31191772,0.30572402,0.939966,0.17362392,0.52901495,0.85751104,0.5620425,0.106386915,0.31157726,0.16957438,0.062768064,0.410451
BC2026_Train_0006_S09_20250828_000000_15,0.13948987,0.47677243,0.13958383,0.3422609,0.13608558,0.7696276,0.2242105,0.05482308,0.16258058,0.19358662,0.25801766,0.18596229,0.25997475,0.1334143,0.56074333,0.23482746,0.13655129,0.52444005,0.6604147,0.25826478,0.110519975,0.7172883,0.3758153,0.31113917,0.22711012,0.17482361,0.2812023,0.6132922,0.47837734,0.79035234,0.37795556,0.46889165,0.4176678,0.260235,0.3007756,0.38364488,0.54890203,0.2743813,0.42300898,0.32770708,0.3569273,0.44188774,0.44473088,0.38343346,0.29919124,0.33275974,0.32670495,0.24629824,0.3324955,0.29351735,0.41988987,0.3877707,0.34569073,0.3640926,0.3398298,0.63272464,0.6229533,0.51956004,0.088594705,0.17111117,0.15723331,0.41693628,0.28048807,0.32222164,0.17285043,0.41160923,0.3234983,0.122615755,0.46585155,0.38022465,0.48691303,0.37765604,0.3527173,0.15985458,0.32255423,0.78151405,0.78520894,0.2006934,0.88640773,0.74453545,0.07181599,0.74311507,0.14921501,0.43910065,0.36040682,0.36004692,0.37672994,0.23714578,0.32002336,0.33921063,0.4282115,0.36894646,0.2602095,0.7973873,0.8893995,0.8142321,0.49484977,0.84617734,0.5644818,0.52618074,0.27383864,0.5055524,0.7037487,0.16128513,0.3664773,0.3416208,0.5664688,0.25169826,0.33874953,0.5691898,0.41733772,0.6561552,0.33202165,0.78502595,0.24996385,0.22793442,0.5339207,0.94911,0.76728415,0.49211055,0.3568197,0.30947298,0.6350144,0.40983254,0.368851,0.11519108,0.17100602,0.096376896,0.14493503,0.9354234,0.60894966,0.88205266,0.72764194,0.19936448,0.4903264,0.518837,0.70886827,0.90403235,0.36628002,0.25078422,0.75272036,0.4522317,0.1997675,0.24051961,0.6173302,0.18180606,0.7023177,0.20941606,0.5276638,0.8846839,0.17502281,0.19079262,0.35828614,0.4091472,0.73672557,0.39989632,0.8036028,0.70767045,0.9474791,0.867702,0.8738885,0.29749557,0.8408245,0.32747445,0.5756489,0.5105079,0.7216475,0.24857792,0.5956238,0.46485543,0.6524607,0.24789383,0.5779822,0.73571837,0.3902678,0.1193164,0.13467106,0.23593044,0.3565814,0.853498,0.51483107,0.4647162,0.92007995,0.5103567,0.765733,0.8565495,0.8414068,0.18026131,0.76126015,0.416802,0.27571225,0.24497628,0.28545132,0.4176631,0.27659678,0.7080853,0.89989007,0.47147673,0.62423074,0.73686004,0.4326626,0.4589848,0.8511232,0.63274896,0.23101687,0.19027647,0.7612437,0.4238752,0.7991848,0.6960392,0.3571949,0.11362094,0.59369606,0.4930092,0.50747186,0.28752667,0.28771126,0.70253956,0.34256172,0.17034096,0.32158223,0.22579458,0.51064205,0.26127622,0.98019326,0.15662643,0.37498403,0.9453604,0.7155763,0.15439725,0.33750248,0.14320904,0.08892281,0.5228169
BC2026_Train_0006_S09_20250828_000000_20,0.28607574,0.5312002,0.27881503,0.5910726,0.37529868,0.63012743,0.4976375,0.1878705,0.63011986,0.51147205,0.24190912,0.30342764,0.32218802,0.20233765,0.5994139,0.3408688,0.31050497,0.76766753,0.69103706,0.1999245,0.21660735,0.39575648,0.58708644,0.6203135,0.36760545,0.38108897,0.71962035,0.6521096,0.55329573,0.47903252,0.6682482,0.6495877,0.5479669,0.5392479,0.44406816,0.743825,0.79999924,0.5833518,0.6090956,0.6332122,0.5748959,0.6367501,0.6722608,0.6374051,0.49110967,0.4717704,0.52825093,0.40056098,0.5053778,0.54346114,0.64952403,0.6621443,0.64618677,0.6631043,0.6509371,0.6866794,0.64417136,0.42023185,0.38560432,0.29724398,0.3435951,0.55918705,0.42109245,0.56082046,0.42167222,0.5299221,0.4511401,0.18962416,0.3701657,0.16684517,0.63034785,0.4560049,0.48784173,0.27886945,0.22054434,0.6270473,0.88659483,0.4644894,0.5720092,0.67224073,0.19805634,0.7382407,0.3872857,0.44073442,0.19021598,0.52428955,0.55201554,0.46873528,0.57450134,0.5348497,0.6615994,0.2692715,0.48728853,0.831939,0.83039904,0.8334024,0.39069223,0.6207638,0.53993165,0.3076031,0.5750008,0.475927,0.63282835,0.41388696,0.502195,0.31738883,0.6267333,0.35846162,0.4746328,0.80587554,0.34938377,0.5124384,0.36143833,0.94789773,0.5329515,0.30360913,0.642043,0.6523597,0.7830488,0.61695266,0.30115587,0.3005178,0.9308208,0.41022652,0.40612805,0.24419062,0.28081825,0.17325714,0.3059615,0.8278353,0.25001514,0.9183575,0.7510731,0.35632062,0.72979474,0.76662385,0.5645665,0.33166814,0.22357905,0.36675185,0.7858422,0.4408177,0.34219933,0.34493214,0.6563704,0.4256518,0.63565683,0.18390203,0.5498077,0.92063415,0.31829548,0.17043495,0.50514656,0.4717036,0.7167295,0.33251452,0.4204188,0.7822894,0.74249685,0.44747216,0.50889033,0.87452424,0.59974825,0.55897,0.497977,0.48688978,0.72063065,0.6247649,0.48409784,0.54953265,0.5638231,0.25840095,0.7460084,0.88087875,0.74758583,0.15053594,0.20131657,0.7210854,0.3572273,0.5993246,0.5471716,0.66223764,0.9805877,0.6464653,0.50572336,0.662238,0.9039227,0.33705738,0.8226719,0.41193438,0.47738978,0.47366092,0.45932883,0.26729485,0.51756096,0.8689809,0.97080576,0.5719451,0.29028827,0.7531254,0.56966186,0.630314,0.9480557,0.6752114,0.13700731,0.30896807,0.80580235,0.59096134,0.7366158,0.6244906,0.40346754,0.19035837,0.7088958,0.6768887,0.7154005,0.38728613,0.40472734,0.31404328,0.45769805,0.2689578,0.49406618,0.50733715,0.5926224,0.48608965,0.86947757,0.42555386,0.5315403,0.92980176,0.58789295,0.36646336,0.19142947,0.38860607,0.13082191,0.5959016
BC2026_Train_0006_S09_20250828_000000_25,0.19702369,0.30336228,0.47711068,0.5156113,0.328762,0.34832174,0.48651114,0.11196841,0.2592447,0.8122815,0.09675342,0.38713664,0.23225927,0.31670955,0.5420631,0.28051233,0.24651372,0.7555514,0.33179665,0.09181966,0.21903262,0.39867648,0.6052668,0.565087,0.3886873,0.389511,0.36293346,0.37394762,0.2804695,0.30589807,0.55221367,0.74140227,0.633621,0.59251684,0.5110215,0.69536304,0.63494813,0.6341603,0.57476556,0.7041392,0.6474473,0.54339486,0.56842583,0.5420933,0.5658492,0.50769246,0.6088451,0.4396866,0.4851768,0.54887253,0.54830277,0.6411801,0.5061728,0.5844805,0.61374485,0.6693014,0.5375017,0.9437424,0.62962925,0.27225566,0.24670848,0.47121406,0.396329,0.530931,0.3853776,0.45765138,0.17628437,0.44365078,0.48157865,0.2528207,0.5215975,0.4717412,0.70145,0.3866226,0.10352448,0.42042845,0.66090727,0.5901616,0.6655474,0.3315518,0.45731366,0.600464,0.36947232,0.44941366,0.41511512,0.34245974,0.44719046,0.33955234,0.5025245,0.6831713,0.5963763,0.26200554,0.58336407,0.63543,0.84844434,0.84976697,0.19317111,0.55602825,0.39985377,0.28445196,0.8221766,0.65472114,0.7147244,0.34013695,0.36033583,0.27592975,0.37546247,0.37412924,0.58964944,0.71568245,0.5427338,0.63977635,0.42258018,0.7811092,0.86198616,0.42475408,0.42377663,0.4254347,0.5532589,0.50880384,0.5153544,0.26871383,0.8222382,0.5329578,0.3636822,0.5233681,0.21134385,0.17497203,0.3049931,0.7873603,0.21003884,0.95349574,0.49307287,0.40683445,0.5605527,0.64702106,0.7552935,0.08718188,0.19910398,0.3439077,0.5967475,0.5295388,0.17543712,0.46913937,0.34165594,0.3971972,0.54062504,0.4578955,0.4087544,0.8738855,0.40017122,0.3615709,0.43550485,0.33656317,0.62947595,0.35042018,0.41827488,0.6759765,0.5257621,0.20586023,0.71037364,0.77425766,0.3275231,0.5634394,0.44602895,0.75778043,0.794675,0.65829325,0.5606872,0.38735366,0.31736553,0.49447244,0.5277309,0.78457105,0.9278401,0.15551034,0.29983917,0.7328331,0.50676817,0.22239462,0.6264864,0.70174336,0.9059508,0.661425,0.26921278,0.5510133,0.91294134,0.4078191,0.61354476,0.64513373,0.43880284,0.30663776,0.4122256,0.25618333,0.67670214,0.8774775,0.91154236,0.42666137,0.300691,0.63715124,0.28534836,0.6202212,0.8943379,0.45455992,0.2481274,0.21981198,0.6395284,0.39957285,0.5728692,0.25284663,0.36077675,0.38939452,0.41595456,0.66172934,0.54458725,0.8304795,0.78461283,0.3176586,0.6257887,0.46275684,0.4251532,0.5068429,0.48768294,0.59323806,0.59350514,0.38090873,0.467502,0.6283033,0.65683675,0.48024726,0.12149083,0.7256,0.21481755,0.49222982
BC2026_Train_0006_S09_20250828_000000_30,0.41281223,0.7482881,0.49815905,0.87978613,0.44716668,0.49850696,0.7718468,0.29998147,0.54318386,0.749985,0.25639755,0.7106875,0.36588895,0.40392274,0.87982863,0.506662,0.43929243,0.53867656,0.3634165,0.23384467,0.44210058,0.46698374,0.59117794,0.95900965,0.6166065,0.319569,0.6513809,0.4889352,0.28824288,0.45523727,0.9050163,0.9387106,0.8877282,0.8708724,0.86309373,0.93135107,0.9349055,0.8927741,0.92171454,0.86547005,0.9391593,0.9386159,0.8964255,0.866199,0.76727617,0.8945863,0.86785185,0.7185577,0.79883325,0.9144672,0.84543324,0.85838664,0.86022264,0.97711945,0.8583544,0.7102331,0.65966666,0.92850566,0.39813703,0.34876293,0.2325904,0.5056808,0.44734466,0.55696666,0.46072942,0.6072782,0.2664118,0.569143,0.44317323,0.33604777,0.6113292,0.5741757,0.7445347,0.3800832,0.27062404,0.5742372,0.78723276,0.6205838,0.71352017,0.47033656,0.54888797,0.81385267,0.43226013,0.4406401,0.56683326,0.4950992,0.40758407,0.561164,0.6637291,0.6665398,0.79032445,0.36968064,0.47604012,0.762838,0.8212527,0.50375605,0.4438603,0.67848885,0.56828356,0.39914095,0.74344397,0.7202917,0.33181608,0.44131052,0.458259,0.48488665,0.42714137,0.7233145,0.5454402,0.4797993,0.41669884,0.57390296,0.732049,0.59850013,0.92279524,0.37201804,0.44118726,0.4440167,0.6614554,0.62731004,0.3149351,0.22766337,0.7736095,0.37332892,0.32821745,0.4100321,0.40574712,0.18109424,0.5409143,0.5797974,0.6147517,0.93121696,0.59979826,0.30442572,0.7187058,0.887142,0.4567197,0.16932128,0.23017225,0.4681971,0.47121447,0.3038111,0.2892105,0.45100647,0.5180346,0.53409374,0.54709756,0.41789228,0.4785637,0.8188398,0.5697448,0.22885367,0.5831193,0.31996155,0.5767853,0.58275,0.61989087,0.86712813,0.3669073,0.36602312,0.52351916,0.6539718,0.45992005,0.427763,0.870837,0.71501875,0.7109473,0.53661305,0.45224482,0.46842122,0.45930752,0.5314752,0.59271693,0.82888305,0.80954516,0.36611742,0.46987498,0.337317,0.6542437,0.23103064,0.39433753,0.84615266,0.93908924,0.69067717,0.37923223,0.43174157,0.9339858,0.5346307,0.79201794,0.5283885,0.6427659,0.3650751,0.42417443,0.26560938,0.67880845,0.9160942,0.8650608,0.47288606,0.3225566,0.51439065,0.24926081,0.6462238,0.9768355,0.3083259,0.15956497,0.41439867,0.8914353,0.51763874,0.9108785,0.30907816,0.29047674,0.1358217,0.36780208,0.5950985,0.5804089,0.3430611,0.7657342,0.37589288,0.38038605,0.6000073,0.6918709,0.4593999,0.52571934,0.49579307,0.6836567,0.34036344,0.5205311,0.53962004,0.87841356,0.5352249,0.27335006,0.54657334,0.5564948,0.65684223
BC2026_Train_0006_S09_20250828_000000_35,0.35309505,0.47222692,0.1592071,0.6968365,0.24638933,0.4222654,0.85622394,0.34230566,0.47863805,0.85870713,0.44983488,0.6318984,0.16787803,0.36317706,0.76276064,0.35377795,0.4079529,0.33407205,0.41921657,0.15324555,0.27636895,0.5796239,0.6498109,0.6357801,0.5036289,0.088985294,0.32434225,0.48139796,0.16967458,0.35249126,0.76932895,0.89392096,0.74756235,0.6454532,0.6743046,0.7630894,0.8356126,0.7250378,0.7261471,0.66265696,0.80232525,0.6325045,0.74089193,0.65122545,0.62082314,0.6437146,0.67743075,0.601431,0.74190056,0.67108744,0.6464379,0.70033836,0.6216449,0.8024105,0.71638846,0.60077864,0.6616026,0.51976186,0.40198204,0.1731256,0.23420721,0.47671896,0.16575336,0.32386225,0.2722548,0.55671465,0.114160165,0.33023268,0.48027405,0.25862914,0.4651916,0.3385021,0.59675086,0.13158028,0.54524046,0.46157384,0.60813856,0.48566118,0.38392717,0.61920625,0.30424643,0.5791564,0.34630787,0.35165495,0.36297446,0.7690338,0.2655599,0.7327254,0.59051865,0.43356627,0.6589552,0.3745643,0.28474087,0.9748,0.8706217,0.49216253,0.6549802,0.7662437,0.44056192,0.27851033,0.77258706,0.4193468,0.2835202,0.60957944,0.5670106,0.5508598,0.38217372,0.7275244,0.551203,0.49838632,0.47242624,0.72681284,0.6573496,0.889652,0.48376435,0.3885467,0.38208473,0.77163243,0.6542964,0.6466291,0.25556937,0.31492656,0.74446654,0.20484957,0.385082,0.2559055,0.32938433,0.10711153,0.47651482,0.7721031,0.6559677,0.61620283,0.73170894,0.37803555,0.7441722,0.6237949,0.44880593,0.2270079,0.2571025,0.23150602,0.33136398,0.41117334,0.33319968,0.5507966,0.20265147,0.2912072,0.53476834,0.64337516,0.5053964,0.6956681,0.37243503,0.32196522,0.45626223,0.5468079,0.62646365,0.3586129,0.61223835,0.79907596,0.45826596,0.3135478,0.41652018,0.75325036,0.43094262,0.62726486,0.6731521,0.9929509,0.9297594,0.42498362,0.42558712,0.38202035,0.8346458,0.46414524,0.45149684,0.78310776,0.4423256,0.46089807,0.23716828,0.11833361,0.54748994,0.28898984,0.57720387,0.8200636,0.90058637,0.67544293,0.4442364,0.4209354,0.9486873,0.31644332,0.680923,0.6708921,0.6697094,0.34551626,0.5445991,0.4589505,0.48861587,0.82654047,0.9316423,0.4651025,0.13832566,0.8150084,0.38439023,0.32621342,0.9518572,0.4796692,0.28936967,0.32985932,0.7269249,0.59509814,0.96236515,0.48819417,0.16611621,0.1449209,0.25167972,0.32846582,0.6471654,0.43098977,0.85313296,0.18488958,0.30814916,0.40163714,0.71364546,0.40774852,0.43146104,0.38620287,0.48108646,0.2614898,0.38978308,0.80786103,0.8693263,0.41578215,0.12867188,0.33988452,0.49244386,0.56510407
BC2026_Train_0006_S09_20250828_000000_40,0.27757275,0.59778076,0.112569615,0.7940723,0.24513143,0.21157745,0.76251245,0.2576651,0.20768407,0.80257213,0.20245308,0.51036763,0.1305034,0.30607915,0.71302164,0.15654022,0.5181026,0.5236898,0.51213527,0.09313601,0.1811794,0.79245627,0.73969734,0.8496803,0.17049965,0.091575,0.22736435,0.5733142,0.1998891,0.25352573,0.8131827,0.8348557,0.8000963,0.77126473,0.6960058,0.8091481,0.89623,0.7712149,0.7740034,0.8224918,0.8127116,0.74713886,0.80575,0.7485479,0.6713871,0.726666,0.7090796,0.6379876,0.7527969,0.82225853,0.7454554,0.7855566,0.8383106,0.9029824,0.7858902,0.71067655,0.62872195,0.85381025,0.4774353,0.17565656,0.21858004,0.31351548,0.09729129,0.47697484,0.09095654,0.6473899,0.14431202,0.12732248,0.3550853,0.14119568,0.6311172,0.4207124,0.68581307,0.1271325,0.5203797,0.5668322,0.7687093,0.5358987,0.34441984,0.33636385,0.39071763,0.6873865,0.33968645,0.4412735,0.21946615,0.5485864,0.4078188,0.5188875,0.6487448,0.4586495,0.5450294,0.5934755,0.25841266,0.73384416,0.78560865,0.6915362,0.5750327,0.78232384,0.46755177,0.48714477,0.97749794,0.39306813,0.7213441,0.4338678,0.5131942,0.3643118,0.48796695,0.6568141,0.5110377,0.78341985,0.5641062,0.59605837,0.70808864,0.9949251,0.42971432,0.52495563,0.54624695,0.703418,0.8906421,0.73676103,0.34489304,0.3930145,0.8691921,0.40150523,0.49650013,0.33767927,0.38723356,0.265246,0.6624311,0.74287903,0.4071893,0.47591963,0.6383076,0.5609457,0.62606984,0.3738882,0.31120992,0.12352195,0.26223502,0.23219176,0.3702296,0.474592,0.6284703,0.57336354,0.41048717,0.1305715,0.8015805,0.8643329,0.54095995,0.8695283,0.37206268,0.18557394,0.60343605,0.82109404,0.5837498,0.2495063,0.63776386,0.90863615,0.6971835,0.27098683,0.5031995,0.91804004,0.41438764,0.735252,0.70505494,0.8732054,0.7233043,0.52239794,0.6481452,0.49237347,0.8470316,0.41442025,0.56239897,0.9014322,0.51885414,0.35564852,0.2081708,0.3180864,0.44018337,0.44301432,0.68972135,0.9530184,0.96962595,0.6189097,0.5923317,0.6620456,0.9935156,0.35739964,0.7166116,0.82503855,0.76051056,0.388893,0.6755054,0.7335281,0.7019299,0.8244121,0.91943294,0.6318688,0.291919,0.74283826,0.72789323,0.31694257,0.9392186,0.8288152,0.38504618,0.18824828,0.88625,0.5028574,0.84214467,0.4318399,0.30711648,0.40727592,0.29371113,0.2857529,0.6724583,0.8911651,0.6997,0.2763108,0.5172305,0.4192114,0.53721637,0.62058246,0.27736926,0.7033121,0.5841356,0.47963196,0.3877213,0.7470243,0.8562367,0.3828693,0.14288598,0.4532931,0.34926665,0.7645439
BC2026_Train_0006_S09_20250828_000000_45,0.17544398,0.49207908,0.039508022,0.657329,0.18514824,0.20582667,0.6386956,0.17106962,0.3120107,0.54654413,0.114605024,0.36084002,0.27238804,0.27032316,0.6768075,0.1039954,0.26808482,0.4177938,0.2178067,0.18615034,0.251055,0.27916148,0.43426138,0.69095576,0.1338904,0.036088303,0.0621804,0.5917427,0.20879173,0.24082363,0.7629512,0.76218164,0.63861287,0.63092434,0.6264397,0.80117404,0.8430939,0.6524248,0.69240874,0.6361633,0.6833421,0.65816224,0.6874371,0.7786091,0.55573255,0.5515597,0.57564116,0.5336235,0.63191116,0.7082391,0.6587194,0.6129615,0.7228644,0.74051166,0.62042016,0.4482277,0.50486743,0.91765517,0.41343415,0.23484662,0.08027294,0.22445509,0.06361047,0.44912517,0.16495818,0.49073878,0.066990845,0.18422571,0.16932684,0.060086414,0.94084144,0.53719777,0.43048352,0.13377413,0.24527168,0.7056979,0.7215203,0.5181594,0.3689384,0.33743834,0.2572981,0.6589848,0.24316688,0.311731,0.22728246,0.4555788,0.30597135,0.50893146,0.486571,0.2777764,0.59553444,0.44503123,0.3589061,0.5247484,0.46844316,0.7031344,0.25876474,0.48997474,0.251876,0.33680582,0.87311137,0.22812515,0.7929132,0.38909888,0.33077067,0.32504398,0.4318577,0.57943517,0.33989972,0.90292287,0.29327208,0.521059,0.5988868,0.9868111,0.33594286,0.2114681,0.39902335,0.62223524,0.6425086,0.6508539,0.1763623,0.14100799,0.72243536,0.29598275,0.25906706,0.12810071,0.11643641,0.21720213,0.63208234,0.8145138,0.13143562,0.5677892,0.46779585,0.4337663,0.47833964,0.19734809,0.13330239,0.15303843,0.25879666,0.1892018,0.40518516,0.22883464,0.477233,0.26219425,0.20168236,0.10204217,0.7158387,0.8591804,0.26502138,0.8668991,0.23097567,0.2057471,0.67546535,0.71921396,0.5208113,0.15946057,0.78095806,0.5675056,0.545998,0.34412283,0.5532919,0.81439507,0.43263572,0.49344188,0.60881585,0.8554654,0.7398007,0.22173926,0.53688025,0.5997969,0.7948849,0.14942068,0.39854538,0.95123756,0.50399697,0.29434836,0.17993745,0.36140758,0.24796668,0.2415475,0.6045588,0.9795302,0.984663,0.5848044,0.34655994,0.5522903,0.9904647,0.2258673,0.7328478,0.68382835,0.54739624,0.25309378,0.6354306,0.56648624,0.6689341,0.59939367,0.86706674,0.8010942,0.27371576,0.4909281,0.7014096,0.28020138,0.8210426,0.8883562,0.16252933,0.13059074,0.7957802,0.32621634,0.8790258,0.74747646,0.25596166,0.23307845,0.43469906,0.18544978,0.4916301,0.83840024,0.83536565,0.09563798,0.43762648,0.23244765,0.5509275,0.47976243,0.2299841,0.71586037,0.8079405,0.49463898,0.36019352,0.48327917,0.71632564,0.26163748,0.20799324,0.4337539,0.131449,0.784956
BC2026_Train_0006_S09_20250828_000000_50,0.13565138,0.40297002,0.13364974,0.45563054,0.26308253,0.2935096,0.6424699,0.41063088,0.45613945,0.7042271,0.2087481,0.34693378,0.5706109,0.22367635,0.6716895,0.20052364,0.34644556,0.62555623,0.122460745,0.3834713,0.2780266,0.4003358,0.48457456,0.5190863,0.26124156,0.14744335,0.22605973,0.5616139,0.36427942,0.5710915,0.52436185,0.540694,0.461929,0.49655056,0.49061418,0.5618093,0.5922579,0.3989548,0.4668206,0.46748996,0.48104966,0.4788251,0.48200825,0.522459,0.39336023,0.37697154,0.36521706,0.42471284,0.45914456,0.52629906,0.37693125,0.43270954,0.49899286,0.47824645,0.44976822,0.36138523,0.3839059,0.7172152,0.3816041,0.5072474,0.058106124,0.21345502,0.2763244,0.30273807,0.46268535,0.707958,0.14105797,0.4039021,0.19184908,0.08063315,0.93853533,0.3923422,0.4855436,0.23287278,0.38977677,0.87836564,0.6194879,0.41385943,0.57465774,0.36631817,0.20999509,0.6542046,0.29321295,0.2701638,0.23630273,0.74459946,0.45485818,0.520508,0.5013946,0.3675992,0.442241,0.4885502,0.25704688,0.3918816,0.54571944,0.53102285,0.26540732,0.3919487,0.4458306,0.25793725,0.828514,0.40379637,0.7839204,0.2825061,0.5863308,0.504323,0.6061585,0.4382518,0.47345608,0.85355777,0.25621563,0.848899,0.41774684,0.97165287,0.67699635,0.22328526,0.45415503,0.32747346,0.6850742,0.56248605,0.19358248,0.32040882,0.8321537,0.21515831,0.3984444,0.13473892,0.096570894,0.3701186,0.7181109,0.8072103,0.192871,0.63952994,0.47212332,0.3013563,0.2740268,0.18882653,0.22541589,0.5532981,0.15662202,0.525348,0.3186881,0.38534796,0.33832872,0.40080625,0.24526864,0.25785816,0.8335577,0.7510601,0.3196938,0.77082086,0.3765176,0.21639737,0.5577418,0.8218068,0.54550743,0.2615553,0.7840786,0.5305815,0.33523738,0.27689683,0.25047225,0.57920945,0.3924858,0.5958166,0.4784822,0.7542411,0.8957404,0.14049548,0.72161055,0.44281358,0.6425519,0.19735578,0.5108706,0.8758732,0.689036,0.29725105,0.26464617,0.59673285,0.17619914,0.1440199,0.61600643,0.95193076,0.9678552,0.5132023,0.32711625,0.40697193,0.9319021,0.24246213,0.5655296,0.7239239,0.49929756,0.28131515,0.46169192,0.39128554,0.6220907,0.74896955,0.81685734,0.77874553,0.20002136,0.26254472,0.6865673,0.33932406,0.91148555,0.79782045,0.3041441,0.26404813,0.5588169,0.36396235,0.9432085,0.7968484,0.509977,0.28200686,0.4332922,0.45529884,0.41454613,0.98419166,0.894022,0.13253321,0.66622233,0.25001383,0.68967974,0.6753738,0.41298,0.50484943,0.63816535,0.5976432,0.65638065,0.4865783,0.5901733,0.3257203,0.23512548,0.5080506,0.33057904,0.8530313
BC2026_Train_0006_S09_20250828_000000_55,0.36223954,0.65771675,0.3632607,0.8158867,0.40037835,0.6834886,0.48424312,0.5137219,0.47747153,0.93850386,0.41284722,0.4985173,0.38785166,0.42895156,0.68474233,0.28135073,0.5220239,0.90350306,0.39926702,0.73108554,0.40813017,0.82446826,0.5519226,0.8825009,0.6341631,0.4335302,0.5974631,0.742262,0.5284546,0.43002063,0.7964779,0.90376836,0.8424351,0.8416277,0.7120104,0.8380969,0.98071396,0.79279417,0.8185086,0.84496486,0.8622762,0.79087067,0.8507772,0.98413587,0.6328224,0.61225134,0.7434699,0.6553304,0.6711806,0.7465797,0.789227,0.84054685,0.8837856,0.8833288,0.7499137,0.5732287,0.5122854,0.5080764,0.6034721,0.56107295,0.22668558,0.379058,0.44175512,0.42123178,0.59639287,0.86042213,0.41897625,0.56631917,0.3487479,0.2725988,0.82340574,0.454459,0.3746849,0.5925196,0.5251655,0.84812593,0.47758543,0.44881976,0.7320504,0.37545738,0.26755458,0.51512074,0.43698952,0.50049794,0.39528692,0.68051946,0.56046885,0.6715896,0.63005304,0.39628047,0.5662955,0.5239537,0.41663957,0.6276933,0.5270401,0.51039827,0.52499866,0.564188,0.6833,0.2823602,0.6836064,0.28653648,0.879238,0.43420732,0.70743597,0.6715927,0.6305901,0.45113146,0.46619356,0.54662836,0.3186128,0.923896,0.345087,0.8954956,0.68696237,0.40862733,0.55206317,0.47264594,0.8796688,0.3575827,0.42905897,0.52935344,0.7428962,0.2546305,0.51834524,0.117270686,0.23342852,0.4718753,0.87444675,0.89310265,0.3393392,0.78870404,0.55886483,0.39720333,0.39126956,0.4315129,0.44661903,0.6357293,0.25542265,0.55977964,0.6284417,0.5992661,0.43425542,0.528708,0.45540684,0.2972404,0.81850886,0.6274676,0.4573207,0.73539937,0.4929043,0.17083272,0.4430753,0.7267736,0.64955056,0.2646955,0.7374232,0.8835553,0.63733065,0.4129827,0.591854,0.7271962,0.54955626,0.6107557,0.5642171,0.66561973,0.9178121,0.37576276,0.7497203,0.5131582,0.40855032,0.25693512,0.7322254,0.68407464,0.4575038,0.42556405,0.33868176,0.3796844,0.46929651,0.33185267,0.5324024,0.8496394,0.94368774,0.55486757,0.35784495,0.69677114,0.67087865,0.3715335,0.7655302,0.74534047,0.47104543,0.375158,0.28074843,0.2966667,0.54702103,0.92652917,0.8207351,0.8444917,0.34747714,0.43085048,0.5596436,0.46298826,0.8544171,0.78857756,0.2652756,0.29468536,0.69860435,0.526599,0.9383275,0.7080246,0.6112714,0.42610288,0.60928255,0.6928959,0.79131174,0.82009566,0.77227914,0.20287606,0.52653193,0.40551013,0.74450254,0.7095062,0.36593282,0.43214956,0.49362504,0.53892714,0.55006933,0.6315925,0.4519744,0.2874264,0.4387526,0.2872641,0.4291992,0.8386233
BC2026_Train_0006_S09_20250828_000000_60,0.26371878,0.15268368,0.10782899,0.5205696,0.12482833,0.23038617,0.2682203,0.12525375,0.5394162,0.5462597,0.17121387,0.5063565,0.0992925,0.2644936,0.2908825,0.12047763,0.28573444,0.63364923,0.3885588,0.12798104,0.10688333,0.27056307,0.44356585,0.45179442,0.19505516,0.23019895,0.12072109,0.5563495,0.18348932,0.09813088,0.5606651,0.63206416,0.64791834,0.46553797,0.53562295,0.6462722,0.72047293,0.52347076,0.5960018,0.6238259,0.6844469,0.5184022,0.56257784,0.59000814,0.48078275,0.4859508,0.47996622,0.533445,0.5531771,0.59348965,0.5429212,0.5703061,0.5611974,0.6714456,0.59843117,0.3628441,0.27653044,0.6797329,0.40969032,0.17581774,0.41953963,0.122829676,0.12724657,0.22431162,0.2515427,0.27839738,0.24329185,0.22742176,0.09930958,0.06518857,0.5352653,0.29069185,0.39852095,0.50735354,0.15324938,0.7250029,0.5005071,0.09146991,0.7710012,0.13402615,0.18415017,0.29593742,0.11455183,0.3319971,0.14390096,0.3763079,0.32249182,0.3466243,0.29516387,0.2343227,0.48933753,0.3530658,0.2560655,0.45207033,0.7356007,0.6649202,0.31601954,0.60123205,0.48036975,0.097561546,0.49158,0.18351576,0.66895056,0.18868831,0.46266526,0.5890862,0.6692064,0.17745,0.31425434,0.59822524,0.33386892,0.53233755,0.35610276,0.6893734,0.19712308,0.14843458,0.32463002,0.61200815,0.85256195,0.333892,0.169,0.20194167,0.6464629,0.100854084,0.14898974,0.09294611,0.050570004,0.17004041,0.9033499,0.9282287,0.10959841,0.7033491,0.17170903,0.14283891,0.16395158,0.5741478,0.29206282,0.14523625,0.0876554,0.2640896,0.66372347,0.37694722,0.1416908,0.1480835,0.21058169,0.0708825,0.48026115,0.49697036,0.2780227,0.5685333,0.1812402,0.17932105,0.67323947,0.42383188,0.40993965,0.07997149,0.65051603,0.6230341,0.785678,0.35139,0.3602969,0.5071452,0.30936578,0.18969738,0.328169,0.8509123,0.75476146,0.36879748,0.2653206,0.19099605,0.5750309,0.41904438,0.48472834,0.48144698,0.3194366,0.148183,0.10082063,0.10512087,0.4389375,0.2714244,0.4104883,0.7959866,0.90829325,0.5147904,0.1943582,0.8187759,0.9111597,0.32047534,0.63949907,0.6235237,0.19407523,0.16178367,0.228585,0.11135487,0.3739309,0.9132819,0.9124453,0.5529104,0.17395405,0.32247704,0.1503995,0.6429062,0.91927516,0.3615042,0.07641708,0.053667583,0.5501152,0.19779661,0.9408797,0.17729646,0.20451891,0.09320159,0.38588107,0.3765071,0.503309,0.94444275,0.65009546,0.11928263,0.21685109,0.08668541,0.33474702,0.21285877,0.07758249,0.63739395,0.7237612,0.23182213,0.17652702,0.6924081,0.51486766,0.05894029,0.21467894,0.30178583,0.1017483,0.6160253
BC2026_Train_0007_S09_20250829_000000_5,0.4469161,0.7265117,0.8238437,0.9526435,0.40808675,0.37406015,0.68816,0.70594704,0.6257988,0.52501374,0.5453995,0.53551626,0.57919514,0.41266704,0.986925,0.5835675,0.7689833,0.8917041,0.72387147,0.9193187,0.38559288,0.853547,0.75267303,0.99479556,0.80961096,0.2478194,0.7941178,0.6962787,0.75730383,0.8192904,0.90436274,0.98319227,0.9538053,0.9429897,0.94815207,0.9880519,0.9935055,0.9263462,0.9677489,0.9160155,0.9632212,0.99215615,0.9553231,0.9829681,0.9698216,0.967653,0.90327704,0.82417333,0.98685694,0.92184436,0.9599247,0.93998134,0.9591582,0.98634374,0.9134728,0.9358295,0.91595626,0.8981544,0.8230033,0.45842358,0.808627,0.43429905,0.6559931,0.6694771,0.7779389,0.9799231,0.7666062,0.572703,0.79392135,0.7658495,0.81383073,0.3556404,0.89138496,0.20863824,0.751997,0.9177741,0.80906725,0.8360312,0.77681744,0.83962667,0.97772706,0.75996244,0.63535106,0.983975,0.62186396,0.792158,0.89911956,0.6262518,0.98287916,0.614874,0.78612185,0.41900325,0.98754585,0.76921713,0.9020987,0.8199414,0.8166746,0.80660415,0.70450735,0.76529,0.72692263,0.54451686,0.111552924,0.5422883,0.56886685,0.9148084,0.86237395,0.74821615,0.9696895,0.96714795,0.68125045,0.44034988,0.43382937,0.80974376,0.6958796,0.9386375,0.6761644,0.77459925,0.67511094,0.7232882,0.67951214,0.9238937,0.9628667,0.9697187,0.42691067,0.9131187,0.5261871,0.2517709,0.89441866,0.3864439,0.48686075,0.9300395,0.9843987,0.94290215,0.97661245,0.81354105,0.42425793,0.46301275,0.7992283,0.8598271,0.79748845,0.89839184,0.85678375,0.9398575,0.46881697,0.79699683,0.7094525,0.7579998,0.850997,0.8248863,0.9795395,0.58529747,0.73187613,0.91526663,0.772177,0.9441041,0.94127595,0.84854543,0.9220469,0.88137895,0.9896245,0.7175822,0.8402671,0.39662355,0.813979,0.8992262,0.35265625,0.7356641,0.46155378,0.8405107,0.92284167,0.6577527,0.7913395,0.75660026,0.7160808,0.5580907,0.7578001,0.25112298,0.9460521,0.6173853,0.77944255,0.9086706,0.7349639,0.91585624,0.9080741,0.99137497,0.5748437,0.9514792,0.59203523,0.27821648,0.8386333,0.89760005,0.5705823,0.68711483,0.95745826,0.8498241,0.97665,0.76203763,0.66363955,0.43177897,0.48078015,0.81985414,0.5844774,0.742224,0.25385505,0.80090415,0.3668694,0.6038424,0.69234836,0.90206146,0.8457463,0.8160423,0.9291479,0.9726583,0.7025962,0.3828631,0.8226572,0.42634457,0.7695732,0.95313215,0.90460145,0.76448536,0.99675,0.98574996,0.48965955,0.70395494,0.71308744,0.9631649,0.94738734,0.9040895,0.9471085,0.7255528,0.9824188,0.8762927
BC2026_Train_0007_S09_20250829_000000_10,0.37691814,0.7552789,0.3714825,0.8230943,0.438254,0.47753656,0.70327675,0.2764034,0.76356363,0.23771763,0.44555283,0.18685207,0.46901393,0.42127156,0.8343284,0.440273,0.49742258,0.7280755,0.37246883,0.49198252,0.36927456,0.3432454,0.28711757,0.7509954,0.6631341,0.29340535,0.67631817,0.62635577,0.42787978,0.38698223,0.60768414,0.7509758,0.6949446,0.7183395,0.68791306,0.6787114,0.75863326,0.78923523,0.6917364,0.6603974,0.7180407,0.70613146,0.7801688,0.8108068,0.6897837,0.6697867,0.66876084,0.6534707,0.6344434,0.6287434,0.79370254,0.71892273,0.7652794,0.79060924,0.73131263,0.7905332,0.7383002,0.7675036,0.25197423,0.29904023,0.672742,0.30786723,0.25589296,0.21049544,0.35840255,0.9100189,0.4755543,0.2570098,0.81725323,0.4374833,0.4855852,0.34426296,0.6600403,0.4075666,0.7806332,0.93612456,0.7392678,0.5481045,0.38620222,0.44611642,0.881294,0.53856087,0.27960998,0.8545323,0.6095315,0.43531105,0.7454281,0.34578973,0.841177,0.59072334,0.6261581,0.33297563,0.8103376,0.5730429,0.5428483,0.6222124,0.5403757,0.6454065,0.35779652,0.87972665,0.49703515,0.2668156,0.2783559,0.5846967,0.6045411,0.57507575,0.632439,0.7349373,0.9381777,0.790352,0.48956573,0.48129642,0.3321582,0.5786238,0.5768022,0.56629235,0.41049993,0.8212434,0.54063916,0.5060898,0.5713554,0.7540785,0.66374063,0.8859774,0.6007822,0.6772835,0.6074991,0.34716642,0.48109302,0.38253623,0.49290586,0.75077295,0.31240153,0.84332454,0.67648375,0.55066836,0.39614227,0.31773156,0.711105,0.8623913,0.8577305,0.924626,0.58765745,0.9313898,0.6182996,0.5172136,0.46836206,0.59414876,0.7162187,0.8651829,0.6873362,0.32938087,0.26869008,0.64429796,0.69591844,0.7948979,0.80974495,0.5251415,0.95387715,0.50661445,0.9183142,0.2735684,0.3431366,0.38402385,0.5173128,0.9897859,0.27535832,0.4845696,0.42529532,0.7843472,0.45301706,0.47943324,0.679271,0.46891958,0.7432444,0.6968719,0.2601273,0.2539093,0.7638533,0.42637074,0.44243813,0.6672299,0.32146746,0.7870153,0.776014,0.86190546,0.27192143,0.7042631,0.70212185,0.27970046,0.2512142,0.52887994,0.3961957,0.67802584,0.7461144,0.72608745,0.79361296,0.7432121,0.90870833,0.42518452,0.27655852,0.26522115,0.4694857,0.8179743,0.4338646,0.5373686,0.17641392,0.60854137,0.45785385,0.4861288,0.7227328,0.9784906,0.52585596,0.75165737,0.7692255,0.33974278,0.57640016,0.5587162,0.7782228,0.8707442,0.44176966,0.5281117,0.8961123,0.88761866,0.82124186,0.6327014,0.53041553,0.7458137,0.8806756,0.6597265,0.6585065,0.6489619,0.8993175,0.46991998
BC2026_Train_0007_S09_20250829_000000_15,0.178731,0.28627667,0.38701582,0.88603795,0.28977594,0.22491762,0.43686938,0.1185177,0.61017156,0.2781111,0.4948269,0.3003571,0.21865167,0.3794546,0.6031568,0.32850462,0.36943126,0.7383028,0.37291658,0.19818017,0.13644944,0.23114258,0.15307581,0.7927548,0.37472796,0.2752005,0.475029,0.41746855,0.3309772,0.34590465,0.67809415,0.8947564,0.899717,0.7867091,0.6624987,0.8408927,0.86170924,0.8752973,0.9160278,0.7042701,0.76025194,0.72637194,0.8697906,0.8809062,0.8250425,0.75207704,0.6890291,0.8243624,0.7254659,0.5108102,0.79997563,0.7646239,0.69062,0.8855309,0.81787306,0.6203563,0.45860657,0.7918044,0.1962122,0.26402712,0.52022564,0.40922117,0.12293936,0.16587701,0.35161066,0.7981037,0.43897069,0.088166684,0.94401675,0.3879528,0.36091518,0.18995938,0.8119124,0.3380037,0.6529937,0.91526717,0.5354084,0.6037719,0.5367316,0.4894508,0.6347606,0.4850068,0.29467985,0.53798985,0.23935613,0.14641114,0.68188107,0.14197655,0.8412184,0.48920226,0.32652926,0.45723647,0.23517227,0.64103603,0.6952522,0.4848336,0.32233357,0.6785425,0.34410322,0.94778436,0.6514485,0.3063531,0.45081687,0.34543025,0.37057126,0.5858911,0.89061815,0.5527406,0.7634214,0.6247838,0.58377343,0.3452621,0.48192868,0.63861424,0.4789784,0.6238259,0.55397725,0.94618756,0.9227212,0.5041033,0.4808936,0.51226974,0.6789038,0.7671956,0.45187095,0.5364555,0.26435024,0.43367052,0.5323986,0.82923496,0.77489066,0.56780094,0.23539317,0.59124666,0.26932025,0.32611516,0.4376986,0.3855997,0.85418046,0.71985686,0.7065874,0.9225211,0.69174755,0.9122648,0.6518874,0.3926862,0.7140336,0.83809614,0.8578445,0.74884105,0.48741436,0.47313714,0.28289214,0.33809745,0.59948397,0.8896612,0.8715296,0.64508176,0.8661276,0.6479902,0.8121612,0.38109776,0.39051718,0.39888638,0.53409636,0.8157848,0.5894914,0.39059964,0.6147281,0.35399568,0.32387578,0.4493469,0.65544176,0.67878854,0.6261722,0.6297711,0.27978122,0.39912736,0.7372949,0.5680034,0.60090387,0.5939983,0.3037232,0.8605799,0.73397064,0.5757626,0.46473694,0.288768,0.64277816,0.42117643,0.10522357,0.22753644,0.50666916,0.6316986,0.6260246,0.8834866,0.8556074,0.8934255,0.9065312,0.50796366,0.21064734,0.22647133,0.47417626,0.7575067,0.46396315,0.5265321,0.3233313,0.41861498,0.6079309,0.600722,0.87398386,0.91849446,0.48912793,0.8361368,0.7931615,0.7772936,0.45400113,0.80094373,0.5735487,0.8449737,0.33500695,0.7584541,0.3921601,0.7657374,0.8865251,0.6784427,0.5397482,0.54191816,0.674814,0.50553125,0.49574858,0.526358,0.41055208,0.56273025
BC2026_Train_0007_S09_20250829_000000_20,0.12033154,0.7239758,0.31273162,0.849624,0.5271479,0.26091754,0.34889305,0.20035747,0.52180433,0.39290708,0.62707186,0.4370442,0.22571437,0.3049947,0.6928961,0.4516898,0.70093447,0.7273065,0.4865542,0.3921133,0.23828451,0.79476976,0.45275313,0.7595492,0.55016035,0.30067167,0.34049743,0.20963003,0.38619035,0.9554053,0.73218966,0.8014281,0.8755472,0.7190244,0.71928036,0.8317923,0.9346484,0.85555613,0.7769251,0.7793391,0.79759943,0.64969456,0.7802838,0.71326125,0.7374567,0.7335911,0.81957114,0.81369114,0.68943405,0.5737807,0.74216807,0.7245966,0.75102985,0.83182776,0.79637337,0.782632,0.55431986,0.67461514,0.37600273,0.31451184,0.55080545,0.54101145,0.15625355,0.5055242,0.5118356,0.63075376,0.4000523,0.2279574,0.83932245,0.31376678,0.63243103,0.39213443,0.8168688,0.48829272,0.5664582,0.80166364,0.7711295,0.5332365,0.72114325,0.6032709,0.5078039,0.4690872,0.099852294,0.5291382,0.23038137,0.20762303,0.40540475,0.25942442,0.8772998,0.34160036,0.45213366,0.29255134,0.09971027,0.50877607,0.8826581,0.7144057,0.62375665,0.7405207,0.646696,0.92066467,0.59009486,0.7874141,0.22995329,0.12881848,0.16482595,0.5979273,0.7585634,0.68743956,0.4702317,0.71654177,0.41831213,0.27650318,0.21065629,0.56292176,0.7553406,0.4425937,0.9326312,0.86849,0.93598604,0.4378767,0.44789755,0.6191091,0.50586843,0.6417141,0.17030442,0.73144317,0.19195557,0.24023709,0.7848506,0.8944677,0.8944187,0.48089427,0.38806278,0.57170045,0.31689817,0.35855907,0.54455554,0.6598686,0.6659093,0.5914471,0.88693756,0.48937422,0.6588106,0.77108645,0.61103547,0.639184,0.9466338,0.5638808,0.5265224,0.6457237,0.7106254,0.4878252,0.6019209,0.26731536,0.56221473,0.63732696,0.9758967,0.55780005,0.8104198,0.8835871,0.8123381,0.7303759,0.55517787,0.7724824,0.39787763,0.31368953,0.59222853,0.7364594,0.81524944,0.26383162,0.46174723,0.7530714,0.29191217,0.89458203,0.9106734,0.41167992,0.79959625,0.36810422,0.54766333,0.45372397,0.55147517,0.5743141,0.43032694,0.8144808,0.70661056,0.54203796,0.7520562,0.26885217,0.53534824,0.20559973,0.28689006,0.25297242,0.5842556,0.5057184,0.7153022,0.8899839,0.83399856,0.7791654,0.81332314,0.37800807,0.50922334,0.71969545,0.21731448,0.63032544,0.8647208,0.4268871,0.56148195,0.37488413,0.8546084,0.7697098,0.7785888,0.55501187,0.46669692,0.90351236,0.28775007,0.21800429,0.46185905,0.7694378,0.8220565,0.89925194,0.79527986,0.78413177,0.4182517,0.50899756,0.808431,0.36599678,0.50071704,0.419705,0.5905254,0.308443,0.3161711,0.6817349,0.46419007,0.66033053
BC2026_Train_0007_S09_20250829_000000_25,0.16863701,0.5808035,0.5739531,0.6711133,0.52672267,0.37394053,0.6969058,0.55234885,0.40535915,0.6972699,0.54632574,0.35325652,0.14628589,0.19870937,0.8805158,0.5558973,0.7033714,0.5917647,0.25595093,0.5093715,0.4364504,0.4529754,0.52702916,0.74468267,0.47315562,0.3865168,0.63562906,0.35615647,0.43341407,0.79454553,0.58594185,0.7233784,0.72730637,0.75453967,0.54379135,0.6593466,0.6143574,0.6088478,0.43079787,0.49981928,0.5390057,0.55545133,0.6358584,0.5796973,0.4350598,0.59126073,0.5905134,0.50692517,0.45201176,0.40961295,0.66352123,0.5320122,0.6404066,0.642943,0.62749386,0.7955102,0.6150179,0.27535027,0.43703437,0.2270889,0.4953454,0.45662558,0.25340116,0.44879508,0.4393685,0.79361266,0.44059855,0.5684181,0.72212094,0.5301588,0.65359914,0.4328274,0.7270725,0.5003752,0.82838535,0.6568085,0.89299953,0.8133503,0.4676617,0.6581905,0.6302706,0.7676736,0.11019467,0.29804277,0.25780156,0.647058,0.46621758,0.56782466,0.7738682,0.5418081,0.5225148,0.43796802,0.3866909,0.42973348,0.83934224,0.6834743,0.9290191,0.43960226,0.7963146,0.66396487,0.8692105,0.7680352,0.2949687,0.1971264,0.24028718,0.7139658,0.8598181,0.5122916,0.60072297,0.4570573,0.41420323,0.5457248,0.12768573,0.47380158,0.65446687,0.42075524,0.8452306,0.5736351,0.7698785,0.55848324,0.35070324,0.5747252,0.5222543,0.6746983,0.26661402,0.48232445,0.43611243,0.3866791,0.8588495,0.5950358,0.85038483,0.6690811,0.42624283,0.52563864,0.36455995,0.55388767,0.45431036,0.70211256,0.72213286,0.48306835,0.88289106,0.41069603,0.8305855,0.77705956,0.3169903,0.54891706,0.7087504,0.7318484,0.5603995,0.9475838,0.6979252,0.6164393,0.8412727,0.61788785,0.65232515,0.41815653,0.9362714,0.53987956,0.76177454,0.8445921,0.52429116,0.7304995,0.5365586,0.7836077,0.4328637,0.74136347,0.6824726,0.7576333,0.68621576,0.19637689,0.4849134,0.59228754,0.17589727,0.5037968,0.6460159,0.24616201,0.86394787,0.2523986,0.52507156,0.3105471,0.17449042,0.59759235,0.4812534,0.8640877,0.72109604,0.7705872,0.56006205,0.4994853,0.50276375,0.37226176,0.78756905,0.5370621,0.7423831,0.7339313,0.6835549,0.770154,0.61165106,0.36015457,0.75512105,0.43306828,0.53937364,0.76882714,0.41078073,0.41298115,0.8939266,0.37428218,0.49316686,0.35000917,0.8786017,0.68204653,0.88959366,0.67416763,0.38901657,0.9360787,0.3879904,0.19214496,0.63185275,0.29319608,0.88935935,0.89383143,0.97723544,0.48779726,0.50264025,0.5770452,0.38755018,0.34188506,0.41173714,0.58075243,0.5458046,0.40182394,0.30822775,0.6544002,0.66497135,0.63432467
BC2026_Train_0007_S09_20250829_000000_30,0.42082065,0.6373347,0.6082262,0.46749282,0.6549709,0.7132335,0.867638,0.5442449,0.5632502,0.7281854,0.53557014,0.2139005,0.36489016,0.30859375,0.8094322,0.24984816,0.27404958,0.7875891,0.39704043,0.7075043,0.64578223,0.72451496,0.78442824,0.486152,0.75352967,0.53010774,0.49622384,0.7024802,0.6767838,0.801489,0.41975862,0.5315349,0.5004712,0.5043074,0.40555853,0.48134255,0.50991535,0.44449273,0.43669075,0.39090967,0.44246423,0.51418465,0.45578247,0.53221524,0.28583875,0.2892073,0.39746776,0.32630306,0.28197443,0.25343305,0.45532155,0.47365975,0.5068611,0.5065258,0.401162,0.9403178,0.6601815,0.48424166,0.67488337,0.5044261,0.68182135,0.5364309,0.5278185,0.45131811,0.71253717,0.49234146,0.64339733,0.65639687,0.5963174,0.6950518,0.5465361,0.45234123,0.49530983,0.6021562,0.8589086,0.8877244,0.68283606,0.94559276,0.38980532,0.71632123,0.40340668,0.28150216,0.22747344,0.30636546,0.573884,0.8099573,0.22990674,0.3913619,0.45249328,0.42175305,0.78319097,0.55767846,0.3570022,0.60394853,0.91160464,0.64751756,0.74877334,0.52193666,0.6256293,0.45590454,0.41062355,0.47416556,0.37157655,0.63968444,0.5498366,0.52084863,0.5561447,0.34798658,0.47018516,0.21803504,0.24221829,0.6882764,0.14389941,0.2240329,0.39070255,0.35866404,0.39942747,0.6067705,0.37470365,0.32382405,0.5167393,0.5921876,0.2684815,0.37630635,0.5074496,0.15936533,0.4364711,0.200232,0.5701025,0.5762651,0.50435185,0.4572205,0.9597679,0.4387229,0.4129148,0.35546896,0.6071297,0.50654197,0.7216561,0.47961414,0.6524848,0.64764607,0.37477732,0.46880496,0.4014958,0.5481707,0.47918004,0.7255182,0.6675503,0.9595046,0.36241096,0.40690953,0.42279363,0.8877796,0.54693997,0.31585145,0.9582298,0.25857383,0.6027976,0.90043485,0.6289898,0.61087036,0.5716927,0.7049643,0.23008907,0.90815556,0.6562542,0.6901896,0.16824889,0.3240021,0.46569937,0.3661046,0.23634155,0.5895916,0.28736848,0.52211654,0.52843267,0.21220705,0.2262139,0.47470266,0.21387845,0.2528906,0.27426746,0.47435862,0.3055057,0.73824716,0.22823158,0.36303866,0.63994515,0.4898476,0.43745756,0.33536112,0.79972494,0.6233247,0.515622,0.3620013,0.2988518,0.4023919,0.61433,0.46595913,0.45589894,0.47493148,0.5045177,0.6608974,0.7657435,0.47362724,0.58292186,0.57868296,0.8373817,0.6846502,0.8137634,0.64999866,0.605357,0.54933286,0.8344142,0.3708626,0.90881586,0.20622948,0.6814753,0.28717834,0.9762248,0.34103894,0.35110044,0.362575,0.38811785,0.27795193,0.29137307,0.7282777,0.23596309,0.18426082,0.41052324,0.4315641,0.6041881,0.37350473
BC2026_Train_0007_S09_20250829_000000_35,0.36858565,0.65301776,0.32560974,0.28252983,0.47853732,0.58763516,0.7051208,0.44691193,0.39230725,0.4797914,0.43621466,0.1546816,0.3396417,0.24023718,0.7033416,0.1030857,0.319997,0.6150954,0.4757604,0.53422475,0.455987,0.65503836,0.625146,0.36405027,0.4318114,0.49725586,0.16452858,0.61509186,0.61633277,0.5975919,0.29485017,0.29317355,0.30035222,0.26781288,0.34584922,0.25299707,0.34959412,0.32015198,0.24109316,0.2200683,0.26507372,0.32124126,0.2897564,0.2550294,0.2704144,0.26620662,0.23455042,0.2958349,0.27359834,0.24705109,0.25806823,0.2633711,0.27418908,0.32113302,0.22908485,0.7853364,0.56010747,0.22847691,0.6554879,0.6228173,0.43946415,0.34256744,0.52120346,0.27584052,0.7197989,0.297786,0.49600005,0.48789567,0.37586328,0.49083376,0.5297988,0.44863233,0.65009654,0.4171334,0.77591157,0.96617913,0.6165061,0.78956854,0.31890061,0.59057534,0.40504253,0.13741598,0.25650078,0.3172992,0.50360346,0.6085259,0.29869026,0.3625461,0.59341526,0.47206342,0.67579675,0.47683173,0.4067114,0.7222667,0.651615,0.54361355,0.42198116,0.49567163,0.39333192,0.7195122,0.5081197,0.53798574,0.15745088,0.65077114,0.530378,0.69768584,0.6529671,0.3590467,0.4795565,0.5327108,0.3623575,0.5015285,0.1526023,0.42609912,0.6312461,0.6811465,0.38427544,0.4142996,0.45001805,0.42876765,0.4453385,0.6889057,0.4543751,0.503466,0.42139465,0.28896296,0.47961366,0.09489447,0.4718601,0.43751633,0.3296227,0.16049182,0.7412543,0.7961483,0.43697304,0.4323253,0.70020986,0.6941461,0.6060915,0.532297,0.41240144,0.7201277,0.3524778,0.42451066,0.08695519,0.65801036,0.6234268,0.40882415,0.50609946,0.6566049,0.469441,0.47564715,0.42368054,0.61653984,0.28121844,0.34832,0.9814999,0.39584386,0.8546711,0.5991311,0.5862497,0.8892187,0.6232996,0.79276454,0.19160837,0.57168376,0.39759177,0.75142395,0.18291825,0.34294593,0.38384414,0.46294618,0.3971846,0.8116689,0.40287465,0.6282613,0.6156527,0.45159036,0.13667476,0.40670532,0.54221195,0.3484112,0.4871814,0.57666886,0.2033317,0.7789887,0.3018164,0.516603,0.61738694,0.26341584,0.24097604,0.23485497,0.5055039,0.5778804,0.71430194,0.4104021,0.49244744,0.5583314,0.21221352,0.17765859,0.80335295,0.58987856,0.181705,0.81777287,0.9050672,0.34368694,0.3821026,0.52298486,0.71976626,0.7437799,0.63441086,0.64866936,0.62359446,0.33943182,0.59257114,0.22667226,0.7271234,0.3496614,0.7806077,0.2062434,0.9375784,0.59405726,0.54099995,0.501945,0.53795326,0.3427341,0.39301217,0.84890634,0.36466378,0.26646835,0.53362155,0.4541366,0.56245875,0.5651481
BC2026_Train_0007_S09_20250829_000000_40,0.5015267,0.6914257,0.408831,0.8873509,0.59283715,0.73168075,0.8810653,0.54942954,0.7103275,0.6550412,0.5213149,0.5072661,0.54926944,0.52435666,0.55930233,0.18768671,0.6411176,0.7613555,0.9697118,0.6717613,0.48534608,0.99825025,0.71108854,0.9793699,0.6233738,0.5541618,0.4930235,0.73442996,0.61706614,0.50013554,0.83622074,0.9488025,0.8841282,0.92070794,0.7855824,0.8828345,0.94091964,0.8847281,0.88905436,0.8589419,0.85603106,0.9211763,0.8766125,0.948409,0.7557335,0.7523366,0.764573,0.75295794,0.7634809,0.7350751,0.8522402,0.82874763,0.9323053,0.9847533,0.80947113,0.93089664,0.85917354,0.8545522,0.8591318,0.5439454,0.53692997,0.5392699,0.64585423,0.4023521,0.60184795,0.7766771,0.5793571,0.38443714,0.57230586,0.6481149,0.8084755,0.7358334,0.75405383,0.30183852,0.9119407,0.97488666,0.80829275,0.8750135,0.6196155,0.8237361,0.22107679,0.365776,0.5006512,0.66487885,0.5067579,0.70284617,0.8177984,0.62933314,0.8499113,0.7082448,0.7523012,0.73269796,0.90487385,0.82320046,0.8281392,0.73758125,0.55129504,0.7938921,0.6534598,0.8078797,0.7480191,0.44714108,0.36903834,0.58102477,0.7141633,0.847283,0.64906085,0.6147261,0.7841401,0.7909293,0.51895285,0.6717086,0.37946206,0.5346054,0.7343416,0.6999047,0.7669158,0.56566334,0.8202368,0.62545204,0.70478785,0.90041417,0.73508775,0.76802766,0.5987253,0.63511395,0.4807059,0.36170852,0.53799105,0.704386,0.32101506,0.2362088,0.9820759,0.83575475,0.76171947,0.68034947,0.6101482,0.8201456,0.5878252,0.7042285,0.66097283,0.85996246,0.4013285,0.56438714,0.4765846,0.78341174,0.5317136,0.5899956,0.7351875,0.6343418,0.35207218,0.32126516,0.43554986,0.80449057,0.4513542,0.60481024,0.94030535,0.5453704,0.8647245,0.5340148,0.9087018,0.75308573,0.867349,0.66041386,0.41985005,0.6203877,0.48716706,0.6400286,0.6124435,0.6484766,0.75680864,0.48097292,0.702062,0.7729213,0.29220536,0.7580875,0.5676013,0.49415714,0.38846648,0.52104664,0.4110074,0.7615547,0.60477364,0.78946495,0.52187514,0.802209,0.6803433,0.7601769,0.6969727,0.4857871,0.35085785,0.566706,0.45440036,0.69586927,0.8276156,0.5777375,0.6236336,0.8456391,0.23983264,0.3497458,0.89380574,0.6531209,0.2896008,0.9794047,0.6021974,0.4958256,0.4362225,0.72259605,0.7388165,0.92077136,0.8320488,0.67549086,0.91267455,0.48614722,0.7853416,0.46284217,0.941204,0.55755574,0.86541355,0.44751698,0.9308377,0.7640765,0.8424285,0.77406013,0.4281811,0.6911441,0.7055874,0.88365746,0.5469339,0.57501745,0.9402975,0.30687478,0.92745364,0.72043085
BC2026_Train_0007_S09_20250829_000000_45,0.3519426,0.6755042,0.32225925,0.9723966,0.59299695,0.9378909,0.93702996,0.476325,0.5404807,0.8495995,0.67159736,0.69953537,0.4372033,0.62209845,0.80973387,0.31111485,0.6233363,0.82049334,0.982306,0.856287,0.46992105,0.97288644,0.6779652,0.99625504,0.4997064,0.46206212,0.4639086,0.82344544,0.51503867,0.6871964,0.9249574,0.99605703,0.97511387,0.99053884,0.9542316,0.9551426,0.99877864,0.9842731,0.9820632,0.9369242,0.98441255,0.9859972,0.9744824,0.9954835,0.9815107,0.8715358,0.90496564,0.8515178,0.9820584,0.98107934,0.9194112,0.9210937,0.9882946,0.99802756,0.9074695,0.96057385,0.8625907,0.97708166,0.7337241,0.5731064,0.568718,0.6873847,0.57726693,0.4021849,0.39335328,0.99347806,0.6970196,0.30566597,0.7355938,0.895795,0.8573708,0.5896368,0.5436485,0.20438087,0.9334362,0.84080994,0.8359465,0.89394724,0.6897299,0.91279924,0.23230556,0.25858527,0.52854574,0.7341125,0.7389822,0.5777228,0.9278797,0.80824685,0.7945353,0.46208942,0.6527486,0.84329575,0.8757433,0.8531451,0.8554833,0.87554526,0.68591654,0.8733722,0.8751266,0.7463411,0.6067438,0.4673411,0.8727308,0.5120686,0.73207486,0.9174173,0.7711259,0.48341036,0.8411952,0.55131894,0.73044145,0.7806871,0.41193795,0.71130514,0.4455588,0.7072352,0.6713314,0.80318856,0.75023526,0.744051,0.8110312,0.9077712,0.52544343,0.6616081,0.6914321,0.61262226,0.4904235,0.48368734,0.72357476,0.8882617,0.40477788,0.52864575,0.9685161,0.6862887,0.7179681,0.4479218,0.6210823,0.822229,0.68936324,0.85348445,0.7152153,0.98479146,0.6127734,0.4130553,0.39617056,0.75176334,0.36791658,0.87359786,0.8153289,0.6084629,0.21951711,0.416327,0.6410507,0.7939061,0.4639446,0.63854575,0.8920094,0.34881008,0.8211876,0.39304423,0.93387973,0.5307027,0.87411857,0.56778324,0.45498937,0.77504814,0.6100365,0.7189392,0.62252444,0.6562568,0.9034517,0.7163408,0.56252146,0.7589468,0.28728715,0.74677896,0.5646485,0.648602,0.43128705,0.5539332,0.41135806,0.8756776,0.62692654,0.66762304,0.63074625,0.8765774,0.73291457,0.5671803,0.8005508,0.78996766,0.7986691,0.56185794,0.5465872,0.80730176,0.7451787,0.5628875,0.7479335,0.7328038,0.3113545,0.5199246,0.7068888,0.6267377,0.52369606,0.9889104,0.6176952,0.36233482,0.56433225,0.7408308,0.69175243,0.99197495,0.6432755,0.8591058,0.8942723,0.57261693,0.79493296,0.8751377,0.9890219,0.48678434,0.73211074,0.57109284,0.8772334,0.6428205,0.8386868,0.78704715,0.5384648,0.69445187,0.65447354,0.76905644,0.7211672,0.5341929,0.9377082,0.49431384,0.90943575,0.6596948
BC2026_Train_0007_S09_20250829_000000_50,0.366723,0.81853265,0.2870118,0.69646996,0.60421497,0.96809435,0.7390827,0.6382858,0.39507005,0.62603915,0.3596955,0.40564018,0.5156777,0.44185787,0.84625244,0.7416492,0.6271632,0.48908275,0.49698788,0.7274481,0.51508904,0.89688194,0.53584915,0.68823874,0.77643245,0.38706928,0.9877671,0.7935542,0.65987825,0.63497716,0.6407043,0.69682014,0.7204706,0.69723773,0.7020711,0.6648686,0.7363043,0.691811,0.6077548,0.709898,0.6414845,0.70137274,0.7091721,0.72471553,0.6256714,0.61432016,0.64751065,0.510839,0.5631053,0.53810024,0.6959356,0.7002065,0.75797415,0.67360014,0.6244377,0.7110009,0.7136024,0.2713589,0.23031448,0.6480391,0.46776682,0.7334093,0.66828454,0.24823491,0.4556174,0.96405685,0.5679284,0.61862105,0.5736072,0.9308206,0.47688186,0.38743353,0.49054945,0.28533632,0.7782271,0.92554843,0.7278799,0.60507023,0.7334266,0.9526645,0.26268688,0.1832732,0.5490106,0.90394735,0.673887,0.56686425,0.42501295,0.5695299,0.8639407,0.25866032,0.75840545,0.43676227,0.92195153,0.7294258,0.7522371,0.8337457,0.9097861,0.690392,0.7517947,0.8603164,0.34376848,0.5068151,0.7056613,0.55593157,0.7052916,0.78221035,0.6145541,0.62497866,0.78711236,0.5925245,0.7347646,0.7441547,0.42113078,0.4880103,0.4559517,0.57836723,0.27796853,0.63596153,0.35529938,0.67156065,0.559244,0.77121127,0.4750988,0.7486521,0.7392911,0.65329194,0.6569828,0.5845089,0.8399924,0.79478574,0.28677145,0.69580966,0.9679768,0.4490234,0.76317644,0.43485194,0.34755838,0.8700985,0.48935428,0.64498746,0.59231997,0.76443076,0.52511275,0.57107824,0.28706628,0.75892186,0.3124953,0.70763814,0.69825506,0.67294824,0.23719794,0.57738316,0.56678843,0.55681026,0.63580596,0.57397676,0.7704768,0.34452277,0.89547175,0.43517435,0.9690199,0.5423262,0.92054933,0.4627247,0.4387967,0.5573406,0.6221187,0.89507806,0.6572628,0.8052323,0.8887409,0.7636119,0.56232184,0.6548612,0.5058013,0.6193054,0.4822266,0.5232405,0.4403305,0.39554703,0.3146209,0.6943438,0.36989745,0.5722706,0.606742,0.80496204,0.42959213,0.5247174,0.8228797,0.58059525,0.36006695,0.64052236,0.6267029,0.9224323,0.61012983,0.5516926,0.5112831,0.72259295,0.6664101,0.3568601,0.79181683,0.2866481,0.4567305,0.9623332,0.73736215,0.44345635,0.7122522,0.74199855,0.46123344,0.7987802,0.67384255,0.72748184,0.62162876,0.5591172,0.8370165,0.52031046,0.83138025,0.36768937,0.6642686,0.6987046,0.8472823,0.3005705,0.8807725,0.5966337,0.51023257,0.73746216,0.5562102,0.67867863,0.6438017,0.62061524,0.91187584,0.41029137,0.894611,0.5220035
BC2026_Train_0007_S09_20250829_000000_55,0.52332395,0.795429,0.44729483,0.31039137,0.43058443,0.9007447,0.8781477,0.824401,0.42808253,0.4283027,0.29645282,0.25691456,0.37543613,0.23002493,0.93514466,0.75658655,0.5783744,0.49617612,0.2421948,0.62533045,0.41426486,0.6611091,0.76728797,0.46053192,0.75808287,0.6460942,0.882403,0.6969507,0.5629262,0.65776443,0.427018,0.43424404,0.36302787,0.44536775,0.43836784,0.4816804,0.47861093,0.37814146,0.31022412,0.3633246,0.32639605,0.41973227,0.4030093,0.5231954,0.4170798,0.40301353,0.3254363,0.28655148,0.39568794,0.37239498,0.34760433,0.41990876,0.4698676,0.36941528,0.32521513,0.72302175,0.9311428,0.058661394,0.1740973,0.3752259,0.3240428,0.63134074,0.44430268,0.29978842,0.6181283,0.87297,0.3518539,0.63168585,0.806635,0.63918483,0.44400126,0.6327996,0.584273,0.28851295,0.79455245,0.72348714,0.9303943,0.35508868,0.41895342,0.7457336,0.71725154,0.4217826,0.34998608,0.9335371,0.4714203,0.23278609,0.3290243,0.40765685,0.91382074,0.27647823,0.7011337,0.23266412,0.8413285,0.5513433,0.5650567,0.7619945,0.7025504,0.41053182,0.49132422,0.6207446,0.5740148,0.44516915,0.70142746,0.3394273,0.45700294,0.5392679,0.7361524,0.70743084,0.67082596,0.8259195,0.5720803,0.4461087,0.40932244,0.40681803,0.2763979,0.46114397,0.28175718,0.47263455,0.44288725,0.4103647,0.33216494,0.3917396,0.61393905,0.71862984,0.6283169,0.5413289,0.723205,0.33568037,0.84857845,0.5314587,0.55018264,0.6270796,0.6941997,0.34382218,0.61107445,0.46598452,0.4414385,0.71414685,0.6607549,0.49728566,0.8482554,0.559376,0.78996456,0.6973398,0.5377165,0.66465676,0.20128483,0.31629252,0.494451,0.6114849,0.4773178,0.61804605,0.84045726,0.654385,0.5253719,0.5641286,0.60935783,0.37554651,0.91131765,0.44153333,0.71534395,0.4191337,0.65881,0.31865078,0.3891812,0.9596447,0.27067292,0.5751716,0.48112345,0.6460129,0.6903645,0.75034094,0.45630166,0.5252241,0.560684,0.29880613,0.4807105,0.34152037,0.44900045,0.24318522,0.39596617,0.5596612,0.47368363,0.907917,0.72247696,0.66812384,0.5981593,0.45536143,0.6065705,0.3574444,0.27326053,0.52431375,0.84842086,0.819538,0.60244274,0.854769,0.41994655,0.63170993,0.59106004,0.53623736,0.7955848,0.36100173,0.38562524,0.7779234,0.60160553,0.46296048,0.51429254,0.73047185,0.39574665,0.6172569,0.49487025,0.599491,0.49781078,0.5876809,0.7752913,0.28644624,0.4352939,0.24230413,0.43551463,0.73634136,0.6221986,0.2475898,0.6738236,0.4663028,0.7425713,0.5988196,0.23703259,0.6405798,0.55820155,0.50799763,0.75596356,0.6592611,0.86306274,0.39598167
BC2026_Train_0007_S09_20250829_000000_60,0.47050446,0.7991801,0.507295,0.5920284,0.5795871,0.748418,0.8880045,0.74881727,0.42527497,0.6860552,0.36051822,0.5520552,0.6553354,0.22496787,0.96838295,0.84778446,0.7603686,0.787225,0.50485307,0.6871965,0.7073468,0.69125915,0.8363135,0.8909434,0.79615843,0.50318396,0.92615867,0.61367285,0.68690264,0.8529534,0.67652994,0.7698443,0.8303522,0.84100163,0.68742585,0.8372904,0.91996574,0.8338535,0.7687575,0.82220674,0.7223902,0.8351854,0.835546,0.88463026,0.7084991,0.66616523,0.7732631,0.5783093,0.6962631,0.7554302,0.81656206,0.7999997,0.81362736,0.836834,0.7807584,0.9478812,0.80617464,0.43596196,0.5342905,0.24672166,0.6868969,0.7122662,0.52971315,0.60028064,0.726951,0.8665302,0.53390163,0.4678817,0.93528736,0.84253335,0.5636257,0.8289895,0.9000031,0.18435887,0.50486696,0.7805691,0.74584997,0.6555017,0.43937582,0.9526229,0.95190454,0.37973997,0.6013517,0.86606133,0.762977,0.2345737,0.6746484,0.684796,0.98242915,0.29941654,0.857175,0.5654497,0.93976414,0.7985407,0.8339163,0.8108598,0.9312041,0.64299774,0.7296655,0.8122581,0.8049052,0.71014667,0.26351538,0.5215588,0.31285727,0.74189377,0.50544184,0.89742815,0.8116931,0.89449584,0.8344729,0.47967863,0.53074807,0.7384546,0.4371364,0.86973333,0.56500673,0.831535,0.86694217,0.64086115,0.5125207,0.47165376,0.9094301,0.9690975,0.23490943,0.8839514,0.51060045,0.301853,0.93914586,0.4416544,0.624508,0.9073299,0.8645623,0.7796881,0.8894529,0.6890236,0.5246483,0.8018969,0.7811136,0.73960805,0.8285278,0.788265,0.8915478,0.9270145,0.42873204,0.6308315,0.20320234,0.44871196,0.78542167,0.8781043,0.9162678,0.7756906,0.8797747,0.7050197,0.64090645,0.6754702,0.6351676,0.8184676,0.93852973,0.8361353,0.8589506,0.5220548,0.90956664,0.21544605,0.78197086,0.89852977,0.2788329,0.6578287,0.682531,0.7930856,0.85915565,0.7812065,0.75152504,0.8545156,0.69222,0.47232673,0.8165122,0.17864338,0.87097454,0.5676266,0.74568844,0.70077753,0.7793833,0.85704494,0.89400315,0.93412983,0.78659767,0.82059,0.81644297,0.25627273,0.7925625,0.75039065,0.79558015,0.5310669,0.7782829,0.84758735,0.88030493,0.5416781,0.4407029,0.89679587,0.64060855,0.885252,0.38078803,0.2485429,0.38513106,0.76504624,0.2572677,0.27759922,0.6653867,0.82246435,0.72815454,0.79642725,0.7232796,0.8839258,0.39799175,0.35616758,0.5414,0.5295421,0.6348474,0.94380164,0.80562997,0.7273104,0.789411,0.85954165,0.7997621,0.57349,0.34002876,0.9444938,0.929675,0.7723303,0.95075095,0.8249916,0.8676442,0.6737871
BC2026_Train_0008_S09_20250831_000000_5,0.34427372,0.7915514,0.83903646,0.77867913,0.5702492,0.5978539,0.28530028,0.5835827,0.44698095,0.4906226,0.8373803,0.31480318,0.30922312,0.37426198,0.97004986,0.26494336,0.56084716,0.35586768,0.3689654,0.6298635,0.45100063,0.3272776,0.34595793,0.8689798,0.52108026,0.70433104,0.6927459,0.49701828,0.5628611,0.7839135,0.86847365,0.84481466,0.7270582,0.8264166,0.79856205,0.83058155,0.9574903,0.7611618,0.85181785,0.72650075,0.76362324,0.8273127,0.8124871,0.8944442,0.6869676,0.71493053,0.7100851,0.68654835,0.7577394,0.7270769,0.73276186,0.82131964,0.8833653,0.91345584,0.6609182,0.4166631,0.9929166,0.65886694,0.2532475,0.26456854,0.1746198,0.39745745,0.31074998,0.3190108,0.23756269,0.56608593,0.24302346,0.13300711,0.4765206,0.5544926,0.96954167,0.95545137,0.59813374,0.11698883,0.53129745,0.8524889,0.8218204,0.401429,0.5312397,0.7226738,0.2939775,0.8304975,0.24067554,0.5268358,0.32928145,0.9513094,0.2972357,0.37097144,0.56703424,0.44530827,0.5232065,0.23769999,0.475292,0.58209026,0.45585692,0.758219,0.50515306,0.48333752,0.6689874,0.417176,0.7915076,0.24465105,0.37963864,0.25264776,0.37529767,0.37059182,0.46197483,0.39089268,0.7531545,0.94251245,0.11752576,0.3199069,0.49079663,0.80734587,0.24263643,0.43228322,0.4196651,0.48055565,0.59772664,0.39340284,0.19727212,0.13724296,0.50678873,0.5342607,0.1995056,0.20771775,0.89021564,0.6436089,0.88831455,0.6877744,0.6661794,0.4630652,0.5164933,0.2848731,0.16869614,0.48565197,0.4780435,0.641274,0.10813317,0.53752756,0.64553404,0.274825,0.72048736,0.8133185,0.30176115,0.26594716,0.6575841,0.38375038,0.70346487,0.7061771,0.39958858,0.13721499,0.2699162,0.659575,0.73943543,0.88836765,0.49477518,0.80626607,0.8772346,0.33808535,0.64753234,0.3984202,0.81823003,0.8466656,0.43261433,0.76893556,0.5000021,0.2776757,0.8779162,0.8612125,0.684932,0.0887225,0.9887979,0.88556916,0.3157605,0.4118353,0.32424033,0.49125665,0.3825399,0.24359575,0.4931956,0.8390664,0.37547833,0.52686304,0.6503215,0.5396515,0.56698596,0.377993,0.9989166,0.16546363,0.20224938,0.31890392,0.18102342,0.32412022,0.9755521,0.37680584,0.5504147,0.9878542,0.41191635,0.7094562,0.94673955,0.83685625,0.38015145,0.8610771,0.34899527,0.3283965,0.98648334,0.43501645,0.85857826,0.80380416,0.7035625,0.3316154,0.49250495,0.9012704,0.6696913,0.20087819,0.8120967,0.2267845,0.82210195,0.30191714,0.9288479,0.8573251,0.74355924,0.64582396,0.69507444,0.49911678,0.20581123,0.7519734,0.46640384,0.1655086,0.23038879,0.365871,0.95752496,0.80682075
BC2026_Train_0008_S09_20250831_000000_10,0.2794565,0.58190817,0.77426064,0.5384475,0.3354634,0.7531078,0.40135127,0.60960805,0.54628074,0.16987535,0.45426857,0.7160198,0.26803243,0.249271,0.959725,0.44510257,0.5090833,0.25182116,0.28961122,0.19929668,0.20855568,0.5827825,0.29469115,0.43325076,0.6418923,0.4330025,0.40654972,0.34056586,0.51852167,0.6475591,0.4967863,0.5026428,0.33727586,0.4419006,0.44699085,0.5052612,0.5523974,0.4724659,0.54147565,0.35733545,0.31400612,0.4884778,0.48503116,0.5008347,0.40884393,0.42677248,0.42435026,0.3593577,0.49993792,0.33303052,0.41747835,0.46776807,0.43798903,0.56127155,0.3374877,0.61375487,0.86241543,0.61296564,0.27901626,0.113078095,0.14712662,0.19156474,0.36113673,0.22616515,0.22211754,0.50420916,0.11584039,0.052359752,0.7788292,0.56976825,0.6946286,0.85106075,0.36389017,0.38544264,0.31252897,0.8420094,0.9222373,0.46858072,0.40331548,0.305713,0.20024562,0.57970417,0.09016524,0.47386914,0.41900033,0.76765597,0.1675944,0.12732108,0.5773444,0.31387863,0.43541372,0.08129613,0.6513444,0.9154528,0.41292757,0.888698,0.12918133,0.3469811,0.44834864,0.25463635,0.5848906,0.10593398,0.22374679,0.17005077,0.20176297,0.6439798,0.38194788,0.36373073,0.7630961,0.87647367,0.26173967,0.20470086,0.6913693,0.63689554,0.164307,0.390886,0.2065463,0.5307066,0.8337422,0.26837325,0.14031519,0.38768345,0.85632324,0.6583165,0.1033469,0.28912544,0.8680828,0.3435976,0.64737165,0.7894219,0.87542194,0.76772034,0.36129874,0.18783563,0.043346804,0.32841688,0.3193615,0.43863893,0.15799525,0.2678388,0.44306114,0.25929427,0.6044993,0.65140224,0.31771857,0.35991865,0.4368167,0.17602122,0.76055574,0.74750054,0.14585266,0.19958127,0.40293974,0.28429127,0.5286202,0.715325,0.813241,0.8128098,0.80687046,0.24916917,0.72667384,0.2596996,0.8263943,0.30697972,0.19472784,0.82084227,0.5649047,0.11761727,0.6239607,0.64999163,0.56300616,0.10236019,0.9062302,0.64641976,0.17890942,0.40263516,0.3715847,0.13859692,0.6785302,0.10021708,0.2648837,0.74090517,0.42882502,0.6224122,0.7587261,0.26046944,0.62727267,0.24307486,0.90210617,0.12701634,0.2763557,0.40304947,0.14691214,0.26382512,0.8701843,0.4406898,0.49173337,0.8346901,0.6402148,0.6153103,0.7771678,0.43050647,0.4332211,0.5533154,0.23220544,0.19409952,0.78878915,0.6263287,0.83294535,0.53153586,0.17564788,0.45449793,0.13615687,0.8315004,0.53894174,0.10693148,0.87772655,0.380812,0.7072154,0.5525662,0.85010254,0.8982061,0.47396654,0.2490339,0.63256824,0.2539966,0.07661091,0.42689538,0.5584423,0.18665808,0.2804091,0.31931776,0.9065051,0.5435854
BC2026_Train_0008_S09_20250831_000000_15,0.20824197,0.39686686,0.34039783,0.5652777,0.17008668,0.43693793,0.26100436,0.46738404,0.32285073,0.18770158,0.35173625,0.5881754,0.36179876,0.24768263,0.7898817,0.61810887,0.5790651,0.06404337,0.22230044,0.17635989,0.06826875,0.4447978,0.3303256,0.35438114,0.16267851,0.2352711,0.582024,0.124256656,0.41401082,0.47522336,0.4459241,0.38987637,0.4126323,0.43348098,0.35226184,0.4993232,0.4412821,0.4786668,0.5387833,0.46318513,0.42747244,0.45755893,0.3681352,0.4267103,0.35078013,0.2902939,0.3153329,0.32596576,0.4018278,0.27609894,0.47323114,0.51661426,0.3685158,0.48903495,0.49212974,0.33114877,0.5070121,0.5044431,0.16279945,0.0504386,0.09884657,0.17648298,0.14009495,0.3140478,0.12527655,0.16991967,0.034598015,0.080271855,0.85751027,0.5568957,0.5845281,0.53494847,0.4381203,0.32730925,0.39876765,0.5718182,0.8992079,0.1527937,0.39901012,0.2230889,0.38218117,0.2705078,0.19020951,0.32418776,0.4855125,0.20762129,0.2644395,0.14022246,0.57278645,0.43172374,0.646703,0.029547019,0.52232105,0.37666407,0.33741444,0.6144819,0.11810936,0.35729796,0.702052,0.5730143,0.69799435,0.14571089,0.045464583,0.06660356,0.047349647,0.6515026,0.66621435,0.51689124,0.86681044,0.7635726,0.6905291,0.048020177,0.5020382,0.61540955,0.10841434,0.41075075,0.19147614,0.4505367,0.94452715,0.4230396,0.036527105,0.15564296,0.8982563,0.50714666,0.08091074,0.58053803,0.51502776,0.1529693,0.8582416,0.6603277,0.6790327,0.7569463,0.19062948,0.19040084,0.10101026,0.44325578,0.08873467,0.29922915,0.32831675,0.1830461,0.5852797,0.42863,0.855438,0.80438673,0.3937909,0.5673383,0.6637206,0.22926885,0.5769123,0.547871,0.10694918,0.05600447,0.64902866,0.066925004,0.18009761,0.768005,0.830976,0.6342176,0.4353994,0.1171059,0.72228986,0.06727077,0.68809485,0.25475213,0.1655407,0.33790034,0.31867206,0.08481258,0.8072283,0.13887772,0.5213967,0.11321521,0.60954905,0.9207073,0.1458069,0.4715578,0.10263486,0.11610398,0.6776576,0.079080954,0.19794539,0.7770196,0.62819266,0.94644845,0.51560843,0.25102514,0.86015046,0.14980431,0.548536,0.0361479,0.43767083,0.34330672,0.07212521,0.38154584,0.59538996,0.889601,0.6378211,0.65692985,0.3394968,0.4249214,0.6672318,0.105328225,0.7694334,0.62226886,0.062295713,0.07783441,0.40479836,0.29192933,0.7466345,0.37203002,0.063229166,0.110497534,0.046003588,0.5922347,0.14670381,0.07038407,0.5760975,0.49274617,0.21662268,0.76311386,0.4175833,0.96211874,0.46463186,0.17658332,0.1632365,0.047605444,0.047131985,0.0933477,0.74950266,0.31333023,0.4513883,0.11550832,0.6726047,0.5365796
BC2026_Train_0008_S09_20250831_000000_20,0.06589057,0.45471263,0.10751514,0.11115672,0.15935385,0.13482231,0.26338673,0.604643,0.2897664,0.2993965,0.4040702,0.15016851,0.19426778,0.14192827,0.5458908,0.47787905,0.62234056,0.051551607,0.10329872,0.16419163,0.19441909,0.18534169,0.43339032,0.062468838,0.057968676,0.13837981,0.2512297,0.051712,0.20110822,0.23031285,0.1279669,0.0713709,0.09699307,0.09808298,0.1519165,0.112036675,0.076062575,0.105867796,0.10063995,0.084398076,0.06926428,0.114915214,0.060592495,0.09384453,0.118950605,0.102941856,0.06650823,0.122682825,0.13672054,0.10741758,0.09934394,0.10085284,0.079405755,0.086076245,0.09401513,0.28249305,0.38242418,0.11834992,0.173291,0.03477875,0.030937146,0.2516607,0.07647907,0.46714017,0.10947922,0.14271034,0.044235956,0.28577048,0.852538,0.15572152,0.41015124,0.54950273,0.7373109,0.139471,0.5027433,0.41716948,0.3417803,0.1489608,0.38664567,0.1002976,0.6263406,0.2611881,0.08523928,0.23623616,0.11189165,0.11843726,0.076173835,0.27349037,0.5206056,0.24879158,0.4329595,0.074383914,0.16788533,0.2142657,0.14774327,0.22722964,0.46464217,0.21358982,0.7369646,0.67674994,0.5603912,0.2820354,0.09768947,0.034233227,0.04550592,0.19921988,0.6539829,0.4760381,0.80076325,0.8015262,0.7056414,0.01940773,0.29476908,0.416117,0.24920866,0.3734493,0.3988974,0.41409013,0.6664276,0.31151196,0.027899524,0.046158895,0.74935246,0.66394424,0.05011239,0.7417786,0.557439,0.11494918,0.55872244,0.5185909,0.48289627,0.6957294,0.05072304,0.14280763,0.348885,0.30508822,0.15163782,0.105859786,0.12780471,0.23584679,0.49120486,0.30226982,0.72308373,0.9687375,0.075406075,0.40436,0.6702745,0.25304633,0.4086644,0.6398542,0.301869,0.08724484,0.37988418,0.07803017,0.08157687,0.7013587,0.5607684,0.49449152,0.46009028,0.06355384,0.22113353,0.18585241,0.20448935,0.2463716,0.109796986,0.7596148,0.27681065,0.21237409,0.9694727,0.07832238,0.63318026,0.39527184,0.6362581,0.91585535,0.4188682,0.20566714,0.07643373,0.050195463,0.5489422,0.027547743,0.22391704,0.69168746,0.40795273,0.8303171,0.4343764,0.61513895,0.65948474,0.43330625,0.64554214,0.04517056,0.23369232,0.1254085,0.19285399,0.15034595,0.6722082,0.686708,0.76136345,0.8609847,0.0785591,0.12284011,0.31863636,0.06798696,0.6898477,0.43103912,0.043445334,0.13805862,0.48737186,0.082063764,0.47407955,0.19628358,0.050189257,0.04519771,0.0571884,0.62790453,0.07171785,0.04510267,0.41255534,0.34045196,0.11372508,0.8253454,0.3357312,0.79387796,0.5784123,0.42070335,0.07101604,0.04302209,0.07262382,0.021201584,0.619462,0.43010503,0.17614618,0.21103314,0.33894983,0.6469765
BC2026_Train_0008_S09_20250831_000000_25,0.14833441,0.6107756,0.26351136,0.46316576,0.32099125,0.19466507,0.3115006,0.44369388,0.41635,0.24801111,0.47758746,0.19711849,0.12833992,0.19896615,0.7151418,0.3675447,0.45824546,0.2529971,0.24805552,0.31480765,0.41075376,0.35016388,0.5525109,0.48572087,0.120815,0.46054864,0.5056355,0.05981901,0.1696865,0.34347868,0.5032577,0.36093175,0.3886914,0.38873392,0.29121348,0.49970788,0.44229606,0.42162985,0.43058166,0.29675853,0.31580585,0.3467555,0.4002145,0.5001313,0.26426452,0.2905618,0.30463618,0.2842538,0.30533051,0.24236858,0.53232557,0.37690887,0.55070823,0.41635704,0.46935564,0.58298665,0.6750911,0.4286912,0.0811905,0.15923965,0.06667429,0.22052631,0.30078322,0.46527296,0.21545194,0.09343857,0.2134262,0.14887868,0.9105773,0.14737383,0.6677493,0.5098011,0.6734266,0.340417,0.53700364,0.6846343,0.31476194,0.4952131,0.28728595,0.3520797,0.4111299,0.72202027,0.17466098,0.26515794,0.06564118,0.42636484,0.11120525,0.4477635,0.43385935,0.42810476,0.3910789,0.06581858,0.18528345,0.5722526,0.27240306,0.40859222,0.39787066,0.24053869,0.46704173,0.58834195,0.6626367,0.28861427,0.43150702,0.09733912,0.08595002,0.11542596,0.75563383,0.56746644,0.8383535,0.93045306,0.6881175,0.10858104,0.43184555,0.51325774,0.56559116,0.49713588,0.32555747,0.2805203,0.44913733,0.4041652,0.111931294,0.23882826,0.9009912,0.66900194,0.1602163,0.39863884,0.61381614,0.21203038,0.4843159,0.70676684,0.47180712,0.4930024,0.19845837,0.42785358,0.30320895,0.60321677,0.4160508,0.28378677,0.2591849,0.29164472,0.5557117,0.28041375,0.63967264,0.86118716,0.28640288,0.30644906,0.42369807,0.1544471,0.5235274,0.5734414,0.48041195,0.25107002,0.29871106,0.16778901,0.32786423,0.8094013,0.7337711,0.56603664,0.7448586,0.18635122,0.33632287,0.64354205,0.14531675,0.1994757,0.27331308,0.96331584,0.42599306,0.5284359,0.8969166,0.3685001,0.44128725,0.5325854,0.9267447,0.64567554,0.4587453,0.09638558,0.36663103,0.19375673,0.22990805,0.05863169,0.25827587,0.75304544,0.37707835,0.44428268,0.7725471,0.7716427,0.36418614,0.4140615,0.69861364,0.05632417,0.39398986,0.18582103,0.06358906,0.23010753,0.8869376,0.7690835,0.69622374,0.91317344,0.13542128,0.11221787,0.47437185,0.31327027,0.48636153,0.4792868,0.24828115,0.31951356,0.64050376,0.1643675,0.40706044,0.23391724,0.2074134,0.229855,0.12976119,0.80267394,0.38124704,0.12286672,0.73237073,0.38322842,0.3895774,0.622769,0.28822353,0.82297564,0.66602945,0.6265765,0.33274525,0.23773673,0.21720478,0.216478,0.3766938,0.53266925,0.12398681,0.15361406,0.16313288,0.5554333
BC2026_Train_0008_S09_20250831_000000_30,0.2480436,0.721383,0.71701336,0.73365355,0.6586436,0.40658033,0.5676957,0.63356054,0.88308966,0.50437,0.49378797,0.6182818,0.2771437,0.41835123,0.6620339,0.24656501,0.28388527,0.53708595,0.44278687,0.49567008,0.26543835,0.4246942,0.5503392,0.7055244,0.66326535,0.6320649,0.5315364,0.21906108,0.22438091,0.5669945,0.7698263,0.6091598,0.57086074,0.6353674,0.6612576,0.6480527,0.7022823,0.6740905,0.7206051,0.5655743,0.62962496,0.6634829,0.62634325,0.77337635,0.5503063,0.4911279,0.5633637,0.5419346,0.51583284,0.5353035,0.62780285,0.7227841,0.7647152,0.6436056,0.5505476,0.5310068,0.84962094,0.840109,0.18356597,0.5020813,0.229704,0.65860856,0.38723797,0.42220068,0.70984423,0.3523685,0.29940522,0.34997082,0.4110453,0.38292724,0.9525137,0.90589845,0.4180014,0.24390377,0.50623584,0.8044884,0.73807836,0.54044914,0.5862305,0.5831716,0.42534983,0.9599335,0.36408436,0.5970175,0.17066815,0.71586245,0.21389908,0.6880084,0.5470172,0.5458995,0.9011458,0.15453789,0.37321442,0.5603095,0.5556079,0.73555565,0.44463047,0.16030023,0.52081096,0.39378458,0.8061283,0.5618063,0.37825102,0.31908613,0.33767587,0.26412776,0.52113485,0.4737746,0.530938,0.6876045,0.32281685,0.4151078,0.2604534,0.74282753,0.59796417,0.3729304,0.38479966,0.2930162,0.43216288,0.14861609,0.12679157,0.5265093,0.46899164,0.4712756,0.2852803,0.2966576,0.71252847,0.56800306,0.84434605,0.7134992,0.3620106,0.72814465,0.6322272,0.3804996,0.43146834,0.94686973,0.51782596,0.46315408,0.37815583,0.57877535,0.61014915,0.14581335,0.87337875,0.693944,0.562122,0.68541455,0.44597605,0.39102203,0.27051997,0.67103744,0.49926472,0.29114372,0.5519177,0.2681793,0.44361925,0.56024945,0.7963191,0.32161927,0.6339594,0.6826438,0.5802599,0.8398833,0.27987868,0.51716304,0.45862788,0.69910395,0.33713323,0.8408302,0.8751856,0.60877335,0.5680146,0.3013394,0.8064028,0.80285263,0.7500495,0.26353425,0.64612603,0.591803,0.1542454,0.12922445,0.58240104,0.9651265,0.4707896,0.42788038,0.51560324,0.45344198,0.4394098,0.20862523,0.9141406,0.20344666,0.8459194,0.2926089,0.030931477,0.1585542,0.76984656,0.7575985,0.43389112,0.9516014,0.43779945,0.27440476,0.8303479,0.8442168,0.29416656,0.81184137,0.5281724,0.3580314,0.9417063,0.31826046,0.8691123,0.74671686,0.65480506,0.4070791,0.5928744,0.81888366,0.5524185,0.24615404,0.8523004,0.22036946,0.8058901,0.40925312,0.6567428,0.74976027,0.79886246,0.5744504,0.7241101,0.5672357,0.55388546,0.8118713,0.31713033,0.32370758,0.18137386,0.36084887,0.2785506,0.68317103
BC2026_Train_0008_S09_20250831_000000_35,0.30191794,0.7517309,0.6288818,0.602757,0.750985,0.42274415,0.6464437,0.8550724,0.9318669,0.6056526,0.67933035,0.5879318,0.48035055,0.40745404,0.6385443,0.4322847,0.2851361,0.45706564,0.60148084,0.36523014,0.37581712,0.45602947,0.6085482,0.6388782,0.48487806,0.5655756,0.57203984,0.3984164,0.2583852,0.6900035,0.78249335,0.47948182,0.41973948,0.6168603,0.6726626,0.5705887,0.64185786,0.5962704,0.6358211,0.52542543,0.5415473,0.6786964,0.6024644,0.72489905,0.47548795,0.47265345,0.5195476,0.52487516,0.4933169,0.5637361,0.56649345,0.67338973,0.7046364,0.6514974,0.41829637,0.38819265,0.8627628,0.8792641,0.24129842,0.36292315,0.29627287,0.88348806,0.94372255,0.56543934,0.7255881,0.72768486,0.2656818,0.4720099,0.23511921,0.5961268,0.8882601,0.9922589,0.33732325,0.19693291,0.3695783,0.7445296,0.7282181,0.3823014,0.82053685,0.4723535,0.42501318,0.8090887,0.31760997,0.91344225,0.24708337,0.84318614,0.24038962,0.60996807,0.5467107,0.5226363,0.97284913,0.20099309,0.48738548,0.4165712,0.72117364,0.62768936,0.3333627,0.21436602,0.5963795,0.39063668,0.60911554,0.41130346,0.48270673,0.3771206,0.4129001,0.24702859,0.3157779,0.38805014,0.4067605,0.29969525,0.19437501,0.3424145,0.22778553,0.6888137,0.74932814,0.24873942,0.45294255,0.24371944,0.43970358,0.09406033,0.11785409,0.39538878,0.27446386,0.38218957,0.31644577,0.2283808,0.49721253,0.46926385,0.45641214,0.55617803,0.41129875,0.83213973,0.60729426,0.28086203,0.40953016,0.8565302,0.3160829,0.4343362,0.32344383,0.49680048,0.6616616,0.20826203,0.5110608,0.60524416,0.53989244,0.70036054,0.5152821,0.3820781,0.25101915,0.65657973,0.3946857,0.23840693,0.41023624,0.35524887,0.28836775,0.24466418,0.4458214,0.35216367,0.4911363,0.7411885,0.48351133,0.78233135,0.2277777,0.43908238,0.3743391,0.9128252,0.36173898,0.79086375,0.51814306,0.49587855,0.6390072,0.16179645,0.70578194,0.8112594,0.6186975,0.2771119,0.5045345,0.5364504,0.32910824,0.18769851,0.5345366,0.8707138,0.4399854,0.3248424,0.4011827,0.37845087,0.630617,0.24548212,0.9758911,0.2538662,0.5366131,0.5019877,0.0839517,0.07283123,0.5091926,0.7267523,0.40531307,0.9049626,0.34681278,0.46690905,0.68988556,0.5948113,0.37107873,0.7345749,0.3256405,0.29180688,0.8676566,0.37606296,0.84768224,0.8131999,0.672087,0.31166142,0.7630755,0.49534577,0.73092806,0.2173137,0.8242545,0.22743747,0.6950203,0.2743544,0.75566554,0.5855027,0.63362175,0.3878222,0.6876545,0.42800188,0.41268706,0.5937005,0.25000745,0.22181532,0.14354818,0.5662422,0.36844265,0.45214844
BC2026_Train_0008_S09_20250831_000000_40,0.24804619,0.8540375,0.35629475,0.6502949,0.5683316,0.5164573,0.363137,0.58272505,0.26668254,0.2539978,0.497636,0.31467474,0.27897072,0.4905656,0.83998144,0.25343388,0.1937047,0.25292775,0.3098089,0.2615649,0.35001224,0.711061,0.31806645,0.565045,0.37331823,0.37471074,0.7639532,0.4227432,0.21980119,0.76926047,0.7353234,0.54563576,0.562006,0.65825987,0.57896686,0.62667245,0.5853853,0.58830047,0.6500522,0.5083904,0.590119,0.58479685,0.61190605,0.6795659,0.5041818,0.48129842,0.54038984,0.53380543,0.44215187,0.5196988,0.5622518,0.67464197,0.66787636,0.6284486,0.50400734,0.49240097,0.76631,0.8967163,0.16157338,0.2598457,0.11015098,0.42378086,0.43715203,0.2953329,0.29170382,0.13176967,0.2840318,0.17355797,0.5933863,0.6702324,0.7162125,0.983904,0.1538308,0.08105558,0.6378099,0.7952508,0.6136401,0.3829996,0.85172856,0.55105805,0.26158598,0.6242102,0.2370659,0.7231972,0.20191613,0.76992965,0.10716826,0.52513087,0.30788794,0.24974321,0.84416556,0.19158053,0.56904745,0.5205601,0.80242884,0.47901788,0.26700667,0.1739355,0.36294,0.22083363,0.6161477,0.29018146,0.55730605,0.32676,0.2635715,0.12558533,0.34429288,0.4307881,0.29922107,0.103634,0.10892621,0.2017571,0.26490903,0.34324285,0.39659333,0.09465365,0.16188776,0.25940844,0.65373373,0.13075122,0.27995157,0.24468786,0.3042787,0.1454499,0.4912422,0.13500963,0.37082648,0.40406072,0.19533092,0.55365705,0.6715741,0.712759,0.65630925,0.12291208,0.15394099,0.63615525,0.2106235,0.34763616,0.29608703,0.34296316,0.67881453,0.2583851,0.3956049,0.6042688,0.30751818,0.3325383,0.2372081,0.32685238,0.29469138,0.7868639,0.30867255,0.08635983,0.18410358,0.2920909,0.31471622,0.28241134,0.39850247,0.36166918,0.723657,0.43104956,0.4671976,0.3247469,0.3822639,0.25405407,0.23818639,0.93606377,0.26717713,0.6501974,0.32305312,0.31936634,0.26350993,0.03734746,0.67232823,0.3495475,0.2563288,0.34834382,0.33595818,0.24991564,0.24728101,0.16735205,0.20625456,0.5866766,0.36435288,0.27584112,0.6462498,0.26721457,0.69674134,0.11851828,0.9333807,0.21665347,0.25136152,0.40285766,0.13588148,0.033465624,0.47015184,0.5435049,0.3613358,0.9003509,0.30065113,0.56112164,0.4134832,0.39438295,0.3976354,0.4721544,0.13542365,0.08364414,0.5604186,0.24149624,0.81849277,0.52085924,0.40517044,0.22068626,0.47494888,0.37105864,0.49643552,0.13781759,0.4389841,0.2771452,0.3769552,0.1333003,0.536389,0.6034779,0.6022641,0.36067712,0.8537066,0.3689453,0.18169764,0.34655747,0.23528439,0.1530492,0.17134663,0.25937533,0.28661698,0.3973955
BC2026_Train_0008_S09_20250831_000000_45,0.16030037,0.5862435,0.46792877,0.5966731,0.37997448,0.40801173,0.36266816,0.2158683,0.21905762,0.11004087,0.49639085,0.33663696,0.24943388,0.20451388,0.84979534,0.21249801,0.33582437,0.22417778,0.20181444,0.1438477,0.34409982,0.33373255,0.15047067,0.5846391,0.28141576,0.48251492,0.35869366,0.13367385,0.1380421,0.6141859,0.58561736,0.51153314,0.5400057,0.59778666,0.40608066,0.6434017,0.4822284,0.58220845,0.5712389,0.44221318,0.47250557,0.5495648,0.63961244,0.5911834,0.3376524,0.40599966,0.41097426,0.4273389,0.4150989,0.34469968,0.6184174,0.5085725,0.6510141,0.5597568,0.3994203,0.27878976,0.72829473,0.8319262,0.07379804,0.23168732,0.15770552,0.35463333,0.37796554,0.24364829,0.24878591,0.17898871,0.20252007,0.116163075,0.8954334,0.68437433,0.5806127,0.8798698,0.310926,0.2340731,0.6840179,0.8854206,0.48489916,0.14569852,0.5344945,0.4100272,0.26363432,0.5643412,0.15878072,0.49006653,0.17990409,0.5647574,0.11667527,0.3243023,0.24923265,0.28371677,0.4314475,0.099146515,0.39795458,0.6030358,0.39403677,0.6077577,0.14144388,0.20043072,0.53603005,0.39361042,0.65449464,0.19183874,0.17010158,0.10720968,0.1060422,0.3038575,0.6901925,0.8412318,0.5316372,0.17106691,0.17505726,0.121707395,0.45033464,0.29198414,0.37477773,0.14062145,0.12531337,0.66974115,0.6096228,0.43793038,0.11910671,0.13568062,0.41881257,0.2079967,0.19549435,0.14436531,0.6512549,0.14087096,0.18746462,0.80775726,0.8325194,0.85582316,0.34244013,0.06516657,0.15228474,0.4343085,0.41976613,0.26662093,0.5977125,0.20048082,0.7558625,0.41117203,0.30405352,0.72906125,0.25213653,0.14235984,0.2023417,0.40800893,0.43788612,0.920233,0.43514025,0.043547746,0.34357387,0.13516167,0.3953097,0.38819432,0.38077122,0.36964566,0.7300143,0.20423687,0.30953884,0.22049107,0.35791266,0.09274724,0.17676717,0.30938512,0.42190307,0.38476402,0.42016518,0.33965307,0.17050934,0.059505228,0.8272711,0.21864969,0.22151458,0.37378597,0.26755083,0.22362018,0.35785013,0.1576553,0.21477245,0.5270694,0.53781796,0.43214405,0.8965187,0.2784433,0.6611011,0.17171758,0.86897343,0.15402412,0.19213004,0.29802608,0.11304915,0.09888728,0.81735206,0.5827795,0.6374327,0.754864,0.72991383,0.459208,0.27754372,0.5285975,0.7341728,0.5849966,0.10363555,0.083795995,0.6786556,0.081251204,0.86186767,0.33973104,0.17184243,0.43687874,0.19467708,0.5034156,0.46908545,0.15056098,0.26894188,0.777418,0.38510358,0.2988202,0.38193542,0.41101533,0.6745765,0.5033963,0.86623406,0.18290347,0.114049956,0.60973287,0.599851,0.13360152,0.25583705,0.21046966,0.35420203,0.48423105
BC2026_Train_0008_S09_20250831_000000_50,0.121208,0.6468388,0.6815413,0.25984323,0.3061641,0.60551,0.5043204,0.25659418,0.21593419,0.17415929,0.4630655,0.585305,0.20882645,0.14857788,0.7958807,0.46526426,0.32056767,0.19043079,0.30892986,0.1928049,0.3132249,0.23665766,0.12572464,0.22475581,0.15608826,0.59552455,0.4981619,0.22669253,0.40503848,0.8912328,0.29228526,0.16620165,0.18098947,0.2187523,0.26357335,0.20772259,0.24224782,0.23617572,0.19335337,0.14292541,0.1836826,0.254848,0.2521507,0.3184508,0.21138546,0.23882386,0.18177995,0.24127764,0.19927093,0.20338425,0.21731976,0.24895981,0.26141697,0.25751773,0.2213329,0.18487751,0.8322867,0.74625146,0.06904523,0.29604754,0.45613283,0.24209034,0.40129688,0.12729499,0.2224923,0.39960092,0.1312764,0.13412777,0.8046129,0.8672396,0.3637671,0.8998992,0.2538053,0.43599266,0.46143764,0.8125633,0.2749227,0.08967467,0.433214,0.64930284,0.2829599,0.44444004,0.08991307,0.56591827,0.37241727,0.3032829,0.09596874,0.12387173,0.13184819,0.27481407,0.40799278,0.05973567,0.61593544,0.60079974,0.21649665,0.8467096,0.33963633,0.15306611,0.5102148,0.24254951,0.35653764,0.123987295,0.096181616,0.14844118,0.113098785,0.18897426,0.3154003,0.4748378,0.39091694,0.085740104,0.10625325,0.10178994,0.20873189,0.21328679,0.24676234,0.049234167,0.09790984,0.664729,0.42250568,0.31890583,0.11269471,0.05427254,0.21913734,0.28689376,0.0835717,0.08670114,0.67256045,0.1584298,0.12421368,0.74448323,0.7245779,0.8648592,0.3098414,0.08423348,0.08179635,0.28120863,0.4500413,0.11831965,0.52908957,0.2753476,0.86804056,0.20788875,0.14589638,0.4923985,0.78478736,0.2005505,0.1771301,0.25513923,0.41782713,0.86874384,0.18123849,0.08270383,0.19595164,0.06653148,0.3042946,0.3719254,0.32940143,0.24684682,0.9391937,0.13513078,0.780261,0.15799919,0.5826538,0.095944524,0.28108832,0.7286438,0.23785211,0.29233342,0.2268914,0.29763955,0.39364332,0.21268174,0.43046728,0.19557251,0.39395806,0.25125384,0.21169983,0.111936375,0.149443,0.13183841,0.24033701,0.25313872,0.47331467,0.32972562,0.7998581,0.6077814,0.39324558,0.07218665,0.8123269,0.108677134,0.14762276,0.14366853,0.27677268,0.3100052,0.42079782,0.29785132,0.49155205,0.5877016,0.8839396,0.34103686,0.26610863,0.5043998,0.34331733,0.56955314,0.18366498,0.059875265,0.72902536,0.103061214,0.7187768,0.26743853,0.15927365,0.2570213,0.15311947,0.2642858,0.6620245,0.090347,0.12949747,0.9062984,0.17993152,0.34775394,0.22953415,0.21911684,0.4051233,0.24968883,0.93205154,0.148383,0.05219721,0.76096773,0.5387168,0.068976805,0.70407975,0.55436194,0.5802384,0.24810782
BC2026_Train_0008_S09_20250831_000000_55,0.30420378,0.6516478,0.4940465,0.55192786,0.6329813,0.52063566,0.8787521,0.67182434,0.70643175,0.5042056,0.88821185,0.38680398,0.4039533,0.37865964,0.5273195,0.5238025,0.2897888,0.51859033,0.7298552,0.22926599,0.35931367,0.28795692,0.37585944,0.628934,0.3507646,0.55249244,0.8812803,0.526525,0.4998414,0.9028648,0.61776245,0.45009586,0.46338767,0.58842003,0.5701064,0.43477422,0.5251389,0.4888125,0.5890293,0.47736514,0.5034462,0.59860176,0.51465225,0.6392811,0.47658995,0.3883649,0.4376155,0.4251712,0.38492322,0.40295964,0.45986694,0.6168534,0.57504827,0.6937417,0.4528081,0.39917475,0.95550406,0.8188932,0.32092524,0.27195376,0.37157053,0.5575957,0.49685472,0.3367645,0.4339677,0.60892105,0.1542789,0.21671551,0.5651733,0.7331306,0.61198545,0.9576194,0.17977649,0.2657058,0.55068004,0.71355975,0.4807636,0.25979167,0.8184686,0.7589625,0.4407723,0.60649854,0.23918235,0.6291481,0.2267574,0.53761566,0.34488648,0.36323237,0.4120221,0.34793198,0.9243961,0.11439599,0.76485205,0.48667789,0.43408468,0.8009943,0.3350848,0.41542727,0.4356519,0.16005543,0.3399083,0.2795694,0.38144624,0.4812653,0.44920725,0.18477735,0.25853145,0.31652507,0.29140776,0.13952324,0.15132351,0.3572862,0.1977689,0.46746927,0.2928166,0.10437356,0.22708163,0.3387323,0.21176867,0.08156709,0.22633207,0.12940645,0.12163219,0.1557674,0.2759443,0.21159443,0.8226652,0.44652104,0.3205644,0.56126404,0.41053998,0.8322196,0.85725486,0.17561662,0.26966104,0.59653264,0.3844174,0.31028807,0.23583226,0.5958308,0.83617294,0.27274704,0.19778809,0.5686283,0.3653062,0.63552785,0.31562912,0.28484404,0.28758386,0.8384714,0.255434,0.07028425,0.16801888,0.21680683,0.3591537,0.35160792,0.34718752,0.15211555,0.7951101,0.24492212,0.6789079,0.35046244,0.5092912,0.41522324,0.22818595,0.9891894,0.2558997,0.48012173,0.33847558,0.5352969,0.37010485,0.08167069,0.44898808,0.47855282,0.517433,0.4381296,0.2683359,0.34747803,0.18090768,0.19535676,0.28167686,0.3549738,0.36295396,0.43368053,0.54819304,0.552889,0.49453706,0.11655754,0.94025755,0.34683853,0.16708446,0.2522841,0.12701654,0.1468537,0.36727333,0.3673275,0.33927286,0.83175683,0.4460071,0.306444,0.5497757,0.40301824,0.20978448,0.72141695,0.22251278,0.22072244,0.94057417,0.45095867,0.8362415,0.4256473,0.4375161,0.117775306,0.537866,0.3235918,0.7189619,0.23176605,0.357337,0.38834232,0.34803933,0.25424266,0.45005992,0.45595998,0.50665826,0.297965,0.5972019,0.3417101,0.14932564,0.44749945,0.29843444,0.121717826,0.70039505,0.4819391,0.6176622,0.23850411
BC2026_Train_0008_S09_20250831_000000_60,0.39690834,0.68044674,0.66946065,0.70191383,0.7978457,0.70189214,0.55041444,0.70560884,0.9499037,0.46310675,0.65445876,0.33272213,0.42745003,0.44786587,0.7221303,0.71413445,0.612077,0.6805614,0.67074585,0.30972356,0.6607709,0.5293087,0.5444381,0.8242817,0.67491364,0.7771729,0.98821604,0.4190166,0.45135522,0.9906622,0.82348084,0.59449124,0.5836429,0.76767445,0.80194795,0.6652982,0.71805036,0.71796584,0.7254472,0.6654913,0.6095318,0.7717513,0.6990753,0.7801399,0.7856833,0.625757,0.6414014,0.65106106,0.62646544,0.61435413,0.666355,0.7644442,0.7945509,0.80864525,0.6077104,0.8307438,0.98661625,0.5135854,0.65697604,0.33127415,0.36632127,0.66572297,0.632916,0.7047864,0.6218673,0.58961755,0.28765738,0.41901356,0.8385174,0.77726,0.6296667,0.9485322,0.2391648,0.13500592,0.4311881,0.8193659,0.7309326,0.28140235,0.63888764,0.609369,0.5651219,0.52252436,0.25885013,0.82518566,0.29345977,0.61253417,0.36250257,0.73887503,0.6262707,0.5066647,0.9914563,0.16315061,0.6313634,0.43163046,0.32514012,0.90738904,0.5679548,0.27818552,0.53160346,0.39337397,0.26600942,0.7736739,0.51495224,0.3528931,0.43330216,0.26248378,0.27127004,0.5228281,0.47857416,0.31078875,0.2916368,0.26644376,0.2875584,0.37891287,0.5819547,0.3140161,0.30329573,0.22657894,0.32618815,0.0980812,0.16818464,0.20989858,0.2256771,0.3098291,0.33681688,0.25900173,0.9208158,0.29805166,0.19745144,0.43484226,0.58912826,0.98017085,0.65445113,0.26602647,0.56289166,0.8418894,0.15030928,0.20996958,0.1292263,0.5609724,0.8333789,0.25260818,0.27670032,0.5406979,0.7412392,0.67089105,0.2802441,0.31684664,0.2741117,0.95200384,0.46946973,0.17042688,0.20494395,0.32462952,0.4185229,0.20951644,0.19532001,0.16335589,0.7314452,0.54713404,0.51521593,0.76716566,0.60620093,0.4044652,0.2736737,0.85085106,0.20792183,0.5358489,0.3274063,0.44166997,0.58850974,0.115614995,0.48919022,0.48928487,0.61984676,0.27346557,0.23950157,0.79573643,0.38331413,0.19392782,0.40333745,0.3154922,0.43417045,0.75768864,0.80904496,0.73022246,0.768986,0.24875094,0.96862125,0.23368028,0.3174433,0.39063263,0.17228588,0.1584517,0.6184595,0.63667405,0.57956076,0.6109283,0.5222078,0.3627881,0.47724396,0.46131328,0.2603079,0.49559063,0.24652891,0.37997085,0.9238096,0.5121392,0.5631728,0.6483718,0.31549436,0.115809366,0.66866195,0.43053252,0.770043,0.16528578,0.34795314,0.3936836,0.4915341,0.35414994,0.37465203,0.47111613,0.68392336,0.40769702,0.5993177,0.3453127,0.18162125,0.33426034,0.5468801,0.24251275,0.32907337,0.5532017,0.4892242,0.33141363
BC2026_Train_0009_S09_20250828_000000_5,0.53429896,0.6269062,0.56858563,0.7084893,0.34668684,0.8708042,0.91664577,0.2880057,0.4516797,0.75932896,0.8785354,0.8138437,0.7148411,0.3565007,0.7528069,0.58133495,0.5897844,0.53650916,0.28380227,0.48573026,0.7550167,0.7653224,0.43229145,0.79007375,0.54424334,0.48501378,0.61414695,0.5378096,0.29837477,0.98819554,0.7187661,0.827204,0.8755121,0.69378203,0.75842714,0.7162869,0.7792702,0.8064302,0.76127934,0.72041893,0.6822878,0.7365386,0.8488679,0.74129224,0.68879724,0.64943886,0.7933332,0.74994457,0.7300856,0.6357932,0.8175047,0.70191145,0.77102494,0.80451965,0.7409552,0.8965968,0.6558404,0.63300455,0.20008168,0.41489697,0.59450173,0.7444062,0.7963706,0.61506045,0.64384496,0.4620804,0.56808746,0.47895312,0.98531663,0.7911917,0.80137193,0.6197092,0.7386362,0.794675,0.600813,0.9426686,0.2756307,0.74612796,0.931651,0.9021114,0.31863135,0.888227,0.34308648,0.8249221,0.53189737,0.4631312,0.7057873,0.24308383,0.5840876,0.20184562,0.39106017,0.7284907,0.9210646,0.95062107,0.9086,0.86969465,0.22545081,0.8600786,0.69808626,0.7305839,0.45379567,0.7816994,0.24798048,0.48230335,0.28022513,0.8372619,0.4096387,0.4495029,0.60977966,0.19189416,0.29110035,0.56484973,0.49360603,0.28813162,0.17729,0.18001917,0.30341017,0.9764417,0.87564576,0.5395769,0.47436163,0.5742271,0.28737938,0.9328823,0.09342475,0.42497838,0.25140306,0.35781783,0.2611895,0.9800583,0.8949709,0.63994956,0.93656635,0.6941345,0.17331833,0.5701953,0.9023447,0.7103127,0.89214355,0.43607712,0.966886,0.7509965,0.6630696,0.56324,0.8835226,0.19797024,0.6573243,0.7106019,0.8373002,0.44109744,0.633165,0.33695072,0.2673109,0.2185323,0.6151404,0.24845353,0.87636137,0.41759604,0.94185615,0.938475,0.7809475,0.11944171,0.88482916,0.10591583,0.107776985,0.505806,0.89197296,0.6600907,0.6690712,0.97105825,0.90954804,0.7984882,0.42400104,0.4672634,0.9095844,0.27697727,0.6934823,0.12140916,0.44431895,0.41507268,0.94893897,0.6717634,0.6393882,0.6527622,0.9202167,0.94522494,0.47402635,0.27547938,0.5660128,0.38708282,0.071710214,0.5657213,0.23195028,0.5969149,0.5847921,0.46418357,0.5532345,0.40522355,0.88905275,0.94905823,0.26343697,0.3654666,0.10145946,0.95770824,0.5541707,0.25565732,0.59104365,0.14317058,0.45335352,0.82889473,0.22587228,0.74312186,0.77303755,0.47616792,0.46113777,0.3587972,0.54543984,0.9124354,0.26761788,0.6912122,0.69773424,0.24224661,0.84989995,0.5520899,0.9604323,0.67039716,0.24699837,0.95524895,0.3956287,0.23241654,0.856265,0.84187794,0.38054585,0.58482033
BC2026_Train_0009_S09_20250828_000000_10,0.53051186,0.47998458,0.2994386,0.79970384,0.20773458,0.6878997,0.79232204,0.65189564,0.7941037,0.8152943,0.8919525,0.24146792,0.83556503,0.47160053,0.4737568,0.6040641,0.22247143,0.41733304,0.59540415,0.48390514,0.22285593,0.71465856,0.53637326,0.85499024,0.49052203,0.18318471,0.673113,0.5611576,0.51642495,0.83117914,0.8409426,0.93978083,0.8595154,0.88339514,0.7271223,0.87711996,0.9612059,0.8115443,0.7926907,0.8351497,0.84012926,0.7991555,0.84807533,0.9197725,0.6942104,0.6374177,0.79151905,0.7800542,0.72690654,0.6916027,0.8969579,0.8364421,0.88747144,0.80135894,0.7502055,0.6243726,0.68602574,0.8021849,0.31265312,0.20035139,0.28040296,0.64318335,0.59072965,0.17789584,0.506522,0.54061246,0.23774824,0.3049904,0.8126564,0.5140102,0.81447923,0.5547509,0.60188514,0.4351315,0.5845997,0.8092505,0.56288594,0.76967764,0.67349017,0.6881943,0.32018644,0.7212597,0.48433328,0.43351585,0.5729953,0.9180935,0.7347876,0.80724,0.41120377,0.40368438,0.3669064,0.34579325,0.5400544,0.764433,0.66036105,0.3639542,0.7990811,0.78887486,0.41767848,0.89548135,0.59086347,0.3910731,0.551871,0.34539637,0.34638035,0.6152948,0.38472956,0.45111567,0.9372355,0.7408204,0.3891229,0.69609356,0.47514826,0.5033043,0.23366368,0.5268582,0.6751708,0.7895324,0.75588727,0.70747995,0.59312356,0.40296343,0.8612296,0.93184483,0.3179875,0.6319612,0.47588152,0.37433493,0.5594573,0.7974775,0.7525157,0.33825004,0.5476918,0.86042345,0.3718355,0.40048844,0.7421235,0.65575707,0.65592873,0.48509634,0.8535354,0.6490644,0.78470886,0.8509021,0.32765114,0.20322843,0.6782166,0.7347511,0.7230214,0.74615526,0.5521543,0.4110775,0.61824346,0.56474996,0.585766,0.86165667,0.76777065,0.71287453,0.80330825,0.6119032,0.83337,0.33357722,0.4963429,0.4552701,0.34724277,0.8704395,0.826298,0.7087522,0.8544898,0.96531856,0.96781766,0.5852678,0.65762913,0.5344472,0.6994952,0.38243043,0.5867694,0.20526472,0.62374645,0.33276564,0.9606793,0.51773214,0.57934666,0.83522785,0.8011035,0.8194667,0.5012759,0.66452837,0.46830684,0.5686611,0.1925841,0.80630946,0.46195966,0.7344526,0.89471817,0.61639845,0.6715182,0.8787139,0.5896659,0.7623526,0.56318337,0.5947458,0.2798304,0.90062934,0.51706004,0.67189324,0.73494744,0.3501132,0.50053275,0.5436217,0.42502123,0.6609603,0.37511128,0.5169339,0.4356045,0.33519375,0.71075726,0.54702294,0.67352855,0.6563091,0.79858124,0.4097345,0.84196436,0.8109765,0.8601931,0.5685624,0.2388942,0.87332547,0.39662504,0.6484258,0.41513324,0.38862807,0.66773593,0.45090178
BC2026_Train_0009_S09_20250828_000000_15,0.33552307,0.24620888,0.27519783,0.575714,0.16941233,0.28639966,0.8147489,0.5791621,0.6862311,0.97110105,0.9840878,0.12627207,0.64026153,0.17314994,0.5691923,0.35020798,0.175241,0.2872186,0.37530375,0.20952165,0.16459209,0.50200343,0.23812377,0.63461196,0.5620792,0.1561112,0.5540975,0.33770078,0.43418157,0.41254586,0.59164613,0.5208382,0.5761209,0.6069826,0.43144804,0.5605398,0.628502,0.5649556,0.5161842,0.5687327,0.53574836,0.59082043,0.64562243,0.6280516,0.3864389,0.40284377,0.52088517,0.50623035,0.4335978,0.51215124,0.6210587,0.5302955,0.6329385,0.66519153,0.614427,0.4860031,0.46959865,0.45397836,0.5998094,0.092022344,0.34371477,0.51608574,0.28480828,0.17375657,0.34236354,0.78448063,0.2751661,0.13164721,0.58780444,0.34262386,0.45360947,0.20309359,0.48032713,0.4482156,0.4040743,0.6510024,0.8028184,0.7464789,0.5833085,0.518915,0.116986945,0.70824134,0.5439744,0.16666487,0.39203614,0.97150993,0.70458734,0.903406,0.4326065,0.60804975,0.3822523,0.41664404,0.3373747,0.7220681,0.6117946,0.2794449,0.8686571,0.63638353,0.36660516,0.42487898,0.7770363,0.42756593,0.7535062,0.5400863,0.31772393,0.65661883,0.44435525,0.27097932,0.87745625,0.712425,0.49790478,0.6318562,0.4455836,0.82385826,0.3607514,0.39929003,0.58378875,0.8279406,0.543496,0.77910304,0.6648531,0.33562845,0.7229204,0.87730616,0.5523511,0.36206102,0.31866637,0.46943033,0.6562536,0.7002057,0.5986151,0.36597806,0.19608119,0.7501953,0.36321875,0.4657311,0.73286116,0.8316021,0.9297337,0.7320296,0.7011967,0.41804576,0.55930114,0.74972665,0.7168537,0.2008856,0.5132625,0.90419996,0.72813505,0.64503074,0.5121128,0.51329195,0.83764327,0.41737068,0.5626812,0.62836087,0.5112783,0.5641731,0.8224323,0.5820347,0.5448788,0.45034745,0.5118419,0.47156304,0.664397,0.4083894,0.76313853,0.6463523,0.66873187,0.86159194,0.9831078,0.3412773,0.3951426,0.670249,0.63559467,0.26751038,0.3651513,0.2741325,0.40107846,0.40225413,0.92580944,0.7939298,0.8460578,0.8050641,0.58947676,0.53328276,0.8112281,0.5606983,0.3083797,0.81459534,0.6705331,0.83950853,0.2679663,0.62954557,0.5652566,0.7426994,0.9404818,0.58680284,0.5027319,0.7531891,0.55853033,0.4349603,0.78926635,0.8269558,0.19750798,0.60238284,0.5152663,0.29197878,0.85961354,0.48806226,0.2374502,0.54141414,0.39148742,0.4005106,0.5798404,0.654734,0.85446703,0.5448331,0.6461152,0.2047894,0.7249017,0.57743704,0.46240956,0.8702936,0.87212205,0.6568741,0.5158263,0.7849047,0.82786024,0.65107286,0.34506828,0.421076,0.4519529,0.52530694
BC2026_Train_0009_S09_20250828_000000_20,0.30039555,0.64322233,0.12309934,0.34993482,0.1671505,0.2738166,0.54485726,0.2576063,0.13128561,0.47405016,0.54687256,0.15060022,0.33363187,0.08863418,0.7470901,0.2692942,0.09563535,0.12826839,0.10624165,0.1598129,0.49197513,0.5286044,0.18659024,0.5126773,0.48211104,0.41512853,0.5052805,0.4660763,0.24216244,0.36390108,0.42735404,0.38460037,0.4309609,0.37957406,0.2972445,0.37562218,0.49411076,0.41414475,0.31457713,0.34878144,0.40054554,0.35232115,0.4262442,0.47257394,0.25590852,0.23220712,0.42595947,0.29754943,0.2443412,0.28656748,0.41360962,0.4774164,0.35494056,0.45026726,0.2880913,0.31117713,0.49898607,0.08030523,0.42304558,0.13434862,0.2772628,0.45878196,0.36969244,0.36170477,0.23114768,0.8016937,0.14602642,0.18711588,0.611483,0.2959478,0.40385658,0.20660493,0.4612391,0.6188497,0.54006386,0.492963,0.816838,0.5249423,0.702912,0.33112556,0.19586323,0.6052633,0.34665412,0.3307512,0.21869507,0.7775732,0.365762,0.5393524,0.56458807,0.35289234,0.5873141,0.33334053,0.37127805,0.4432925,0.36687237,0.45078784,0.68476295,0.5354055,0.44206035,0.23539653,0.72546375,0.27249604,0.9395703,0.6395881,0.5592,0.7105564,0.38111982,0.32774097,0.75239086,0.35392934,0.39866024,0.37522233,0.2858029,0.78666663,0.35805178,0.2776037,0.3257736,0.71720517,0.47803634,0.6956639,0.48965698,0.23075125,0.6992435,0.7319082,0.54812884,0.19163308,0.33624697,0.20881376,0.42772454,0.58058673,0.29575554,0.65484995,0.15450108,0.5950824,0.32129472,0.20360658,0.85490143,0.71978617,0.89857066,0.5230585,0.7407899,0.32968122,0.6600547,0.37051904,0.40515178,0.27459395,0.33186734,0.6007315,0.57602954,0.49502462,0.6361214,0.3854199,0.776139,0.32423037,0.36294132,0.27919006,0.5543172,0.40410572,0.6469691,0.31778646,0.7115623,0.16648018,0.35179347,0.45906752,0.51068485,0.78788376,0.44724506,0.68204755,0.40848744,0.6066562,0.83976287,0.1882455,0.23244992,0.7937529,0.6770829,0.42425096,0.20954868,0.14951277,0.47858298,0.3434434,0.70433855,0.7756703,0.6801616,0.7967304,0.6055543,0.70222914,0.8253846,0.3678764,0.4189977,0.73115206,0.82684577,0.6459508,0.14079484,0.42565358,0.52269274,0.88406146,0.8729367,0.5292159,0.37445617,0.32586932,0.3444718,0.43893778,0.7693813,0.74724066,0.14062583,0.43474153,0.51884323,0.5110349,0.8833927,0.55747926,0.21754429,0.40105718,0.41030374,0.59125954,0.6021819,0.45841274,0.9298463,0.37928075,0.4450531,0.12597242,0.62490547,0.7313334,0.29387683,0.7329415,0.631477,0.46824998,0.4925549,0.7784338,0.8265286,0.48356575,0.2991686,0.5651954,0.31043395,0.4274298
BC2026_Train_0009_S09_20250828_000000_25,0.19232628,0.19617927,0.23130064,0.12144548,0.07313958,0.35633153,0.40589386,0.2601689,0.4784796,0.42799407,0.67379904,0.3449397,0.18217674,0.15040137,0.66060245,0.2263793,0.12538981,0.19878677,0.09675793,0.07813634,0.48851997,0.35849756,0.12159333,0.21044055,0.449894,0.28668982,0.37633395,0.43176726,0.3729444,0.36891687,0.10629945,0.16498935,0.1338472,0.097806394,0.09059183,0.14425927,0.20807774,0.12831135,0.13015215,0.08830972,0.15971428,0.10191751,0.10756767,0.17714347,0.09986251,0.09052943,0.11002692,0.092474885,0.10824132,0.09827866,0.07458313,0.07345998,0.07273061,0.1278481,0.09852059,0.44003862,0.22511807,0.12547882,0.4007421,0.10754477,0.33591706,0.37161523,0.1653083,0.28976512,0.14726861,0.38254008,0.13605091,0.16743863,0.57313186,0.34913564,0.3305514,0.08510485,0.5580274,0.46345913,0.45864606,0.47331434,0.43695283,0.32063538,0.810377,0.5239222,0.11454511,0.46069294,0.35301942,0.56569064,0.17644888,0.33953664,0.21847522,0.49062097,0.59760374,0.22060096,0.37707955,0.3489722,0.7031115,0.4135146,0.4978914,0.331352,0.45022058,0.6597584,0.32704753,0.35589498,0.49216905,0.44656336,0.6650859,0.35388845,0.4990461,0.6270648,0.22865146,0.17708129,0.6706015,0.33461654,0.24759479,0.57961595,0.26002625,0.48806497,0.18331191,0.32844263,0.27040726,0.64343715,0.31625134,0.7180276,0.25998604,0.13417207,0.4514302,0.5580915,0.4934352,0.19365816,0.3395639,0.14104804,0.5169824,0.69949377,0.3414793,0.5287322,0.5264622,0.52105486,0.49856097,0.22966406,0.57901937,0.93566036,0.9495568,0.25819284,0.72130823,0.5903281,0.45927778,0.26724213,0.6025345,0.20210667,0.31747222,0.6010853,0.65945816,0.47222644,0.383977,0.18519668,0.570776,0.2581645,0.3763544,0.2684126,0.68671,0.31769264,0.6693779,0.5418838,0.6012535,0.06908592,0.5759728,0.493944,0.55812055,0.19412242,0.36897278,0.45964658,0.52383566,0.53607726,0.6790518,0.36022988,0.13132091,0.6057813,0.55911434,0.23377004,0.12737508,0.13265285,0.4506719,0.33028114,0.65717334,0.5486598,0.30772886,0.4367418,0.45275867,0.8652625,0.7028638,0.24002287,0.18677664,0.5379541,0.85269356,0.89792037,0.22967875,0.37863684,0.3226301,0.351686,0.7239212,0.49875402,0.7355255,0.33110118,0.31682682,0.43988562,0.32463694,0.5882065,0.18512592,0.3755448,0.26441437,0.3514105,0.62722796,0.67304325,0.17912349,0.46266893,0.3971898,0.47871816,0.6758075,0.77394915,0.84099877,0.58345616,0.46688616,0.290173,0.2115073,0.5767708,0.25453576,0.7987881,0.61845756,0.44832745,0.5410915,0.7603476,0.5212962,0.26944536,0.7025019,0.22794074,0.19117993,0.62303
BC2026_Train_0009_S09_20250828_000000_30,0.3965583,0.5307946,0.23880307,0.27590373,0.22016977,0.58912766,0.75791353,0.51230824,0.47936153,0.6154133,0.8888701,0.6808822,0.3495224,0.10084586,0.7040478,0.38863152,0.3436914,0.3627361,0.38815796,0.17956984,0.27876574,0.45439106,0.29227227,0.31916174,0.41038126,0.468504,0.41797423,0.6483966,0.46475887,0.72037053,0.34742174,0.4910437,0.48602644,0.3091032,0.20768091,0.40357864,0.44470206,0.33915257,0.36283213,0.29187143,0.33084565,0.36186403,0.43086398,0.3865018,0.14466345,0.1787678,0.3857062,0.22205204,0.21081582,0.15480706,0.3483473,0.3112414,0.3523907,0.36727667,0.2803739,0.84934425,0.3756481,0.23512083,0.5759239,0.21072839,0.22489393,0.5883675,0.23605189,0.2107493,0.3892777,0.82822454,0.3623919,0.40994823,0.89525926,0.8167292,0.43323022,0.24948117,0.5711324,0.52377623,0.43587506,0.773818,0.40861237,0.5590905,0.82357156,0.77883947,0.19998953,0.5685524,0.28571364,0.8481995,0.14957073,0.45336142,0.58104736,0.2674329,0.64939594,0.3785205,0.34861296,0.63207793,0.8793334,0.5955505,0.6492194,0.41034555,0.19084966,0.85559094,0.65844154,0.4723997,0.57906145,0.55804104,0.45507693,0.14926414,0.5943039,0.7246078,0.38755107,0.43960074,0.7102197,0.39078647,0.39760166,0.6813905,0.383475,0.401093,0.26279873,0.62013996,0.43895942,0.88646793,0.6503589,0.56563914,0.33344012,0.36991996,0.45375818,0.7961575,0.5794121,0.2235239,0.5457398,0.5166957,0.45714772,0.9357484,0.5936791,0.51577544,0.6575738,0.47607917,0.42846572,0.3056812,0.6516725,0.87343204,0.702965,0.5145352,0.91925704,0.6625761,0.29676348,0.44560397,0.74585354,0.51944345,0.34775907,0.8021362,0.51700616,0.5787182,0.35342258,0.41612023,0.2322219,0.31348342,0.6184725,0.66684866,0.7926686,0.40933627,0.8682883,0.9262879,0.73116255,0.27776635,0.67965734,0.4355682,0.7109146,0.57323056,0.6298263,0.26456144,0.6045295,0.77267504,0.81085455,0.5881851,0.3168735,0.54127187,0.43438116,0.226614,0.20757851,0.15566757,0.40790123,0.38855815,0.75423473,0.27737385,0.3165257,0.42003047,0.7407985,0.94435054,0.53011286,0.57399124,0.25868392,0.5915631,0.3650276,0.6818627,0.2633847,0.65414107,0.57635504,0.24234322,0.51027966,0.61507416,0.87055236,0.78758144,0.52761674,0.24660578,0.29716372,0.7737445,0.60469234,0.6166666,0.46249342,0.1799517,0.24481183,0.7218046,0.48299432,0.50934255,0.6566371,0.54287124,0.8053138,0.54052293,0.7174213,0.8697686,0.4389726,0.70751333,0.29527044,0.37790474,0.56636786,0.52799577,0.82449913,0.6126067,0.63862216,0.7976073,0.60646534,0.3993252,0.7759757,0.19549456,0.2832166,0.54937994
BC2026_Train_0009_S09_20250828_000000_35,0.5577401,0.44555506,0.3741933,0.4528417,0.3679875,0.35217243,0.8925886,0.79688597,0.51477104,0.34633774,0.8460435,0.5950384,0.4974097,0.22516751,0.49748385,0.67618334,0.48567772,0.4688324,0.44073898,0.32737207,0.3014866,0.14188021,0.52850497,0.5655539,0.6681643,0.6296755,0.85890377,0.5530451,0.55948365,0.7491254,0.4877076,0.55075604,0.44259432,0.48189327,0.35767865,0.4776852,0.64807206,0.40412432,0.4245472,0.44388005,0.55401665,0.5075891,0.5063807,0.67686284,0.23539162,0.2772914,0.3956246,0.2676549,0.32642508,0.28407884,0.47765422,0.4622925,0.5174747,0.54987144,0.4095115,0.8239908,0.68335414,0.1578542,0.31705526,0.56475544,0.5082166,0.43874866,0.4051404,0.4677161,0.58403116,0.8212613,0.37942946,0.4831577,0.7239523,0.52729243,0.70352983,0.724463,0.9101,0.3255236,0.19468507,0.72803044,0.5772018,0.46507025,0.55686384,0.5663364,0.6307448,0.49820852,0.40542257,0.7851424,0.28323522,0.87856966,0.9037878,0.3520772,0.739609,0.51310813,0.5780003,0.63272977,0.70830226,0.48788106,0.7815845,0.33038956,0.36556816,0.69294035,0.73081136,0.8072864,0.7597507,0.5048888,0.35284686,0.23025113,0.5713798,0.66964924,0.5425056,0.64898396,0.78079605,0.9165424,0.8523166,0.6519314,0.5628609,0.45702088,0.4404599,0.74931204,0.5425219,0.49490047,0.9185674,0.556329,0.29410934,0.3564071,0.61607915,0.7368144,0.4567544,0.6434833,0.49426705,0.64672184,0.73825395,0.7592908,0.37128556,0.54106236,0.37868446,0.700979,0.62531614,0.5582992,0.5549242,0.84037423,0.24137115,0.64994866,0.9506085,0.5888467,0.48705646,0.8024938,0.19487835,0.5278505,0.4822658,0.55595434,0.6972058,0.4773184,0.57471544,0.559161,0.14979354,0.48479193,0.59092087,0.7840444,0.73253834,0.35531354,0.84022856,0.79556894,0.76967645,0.64499784,0.3312772,0.639748,0.6762655,0.9811995,0.4823231,0.43410325,0.89944327,0.89475286,0.76650393,0.6092676,0.5013099,0.79410934,0.7808603,0.3694262,0.554193,0.39794934,0.67723405,0.2883438,0.89379936,0.43513823,0.3765933,0.5414038,0.72519577,0.9426818,0.56578696,0.8102697,0.57595205,0.44617742,0.39110708,0.38597107,0.43376848,0.5610992,0.7647816,0.5910449,0.5888167,0.8821991,0.63331914,0.42239317,0.723259,0.22035646,0.24142295,0.8504821,0.79113185,0.653018,0.8083869,0.38681382,0.3679612,0.77526104,0.68590057,0.6127124,0.58159274,0.49450624,0.69787383,0.40691167,0.6762587,0.36560175,0.84294814,0.69864506,0.6984017,0.59040743,0.5906689,0.5668415,0.82441115,0.62462527,0.6480901,0.76420546,0.42816103,0.5485472,0.4000038,0.47052777,0.48839462,0.72879326
BC2026_Train_0009_S09_20250828_000000_40,0.44083673,0.56990075,0.4169923,0.23432574,0.31677282,0.1955708,0.76206934,0.75468326,0.7340796,0.19674757,0.3707835,0.27410716,0.50582623,0.1903409,0.4649986,0.6106494,0.15796852,0.34874505,0.24659728,0.20774895,0.3943864,0.3157844,0.31196302,0.39771867,0.24189371,0.27009588,0.6409973,0.3163544,0.41493303,0.33424127,0.32370722,0.41035634,0.28204465,0.30484396,0.22063991,0.32820827,0.34266078,0.30681175,0.26869524,0.29681304,0.3044997,0.32755268,0.33596075,0.3175617,0.1568557,0.16333564,0.2998656,0.24217647,0.16752067,0.17660987,0.26542625,0.33223253,0.30006266,0.25120708,0.24982187,0.5253813,0.4321168,0.65469885,0.102593645,0.40853587,0.68199897,0.39084607,0.1389886,0.3097757,0.53809834,0.340715,0.37020957,0.34160402,0.6261374,0.32519478,0.53086174,0.7080202,0.7313148,0.4342702,0.22497214,0.7323996,0.33122432,0.17957437,0.26987216,0.31058323,0.5712901,0.3171497,0.24346334,0.49452618,0.47799766,0.46251523,0.53375065,0.65778303,0.59327376,0.19981012,0.59834313,0.36352646,0.5357953,0.58186823,0.4639169,0.4006719,0.5892135,0.48587102,0.55797607,0.8527662,0.5084883,0.6288214,0.36331803,0.2094746,0.24164194,0.5503027,0.23627663,0.31816107,0.5074434,0.98447084,0.5992074,0.49364755,0.600848,0.24005075,0.14651883,0.46874177,0.2129817,0.4159329,0.7502552,0.20340323,0.079045326,0.15198192,0.28620073,0.46456152,0.21197325,0.7366599,0.64295363,0.28576085,0.6476083,0.59827745,0.13523081,0.2542538,0.26812986,0.61880463,0.43737066,0.31343576,0.25088772,0.7649809,0.1664302,0.36943173,0.93245983,0.35986352,0.33062947,0.6607015,0.44378418,0.5715085,0.41055554,0.29929674,0.7112391,0.6534914,0.3471101,0.89378107,0.19240493,0.28056493,0.31240594,0.576176,0.6592132,0.114205346,0.7329098,0.43030956,0.8630692,0.57905376,0.2617393,0.48721886,0.23159643,0.7261276,0.27045244,0.7296653,0.6393708,0.8566921,0.34889525,0.53010166,0.21743396,0.6685,0.9392041,0.26419777,0.4171558,0.26839292,0.5047579,0.15798071,0.9744984,0.3395083,0.29757208,0.18149588,0.3004455,0.77611005,0.19642109,0.7941953,0.579034,0.5172926,0.41852963,0.17109661,0.25935978,0.19989824,0.6274469,0.528734,0.29461795,0.7627516,0.82328093,0.18279302,0.78121775,0.12419483,0.23296413,0.86576927,0.86701596,0.251708,0.6689154,0.21578118,0.7250632,0.8255174,0.3376847,0.5057923,0.26046896,0.20882733,0.5602979,0.30335563,0.42598188,0.21590874,0.9921566,0.3056502,0.6615344,0.5304454,0.6085212,0.68491054,0.5283342,0.21279302,0.3222636,0.36751652,0.25933212,0.35003686,0.35742486,0.6906055,0.46565914,0.5259924
BC2026_Train_0009_S09_20250828_000000_45,0.17293173,0.084760405,0.43007165,0.100128725,0.09537707,0.054984957,0.35635084,0.5610099,0.2103118,0.23663563,0.19094151,0.43291554,0.31825453,0.0782111,0.1727033,0.26953405,0.07139398,0.17613178,0.118977085,0.10211288,0.25020552,0.06186288,0.22996807,0.1548174,0.06350926,0.06806904,0.47887802,0.14883953,0.14069209,0.090812996,0.12204787,0.16021219,0.11540015,0.06517347,0.0944175,0.09237555,0.12906575,0.06375181,0.1091568,0.10292935,0.10879542,0.06603057,0.11146971,0.11090035,0.06288005,0.09207593,0.08500183,0.09305823,0.05201392,0.10467759,0.123758934,0.12288862,0.12240871,0.09663889,0.118533306,0.15739238,0.209876,0.58088446,0.1664319,0.13019918,0.4706599,0.3132328,0.07456833,0.17123875,0.4341025,0.45438963,0.2464996,0.10778344,0.22422266,0.23389855,0.3375652,0.55736566,0.83624494,0.18258178,0.3242491,0.5368061,0.07065529,0.2604267,0.09072961,0.09407261,0.29478526,0.24908471,0.17420843,0.6964216,0.44726467,0.2535342,0.22674572,0.7405963,0.67326224,0.07808605,0.51983356,0.29342604,0.6832241,0.5642548,0.20288303,0.5609431,0.8206315,0.3878374,0.7014203,0.6015864,0.42299134,0.34704235,0.4895817,0.05794715,0.06775843,0.25053006,0.12699454,0.07822183,0.27052748,0.9158821,0.5794838,0.19638899,0.27861667,0.08615046,0.042676583,0.25266376,0.07323252,0.36042935,0.6560837,0.119242266,0.03387156,0.15262266,0.10139264,0.560058,0.106381476,0.7701782,0.8312843,0.11528927,0.38606232,0.45670956,0.26334536,0.35457987,0.09482981,0.4931786,0.12581359,0.11194734,0.41400313,0.4021725,0.14663018,0.09025304,0.9886104,0.38451517,0.34131277,0.28138152,0.13986623,0.64572287,0.43965146,0.3799299,0.6636598,0.8084667,0.21604128,0.99295616,0.17282057,0.31581742,0.31000423,0.5514227,0.38456458,0.03230698,0.77187,0.2603355,0.93452275,0.47201806,0.12537399,0.23115388,0.09299736,0.51090854,0.39030856,0.8046299,0.4394191,0.81966573,0.32301423,0.77079165,0.054661706,0.6176023,0.75883985,0.06334821,0.32759255,0.23445264,0.26742017,0.06859978,0.79383385,0.19691153,0.4291953,0.17132822,0.344073,0.7045615,0.10783088,0.77772,0.73240614,0.37614584,0.21400318,0.049466856,0.38295713,0.12182079,0.365322,0.46567762,0.124954686,0.4759754,0.97207755,0.3416471,0.8268058,0.12956892,0.11443347,0.8874257,0.9602312,0.101478234,0.5949701,0.0739954,0.64297235,0.5248254,0.22595349,0.35020375,0.12630975,0.18226466,0.084522784,0.42415503,0.5239431,0.0914125,0.99084795,0.3652563,0.5015005,0.1601983,0.5526754,0.44074732,0.7035003,0.12879904,0.10861471,0.34212556,0.23482688,0.4979115,0.43776375,0.65843856,0.31419456,0.29111838
BC2026_Train_0009_S09_20250828_000000_50,0.30810422,0.12210669,0.5325458,0.19395563,0.11452342,0.07995076,0.4064868,0.2967217,0.58462125,0.29740348,0.35646614,0.6397232,0.28683293,0.17358729,0.2140187,0.11168602,0.21337226,0.13136683,0.12518537,0.04846446,0.3666054,0.18966739,0.08993223,0.28143007,0.3315829,0.1775881,0.3285311,0.45259067,0.091782406,0.19064236,0.24574031,0.24677253,0.18018347,0.17990458,0.14941758,0.1812212,0.24303511,0.14979562,0.2090829,0.18017323,0.17571634,0.22334266,0.1575391,0.21031226,0.09947291,0.13429174,0.17453012,0.15262899,0.12174119,0.13670157,0.21186566,0.18644957,0.17486167,0.22254227,0.22001666,0.2523686,0.39078987,0.43192962,0.17671514,0.22510834,0.4136123,0.09881294,0.16521183,0.09330858,0.560271,0.13780048,0.097142994,0.2771951,0.20384833,0.43110126,0.3658184,0.87049377,0.6286251,0.1865508,0.43501896,0.5313357,0.14231238,0.44128552,0.23469359,0.21690421,0.31449252,0.55914783,0.33688372,0.88339686,0.360828,0.42245287,0.29365873,0.89763075,0.603691,0.118826956,0.6328043,0.64305717,0.8070961,0.65604997,0.36479282,0.68202806,0.7999151,0.39180213,0.81796455,0.3940968,0.57376766,0.095983446,0.54493594,0.11715915,0.19095635,0.41967207,0.5548963,0.18877116,0.3326679,0.7235782,0.34136927,0.3665486,0.3839215,0.2572801,0.04881169,0.23890448,0.2360931,0.2919613,0.64648116,0.24752975,0.1320188,0.40642524,0.17845836,0.42981187,0.43329993,0.5251685,0.89182764,0.26323327,0.6503289,0.58202404,0.49082467,0.600487,0.22782303,0.5124133,0.16921693,0.19508496,0.29082996,0.53298265,0.13246253,0.14145863,0.95469105,0.4901293,0.5599369,0.3491742,0.1957825,0.45466736,0.34653175,0.35787028,0.95960414,0.886242,0.204002,0.8449723,0.37825572,0.2979669,0.432966,0.55701643,0.526458,0.08866596,0.6309202,0.07612663,0.9749611,0.5125359,0.28262007,0.3360002,0.14783433,0.7496753,0.51416576,0.5525307,0.4310034,0.8240485,0.21504095,0.6213547,0.2513153,0.65715575,0.8670628,0.11512321,0.48565727,0.47101873,0.54410833,0.13089283,0.49740845,0.24751586,0.534433,0.6801169,0.5426773,0.68043566,0.3396333,0.6158037,0.7153884,0.34741783,0.28390643,0.13937172,0.48001873,0.20417494,0.29083875,0.7056689,0.35384226,0.6989573,0.96451926,0.3357941,0.5698519,0.17561722,0.3285685,0.71608615,0.95912313,0.12648392,0.7031245,0.24786466,0.78821445,0.5709591,0.48595977,0.22076964,0.3750005,0.30410573,0.26876372,0.325998,0.38861477,0.08396004,0.9413558,0.56699365,0.7636188,0.12310526,0.36853266,0.18209918,0.83020055,0.23745358,0.15284403,0.65355337,0.45641178,0.49689013,0.43577778,0.6442386,0.5410998,0.4765595
BC2026_Train_0009_S09_20250828_000000_55,0.22518927,0.3832825,0.31817335,0.38042027,0.1737315,0.24881086,0.45446396,0.16202971,0.14521992,0.64598167,0.54276735,0.6141499,0.22821105,0.20133677,0.34104866,0.2745667,0.16760147,0.50407374,0.18342876,0.1464131,0.18280292,0.1352202,0.18239504,0.3901638,0.30878145,0.41352183,0.80703497,0.565946,0.34083533,0.27621683,0.4616893,0.5847619,0.39656782,0.47614855,0.306978,0.5149847,0.5108855,0.40612906,0.5432365,0.40209788,0.42711645,0.39479733,0.4118045,0.51700187,0.28886557,0.24752803,0.36470333,0.3184492,0.2703107,0.26632234,0.38041323,0.4539492,0.5194051,0.49077755,0.36961538,0.44531983,0.46544537,0.16465758,0.58972293,0.10196529,0.32677722,0.2724557,0.18015397,0.14532757,0.39990014,0.69512784,0.1825676,0.35916352,0.44331414,0.2561664,0.631374,0.90630877,0.6853769,0.2357921,0.769125,0.47759646,0.5190413,0.43972045,0.7047137,0.47729114,0.49041197,0.58690333,0.46604264,0.6099178,0.34053433,0.39700168,0.80773354,0.65156806,0.8353963,0.16021281,0.49788398,0.6163024,0.6375451,0.5136169,0.2844008,0.53994286,0.59776574,0.46743906,0.57878405,0.2455607,0.68006194,0.19186702,0.73754525,0.34863853,0.51588047,0.5265652,0.6392875,0.3860656,0.48177886,0.7350129,0.45549476,0.88415414,0.64335155,0.5240088,0.103368014,0.24345525,0.61215353,0.32047594,0.8750024,0.39212114,0.5231413,0.3246826,0.42770612,0.32678512,0.61319685,0.17865169,0.267383,0.5886122,0.93094635,0.9059723,0.5213454,0.8534697,0.47720855,0.46625414,0.5593375,0.28379357,0.28623542,0.8789784,0.43160248,0.32771522,0.7848196,0.52490294,0.6538707,0.5873269,0.14470309,0.20305553,0.31130087,0.68366575,0.65390694,0.39701414,0.22628178,0.41353983,0.53732646,0.5813901,0.62136394,0.7306864,0.5345096,0.2866038,0.43722832,0.16356236,0.6476843,0.25619978,0.5093659,0.38620067,0.37599134,0.8350692,0.7476152,0.41237408,0.86920655,0.5806018,0.40014648,0.32639825,0.524009,0.7993121,0.49771944,0.3193971,0.383709,0.38423127,0.65359527,0.264348,0.4710467,0.64149606,0.33099657,0.77380323,0.44501823,0.52508706,0.3015765,0.54652137,0.7191254,0.76493347,0.64303035,0.6557118,0.19417539,0.49973553,0.5159228,0.70197636,0.3958497,0.87707657,0.65726495,0.69155264,0.6391946,0.3178382,0.21129161,0.799575,0.64101315,0.3338709,0.8023654,0.386249,0.941373,0.60495627,0.33965015,0.3117708,0.69231665,0.5719192,0.60875785,0.9007098,0.5833599,0.08191754,0.68217075,0.5425681,0.72682846,0.46372342,0.3354298,0.4232196,0.47059953,0.61736536,0.3363164,0.61935365,0.38783532,0.32019383,0.36270195,0.5693848,0.4494416,0.7720802
BC2026_Train_0009_S09_20250828_000000_60,0.069775835,0.32825077,0.4961123,0.5272367,0.21304974,0.3594892,0.8979832,0.47017702,0.77991295,0.970557,0.9689717,0.61762786,0.6227089,0.31767344,0.48871815,0.11006929,0.28921393,0.74934375,0.30317208,0.4889604,0.27150354,0.2699006,0.6617042,0.5608511,0.46245944,0.16679102,0.7140876,0.22314653,0.6231642,0.2000114,0.4900297,0.6551008,0.47564316,0.65900517,0.43014878,0.6646886,0.7034485,0.4999783,0.6822301,0.574541,0.5616447,0.579898,0.60926616,0.65143424,0.49793094,0.40819728,0.5199781,0.4196295,0.40145564,0.33142674,0.5081198,0.5791184,0.56680393,0.61164844,0.55947053,0.84608436,0.27481914,0.3579846,0.6790073,0.020652167,0.56116474,0.63114583,0.28937474,0.33684188,0.58868164,0.92824703,0.4289223,0.08131291,0.4171002,0.2085421,0.4717794,0.81032753,0.76556313,0.26533708,0.9790007,0.6775663,0.4443289,0.61669374,0.31626102,0.7994621,0.18964675,0.13293168,0.76835823,0.7938907,0.5605192,0.6919272,0.9622115,0.8714974,0.77418053,0.3591868,0.24697703,0.39831114,0.84082294,0.79346275,0.5423368,0.8072665,0.8543354,0.7857759,0.5670533,0.44116974,0.4923551,0.7543677,0.85653174,0.3537882,0.461137,0.9040436,0.45673722,0.6867885,0.8473726,0.36537373,0.35588688,0.64618385,0.3857206,0.31870264,0.17703271,0.47441828,0.74254274,0.8424844,0.79309475,0.7849541,0.53642416,0.40658143,0.25236523,0.7447498,0.3475085,0.28278333,0.13370913,0.48654535,0.7131749,0.7014339,0.24653476,0.7276994,0.8575859,0.69174325,0.84535,0.07139083,0.62647295,0.902521,0.55071884,0.77299654,0.8704907,0.7580384,0.2025184,0.34302098,0.52501416,0.31282192,0.23643178,0.9323927,0.9583492,0.39556664,0.64503646,0.46220028,0.24161983,0.4669092,0.4113266,0.43844455,0.5166987,0.22816688,0.52512634,0.7180823,0.8427113,0.29373816,0.8759438,0.59312713,0.14540541,0.95850086,0.4982466,0.47842127,0.64079654,0.8043853,0.8980366,0.47759813,0.3377623,0.55528486,0.59446657,0.4848979,0.28924167,0.34253043,0.28344625,0.3706466,0.7381476,0.6070155,0.103786126,0.45113653,0.19854125,0.80549467,0.32117367,0.68112504,0.6160493,0.86159587,0.6657921,0.9464042,0.2973376,0.4806924,0.41224903,0.31061125,0.2569654,0.7136656,0.35930085,0.8695741,0.5569996,0.46616906,0.15451841,0.6084195,0.2868207,0.16571793,0.8853961,0.10035725,0.64304346,0.7563573,0.29642352,0.49761415,0.7224883,0.3457371,0.30227065,0.9701408,0.79970217,0.1812248,0.8389461,0.23807633,0.7475985,0.41134042,0.79439354,0.9157333,0.26336396,0.65755,0.5773717,0.88549256,0.5875384,0.36997133,0.76810527,0.90115,0.28297088,0.6683439
BC2026_Train_0010_S09_20250828_000000_5,0.13141128,0.17106426,0.31964386,0.21215877,0.30105174,0.648777,0.5606185,0.1153235,0.35586667,0.6245998,0.2682152,0.18373458,0.11104493,0.065422714,0.6146344,0.17111656,0.08869271,0.6727754,0.10789271,0.12174192,0.17383042,0.10287978,0.07616146,0.10998167,0.1007756,0.65489066,0.109124675,0.5167792,0.25471058,0.6934663,0.20024014,0.18268397,0.2437647,0.12087095,0.074557915,0.1727705,0.14385599,0.19923817,0.20136271,0.20747468,0.1383057,0.14070691,0.2750353,0.1402568,0.085217446,0.09399778,0.19835854,0.17420518,0.1016055,0.06559628,0.2385632,0.19725811,0.15930524,0.17967662,0.17431155,0.30146697,0.13874616,0.30156595,0.47043788,0.075569,0.15701905,0.123831466,0.06385783,0.053272545,0.21077965,0.07240123,0.27816564,0.38705346,0.90115523,0.82165825,0.09183642,0.07683071,0.25486767,0.11461812,0.13633876,0.7902452,0.49360192,0.7528198,0.3913803,0.5042723,0.12276538,0.030627001,0.066466086,0.4452924,0.05084492,0.2385877,0.75074685,0.7885983,0.19349915,0.07566583,0.50006306,0.44875884,0.13528566,0.8496108,0.52047324,0.8178895,0.1011347,0.5718069,0.89357173,0.048647918,0.040369403,0.23500025,0.6749761,0.116074204,0.1159668,0.22758561,0.17721248,0.02918542,0.088084,0.45848185,0.06257813,0.46811932,0.41415328,0.21727075,0.09418334,0.530561,0.11587292,0.63176477,0.2266354,0.087779164,0.35825413,0.5696939,0.12868124,0.101308584,0.05029825,0.24482483,0.6552938,0.46490937,0.11900312,0.8042283,0.3677885,0.067878336,0.2848023,0.11699375,0.075085,0.03285575,0.44969898,0.92720413,0.8054136,0.94057757,0.30542037,0.7155435,0.13489623,0.17377284,0.3540125,0.35555112,0.28097263,0.7252071,0.75096965,0.66827786,0.014417501,0.86550206,0.34465665,0.5572684,0.44032812,0.52483666,0.91252077,0.12243436,0.6754792,0.60272497,0.6893995,0.42950732,0.78391767,0.2790181,0.019650415,0.089885764,0.9842479,0.03368517,0.15164313,0.21128604,0.47976375,0.5141293,0.16378197,0.32956582,0.5173441,0.48974836,0.3969277,0.124176174,0.29139125,0.058750205,0.26256248,0.5478275,0.081039585,0.109035,0.48162377,0.28955892,0.079430744,0.31723332,0.09412366,0.58503294,0.17268437,0.19451109,0.6549436,0.43767828,0.20126003,0.32066166,0.20812154,0.042635083,0.8226689,0.97052073,0.66957295,0.06239125,0.15361916,0.5734552,0.6694732,0.25925234,0.56924534,0.06972391,0.39112955,0.8483404,0.59426343,0.4309975,0.27038896,0.35076582,0.87137985,0.8104292,0.7328036,0.57577085,0.5675706,0.16699168,0.6700103,0.2142784,0.07020417,0.51045436,0.29420456,0.052739732,0.081740245,0.096011,0.14752272,0.2405031,0.25425023,0.04188417,0.102820754,0.15078217
BC2026_Train_0010_S09_20250828_000000_10,0.07768578,0.22288236,0.5233993,0.24918622,0.14370097,0.42310745,0.20940018,0.13371792,0.26070976,0.6799395,0.09994504,0.23428965,0.0992548,0.076198205,0.4750041,0.101666465,0.20812482,0.4717633,0.1590139,0.42297292,0.09259167,0.26824614,0.056444272,0.1432205,0.642987,0.6723105,0.14576504,0.3278437,0.23089096,0.29431084,0.15770417,0.23353213,0.21290973,0.20125599,0.13262242,0.22277905,0.17208838,0.22092912,0.22567786,0.21878219,0.21068665,0.18593505,0.17200582,0.16307598,0.084869936,0.08804308,0.15502183,0.09442955,0.12575927,0.111178204,0.1414912,0.14622676,0.21912378,0.14384395,0.19060452,0.3504222,0.08181116,0.24147092,0.34232455,0.3928898,0.10457505,0.39704633,0.13813578,0.2477773,0.3157801,0.5640758,0.2017093,0.40530175,0.72678196,0.56254804,0.34294066,0.07079665,0.40993237,0.25153533,0.33828956,0.7874527,0.5337224,0.6433461,0.23646781,0.3383323,0.5087375,0.122424014,0.07832809,0.11780092,0.15968859,0.33449137,0.1857417,0.1858041,0.18705752,0.11750955,0.32958657,0.20614854,0.18988243,0.98036635,0.3162195,0.6194942,0.03117415,0.46419024,0.33981097,0.14481647,0.22866264,0.07007307,0.73227143,0.2862584,0.51630914,0.086784184,0.39481986,0.11884654,0.118130684,0.101131186,0.12415312,0.9063859,0.14598663,0.19827521,0.36023217,0.45558816,0.08374466,0.72129536,0.42997777,0.4023518,0.35690844,0.6356692,0.44763547,0.41160208,0.09367618,0.08568595,0.41865337,0.2535726,0.30697715,0.78661823,0.43279535,0.18449289,0.49891037,0.044982873,0.056527194,0.13604812,0.414424,0.7837265,0.7758095,0.52357686,0.43084764,0.43122494,0.567186,0.5652067,0.09248844,0.15722793,0.33849633,0.79956186,0.7630935,0.47327262,0.13454553,0.37925947,0.48451045,0.42601943,0.45164573,0.5917917,0.92031217,0.6710177,0.4492988,0.23399714,0.12493059,0.2674151,0.4539528,0.53082025,0.060067914,0.054358765,0.9719863,0.12696671,0.113239996,0.09249535,0.2837853,0.33066308,0.20228028,0.14421259,0.23747161,0.5277453,0.3904124,0.14565378,0.73866045,0.20805326,0.2512925,0.11581975,0.29160658,0.46723494,0.5029807,0.10741402,0.43167153,0.10216622,0.21907917,0.48723325,0.5070623,0.37281144,0.33521944,0.17941368,0.46664128,0.46426207,0.4421682,0.15318653,0.81825936,0.6834135,0.2384974,0.119589075,0.460194,0.4710784,0.1488893,0.36192966,0.23985651,0.33017057,0.24853608,0.32207942,0.17018667,0.26316112,0.10558622,0.56708854,0.6034469,0.56034267,0.9285104,0.3625574,0.2895539,0.48502475,0.7032677,0.2579018,0.050477915,0.3700953,0.4968884,0.09880912,0.33658934,0.17409682,0.4056629,0.09334195,0.18540376,0.28077632,0.35240448,0.4529807
BC2026_Train_0010_S09_20250828_000000_15,0.19017988,0.32849503,0.6165292,0.18455453,0.36738998,0.35342154,0.2801831,0.17748964,0.27167875,0.9851613,0.20636052,0.17179602,0.14911634,0.19573426,0.5122231,0.104152024,0.45035315,0.59255564,0.1324487,0.26676333,0.09393044,0.47607496,0.16862953,0.1434395,0.6577984,0.5166651,0.47195885,0.21802251,0.060317934,0.21688592,0.13976306,0.15480569,0.16230372,0.31212246,0.13898349,0.20621021,0.19427279,0.15164828,0.2313613,0.23010777,0.21912377,0.22916472,0.1851772,0.15195104,0.12741737,0.101037696,0.2217049,0.053558417,0.105382755,0.08372061,0.17744228,0.23131377,0.21012688,0.17000102,0.19373673,0.47126484,0.08682001,0.26451805,0.59409845,0.29095194,0.3762688,0.42027968,0.38238692,0.4597124,0.1597369,0.7254994,0.13505295,0.47616124,0.46390498,0.5030178,0.19046885,0.27979976,0.19116473,0.18538222,0.17737743,0.39183336,0.14614773,0.35364088,0.08490461,0.15302016,0.5247631,0.53805274,0.3075526,0.056541257,0.2843154,0.120465346,0.14061168,0.112735875,0.08577935,0.23346958,0.60474426,0.26005992,0.1026274,0.31489062,0.12526241,0.70952165,0.05765152,0.3203426,0.31105447,0.23076928,0.36938053,0.07198533,0.8612487,0.5930379,0.6750114,0.050181165,0.261908,0.2671571,0.26454842,0.041685276,0.093448654,0.6539098,0.05624163,0.16323069,0.5671667,0.38209027,0.026136085,0.39771205,0.3122534,0.39871782,0.34120607,0.23057115,0.29063565,0.22624515,0.32797343,0.20224357,0.673539,0.10263184,0.0922263,0.40003794,0.3520566,0.39375627,0.2819243,0.06690673,0.14083746,0.3574401,0.35676026,0.23653659,0.49272102,0.29033837,0.25557983,0.47614077,0.44033894,0.42883354,0.6303408,0.11282692,0.121875376,0.7702137,0.35609698,0.42920718,0.39892292,0.4578797,0.20124319,0.6054332,0.35528386,0.21638858,0.5000851,0.30417484,0.16733128,0.08802763,0.11983211,0.24502268,0.09153192,0.27593523,0.10345,0.3809647,0.8142239,0.08181842,0.074715674,0.06266044,0.3109771,0.20318767,0.060603507,0.058923643,0.4287879,0.34885013,0.23210767,0.093394086,0.26017034,0.3009656,0.2748856,0.09088223,0.14064957,0.3225847,0.18663971,0.032118145,0.28047842,0.05975896,0.128063,0.9061241,0.58924997,0.319933,0.17552924,0.42782825,0.24226943,0.15606384,0.30720454,0.1518729,0.5526223,0.5663019,0.10543991,0.44813055,0.24736232,0.093670905,0.1343385,0.39563176,0.19345313,0.21694028,0.10628776,0.3390649,0.08138723,0.1614415,0.046728916,0.32996684,0.746289,0.99726164,0.683287,0.16934803,0.50580424,0.2986589,0.605542,0.18328735,0.029623251,0.52580094,0.632607,0.23041937,0.19903135,0.3696618,0.29943305,0.043698646,0.085862994,0.46413282,0.17335567,0.2525133
BC2026_Train_0010_S09_20250828_000000_20,0.24606273,0.23654874,0.47741354,0.10460481,0.3772176,0.15274148,0.3725626,0.29432195,0.0858476,0.7654754,0.39581567,0.45836657,0.08854711,0.13756293,0.47097355,0.15025578,0.466569,0.45733035,0.08292189,0.121848,0.17636326,0.838933,0.20442143,0.12956518,0.22465318,0.3885337,0.12734503,0.17916188,0.10119709,0.49042267,0.13505946,0.11486392,0.11198367,0.1506491,0.20142114,0.11888194,0.12936783,0.13887942,0.12037379,0.14193925,0.1108522,0.113250226,0.13145897,0.11150892,0.17825662,0.16668588,0.12036462,0.14114214,0.14506269,0.13418338,0.13050339,0.12951146,0.16105118,0.14617683,0.09194733,0.61753786,0.2008115,0.5804056,0.59958446,0.25998783,0.52492315,0.31629336,0.609411,0.45395964,0.16604313,0.24944988,0.09658332,0.35121715,0.37941647,0.1275747,0.13704658,0.40231314,0.3233174,0.36401308,0.104984894,0.2556312,0.18944484,0.34402782,0.15803485,0.09009115,0.2501495,0.57647425,0.24370632,0.22796369,0.30777258,0.07091058,0.47344932,0.50252795,0.24143851,0.23153958,0.6506574,0.32838947,0.15515698,0.1657769,0.14602983,0.66447544,0.22992024,0.18683958,0.7775929,0.11531393,0.26719487,0.1000801,0.8416518,0.54782647,0.54041314,0.22209395,0.24862565,0.33284065,0.32014972,0.2510007,0.16458204,0.4780556,0.20569023,0.53279215,0.5807631,0.76152074,0.076291405,0.3419935,0.338411,0.3563074,0.24137875,0.08277339,0.1818595,0.18711819,0.32748696,0.49815327,0.7149571,0.06689666,0.18934396,0.4439342,0.2080827,0.509247,0.21048747,0.32029754,0.21815531,0.21595201,0.29458323,0.07029902,0.22407225,0.33823472,0.42882276,0.55125844,0.34333384,0.19537708,0.141125,0.4483185,0.09607381,0.7306559,0.28618705,0.6969466,0.48436862,0.8450385,0.22651233,0.49384364,0.26915208,0.19597492,0.4390077,0.2672088,0.34630793,0.20862058,0.97456646,0.2752996,0.076627836,0.17243761,0.20483541,0.58455616,0.5106665,0.1892952,0.13694052,0.10782972,0.36337638,0.52765024,0.06332335,0.27592105,0.49909502,0.13183358,0.24847147,0.3161199,0.21418592,0.13372268,0.0786898,0.45734578,0.24659997,0.3146553,0.1938239,0.15501007,0.15889716,0.22826236,0.13831678,0.8512299,0.4335178,0.16299276,0.38300958,0.76348436,0.24897432,0.22811499,0.2140328,0.2703409,0.4828825,0.4972492,0.36994666,0.50174046,0.102495685,0.0863062,0.46307635,0.18303332,0.4834197,0.17220306,0.19258186,0.47595918,0.27115315,0.09540506,0.039467957,0.41325194,0.49610275,0.8062943,0.4629974,0.25817794,0.79816425,0.1975291,0.3898821,0.5541781,0.16939798,0.48052126,0.5228281,0.11533223,0.3433429,0.28957134,0.2238276,0.09138428,0.18216762,0.5388155,0.2950289,0.1867199
BC2026_Train_0010_S09_20250828_000000_25,0.43602294,0.45636755,0.6051953,0.7304126,0.5535875,0.3339951,0.38890606,0.28361642,0.57016325,0.9760866,0.4864934,0.52743816,0.26347265,0.40235233,0.4635349,0.34216952,0.7219089,0.6185244,0.23182145,0.26923805,0.5198729,0.8459403,0.19129303,0.71593213,0.69825566,0.55771637,0.55681574,0.2944367,0.4207983,0.47623062,0.63669026,0.762635,0.6735016,0.6926383,0.4736771,0.7119951,0.70708156,0.6842729,0.716762,0.68549186,0.6301273,0.6697655,0.6998447,0.75341296,0.46655083,0.43784636,0.67382324,0.429513,0.4178663,0.43921238,0.69810545,0.66699904,0.7676115,0.7686747,0.6738099,0.5838691,0.4597687,0.87621224,0.7428423,0.44193816,0.54012203,0.56591046,0.52897245,0.58711404,0.44226685,0.5854775,0.10552584,0.662858,0.48184648,0.07426627,0.44551265,0.69893026,0.52854997,0.448085,0.20003474,0.43878198,0.47606128,0.5532816,0.39754313,0.22410285,0.4096142,0.69319844,0.367033,0.48295835,0.41975266,0.25229853,0.5102315,0.63720334,0.63913286,0.53113955,0.82448256,0.760151,0.47384167,0.31956327,0.35044527,0.90649086,0.54930747,0.2929243,0.4947229,0.20260257,0.5145656,0.36714858,0.91630054,0.6093385,0.7067983,0.5102543,0.58026654,0.5223063,0.3710958,0.6395633,0.41173303,0.49024084,0.5416633,0.62381506,0.7463485,0.78197455,0.33632135,0.6794741,0.695915,0.35860622,0.43310383,0.12071213,0.47900438,0.45263213,0.54707247,0.599337,0.30407137,0.24176395,0.50591666,0.7752042,0.34677243,0.8689896,0.31440687,0.48785132,0.4118932,0.31734657,0.45455343,0.26439884,0.38412714,0.2822628,0.8837172,0.6070192,0.40282124,0.3841896,0.5723331,0.6527302,0.2131544,0.7096652,0.32307255,0.7783617,0.56163275,0.7522607,0.42570627,0.4137918,0.51733077,0.3998996,0.5787223,0.47754425,0.47513068,0.087181136,0.6181183,0.53503317,0.23684666,0.3555761,0.49899113,0.83174324,0.6437812,0.1517942,0.3790968,0.16332099,0.5625753,0.72089326,0.27683547,0.69879687,0.69585884,0.2946728,0.44079947,0.6361871,0.68925095,0.32332224,0.15619689,0.6072823,0.5771146,0.5779479,0.4032938,0.5235198,0.5123799,0.21654494,0.27145052,0.9551716,0.3925066,0.3176244,0.4410922,0.56578994,0.54858124,0.56070834,0.45270675,0.60388696,0.6482115,0.8486064,0.45596683,0.8078073,0.17676425,0.413459,0.3911466,0.34206238,0.7860837,0.5457945,0.2784179,0.25998846,0.15947416,0.26460493,0.16890211,0.545026,0.82333255,0.8674793,0.6198933,0.39832973,0.6680728,0.4099757,0.4908008,0.76353014,0.45306513,0.63149977,0.8095857,0.30023122,0.29053685,0.42821044,0.40050542,0.2887941,0.32539898,0.6700078,0.4668656,0.61901355
BC2026_Train_0010_S09_20250828_000000_30,0.24523574,0.17573228,0.37363875,0.3724607,0.4307871,0.33335102,0.28705266,0.2329119,0.31605998,0.6587342,0.6631594,0.37699425,0.360528,0.3688336,0.19969204,0.25137484,0.36707562,0.7495794,0.36012995,0.26153815,0.3765586,0.25689554,0.3744532,0.42688793,0.6071332,0.3663626,0.41745195,0.42842358,0.4381051,0.31181562,0.32970202,0.46719876,0.29407927,0.45398945,0.31018025,0.4551053,0.4357357,0.33547992,0.47614667,0.37146875,0.45084396,0.4183048,0.42280728,0.44447908,0.32261825,0.2673195,0.3286528,0.24913393,0.24472561,0.2939242,0.45158195,0.42564517,0.4291491,0.42436767,0.3611251,0.45722076,0.28480774,0.6387977,0.73234177,0.57066023,0.34583455,0.47627664,0.33683968,0.294339,0.29142058,0.6918307,0.18645166,0.7439021,0.23786166,0.12046362,0.53563964,0.5801126,0.32971317,0.51894665,0.5018118,0.56054664,0.34541237,0.34194285,0.5604764,0.17149249,0.31818163,0.5272248,0.22059378,0.38630688,0.20483512,0.5169302,0.75366807,0.6995834,0.53440446,0.42413095,0.7269686,0.808138,0.3460505,0.40736812,0.28854534,0.7986978,0.52256227,0.5633844,0.36203665,0.06039287,0.43560758,0.47649688,0.91543853,0.45591468,0.6935729,0.4040761,0.581723,0.2621206,0.24112187,0.57287854,0.2246623,0.8054378,0.38970482,0.58963436,0.30992746,0.4858511,0.22388332,0.59954244,0.66070104,0.11674017,0.32055366,0.23146048,0.3393715,0.26831043,0.56788146,0.39644033,0.3484767,0.3735554,0.29731712,0.7154707,0.10378714,0.7360319,0.596288,0.21452613,0.24055904,0.21599701,0.34060532,0.7951076,0.2866456,0.21142358,0.7129421,0.71538055,0.21101002,0.24537975,0.5029776,0.42324805,0.18863031,0.7713177,0.3224215,0.61829424,0.42566663,0.66694605,0.22777212,0.6097899,0.3604151,0.22225174,0.5867828,0.20781648,0.4597835,0.09307088,0.3851443,0.40263784,0.15646218,0.543789,0.3483163,0.4569077,0.8177949,0.1383344,0.5181692,0.31870842,0.3475116,0.56086934,0.3388406,0.57469165,0.4818089,0.22603846,0.26950046,0.75384015,0.6650021,0.2973069,0.3043121,0.21668029,0.39939982,0.3430063,0.23061556,0.428888,0.5617505,0.23028612,0.20679528,0.93293405,0.27496862,0.11822465,0.41688064,0.32567227,0.4073226,0.4077186,0.2765698,0.5343913,0.48418522,0.6676226,0.58752227,0.38686928,0.12979785,0.5551224,0.46812603,0.28678027,0.82499266,0.5599272,0.12910758,0.41254812,0.20343396,0.37915516,0.29890454,0.19922024,0.7016543,0.9805958,0.6503445,0.13549644,0.8539404,0.24044283,0.6944643,0.60437286,0.31534487,0.5894297,0.8344611,0.5408667,0.3476038,0.50984573,0.21229033,0.11773677,0.083997235,0.62207127,0.18978375,0.66244876
BC2026_Train_0010_S09_20250828_000000_35,0.072771296,0.10416103,0.23235267,0.24192035,0.19217974,0.21948417,0.60287154,0.57465315,0.32689822,0.6890093,0.5254083,0.12822974,0.5504532,0.40252006,0.19397408,0.12781043,0.31326383,0.56141794,0.46645808,0.46362484,0.1958572,0.76051855,0.54118377,0.29502296,0.40500683,0.21847844,0.5004542,0.29684064,0.31260598,0.23238096,0.24589644,0.57830846,0.23868698,0.34116077,0.16246149,0.34080783,0.35834652,0.28563806,0.3154894,0.45681596,0.2942227,0.23376307,0.34578228,0.24889162,0.1556803,0.1506593,0.3214864,0.21280795,0.16961399,0.18353748,0.44088113,0.38345128,0.3188814,0.3367797,0.48533225,0.40199983,0.08623259,0.43857175,0.65292406,0.52776456,0.5902349,0.30552578,0.14373295,0.18379894,0.40955782,0.5782875,0.48383906,0.60848844,0.089778736,0.22182149,0.1514495,0.44904628,0.06833367,0.49307728,0.50058734,0.53200805,0.1596187,0.08669339,0.7146547,0.3638335,0.08913946,0.15222941,0.11197013,0.38832557,0.279692,0.4066099,0.55498075,0.90432155,0.16170081,0.0922575,0.8441719,0.6571939,0.098018825,0.2117095,0.48164648,0.59422904,0.631626,0.53070486,0.69668067,0.0438188,0.15137362,0.13786286,0.6656877,0.32513505,0.73108256,0.5634003,0.15889832,0.2318236,0.10674763,0.38003546,0.19606659,0.7235564,0.09646088,0.30997914,0.047860518,0.57837474,0.108796194,0.48774028,0.38633662,0.059421666,0.5353456,0.3172428,0.0965444,0.10184876,0.51567185,0.461927,0.88756114,0.21890303,0.071185246,0.797848,0.09182028,0.21646869,0.46344775,0.0578734,0.29340088,0.09072822,0.44400477,0.64456964,0.16247296,0.2018982,0.6649505,0.63719594,0.040176667,0.060428433,0.47865826,0.51166755,0.06513144,0.60147,0.309831,0.8245976,0.28485158,0.9375668,0.11593383,0.6082077,0.2105273,0.28156143,0.46402597,0.12631579,0.45827228,0.2608115,0.97255385,0.1487289,0.20556891,0.2577908,0.08790769,0.40289113,0.8872334,0.045906924,0.28950563,0.3065346,0.43653512,0.6085181,0.12353841,0.25951242,0.3952511,0.27351415,0.07590675,0.47897023,0.18318361,0.15687364,0.084309325,0.093258604,0.07433778,0.09197078,0.26075113,0.20884842,0.20832461,0.1430627,0.08786896,0.8076836,0.120136924,0.10943931,0.73985153,0.3335237,0.10672982,0.07999568,0.09231858,0.18145585,0.6338967,0.38150674,0.44200975,0.24017072,0.15453953,0.20692745,0.72824895,0.17029774,0.48608232,0.41996711,0.08594526,0.4817316,0.3342771,0.28497875,0.22693625,0.024580583,0.72611463,0.96920776,0.35846484,0.029879585,0.94067776,0.13172044,0.48584622,0.23741491,0.21558565,0.436574,0.7459208,0.36090654,0.3262359,0.50699556,0.08369923,0.1074429,0.11489998,0.24073802,0.07960252,0.22214022
BC2026_Train_0010_S09_20250828_000000_40,0.14233065,0.44896847,0.27742285,0.3373076,0.33576375,0.16599011,0.6373917,0.55079156,0.12557162,0.729982,0.27554595,0.15034056,0.51731753,0.13928199,0.27727208,0.3431552,0.23909381,0.48449588,0.15905464,0.24768129,0.23375085,0.71955097,0.4455861,0.2125665,0.22043529,0.28989226,0.45247287,0.33823258,0.5751593,0.61879474,0.23738588,0.3442246,0.27597523,0.23263548,0.16883525,0.28401762,0.27272677,0.289338,0.26539326,0.37759727,0.27040815,0.20304477,0.2696467,0.29566982,0.10576798,0.10656577,0.32103276,0.18914142,0.13970342,0.13003595,0.3428465,0.33296207,0.2921041,0.29129153,0.33049226,0.44087127,0.13541782,0.15670961,0.77068436,0.44144064,0.60845304,0.22296187,0.16260007,0.12603441,0.53691137,0.1857048,0.508847,0.390036,0.25477704,0.31696284,0.10660276,0.21707886,0.054055437,0.35874462,0.66024697,0.89273703,0.27133822,0.057951085,0.6777878,0.30238777,0.032977585,0.09163098,0.08985731,0.58451873,0.11050326,0.36869806,0.1994386,0.5306591,0.05359633,0.018767897,0.77615225,0.4734645,0.10258508,0.32137835,0.6506469,0.792892,0.3840977,0.40250957,0.62912905,0.17389601,0.25931892,0.105895564,0.42662257,0.46867713,0.67449176,0.65082455,0.12990776,0.25446594,0.2004725,0.4323612,0.3545571,0.53056735,0.11817992,0.3814788,0.062223792,0.42534864,0.05562286,0.35419226,0.30346376,0.0638185,0.7456411,0.6697797,0.075161695,0.11923917,0.45578688,0.30849525,0.6645366,0.32601523,0.062098205,0.77565885,0.33121383,0.15462513,0.33031112,0.123244025,0.40319008,0.06570548,0.90813434,0.6974263,0.32596225,0.35771412,0.29149187,0.4815262,0.05980917,0.09431622,0.9134493,0.56537426,0.083288595,0.6833854,0.5356603,0.64136255,0.23220405,0.8171053,0.3128401,0.7374557,0.3068433,0.35594112,0.40263885,0.18910816,0.86828744,0.16378456,0.9071213,0.27867654,0.17473656,0.20513743,0.08113459,0.62364346,0.87144315,0.09931211,0.07106977,0.10923158,0.54366404,0.42353877,0.07757127,0.35197854,0.56393456,0.48908192,0.15151936,0.27632174,0.12373865,0.28674468,0.07945202,0.15121216,0.05907075,0.0937684,0.56684583,0.13551836,0.244515,0.2517063,0.17488582,0.85541296,0.22375086,0.19436458,0.7258613,0.460758,0.05248183,0.046019748,0.07668786,0.21907976,0.507005,0.5355137,0.2650972,0.12064771,0.2833157,0.048851416,0.51085335,0.11434685,0.33969265,0.513904,0.27705705,0.2523902,0.42479235,0.39811718,0.10866104,0.031002002,0.8226658,0.84110534,0.3608752,0.07493842,0.8232057,0.042966172,0.4508146,0.21624097,0.3382674,0.5234709,0.8503552,0.23795837,0.1379298,0.3091178,0.17695668,0.1788631,0.33739632,0.16524056,0.09606537,0.15319514
BC2026_Train_0010_S09_20250828_000000_45,0.10313533,0.33190227,0.2771169,0.1728015,0.43836367,0.2108469,0.17800057,0.2988122,0.16582538,0.71964955,0.38425183,0.21953782,0.11098574,0.21593088,0.23513368,0.18041235,0.3577149,0.72685325,0.1486235,0.22585115,0.2372331,0.16848865,0.64010096,0.20493941,0.50830317,0.43108433,0.5884558,0.50664973,0.58744144,0.6534728,0.16692218,0.2737318,0.1952984,0.27188948,0.09162825,0.28095287,0.2567262,0.2086226,0.20522302,0.24125245,0.215459,0.24343535,0.25038627,0.27487817,0.11646943,0.086488605,0.228471,0.10649137,0.071696445,0.06313135,0.19047077,0.23492903,0.24038115,0.18704046,0.21433061,0.43747365,0.20174956,0.3203796,0.5875168,0.53737926,0.2182632,0.19216979,0.3900158,0.21571398,0.444524,0.46327364,0.26755536,0.5060856,0.22200894,0.26751286,0.21580076,0.37130076,0.17239693,0.19810739,0.40124035,0.6340664,0.2558245,0.050168894,0.34952176,0.4376576,0.0987695,0.06315771,0.12411906,0.55890054,0.0339156,0.1713998,0.07827512,0.12788594,0.067499414,0.026048105,0.69918966,0.44347012,0.103969574,0.5509318,0.5136731,0.4082883,0.22655153,0.46238565,0.22708225,0.13497901,0.30788928,0.11506981,0.374802,0.30366606,0.6114768,0.2269761,0.21941975,0.28017607,0.17385754,0.15960395,0.1680367,0.68802166,0.06729746,0.15925357,0.19973123,0.115793645,0.05673542,0.2141731,0.113326326,0.023986336,0.45667332,0.2768737,0.07879233,0.057380147,0.48710477,0.06314715,0.28854573,0.5005323,0.10184511,0.5294554,0.13545512,0.14205287,0.5650768,0.0697442,0.1328298,0.0843858,0.57405263,0.59062016,0.12681586,0.13466997,0.29266185,0.3757528,0.03795208,0.42364597,0.8827208,0.41863465,0.08094318,0.50061953,0.46449497,0.33788708,0.34171587,0.34661886,0.08653699,0.6036603,0.4942211,0.16497287,0.3481645,0.32576972,0.5700178,0.09391442,0.16366976,0.2539201,0.3584146,0.15934327,0.066014394,0.41595575,0.78896904,0.16685414,0.046015628,0.16630694,0.19862814,0.14718908,0.13430718,0.15599394,0.34077972,0.21860126,0.08505669,0.23550396,0.22138466,0.15778476,0.36804676,0.29528812,0.041702442,0.06545769,0.38291603,0.05506141,0.120834425,0.15914437,0.1524427,0.59082735,0.11475476,0.2313304,0.28343862,0.27875477,0.097477496,0.029347751,0.08298011,0.15643968,0.3710761,0.4375996,0.12306142,0.081435755,0.09799904,0.08973752,0.19315362,0.0988588,0.24558729,0.5736526,0.24872203,0.101187706,0.13045977,0.25771567,0.08536975,0.057987086,0.7992,0.98570895,0.24262884,0.13108614,0.47728822,0.051652893,0.28487915,0.06831677,0.24434897,0.2446821,0.6302562,0.42769834,0.18318078,0.4623803,0.12869398,0.066465385,0.10002372,0.5970943,0.13614942,0.15410092
BC2026_Train_0010_S09_20250828_000000_50,0.07825512,0.09422624,0.49925828,0.10999353,0.29882598,0.08407085,0.116796665,0.18872449,0.21288468,0.7496098,0.36491084,0.39544803,0.019407835,0.10840188,0.2278689,0.04293496,0.21643907,0.6135434,0.19037274,0.14013062,0.36458468,0.0723516,0.45526668,0.14726432,0.2893322,0.14701451,0.22698385,0.4301334,0.15928522,0.2992865,0.05431585,0.15928496,0.07471725,0.21083723,0.051573835,0.20198417,0.1409058,0.09487043,0.11623373,0.12575449,0.12512682,0.14623037,0.14139897,0.12954286,0.08605698,0.061496258,0.1277076,0.050426967,0.052983157,0.0488159,0.11787251,0.12320869,0.12272298,0.11020348,0.1413057,0.38428777,0.12526482,0.40416414,0.69881725,0.5055924,0.15317598,0.2320062,0.24950661,0.12184568,0.44188783,0.61563593,0.13483939,0.31106287,0.24199179,0.08220425,0.3120117,0.28298414,0.20583937,0.03946258,0.17781806,0.47139162,0.19418725,0.16052458,0.18389425,0.17214039,0.10745475,0.19477046,0.1562652,0.15750685,0.10061748,0.15405965,0.23497556,0.1346438,0.043557916,0.043414682,0.7507665,0.6787218,0.10148044,0.36877942,0.3668549,0.32703525,0.1717478,0.5266477,0.27783942,0.14497961,0.25132543,0.2119472,0.7819356,0.20866632,0.5314479,0.06299631,0.22056499,0.13860616,0.065490894,0.27980283,0.06010467,0.5376489,0.17750618,0.1471858,0.107229695,0.19651875,0.04230594,0.16407084,0.043898962,0.063230395,0.13856182,0.15181288,0.07841061,0.14503442,0.35286862,0.10880159,0.31344944,0.22505698,0.17568791,0.37227035,0.075687215,0.13288045,0.36882287,0.101690456,0.046415836,0.05445012,0.26707643,0.5307706,0.17157775,0.093412384,0.37604773,0.6076709,0.018577084,0.37245777,0.5777091,0.25002968,0.21478683,0.5514573,0.4356742,0.36520687,0.12193318,0.42899236,0.03616875,0.51537895,0.3362083,0.07737176,0.37183863,0.12319857,0.3338151,0.12024926,0.12377845,0.24284273,0.15926844,0.3893224,0.13031584,0.44098365,0.76568294,0.0686822,0.14426315,0.22320604,0.16139928,0.30218267,0.08976959,0.10369164,0.2199117,0.09448779,0.042511024,0.24969056,0.28530246,0.16615096,0.5049922,0.12577309,0.025077917,0.05540464,0.08103317,0.05949204,0.09982142,0.046089225,0.15859142,0.64119935,0.21034275,0.07127493,0.28341168,0.16512173,0.112151906,0.018256083,0.048231855,0.32411134,0.48582554,0.30790222,0.16770628,0.12152331,0.06879808,0.15314709,0.23225564,0.13550285,0.15794872,0.4585092,0.11210404,0.26808822,0.18745714,0.3050555,0.11944291,0.056935914,0.5839139,0.99098647,0.51281273,0.099592835,0.5975928,0.052515708,0.47995204,0.02865877,0.07118066,0.22396192,0.7383348,0.3309142,0.2930768,0.334836,0.16892596,0.030249145,0.017257396,0.6444335,0.070135854,0.334641
BC2026_Train_0010_S09_20250828_000000_55,0.20300198,0.35324204,0.3751821,0.13362414,0.3435695,0.13411978,0.455859,0.38780397,0.22775027,0.64070404,0.38277638,0.52378404,0.06073679,0.19831866,0.5972674,0.077182114,0.31086195,0.500345,0.3379779,0.13861105,0.3284999,0.581221,0.30439067,0.19335367,0.5492153,0.182751,0.24463186,0.43999264,0.1356481,0.29329357,0.2184065,0.19549483,0.13995059,0.17065024,0.099006586,0.14057039,0.198558,0.16606823,0.15272614,0.16206206,0.16232449,0.18498416,0.20170796,0.17351396,0.08950283,0.0877084,0.16062336,0.102144554,0.09221299,0.08941838,0.22554493,0.15938106,0.15443365,0.22112307,0.124194905,0.6751839,0.102052085,0.60771644,0.617702,0.21746752,0.45148176,0.369093,0.16401258,0.31803167,0.29077893,0.41468245,0.25423872,0.29993182,0.49519747,0.12781844,0.13464183,0.51094484,0.05665321,0.12652788,0.08035365,0.35489106,0.10164915,0.15001047,0.4380142,0.15486729,0.057206288,0.1780034,0.095412314,0.1583673,0.3199545,0.3121474,0.73422307,0.65434587,0.040397957,0.061562985,0.8349644,0.70395017,0.20827724,0.26168653,0.2767469,0.71687245,0.36448616,0.48512706,0.81219685,0.050659977,0.120021954,0.09416959,0.9218514,0.35619196,0.5272664,0.21109894,0.14097583,0.1766383,0.19613367,0.46896726,0.10626251,0.48815137,0.094264254,0.1147165,0.043093666,0.7181225,0.07502405,0.40710267,0.159116,0.29319835,0.26272953,0.20912465,0.038252085,0.11975327,0.49499267,0.5451115,0.65929604,0.09907563,0.053531773,0.6481444,0.33529925,0.10729486,0.12454072,0.36973584,0.07286846,0.16498542,0.53155684,0.23930311,0.08782825,0.2870736,0.34325063,0.74325454,0.0323575,0.10978727,0.2597287,0.5461862,0.34925836,0.5458239,0.48220462,0.6120829,0.06753779,0.920254,0.0893482,0.31663734,0.17650387,0.22141331,0.20260452,0.05402703,0.46126202,0.071490586,0.9957632,0.198846,0.03168308,0.31826752,0.062449105,0.52602756,0.7882494,0.060119685,0.23008361,0.46494013,0.32955837,0.51606596,0.07018072,0.18249863,0.4918521,0.14618099,0.1254979,0.14386958,0.20823997,0.16189474,0.22847867,0.31601053,0.042579316,0.026393104,0.040992185,0.25063542,0.17896044,0.08821904,0.1314306,0.93955183,0.14403944,0.07121818,0.49883962,0.36385262,0.097367406,0.048346058,0.056773618,0.20183319,0.63023067,0.6079462,0.27865714,0.35474145,0.10202241,0.18528852,0.56484175,0.06341833,0.43093422,0.4342538,0.15258405,0.6923752,0.528617,0.40738982,0.21192497,0.15871131,0.585962,0.85757357,0.6594448,0.21226786,0.8141818,0.07864438,0.52883565,0.09245975,0.15320516,0.40534097,0.63137066,0.08098768,0.105766654,0.26127127,0.24254605,0.10278174,0.043936104,0.2979296,0.15634102,0.40514648
BC2026_Train_0010_S09_20250828_000000_60,0.26724887,0.3396909,0.54685473,0.41034186,0.49601924,0.29381895,0.7881031,0.31743103,0.3528739,0.98079765,0.20733249,0.6819968,0.16715613,0.5583625,0.6495296,0.26762617,0.2390356,0.87121874,0.42060643,0.2034119,0.18813041,0.8109404,0.6488108,0.29263973,0.2680548,0.4292915,0.69309276,0.42437625,0.63133085,0.22875121,0.3021861,0.51480514,0.47313654,0.42329556,0.31451333,0.44811243,0.422492,0.5182719,0.46110022,0.54635483,0.47400898,0.40304625,0.48065007,0.48269895,0.32761794,0.2896103,0.51717925,0.28035766,0.24127668,0.22647381,0.40723348,0.40906456,0.44021657,0.4098634,0.47597903,0.6297091,0.16268659,0.8457185,0.89092815,0.35106775,0.27548862,0.11897354,0.48370913,0.3603778,0.46720803,0.7707583,0.4600423,0.5320656,0.59840435,0.38456553,0.30949056,0.6891098,0.06204808,0.6047437,0.18168348,0.4337721,0.120553836,0.39321518,0.39225262,0.0962425,0.13744517,0.445728,0.11531463,0.20696011,0.15335742,0.22486937,0.79468143,0.91266036,0.14869082,0.2223455,0.50857973,0.8082105,0.06411275,0.24177526,0.6619469,0.8969854,0.12328367,0.4849128,0.972677,0.06044479,0.21155804,0.16975982,0.5657859,0.63240945,0.6153261,0.65385056,0.3466506,0.527298,0.36880818,0.6465677,0.4962479,0.28090793,0.059178255,0.13866751,0.08097729,0.79680514,0.10906562,0.14763182,0.3781008,0.47963125,0.5270995,0.3023858,0.09487958,0.15548795,0.2792222,0.59262645,0.67896116,0.24838752,0.07096832,0.6388012,0.49933025,0.29736912,0.24655764,0.47885,0.23170581,0.10385992,0.7991837,0.17711666,0.19606748,0.16897765,0.29930937,0.7310724,0.058635,0.14366908,0.77468705,0.5928969,0.15801284,0.8380281,0.41504687,0.7625282,0.12516417,0.9392759,0.44484645,0.21634749,0.43475938,0.34453058,0.23696792,0.050399587,0.26043868,0.2271983,0.8593998,0.36269498,0.026980832,0.18848312,0.15756416,0.30117023,0.7620504,0.110889114,0.27000478,0.22717333,0.4786275,0.2833035,0.120139256,0.22002836,0.678712,0.1605863,0.10050146,0.34789032,0.30178645,0.22199416,0.09476292,0.3256215,0.12552938,0.03403292,0.12428887,0.4884904,0.46406657,0.31156665,0.095349506,0.9834053,0.4018355,0.10574691,0.6902381,0.45048907,0.19788441,0.12633803,0.25412476,0.35462612,0.5815271,0.83884525,0.24419498,0.37413704,0.4381479,0.124419585,0.47970545,0.059844837,0.44189286,0.33686078,0.6261989,0.8341386,0.5156133,0.35947,0.5811646,0.056342084,0.6864487,0.9569377,0.34093207,0.17421374,0.96259785,0.138225,0.57131106,0.15050802,0.24847648,0.68087184,0.40862125,0.07108104,0.17762545,0.5768045,0.40827918,0.15096,0.107446045,0.3324052,0.08631201,0.27190822
