row_id,1161364,116570,1176823,1491113,1595929,209233,22930,22956,22961,22967,22973,22983,22985,23150,23154,23158,23176,23724,24279,24285,24287,24321,244024,25073,25092,25214,326272,41970,43435,47144,47158son01,47158son02,47158son03,47158son04,47158son05,47158son06,47158son07,47158son08,47158son09,47158son10,47158son11,47158son12,47158son13,47158son14,47158son15,47158son16,47158son17,47158son18,47158son19,47158son20,47158son21,47158son22,47158son23,47158son24,47158son25,476521,516975,517063,555123,555145,555146,64898,65377,65380,66971,67107,67252,70711,738183,74113,74580,760266,ashgre1,astcra1,bafcur1,baffal1,banana,barant1,batbel1,baymac,bbwduc,bcwfin2,bkcdon,bkhpar,blchaw1,blheag1,blttit1,bncfly,bobfly1,brcmar1,brnowl,bucmot4,bucpar,bufpar,bunibi1,burowl,camfli1,chacha1,chbmoc1,chobla1,chvcon1,cibspi1,coffal1,compau,compot1,crbthr1,crebec1,dwatin1,epaori4,eulfly1,fabwre1,fepowl,ficman1,flawar1,fotfly,fusfly1,gilhum1,giwrai1,glteme1,grasal3,greani1,greant1,greela,grekis,grepot1,gretho2,greyel,grfdov1,grhtan1,gycwor1,horscr1,houspa,hyamac1,larela1,lesela1,lesgrf1,limpki,linwoo1,litcuc2,litnig1,mabpar,magant1,magtan2,masgna1,nacnig1,ocecra1,oliwoo1,orbtro3,orwpar,osprey,pabspi1,palhor3,paltan1,phecuc1,picpig2,pirfly1,plasla1,platyr1,plcjay1,pluibi1,purjay1,pvttyr1,ragmac1,rebscy1,recfin1,redjun,relser1,rinkin1,rivwar1,roahaw,rubthr1,rufcac2,rufcas2,rufgna3,rufhor2,rufnig1,ruftho1,ruftof1,rumfly1,ruther1,rutjac1,sabspa1,saffin,saytan1,scadov1,schpar1,scther1,shcfly1,shshaw,shtnig1,sibtan2,smbani,smbtin1,sobcac1,sobtyr1,socfly1,sofspi1,souant1,soulap1,souscr1,spbant3,spispi1,sptnig1,squcuc1,stbwoo2,strcuc1,strher2,strowl1,swthum1,swtman1,tattin1,thlwre1,toctou1,trokin,trsowl,undtin1,varant1,watjac1,wesfie1,wfwduc1,whbant2,whbwar2,whiwoo1,whlspi1,whnjay1,whtdov,whwpic1,y00678,yebcar,yebela1,yecmac,yecpar,yehcar1,yeofly1
BC2026_Train_0001_S08_20250606_030007_5,0.6954118,0.51651514,0.6089916,0.45428738,0.3637104,0.49409455,0.16704665,0.76495427,0.69913805,0.11551617,0.49791372,0.4438554,0.8734287,0.59860873,0.33308497,0.23322257,0.8777611,0.5148304,0.61209583,0.7473427,0.85536695,0.08058292,0.55850106,0.4155683,0.815702,0.42104456,0.13352132,0.920745,0.1868938,0.25967038,0.27052498,0.27603593,0.34940663,0.53419995,0.54314786,0.45028466,0.3273608,0.6170442,0.5412447,0.6432037,0.43293285,0.38845745,0.66908497,0.48891526,0.4656002,0.46209413,0.697232,0.4349574,0.6063327,0.567626,0.6594566,0.6760633,0.6757983,0.35868165,0.6804094,0.40973556,0.3795229,0.35789293,0.5860225,0.92799675,0.93622124,0.79634583,0.9223389,0.9190229,0.9229233,0.7023712,0.59784293,0.9404293,0.29111755,0.276575,0.32232288,0.10905583,0.27635747,0.22892898,0.12587625,0.11590091,0.05844358,0.3874169,0.6409324,0.5453473,0.61219585,0.39461455,0.43248704,0.7264901,0.47505915,0.44874647,0.5246221,0.7014249,0.16009808,0.5470891,0.9044688,0.5367558,0.6387396,0.0761155,0.54217845,0.2127004,0.86463743,0.25002202,0.6486021,0.77835417,0.23619978,0.3947659,0.6141838,0.97604346,0.92061245,0.70733744,0.55412173,0.8514799,0.52126044,0.6093496,0.6258606,0.73392045,0.8278202,0.4335559,0.63013315,0.41501477,0.48771957,0.41163895,0.030238999,0.3177802,0.26420817,0.5390148,0.65279627,0.38565215,0.8838712,0.6380837,0.882725,0.36778802,0.37395078,0.028371917,0.27503043,0.39552477,0.59869486,0.4993235,0.8855707,0.8528548,0.25742507,0.7019331,0.5100722,0.24788314,0.21910357,0.039651357,0.6029641,0.47157645,0.64925694,0.95256245,0.40686727,0.085075825,0.1835292,0.8193291,0.47385925,0.8716479,0.72286665,0.68040717,0.11211399,0.27295902,0.18031484,0.32062873,0.28159857,0.42712456,0.08631267,0.6073852,0.80242586,0.69920456,0.44771188,0.4125357,0.38531744,0.38641647,0.18986459,0.46260747,0.47928783,0.26369998,0.8226771,0.34259844,0.45895416,0.905215,0.35592034,0.3609046,0.40708643,0.6623179,0.79595435,0.4524969,0.33551282,0.30371347,0.3544859,0.3078959,0.23782708,0.42537165,0.85929596,0.592534,0.72822535,0.6508657,0.5142183,0.4566113,0.4093099,0.26153457,0.5847583,0.41467083,0.77815205,0.2960541,0.2740114,0.7323363,0.7861166,0.4194333,0.56540895,0.8597483,0.548586,0.9345324,0.7236792,0.290815,0.47507033,0.5528118,0.5272713,0.132212,0.90260637,0.5204367,0.18137959,0.4011559,0.6426767,0.6281662,0.4211483,0.55560297,0.52971625,0.60752076,0.07387975,0.4296896,0.6040033,0.2024149,0.56819165,0.74177593,0.6006423,0.2595242,0.32452512,0.71009517
BC2026_Train_0001_S08_20250606_030007_10,0.76307607,0.64779323,0.30900866,0.44293496,0.3455604,0.5318765,0.047740914,0.80285525,0.47796902,0.2827529,0.658306,0.23226415,0.8981005,0.7205082,0.17683473,0.20655134,0.6351142,0.7309767,0.5236431,0.6792407,0.8405689,0.08743118,0.57220906,0.4839383,0.79935825,0.3424743,0.10696833,0.935543,0.26938447,0.32811654,0.33218166,0.3431601,0.30992165,0.44807497,0.45446038,0.5187786,0.38699624,0.53768766,0.48307046,0.6938645,0.48416644,0.46398348,0.7245583,0.42334372,0.4012994,0.39737263,0.7672683,0.416726,0.57814413,0.5883818,0.705125,0.70883495,0.7054783,0.453905,0.7593057,0.3329593,0.39657292,0.30859065,0.3578235,0.950118,0.964805,0.91815156,0.92390555,0.8580624,0.93604034,0.6971668,0.6543619,0.88499457,0.3986778,0.25312102,0.3509229,0.6290946,0.44489324,0.3227075,0.17645763,0.16440266,0.14950433,0.20858242,0.80196273,0.6366208,0.5199861,0.28400832,0.5098555,0.6601516,0.32863936,0.5975473,0.80970776,0.46883622,0.38054603,0.5114704,0.86480653,0.58722305,0.7593457,0.18741688,0.691025,0.51201487,0.47594994,0.14956783,0.24909157,0.3759379,0.17445794,0.3150394,0.6782495,0.9649911,0.9141501,0.4169835,0.42740977,0.90194726,0.19939965,0.6472001,0.5800651,0.8372972,0.79313254,0.62427586,0.28901842,0.28597784,0.8084061,0.58141243,0.15308549,0.31020448,0.2998269,0.4242136,0.22807759,0.30485967,0.940437,0.61672425,0.7338232,0.49564898,0.48949933,0.115675405,0.3107754,0.31271857,0.64025956,0.45664972,0.69446355,0.6172973,0.27464184,0.50268316,0.34529915,0.20529808,0.08252508,0.07738064,0.5243456,0.284437,0.652375,0.8405367,0.48783648,0.04195708,0.38931978,0.5098927,0.17138396,0.6883774,0.24785018,0.8714963,0.12808625,0.3678636,0.24435532,0.33657572,0.4386033,0.40346703,0.07339966,0.3449576,0.68176913,0.8898992,0.4243839,0.48251823,0.37899172,0.30691722,0.17199533,0.60322946,0.24512382,0.12185324,0.87140614,0.35708615,0.14332692,0.87571996,0.30422834,0.57959175,0.41456115,0.69403386,0.72774434,0.24785964,0.542352,0.09332175,0.3830604,0.2407619,0.06724909,0.62349784,0.94661874,0.6970923,0.65795505,0.57592857,0.6402118,0.36305785,0.3591204,0.10665333,0.28358355,0.7257951,0.5764598,0.5525991,0.74016035,0.46052307,0.69495475,0.23265582,0.46988696,0.9163393,0.54669017,0.9378195,0.39125395,0.30849627,0.5430786,0.36344284,0.44478375,0.13782227,0.9622012,0.6423923,0.4271123,0.47568038,0.64473903,0.6942127,0.2464258,0.54325444,0.20866774,0.47663257,0.22639798,0.38780567,0.8840458,0.3204706,0.16540167,0.5017882,0.65228385,0.21402441,0.5099264,0.589911
BC2026_Train_0001_S08_20250606_030007_15,0.7608514,0.5655787,0.46060595,0.6169511,0.3327729,0.47984642,0.06034341,0.69146967,0.5366188,0.33747366,0.40149435,0.31912675,0.8363128,0.6363604,0.20613408,0.39571357,0.8333055,0.6262651,0.57636505,0.75375026,0.89581287,0.057785835,0.81092185,0.36698496,0.82235605,0.6044745,0.3168847,0.9084683,0.28503233,0.4245236,0.48959166,0.45028466,0.27370498,0.48296663,0.5098729,0.43247628,0.44160876,0.526067,0.52791125,0.6687889,0.43923435,0.37768105,0.7669583,0.32471237,0.42906728,0.42205518,0.6318524,0.39597023,0.500871,0.5373338,0.7388683,0.7669583,0.7669583,0.44683832,0.797225,0.40941122,0.4294354,0.34200925,0.21936658,0.96884423,0.9899937,0.88459814,0.947365,0.89947474,0.9315985,0.6289327,0.7365543,0.9270158,0.6377208,0.20192641,0.3539479,0.6970783,0.19777806,0.46748075,0.1854072,0.40513748,0.097579665,0.2801928,0.8337083,0.4967919,0.46877137,0.22180808,0.59673524,0.5943998,0.3501872,0.5948078,0.74988437,0.53945756,0.192625,0.4981579,0.7668636,0.595956,0.6993626,0.41208392,0.4865514,0.5103454,0.4535199,0.10591917,0.33371118,0.394381,0.3313329,0.51548743,0.5452961,0.9096153,0.9396267,0.45575368,0.53310406,0.877612,0.21987624,0.5500619,0.79078287,0.8296341,0.70817685,0.56883675,0.34445757,0.35974085,0.7074231,0.35097885,0.3257146,0.4589885,0.37273967,0.46383318,0.18401124,0.3036924,0.96219254,0.6379247,0.79281396,0.481259,0.5823663,0.17656875,0.27132306,0.33064014,0.43411538,0.44172037,0.7315933,0.90546775,0.44452944,0.48542488,0.33543605,0.42481354,0.13235523,0.106598765,0.48897055,0.43369177,0.7049717,0.89038396,0.37055206,0.10496958,0.39196727,0.3628904,0.092102334,0.6690789,0.1618649,0.79704106,0.1468125,0.24187899,0.13934633,0.39059493,0.5271479,0.30657083,0.251551,0.4568003,0.8123381,0.83014846,0.44898438,0.54047585,0.5366354,0.3036308,0.47320268,0.5780169,0.362055,0.15879099,0.9005999,0.5917,0.09566225,0.8658569,0.34599996,0.8243229,0.33923608,0.7301717,0.6825384,0.3305408,0.29467556,0.18743059,0.5329126,0.5622958,0.02998425,0.43863687,0.69399416,0.70711505,0.59225845,0.49483472,0.53417826,0.37475014,0.10749808,0.052037254,0.09487149,0.7494203,0.56882143,0.62105,0.6555151,0.5556519,0.8198777,0.37794974,0.42741612,0.91137516,0.5032258,0.9300755,0.4638322,0.5388334,0.5828504,0.30500227,0.5706135,0.26390907,0.97352785,0.62927556,0.6495209,0.575395,0.6042167,0.78831875,0.2693766,0.5440296,0.2564609,0.13936807,0.32361376,0.35208258,0.81061506,0.30507126,0.20876852,0.64351004,0.6749743,0.28394824,0.4864609,0.27847606
BC2026_Train_0001_S08_20250606_030007_20,0.82286394,0.71169364,0.6651855,0.5811879,0.31627288,0.53958005,0.13653824,0.8039574,0.6893363,0.17661574,0.40152502,0.46074235,0.89471614,0.6073137,0.161268,0.23713242,0.92683125,0.27130365,0.63302875,0.8874541,0.9685583,0.13210449,0.78524876,0.30144167,0.898536,0.7188157,0.14164919,0.96255255,0.382349,0.39984953,0.44736832,0.40736178,0.3334183,0.47457498,0.44731042,0.45941722,0.3219726,0.429169,0.44617504,0.62577313,0.29987186,0.4589606,0.69399494,0.28434655,0.39134225,0.38124484,0.6454499,0.49084374,0.45024374,0.49203575,0.69028497,0.7187283,0.7181983,0.3111583,0.6667503,0.2652474,0.40743542,0.17392758,0.4085885,0.95227754,0.96991587,0.87637997,0.98831856,0.9504461,0.9481745,0.6797671,0.6957713,0.99099374,0.43606526,0.3497279,0.33332288,0.22077301,0.17957416,0.618964,0.26326883,0.25122917,0.059192333,0.30460563,0.7108099,0.54676175,0.42175335,0.34501126,0.6474756,0.69731426,0.5112928,0.47274697,0.84993255,0.30049524,0.33997253,0.66122293,0.61943805,0.8146124,0.7432939,0.40500328,0.5600885,0.4717579,0.3377781,0.31521177,0.36768144,0.49026972,0.084759034,0.49331185,0.46852142,0.9640181,0.9468838,0.32283315,0.6813918,0.90078753,0.2496499,0.50339127,0.627468,0.78226095,0.8740388,0.6147027,0.41672108,0.37369716,0.55609834,0.34533268,0.10470817,0.2359444,0.4476042,0.43127215,0.32480323,0.40148306,0.9879773,0.531094,0.7415962,0.41857678,0.4784139,0.04612233,0.40488422,0.2290559,0.61719596,0.47117937,0.7350799,0.8910958,0.3826021,0.31379682,0.55496216,0.64194477,0.12652142,0.13040733,0.5713062,0.5217792,0.77722657,0.9263622,0.5349643,0.1111305,0.3103901,0.248206,0.28428847,0.6290063,0.44311363,0.8285617,0.16302416,0.3819485,0.07359442,0.46834156,0.51869726,0.4608131,0.34016412,0.6092229,0.85066044,0.7833722,0.48749432,0.5205868,0.36651942,0.4220174,0.45579582,0.6182815,0.23569018,0.14809859,0.73822784,0.3899296,0.11437142,0.9472406,0.40672275,0.6952035,0.49149555,0.75379694,0.50328076,0.23900408,0.19069117,0.34475204,0.28446835,0.5440193,0.04777566,0.32573998,0.65886426,0.7642938,0.7274593,0.56771034,0.63221085,0.3753747,0.11703841,0.0629545,0.10083548,0.5309888,0.6971657,0.41322523,0.42314285,0.80968326,0.72563434,0.24280883,0.32175618,0.9331959,0.5472691,0.959285,0.31354022,0.3562472,0.7272063,0.36366335,0.6741458,0.25904724,0.9462054,0.5832815,0.4101907,0.57450056,0.5275273,0.6979668,0.10928342,0.3531875,0.3724959,0.13208467,0.41475832,0.39681295,0.544916,0.09978924,0.32465756,0.658432,0.67835855,0.37479967,0.5145683,0.38140768
BC2026_Train_0001_S08_20250606_030007_25,0.85728717,0.6609316,0.5012476,0.50908303,0.3217729,0.4453614,0.08635308,0.8017328,0.79935473,0.289002,0.3733449,0.1446596,0.87015605,0.6742905,0.14673834,0.34689504,0.80481833,0.30717933,0.6388886,0.7280634,0.9578255,0.08922933,0.8086729,0.47316164,0.84655774,0.53122497,0.16604786,0.94685566,0.34994033,0.41477594,0.38235497,0.469189,0.295965,0.50946665,0.40482292,0.39594615,0.36745262,0.34943372,0.47174615,0.75991726,0.30188105,0.4149418,0.715195,0.4224305,0.47408485,0.46272525,0.70337886,0.4275246,0.4224759,0.43635982,0.6969983,0.7044183,0.7010616,0.3880083,0.8074183,0.20032808,0.43136042,0.19945908,0.36785388,0.897556,0.8799878,0.8327386,0.99357533,0.88324404,0.90142244,0.65794814,0.4817298,0.9810752,0.45531705,0.59628475,0.34239793,0.059451416,0.46254665,0.40198025,0.2708229,0.25301993,0.120335154,0.38378182,0.5662293,0.5822252,0.35747564,0.11347983,0.5566412,0.732187,0.56830084,0.71141934,0.827822,0.28251615,0.5718687,0.5535287,0.7111625,0.8191564,0.8061187,0.15939814,0.33222988,0.296098,0.30799335,0.3465241,0.15521425,0.5604355,0.07324352,0.39239392,0.5901045,0.9688376,0.9782067,0.398673,0.7588114,0.7538768,0.17728908,0.6115522,0.7302376,0.77202713,0.9030853,0.5807943,0.42744634,0.34214225,0.61663675,0.4574078,0.09648991,0.25992465,0.43130282,0.5376114,0.60437,0.27711964,0.99181247,0.40411925,0.7809183,0.5908523,0.6505833,0.038838916,0.23554826,0.15761742,0.6350548,0.5046677,0.79692507,0.7725495,0.26097894,0.58884656,0.5909,0.3358033,0.055458,0.049980797,0.6758129,0.4055554,0.7412795,0.8607329,0.5623585,0.2730529,0.3017878,0.27625266,0.35379225,0.7782769,0.5202357,0.8620502,0.26645342,0.6182317,0.243008,0.63935196,0.4170479,0.38975915,0.2125094,0.57711893,0.79477155,0.9490917,0.49651724,0.5350616,0.1742353,0.25877333,0.4856674,0.5129143,0.44093364,0.07863199,0.68549097,0.38572347,0.13642226,0.9458932,0.50502056,0.64382905,0.69374496,0.7509278,0.5291402,0.16741833,0.2619219,0.29697925,0.16253766,0.45574427,0.093801424,0.45501915,0.85856193,0.6865843,0.78413224,0.5095968,0.7317814,0.4761467,0.15878215,0.21825092,0.11072815,0.6875751,0.72440016,0.5527867,0.67850304,0.7212535,0.7565058,0.33601505,0.5848646,0.922753,0.555143,0.98608124,0.122183405,0.40032962,0.6107947,0.6078145,0.4646204,0.31845057,0.95420754,0.6567483,0.31031308,0.5113858,0.6493771,0.49672562,0.2755299,0.53661597,0.25286075,0.38719034,0.14540207,0.4710982,0.6749223,0.11752316,0.20465307,0.68957305,0.66604596,0.2807559,0.61035156,0.7093024
BC2026_Train_0001_S08_20250606_030007_30,0.7471467,0.60300326,0.60207516,0.5912463,0.35697293,0.40587947,0.31535932,0.80044293,0.8922516,0.33492523,0.6102556,0.1762774,0.7863228,0.63986737,0.20713073,0.47257495,0.80986464,0.27932957,0.43994516,0.7377667,0.885015,0.041599665,0.5685066,0.4436583,0.82663435,0.75586426,0.3796683,0.9251001,0.19881016,0.5530232,0.41839498,0.40087768,0.39030498,0.435885,0.5006604,0.54133606,0.46352684,0.36248454,0.4489148,0.7870316,0.28032827,0.37074032,0.7247349,0.48179194,0.43201235,0.4153236,0.74398494,0.47394457,0.47156045,0.4278051,0.696115,0.713075,0.71148497,0.31893164,0.73973453,0.26798248,0.3843354,0.15939566,0.2782519,0.85754853,0.8235235,0.88524306,0.9539608,0.86881864,0.9360633,0.6368667,0.65908915,0.92182684,0.48328617,0.45195633,0.32741043,0.098030746,0.51974106,0.53429437,0.4470966,0.24732573,0.10177625,0.53527707,0.66658443,0.35505313,0.44083458,0.10767392,0.5818462,0.79910624,0.49444056,0.72431177,0.7119747,0.5873133,0.46234858,0.55109006,0.71294236,0.71611935,0.7894466,0.26841834,0.38555533,0.31248027,0.69035983,0.1137419,0.3535396,0.7145893,0.24093865,0.4935038,0.5261169,0.970455,0.97977465,0.57445973,0.5848986,0.8887649,0.4391699,0.66737914,0.7391008,0.8303237,0.7703164,0.6803896,0.6238619,0.26713932,0.77719665,0.35103282,0.21142705,0.47735626,0.45698538,0.554775,0.4921722,0.50752914,0.93518305,0.6479626,0.8069312,0.6625,0.43207115,0.07161725,0.31591958,0.2382665,0.38661563,0.47327384,0.80991554,0.80710286,0.29716843,0.8165182,0.38478103,0.2540635,0.09812409,0.10357504,0.83888745,0.3202726,0.6842921,0.852392,0.67009735,0.10063009,0.52343434,0.51901615,0.41843876,0.8579136,0.34461626,0.7330642,0.36527354,0.463329,0.29079786,0.59720063,0.45874196,0.43479583,0.33706483,0.6996542,0.76280546,0.8455479,0.67270416,0.4762045,0.25861558,0.42801857,0.5687363,0.64608335,0.50836754,0.10500424,0.8597013,0.45278233,0.39716375,0.88564485,0.56865335,0.49914292,0.718595,0.706338,0.81510824,0.37643638,0.33296067,0.157482,0.38392097,0.538385,0.122390755,0.520898,0.8117316,0.65525544,0.81752706,0.52774316,0.6094307,0.50335974,0.4043458,0.22098276,0.38206097,0.7774916,0.73029906,0.5059208,0.71678483,0.79940766,0.8169386,0.20887081,0.5529731,0.8945186,0.5499792,0.92604625,0.29648346,0.38708225,0.5364325,0.54534143,0.64152145,0.19055592,0.9166626,0.5087548,0.47557077,0.4521777,0.647323,0.6600555,0.44299996,0.6472636,0.53984374,0.5282471,0.08065767,0.57211816,0.8551666,0.3183154,0.376454,0.8219062,0.73966116,0.13893932,0.7947521,0.79673725
BC2026_Train_0001_S08_20250606_030007_35,0.718373,0.7228414,0.4801445,0.4960322,0.3659104,0.37610254,0.69642705,0.8746083,0.8173493,0.43085623,0.75128543,0.4028809,0.7708211,0.6055092,0.30254948,0.29875308,0.8421036,0.5123279,0.4930604,0.65847754,0.9412588,0.039077166,0.72920346,0.3572683,0.80752456,0.75129235,0.37575346,0.8857778,0.13644956,0.53787607,0.29490498,0.33402753,0.38094166,0.47210163,0.53091043,0.5564584,0.401243,0.43882307,0.54115343,0.78907025,0.28635573,0.38206467,0.70070827,0.3157625,0.40270185,0.38643378,0.7812383,0.4860054,0.44898158,0.44785964,0.710955,0.70300496,0.6952316,0.29190165,0.7044656,0.39061555,0.41884792,0.24458793,0.27096093,0.9432343,0.9104916,0.94113195,0.89884245,0.9109461,0.9345963,0.7368512,0.748925,0.84399474,0.28755265,0.18947858,0.3280979,0.051584918,0.26971123,0.86878484,0.4152817,0.22712524,0.07624091,0.36732063,0.78084445,0.33587724,0.3953811,0.06780909,0.6362204,0.70833373,0.3793607,0.46452874,0.7364805,0.4710034,0.31301615,0.26622456,0.746223,0.76656157,0.78371817,0.13284127,0.32016522,0.37370527,0.70279175,0.12137368,0.48370558,0.5581161,0.12035029,0.46875176,0.46514463,0.9322403,0.9901749,0.50001204,0.4594485,0.9605104,0.408066,0.4085309,0.59689635,0.89119375,0.8322096,0.58138174,0.7713604,0.16147399,0.8503375,0.51618844,0.053203583,0.37631142,0.3383816,0.5407058,0.33946306,0.47631973,0.91587687,0.6005744,0.67677474,0.56728905,0.28876784,0.15213126,0.26712972,0.553706,0.45130366,0.53261214,0.83920723,0.6823676,0.38472116,0.7889958,0.40837675,0.41079465,0.14844432,0.14048824,0.7876558,0.31713772,0.82889986,0.8216678,0.4006561,0.047338,0.32861078,0.5052261,0.49260414,0.67345554,0.3246899,0.5860896,0.36188924,0.46788383,0.20397574,0.57202363,0.2623017,0.32062614,0.50150174,0.6137744,0.697658,0.79965234,0.45632526,0.3594094,0.2984525,0.35609487,0.3473002,0.43182802,0.2491643,0.07058108,0.7349087,0.31980425,0.22767,0.89467865,0.44284067,0.5112382,0.5864538,0.65405893,0.70675224,0.49375284,0.33063373,0.29156548,0.20694649,0.3261423,0.03639792,0.34191883,0.57026476,0.7345447,0.7791204,0.57131946,0.6623224,0.39637882,0.2484449,0.26898363,0.24735583,0.58582777,0.60201985,0.5607151,0.4294123,0.604964,0.8602249,0.13374099,0.24849449,0.8914243,0.51967436,0.97404706,0.17579009,0.2823013,0.3928764,0.391093,0.6533894,0.35483807,0.9370617,0.56628215,0.23786515,0.4106385,0.4127406,0.56525236,0.20643608,0.6996083,0.5040337,0.22059834,0.105532326,0.2771783,0.7717458,0.47103542,0.16635191,0.69699425,0.8668457,0.15288916,0.783044,0.7119396
BC2026_Train_0001_S08_20250606_030007_40,0.7735764,0.72702175,0.419223,0.5013956,0.35422292,0.572222,0.23137458,0.6879643,0.58958304,0.3037771,0.5072884,0.22885941,0.65610886,0.5849783,0.28203574,0.34463835,0.8901217,0.7431016,0.5541942,0.70392346,0.93052596,0.071929246,0.779933,0.35249832,0.92912763,0.65849036,0.116716266,0.905794,0.29255328,0.4331007,0.38783163,0.41375455,0.43994832,0.39913833,0.44504166,0.43019313,0.2772232,0.48923868,0.56604016,0.77785766,0.3911972,0.33749792,0.7399283,0.29293117,0.3531965,0.34492227,0.7585138,0.52316946,0.525273,0.48348102,0.69258165,0.74434495,0.7365716,0.405675,0.7095623,0.36009148,0.36941668,0.5904669,0.38167685,0.9072485,0.9279931,0.8977804,0.96319926,0.9390535,0.9145142,0.69749707,0.5267618,0.9107466,0.2567666,0.3761107,0.3296104,0.18241157,0.23406333,0.52599156,0.21574694,0.19749883,0.09046358,0.21186125,0.80862916,0.30577326,0.42275324,0.20726591,0.59455097,0.68260705,0.45737588,0.4908359,0.605203,0.35119516,0.27130958,0.18590583,0.70903575,0.5423537,0.6938263,0.10927443,0.53943163,0.23157409,0.46499234,0.22908679,0.3425743,0.27653793,0.1733474,0.38159925,0.43848246,0.9412204,0.9501525,0.37476215,0.39331692,0.93653774,0.26859343,0.3497972,0.5184175,0.8141292,0.8244986,0.47546262,0.45604002,0.22921355,0.7373275,0.31429383,0.068545505,0.18350498,0.29509202,0.40432006,0.29237747,0.35800904,0.90788347,0.5861705,0.6674044,0.5545596,0.21920802,0.059014753,0.1909924,0.58017284,0.38282076,0.48739102,0.83395326,0.7259439,0.3702906,0.41800484,0.27686527,0.2356011,0.24493755,0.041217964,0.4771323,0.39488766,0.691242,0.7633699,0.405845,0.20550892,0.3737166,0.49042684,0.27798882,0.5110681,0.35473645,0.9244657,0.31882772,0.45146582,0.16103683,0.48523247,0.08595975,0.34786057,0.4258781,0.39667204,0.6698842,0.7067607,0.4643838,0.3564927,0.2796644,0.34031582,0.33911294,0.4827156,0.29029107,0.091111906,0.55209225,0.34145758,0.22004108,0.83120894,0.38657212,0.3638094,0.6016903,0.6176511,0.7342422,0.2196545,0.30587843,0.15387283,0.19184442,0.25794417,0.041586835,0.27242404,0.7747234,0.6494868,0.62344843,0.6258534,0.50910014,0.27253807,0.08235817,0.24105634,0.15904367,0.4576958,0.46813157,0.40881053,0.37001228,0.4601596,0.79063904,0.1363174,0.19943184,0.9543717,0.51402396,0.95818293,0.298578,0.16610225,0.17947409,0.29382184,0.5405171,0.5014514,0.9518113,0.54980826,0.16665149,0.43235365,0.35095283,0.6438002,0.092365,0.47154766,0.226067,0.24678615,0.064025916,0.16433258,0.645496,0.30245152,0.054594584,0.39818317,0.7235069,0.22982684,0.6135482,0.4230748
BC2026_Train_0001_S08_20250606_030007_45,0.81400084,0.69477296,0.5284233,0.52267027,0.34116042,0.3849912,0.17192583,0.8276477,0.7944081,0.20202418,0.24083301,0.3072375,0.8788595,0.5383077,0.19456865,0.4549331,0.8747146,0.66734993,0.57977,0.76635605,0.8227776,0.1952965,0.791754,0.33960164,0.95234096,0.71303517,0.054984666,0.8630875,0.1828499,0.5894478,0.48588163,0.42334372,0.44083166,0.41168165,0.5183979,0.48453167,0.28270274,0.3766081,0.41001022,0.7980404,0.27375284,0.4253529,0.71572495,0.30005455,0.3373492,0.3303371,0.6614688,0.59623533,0.53523016,0.4181284,0.72402835,0.72014165,0.71855164,0.2984383,0.609056,0.42187923,0.4812729,0.73044264,0.34038273,0.977075,0.8083437,0.93249357,0.97081816,0.90556943,0.96932304,0.7470899,0.4614608,0.8222391,0.29460692,0.5102287,0.39148542,0.37614334,0.4791769,0.6515509,0.23340999,0.16218558,0.080303,0.381923,0.50994074,0.282148,0.30036208,0.1381701,0.6876271,0.37466145,0.6568083,0.7326646,0.7415969,0.33211392,0.33477175,0.25369477,0.75857604,0.65597963,0.5684709,0.23360069,0.55254817,0.22316056,0.46918458,0.16590121,0.11675716,0.44816774,0.38500088,0.33080143,0.5790743,0.9205895,0.9594805,0.41530904,0.65763927,0.78259295,0.3117029,0.6284516,0.9096291,0.7453883,0.924239,0.4810469,0.27490127,0.47201663,0.7845484,0.23613466,0.2540685,0.24068365,0.61637294,0.53200996,0.6100853,0.18643591,0.934893,0.44492626,0.514246,0.63513106,0.5210382,0.082995005,0.39063257,0.48988554,0.36439806,0.5220467,0.8413668,0.8026587,0.63651246,0.5225722,0.4498338,0.2443009,0.2682729,0.04384129,0.53560084,0.38543707,0.93441665,0.78163886,0.688275,0.44858328,0.36120746,0.39419127,0.43712783,0.7820118,0.246633,0.9605542,0.43096036,0.7274041,0.31290418,0.7654374,0.1357045,0.56636995,0.16429165,0.52557653,0.5863333,0.9492525,0.62592655,0.39137018,0.15253726,0.51419586,0.6145625,0.59388876,0.574177,0.18084407,0.6264174,0.45514205,0.12727958,0.8241503,0.62342495,0.5524919,0.8121687,0.60351765,0.7510255,0.3414985,0.54637146,0.14781415,0.5705125,0.31960177,0.1666119,0.49032205,0.7784724,0.5671681,0.63777477,0.7705395,0.6727003,0.43370873,0.1941605,0.25602615,0.18850274,0.41560957,0.5606683,0.24260432,0.59701693,0.7559944,0.59892726,0.23495747,0.52548915,0.9565312,0.49609625,0.9059683,0.18123174,0.15121758,0.2342683,0.5934075,0.3403868,0.32873103,0.9148836,0.59159446,0.45084274,0.5450415,0.60106945,0.59898937,0.21686448,0.54531944,0.07700741,0.4781293,0.17167208,0.19547282,0.7504103,0.43493372,0.15925616,0.5117891,0.65634584,0.21231773,0.6634434,0.64496285
BC2026_Train_0001_S08_20250606_030007_50,0.79089034,0.7180638,0.29060066,0.54672855,0.3470729,0.4858508,0.41435,0.77862227,0.8482921,0.31272998,0.41359243,0.18356407,0.87102586,0.53025675,0.22957167,0.27532774,0.8947307,0.26105708,0.5431474,0.5638539,0.7926735,0.10204741,0.4414109,0.3297083,0.8503666,0.6034095,0.07312613,0.8636098,0.13767047,0.50972325,0.48941496,0.3909232,0.34914166,0.47846162,0.5549729,0.3696444,0.32489502,0.43578377,0.39868587,0.79905975,0.26261115,0.36909646,0.741695,0.29329646,0.3628732,0.35459894,0.64116573,0.59441215,0.49708444,0.43355498,0.74540496,0.74611163,0.74275494,0.255685,0.63168526,0.4090891,0.46779794,0.3676124,0.16762958,0.9031574,0.6827317,0.97484505,0.913002,0.9439538,0.81384367,0.70046216,0.336094,0.82842803,0.4490835,0.39855546,0.35367292,0.13346025,0.36952806,0.8163959,0.35636395,0.27453488,0.25374585,0.23297516,0.53328365,0.29288083,0.41096297,0.0660045,0.6311337,0.50161296,0.4599076,0.6965966,0.5148567,0.45795125,0.5100192,0.24395858,0.6565559,0.77505773,0.6579536,0.20581819,0.30409807,0.590819,0.6413547,0.10080473,0.18569817,0.6400223,0.24849874,0.3457959,0.68408334,0.91619265,0.95759946,0.4958806,0.5992981,0.86979353,0.22180016,0.54853535,0.8712141,0.83175325,0.7458542,0.5661624,0.5150265,0.31423548,0.60093224,0.28374016,0.17471416,0.3310979,0.5316452,0.5159998,0.539427,0.3132656,0.9591632,0.56166804,0.7639424,0.6338413,0.4524018,0.13952874,0.4209614,0.46238133,0.5330162,0.5252604,0.8107852,0.544667,0.4859811,0.7501101,0.41800416,0.3619767,0.16729316,0.0802348,0.6501583,0.37283456,0.87677383,0.7861829,0.5506908,0.23531193,0.28199038,0.6029069,0.43230638,0.8325412,0.19986008,0.76805633,0.39187065,0.62699914,0.26008508,0.6957884,0.39208746,0.37458023,0.05502467,0.37102798,0.77547306,0.8781014,0.5826774,0.41751185,0.29880315,0.37124914,0.5633313,0.5674761,0.53276527,0.077284664,0.7448368,0.61558694,0.09974058,0.89444625,0.49192852,0.5552641,0.69851387,0.66737926,0.55069506,0.56031466,0.3866823,0.20631984,0.4887504,0.44778305,0.13287081,0.37205377,0.6275432,0.68513465,0.49353406,0.68342423,0.6899447,0.51546454,0.20464382,0.31660622,0.2618931,0.5950663,0.55131984,0.5205882,0.55011064,0.763698,0.78316796,0.31471348,0.5062373,0.8944535,0.51234156,0.9452905,0.15463465,0.2707234,0.23175372,0.5867007,0.22864956,0.49100086,0.95205337,0.55750215,0.34701842,0.6032125,0.42685777,0.5426745,0.35314476,0.4481996,0.14597309,0.26725948,0.13683641,0.24738099,0.6031444,0.26171225,0.13878717,0.5292829,0.7564155,0.29825306,0.587963,0.8642937
BC2026_Train_0001_S08_20250606_030007_55,0.8741437,0.76365006,0.38644814,0.63613653,0.3379979,0.6197282,0.22041398,0.86328816,0.5344347,0.25611407,0.4641806,0.27707034,0.86519206,0.5762792,0.33541,0.36439782,0.842806,0.3826319,0.5005523,0.5472468,0.90906036,0.091521755,0.46855068,0.33041498,0.87533855,0.6967508,0.2079412,0.9065007,0.35780644,0.5145033,0.40408498,0.359416,0.38995165,0.51732826,0.56968534,0.42407432,0.42845798,0.5230278,0.42590082,0.8074183,0.28745162,0.29694948,0.75123495,0.4114714,0.35768425,0.34141624,0.77658165,0.5317241,0.5775832,0.5092855,0.7669583,0.7577716,0.75565165,0.261515,0.7387152,0.45088542,0.4328729,0.33193332,0.3955583,0.8724736,0.79777956,0.980034,0.82078725,0.8859027,0.7763103,0.6814703,0.32487082,0.8818022,0.5763704,0.5381005,0.3290604,0.27207538,0.44232148,0.57535607,0.2102607,0.08257359,0.20423023,0.238454,0.68624556,0.33861667,0.38274574,0.14647809,0.58610034,0.6796573,0.335698,0.6152812,0.5494472,0.40108716,0.46901172,0.24279888,0.6110928,0.8492528,0.636198,0.16732982,0.20726882,0.64608335,0.7188114,0.0490109,0.4025783,0.43923947,0.23537585,0.29860288,0.533281,0.9403295,0.9265883,0.4437639,0.7579416,0.9398817,0.3371899,0.49442145,0.84242785,0.84994006,0.8850818,0.56787235,0.46215943,0.21577033,0.765594,0.29651,0.1882515,0.32761565,0.31910637,0.43615407,0.3949437,0.4637205,0.9271895,0.68147624,0.81230456,0.64521897,0.33009905,0.07832084,0.42832664,0.5274726,0.42731363,0.59508955,0.78215134,0.69078106,0.20737109,0.46790826,0.38933262,0.25480887,0.07040017,0.10565138,0.5795896,0.38031328,0.6863708,0.86190003,0.5074772,0.2300969,0.1858904,0.47121868,0.39359635,0.68067396,0.20753133,0.84949476,0.235129,0.6128523,0.17172492,0.5605807,0.238264,0.34161425,0.12243126,0.3531791,0.7143548,0.7429588,0.63462675,0.35374743,0.3220083,0.3669983,0.5951555,0.5714232,0.69207084,0.08195884,0.5650454,0.5298841,0.19388983,0.95027,0.58201575,0.54803824,0.60088885,0.7167529,0.53547233,0.50017166,0.2712955,0.23381132,0.18290116,0.3818714,0.23271559,0.5087156,0.49683905,0.6979619,0.65707105,0.6858984,0.6896471,0.31692225,0.12068041,0.250025,0.2513851,0.6388674,0.6423343,0.5202333,0.5092847,0.3689939,0.8321826,0.40867835,0.3697227,0.94399387,0.53314817,0.977199,0.27260113,0.16987875,0.27368516,0.41710705,0.42128864,0.5374041,0.9164886,0.63531005,0.22931223,0.45888132,0.22882523,0.5249943,0.23586032,0.630328,0.37797907,0.07696767,0.068594575,0.38106987,0.6534598,0.26703128,0.12028574,0.5310876,0.77227974,0.2977275,0.42622006,0.7882941
BC2026_Train_0001_S08_20250606_030007_60,0.8703684,0.8002783,0.9175854,0.6724585,0.36934784,0.90863746,0.29412252,0.8008163,0.6598767,0.19249533,0.38820583,0.884352,0.9316061,0.8980895,0.39430624,0.40968257,0.8477807,0.8092541,0.71902704,0.7390472,0.94092906,0.38089377,0.6800156,0.38730162,0.9479836,0.8762208,0.29392064,0.99149996,0.92754954,0.89764154,0.48596996,0.39640275,0.44136164,0.5608766,0.67356664,0.62934077,0.34918755,0.39198303,0.63352,0.7786731,0.28754294,0.46991962,0.7166083,0.5814321,0.36175123,0.34422103,0.6540181,0.53312653,0.5803879,0.42542097,0.7420483,0.7376316,0.72517663,0.3866833,0.74686986,0.35853142,0.57401663,0.8787708,0.9433332,0.9106176,0.8879108,0.997875,0.78443223,0.97117496,0.9545906,0.68982846,0.5339621,0.9567897,0.5181096,0.7903624,0.4006291,0.81882286,0.52837497,0.4611585,0.3185415,0.042963833,0.040663995,0.5311565,0.74182945,0.36563691,0.26097247,0.110664584,0.66238827,0.50770307,0.38748378,0.34268814,0.8888416,0.25596792,0.4727185,0.15828167,0.65667915,0.970102,0.42923748,0.18177162,0.3477018,0.19675207,0.76920277,0.06920158,0.12823583,0.24997875,0.39585352,0.2781009,0.2821537,0.94150716,0.97587407,0.4700729,0.63475966,0.7995604,0.06865291,0.24843626,0.4758868,0.71382457,0.75893885,0.1939576,0.41429314,0.2509786,0.83791196,0.27646896,0.2792365,0.1648544,0.5835907,0.46498108,0.17977925,0.347988,0.96043456,0.79788744,0.81596076,0.6427441,0.5012158,0.17433105,0.86291033,0.41008484,0.41648188,0.32570058,0.32083583,0.8799481,0.39660504,0.235774,0.5570433,0.43906876,0.09789066,0.04859375,0.4627658,0.21179023,0.89263093,0.9229704,0.4419185,0.06852791,0.16915604,0.18397915,0.22064257,0.76568663,0.49822205,0.5789938,0.22746898,0.36681658,0.21232565,0.39953247,0.057245247,0.62045,0.5920416,0.57294905,0.4056621,0.3592966,0.56439394,0.3497228,0.3540033,0.23945609,0.296475,0.6009866,0.54669905,0.10652957,0.33275965,0.40120006,0.17843083,0.9957499,0.6593769,0.536965,0.20487808,0.948077,0.25968015,0.23211567,0.37467948,0.16695935,0.26427215,0.058818415,0.17228085,0.3870771,0.34522682,0.67091644,0.58330446,0.70672643,0.8790667,0.25024176,0.3356524,0.1619525,0.28707957,0.62779415,0.6844208,0.221407,0.15792891,0.26192716,0.7115836,0.20278583,0.117732756,0.857832,0.5836551,0.975949,0.21590915,0.2946475,0.5368674,0.42463225,0.56131417,0.14386114,0.9000166,0.48864037,0.05349125,0.3901438,0.08012549,0.5132028,0.3783196,0.428648,0.40114832,0.1561754,0.15346307,0.49906826,0.43196958,0.3555416,0.2916275,0.6208731,0.65297395,0.4723562,0.26552308,0.36526316
BC2026_Train_0002_S08_20250607_030007_5,0.7315959,0.5360365,0.7272429,0.6803749,0.30004787,0.50115776,0.20786515,0.79097295,0.1705766,0.033824585,0.6890031,0.605162,0.5170675,0.7388367,0.12335708,0.36072674,0.9971666,0.15342458,0.72388864,0.24778733,0.6169712,0.46310425,0.49117866,0.4510783,0.91743195,0.9662812,0.22355732,0.7386325,0.12447402,0.73853016,0.7484966,0.4240743,0.2828033,0.51088,0.4009041,0.62332666,0.48197457,0.412632,0.37375405,0.28325066,0.25941476,0.24918632,0.76174664,0.35375378,0.3222732,0.32514817,0.28748688,0.49883744,0.46265513,0.43853354,0.6527433,0.74540496,0.7539733,0.2592183,0.6417766,0.45340127,0.3075416,0.19995458,0.5222212,0.771284,0.5369525,0.87345904,0.82716846,0.95656973,0.7658849,0.70006996,0.3053658,0.6268915,0.070957586,0.66791815,0.4573479,0.10837858,0.12036791,0.37255335,0.1561371,0.22920217,0.31885582,0.23575124,0.09298866,0.2654425,0.35797864,0.21764416,0.5551928,0.52033603,0.2129434,0.57842994,0.73333037,0.5419058,0.18173389,0.48180008,0.39578873,0.24317124,0.44358534,0.03615386,0.11039375,0.3683816,0.3345495,0.17396313,0.1920095,0.6092558,0.6619698,0.5777303,0.30222705,0.7628259,0.8173782,0.16937333,0.6120462,0.3933254,0.15063658,0.36448413,0.8245516,0.58526194,0.62051415,0.22856249,0.69468653,0.31039166,0.6524967,0.32649663,0.20212793,0.39530402,0.52786463,0.33771324,0.697417,0.15103433,0.8685078,0.24923709,0.4018228,0.26182082,0.061218746,0.085051924,0.3778,0.28049454,0.23880874,0.33727583,0.2626333,0.47966745,0.44292122,0.3201233,0.5260396,0.80959314,0.030165916,0.2649337,0.5968945,0.10825941,0.8290865,0.43095168,0.46065626,0.086749084,0.3955655,0.051541917,0.3255713,0.3579521,0.14927533,0.32124,0.056958914,0.43947405,0.016977418,0.5618581,0.25481844,0.6742296,0.374885,0.5602868,0.3698143,0.7508958,0.5529654,0.52538687,0.1633604,0.11348667,0.7671698,0.5705887,0.051114168,0.45780036,0.6558639,0.54663527,0.33062932,0.5950569,0.84440833,0.47579634,0.36321536,0.67355394,0.68305856,0.22375748,0.6932137,0.21152525,0.18989033,0.36236405,0.48123246,0.80203325,0.3801465,0.5866653,0.52698666,0.25073373,0.13480401,0.5209347,0.3059066,0.15816191,0.32690316,0.51028025,0.3320095,0.46165827,0.69385993,0.6901983,0.66280925,0.3331904,0.49626246,0.56653535,0.5191785,0.8621958,0.033319168,0.29893538,0.41133636,0.14145026,0.46855837,0.7051259,0.8555144,0.41185665,0.22277375,0.554675,0.69149244,0.54872704,0.68109995,0.8983838,0.6319478,0.13979958,0.47287366,0.44827014,0.78142405,0.047564585,0.22239083,0.33856925,0.6919333,0.22360697,0.10985457,0.9548539
BC2026_Train_0002_S08_20250607_030007_10,0.82628036,0.669392,0.76739067,0.556787,0.3077479,0.6573827,0.2523507,0.75104433,0.34251255,0.12076233,0.71165586,0.7819263,0.5549842,0.8236978,0.20231234,0.32178473,0.97680753,0.37421665,0.58856916,0.44266558,0.8559015,0.22402799,0.71129984,0.30744833,0.89739203,0.93710506,0.37375212,0.8310695,0.5141676,0.782604,0.73604167,0.30060247,0.35709167,0.405675,0.37264794,0.40854904,0.279415,0.4754727,0.57929146,0.4686411,0.31996343,0.28818223,0.74611163,0.28854755,0.4020006,0.39709216,0.35354564,0.45206687,0.4888102,0.47969452,0.71731496,0.7489383,0.7549449,0.37599498,0.7407539,0.41280776,0.32493544,0.36816382,0.61464,0.78853154,0.7524375,0.9485728,0.56973815,0.96114993,0.79390746,0.29821724,0.65180206,0.57796043,0.07740009,0.7861828,0.45294788,0.43829906,0.3037899,0.25976583,0.37099648,0.29074267,0.14957833,0.12325525,0.10542867,0.440064,0.43945915,0.15634666,0.6155591,0.45991924,0.35799414,0.8137869,0.6365404,0.41261536,0.15330492,0.33280456,0.18266127,0.37192872,0.5776061,0.11539702,0.21058923,0.4359954,0.15166625,0.112271644,0.2291465,0.47414732,0.6714457,0.46631908,0.30567408,0.7775478,0.8769033,0.09179208,0.732863,0.5295419,0.05952533,0.44174442,0.71384436,0.58286303,0.45970094,0.32067126,0.6110248,0.24543639,0.58370864,0.18673216,0.4266733,0.38168025,0.44180387,0.2147585,0.72941935,0.42536557,0.8685583,0.36641207,0.49035832,0.5601146,0.12925225,0.100586414,0.3759145,0.2994551,0.32132223,0.35944033,0.32565957,0.60534954,0.126129,0.32752234,0.24712807,0.5210299,0.14466642,0.22565444,0.6068188,0.2673284,0.8476771,0.49358335,0.60320693,0.17701557,0.5695597,0.1557129,0.38868055,0.55692434,0.21190709,0.3313315,0.10485041,0.19012608,0.05389666,0.8089924,0.17238142,0.5880498,0.13718247,0.5092736,0.39435983,0.77345484,0.67673236,0.6112731,0.09812042,0.10765642,0.6087561,0.6821263,0.06541667,0.2843784,0.7326221,0.32038984,0.24434508,0.6470171,0.74119383,0.4843191,0.30551642,0.623202,0.7956749,0.206047,0.55787796,0.34569523,0.13951458,0.3746873,0.75642645,0.68160385,0.46232376,0.4738273,0.3503319,0.24851999,0.1491065,0.42118174,0.18887359,0.17856291,0.20306042,0.6209875,0.33573425,0.3300041,0.70351374,0.2995748,0.7160448,0.2428914,0.29320127,0.61896396,0.50291663,0.7920316,0.095570914,0.42704165,0.31666994,0.41448098,0.6883103,0.6574869,0.83655804,0.29106963,0.11686448,0.50435925,0.46520415,0.44634306,0.452762,0.6305463,0.35890985,0.23443359,0.16691676,0.48250797,0.70091575,0.13286358,0.30568334,0.2777652,0.5567563,0.42387977,0.17402983,0.9314828
BC2026_Train_0002_S08_20250607_030007_15,0.8599936,0.5329494,0.41276032,0.57494795,0.31916043,0.65480304,0.3774408,0.4364779,0.35381168,0.17652993,0.6842495,0.545649,0.7163346,0.7945938,0.32004642,0.4268632,0.9764774,0.30003288,0.63408774,0.6219541,0.9157468,0.13611908,0.6305857,0.33359498,0.95949465,0.95227957,0.33898658,0.65731657,0.36773637,0.6863484,0.7296816,0.33256635,0.30744833,0.45920497,0.3510604,0.37768105,0.31028298,0.4794058,0.612216,0.41786423,0.35101408,0.3071779,0.7100716,0.44580978,0.43131113,0.43004894,0.3714235,0.4527681,0.45501196,0.51293176,0.6978816,0.7212016,0.7318016,0.34366497,0.72852194,0.4195764,0.3421229,0.15537925,0.25940898,0.7816977,0.5288156,0.87079835,0.5542917,0.9361775,0.66867226,0.13019545,0.47073668,0.72007024,0.14956567,0.7787468,0.4525354,0.54087996,0.16561967,0.24967791,0.33458924,0.28465608,0.074730836,0.27490208,0.29543298,0.45050693,0.4919636,0.3688717,0.52937853,0.57953054,0.4460815,0.7488396,0.5894776,0.6535797,0.33729613,0.4583116,0.13705233,0.57396877,0.6702854,0.10938063,0.29619777,0.47251305,0.21845092,0.18456766,0.35883814,0.3331834,0.9179131,0.32298023,0.49520633,0.8442655,0.82840466,0.12507266,0.8892496,0.46081486,0.14610559,0.66320515,0.727904,0.46754122,0.63524616,0.47998932,0.6530864,0.3902617,0.46219808,0.14151433,0.20196633,0.46557856,0.3946759,0.16395633,0.6693957,0.40376213,0.8016468,0.40024784,0.51182395,0.43553776,0.12557042,0.13280958,0.23471057,0.24785319,0.5319818,0.37937427,0.49487358,0.47697103,0.053884495,0.35440177,0.3480056,0.41072845,0.09365191,0.2927989,0.5186664,0.22047007,0.8174459,0.633411,0.71959376,0.18041568,0.32248616,0.10374783,0.40511706,0.7345729,0.37010592,0.41383773,0.16692808,0.2622949,0.081066,0.9037833,0.20435506,0.5912915,0.21364352,0.72006667,0.43800113,0.7509274,0.6972879,0.4940494,0.14608091,0.14942807,0.79811645,0.71268743,0.16482425,0.33465827,0.6339541,0.512354,0.43733048,0.7118917,0.707456,0.623911,0.50569564,0.60810214,0.75754875,0.25187257,0.6737253,0.65948987,0.45630902,0.3830729,0.6686833,0.5529121,0.77832603,0.4979952,0.26477274,0.38689798,0.25260082,0.5181569,0.38222265,0.34284508,0.24470514,0.60406584,0.30143362,0.39767042,0.81053954,0.3151402,0.72922707,0.35923776,0.35681823,0.62424254,0.46379113,0.8221432,0.15590581,0.23113325,0.33905333,0.44393247,0.6225256,0.4883246,0.81018025,0.33868372,0.27134866,0.3928715,0.482873,0.47160614,0.5932342,0.8554722,0.37513232,0.31913656,0.25612658,0.61438453,0.91164374,0.11353283,0.27365214,0.46521214,0.43150643,0.56846035,0.3569764,0.93364227
BC2026_Train_0002_S08_20250607_030007_20,0.88729304,0.54239225,0.35035574,0.509977,0.3063729,0.69138587,0.24593373,0.3015557,0.64726496,0.070387006,0.7135778,0.5098288,0.49297163,0.6265724,0.23801774,0.47540945,0.9331334,0.22790727,0.53523827,0.43334207,0.91178274,0.1864056,0.46214992,0.32281834,0.8877598,0.92929924,0.32409623,0.7333112,0.10363674,0.7450035,0.7669583,0.43201962,0.28306833,0.36680833,0.3685229,0.55615264,0.40453067,0.4207664,0.49412084,0.30370754,0.33402753,0.4722941,0.6810983,0.56359375,0.46062165,0.45879847,0.29240334,0.41728696,0.4373415,0.54490685,0.6810983,0.684985,0.68869495,0.27988833,0.7688875,0.4272799,0.3224604,0.33438608,0.22750008,0.89376533,0.3674589,0.87740725,0.41750503,0.8982804,0.56250924,0.14685547,0.33295855,0.70114875,0.13908233,0.8369571,0.41706043,0.40848172,0.25747102,0.3482049,0.30687487,0.4437089,0.285851,0.22542691,0.105673835,0.33685198,0.42885324,0.49384063,0.6058229,0.4436425,0.4015053,0.7672356,0.52733475,0.57237566,0.23375383,0.47110608,0.3405341,0.28122893,0.5668081,0.089551665,0.08295008,0.45897573,0.42269257,0.16842344,0.34314123,0.35054225,0.9529004,0.45419413,0.401271,0.79679686,0.73826045,0.14067984,0.8281348,0.54723895,0.10271374,0.5414994,0.7506191,0.24124649,0.51158035,0.48949733,0.69866246,0.5065426,0.3648926,0.18543799,0.23657793,0.42245194,0.43909723,0.18791191,0.7478152,0.46816242,0.75526595,0.3674044,0.42824346,0.44216374,0.26813415,0.089208655,0.31815922,0.42646334,0.58318853,0.29655796,0.61222327,0.756544,0.20585084,0.553752,0.49596474,0.59688336,0.15356241,0.23192962,0.48852518,0.20212024,0.68494105,0.46867153,0.5318165,0.20640525,0.09599913,0.042065583,0.55885845,0.42924958,0.31083274,0.28250122,0.06033933,0.23989442,0.257146,0.82059497,0.20715958,0.5521695,0.13252454,0.5558249,0.39306998,0.65525913,0.52173346,0.5459029,0.145081,0.27899426,0.8883634,0.65102994,0.12346508,0.6138125,0.77459425,0.57538354,0.43287078,0.6901361,0.7427768,0.85381484,0.33235866,0.4445897,0.35547867,0.12098901,0.78111875,0.67947185,0.52294147,0.5331975,0.63543063,0.5021793,0.81174165,0.43819976,0.3214475,0.23188822,0.26196167,0.64911807,0.36820337,0.32154238,0.2868318,0.5503366,0.31133717,0.49950415,0.61841846,0.6979167,0.6859654,0.42274788,0.4104824,0.38871258,0.458756,0.7188332,0.10830033,0.19403897,0.43957254,0.4400012,0.26637188,0.77561665,0.7834231,0.330485,0.34164456,0.4487028,0.73812914,0.49277264,0.41449687,0.9426171,0.28459552,0.34759575,0.45022285,0.51689655,0.88321733,0.11126775,0.1797885,0.6818563,0.4683216,0.4349643,0.23153125,0.94192564
BC2026_Train_0002_S08_20250607_030007_25,0.90759903,0.55642164,0.13746816,0.59813815,0.31036043,0.6205752,0.45379975,0.5456335,0.61530256,0.07926916,0.56108415,0.29592425,0.51608217,0.71601456,0.20318207,0.520007,0.8330235,0.15955098,0.68698084,0.47722584,0.8775268,0.4647513,0.6686066,0.3922483,0.80882514,0.8340882,0.36126393,0.6490408,0.056705877,0.576227,0.7521183,0.3799642,0.37175497,0.46750832,0.47962293,0.5190526,0.31557986,0.3955586,0.53421265,0.44252202,0.3849871,0.49220303,0.69205165,0.53275144,0.44856083,0.4530486,0.35229418,0.39442757,0.52078533,0.5715528,0.71166164,0.6858683,0.6998249,0.3058583,0.7747996,0.34812084,0.40413538,0.6819687,0.32248625,0.9248042,0.33435386,0.74100435,0.40631366,0.832768,0.53841466,0.3963408,0.53660953,0.8298076,0.053774834,0.5728707,0.4745354,0.49540505,0.41615665,0.58511454,0.14159149,0.42192864,0.403712,0.11929108,0.046861164,0.5217333,0.41589576,0.18019676,0.6642016,0.5382736,0.40063557,0.8351875,0.69081223,0.57734734,0.22947507,0.30649322,0.35599858,0.2532845,0.540549,0.12324807,0.047778077,0.4801515,0.4312083,0.2866144,0.3343727,0.34800303,0.66670865,0.48649487,0.64316666,0.8114774,0.7074285,0.250008,0.53629506,0.34135702,0.10449367,0.4938939,0.70414853,0.2983026,0.6478356,0.3954461,0.50144863,0.26403323,0.41278803,0.31513727,0.43740866,0.52262706,0.67907655,0.30460566,0.6423242,0.47463354,0.82930136,0.39322641,0.2013442,0.50566626,0.5378346,0.12310949,0.16163483,0.31608394,0.55965275,0.20483685,0.4796496,0.8145273,0.53506875,0.51271987,0.3164354,0.73065895,0.33692583,0.2270037,0.3638305,0.36316073,0.9268216,0.25952333,0.40092912,0.19074874,0.053849455,0.12631135,0.5208631,0.17360123,0.19066624,0.34821272,0.06307875,0.19217876,0.1013069,0.7459148,0.119876914,0.73322916,0.21201572,0.31916943,0.50484765,0.6579335,0.42058647,0.62400556,0.20435417,0.52878124,0.7765825,0.56129766,0.10960557,0.5250152,0.6337203,0.3560542,0.63242495,0.5996365,0.508489,0.90899366,0.3438015,0.3483934,0.42040992,0.26905188,0.7718601,0.28687584,0.8841021,0.5398189,0.48219156,0.43684748,0.7466997,0.43269625,0.33684558,0.40380883,0.3229586,0.65587914,0.26686108,0.10259617,0.16141133,0.5846947,0.31555086,0.4192011,0.4992614,0.6047715,0.56395257,0.30544344,0.4500698,0.34259427,0.49394473,0.74718064,0.0892595,0.10716882,0.5702846,0.64453274,0.21603025,0.76872194,0.82414746,0.38062957,0.21388009,0.48057094,0.72524494,0.46694818,0.3663692,0.88302946,0.110185,0.47155583,0.3002827,0.47850817,0.7281457,0.24322881,0.19652575,0.5141697,0.50099444,0.46671316,0.27945134,0.9538832
BC2026_Train_0002_S08_20250607_030007_30,0.85071033,0.5667732,0.13795334,0.6284996,0.32232288,0.41628632,0.4885128,0.4442313,0.62013865,0.14697592,0.7460896,0.43164176,0.6192941,0.7620404,0.32256532,0.55612636,0.86254764,0.31522274,0.67691004,0.2256541,0.96045,0.28563672,0.6023767,0.31751832,0.8969291,0.88046896,0.3244648,0.6397822,0.097392656,0.5305398,0.7340983,0.44800153,0.3742283,0.5390583,0.4662854,0.5362218,0.31959814,0.49245667,0.527272,0.50115293,0.36690468,0.52361894,0.6894016,0.40507865,0.42766485,0.4271039,0.3453218,0.39442757,0.59567434,0.5601932,0.7503516,0.6894016,0.69434834,0.295965,0.7909051,0.28737018,0.41238537,0.50142753,0.108084,0.7966846,0.2990731,0.7721083,0.641688,0.85109365,0.5280161,0.27871883,0.4138212,0.85830724,0.08124167,0.594774,0.4801729,0.51880544,0.59544784,0.37479764,0.0939077,0.29644632,0.23170166,0.2192413,0.12155841,0.42423254,0.5325756,0.193244,0.582238,0.63977575,0.356067,0.737527,0.5802593,0.54030406,0.37883538,0.50324273,0.15652142,0.49349996,0.51727116,0.099333584,0.03417483,0.51486456,0.24639207,0.2746254,0.625427,0.47962943,0.7607787,0.55511314,0.54631835,0.83453405,0.781045,0.24062683,0.7038847,0.50964844,0.333303,0.6083163,0.85737085,0.45284858,0.64344317,0.49130958,0.6186336,0.3948486,0.5379728,0.1741625,0.16873151,0.4972995,0.5441637,0.3381995,0.5880077,0.51978964,0.83967906,0.6800437,0.27201983,0.5788969,0.59245443,0.16330141,0.27019876,0.5462731,0.4607253,0.20344475,0.5871146,0.55928826,0.49913523,0.58547294,0.44005236,0.7562475,0.21621992,0.40477446,0.44494897,0.4986208,0.6402447,0.48891243,0.44268376,0.21240206,0.11111305,0.18493956,0.5475829,0.33149442,0.3069336,0.43086165,0.19825684,0.46650672,0.13025126,0.86617106,0.24687392,0.55864817,0.25654912,0.4425977,0.58645624,0.85506666,0.49910057,0.4982996,0.2028395,0.34097427,0.9219104,0.65087014,0.3505833,0.3361729,0.80601245,0.5024418,0.4764172,0.77654576,0.65188503,0.8099487,0.49448127,0.41963336,0.7899451,0.4351766,0.6816536,0.3773714,0.64322567,0.4819177,0.34508198,0.32517534,0.6151663,0.5251274,0.3727994,0.5524791,0.3454646,0.64648414,0.3944458,0.16963467,0.20481074,0.6762314,0.35597515,0.25562143,0.65619946,0.4102257,0.6269897,0.28788763,0.4889594,0.6548872,0.50169826,0.6464428,0.18800206,0.19993033,0.28135234,0.7227042,0.36238325,0.37221324,0.81614596,0.39832705,0.19089976,0.4498625,0.7411295,0.48021972,0.5742654,0.94518924,0.16965835,0.61343753,0.25058267,0.48562202,0.88190985,0.23587276,0.13347282,0.62592554,0.66519433,0.41836047,0.31479228,0.96864533
BC2026_Train_0002_S08_20250607_030007_35,0.9260354,0.5896658,0.13892534,0.543498,0.3456979,0.581963,0.3018709,0.546566,0.46303377,0.10419424,0.71380705,0.54286003,0.35811576,0.7332633,0.22332509,0.56092393,0.8932315,0.19345182,0.52973473,0.23606417,0.9164366,0.16604815,0.6048337,0.38871497,0.9179278,0.9526345,0.20102358,0.7445012,0.049160108,0.5660003,0.75123495,0.36617407,0.339425,0.5226283,0.3406104,0.48398376,0.34991816,0.56814927,0.558701,0.38453045,0.42955387,0.39594615,0.7143116,0.3497355,0.42850628,0.43692076,0.3397797,0.38390946,0.4945601,0.5911866,0.7240283,0.71837497,0.7150183,0.36574832,0.78642,0.4899393,0.3378604,0.28943926,0.0989309,0.8554431,0.3874438,0.7828412,0.6550564,0.8104632,0.74275154,0.2688356,0.18855625,0.8670682,0.22730416,0.6410492,0.46752292,0.3922661,0.28935164,0.21676941,0.039806355,0.2916775,0.24549174,0.12018551,0.16859657,0.39905983,0.39857513,0.35940075,0.5167357,0.52947986,0.30577633,0.6788583,0.5055773,0.68223363,0.19956309,0.45379713,0.29156175,0.275685,0.59024894,0.054045744,0.043295916,0.4755424,0.3659459,0.2911315,0.5528086,0.38557807,0.6233629,0.6213147,0.19631308,0.78840995,0.8611729,0.13381325,0.66075814,0.61581707,0.3024486,0.33499593,0.68734944,0.47215462,0.3560512,0.33311075,0.450482,0.34266165,0.66380256,0.32786667,0.048575833,0.40544,0.47814983,0.12444217,0.6986927,0.47872794,0.8522815,0.59577334,0.34721476,0.33370534,0.18949135,0.16272156,0.2788946,0.61799395,0.5510711,0.29279396,0.41947058,0.5552945,0.24429914,0.5171288,0.28965968,0.48827985,0.05416241,0.16526496,0.43863752,0.22414108,0.61435556,0.6844583,0.34061575,0.152839,0.1262245,0.1302755,0.62902415,0.4083062,0.2840404,0.3705886,0.10543025,0.37345728,0.20731583,0.6676906,0.36998892,0.577979,0.14651626,0.6065418,0.5708244,0.7559457,0.7449913,0.4739276,0.12815933,0.20746891,0.69771326,0.4471356,0.1403545,0.40817872,0.7084713,0.49496314,0.44880772,0.7452575,0.6693214,0.5796248,0.5959833,0.5123184,0.39698893,0.17971666,0.66578937,0.6971719,0.5425309,0.36441174,0.49769652,0.34769517,0.36669594,0.46905085,0.15641765,0.34342456,0.23023315,0.3548342,0.1750995,0.4507146,0.16595532,0.5940353,0.34752446,0.31836864,0.49304906,0.4265271,0.56823134,0.14045449,0.29068667,0.5685539,0.5016888,0.69228417,0.050704837,0.24928291,0.21620816,0.4299688,0.62971306,0.23923025,0.78280455,0.32881808,0.22474307,0.51077294,0.65000963,0.46448815,0.35658336,0.92754054,0.43653283,0.4607655,0.34888807,0.30991107,0.43692648,0.29750562,0.18136825,0.5047592,0.6959604,0.2624021,0.14520809,0.9231994
BC2026_Train_0002_S08_20250607_030007_40,0.87620527,0.54411745,0.40803832,0.5251731,0.3593104,0.58508694,0.50176454,0.6708811,0.68661165,0.058085002,0.5807548,0.5052183,0.42035645,0.8809384,0.22335792,0.5415039,0.895036,0.29472145,0.675982,0.3738591,0.84354854,0.27648667,0.6254543,0.47952166,0.9687021,0.9022246,0.277475,0.7837911,0.21514735,0.6066206,0.733215,0.3645302,0.43879998,0.6079583,0.38777292,0.47503382,0.26370704,0.46751705,0.35466707,0.48763674,0.34096825,0.48087868,0.692935,0.48909798,0.35600135,0.36343417,0.29168823,0.50423676,0.4530486,0.49708444,0.7434616,0.67668164,0.67332494,0.40090498,0.68611765,0.33331087,0.3730604,0.4569798,0.34888044,0.8375866,0.39129734,0.76037556,0.72049284,0.82816803,0.85948277,0.18576026,0.2245435,0.80772984,0.08778224,0.6887671,0.47439793,0.6208051,0.1940864,0.28651014,0.18786232,0.21664234,0.17484084,0.1627076,0.3614927,0.2787089,0.50068545,0.6718646,0.66636115,0.28200942,0.47496006,0.7059159,0.90101105,0.59158385,0.1609509,0.5498667,0.5096667,0.340352,0.5665909,0.034942526,0.0843305,0.42684233,0.29725933,0.42712575,0.33501074,0.35769874,0.54545575,0.76014245,0.1323115,0.7630283,0.78060925,0.12801225,0.54956037,0.46758682,0.19970468,0.19785349,0.74933255,0.4062758,0.5139102,0.22137351,0.50866055,0.15888707,0.69780564,0.20130225,0.08841274,0.2867711,0.38864252,0.13356242,0.5519933,0.28498664,0.85163665,0.36834356,0.32455716,0.3737779,0.19193932,0.10093383,0.28946632,0.5684241,0.63296777,0.50275,0.39782837,0.43325362,0.17395008,0.29890832,0.39235693,0.4972102,0.11027607,0.120404154,0.43962985,0.26592034,0.51663256,0.49078214,0.33267343,0.096370324,0.14786294,0.0756765,0.6708938,0.44856322,0.48964098,0.44667786,0.15494259,0.4456879,0.21114984,0.66011727,0.20784166,0.7127275,0.27254808,0.5851166,0.43397185,0.8202885,0.78092915,0.55880356,0.18919991,0.197736,0.6995334,0.48571825,0.051712,0.3739804,0.6616162,0.43913943,0.34380633,0.58931607,0.5710159,0.66784215,0.49251366,0.5060498,0.40258482,0.20752448,0.71095294,0.6403715,0.1974,0.2966304,0.6351535,0.59469825,0.47376984,0.5293611,0.25420916,0.4797788,0.3021012,0.22051209,0.22908907,0.35203102,0.39755204,0.50272673,0.2723624,0.22751725,0.570878,0.4939938,0.6021801,0.26403758,0.44450584,0.5114683,0.4821311,0.7669567,0.050769918,0.108585574,0.30954948,0.4660463,0.45730108,0.20944898,0.7140773,0.346559,0.1273725,0.5470007,0.66052514,0.50124854,0.36583725,0.96991664,0.23604758,0.21302973,0.3180166,0.3296344,0.36854857,0.45684597,0.26903874,0.4473014,0.5277545,0.26471645,0.25051785,0.89467514
BC2026_Train_0002_S08_20250607_030007_45,0.9023451,0.7953017,0.77602035,0.43792915,0.3700354,0.73310006,0.44616562,0.60454935,0.6225164,0.134138,0.42181316,0.8023188,0.63940054,0.9061188,0.48645988,0.62615514,0.9358729,0.6323087,0.6084764,0.32279658,0.65790606,0.69738185,0.54886585,0.46415165,0.9875873,0.8940064,0.46919662,0.91552293,0.40695623,0.7856796,0.723145,0.38425645,0.35753334,0.6300416,0.48079166,0.55615264,0.32927865,0.5878936,0.37950757,0.47065023,0.38991863,0.48581022,0.6809216,0.45001072,0.34071502,0.34688562,0.34013724,0.50886476,0.55395246,0.5684675,0.7402816,0.67332494,0.67668164,0.32440832,0.6343355,0.44659358,0.3689354,0.31654364,0.56878996,0.8098746,0.32232368,0.81836647,0.60775936,0.8936657,0.87300694,0.30638912,0.31926093,0.86864793,0.13947776,0.9427041,0.49172288,0.56946987,0.32912183,0.26962894,0.36255753,0.36627224,0.1417075,0.15815601,0.23237331,0.26433468,0.29572347,0.44681033,0.6685208,0.3806376,0.35066384,0.6214548,0.8438082,0.59845793,0.23473667,0.36573464,0.4354829,0.7777542,0.3066167,0.05977225,0.16516966,0.28402585,0.42521146,0.3322939,0.47956675,0.4165518,0.8636956,0.77608114,0.29552868,0.78798676,0.7552247,0.37150133,0.71803904,0.28789768,0.121603,0.32951704,0.6088352,0.4182985,0.6074687,0.36350793,0.5312859,0.220453,0.686558,0.15708107,0.24231708,0.35673994,0.646266,0.23525214,0.760127,0.22100972,0.85847044,0.25644332,0.428109,0.4640899,0.39417997,0.19585492,0.45549998,0.26257482,0.3150267,0.25656623,0.26702455,0.6691666,0.38312405,0.33189896,0.26738933,0.6373079,0.32561663,0.17047963,0.5052549,0.378715,0.74221313,0.25378168,0.27461743,0.11906074,0.07440829,0.05169625,0.613453,0.4220033,0.34540808,0.5681713,0.40494162,0.55975205,0.38162082,0.75584304,0.2367133,0.5378489,0.18736526,0.42982024,0.30527258,0.7942712,0.5590558,0.5360608,0.09915315,0.083508834,0.42830482,0.46079552,0.15215233,0.3949964,0.66016656,0.39520815,0.13219582,0.6692578,0.6141426,0.7005259,0.2994577,0.74417496,0.45050788,0.13010491,0.5501745,0.79243326,0.12220833,0.25272384,0.62356335,0.40158737,0.42264986,0.70656043,0.36160016,0.48919716,0.5527312,0.3435652,0.18467267,0.3696627,0.31367087,0.5294465,0.37505206,0.1831659,0.6807456,0.6527972,0.5201686,0.099519745,0.48052448,0.36188307,0.5223409,0.75955075,0.10294408,0.06989125,0.36775768,0.25376326,0.50191766,0.44359294,0.72387135,0.36744642,0.15728885,0.49478605,0.4631096,0.31245047,0.46027315,0.93520343,0.25739065,0.14564383,0.3384419,0.17042334,0.28755698,0.18649551,0.21601191,0.25793684,0.48488063,0.111269414,0.08593817,0.8888412
BC2026_Train_0002_S08_20250607_030007_50,0.89931583,0.56289136,0.28654778,0.44382885,0.33497292,0.65125567,0.17465308,0.50263476,0.55729353,0.08395908,0.47517446,0.5621307,0.67387795,0.8248576,0.34937963,0.66786885,0.9610128,0.69925,0.91279864,0.41971597,0.55966574,0.8003354,0.8881958,0.46044165,0.9417929,0.85987306,0.4241679,0.54498357,0.20624098,0.55539936,0.74381495,0.5324775,0.42996666,0.62615496,0.39726043,0.41001022,0.32069403,0.6057751,0.6294427,0.33329695,0.45823,0.53823096,0.7314483,0.435216,0.3400138,0.34085524,0.3680267,0.50648063,0.48698708,0.5576688,0.746995,0.7213783,0.72526497,0.45991164,0.720775,0.3824832,0.33827293,0.28426924,0.356738,0.7837594,0.5301682,0.773105,0.50109684,0.9177855,0.8451582,0.4807163,0.5081589,0.7571602,0.118171826,0.8141316,0.45226043,0.6293187,0.12752225,0.26046824,0.20552379,0.47516453,0.17629798,0.17962167,0.29039702,0.438559,0.3870273,0.28247458,0.49363273,0.78142494,0.54345196,0.6884719,0.8840109,0.6335185,0.22470298,0.5296074,0.45356688,0.41398132,0.4486895,0.17598686,0.3671979,0.30597666,0.38144323,0.35737017,0.3236399,0.6009523,0.8812308,0.7241024,0.53834957,0.6491439,0.7137166,0.27740216,0.8537937,0.48911753,0.10793548,0.59032965,0.73753464,0.44904417,0.697528,0.3354047,0.5911389,0.3031927,0.50331724,0.28510264,0.13537332,0.24902433,0.7757125,0.18165798,0.77485,0.09773175,0.73106086,0.46967828,0.52944374,0.3625846,0.28444004,0.21609583,0.30569494,0.2018925,0.33213478,0.21353266,0.43766454,0.58520323,0.51339114,0.43981472,0.24689887,0.555069,0.15443216,0.50930697,0.46025866,0.20471564,0.70778984,0.43216065,0.34401885,0.2010894,0.21740134,0.12286951,0.2936944,0.5658848,0.48226812,0.52094555,0.22185417,0.49976888,0.3217678,0.8491843,0.5379292,0.61087036,0.32458997,0.49557215,0.42663094,0.7423465,0.58132124,0.60066885,0.17443782,0.06775442,0.576561,0.6070368,0.23172392,0.2770874,0.58689564,0.4930935,0.23142466,0.51099396,0.56511706,0.43801084,0.29987782,0.6609387,0.3549101,0.09188492,0.666899,0.6871046,0.19191682,0.27438965,0.7767824,0.371606,0.5085776,0.54709506,0.27223483,0.427434,0.41678566,0.31555244,0.343831,0.36214358,0.18917134,0.6250092,0.27809834,0.4861374,0.60030925,0.5611549,0.555632,0.22095576,0.29928026,0.4380128,0.46822882,0.6276516,0.05228458,0.14288618,0.5132485,0.17393458,0.6445468,0.33066964,0.7492498,0.3552326,0.4156766,0.45955825,0.361485,0.37754795,0.586168,0.90362537,0.60901874,0.16355783,0.55649376,0.30447105,0.45050895,0.16096342,0.1746975,0.29269466,0.61912394,0.22340205,0.13399334,0.9185903
BC2026_Train_0002_S08_20250607_030007_55,0.8129679,0.60937345,0.26769394,0.53625745,0.34336042,0.5793909,0.10267517,0.54527617,0.3822454,0.102295585,0.5075826,0.6415743,0.7698361,0.7933039,0.30800775,0.60757315,0.9721006,0.3170167,0.88974583,0.26962447,0.6729828,0.5429264,0.6996865,0.4076183,0.94915855,0.8980355,0.40321806,0.5256605,0.067751355,0.42107257,0.7577716,0.4341201,0.32122833,0.5353483,0.35477293,0.44361794,0.46626663,0.48959622,0.6583918,0.3161278,0.40014708,0.46407485,0.73233163,0.36726996,0.3736718,0.37409255,0.35640606,0.48081642,0.51461464,0.5268157,0.7001783,0.7335683,0.7335683,0.413625,0.6612459,0.3744695,0.31201038,0.46480653,0.35523665,0.7287883,0.44095677,0.81952614,0.3560365,0.85119724,0.6391523,0.33987272,0.26133987,0.6638264,0.175955,0.5581234,0.4431854,0.3741968,0.26440263,0.33083686,0.23406047,0.37384558,0.31764734,0.21859641,0.49352917,0.20132972,0.3162058,0.52573955,0.47065997,0.7519008,0.483889,0.69823277,0.71358126,0.7088808,0.33696586,0.44512922,0.24596041,0.35078526,0.5244023,0.06586379,0.14277217,0.22517276,0.2634767,0.22628473,0.33982196,0.6020791,0.8734881,0.40500897,0.41652447,0.7171295,0.6245751,0.45792067,0.8887316,0.5871626,0.34879997,0.76598954,0.8514719,0.5930854,0.81078744,0.66235274,0.6218878,0.38039806,0.5683995,0.12646666,0.15694126,0.24863216,0.5778364,0.36091456,0.9412343,0.13054234,0.6180213,0.5100983,0.45125666,0.42226076,0.4810141,0.14976409,0.29039925,0.43115157,0.31472525,0.3075189,0.35447618,0.5298291,0.18848333,0.5042117,0.35064277,0.3136718,0.16720957,0.36978096,0.63926244,0.06245891,0.76282245,0.35466927,0.46055144,0.13591732,0.20656638,0.08718116,0.2541146,0.44736028,0.671425,0.36284915,0.16831258,0.49767768,0.09547307,0.81837034,0.38466126,0.54263186,0.21454544,0.57054216,0.3272201,0.7634276,0.572818,0.52608156,0.15919815,0.17533982,0.8070694,0.6039671,0.24368145,0.36820734,0.69510424,0.6236625,0.26833773,0.50275105,0.786288,0.55935425,0.30286676,0.5440987,0.46464115,0.34856275,0.7331829,0.7102903,0.3179418,0.54879993,0.80295944,0.569496,0.63248694,0.41107187,0.60856926,0.39846018,0.30223575,0.4484112,0.293421,0.43016058,0.102953665,0.7063354,0.25692257,0.48175314,0.7285998,0.5265473,0.4869734,0.41048467,0.3035015,0.6792294,0.47527882,0.7400198,0.067336574,0.20525374,0.60529995,0.39218307,0.36512265,0.4144625,0.6264251,0.40828896,0.56955624,0.37379783,0.5190636,0.34260958,0.53640294,0.93952274,0.46392635,0.1706815,0.5367304,0.43883398,0.65093666,0.33945742,0.3012619,0.5462081,0.5752374,0.30449593,0.42819786,0.9885374
BC2026_Train_0002_S08_20250607_030007_60,0.90037966,0.55214167,0.8362855,0.44293496,0.37319788,0.28095192,0.22815514,0.7174229,0.35203254,0.25430208,0.37971807,0.84524584,0.8853667,0.74903625,0.5475,0.2585284,0.90321165,0.2901429,0.8587378,0.52362394,0.6801871,0.7348589,0.6658132,0.41671664,0.8673754,0.8081995,0.14974767,0.7765879,0.27883494,0.43221116,0.74178326,0.35558033,0.34392998,0.40055162,0.4951604,0.61170626,0.42462227,0.5289275,0.55034244,0.43375477,0.34535187,0.39211047,0.7028283,0.51722616,0.3959702,0.39926586,0.30035898,0.40929317,0.5102672,0.5168585,0.7206716,0.69894165,0.69478995,0.3347433,0.7063004,0.686525,0.30025414,0.7402812,0.7409792,0.65016985,0.6967312,0.89122665,0.68367547,0.8069672,0.8321111,0.448743,0.06931416,0.5761969,0.070053,0.6317044,0.37677288,0.47169355,0.35278663,0.09670458,0.8735699,0.4006176,0.86097705,0.06445167,0.25342616,0.1504775,0.3331166,0.40424833,0.37962446,0.41005683,0.0781055,0.38458323,0.9320145,0.8154687,0.10104683,0.16605048,0.14942291,0.32488874,0.28985238,0.05664588,0.21018541,0.21664998,0.397287,0.18840502,0.273332,0.32371163,0.87113136,0.113783665,0.097289994,0.81264013,0.36783743,0.66676664,0.90629786,0.7150416,0.19419947,0.5407746,0.6804236,0.5674824,0.57903624,0.68414575,0.49640778,0.7114084,0.89431447,0.06760291,0.5243125,0.2018644,0.5632225,0.20691907,0.9726833,0.09071059,0.4610166,0.20793457,0.48050863,0.3029225,0.6381104,0.14121608,0.28900498,0.69626254,0.17925957,0.26192537,0.56697035,0.8422791,0.07687458,0.5669012,0.36120248,0.4436224,0.2636051,0.17530358,0.7079062,0.13752942,0.46384817,0.50609624,0.16600417,0.15321533,0.06658339,0.025673166,0.27212378,0.6921774,0.442442,0.6825416,0.30484056,0.24223115,0.109197825,0.90205723,0.065945506,0.17827207,0.104449,0.41181725,0.43061143,0.48787165,0.92012495,0.3654395,0.18629415,0.26338708,0.67769504,0.34897083,0.21416125,0.41771084,0.412026,0.4415157,0.098491,0.70363104,0.790985,0.5234829,0.31634623,0.38776898,0.19445391,0.938375,0.7490866,0.32610732,0.07183033,0.4236945,0.8361791,0.33466125,0.3406769,0.49069738,0.7728125,0.12084917,0.23915899,0.21861601,0.16804199,0.2988936,0.06821567,0.5377619,0.36674905,0.2804554,0.40892035,0.58355075,0.37511715,0.19128168,0.37474626,0.8622978,0.46828437,0.5238158,0.12968208,0.08871625,0.5954009,0.20701359,0.28671342,0.60863674,0.2664984,0.18524565,0.36200124,0.34153455,0.5447328,0.29389334,0.4319204,0.9427592,0.08690866,0.04767625,0.15179291,0.14304796,0.55981815,0.69969785,0.2039079,0.5864625,0.5241578,0.12117492,0.22261918,0.9777877
BC2026_Train_0003_S08_20250607_070007_5,0.9805945,0.5047114,0.24700567,0.40476575,0.4033791,0.63185066,0.13604175,0.22867417,0.588045,0.5944681,0.67775977,0.30814683,0.6685655,0.99220824,0.319931,0.7503928,0.6928184,0.5021471,0.940712,0.5939204,0.49523696,0.9520396,0.9251021,0.46936327,0.8325264,0.6929085,0.78339875,0.102759674,0.3496104,0.6401756,0.44719166,0.33968973,0.40752995,0.43482497,0.52919155,0.33877647,0.41813815,0.7650331,0.48763674,0.3720189,0.80140424,0.5138471,0.3951633,0.28224605,0.35740373,0.3718486,0.7186526,0.46931657,0.63445115,0.7047123,0.49126995,0.4062933,0.42033827,0.48994493,0.68326354,0.83004874,0.40901664,0.8754562,0.782927,0.62084,0.6983274,0.83726966,0.377663,0.73797286,0.3166733,0.15880112,0.97417283,0.80660313,0.90264577,0.66092,0.42599788,0.7976309,0.11618017,0.43936047,0.5173084,0.17991748,0.9427854,0.48034483,0.3132837,0.7300384,0.7861792,0.7433832,0.66356885,0.47997725,0.8070712,0.21677983,0.15033667,0.34914964,0.056592833,0.2597686,0.23630582,0.61126286,0.67091584,0.67549366,0.72922915,0.92238116,0.59149516,0.90463495,0.048314333,0.2670364,0.39760533,0.6623255,0.63674587,0.6594664,0.4722125,0.5902414,0.1919926,0.7115585,0.5824002,0.57470524,0.26187426,0.11469766,0.29625458,0.7339499,0.7665309,0.65387374,0.60697675,0.22475773,0.6707516,0.27094874,0.9733758,0.8367354,0.3859529,0.7638325,0.92808294,0.32137576,0.54868144,0.83474994,0.7008621,0.31069177,0.64035606,0.26820067,0.22338764,0.4414585,0.59906185,0.7136545,0.35770726,0.42381823,0.34683147,0.5353602,0.117668495,0.43588743,0.82723624,0.40474036,0.6910118,0.12311549,0.22986749,0.08617767,0.41399577,0.07783733,0.32073203,0.22439875,0.5483222,0.13868141,0.9318741,0.17617483,0.7308579,0.48420438,0.13452448,0.1409964,0.8353683,0.08569916,0.4975079,0.08280583,0.74266404,0.46413645,0.56611073,0.72201514,0.4625594,0.30425325,0.29074806,0.35888955,0.49012038,0.5218121,0.7182321,0.9824187,0.57432085,0.80307084,0.51366955,0.973475,0.22781533,0.57798666,0.075119995,0.6432098,0.7757536,0.6388471,0.19453233,0.38579416,0.07514834,0.3437566,0.17884925,0.30199456,0.14767192,0.48020962,0.33400446,0.43224427,0.33203465,0.4484752,0.6662812,0.16937308,0.20094167,0.13435167,0.25410756,0.14825575,0.62520516,0.4613558,0.5870255,0.8833145,0.6460049,0.69456494,0.80040836,0.410895,0.45977664,0.3908299,0.7357883,0.33675233,0.5114146,0.74828744,0.35800344,0.64366853,0.1262425,0.55910045,0.5427674,0.43157566,0.67469364,0.7986389,0.19098917,0.710214,0.38482046,0.6356714,0.49412206,0.59488374,0.28366417,0.08732408
BC2026_Train_0003_S08_20250607_070007_10,0.9376526,0.5976284,0.64762545,0.4693942,0.41678542,0.89459515,0.84903413,0.7176354,0.86445665,0.71304595,0.9115979,0.789406,0.72481245,0.9302246,0.563391,0.56069255,0.6291472,0.43700805,0.8665043,0.8267774,0.5073655,0.89968485,0.843229,0.37334496,0.85225147,0.8023658,0.42448696,0.3070096,0.7346278,0.43648618,0.4579683,0.36361694,0.482525,0.38147163,0.43026042,0.46188304,0.44179145,0.7378382,0.5918293,0.45950854,0.7913128,0.42882323,0.3683983,0.34169886,0.34688562,0.36497682,0.6443323,0.53228515,0.66986215,0.69328254,0.4505483,0.355855,0.377055,0.42952496,0.6575763,0.9234833,0.5423229,0.49302834,0.48318556,0.574593,0.4044522,0.80121326,0.73881125,0.66737807,0.47615597,0.74731994,0.8704846,0.923548,0.52220935,0.79446733,0.4023479,0.7129464,0.38091516,0.572189,0.8885031,0.31417274,0.8015099,0.43732706,0.60864043,0.9541499,0.74683565,0.74340844,0.86344904,0.67331624,0.818982,0.7728708,0.22300091,0.6823194,0.11439058,0.6748618,0.25458208,0.5017141,0.7963958,0.8155787,0.5944598,0.619686,0.8185198,0.9634249,0.18353233,0.5765487,0.48554108,0.7389755,0.40073532,0.5644443,0.4909965,0.89771664,0.23920533,0.7671931,0.7816105,0.5320157,0.35669225,0.48623863,0.35385257,0.8231,0.7988627,0.48809624,0.83030194,0.53156793,0.77111477,0.28786802,0.89716357,0.58891517,0.24585167,0.7954583,0.82931167,0.37064347,0.8107398,0.601207,0.653567,0.3944473,0.5369793,0.5066607,0.7182878,0.7906331,0.7568629,0.51446235,0.6244069,0.5741394,0.631773,0.58610606,0.5700755,0.44442117,0.54806364,0.35726142,0.54786235,0.37766922,0.35799897,0.45447063,0.80401546,0.2515866,0.7434443,0.16575074,0.5441343,0.2551504,0.6894969,0.20413357,0.7898319,0.67270416,0.2970405,0.6901934,0.51406014,0.35790592,0.93469167,0.19216208,0.8646394,0.52734655,0.61280286,0.55062294,0.23514742,0.67886126,0.7850418,0.39555633,0.64153117,0.665552,0.30135566,0.9344325,0.5179318,0.39232457,0.14441085,0.9696027,0.57790136,0.6293166,0.19049901,0.42970783,0.6920161,0.50579137,0.6344669,0.4905869,0.05591433,0.41526467,0.42889422,0.85290426,0.20204917,0.77587515,0.14468597,0.33787858,0.7002416,0.568725,0.5623953,0.8032026,0.35344967,0.57919794,0.26760507,0.61398846,0.28831068,0.5463686,0.48097265,0.59166956,0.70241916,0.7518691,0.50188506,0.28139672,0.4905974,0.26413238,0.69967484,0.27783412,0.5200961,0.6551464,0.13982542,0.83132505,0.058628745,0.46579218,0.77854216,0.39495516,0.6351072,0.66649973,0.3640324,0.7161935,0.5806572,0.70086086,0.721534,0.8394687,0.57769245,0.31050205
BC2026_Train_0003_S08_20250607_070007_15,0.84669566,0.5225985,0.64910376,0.41808474,0.44566038,0.9120562,0.7552717,0.6820437,0.80524564,0.75886774,0.8910301,0.8415309,0.6582559,0.9327392,0.6161854,0.37942445,0.7090162,0.45524916,0.9140523,0.8138123,0.6172982,0.89114356,0.71382296,0.299675,0.76062554,0.8442971,0.3663919,0.21867907,0.71082604,0.72319883,0.33986664,0.34078562,0.37104833,0.4880016,0.4440104,0.4005124,0.33512345,0.75683737,0.5443498,0.40964493,0.8074183,0.43850368,0.28253832,0.39101455,0.37731808,0.38461065,0.7316913,0.4820786,0.6988922,0.7127762,0.36115497,0.29190165,0.29543498,0.33324164,0.651868,0.9309974,0.5541479,0.54565364,0.59830016,0.4744754,0.36267376,0.7915997,0.6994559,0.68573356,0.23156486,0.7497144,0.75679606,0.6550814,0.59817576,0.8718161,0.33057287,0.48723903,0.17624916,0.56542027,0.8680142,0.13254884,0.6068989,0.41183215,0.47195062,0.8843066,0.6943388,0.6844328,0.9428382,0.52328634,0.7431093,0.7381711,0.13110918,0.8750404,0.084883496,0.92749584,0.5219075,0.335587,0.7717706,0.82975423,0.6390429,0.60259056,0.80541664,0.94588464,0.69590974,0.6389054,0.16373728,0.7516184,0.29688597,0.67259955,0.42598632,0.8403782,0.12123884,0.82384944,0.85936046,0.1403814,0.21277033,0.36693066,0.36115,0.65179205,0.84727603,0.34626508,0.92027295,0.6572014,0.88499457,0.53479666,0.8636753,0.34709406,0.18686083,0.77235544,0.75221413,0.35172197,0.7015791,0.5018474,0.3013775,0.3520061,0.5703622,0.6781037,0.6496106,0.8860207,0.65071124,0.4413695,0.8312811,0.3435009,0.6306676,0.8778292,0.7438625,0.5399227,0.489685,0.31453022,0.5810765,0.1387534,0.121073656,0.5629739,0.88241065,0.4365581,0.79073197,0.22982498,0.6570313,0.24605158,0.5271362,0.14929892,0.46576774,0.47660816,0.4269856,0.8869607,0.47893488,0.20796224,0.97282284,0.31892663,0.7003326,0.6236085,0.64722604,0.6017429,0.091526255,0.7242187,0.9173062,0.6225611,0.43160167,0.5765204,0.25751173,0.6273048,0.31526232,0.46536988,0.028741665,0.95897615,0.6702937,0.4739299,0.35988113,0.39187562,0.7995397,0.7195562,0.6440772,0.3999017,0.039033085,0.29366434,0.4593679,0.95906246,0.36240757,0.67650795,0.083833076,0.40023857,0.65796375,0.263214,0.2143575,0.9570417,0.110083155,0.48795944,0.3907901,0.549635,0.13968825,0.42267048,0.495675,0.4208186,0.868571,0.7715227,0.21038556,0.2632579,0.4790244,0.26174474,0.49093288,0.23567554,0.35164198,0.66455233,0.17608541,0.7905346,0.025785336,0.2702463,0.72336006,0.63756275,0.54028827,0.55670756,0.6528646,0.77101254,0.67515826,0.71327573,0.809629,0.68747485,0.45885614,0.16946551
BC2026_Train_0003_S08_20250607_070007_20,0.9450661,0.6511774,0.8155859,0.5080104,0.4361729,0.6443852,0.7084085,0.5293269,0.50103027,0.3545544,0.52395624,0.6659415,0.49623123,0.86614215,0.38815117,0.6917784,0.7414642,0.594195,0.8270172,0.816747,0.5702074,0.90198416,0.6892258,0.41574496,0.8681769,0.94581664,0.76011014,0.4621607,0.65331316,0.840565,0.433235,0.41074082,0.44772163,0.493125,0.4237979,0.5523811,0.32690415,0.7749052,0.596926,0.38553503,0.7960018,0.5175915,0.363805,0.5281852,0.33748946,0.35123315,0.6957419,0.54083985,0.69861174,0.70800793,0.41645163,0.33041498,0.35285166,0.42387164,0.670216,0.5180572,0.46284792,0.42893523,0.40378717,0.64414173,0.25729617,0.85961664,0.7280422,0.6988861,0.10383539,0.20833725,0.67878985,0.7890339,0.7621604,0.8217144,0.37251043,0.40079334,0.18447742,0.48613107,0.69253397,0.17947227,0.59722346,0.4765841,0.5359727,0.9317643,0.552584,0.541286,0.6383456,0.60370564,0.5767663,0.22427216,0.15666917,0.9001645,0.19447693,0.7069378,0.3848964,0.6683156,0.66637707,0.8412272,0.39873424,0.26165766,0.47327015,0.8997308,0.7538709,0.75404274,0.082895994,0.63561136,0.5739457,0.67792237,0.69396865,0.45867583,0.11484983,0.72612375,0.700492,0.114106506,0.39419898,0.21828791,0.57769835,0.70116496,0.71654737,0.6573314,0.5121882,0.419074,0.7067753,0.4817096,0.9377345,0.3444444,0.49092862,0.6975079,0.6459153,0.59219897,0.4940352,0.581484,0.23088141,0.4594646,0.7639157,0.6316825,0.33148402,0.81367075,0.44138294,0.41403714,0.8723645,0.26330474,0.5864868,0.5112585,0.6644026,0.86532605,0.71212536,0.44057986,0.72562826,0.10473459,0.05267208,0.41595894,0.7963913,0.59774524,0.64601624,0.26735505,0.78657573,0.32054728,0.83688986,0.3314129,0.47773287,0.5675307,0.18671165,0.701278,0.46726927,0.09934409,0.9182858,0.2885978,0.63979745,0.65766126,0.60409945,0.55790955,0.13732716,0.5233323,0.3790655,0.54314166,0.48799783,0.4419021,0.20619157,0.6660471,0.31620476,0.5315639,0.095523074,0.9494362,0.41685677,0.16293216,0.18230022,0.76491064,0.77353,0.67562175,0.43795824,0.50378126,0.17333059,0.32685518,0.57408124,0.6367229,0.30367383,0.44439214,0.29859033,0.595502,0.6899003,0.1522114,0.15269992,0.8492685,0.084718406,0.2137321,0.7332,0.17720452,0.115001254,0.5020495,0.57047164,0.7183766,0.8239298,0.8808104,0.40151742,0.32903942,0.6681256,0.47540414,0.21116178,0.24724953,0.23558556,0.6365428,0.11552241,0.78269863,0.053562414,0.18783307,0.61909825,0.4440674,0.74746466,0.39583075,0.4713203,0.4721321,0.66087043,0.7280624,0.4672621,0.7313284,0.24323982,0.14137842
BC2026_Train_0003_S08_20250607_070007_25,0.90258443,0.78534836,0.9680687,0.55585563,0.50437295,0.4909289,0.48572287,0.5671748,0.5321006,0.34977365,0.39341548,0.8641234,0.54450953,0.71682984,0.19192085,0.8342198,0.747106,0.2829733,0.57685375,0.67440563,0.63360775,0.64584076,0.5459967,0.465035,0.7763807,0.703423,0.87311614,0.6368042,0.789472,0.7302189,0.39154166,0.46663192,0.352675,0.53287494,0.45294788,0.52398425,0.4260835,0.7812383,0.5214271,0.36562613,0.7780615,0.4229784,0.3334183,0.5654286,0.42401856,0.42443928,0.70859426,0.45935944,0.6547162,0.69650805,0.41062164,0.296495,0.29896832,0.40956163,0.71425116,0.212918,0.39808542,0.115337,0.117472075,0.563375,0.25852627,0.739548,0.6965064,0.69232327,0.31805426,0.11679659,0.43642336,0.8400237,0.79066,0.84582776,0.39918542,0.5427476,0.17296948,0.6521527,0.92738,0.27614534,0.69737387,0.63390243,0.48431334,0.6958876,0.64318585,0.5665964,0.66399086,0.36231852,0.76796687,0.16351916,0.2337058,0.6803719,0.3402205,0.5129174,0.13697624,0.77434164,0.36049965,0.8140962,0.4083899,0.25337517,0.6224189,0.7285283,0.60337555,0.87632084,0.21088424,0.4643153,0.615747,0.67324096,0.5080991,0.52300286,0.07650292,0.7912308,0.78551716,0.2705954,0.6764805,0.3824974,0.44927838,0.65671897,0.58532995,0.84261173,0.43410358,0.56595075,0.65370667,0.78100115,0.7789724,0.419423,0.43316406,0.7529798,0.69207454,0.6404215,0.53933394,0.7019948,0.28039697,0.60501724,0.9231688,0.54962915,0.15805371,0.6817097,0.49404225,0.3880546,0.57827,0.2715306,0.6896837,0.12569472,0.8288958,0.9106855,0.7723226,0.35710168,0.4321282,0.20547242,0.09699875,0.55193913,0.5634396,0.8528915,0.2902175,0.5080739,0.79994565,0.20950925,0.8811039,0.5021012,0.72845757,0.5062824,0.3378773,0.42912048,0.43888772,0.18359417,0.44586304,0.06352784,0.62542754,0.65264106,0.7851807,0.62271905,0.20201407,0.3807719,0.2840649,0.64318657,0.50753635,0.16588444,0.16830757,0.75752825,0.38410538,0.6446964,0.42921126,0.8634815,0.15770909,0.20760626,0.33057177,0.7840479,0.5564828,0.6958052,0.5793252,0.33733767,0.35747913,0.53929335,0.69975543,0.46882266,0.3014856,0.5556708,0.20540875,0.46295792,0.5519177,0.20754507,0.31099197,0.8060752,0.15601425,0.09489909,0.62874496,0.18371117,0.25329575,0.3797391,0.5390295,0.8738904,0.83256805,0.83617246,0.38969493,0.6957011,0.5180477,0.38120553,0.22230247,0.41594422,0.505449,0.7197311,0.10676475,0.41596097,0.2209037,0.0725485,0.74221647,0.28415567,0.75816524,0.53041315,0.4134533,0.49640545,0.8015027,0.57887274,0.25390774,0.64695585,0.51957893,0.15250668
BC2026_Train_0003_S08_20250607_070007_30,0.9370076,0.6503811,0.8590567,0.58491325,0.5529792,0.40931517,0.54020256,0.540242,0.22750065,0.67884046,0.79159665,0.85010093,0.3204116,0.8018474,0.4444525,0.8517666,0.7826271,0.27913958,0.7925898,0.8628378,0.6903292,0.72777873,0.50245273,0.34437165,0.74485904,0.51727974,0.7931793,0.45396382,0.54855454,0.62565666,0.40037498,0.4956734,0.34967166,0.43553162,0.4376854,0.48763674,0.30955234,0.7495729,0.60701734,0.38955337,0.7672565,0.48654082,0.30108833,0.40142566,0.44898158,0.44210976,0.7138097,0.44828036,0.63522243,0.6908985,0.418925,0.32758832,0.341545,0.32882497,0.6853022,0.3928073,0.5234854,0.1980244,0.18544865,0.6541241,0.47832084,0.77258676,0.85149235,0.9369563,0.7019309,0.19881791,0.6249217,0.65047145,0.7640952,0.8126465,0.43314788,0.45930415,0.36168158,0.89505416,0.713614,0.51152915,0.69697845,0.9057994,0.53774506,0.5436717,0.74165434,0.5801913,0.9336872,0.23071967,0.6262003,0.14051417,0.5035,0.52673745,0.24664089,0.7979926,0.15402809,0.35544816,0.41297808,0.877293,0.38960156,0.5325999,0.85639244,0.7098758,0.8008096,0.8122137,0.36141604,0.5686669,0.73032916,0.5411089,0.30413407,0.67331195,0.09802608,0.86643326,0.78107536,0.54413307,0.6089815,0.7925994,0.43462422,0.53707725,0.8265239,0.78028154,0.6894886,0.7637541,0.8950377,0.94635326,0.78551614,0.90993744,0.44171268,0.70043826,0.43811774,0.6131543,0.86885005,0.8801042,0.32354558,0.7721411,0.91075385,0.6827628,0.27591735,0.78123987,0.39880657,0.66661125,0.34917974,0.21012248,0.80641246,0.29844236,0.72293186,0.90279126,0.93574697,0.518,0.18401353,0.0967165,0.035333578,0.90063953,0.4913635,0.65569323,0.24489416,0.6627008,0.5778029,0.32914522,0.81351763,0.5313354,0.89454615,0.46362385,0.54663014,0.41113213,0.55911064,0.39983058,0.4334757,0.032039333,0.84865254,0.5898336,0.8764818,0.7664454,0.30579835,0.14579843,0.5347864,0.81907094,0.42268428,0.10850634,0.33415973,0.45638764,0.5760609,0.5013948,0.5297337,0.8179214,0.0737275,0.46816033,0.33363825,0.3193179,0.70750856,0.69792753,0.6618609,0.17772965,0.15965024,0.3942815,0.9198542,0.68953896,0.6236729,0.77347124,0.17985633,0.45578,0.6388453,0.10402608,0.18403175,0.44472498,0.27596003,0.068179406,0.5720267,0.20070283,0.617236,0.4077115,0.5399816,0.7766499,0.79781777,0.67140824,0.4348433,0.63059413,0.6651348,0.4129715,0.49379805,0.44049817,0.79142714,0.7974406,0.048320916,0.27662694,0.67058957,0.11650441,0.6430553,0.14422584,0.78169584,0.6919115,0.1745081,0.5392345,0.931752,0.5069599,0.4432243,0.5163421,0.70785415,0.116336405
BC2026_Train_0003_S08_20250607_070007_35,0.9664667,0.6020079,0.7646612,0.47422123,0.4184354,0.63988477,0.66028064,0.12844133,0.24042512,0.6892848,0.787627,0.87234163,0.4199013,0.95643383,0.5801858,0.69489205,0.7220236,0.5890345,0.88785064,0.7628225,0.5089917,0.6552341,0.32602534,0.33288833,0.7312674,0.7412304,0.462515,0.5987301,0.5880365,0.24142107,0.4245783,0.5126599,0.4235183,0.4251083,0.4000104,0.47631243,0.3720189,0.7499455,0.66389614,0.33293167,0.76582944,0.54024017,0.27494165,0.34370807,0.40747002,0.4306099,0.702075,0.5169988,0.6311555,0.6829047,0.38535833,0.2915483,0.30409166,0.31433833,0.64310175,0.7419952,0.6200104,0.65282166,0.32881707,0.648306,0.4882954,0.60008633,0.7666971,0.7596663,0.59053385,0.39100567,0.8101168,0.75338596,0.47740474,0.89348245,0.41059792,0.79537916,0.63412464,0.59801924,0.59292847,0.42731625,0.64400405,0.5983814,0.7565104,0.85592014,0.590257,0.5847353,0.78627324,0.5885481,0.58782864,0.06789133,0.3321786,0.6474262,0.5504025,0.88634646,0.26817375,0.16248198,0.3028748,0.63371295,0.3982583,0.4242116,0.7272655,0.9443424,0.92071176,0.6483613,0.39583644,0.46360856,0.6682591,0.6914127,0.601042,0.67584336,0.23384911,0.66482556,0.7122942,0.6035712,0.5097946,0.8159083,0.4186374,0.54273623,0.7531021,0.610929,0.5606837,0.6645466,0.81936526,0.9316486,0.8084965,0.7793743,0.6509514,0.371229,0.5025874,0.48257324,0.9176354,0.71466994,0.59234035,0.89597857,0.69255054,0.54718053,0.68155867,0.8021333,0.41404623,0.5949484,0.38617414,0.11821366,0.51257414,0.5031727,0.48913103,0.65101844,0.82445055,0.45714334,0.39063683,0.21585023,0.100832745,0.61550355,0.422766,0.34259525,0.5428151,0.62204075,0.41095182,0.13135009,0.38929275,0.34819683,0.65071964,0.4288704,0.4164287,0.18491217,0.5707537,0.7562495,0.6839509,0.033554,0.83515555,0.5191368,0.91742396,0.5380779,0.36387634,0.20356448,0.4909179,0.6742853,0.66253126,0.39585,0.45769808,0.51199055,0.33543813,0.60107833,0.2353355,0.7923492,0.12538368,0.28911257,0.39592505,0.16380425,0.6310396,0.39466617,0.6503396,0.38420355,0.23528892,0.5514476,0.9237353,0.556564,0.49574554,0.8753655,0.22381224,0.37184447,0.72461337,0.1326805,0.42582834,0.46420166,0.6602291,0.15867583,0.6364387,0.4732796,0.43682653,0.2490104,0.5444572,0.46974647,0.54174936,0.7487875,0.5322213,0.326646,0.6137495,0.40327898,0.38217524,0.58400285,0.4418933,0.7047367,0.12771241,0.37887946,0.328587,0.11542234,0.80014366,0.13040616,0.5711522,0.59121287,0.2731685,0.3996798,0.7400623,0.43683133,0.78845763,0.6141081,0.51083755,0.17344998
BC2026_Train_0003_S08_20250607_070007_40,0.9318187,0.5442083,0.65884,0.42630857,0.3895604,0.5167688,0.64800847,0.20196292,0.5264753,0.8456719,0.5868134,0.71763265,0.59518915,0.9577812,0.39835408,0.36070943,0.7456565,0.5173293,0.79068923,0.8442713,0.58359903,0.6363449,0.37865996,0.41115165,0.7411229,0.8478117,0.21085832,0.47862947,0.7740589,0.26729393,0.44842833,0.51649547,0.42758167,0.46061832,0.39629793,0.59315443,0.2927485,0.7413773,0.5584971,0.33567142,0.78601223,0.4118367,0.329355,0.53585654,0.4474389,0.45571315,0.688105,0.4368507,0.7092701,0.68641067,0.36221498,0.324055,0.34914166,0.41874832,0.7452389,0.6282519,0.5226603,0.59954625,0.58272594,0.64512646,0.64449996,0.38826373,0.55754125,0.6498405,0.47848448,0.6453327,0.7617224,0.88633937,0.5558893,0.84569776,0.3190229,0.91193956,0.6165706,0.7512951,0.68615997,0.52535415,0.630586,0.6295258,0.54861236,0.90304047,0.641377,0.70963025,0.77595294,0.7907729,0.9230318,0.023902584,0.18612497,0.6524074,0.667856,0.6851095,0.36694708,0.25524676,0.45390958,0.6218068,0.44190568,0.58687055,0.93103534,0.8968274,0.9259083,0.86536306,0.30007148,0.57072914,0.493233,0.5571959,0.666734,0.8871107,0.144444,0.53719884,0.7221573,0.3892182,0.7905646,0.78806126,0.33028483,0.4122879,0.82634985,0.6739951,0.4792647,0.7496369,0.62356234,0.9506073,0.87015414,0.5273367,0.5602374,0.4257781,0.6632571,0.7717062,0.8384605,0.447455,0.47264555,0.90615624,0.6940931,0.7899388,0.68666965,0.515815,0.44349775,0.52803195,0.413948,0.22546439,0.43844426,0.5652118,0.74732465,0.8241354,0.7039613,0.5050188,0.43474644,0.29751307,0.4312559,0.5274409,0.56525147,0.48881787,0.6409795,0.679195,0.44024032,0.05453825,0.21167092,0.43648696,0.9090057,0.51029134,0.5079783,0.32933593,0.49028563,0.8775895,0.8479602,0.11800424,0.6730905,0.49998832,0.7612004,0.6318222,0.58292294,0.2332484,0.6428365,0.87799704,0.51084805,0.3418725,0.49827516,0.7144648,0.3775648,0.47252122,0.21377514,0.8270922,0.2970154,0.11333007,0.38788983,0.3678829,0.6114,0.3627204,0.28500333,0.3560639,0.08617809,0.6770121,0.6877334,0.5800667,0.25677508,0.93358123,0.20977575,0.3407685,0.5289957,0.12580633,0.46259546,0.6616814,0.24939033,0.3609377,0.32329863,0.41316703,0.18213366,0.40035975,0.6420849,0.2690117,0.5354255,0.68619746,0.17390968,0.50376445,0.4567988,0.22032806,0.23174813,0.6986171,0.4368457,0.71779966,0.33676767,0.3725,0.22237583,0.21648425,0.65432966,0.1993765,0.5901357,0.3752108,0.3813123,0.36908573,0.9054096,0.45610455,0.8027996,0.67379045,0.66436726,0.20868543
BC2026_Train_0003_S08_20250607_070007_45,0.791292,0.5362181,0.69693744,0.55622816,0.42297292,0.6562407,0.6382029,0.65793324,0.74584365,0.8867854,0.85525155,0.5984414,0.5032494,0.8318617,0.4588349,0.47262222,0.61989176,0.59929985,0.8128679,0.91695166,0.27864155,0.88862085,0.44566625,0.33306497,0.7673361,0.671702,0.4742097,0.19780084,0.682489,0.26661965,0.392425,0.41877747,0.40125832,0.56308496,0.4497854,0.5066324,0.37950757,0.76466054,0.49019387,0.30407286,0.7723532,0.3323837,0.29932165,0.5252628,0.40999436,0.40550667,0.67078215,0.5081635,0.6558381,0.69720936,0.35762164,0.308155,0.31363165,0.30886167,0.662673,0.6071488,0.4958479,0.40105653,0.5518221,0.5917352,0.57587624,0.41453373,0.58977747,0.74404645,0.43577522,0.44339305,0.6115314,0.7310506,0.64623094,0.42677757,0.33579788,0.4859536,0.7189729,0.7392478,0.8732699,0.32474315,0.9541789,0.8016339,0.331311,0.8043226,0.6381524,0.87291247,0.92926973,0.7103815,0.86175025,0.09064358,0.29288432,0.5564057,0.8175062,0.6890365,0.23206538,0.13837484,0.70102507,0.69233733,0.66583544,0.7367051,0.86173356,0.9608687,0.8094812,0.85892147,0.24570751,0.9070437,0.5872903,0.6271366,0.44417423,0.906327,0.3325062,0.35338572,0.7524861,0.54466724,0.63600296,0.44741672,0.15711483,0.37376922,0.82603526,0.5299027,0.8078687,0.66695994,0.8002796,0.9188907,0.97329336,0.65257263,0.68972933,0.6170912,0.68962175,0.7584455,0.59721935,0.6619406,0.58717024,0.6272952,0.5770039,0.8889187,0.74326456,0.554148,0.61948794,0.3787213,0.5533832,0.32210034,0.46948308,0.7276415,0.7467605,0.86428845,0.61448956,0.22743525,0.6503103,0.50422084,0.57878125,0.64399505,0.81232923,0.43516725,0.9095,0.34711108,0.8067144,0.042748,0.5148683,0.22134191,0.940975,0.6107306,0.44077656,0.45976388,0.4194253,0.84336156,0.739702,0.42412764,0.7224059,0.48950586,0.5976901,0.7091938,0.35700968,0.34016424,0.6037858,0.86877555,0.3121131,0.4202917,0.7078947,0.84866756,0.6302893,0.7220553,0.16757883,0.89525753,0.5901919,0.3472955,0.36802098,0.59158087,0.8482721,0.44203928,0.33326274,0.3748628,0.078837164,0.47799215,0.6407881,0.8893867,0.2788686,0.9288666,0.3687845,0.50166684,0.6177464,0.14866732,0.1953413,0.57776237,0.07976191,0.5292062,0.24894392,0.5983351,0.38014057,0.5656172,0.5606204,0.35052568,0.5827132,0.5112983,0.19957191,0.6191267,0.48978946,0.25097474,0.4765112,0.3951257,0.3731405,0.67650235,0.6750896,0.37354845,0.07280775,0.27579784,0.808773,0.6637641,0.46426034,0.6552863,0.26691458,0.30849808,0.8725661,0.43141428,0.689667,0.78760517,0.6650665,0.10257858
BC2026_Train_0003_S08_20250607_070007_50,0.65185976,0.5773237,0.7880541,0.5203461,0.4247604,0.8484596,0.7887229,0.6879146,0.8448797,0.8711823,0.8194518,0.754814,0.5670774,0.90995085,0.5472571,0.68848014,0.45933446,0.31811434,0.93324554,0.9283945,0.22275274,0.9299149,0.7490256,0.434295,0.7334119,0.40890965,0.78826815,0.10136834,0.47496384,0.5821313,0.36574832,0.5017008,0.39949167,0.59294164,0.4269604,0.54115343,0.4196907,0.750318,0.40215626,0.38096878,0.75767475,0.3504661,0.32370165,0.40279552,0.4219149,0.42233565,0.6495478,0.44757915,0.65906364,0.6802401,0.37511164,0.28395167,0.27388164,0.37546498,0.6590034,0.49958807,0.5193604,0.5674573,0.6791294,0.47885206,0.54691684,0.34446266,0.40223423,0.7597946,0.3854572,0.33683905,0.74483466,0.5323198,0.88822246,0.46876732,0.37842292,0.37249714,0.52496076,0.65331227,0.85893875,0.27484298,0.93598783,0.732715,0.43886742,0.8633304,0.7430017,0.8421263,0.94355,0.5917404,0.7456567,0.43900403,0.21755165,0.5656239,0.6893791,0.7068854,0.08600157,0.28750706,0.6139376,0.8460846,0.9080145,0.5636475,0.94581664,0.98466146,0.72343403,0.8605259,0.25354284,0.8086636,0.5548183,0.43289813,0.26522276,0.91935295,0.22034892,0.30745393,0.7992869,0.58564436,0.3748809,0.323362,0.28697383,0.24151665,0.822006,0.40190166,0.805517,0.8638438,0.93818945,0.80623573,0.9934499,0.5345814,0.5953171,0.67633975,0.6332511,0.48728463,0.5465151,0.74866545,0.6467581,0.43412942,0.49161553,0.8423132,0.85485613,0.5820198,0.69999117,0.6836667,0.6573659,0.47406232,0.48020834,0.9232428,0.4597434,0.7089619,0.5012976,0.20790434,0.695868,0.31894973,0.592587,0.6761563,0.8173573,0.6291408,0.7371828,0.32085192,0.86330414,0.18204674,0.56946874,0.094642416,0.8714048,0.5026511,0.68100834,0.81950974,0.5385673,0.6431632,0.88888395,0.4921549,0.66690177,0.4969612,0.7325131,0.70758945,0.2858845,0.5375469,0.63934267,0.8250768,0.22209102,0.2650541,0.73465586,0.6613078,0.55986327,0.76695096,0.2670843,0.87090516,0.56058884,0.35689825,0.29965985,0.59047544,0.8121794,0.6380815,0.5039586,0.23187575,0.0815115,0.46698976,0.48759457,0.8969822,0.45364356,0.9456854,0.3584445,0.42225584,0.3946322,0.041266337,0.15627192,0.8643485,0.09731334,0.44017455,0.20401275,0.7750896,0.44674033,0.47143716,0.4848793,0.35551935,0.8627372,0.6488002,0.7135446,0.38846162,0.529087,0.26867637,0.42946613,0.3118682,0.5181166,0.7430741,0.6075008,0.5518724,0.16699418,0.24101208,0.7514024,0.70273125,0.73582166,0.7794847,0.38130906,0.54132915,0.6554245,0.5753287,0.7947917,0.7618203,0.65630877,0.06927791
BC2026_Train_0003_S08_20250607_070007_55,0.81030816,0.5699582,0.856668,0.51909465,0.56329167,0.8785964,0.74595124,0.66009164,0.5491613,0.6036795,0.24290442,0.526924,0.42267358,0.86057794,0.28317067,0.8280513,0.7131841,0.28209668,0.91272783,0.7965356,0.5940235,0.784167,0.7184104,0.3736983,0.805041,0.5983768,0.90677834,0.15602483,0.38050696,0.63583386,0.38677165,0.49421215,0.3678683,0.4637983,0.44029793,0.5813302,0.31320536,0.7432399,0.40727046,0.37749842,0.7556362,0.4196907,0.27476498,0.45941722,0.4803957,0.48923096,0.72573084,0.47184095,0.65359414,0.67757547,0.31875497,0.2565683,0.25427166,0.39048165,0.6826519,0.2808048,0.59168535,0.52588844,0.64477134,0.7424192,0.36007458,0.34207824,0.61363465,0.77320147,0.58028436,0.2266443,0.7108151,0.78081554,0.84177685,0.7798928,0.48079166,0.46006215,0.65121716,0.7519803,0.7038891,0.29222193,0.6648513,0.91785,0.7343559,0.8429998,0.6043742,0.598867,0.7783981,0.32893565,0.67307097,0.58829355,0.36527473,0.23491718,0.7238132,0.7792587,0.15385284,0.41233692,0.25189567,0.8038464,0.9537916,0.73891366,0.7549851,0.9121969,0.5864438,0.7503034,0.2018389,0.7690168,0.8833854,0.5183735,0.3796999,0.612852,0.16587251,0.6049131,0.6354544,0.824798,0.5824528,0.21116424,0.58169156,0.36470783,0.850975,0.7648409,0.6050031,0.82885784,0.8571362,0.9195066,0.9542122,0.51016855,0.8447044,0.6335639,0.7063438,0.60438144,0.7294212,0.77596486,0.4953056,0.6209422,0.57793874,0.6986269,0.81454045,0.74788177,0.83761865,0.75993294,0.6320611,0.6196832,0.60598385,0.9128199,0.518244,0.5576393,0.82804734,0.45579162,0.4329893,0.34250498,0.45624995,0.46366727,0.5450203,0.7936479,0.63425446,0.59339726,0.58207345,0.5318271,0.87942934,0.12391709,0.7659879,0.64176375,0.5808984,0.94255203,0.72122294,0.7228896,0.6147504,0.7781979,0.9443903,0.60111547,0.88311076,0.81220615,0.42495698,0.3398786,0.47646517,0.8730948,0.39833832,0.3435731,0.7310542,0.77473354,0.5180265,0.8000225,0.42919934,0.8781438,0.58083546,0.42619747,0.1999095,0.6352765,0.8627771,0.4288698,0.43457717,0.38291377,0.19970283,0.5391677,0.5517044,0.32813627,0.61676955,0.7184969,0.4836437,0.48558974,0.47236636,0.031823333,0.21558549,0.8547753,0.30382767,0.3924522,0.37336123,0.7290064,0.8123063,0.6748959,0.51266754,0.6026999,0.9044438,0.7084686,0.7914544,0.5422169,0.6109204,0.43846208,0.3353861,0.44528165,0.53774834,0.6252269,0.51067615,0.43028525,0.4098646,0.5127528,0.6177094,0.37033486,0.80361867,0.6933789,0.5601859,0.7193083,0.76020855,0.57094437,0.4768149,0.645311,0.5627351,0.1003325
BC2026_Train_0003_S08_20250607_070007_60,0.9844166,0.5757311,0.7413552,0.39511168,0.52114785,0.9073044,0.71158254,0.1673625,0.6187793,0.64483905,0.035180915,0.31812847,0.5864238,0.95043916,0.30112642,0.8000886,0.65697336,0.8327291,0.9824583,0.9614854,0.6391878,0.82899874,0.20711954,0.31133497,0.7536763,0.7383518,0.71463734,0.39951006,0.7483551,0.725775,0.3093033,0.59080994,0.32378998,0.32935497,0.4983229,0.35421044,0.3940283,0.76121455,0.66043043,0.35284054,0.7801001,0.5766412,0.25541997,0.33667597,0.49498078,0.5022032,0.7609352,0.37675712,0.7127762,0.69727933,0.39401495,0.26681498,0.2873083,0.3093033,0.7799982,0.33798507,0.6853228,0.86224043,0.4185083,0.9201437,0.62057835,0.31623226,0.5760599,0.7130445,0.66331613,0.49051276,0.8307208,0.8789218,0.70287496,0.9508146,0.39402914,0.61003715,0.5086139,0.52149713,0.40154296,0.30082038,0.876907,0.71341276,0.6984342,0.934473,0.66849035,0.8039745,0.6637988,0.102480166,0.9470583,0.16920233,0.3118625,0.1621384,0.41875485,0.8539202,0.64215827,0.4925674,0.33188164,0.7058474,0.92125463,0.6089654,0.73179054,0.95673734,0.847328,0.7545163,0.14200859,0.28688258,0.7326404,0.30858824,0.3857404,0.716481,0.20279175,0.4939844,0.80905306,0.68623817,0.5951238,0.42405596,0.85040826,0.28826833,0.60734546,0.8926979,0.83059084,0.63699603,0.79086614,0.9641291,0.96408594,0.52117324,0.9391292,0.6758451,0.94857913,0.73583364,0.6345347,0.8411291,0.7710396,0.6363685,0.68773276,0.67538196,0.8156081,0.7194347,0.7333035,0.77225614,0.7481127,0.3981678,0.418956,0.8672326,0.25826684,0.8605429,0.9305896,0.56585914,0.44579077,0.20178926,0.25515375,0.6755684,0.7405228,0.7308068,0.56800246,0.8301874,0.7614454,0.40052179,0.9787604,0.12515983,0.46670592,0.637234,0.22898826,0.85019803,0.796043,0.4197733,0.80757666,0.23325834,0.99075204,0.59889483,0.93805,0.682951,0.15975024,0.27614114,0.60171974,0.9053833,0.36089832,0.13864958,0.3124121,0.6012033,0.7615875,0.7438187,0.55945206,0.9879833,0.14509617,0.41423622,0.5243125,0.7438277,0.76061785,0.50995207,0.38967192,0.4142637,0.29061207,0.9004333,0.79600215,0.27487746,0.34568855,0.69040346,0.38343203,0.43993855,0.6378759,0.029348584,0.21312875,0.5473505,0.16346666,0.13303001,0.55118674,0.43351033,0.81383467,0.52469957,0.55729634,0.7168542,0.7064257,0.5704224,0.49668953,0.7177854,0.8601854,0.44649658,0.27371666,0.756995,0.105257094,0.81595415,0.21348715,0.6355485,0.14516833,0.6687,0.38497865,0.48884356,0.5843045,0.6027536,0.36605996,0.6995103,0.89291084,0.5423302,0.2791504,0.70163363,0.57143456,0.21357575
BC2026_Train_0004_S08_20250607_070007_5,0.7417687,0.78096884,0.9525375,0.6296172,0.41960412,0.90277004,0.091113746,0.33534956,0.51276517,0.37555748,0.77073544,0.95467496,0.90894574,0.8420775,0.35325417,0.77802515,0.38018084,0.9782729,0.83003116,0.94583535,0.81849575,0.8171666,0.5035108,0.26654997,0.6515918,0.38630557,0.88378495,0.66165876,0.98437685,0.6013,0.46176666,0.48389238,0.75653493,0.34861162,0.5141354,0.36781788,0.328822,0.47824374,0.4612437,0.2574969,0.38087744,0.44553575,0.2703483,0.45366374,0.4595698,0.46307582,0.4611704,0.7047123,0.55374205,0.5249925,0.26248664,0.30691832,0.30117664,0.34569663,0.2397798,0.15336834,0.34191665,0.43141764,0.9827416,0.71334183,0.9062886,0.5502808,0.87395674,0.26209417,0.7688215,0.024945665,0.9745124,0.2784382,0.43116367,0.73729515,0.43046665,0.7170126,0.7289754,0.96585417,0.73543686,0.39028418,0.19501649,0.84674954,0.31742835,0.47654188,0.5868899,0.6526244,0.8500037,0.79608583,0.88265705,0.25114042,0.6353328,0.8400438,0.25676125,0.6859819,0.14462908,0.9648374,0.60038555,0.80608267,0.13565667,0.23929372,0.21501133,0.736758,0.6270041,0.6755936,0.082539216,0.6684275,0.78162915,0.65622985,0.34463957,0.91839784,0.64924425,0.13491575,0.62389964,0.2641604,0.56764054,0.27033582,0.5350083,0.7569922,0.43809775,0.4302804,0.69174516,0.5117969,0.5894797,0.89949375,0.68742234,0.7862104,0.28391954,0.27356607,0.30864292,0.22616915,0.27340373,0.81574947,0.66863275,0.47514576,0.83839834,0.22646959,0.6071406,0.9688333,0.54420954,0.44145915,0.37662467,0.4010495,0.8772331,0.89353406,0.67681867,0.18122004,0.43489543,0.39840707,0.9032295,0.3503679,0.50289285,0.8094579,0.75959677,0.1264075,0.5947074,0.43196523,0.49603707,0.10522691,0.84294724,0.3892449,0.6860728,0.17348625,0.38649073,0.82848996,0.7208587,0.66573364,0.27239597,0.6011438,0.61252403,0.3262509,0.28184673,0.56725186,0.31434655,0.84054315,0.38861108,0.76136035,0.72408503,0.8068354,0.59827876,0.6177746,0.64294404,0.7446425,0.6994424,0.75517535,0.25368288,0.4317649,0.53835404,0.5268839,0.16260207,0.25949377,0.19955924,0.83899033,0.25051457,0.20740217,0.42394757,0.6012577,0.7535275,0.9393312,0.7275645,0.66349673,0.6752531,0.47969788,0.40711957,0.17010292,0.1587254,0.4308882,0.513947,0.17527667,0.727543,0.63714075,0.5738497,0.17493907,0.63262296,0.57800287,0.78846866,0.75599253,0.98441815,0.5276483,0.28643394,0.5431067,0.6945262,0.76861334,0.19119984,0.4135312,0.22600564,0.196128,0.67700624,0.8602874,0.57097346,0.8126348,0.19860083,0.7645478,0.7721911,0.8372509,0.8055996,0.86954546,0.37940443,0.23227993
BC2026_Train_0004_S08_20250607_070007_10,0.675405,0.790325,0.90734076,0.53518474,0.4606479,0.7427517,0.12895474,0.30395856,0.4940859,0.24555276,0.22867617,0.8835385,0.62371033,0.9380624,0.36087316,0.75813544,0.33961254,0.8115949,0.8497696,0.72434515,0.79895025,0.6656901,0.34118733,0.421045,0.38614196,0.64591455,0.6386076,0.62922084,0.97016144,0.5527228,0.3471983,0.48654082,0.736925,0.49789497,0.47811043,0.52051383,0.2989586,0.47708172,0.5860191,0.2852598,0.47284204,0.4932989,0.35762164,0.5347606,0.4885297,0.49371862,0.6460087,0.69328254,0.5394375,0.5876805,0.32493833,0.35232165,0.33218163,0.44984165,0.27338752,0.06355758,0.47907293,0.5837437,0.8727752,0.78707933,0.47876942,0.5134878,0.45515364,0.25067666,0.3870358,0.215501,0.96737486,0.153396,0.6087482,0.89225626,0.43369794,0.7641928,0.64085966,0.86394733,0.5718933,0.18376866,0.6090683,0.8701461,0.4237206,0.63188624,0.7140144,0.8644586,0.8019427,0.58921134,0.80692583,0.48941517,0.6392596,0.8044322,0.362418,0.75896496,0.2553363,0.95008993,0.47595358,0.74521863,0.47350162,0.27760726,0.46998957,0.7930762,0.32117343,0.53893936,0.30706567,0.49772322,0.5558999,0.39952388,0.26691985,0.51874495,0.61735034,0.14811024,0.5627861,0.17153092,0.5774133,0.2689091,0.8646048,0.76304376,0.5856982,0.48331788,0.5375067,0.63744414,0.5634749,0.6229907,0.82145035,0.7025666,0.4113881,0.5475813,0.28536543,0.30306742,0.507174,0.77260554,0.43242744,0.5782014,0.8174766,0.39219034,0.5322542,0.6867528,0.7229756,0.7771469,0.6198684,0.60399175,0.7296751,0.51557016,0.33248198,0.3433148,0.3425919,0.55568725,0.9305833,0.16709742,0.6507877,0.41874826,0.68651557,0.17887923,0.47263625,0.29278573,0.6986931,0.60173935,0.7986543,0.29639542,0.41303656,0.34127998,0.251137,0.66540474,0.30099744,0.60826933,0.54550236,0.330962,0.69611,0.34806857,0.41689745,0.7126466,0.7165316,0.70164144,0.4181133,0.6409994,0.8065474,0.45064566,0.54983073,0.45251632,0.61452246,0.8751983,0.6692434,0.83221406,0.39553663,0.33556217,0.60359406,0.64128536,0.2665566,0.26901397,0.36580223,0.5119019,0.63035804,0.13503142,0.7559943,0.82139695,0.6208289,0.710543,0.6517143,0.65379965,0.5437251,0.18986467,0.52019334,0.5633149,0.14267741,0.56348944,0.54929525,0.14333215,0.66460836,0.89944214,0.5305215,0.5050396,0.51701665,0.47107092,0.5557617,0.66258335,0.8654234,0.70226973,0.35629985,0.6635524,0.45828846,0.7173842,0.25039184,0.7331442,0.30969262,0.43769827,0.6687287,0.53486073,0.7530625,0.8873739,0.34219953,0.5280117,0.70227945,0.8557664,0.5318396,0.6236937,0.33164144,0.32838163
BC2026_Train_0004_S08_20250607_070007_15,0.61800146,0.63724273,0.6997676,0.5469148,0.4507479,0.8112678,0.48871768,0.5956513,0.9316567,0.47085625,0.052625164,0.7182983,0.7363481,0.8717307,0.14925833,0.8220304,0.3351708,0.43973666,0.73596144,0.7668995,0.66441715,0.29278484,0.36381266,0.39065832,0.40478688,0.49977887,0.7091583,0.37090632,0.89876425,0.3978259,0.39419162,0.4911071,0.74664164,0.5627316,0.43136042,0.48252255,0.45348108,0.570757,0.5133905,0.3031596,0.4755818,0.5119293,0.332005,0.47539914,0.44575602,0.45992044,0.6979771,0.7127762,0.56229687,0.5683272,0.43235165,0.33253497,0.32953167,0.47740164,0.25512245,0.079899415,0.41926044,0.5085469,0.5814749,0.8192854,0.48384786,0.39068744,0.5479089,0.4818704,0.39163268,0.727381,0.75168055,0.18493249,0.58006907,0.5881731,0.4280604,0.7614863,0.5608232,0.68490314,0.34054142,0.08120915,0.59164256,0.8314688,0.75363654,0.6666939,0.67217004,0.93078744,0.8510225,0.70799595,0.74808854,0.42797917,0.45547965,0.70666623,0.45675924,0.72231704,0.27515715,0.94413346,0.72161955,0.78994644,0.336323,0.1235185,0.47942498,0.77784413,0.20942366,0.6419841,0.4766162,0.573236,0.74337155,0.40448654,0.44853657,0.5429289,0.49216548,0.41162753,0.49157247,0.22461525,0.64100564,0.49520382,0.8982528,0.4825034,0.48020193,0.5261947,0.64341015,0.7285037,0.7956515,0.3696289,0.87173015,0.77296805,0.35397696,0.40993214,0.28918234,0.5080809,0.38851455,0.8843833,0.448084,0.7293945,0.8374275,0.12094609,0.8055924,0.61955893,0.6156397,0.90622956,0.78999496,0.60544133,0.72862095,0.6146825,0.23088199,0.6048301,0.3713656,0.67948437,0.8833556,0.1551474,0.7452236,0.5047324,0.706668,0.27477235,0.7734245,0.46554655,0.5655691,0.6372365,0.8109669,0.5112145,0.5452328,0.199848,0.301902,0.6040124,0.33814234,0.5212639,0.52745074,0.43273482,0.7733995,0.53486246,0.6581868,0.8272213,0.7494697,0.640086,0.39047593,0.53906024,0.76867485,0.24170975,0.6048045,0.70551103,0.7548895,0.6929946,0.48401034,0.619781,0.5615231,0.2397713,0.5421613,0.41389674,0.78834265,0.5020437,0.27836475,0.6161274,0.6050472,0.31868473,0.63439345,0.8474066,0.7502171,0.7128328,0.64814556,0.5198463,0.4426878,0.14686823,0.6783271,0.5507206,0.23717842,0.80699587,0.733102,0.19971693,0.8233712,0.962027,0.59015393,0.39853975,0.4922317,0.3839184,0.8062286,0.6094339,0.9217323,0.7666018,0.5134876,0.78536224,0.5148949,0.7128156,0.104125924,0.7072463,0.27642915,0.7043953,0.42512417,0.31466016,0.7052725,0.89589334,0.59566885,0.7097823,0.49010184,0.8527124,0.41043276,0.43971002,0.693918,0.5008449
BC2026_Train_0004_S08_20250607_070007_20,0.6287994,0.7509098,0.895836,0.4651035,0.41623542,0.86457694,0.66516936,0.45693588,0.9499777,0.34555984,0.12527409,0.95830524,0.7258401,0.7891222,0.058456246,0.85808325,0.39376625,0.55445963,0.78389025,0.6098897,0.66992384,0.3388195,0.54352564,0.38147163,0.34478474,0.179273,0.853727,0.5235568,0.9183907,0.6764522,0.33412498,0.55176944,0.7464649,0.43261665,0.45432293,0.5393269,0.45439434,0.4944232,0.5574778,0.46352684,0.46334422,0.3389591,0.34931833,0.38206467,0.47015807,0.475347,0.7177214,0.698752,0.6179728,0.61180216,0.44984162,0.36221498,0.34419498,0.33545,0.25694898,0.07616008,0.3762229,0.58579594,0.72896194,0.6297003,0.47503543,0.37441063,0.7766572,0.57367814,0.2751816,0.53973067,0.8268498,0.37975255,0.6046166,0.78141004,0.3748479,0.7081512,0.6101311,0.7694465,0.43788505,0.24952057,0.7370791,0.76642686,0.70516133,0.8388065,0.82945865,0.68554133,0.89576596,0.60209596,0.791102,0.45231444,0.6350055,0.7825788,0.25408974,0.80511755,0.41562638,0.95395464,0.89585936,0.9134453,0.33509576,0.03852558,0.5996457,0.84620595,0.27441502,0.53929436,0.19132791,0.45329756,0.5978157,0.5688974,0.2705556,0.63028157,0.3717495,0.3719935,0.6096412,0.36012366,0.62279415,0.61278737,0.7341659,0.4948783,0.69683325,0.6311258,0.77517915,0.4457846,0.7513172,0.49728787,0.8885867,0.8037745,0.40147695,0.5405011,0.46160516,0.6052966,0.49798542,0.94481593,0.5862913,0.42088002,0.8773296,0.112670325,0.8990117,0.66418934,0.49069417,0.50040036,0.5815288,0.49373633,0.7028285,0.7702557,0.4385528,0.5487921,0.49213666,0.686445,0.817552,0.12272083,0.8197408,0.59540105,0.89888054,0.4568383,0.7465308,0.46772665,0.49882805,0.6941574,0.7985968,0.6107818,0.49673975,0.31007057,0.26415956,0.782204,0.36438882,0.30722433,0.65876687,0.25396666,0.7990244,0.5599086,0.592424,0.83135265,0.6924862,0.8196697,0.5217598,0.69366705,0.8169904,0.36474258,0.7163911,0.6181598,0.7719708,0.6747534,0.54005396,0.79377776,0.780609,0.3190934,0.54757506,0.4898953,0.8845187,0.4945437,0.5198417,0.6592835,0.6153551,0.39610106,0.487098,0.80498993,0.5210768,0.74035704,0.6023693,0.53568095,0.4042601,0.38521034,0.715772,0.52343816,0.35118073,0.7120747,0.5564553,0.60645556,0.81676984,0.9522941,0.5387916,0.35795566,0.4270225,0.34484896,0.77176833,0.729205,0.8850845,0.845536,0.2536779,0.75045395,0.47440225,0.79654336,0.14818732,0.6453598,0.4095423,0.5312037,0.584483,0.30785576,0.3729968,0.89484274,0.4442739,0.6782317,0.5150169,0.85219765,0.7337012,0.6622079,0.8104646,0.31619164
BC2026_Train_0004_S08_20250607_070007_25,0.5950211,0.7542939,0.8991553,0.44114715,0.5190854,0.9399396,0.34654608,0.24740309,0.9509582,0.22515982,0.1588085,0.89693165,0.6291795,0.81755185,0.06883408,0.92801553,0.2206209,0.669585,0.9194979,0.79448885,0.5464539,0.55460215,0.38148233,0.40832496,0.20704947,0.2523083,0.8923805,0.50350034,0.9213305,0.69613546,0.32670498,0.45275047,0.7537083,0.5208616,0.3854354,0.4319283,0.43759048,0.51516145,0.4781389,0.435216,0.4286406,0.33877647,0.33783498,0.49987438,0.47128004,0.47520676,0.66910577,0.6893558,0.6815022,0.530462,0.33306497,0.33076832,0.3387183,0.4092083,0.2697345,0.15071008,0.4295729,0.65185845,0.87802154,0.4932028,0.6027991,0.4246609,0.7115775,0.42037177,0.3455946,0.6650354,0.89923376,0.45277083,0.451958,0.8715199,0.3703104,0.3312834,0.6342464,0.8015222,0.7470019,0.37887406,0.67058,0.7384174,0.56014663,0.86872286,0.8023265,0.7413802,0.83642775,0.784157,0.8699788,0.45918095,0.6006119,0.6629674,0.162908,0.8010883,0.5043833,0.74265593,0.91581047,0.887905,0.3816691,0.07384316,0.89066875,0.9069263,0.5847167,0.59856755,0.23228696,0.25756735,0.31808168,0.6021433,0.13577908,0.85535157,0.5572074,0.53725815,0.7738583,0.3715106,0.70172846,0.6962979,0.5414222,0.41684812,0.6288257,0.70271975,0.7137389,0.5514185,0.78594816,0.80091244,0.922655,0.7573286,0.5694738,0.6900212,0.35528165,0.6770049,0.71125,0.93617773,0.55709004,0.42897892,0.8954109,0.3436284,0.7330984,0.9442253,0.74914575,0.55294985,0.68911123,0.40266824,0.84284055,0.5737691,0.68321866,0.64681816,0.39041466,0.56319994,0.8663285,0.17818958,0.692556,0.95087487,0.92598987,0.64926505,0.57129097,0.69032395,0.43127158,0.539982,0.7524656,0.5757788,0.5784167,0.43501344,0.12805426,0.8066168,0.60177445,0.251038,0.7646053,0.3047146,0.5972086,0.5714205,0.81766444,0.83347195,0.56127226,0.9111168,0.88171035,0.7512953,0.6902257,0.51181316,0.80232203,0.31671908,0.7763551,0.6543173,0.46621892,0.79393,0.71826774,0.4224365,0.7684561,0.30885133,0.6379427,0.66640866,0.5146494,0.6847784,0.4149474,0.4162769,0.56260556,0.87196666,0.6208768,0.87698466,0.5501547,0.24417375,0.46695796,0.29865012,0.77014613,0.62529516,0.23158236,0.47337273,0.6451834,0.5681741,0.7362558,0.8293635,0.50460106,0.3045814,0.27631807,0.21590017,0.48734546,0.79295707,0.952996,0.8126275,0.18410012,0.6666958,0.70067984,0.8958858,0.10541574,0.6538482,0.71722084,0.54809576,0.7030014,0.7446432,0.13416466,0.8969099,0.6149123,0.8733525,0.7052437,0.7399594,0.7876628,0.84615105,0.70439047,0.35036206
BC2026_Train_0004_S08_20250607_070007_30,0.57291055,0.72383666,0.619914,0.4334597,0.47027293,0.7434542,0.27303404,0.17226568,0.8016209,0.209355,0.13242592,0.45786208,0.5478608,0.6595532,0.18013741,0.92397,0.05003058,0.23917532,0.8636766,0.7879375,0.6173542,0.7477071,0.58479595,0.4484283,0.23316278,0.60335815,0.89026695,0.204378,0.83600426,0.42452803,0.31840163,0.30023718,0.7572416,0.57916164,0.4358979,0.49786514,0.38078612,0.5504539,0.46023914,0.48855,0.4777736,0.34736103,0.3397783,0.4359466,0.42570147,0.43018916,0.65588087,0.70422137,0.6429358,0.58200073,0.29826164,0.310805,0.3185783,0.39048165,0.26370704,0.2835409,0.36288542,0.59270597,0.77686495,0.48495233,0.55870724,0.16045399,0.7317152,0.3016114,0.13451633,0.91809374,0.79210985,0.32307154,0.54976237,0.4973669,0.3550479,0.415003,0.8657547,0.77966124,0.77378386,0.518,0.40812266,0.8686965,0.8862012,0.8265961,0.63001055,0.6957266,0.90340436,0.6338435,0.747983,0.5417168,0.8076656,0.77055603,0.32316846,0.77388674,0.29911706,0.7339558,0.82182413,0.7731242,0.7447893,0.09860341,0.65148216,0.81463796,0.49750784,0.7024169,0.41868138,0.26503873,0.42911977,0.65400004,0.23450707,0.8702329,0.7440498,0.47461483,0.74655885,0.6472193,0.74401486,0.43184066,0.8098788,0.72382855,0.6284336,0.8389021,0.81017464,0.68904954,0.8364479,0.83755267,0.9413813,0.8485754,0.546551,0.56429374,0.3544119,0.5480157,0.5007449,0.94207656,0.6870792,0.71385556,0.86485726,0.4931979,0.5635815,0.8971257,0.657861,0.7331538,0.86897695,0.79399645,0.92048496,0.34119567,0.68295836,0.3651771,0.61783195,0.76734686,0.8106542,0.42698267,0.6742903,0.9279711,0.7754909,0.698475,0.5383825,0.539976,0.5121297,0.7380271,0.79643726,0.54071075,0.56755364,0.26707417,0.111447155,0.7865603,0.56124264,0.60555017,0.7512106,0.4292715,0.7833275,0.6411699,0.7956115,0.8304179,0.69745034,0.90965956,0.81911796,0.71635735,0.58226216,0.4468659,0.6164627,0.49747846,0.6734405,0.87851757,0.66130745,0.8769458,0.6405652,0.32174948,0.67981845,0.38801366,0.52968705,0.6110498,0.4121551,0.70250475,0.5250228,0.50237525,0.8338332,0.86887217,0.8080414,0.92236555,0.64510864,0.2530198,0.51059175,0.38460258,0.7362454,0.57076126,0.51642734,0.397636,0.5082954,0.35669896,0.8391129,0.9469732,0.5535097,0.22500224,0.26409525,0.27011132,0.64108413,0.8693767,0.9514162,0.8013148,0.2805614,0.7228349,0.65474534,0.88789237,0.18457483,0.7929895,0.60421836,0.37365294,0.80282146,0.8136524,0.31169426,0.9169483,0.8097768,0.77386284,0.92833126,0.86019105,0.396796,0.7021266,0.8353145,0.7431021
BC2026_Train_0004_S08_20250607_070007_35,0.61497223,0.6856159,0.2708346,0.53303933,0.4148604,0.7874753,0.43388376,0.28988042,0.8278605,0.2899894,0.40872788,0.4191273,0.5016102,0.79118717,0.05010783,0.9679417,0.11141532,0.13916291,0.886441,0.8004453,0.7446411,0.74994457,0.71828717,0.30894998,0.40171194,0.5711042,0.80727196,0.16230391,0.89887756,0.44240648,0.46529996,0.4038001,0.7325083,0.6227983,0.4482729,0.5084589,0.27850175,0.48316017,0.621288,0.36982706,0.42023864,0.33768058,0.32105166,0.33366227,0.4945601,0.4878285,0.6067064,0.6921606,0.6047901,0.50697154,0.41097498,0.3668083,0.36398166,0.483055,0.27430078,0.24482323,0.39107293,0.7433375,0.41357496,0.7080779,0.69349915,0.21722256,0.79486465,0.49481517,0.1301755,0.64981943,0.75490546,0.43406165,0.5187141,0.5891156,0.4068854,0.6247494,0.846261,0.79381883,0.38517752,0.20196018,0.35316867,0.82125074,0.7477054,0.87188226,0.66634387,0.55672264,0.92213064,0.56006855,0.7999077,0.6896399,0.8179784,0.7573086,0.3339556,0.85165375,0.29495275,0.7956413,0.7890533,0.78975946,0.738379,0.2985335,0.74468696,0.8298009,0.51358443,0.5815808,0.21515612,0.64832234,0.47063106,0.5540678,0.4231538,0.80803597,0.82414377,0.63573754,0.57853734,0.49164948,0.82072437,0.40051514,0.8566038,0.877868,0.6719447,0.7542753,0.8777311,0.56158644,0.60712576,0.63768095,0.90579844,0.8494453,0.37095615,0.5127859,0.39282387,0.4459414,0.5876771,0.87661463,0.60594493,0.65565825,0.6268297,0.179067,0.75143975,0.6398867,0.5646498,0.61322296,0.7156318,0.93036526,0.87158966,0.5981956,0.829412,0.42961082,0.66157544,0.76831126,0.6652943,0.49192092,0.6351729,0.5706484,0.7980211,0.36156225,0.68356663,0.60700047,0.81775415,0.62382925,0.8431654,0.6865565,0.64748454,0.197341,0.18768242,0.7962062,0.6980499,0.7563245,0.8367707,0.62514776,0.8461448,0.58814454,0.6539546,0.8819876,0.6754344,0.89035344,0.5675898,0.63075674,0.88373446,0.48580346,0.711143,0.72806776,0.66319287,0.9222536,0.8239448,0.8022722,0.669973,0.61111253,0.69191384,0.49797913,0.44822216,0.70969474,0.31694734,0.7974257,0.7975273,0.47290534,0.8379957,0.8133384,0.68550295,0.8968707,0.8404871,0.55617136,0.61792004,0.45351398,0.7158989,0.40300333,0.677559,0.581617,0.6066288,0.46918666,0.81222254,0.77015555,0.5580889,0.2961958,0.25807375,0.40569866,0.71100044,0.888458,0.91280407,0.75254965,0.36551812,0.7690811,0.53623295,0.83993196,0.38041055,0.66359735,0.34533766,0.5159225,0.6844628,0.66745585,0.4313427,0.85559326,0.58463764,0.6185664,0.8245296,0.8290872,0.26648733,0.91893065,0.8134288,0.74396497
BC2026_Train_0004_S08_20250607_070007_40,0.6637374,0.67586166,0.3281175,0.50068045,0.5131729,0.75325984,0.22938748,0.14979574,0.6572437,0.4773229,0.33186433,0.25915495,0.42103112,0.6897222,0.043636665,0.9425818,0.35058457,0.408351,0.71841335,0.5289295,0.7493526,0.51579344,0.37281033,0.36928165,0.46448654,0.60256314,0.8458022,0.08999108,0.92577344,0.17919566,0.38588834,0.4538464,0.73551166,0.5989483,0.4870479,0.4761298,0.36946177,0.6075446,0.70976615,0.41914272,0.48928058,0.36507815,0.28925166,0.44270468,0.50956595,0.5109684,0.62347037,0.6815023,0.52919984,0.5854367,0.38836163,0.287485,0.28306833,0.448075,0.26662946,0.075102665,0.43026042,0.6930295,0.5620705,0.55357057,0.74061704,0.103155166,0.5888783,0.43820143,0.19252168,0.54221106,0.9060291,0.43922916,0.672675,0.5703127,0.47164792,0.514773,0.6610355,0.8602081,0.45048407,0.16317275,0.5684407,0.9112728,0.77600485,0.63649964,0.7538513,0.73292524,0.85976297,0.48870763,0.8721383,0.43001926,0.7896215,0.70473903,0.4903498,0.91605824,0.24576747,0.6173473,0.56120354,0.85592264,0.30956438,0.2689689,0.662818,0.6502867,0.5943637,0.70235175,0.2459127,0.6301543,0.65715396,0.4962099,0.4515107,0.70401925,0.7658053,0.45594853,0.6735235,0.3897349,0.87493116,0.42607513,0.83833486,0.70787275,0.7162386,0.82881933,0.8014712,0.8548352,0.7717364,0.7958461,0.8385318,0.8256974,0.3465634,0.74317497,0.24322166,0.32120624,0.6213979,0.92550987,0.4700026,0.80795,0.6577088,0.11904684,0.6801092,0.80500925,0.56091046,0.37517333,0.63812006,0.93916667,0.924739,0.7099613,0.64141476,0.7580788,0.5066384,0.90554863,0.49369875,0.24692298,0.56653756,0.6232073,0.8186545,0.31041592,0.49000168,0.6228324,0.7316311,0.5358645,0.8867416,0.6999916,0.8030058,0.3046568,0.17139807,0.47370046,0.548537,0.887078,0.6547376,0.6955012,0.82122976,0.538112,0.74542207,0.9279729,0.7281141,0.82070243,0.7610041,0.7951937,0.90611035,0.20448968,0.5257415,0.69473153,0.49575126,0.94565403,0.82201004,0.8437897,0.55765605,0.6068133,0.5043582,0.4774483,0.77796227,0.47471282,0.22522292,0.7736704,0.62506765,0.6504084,0.69254833,0.7476515,0.84372646,0.89103687,0.8063539,0.56243026,0.8284604,0.18413307,0.7681615,0.71222293,0.37518302,0.5206708,0.41308767,0.5405197,0.88413864,0.85008967,0.5633855,0.17930682,0.32849982,0.42773032,0.6212169,0.77497804,0.7750167,0.677457,0.37157083,0.83035827,0.71425,0.90761864,0.43675667,0.73310757,0.5483296,0.8206291,0.51963365,0.83057845,0.33484226,0.92109406,0.65929633,0.7195165,0.8375522,0.8210533,0.3215064,0.7857478,0.7079126,0.6534315
BC2026_Train_0004_S08_20250607_070007_45,0.7182788,0.6762598,0.122200735,0.44516972,0.4565229,0.75859594,0.14412934,0.22506332,0.55088806,0.25843745,0.29102504,0.46920878,0.64458656,0.71154284,0.10004025,0.6932908,0.18799798,0.3207499,0.77045166,0.57746977,0.72646195,0.5899444,0.20076282,0.28501165,0.5870843,0.48489416,0.704795,0.16469592,0.77370846,0.1875514,0.38200164,0.4695543,0.7431083,0.5749216,0.3540854,0.4971346,0.46261358,0.5437661,0.6475868,0.4644401,0.4174989,0.3365847,0.335715,0.4558555,0.488109,0.48768824,0.6230979,0.6939838,0.45529243,0.5544433,0.44242162,0.35373497,0.34984833,0.36998832,0.26407236,0.049150504,0.35491043,0.46845597,0.6884033,0.52475643,0.6228399,0.20845407,0.7039188,0.38542277,0.39127132,0.35365686,0.6985511,0.21130991,0.54095924,0.6976384,0.4009729,0.77937496,0.64675534,0.8597584,0.5798925,0.33399877,0.61772054,0.9289416,0.9082729,0.3571695,0.72731614,0.7138407,0.8868377,0.71097314,0.7506573,0.43739256,0.82825834,0.81413233,0.5010751,0.8121686,0.23643,0.83915246,0.5196972,0.8411476,0.2747882,0.108466506,0.74362946,0.57700205,0.5373152,0.7690106,0.57611257,0.5785847,0.4456213,0.90552396,0.30863267,0.7569439,0.7040828,0.26076525,0.7009903,0.5728331,0.7607368,0.2841531,0.90292704,0.88346934,0.54985183,0.82851183,0.90438575,0.8783708,0.7323011,0.7195288,0.88188326,0.85692066,0.5332707,0.71997476,0.19283631,0.4511954,0.32977134,0.90304434,0.4769589,0.7325674,0.6533246,0.10548158,0.46669328,0.93463916,0.69112444,0.6177744,0.8485257,0.81987315,0.9248042,0.68974423,0.5354661,0.9113059,0.47170812,0.63436556,0.6242765,0.39858866,0.57494026,0.542387,0.73906106,0.27428284,0.65418947,0.7581374,0.6337054,0.62553155,0.8820751,0.47491425,0.8379437,0.23888022,0.2720304,0.5302993,0.621916,0.8547322,0.52761805,0.6175668,0.8660958,0.4541577,0.46804708,0.9058452,0.5718678,0.7746564,0.7397636,0.59494907,0.7285404,0.15176031,0.6397223,0.9400854,0.60385466,0.8780323,0.84138125,0.6682583,0.51628214,0.32287145,0.5811328,0.3403431,0.80345714,0.3628878,0.41994834,0.84922034,0.51837665,0.4449864,0.7247514,0.75348544,0.92253053,0.9018348,0.7209409,0.6258552,0.787453,0.24858266,0.64116126,0.7307776,0.40207323,0.59879464,0.4150471,0.6200304,0.92783743,0.90836287,0.5831207,0.26919055,0.29266456,0.3479787,0.9309668,0.8550966,0.687734,0.77946126,0.2462038,0.7825607,0.72426045,0.755294,0.36844972,0.6861692,0.65325904,0.7482683,0.74973285,0.83593786,0.55210686,0.91870606,0.7728306,0.6176877,0.7032143,0.8935492,0.39428142,0.8023796,0.4992565,0.41372198
BC2026_Train_0004_S08_20250607_070007_50,0.6985773,0.6951711,0.11904449,0.51623416,0.43383542,0.75506437,0.35840896,0.2166094,0.58372027,0.22578901,0.20298208,0.611878,0.77769965,0.8331185,0.20359966,0.8523853,0.159576,0.5647395,0.6281246,0.8537545,0.5072956,0.4451685,0.37785834,0.28024167,0.6070706,0.34186992,0.75391173,0.11828725,0.68054897,0.44487852,0.4590283,0.3216073,0.7669583,0.48694164,0.33909792,0.3731148,0.393937,0.4362308,0.6928452,0.34261212,0.33512345,0.5142124,0.271585,0.36032924,0.45529243,0.44996327,0.446153,0.6980508,0.4817981,0.47927377,0.289075,0.265755,0.264695,0.37228495,0.24452871,0.12901957,0.38034788,0.46183556,0.38508397,0.69584006,0.85966194,0.4361984,0.61143327,0.56371146,0.72654617,0.2060076,0.8889247,0.18388782,0.291814,0.74115825,0.38419792,0.7733535,0.82789403,0.63323367,0.4589643,0.14322177,0.6368018,0.87301236,0.81292456,0.5796759,0.77822375,0.7988412,0.870561,0.9235429,0.9549687,0.35026968,0.8212477,0.77719456,0.5635449,0.82381916,0.11848058,0.82562274,0.8718418,0.8671427,0.22014424,0.064143084,0.6645247,0.71539956,0.44250494,0.8666959,0.67605174,0.71975625,0.19488491,0.76251644,0.32734367,0.70437425,0.73244727,0.13769956,0.6459384,0.48475826,0.77346915,0.23362374,0.72662985,0.8965215,0.81138885,0.76071584,0.95956457,0.6560031,0.7495531,0.62450206,0.87814385,0.95829576,0.51438963,0.72498226,0.31289732,0.51620936,0.2916475,0.9171616,0.5019686,0.56719065,0.6764351,0.319021,0.6083872,0.67775947,0.65676636,0.705496,0.91460466,0.66365707,0.7779584,0.5283282,0.242277,0.9282934,0.39783257,0.6938586,0.61188906,0.45860833,0.84220636,0.56990504,0.9122584,0.54698294,0.8253425,0.70447767,0.64564586,0.6278213,0.78862816,0.60359395,0.80754983,0.3490706,0.3504838,0.68268895,0.87906325,0.8254576,0.7118108,0.5126601,0.84643483,0.5329838,0.45038584,0.7963093,0.76907086,0.9366312,0.72226214,0.5425021,0.7406357,0.30775914,0.6898621,0.81737226,0.8027197,0.9399875,0.82848877,0.79243,0.80261326,0.42931598,0.7710728,0.41212082,0.4749128,0.70785415,0.3096436,0.8960584,0.60910875,0.4479639,0.65865946,0.8101865,0.90963817,0.8177116,0.82269573,0.594114,0.7396056,0.24849291,0.75842535,0.51987624,0.62416816,0.39864784,0.38779235,0.80215627,0.87101376,0.8510896,0.58771074,0.23896399,0.548233,0.5388333,0.91884375,0.9546021,0.9177682,0.71188015,0.17284113,0.74728256,0.30026022,0.67438793,0.44323537,0.73479366,0.27262476,0.74215215,0.79313844,0.563381,0.45528743,0.95831823,0.8841307,0.8707762,0.40014482,0.90936875,0.6796466,0.8885399,0.7190005,0.41630167
BC2026_Train_0004_S08_20250607_070007_55,0.64337385,0.6294791,0.3959014,0.43399605,0.4596854,0.8308266,0.39582598,0.37442535,0.548692,0.2184636,0.3843109,0.36758417,0.79140425,0.83095896,0.11892624,0.8763615,0.513987,0.72300917,0.82937986,0.92223823,0.6398275,0.55566585,0.40127122,0.40346664,0.48408797,0.36257455,0.6709255,0.3703744,0.7506561,0.53696966,0.30868497,0.37183622,0.724735,0.54117835,0.36921042,0.48142666,0.447271,0.4961216,0.5352172,0.43302426,0.40562657,0.4715635,0.350025,0.4207866,0.51110864,0.5102672,0.42541465,0.67841697,0.51854146,0.5557055,0.31734166,0.29879165,0.292785,0.37140167,0.28763428,0.14387634,0.56329167,0.5215935,0.50098526,0.8131083,0.94390416,0.5799142,0.724656,0.5991741,0.7450122,0.48071164,0.9540296,0.37088507,0.43302613,0.8215028,0.3940979,0.5129255,0.91910857,0.7932018,0.519747,0.05432975,0.50433356,0.8341508,0.3634828,0.91865206,0.83081037,0.8240387,0.84809536,0.93952656,0.9044965,0.5828512,0.6247191,0.7848981,0.7168662,0.87669575,0.23729974,0.5804533,0.6543455,0.88901013,0.3558395,0.20889026,0.733354,0.7143456,0.58486456,0.68624234,0.33863807,0.9137224,0.3290859,0.48928452,0.26405367,0.7006425,0.6362363,0.11614416,0.5206885,0.61585903,0.43623406,0.25946605,0.5221153,0.89968544,0.83371663,0.8199245,0.96158075,0.50180537,0.8359584,0.8051372,0.8815933,0.92406017,0.63661027,0.38006055,0.42306298,0.81707877,0.65195614,0.9463959,0.63844985,0.4224673,0.63919985,0.1508879,0.8246886,0.7885076,0.4238331,0.9022495,0.8978104,0.5007841,0.8275637,0.8224816,0.41241288,0.7026541,0.6841029,0.6190237,0.4437725,0.92005366,0.8186106,0.293427,0.96341574,0.57628727,0.77972597,0.53948545,0.6543664,0.4203198,0.8516812,0.47813624,0.74759454,0.72330564,0.5426125,0.5824634,0.78034365,0.9623176,0.81441075,0.7257321,0.77130497,0.4626667,0.52600086,0.77913815,0.70145166,0.75535035,0.73868513,0.76258415,0.5713895,0.38672298,0.80399776,0.58395386,0.90421426,0.9792041,0.78368783,0.8623389,0.81124645,0.4292913,0.6724124,0.45766902,0.5275925,0.7097406,0.1740904,0.89379334,0.56197727,0.18817325,0.7226551,0.7779476,0.88011396,0.75727874,0.7825985,0.5815082,0.64354193,0.33979726,0.8364172,0.7319279,0.8664869,0.34149396,0.3941005,0.5410994,0.85048306,0.6004596,0.6046026,0.18672472,0.41510206,0.4690711,0.8337282,0.91324294,0.98058534,0.71503204,0.26262635,0.654557,0.24527667,0.77173376,0.33647937,0.5758528,0.19166866,0.5906273,0.78943956,0.6553418,0.54614216,0.88927263,0.9065312,0.8543616,0.43995216,0.77063894,0.61476827,0.9003919,0.7220223,0.45579118
BC2026_Train_0004_S08_20250607_070007_60,0.6266146,0.6024061,0.78311163,0.48155117,0.46140414,0.59207094,0.7525437,0.8958582,0.7795228,0.41213208,0.14308667,0.089787915,0.717247,0.72520113,0.3662625,0.8009835,0.7617062,0.38159877,0.824684,0.82787246,0.51172125,0.5009083,0.8738062,0.29879165,0.3505577,0.11366434,0.68694234,0.37345216,0.71309257,0.8043229,0.28942832,0.3619731,0.7225266,0.46026495,0.46470413,0.56359375,0.33740658,0.37732315,0.64289784,0.44736227,0.30918705,0.4648054,0.31159997,0.50982875,0.5265352,0.5265352,0.5873347,0.68080103,0.50388616,0.49406925,0.40752995,0.3527633,0.33173996,0.32847163,0.2878169,0.37266457,0.56803536,0.802521,0.91776615,0.48638058,0.7490974,0.8959374,0.7268464,0.7420958,0.8117217,0.89306164,0.7185466,0.3374453,0.23499534,0.6220689,0.41506663,0.5894155,0.98343533,0.7068633,0.37129465,0.01623625,0.13914359,0.7398787,0.3377183,0.76898104,0.74830496,0.8686756,0.9502041,0.9883312,0.9057971,0.8216479,0.68511784,0.8131683,0.78274167,0.8483065,0.3368507,0.8245912,0.8804909,0.93773735,0.7897687,0.8109,0.69765204,0.5423424,0.27895078,0.44207117,0.3116861,0.9787604,0.13061665,0.66934454,0.58715415,0.67690206,0.72489804,0.3920874,0.4867142,0.9243894,0.43247557,0.3836708,0.6009358,0.8583101,0.7529494,0.882825,0.69005895,0.7918836,0.80021346,0.6077936,0.78318405,0.729767,0.72837496,0.36727858,0.6940062,0.8905458,0.61887115,0.82828957,0.3454244,0.35897285,0.902827,0.26593414,0.68292373,0.7539117,0.20509541,0.98945206,0.77362335,0.72103155,0.7278539,0.9288512,0.8414666,0.6057835,0.8945104,0.90244156,0.45644283,0.97264165,0.9445103,0.24046622,0.9827614,0.639465,0.8313999,0.7392489,0.5226941,0.6641823,0.8815381,0.63904953,0.56226903,0.8287604,0.44398323,0.8979708,0.6303978,0.9992916,0.6388759,0.8619895,0.61515564,0.44890893,0.36357635,0.9271519,0.6348449,0.7317561,0.33590814,0.5620871,0.5494197,0.6671275,0.85497075,0.7514288,0.99149996,0.9692871,0.73944527,0.74155617,0.94027495,0.36823905,0.6106795,0.5216085,0.4598021,0.5979095,0.29590338,0.97123736,0.91140616,0.2216455,0.77452505,0.62417936,0.96869993,0.7364075,0.93272495,0.9045937,0.6620214,0.40243623,0.8785542,0.8192041,0.9806917,0.7522895,0.58837575,0.26135996,0.84310925,0.69539654,0.5910509,0.3750132,0.3705933,0.48779577,0.7854674,0.8358059,0.9473656,0.8613834,0.16598225,0.5694456,0.18128666,0.9217519,0.20867607,0.55207837,0.29215816,0.16512881,0.9067083,0.53504705,0.5041976,0.77609795,0.8364174,0.9089229,0.43247738,0.7957305,0.8520562,0.94339156,0.6372114,0.4357249
BC2026_Train_0005_S08_20250607_070007_5,0.51438093,0.6835257,0.56889683,0.55622816,0.45232913,0.3922329,0.30598617,0.44231513,0.7748161,0.06832959,0.21119584,0.83481634,0.97144365,0.7115878,0.31014037,0.29736617,0.59107995,0.7455566,0.63952416,0.41469333,0.31597862,0.8575833,0.7760974,0.509555,0.2059591,0.14229308,0.49542862,0.272685,0.62550086,0.89200616,0.35629666,0.5595164,0.42590332,0.3718433,0.4897979,0.58316493,0.41813815,0.34264013,0.563288,0.43859506,0.29831934,0.49549073,0.36919332,0.4089143,0.7055537,0.7055537,0.59003556,0.45466134,0.56313825,0.47415492,0.41618663,0.34251663,0.32122833,0.33703998,0.7051791,0.5739576,0.41506666,0.82759166,0.87997913,0.50310916,0.62439954,0.53770614,0.8227587,0.29373708,0.36088684,0.8766656,0.82971907,0.11055909,0.18927643,0.40263066,0.4775604,0.49793044,0.85182697,0.49463597,0.6465768,0.5731291,0.22827749,0.80389863,0.6550267,0.31470472,0.9073293,0.5540981,0.8052843,0.87075627,0.74054146,0.8124248,0.73288745,0.37711215,0.91536665,0.85193825,0.09986208,0.90490645,0.81311595,0.5221118,0.49347678,0.5941961,0.8074354,0.36536655,0.58905756,0.80069995,0.89615226,0.9371066,0.33422878,0.31236032,0.14403716,0.7535832,0.7573655,0.85439575,0.9506061,0.65650433,0.8078517,0.15314342,0.93698955,0.35137382,0.77662134,0.98706657,0.65236783,0.22192708,0.450009,0.729189,0.73646957,0.7795361,0.6097743,0.9472791,0.11346984,0.99433327,0.27830982,0.7600696,0.76952326,0.28193167,0.96433276,0.8474046,0.76822627,0.9254308,0.91012627,0.53294826,0.874212,0.82439274,0.89461464,0.24073155,0.6861191,0.8188271,0.9822916,0.9504083,0.4987738,0.89466625,0.8447435,0.54134935,0.69354403,0.33846807,0.93630064,0.88688743,0.8566158,0.8812021,0.75598556,0.85484684,0.6377924,0.6425525,0.75600475,0.90548545,0.6039736,0.7906362,0.513284,0.33071905,0.72043073,0.5088987,0.27468872,0.9695323,0.86831874,0.95409834,0.7663047,0.8253116,0.38379717,0.46632454,0.8409547,0.37147436,0.98800826,0.8017004,0.90994716,0.37624082,0.951052,0.5344395,0.7472017,0.7910491,0.67987895,0.8945583,0.72018844,0.9512107,0.41436645,0.112657495,0.83514905,0.88226545,0.7608974,0.7659967,0.9470499,0.64125526,0.83709383,0.67522705,0.45678663,0.21130624,0.2953242,0.96707696,0.41811162,0.8610543,0.7627099,0.5674017,0.5971991,0.4988896,0.6100491,0.79357654,0.89727914,0.90585506,0.928252,0.8809303,0.32204363,0.5504316,0.6169451,0.70374,0.93638325,0.8611149,0.4960674,0.69242305,0.9477817,0.9732728,0.43467596,0.7361522,0.8596207,0.6790967,0.8888142,0.9387097,0.75426877,0.8697962,0.8612746,0.32241058
BC2026_Train_0005_S08_20250607_070007_10,0.47533095,0.52495927,0.6893788,0.49656856,0.4823729,0.55519795,0.42305294,0.5113737,0.41574997,0.28092682,0.20209633,0.5138731,0.90620375,0.6502422,0.49091664,0.28139192,0.6292493,0.3702599,0.44777942,0.6042893,0.5387094,0.5958473,0.82801664,0.37935165,0.24419081,0.65854585,0.3551646,0.29850575,0.70139974,0.88645095,0.40355498,0.3851697,0.45655495,0.43305832,0.4170604,0.47128952,0.29293117,0.39841905,0.48727143,0.48179194,0.3272695,0.35722417,0.35126165,0.3979553,0.702258,0.702258,0.5705707,0.5216268,0.48768824,0.47590798,0.38129497,0.37935165,0.37051833,0.3678683,0.68570983,0.46959192,0.5383354,0.7407874,0.6478169,0.7141686,0.7824346,0.17736475,0.5931381,0.43583584,0.7291022,0.87359333,0.68246496,0.26555935,0.13738967,0.46114212,0.39004168,0.7000676,0.8354856,0.3994862,0.36902356,0.28370866,0.320638,0.66738874,0.3832904,0.23839147,0.75840235,0.62273467,0.8889209,0.49352148,0.8134234,0.74960905,0.501675,0.5214769,0.87636715,0.72676986,0.4605833,0.89010847,0.55070716,0.28836477,0.56600535,0.4267463,0.63565063,0.5784121,0.64204997,0.522325,0.80228174,0.92169833,0.3364258,0.47524974,0.28915668,0.50587416,0.82122934,0.6444062,0.66858613,0.66484535,0.85949314,0.27119914,0.8729922,0.2933741,0.9369583,0.9467666,0.7577312,0.22139834,0.83045274,0.544088,0.70322454,0.9099152,0.38044003,0.72738886,0.18120258,0.949615,0.33469033,0.6491603,0.8087659,0.43670464,0.96281457,0.88797295,0.77285147,0.7900264,0.6567168,0.45529622,0.83378786,0.9019812,0.81707656,0.45917046,0.5167586,0.6341421,0.85280436,0.7437412,0.36911574,0.94885826,0.95921874,0.41596815,0.57997173,0.34711707,0.8932829,0.84883726,0.7027645,0.6320583,0.5266981,0.79332435,0.66908145,0.8923563,0.6156583,0.80847037,0.24090526,0.92966425,0.39437276,0.6437495,0.55427146,0.51131463,0.451702,0.98920417,0.5612055,0.69149256,0.4473135,0.95412177,0.38226938,0.6890205,0.9265187,0.58432287,0.9658618,0.90914583,0.72290146,0.5195106,0.85287005,0.72540253,0.50329167,0.73933184,0.59301317,0.91912913,0.5003983,0.8711728,0.39371526,0.2082385,0.63013136,0.7350335,0.52384746,0.6748602,0.91558653,0.786407,0.5537443,0.27726233,0.53575265,0.34135702,0.38152698,0.877585,0.55230904,0.63236976,0.94499785,0.49833596,0.5607511,0.31413636,0.7403271,0.5881596,0.65156215,0.895169,0.61497855,0.9670416,0.21513616,0.69144046,0.29712135,0.8673893,0.78677034,0.5996387,0.50396204,0.5410243,0.7219746,0.9105329,0.48159295,0.5443079,0.94936246,0.70856655,0.6169072,0.723246,0.49866498,0.9484832,0.6054148,0.5955423
BC2026_Train_0005_S08_20250607_070007_15,0.53869087,0.59324896,0.57641387,0.6260782,0.5357229,0.5003809,0.60004306,0.4013759,0.46334603,0.45170832,0.23496574,0.69284207,0.9635497,0.5535569,0.29091665,0.65196824,0.59389126,0.5181618,0.3556631,0.38436866,0.7698208,0.5656583,0.5641392,0.38818496,0.19391559,0.6452746,0.58496094,0.40476912,0.8153394,0.77132493,0.33730498,0.35211,0.3673383,0.50946665,0.4455229,0.6043671,0.38535237,0.5251731,0.40434808,0.32562563,0.34023765,0.41147143,0.26858166,0.4538464,0.7004349,0.7004349,0.48941743,0.5399985,0.49820638,0.49554178,0.334655,0.29508168,0.29684833,0.322995,0.5949892,0.5339208,0.54686046,0.6364399,0.82735914,0.5301442,0.5467657,0.15555167,0.43652585,0.3430618,0.6616876,0.6965814,0.8434037,0.22530232,0.34562016,0.42008275,0.47701043,0.6040444,0.82066596,0.69280416,0.5538849,0.40236515,0.7368329,0.73907244,0.60375726,0.3436253,0.8677957,0.8837425,0.8780654,0.56909364,0.860384,0.8494291,0.5337509,0.4441628,0.88506293,0.87313366,0.31476218,0.93677914,0.6998358,0.29956102,0.7416221,0.5975148,0.67967975,0.62329775,0.4806375,0.6622498,0.9099633,0.75220263,0.6079416,0.52313256,0.3705985,0.6990971,0.91183126,0.8906024,0.92397857,0.32161123,0.8895321,0.29172996,0.93789893,0.5823667,0.88204473,0.7704964,0.8313464,0.54937834,0.8976125,0.76655734,0.7376478,0.9159738,0.58899826,0.9105431,0.19143315,0.9579634,0.16964166,0.87616503,0.9358854,0.6210029,0.9003243,0.8368884,0.5571945,0.907703,0.711446,0.60844487,0.9322562,0.81527835,0.8662618,0.37732568,0.5889647,0.7246009,0.9560738,0.7900645,0.6368229,0.8285725,0.9141031,0.61961746,0.4879881,0.3747436,0.87146217,0.8044317,0.8249276,0.8166319,0.7373695,0.8710167,0.5183039,0.7411371,0.7087919,0.7237427,0.13367367,0.88292843,0.34083116,0.465424,0.8100179,0.40642017,0.5221939,0.98044294,0.5553825,0.8980181,0.6525159,0.8678467,0.69339734,0.5150272,0.83955336,0.49010098,0.9530345,0.8867207,0.8276856,0.7862467,0.86982214,0.7641374,0.772086,0.8029241,0.52638394,0.87971234,0.7585395,0.9645791,0.20052914,0.46291664,0.8431499,0.75049806,0.5870304,0.7959211,0.86462,0.7614919,0.6765523,0.10762392,0.7536201,0.6775993,0.6554272,0.93488634,0.4510147,0.9091021,0.81732154,0.69646144,0.5715252,0.5610829,0.816522,0.60992277,0.7543093,0.9295101,0.7372846,0.94277143,0.11019818,0.8959633,0.35401008,0.7922965,0.7172899,0.7928056,0.32842466,0.80598956,0.8980056,0.92162067,0.61859274,0.8413508,0.70600086,0.782704,0.71241575,0.9576089,0.68038446,0.9524267,0.82332313,0.5724039
BC2026_Train_0005_S08_20250607_070007_20,0.59026057,0.73936397,0.7961643,0.59310895,0.4660104,0.4834479,0.4135448,0.47763583,0.4767869,0.20288286,0.26151383,0.90671873,0.9549727,0.58711034,0.33653262,0.7950381,0.5737805,0.7637758,0.1699785,0.27027163,0.59762,0.23859808,0.60546124,0.31999168,0.19145113,0.41414592,0.6192341,0.6138333,0.91181,0.84113353,0.40708834,0.4246223,0.41556832,0.37961665,0.44703543,0.53640443,0.3064473,0.44651055,0.45439434,0.363069,0.31010032,0.43393743,0.3053283,0.37749842,0.70548356,0.70548356,0.5891974,0.5684675,0.46216425,0.45290834,0.436415,0.37493497,0.3736983,0.369635,0.6143565,0.18008775,0.40083542,0.28223175,0.80937576,0.53162926,0.323238,0.30574134,0.56641906,0.46074766,0.60675573,0.4445728,0.8560958,0.12735191,0.5166835,0.48418108,0.4565229,0.367502,0.7939463,0.6950319,0.6351693,0.43243366,0.6911564,0.8940095,0.6749525,0.5854293,0.925424,0.90565777,0.8265575,0.5660396,0.81431776,0.8381816,0.7747353,0.38621545,0.9004125,0.9645402,0.18964243,0.9392937,0.7420924,0.35324472,0.7664504,0.55563766,0.90230036,0.42880118,0.35850793,0.70889574,0.9144822,0.79154944,0.54276955,0.5499665,0.21799833,0.81722325,0.86648756,0.81357723,0.89531565,0.40963656,0.8613704,0.31171817,0.6740203,0.69110745,0.68803823,0.7773607,0.8109861,0.5281418,0.64254534,0.7998547,0.71892154,0.9325405,0.6067788,0.93771994,0.35019606,0.9050464,0.3730126,0.9073636,0.8644949,0.4363497,0.93189025,0.49723622,0.6126524,0.9457353,0.8005982,0.49809358,0.83282554,0.86382633,0.8558189,0.44685507,0.7336104,0.6151698,0.937515,0.8527467,0.5963722,0.5873559,0.8457345,0.4923431,0.52722776,0.66434,0.9022762,0.7256199,0.8795513,0.7560689,0.85777,0.8636202,0.3904425,0.37653786,0.81429845,0.8218809,0.17959052,0.835678,0.32909837,0.46835542,0.8225477,0.43095788,0.40770122,0.84167624,0.49921846,0.90320706,0.79977083,0.65617275,0.7161174,0.5759824,0.7137003,0.55038166,0.87439007,0.86398995,0.880835,0.8404786,0.8722136,0.7148295,0.900525,0.813657,0.7771163,0.63547766,0.81400836,0.95781046,0.33180058,0.24475615,0.8573854,0.8340489,0.5650392,0.79492116,0.8529941,0.7216921,0.75567776,0.3113584,0.6548542,0.6426514,0.63134146,0.844647,0.31841636,0.9414313,0.80628294,0.72730505,0.5767969,0.6339166,0.6567838,0.706253,0.8475932,0.9431914,0.80035466,0.8879849,0.10531476,0.78481495,0.5616808,0.71787345,0.5104561,0.76947075,0.34766567,0.79952335,0.8485305,0.84049726,0.66926473,0.96374965,0.7347128,0.8839332,0.7970783,0.9719666,0.55319905,0.7210908,0.81049585,0.7306917
BC2026_Train_0005_S08_20250607_070007_25,0.5800425,0.7162722,0.62089103,0.60763776,0.5420479,0.41856626,0.2571614,0.44533178,0.6665618,0.22408149,0.40294164,0.84544575,0.67572,0.57591695,0.12744983,0.6742727,0.34906548,0.57369226,0.3025484,0.38062933,0.6055187,0.24959408,0.572103,0.4706883,0.09839597,0.33150783,0.66057885,0.51826835,0.8650407,0.668824,0.34066164,0.32069403,0.50513834,0.390835,0.38392293,0.42681408,0.37987286,0.51694936,0.40416545,0.38206467,0.42827526,0.37366274,0.30868497,0.37055767,0.6911789,0.6911789,0.6398619,0.5991804,0.56734556,0.52737665,0.45832163,0.28077164,0.28819165,0.4637983,0.58968866,0.037241664,0.36096042,0.21885933,0.6309688,0.39155218,0.5708325,0.20151234,0.4889628,0.45658982,0.3849372,0.23735273,0.8167779,0.16609424,0.7114789,0.52878064,0.3637104,0.13001716,0.81920886,0.8096908,0.8103577,0.5168071,0.51427174,0.80330205,0.8021618,0.59128016,0.9585573,0.9252166,0.94632703,0.3789648,0.725271,0.506653,0.68874514,0.7800724,0.68307066,0.9732404,0.22248583,0.8056954,0.40398747,0.52412033,0.8628542,0.45311853,0.88637525,0.16273673,0.73551834,0.811545,0.6015914,0.84725064,0.38706064,0.56686366,0.26181614,0.7365868,0.8360237,0.61455244,0.6775291,0.6878685,0.55183935,0.53395,0.7941468,0.50716424,0.56179595,0.81040835,0.54641545,0.67070055,0.4215525,0.87679666,0.65661895,0.95226663,0.7720936,0.7929934,0.29598925,0.840609,0.42969853,0.84412634,0.53827316,0.36805362,0.74642915,0.56514776,0.42364374,0.8796935,0.66135293,0.5539641,0.43096942,0.7336369,0.7936964,0.514944,0.6004617,0.85030544,0.83433527,0.67425764,0.81123495,0.3964918,0.87193936,0.48315287,0.7334753,0.5962992,0.7802804,0.71653193,0.74376875,0.5090836,0.9646486,0.9005334,0.6613804,0.44492936,0.75278825,0.7866454,0.6365758,0.8204011,0.4204103,0.76735204,0.7789468,0.32693937,0.6402316,0.8250478,0.72844774,0.66791904,0.61129606,0.9174402,0.8749206,0.8555937,0.7568109,0.40627533,0.85556924,0.81329757,0.7443671,0.6806973,0.8871579,0.73202854,0.815532,0.77952373,0.9440167,0.74713,0.54800683,0.8767166,0.49456045,0.15808882,0.623228,0.6327235,0.666084,0.80068994,0.85291183,0.8841293,0.50148994,0.25731134,0.60699093,0.71704155,0.56421906,0.5162747,0.34264606,0.712566,0.7601751,0.7599237,0.59097415,0.24994001,0.60034305,0.70693827,0.6952653,0.9462687,0.62717706,0.9016119,0.20721272,0.5480625,0.58539575,0.721033,0.22005424,0.8114011,0.5687832,0.7890104,0.6817337,0.42527536,0.8534979,0.93220097,0.9141448,0.89844584,0.7215688,0.8887132,0.3188515,0.839293,0.5761142,0.54562676
BC2026_Train_0005_S08_20250607_070007_30,0.65349793,0.74016017,0.7532228,0.5194522,0.5608854,0.51040834,0.12372608,0.33949345,0.7060013,0.31678492,0.23974976,0.8546747,0.65280795,0.6276573,0.125188,0.7011503,0.18404374,0.5903349,0.4467811,0.6532997,0.48819715,0.27635092,0.28653514,0.45867497,0.087761566,0.09628482,0.772841,0.4766645,0.96715474,0.6972121,0.3456083,0.36818323,0.46397498,0.46733165,0.36907288,0.5216098,0.38736153,0.6137846,0.49055916,0.4381384,0.46937165,0.36562613,0.36610162,0.43211097,0.6904777,0.6904777,0.73653424,0.53859603,0.51461464,0.6066132,0.45072496,0.3477283,0.33801165,0.40496832,0.68530214,0.05200375,0.45157292,0.218474,0.6152166,0.38945773,0.64315164,0.27824983,0.5849715,0.23578624,0.3545398,0.20805347,0.9211666,0.20622106,0.7919354,0.5774255,0.42104793,0.22455859,0.87700784,0.6638768,0.9308219,0.5668733,0.7389249,0.7724956,0.64123935,0.43355766,0.9880164,0.82292235,0.85775936,0.22383572,0.83472174,0.27839392,0.9090367,0.9274626,0.5129626,0.9795311,0.2838611,0.7855847,0.47957748,0.47648194,0.79526865,0.5076804,0.8292042,0.29420894,0.9440916,0.7550888,0.27716768,0.8646499,0.42917764,0.46469975,0.37437704,0.8012983,0.5076538,0.28419116,0.8201208,0.7824223,0.61715734,0.34678623,0.71529007,0.47274104,0.6287075,0.92012566,0.6997882,0.5872519,0.407558,0.96855825,0.62051386,0.79878247,0.88118696,0.8496327,0.19635682,0.7439238,0.532258,0.83000916,0.61972666,0.29111156,0.9559279,0.83472884,0.39554787,0.8670987,0.9403929,0.53156567,0.42704314,0.5145714,0.79110295,0.7604745,0.69293654,0.8470778,0.8015322,0.79940534,0.81887937,0.2326265,0.753748,0.36080205,0.7432016,0.6765808,0.8561854,0.60533416,0.86418474,0.27707765,0.9738017,0.8994312,0.6201615,0.28355393,0.5395294,0.68851054,0.83952975,0.7564538,0.32920066,0.60269654,0.9019392,0.36582178,0.6506119,0.77318823,0.5717539,0.7859505,0.788328,0.8989758,0.90028536,0.65240526,0.8586927,0.36260438,0.6009751,0.6871128,0.8814149,0.78161544,0.83872765,0.54292786,0.6944712,0.86854583,0.6716576,0.5144706,0.25936934,0.8916089,0.518451,0.14548634,0.84805745,0.74064255,0.73326087,0.9162069,0.8892622,0.8745966,0.6932415,0.31171015,0.4905145,0.66005826,0.7618041,0.5129554,0.50845546,0.7306338,0.71117747,0.69107735,0.5467093,0.1813395,0.482513,0.6362798,0.8308635,0.8627829,0.7480782,0.7466254,0.24504046,0.59438825,0.3480001,0.6670466,0.18348235,0.8798317,0.47513455,0.42573297,0.77778494,0.4533698,0.85198313,0.86526453,0.9549166,0.7441493,0.7234308,0.9507909,0.53337824,0.7204491,0.7973695,0.538433
BC2026_Train_0005_S08_20250607_070007_35,0.5914202,0.6599363,0.6856935,0.6091279,0.5135854,0.386253,0.2912624,0.37185174,0.7751356,0.26481965,0.22403632,0.5242003,0.5576766,0.5023422,0.32525313,0.7031018,0.13514842,0.36625725,0.30414394,0.49991524,0.38705766,0.43415993,0.27435273,0.34428334,0.14494406,0.10353108,0.69438237,0.15834367,0.8870467,0.5835334,0.37952834,0.33147043,0.45231497,0.5060217,0.3819979,0.5801069,0.416403,0.52785486,0.43503338,0.33841115,0.41749895,0.42115188,0.29949832,0.30900443,0.688935,0.688935,0.7421223,0.5855068,0.56411994,0.57660145,0.37051833,0.32052165,0.33129832,0.31981498,0.61863774,0.084202245,0.4123854,0.3551233,0.48885167,0.47293597,0.3607536,0.18052426,0.6692828,0.4220367,0.18962163,0.38388205,0.8635744,0.2744876,0.5526452,0.5176689,0.3726479,0.5674896,0.81810665,0.7839207,0.9460298,0.6592904,0.86597943,0.85271966,0.48691326,0.39812204,0.99672496,0.84460807,0.83483654,0.47994456,0.91078633,0.31175208,0.60946816,0.9094032,0.79488873,0.8174772,0.14100416,0.6440005,0.6070412,0.5159808,0.6835763,0.49633986,0.7923966,0.2089076,0.9415307,0.90359646,0.47126737,0.72238857,0.1681957,0.32502773,0.34876233,0.95988125,0.5753089,0.26309997,0.912397,0.44693422,0.7000357,0.18742341,0.7657247,0.6079571,0.6943485,0.9349281,0.80693746,0.72527486,0.54663515,0.9557996,0.6377657,0.675692,0.5059355,0.88772243,0.21628317,0.7794044,0.5292286,0.8730055,0.6680471,0.25843117,0.90377384,0.76040363,0.43703312,0.79972655,0.96700454,0.59430116,0.5522304,0.44678244,0.76236767,0.8011968,0.53484327,0.8920957,0.89435124,0.8942038,0.39272672,0.47029135,0.6741688,0.5012342,0.49298432,0.72309166,0.9285758,0.63118404,0.97276247,0.42576844,0.9501765,0.8321646,0.6394551,0.15803117,0.7873093,0.6077313,0.85893667,0.81376266,0.4756123,0.3696611,0.8822453,0.4325593,0.46879098,0.6932213,0.5338037,0.88785756,0.85743964,0.843442,0.8329893,0.22307357,0.7043511,0.26145652,0.621281,0.6562041,0.93501395,0.5731493,0.6206412,0.7949513,0.82284343,0.9719751,0.259362,0.31368643,0.48769656,0.7452855,0.5099675,0.18077925,0.8077258,0.87113875,0.7969353,0.8517372,0.8898421,0.8224395,0.95316875,0.274588,0.6502155,0.42789164,0.4976162,0.70418537,0.91290414,0.3962846,0.7059885,0.74329185,0.59090465,0.24855933,0.7698341,0.83137596,0.75161463,0.9163524,0.64131886,0.93432975,0.123375446,0.6327257,0.5579043,0.7948111,0.13902551,0.9688871,0.67543745,0.401046,0.668363,0.76214284,0.64295745,0.823624,0.85122216,0.6397853,0.94685423,0.9676474,0.57859665,0.6131934,0.8782493,0.43458372
BC2026_Train_0005_S08_20250607_070007_40,0.5806874,0.62151647,0.4916556,0.5346484,0.52156043,0.36423132,0.6865027,0.7412854,0.8268258,0.5193854,0.43982294,0.49503118,0.8186667,0.48141596,0.48528102,0.9247229,0.3305345,0.2515804,0.269903,0.5960686,0.234668,0.50988865,0.37236825,0.45461163,0.10419543,0.2067759,0.92357117,0.103837244,0.8925144,0.74063176,0.3864183,0.48014805,0.39401495,0.45708498,0.3670104,0.45055866,0.3438907,0.5339333,0.4722941,0.39101452,0.42480493,0.4248049,0.33801165,0.3844391,0.7127762,0.7127762,0.74417126,0.5227487,0.57379663,0.5697297,0.4272283,0.32264167,0.32034498,0.38942164,0.7014076,0.11495117,0.4697229,0.25638956,0.6681669,0.5330789,0.48053807,0.13736808,0.7444032,0.33394626,0.22054575,0.47090697,0.5506951,0.15487626,0.70320314,0.70853955,0.47756043,0.51018834,0.71665245,0.5831519,0.95865273,0.26622134,0.73327553,0.76176274,0.23357801,0.4064426,0.97757345,0.6689074,0.9266632,0.6734906,0.9405354,0.5603513,0.5038964,0.5263846,0.89196604,0.641487,0.07227092,0.45337832,0.8335438,0.40356627,0.51991886,0.70999163,0.7837582,0.4914306,0.6569718,0.8273769,0.71596,0.87783223,0.23658374,0.47223958,0.22729865,0.78222036,0.623234,0.73151755,0.9707353,0.4040308,0.4076169,0.217698,0.7177642,0.37849748,0.41656962,0.79110223,0.4925877,0.7390542,0.56110734,0.7043538,0.68001187,0.72797173,0.63011307,0.9441336,0.39576456,0.8054141,0.41790068,0.86594695,0.842217,0.29845572,0.8223901,0.5613434,0.33211395,0.85765564,0.9734833,0.55840707,0.8464494,0.6905788,0.8524997,0.50962716,0.28278834,0.51194555,0.95000607,0.67528224,0.305181,0.78519225,0.8269134,0.48373264,0.49379954,0.4140007,0.9555853,0.67586243,0.9555912,0.6304268,0.94002354,0.8451221,0.4883628,0.3926825,0.85596037,0.66436726,0.6644592,0.6263049,0.34797588,0.22971414,0.5761219,0.35078293,0.34258157,0.7211005,0.62854034,0.95516455,0.634137,0.82181346,0.5644838,0.09077267,0.7763741,0.55750537,0.84873545,0.63186896,0.97052497,0.6491109,0.71375203,0.80574596,0.66668975,0.9743022,0.40716317,0.5728696,0.6447078,0.755753,0.3834132,0.24337167,0.41112366,0.88654584,0.6218011,0.84420437,0.89264655,0.9391208,0.82890975,0.18481866,0.5457259,0.6268023,0.25215316,0.6100038,0.77284,0.27100515,0.6894219,0.80501455,0.6040422,0.4898333,0.7545018,0.6936537,0.59093666,0.8091187,0.7169093,0.882151,0.054259945,0.57443273,0.5609337,0.85169667,0.33561134,0.98450625,0.62196237,0.6289635,0.9331205,0.94221663,0.663369,0.80900013,0.59358156,0.73464125,0.84645617,0.9409278,0.6599716,0.29202655,0.9431979,0.47190934
BC2026_Train_0005_S08_20250607_070007_45,0.61575544,0.6213174,0.50112057,0.5017531,0.4981854,0.53486663,0.89083123,0.6679895,0.9558366,0.38547975,0.1636475,0.551515,0.8341683,0.58798766,0.2884267,0.9057238,0.291662,0.24323198,0.61319196,0.62951654,0.4183213,0.53555906,0.31196496,0.43005496,0.20275773,0.153521,0.93358994,0.2158026,0.8344709,0.678596,0.35302833,0.5621667,0.515915,0.5634383,0.41142288,0.46096978,0.26224583,0.46617618,0.6577802,0.35284057,0.4311977,0.34681308,0.31522167,0.3972247,0.6823437,0.6823437,0.713996,0.61741185,0.5282181,0.52835834,0.377055,0.32493833,0.31663498,0.45673162,0.5917274,0.046104837,0.4627104,0.5078083,0.7668569,0.5431668,0.72614586,0.044606585,0.6154693,0.27878234,0.13972579,0.21582845,0.5976708,0.26317486,0.6329722,0.7434437,0.4891104,0.2537524,0.5824093,0.6027183,0.69402546,0.21555233,0.5989779,0.780779,0.45464966,0.69259036,0.93744665,0.83288276,0.92601824,0.7741154,0.95710194,0.53637224,0.79079455,0.6373861,0.7454754,0.76003337,0.065229416,0.42540926,0.7900317,0.35425723,0.58051246,0.7892563,0.8403572,0.66776687,0.44737396,0.771161,0.549074,0.8863404,0.23768367,0.39790678,0.22931424,0.5147989,0.8375418,0.8048444,0.9482698,0.43400502,0.384821,0.18123458,0.7233486,0.5132305,0.5009135,0.7241185,0.48141694,0.7188536,0.37610668,0.7517749,0.8149371,0.7428935,0.7509755,0.9202802,0.24038596,0.9012049,0.6446806,0.8379374,0.73251355,0.3826161,0.8397969,0.7426773,0.51955354,0.75624824,0.93247914,0.6347533,0.77149594,0.8113218,0.8131124,0.6439709,0.257464,0.46623468,0.7964987,0.5170793,0.46626297,0.6821393,0.75006616,0.4172163,0.4011955,0.4683345,0.9300905,0.7154916,0.9102679,0.6417396,0.9844438,0.8245262,0.28533834,0.7170106,0.7333848,0.7846811,0.70281065,0.7329587,0.5584876,0.25678882,0.62845904,0.43838865,0.57508224,0.89464134,0.57031673,0.90161973,0.31772548,0.79825324,0.7492211,0.20074575,0.8003297,0.5532808,0.94294655,0.7675617,0.82633066,0.78826404,0.64592665,0.6095306,0.8064364,0.90338594,0.62848866,0.5565929,0.6188143,0.8199006,0.6753271,0.34311908,0.4847037,0.7255829,0.390862,0.79958767,0.83430827,0.8125764,0.66680497,0.079809666,0.7773318,0.6381396,0.24886982,0.7241981,0.62337744,0.2558955,0.69454575,0.7325591,0.59403825,0.5250517,0.70992893,0.4036524,0.42390293,0.82633036,0.8604281,0.89558613,0.06542789,0.52779883,0.37817717,0.8504067,0.28297076,0.8445744,0.5654566,0.5069568,0.8417946,0.9688712,0.72440636,0.7326378,0.53813756,0.8654351,0.9164697,0.94308734,0.5667983,0.42937708,0.7287942,0.6033405
BC2026_Train_0005_S08_20250607_070007_50,0.547489,0.61295664,0.22636133,0.6419108,0.42201042,0.5659433,0.5100569,0.38451934,0.7934004,0.4390267,0.15060617,0.41450217,0.7512775,0.5604449,0.33561265,0.7001002,0.32148367,0.43585074,0.7551271,0.49611843,0.5509198,0.79099935,0.4379869,0.34172165,0.12799639,0.16851549,0.7555649,0.08178415,0.62054163,0.40030158,0.44030166,0.4518372,0.5569017,0.588525,0.40069792,0.47868687,0.32763478,0.47422123,0.58214563,0.45201987,0.37092295,0.3316531,0.29932165,0.4116541,0.67995965,0.67995965,0.6519692,0.6369054,0.5572481,0.49638328,0.32847166,0.36027166,0.3514383,0.44454163,0.58846545,0.09039108,0.47384793,0.5567276,0.5394025,0.5678494,0.4870404,0.095886335,0.40136683,0.3115788,0.11932084,0.20469685,0.64460486,0.21103394,0.26467758,0.40689683,0.51743543,0.094242334,0.72203344,0.5730716,0.58871335,0.4363967,0.5451186,0.93327093,0.597981,0.84243745,0.8136464,0.6990317,0.86178863,0.7651946,0.9029232,0.5966769,0.77177846,0.7844862,0.6604857,0.91629744,0.15097274,0.67452455,0.3092334,0.47527578,0.3338647,0.52453697,0.7560388,0.74119115,0.52495337,0.64146185,0.6494144,0.79358214,0.5762655,0.33866233,0.21124564,0.62441695,0.67235416,0.448923,0.9541687,0.839025,0.7549693,0.35130066,0.7231484,0.7045958,0.51670504,0.90637124,0.4585337,0.7007722,0.42215705,0.88642734,0.9337083,0.87123793,0.8988583,0.893111,0.10014917,0.9452384,0.63175267,0.9518747,0.80160934,0.6149367,0.57785416,0.6640981,0.5337257,0.94234943,0.8666003,0.6264416,0.79509187,0.8179199,0.81288767,0.7490822,0.32594776,0.36390176,0.85225254,0.7964411,0.51970685,0.7403254,0.8221124,0.68464166,0.6942314,0.69035447,0.90955967,0.7735557,0.9173265,0.53058976,0.9060204,0.8201495,0.49716845,0.5197617,0.7731271,0.5028278,0.62627864,0.82681483,0.5726994,0.28257364,0.9151866,0.51522183,0.7117503,0.8752298,0.9070933,0.92093337,0.33188617,0.71661234,0.7689768,0.19491191,0.69908035,0.5529909,0.8532143,0.8440465,0.8528906,0.80701095,0.78837615,0.649403,0.8611656,0.79048896,0.42157763,0.37046802,0.7613809,0.86862856,0.6863062,0.4393312,0.7147687,0.76899946,0.59950525,0.855354,0.80169725,0.92271495,0.89339644,0.1307995,0.7484278,0.2799318,0.678632,0.667317,0.7271811,0.6287028,0.8413914,0.65671927,0.55699795,0.52710825,0.6020782,0.63944256,0.7674417,0.89337206,0.8013147,0.77266306,0.080794014,0.8306093,0.6334339,0.91445196,0.395975,0.54717404,0.37129846,0.69653445,0.88685274,0.8732756,0.7336042,0.925916,0.4687764,0.75693953,0.90311676,0.92658573,0.51915497,0.73189944,0.7204087,0.7129586
BC2026_Train_0005_S08_20250607_070007_55,0.6086394,0.6615288,0.21899009,0.59720683,0.4705479,0.43546665,0.5917565,0.3187302,0.5009793,0.12612566,0.36685628,0.52030444,0.6087105,0.7597395,0.21383567,0.71449363,0.2901766,0.6920138,0.5871359,0.7553217,0.45004225,0.60628074,0.18836424,0.41751164,0.17807291,0.20828733,0.6335376,0.16964668,0.5561075,0.3236703,0.42528498,0.37914225,0.5346416,0.599655,0.43026042,0.5185047,0.36562613,0.54072696,0.5150343,0.43083242,0.4752165,0.42407432,0.28995833,0.3490049,0.67757547,0.67757547,0.6391168,0.6277897,0.59251887,0.6120826,0.3090383,0.2973783,0.28854498,0.47439831,0.5823494,0.09918917,0.5067104,0.5140574,0.42542565,0.6235835,0.4286815,0.18158925,0.3404112,0.30963373,0.29879186,0.16156758,0.8621576,0.51267916,0.3635542,0.41047534,0.3824104,0.3430398,0.80712867,0.6119332,0.6471689,0.45332956,0.82749414,0.9603423,0.5179727,0.8754729,0.8644764,0.6476168,0.7883579,0.5327357,0.6571071,0.31555322,0.5822962,0.8029952,0.5175646,0.93275857,0.17488033,0.62749565,0.22936757,0.49375403,0.5266432,0.13677217,0.9344999,0.7501382,0.8319739,0.8282095,0.5816995,0.6677911,0.5081867,0.4086102,0.15370767,0.83013177,0.64698935,0.24676332,0.8670162,0.79499227,0.8884374,0.20831358,0.52123904,0.47249588,0.65465975,0.9475832,0.7818713,0.6258919,0.52943116,0.9722055,0.88558805,0.929801,0.8127708,0.6486079,0.13756125,0.9755919,0.8423812,0.9904868,0.87993914,0.5851598,0.53550273,0.39987326,0.84615165,0.9159864,0.769324,0.71374786,0.8197208,0.87491417,0.75390434,0.80325294,0.45178506,0.7006273,0.6597807,0.8699911,0.6257149,0.64672726,0.77940255,0.5679505,0.77230746,0.5411837,0.8744341,0.84784055,0.9384687,0.37622,0.80864984,0.76248074,0.6745647,0.29414085,0.66042215,0.37141377,0.7370225,0.87954414,0.6037458,0.29492342,0.9697062,0.52103215,0.5744051,0.7497921,0.86431205,0.80800366,0.5719013,0.90365005,0.67332375,0.2572283,0.5282956,0.5464175,0.8922466,0.73423314,0.7601291,0.8008866,0.7014272,0.5443002,0.67523265,0.7151918,0.43567064,0.6188464,0.48335707,0.6922587,0.51568305,0.12173243,0.76722634,0.70157313,0.5848025,0.9213957,0.7731325,0.7250765,0.83638084,0.19958073,0.6339032,0.118931755,0.7387754,0.51129496,0.44418103,0.6645108,0.80088174,0.6528277,0.5757684,0.2623653,0.5231174,0.88638747,0.8421922,0.73082936,0.892794,0.6092458,0.04420888,0.7504683,0.7045187,0.8851156,0.30866206,0.6752144,0.25358474,0.72587097,0.91795343,0.62189585,0.6841808,0.9720148,0.466817,0.47164437,0.9379354,0.7865738,0.37267932,0.7594163,0.78084147,0.6185598
BC2026_Train_0005_S08_20250607_070007_60,0.46429265,0.46612257,0.6945181,0.6160197,0.4913104,0.10840415,0.77115065,0.36917225,0.6301744,0.110872924,0.09184,0.72129923,0.7071775,0.5344358,0.4549479,0.8941599,0.6560979,0.87133956,0.4287154,0.9219729,0.40920573,0.32951126,0.1894795,0.43544328,0.5042039,0.4272018,0.7297832,0.30237418,0.27519345,0.6711633,0.30727163,0.32279453,0.49162328,0.537645,0.46580413,0.39302373,0.45019335,0.5790458,0.4640748,0.34781766,0.42060396,0.47202012,0.28165498,0.2653509,0.69398373,0.69398373,0.41129112,0.55346155,0.43257326,0.5472909,0.3281183,0.26504833,0.25621498,0.3524983,0.59723175,0.2098964,0.42634165,0.120027915,0.75512284,0.9434,0.72103125,0.07943,0.5146465,0.6672499,0.89630085,0.51158726,0.9025619,0.49471617,0.6967672,0.16444108,0.3102229,0.75043327,0.91778535,0.8197059,0.3040721,0.7617125,0.90306664,0.977152,0.84888536,0.7434313,0.7401706,0.4716769,0.81911004,0.42096248,0.80961514,0.110572755,0.88813126,0.42501175,0.77685446,0.91882336,0.33477956,0.66407806,0.51635885,0.50403666,0.8264972,0.038321912,0.693925,0.4395946,0.7287705,0.9399396,0.86574686,0.9624584,0.1171759,0.17836982,0.27999464,0.59695107,0.6875577,0.16318457,0.7354882,0.2932743,0.70634127,0.21212134,0.71292746,0.47896588,0.9186218,0.8771688,0.7484395,0.46600002,0.37231815,0.8449732,0.62365574,0.9482228,0.3110276,0.47212625,0.25922275,0.95460165,0.68814147,0.9992916,0.82740957,0.650425,0.7802632,0.52151173,0.9020757,0.7573624,0.23651424,0.43228117,0.8504707,0.67600805,0.76380336,0.47054428,0.34430707,0.8879,0.55753,0.788804,0.32703817,0.95822126,0.9508938,0.47469276,0.6381038,0.7012977,0.8999361,0.77689457,0.69895995,0.14462748,0.9145085,0.5644447,0.8486979,0.60906833,0.3944969,0.569095,0.6839136,0.97052914,0.43360358,0.49997115,0.75642574,0.35955232,0.7578271,0.84830236,0.89268327,0.44366914,0.38493767,0.99433327,0.27574423,0.8200157,0.8423331,0.226619,0.95861024,0.9695416,0.71348757,0.8951583,0.86638415,0.84168744,0.9207582,0.5799391,0.1338144,0.5909059,0.21716557,0.7809962,0.19023108,0.10800042,0.45909905,0.3830751,0.787064,0.8327845,0.71774834,0.7027627,0.6228788,0.14663874,0.8541687,0.28260624,0.59333,0.76472366,0.25224575,0.7014805,0.91744447,0.375703,0.5532537,0.18100584,0.9205354,0.802187,0.38861126,0.7863472,0.88495004,0.2120175,0.02843252,0.7196423,0.45717174,0.74616337,0.531895,0.62033117,0.27210745,0.49921346,0.95355403,0.83243906,0.15297431,0.9965079,0.8137295,0.4801946,0.87065846,0.7448818,0.42548203,0.8590755,0.85705376,0.5322056
BC2026_Train_0006_S09_20250828_000000_5,0.2720917,0.34717804,0.2561759,0.2969622,0.5303604,0.34979925,0.3016466,0.13921624,0.09953299,0.91934574,0.124652505,0.2791329,0.15698957,0.09738617,0.89461464,0.08486076,0.3445818,0.72839224,0.12755767,0.77896446,0.24820793,0.38742048,0.36964875,0.7476133,0.4592961,0.1569969,0.071049266,0.24100266,0.5570141,0.12978296,0.6312783,0.68988913,0.44250995,0.68383664,0.6947416,0.28535113,0.60528445,0.5726196,0.3320184,0.68183637,0.7048733,0.73922485,0.63657826,0.5693021,0.6128539,0.622741,0.44123653,0.31939825,0.3266908,0.6319268,0.34313497,0.5534566,0.5207733,0.7458466,0.5189613,0.88983744,0.61437285,0.54119563,0.6003367,0.516045,0.5893854,0.20447284,0.28330025,0.13108966,0.48872137,0.8906616,0.22979248,0.7719562,0.13575292,0.3341879,0.63114786,0.7627061,0.6113976,0.90904784,0.33468565,0.6723063,0.52022576,0.6277667,0.21978673,0.2807599,0.18290924,0.48585412,0.44418746,0.21601415,0.60808384,0.088334575,0.26153833,0.22065057,0.5029379,0.12837158,0.45400158,0.36757284,0.1054855,0.4491119,0.48013982,0.71095324,0.09632484,0.2825959,0.05585358,0.13568759,0.72326785,0.34937692,0.9296935,0.37946194,0.8222853,0.30841893,0.2662558,0.5299071,0.37304923,0.28400883,0.39291582,0.9230769,0.368954,0.7930075,0.40144557,0.5089404,0.17206831,0.5613119,0.35114622,0.85040826,0.5798791,0.85905,0.5124936,0.41801432,0.24560392,0.10423958,0.7518333,0.6129104,0.46144077,0.6359804,0.25633982,0.713067,0.49759996,0.22430165,0.36754748,0.08040875,0.5674404,0.8648845,0.49102038,0.95129573,0.4238868,0.599088,0.20099199,0.5429756,0.23840967,0.36483705,0.3698127,0.6755746,0.37855217,0.5650497,0.14085206,0.47831917,0.6472207,0.81746244,0.48925364,0.20413591,0.95977694,0.50526655,0.18094572,0.13751514,0.4089947,0.38967398,0.13034233,0.65817654,0.24323766,0.48618126,0.9149396,0.1285339,0.20772874,0.29950765,0.6479654,0.53601694,0.029796667,0.5281512,0.38779575,0.309064,0.16025291,0.5612208,0.7527479,0.4773291,0.295026,0.8754088,0.9446865,0.53326726,0.5544803,0.1282875,0.93447137,0.25081515,0.23450242,0.6242554,0.7242291,0.2690636,0.92927086,0.20855607,0.41018116,0.88267577,0.9256915,0.42946923,0.44852498,0.11811691,0.7855841,0.7791362,0.671415,0.2949974,0.5968541,0.41595626,0.4304076,0.3353965,0.4778458,0.10083566,0.626425,0.24666789,0.13895498,0.38599023,0.67480725,0.90806335,0.8675812,0.3161325,0.60288066,0.1744999,0.8097726,0.18973184,0.19398083,0.69786876,0.3633882,0.3115852,0.1716239,0.26795432,0.8535374,0.27827752,0.18080792,0.5375565,0.1171109,0.50555927
BC2026_Train_0006_S09_20250828_000000_10,0.22912441,0.28670707,0.30039316,0.4084307,0.69838536,0.69769126,0.42711583,0.051067997,0.320509,0.74260485,0.5293771,0.41826192,0.36868176,0.21672441,0.7999301,0.35639125,0.3083023,0.694175,0.17591467,0.61100554,0.060038418,0.5316117,0.4946,0.667495,0.39393938,0.43803066,0.30500704,0.37607864,0.5229736,0.73540264,0.58145833,0.40507868,0.6498283,0.37961665,0.5530479,0.2816068,0.5776605,0.55864966,0.34115094,0.69896114,0.68367124,0.65288734,0.5040783,0.53567386,0.54266304,0.54434586,0.4754727,0.4224759,0.32262385,0.60044265,0.30956832,0.4635333,0.44586667,0.692935,0.44580978,0.8652921,0.69838536,0.73954487,0.3730509,0.1810865,0.3897934,0.44180906,0.5326874,0.11025417,0.5155988,0.6825804,0.3545755,0.50513226,0.47859442,0.47374168,0.7086979,0.417874,0.60177636,0.4947164,0.6164855,0.87029916,0.57906425,0.3736279,0.81153095,0.7036972,0.20016399,0.52054167,0.30371702,0.36874163,0.39196283,0.3244208,0.4669626,0.09509482,0.4210469,0.35171485,0.5155169,0.57546455,0.2911802,0.5831909,0.7315678,0.88601255,0.11185207,0.7784693,0.33801734,0.35192534,0.31362244,0.8942354,0.8989737,0.23123972,0.66918916,0.7189729,0.34381908,0.5618041,0.13480699,0.28021556,0.29039457,0.72849524,0.32091823,0.47423357,0.5243605,0.11052842,0.25198007,0.8831401,0.452005,0.64374125,0.40785867,0.595774,0.34012678,0.29219037,0.51456594,0.116512336,0.25378957,0.15473542,0.13225682,0.90043074,0.63974583,0.831611,0.57754916,0.26976892,0.09816574,0.17002475,0.65452963,0.8721825,0.5861979,0.6420479,0.64621454,0.4176171,0.13092874,0.10877758,0.7434833,0.33941808,0.8766365,0.80024165,0.24187788,0.6215398,0.2527986,0.22128591,0.2711885,0.68733597,0.40117142,0.16736093,0.9114678,0.7167063,0.7891137,0.7496397,0.79235744,0.117498755,0.709935,0.54372656,0.25679865,0.7493767,0.8207685,0.46413484,0.675078,0.08666641,0.4497526,0.2089205,0.09230941,0.55583227,0.5238349,0.4838875,0.34875265,0.22505559,0.27304465,0.43617964,0.3529065,0.48783082,0.9041182,0.2868695,0.8427541,0.5031997,0.9357214,0.16186717,0.30625638,0.84334666,0.2702134,0.078343585,0.60834855,0.48213285,0.2692244,0.78076905,0.783308,0.25573,0.49029994,0.73806286,0.42055282,0.6437645,0.7767855,0.62085575,0.43722314,0.30279952,0.47233683,0.43274826,0.4575668,0.46732616,0.4024095,0.36573792,0.23004948,0.5150687,0.7733694,0.90377635,0.74176,0.75016814,0.34136593,0.06874367,0.63601387,0.24276757,0.24560434,0.31430748,0.8573885,0.1135085,0.4976219,0.7271903,0.6859204,0.08268375,0.55547917,0.34094733,0.08886591,0.27917
BC2026_Train_0006_S09_20250828_000000_15,0.15019017,0.32048365,0.33884558,0.6933204,0.5317354,0.85497075,0.34848535,0.0756685,0.28975153,0.4660311,0.4518404,0.2695465,0.23617809,0.12398,0.75641894,0.3639399,0.09062125,0.52418184,0.57958245,0.42117423,0.05455958,0.7194969,0.41799328,0.679155,0.31940496,0.24243799,0.44066247,0.6498488,0.58842087,0.7579787,0.5565483,0.4160377,0.6344583,0.31363165,0.5161979,0.4534811,0.6950877,0.4362308,0.5210618,0.6051825,0.61456037,0.7111932,0.609725,0.67205083,0.5419618,0.54462636,0.5185583,0.35726354,0.3332822,0.5227487,0.45814496,0.60548496,0.60601497,0.6597216,0.46462277,0.79103196,0.55483544,0.66197413,0.18721968,0.18146616,0.32753974,0.5405565,0.38759178,0.37795693,0.2926621,0.47030392,0.38031125,0.3039074,0.56799996,0.24290666,0.67982286,0.41091275,0.39582473,0.30799657,0.4118737,0.8945042,0.80074996,0.2678717,0.90756667,0.8588729,0.10642725,0.62223136,0.21637684,0.3638704,0.33849394,0.43996736,0.44892794,0.22192448,0.29840624,0.51703405,0.5337004,0.4965954,0.33498132,0.7763918,0.87621874,0.8686739,0.23668948,0.89734286,0.6295424,0.5462625,0.17895158,0.7615073,0.81101656,0.22914132,0.5303997,0.6113444,0.3058814,0.18830582,0.13364734,0.3975914,0.28861466,0.68114585,0.2999996,0.61362815,0.24583422,0.08874782,0.36320752,0.93078744,0.49247918,0.6684315,0.2071239,0.5529974,0.5098474,0.30257574,0.52733576,0.1554795,0.11194341,0.12380883,0.0922355,0.93489784,0.53236526,0.78153133,0.9013656,0.30448198,0.20152989,0.3723935,0.5148612,0.8998208,0.22143593,0.4786285,0.57485044,0.49455935,0.096215665,0.053688504,0.73310995,0.2968324,0.67698115,0.47319126,0.55195546,0.7283534,0.1279175,0.18384098,0.30111983,0.44551167,0.6867624,0.45722717,0.6840816,0.81098247,0.9526791,0.8346542,0.7926483,0.23751898,0.87347496,0.56579673,0.49439096,0.74883914,0.69381195,0.41851804,0.67938954,0.19196534,0.5570759,0.14084925,0.36456484,0.78225386,0.44511572,0.27567405,0.13050415,0.3446965,0.24132223,0.8463229,0.39392558,0.52488375,0.89641476,0.27545893,0.6675718,0.74657595,0.8932026,0.18432948,0.6841499,0.616472,0.24656291,0.201144,0.5258051,0.29672983,0.15067808,0.6127476,0.8665614,0.55504507,0.419159,0.92225206,0.5559286,0.67231345,0.79492867,0.58248866,0.48608127,0.29213175,0.45945078,0.63290316,0.5812863,0.5634365,0.54448646,0.20267725,0.6390956,0.57953084,0.606198,0.3208474,0.28266767,0.753875,0.5335134,0.08263542,0.57086647,0.17360666,0.31343994,0.14822075,0.95665836,0.2152213,0.46422827,0.77495587,0.60357237,0.1415444,0.54203975,0.081478834,0.049956255,0.36738747
BC2026_Train_0006_S09_20250828_000000_20,0.20333958,0.3424566,0.2663622,0.73206395,0.47597912,0.5205817,0.55851084,0.15981634,0.43312633,0.57858056,0.40471834,0.2848884,0.24978049,0.12879683,0.65427953,0.33648282,0.09683475,0.7633441,0.5792458,0.21182585,0.16353273,0.4725641,0.62332845,0.7095416,0.20130998,0.30412024,0.48573497,0.7124119,0.65704197,0.30086777,0.53155,0.700796,0.5952383,0.36636665,0.5137917,0.70038825,0.74055004,0.49263543,0.55707,0.48955458,0.6844867,0.781935,0.63587165,0.7495201,0.5484129,0.5500958,0.4309568,0.35978788,0.35249528,0.6036682,0.4733383,0.5809283,0.57810163,0.71731496,0.44343528,0.75012994,0.5127604,0.528216,0.52378815,0.3113656,0.41034108,0.7048791,0.43070084,0.43785983,0.51605237,0.37553784,0.51951045,0.18420175,0.57836825,0.17277108,0.61561036,0.38207066,0.57435095,0.41607535,0.18022111,0.7389904,0.76581204,0.3676918,0.6808518,0.7520639,0.17682542,0.5195089,0.36759922,0.4263333,0.2649496,0.5456864,0.6642479,0.32541883,0.54741603,0.54716766,0.6634167,0.20922291,0.39837837,0.8658368,0.78322774,0.70252216,0.27846116,0.7007654,0.45614788,0.3371557,0.35008836,0.7170783,0.6123241,0.39644018,0.57071096,0.26730317,0.444219,0.15215334,0.30649948,0.7088216,0.32286692,0.49738503,0.231257,0.88910043,0.35990965,0.31056,0.5610833,0.63151777,0.59226495,0.6458638,0.21540724,0.36316288,0.78413975,0.37677076,0.34606683,0.2930716,0.052960165,0.21739966,0.17899257,0.71349096,0.1723708,0.7983475,0.7847962,0.2713411,0.52591664,0.7008352,0.44262248,0.35236192,0.17370316,0.4975387,0.76533747,0.63711977,0.1727004,0.18042515,0.53080845,0.5473523,0.6511389,0.3358577,0.62079483,0.7660958,0.1999605,0.26044503,0.32123056,0.57430077,0.64999205,0.37503308,0.3144704,0.6557883,0.78746545,0.55559725,0.6547959,0.6940794,0.7363976,0.70690334,0.33210984,0.716839,0.73132956,0.62691593,0.5464229,0.38311017,0.44482073,0.33078608,0.5116354,0.8955834,0.6533792,0.08941149,0.17281848,0.8926146,0.46387765,0.5232447,0.48273736,0.51260835,0.94869435,0.39462224,0.28382862,0.6574235,0.8068377,0.4495914,0.6731025,0.45268998,0.32237026,0.4418458,0.6638528,0.22133474,0.37049082,0.77061605,0.9546083,0.6486963,0.15493417,0.83680946,0.7159276,0.7336235,0.87503016,0.7320012,0.3501941,0.27002117,0.46908593,0.62522435,0.49107978,0.6655463,0.49219918,0.3829834,0.7088229,0.5284759,0.60462844,0.2977251,0.335306,0.38186574,0.5745642,0.23276842,0.6930252,0.34178793,0.5096667,0.4227659,0.76199305,0.33752364,0.52472615,0.76915,0.45537734,0.34416592,0.2847959,0.216629,0.13038051,0.47139657
BC2026_Train_0006_S09_20250828_000000_25,0.24814056,0.3560762,0.5023354,0.574296,0.6198729,0.24191265,0.5844959,0.06441767,0.20259887,0.7740638,0.1457944,0.50744385,0.29825574,0.26796374,0.53653777,0.24010491,0.13486709,0.8032707,0.20053999,0.12135409,0.241402,0.47703224,0.7277253,0.7362183,0.32393146,0.4580119,0.31831387,0.35443893,0.34465197,0.24675712,0.3862416,0.7523743,0.64011157,0.49621665,0.60626036,0.67673975,0.6043671,0.60288805,0.72587156,0.5918293,0.68856406,0.7656256,0.5358783,0.62842333,0.6106802,0.618674,0.4257722,0.46034116,0.4163053,0.62133855,0.37740833,0.39419165,0.3948983,0.7086582,0.44160876,0.8433766,0.65136045,0.88331664,0.69858325,0.32618514,0.39161956,0.6462755,0.4165592,0.46906596,0.54042226,0.36189467,0.21920285,0.47202682,0.39819163,0.419117,0.6321104,0.5870223,0.8539624,0.5978837,0.10399839,0.47827256,0.58877826,0.4434015,0.781802,0.38273656,0.46712503,0.500126,0.38555363,0.2859481,0.5621792,0.33456624,0.5666045,0.19787917,0.6759031,0.8077833,0.62981397,0.16858134,0.55991876,0.6346032,0.81476593,0.6325891,0.15069667,0.49000388,0.36789322,0.40874466,0.64563936,0.84260106,0.61253506,0.42064497,0.35647875,0.090071075,0.29305404,0.2241565,0.54562914,0.6290827,0.518,0.41246662,0.5606895,0.75052345,0.7967125,0.47438535,0.31711668,0.5324432,0.3592324,0.50659454,0.3518752,0.20735934,0.7936479,0.518775,0.40739194,0.59325,0.12973483,0.17463566,0.33521622,0.66751206,0.25614575,0.92073536,0.49732333,0.33078483,0.3901769,0.6710508,0.6944354,0.12884209,0.30748916,0.48166764,0.69539225,0.57686675,0.15613374,0.40634593,0.16296905,0.5168004,0.7255523,0.54747844,0.5134024,0.7017563,0.43473873,0.3870328,0.4790915,0.49827644,0.5066608,0.43086436,0.4226489,0.7581229,0.42905742,0.23058784,0.91060156,0.62237275,0.35710058,0.8684611,0.38747633,0.67538404,0.71501994,0.7602646,0.77329624,0.22129783,0.34945,0.5696834,0.3248226,0.94663537,0.9152749,0.09531042,0.3311695,0.6944365,0.56234276,0.22522832,0.5127128,0.6661576,0.8543532,0.631425,0.24337474,0.56072587,0.84031034,0.5557354,0.4721613,0.50748,0.35475796,0.36997014,0.44402927,0.18672717,0.7310083,0.90472907,0.8784615,0.32726467,0.18681316,0.38277042,0.34748608,0.6838585,0.82700455,0.6110533,0.4527508,0.25467923,0.41692254,0.3868247,0.4199905,0.3683758,0.53053224,0.50133336,0.28205165,0.5584201,0.49803716,0.48316866,0.6706616,0.4065874,0.63075525,0.6086646,0.61080456,0.49636048,0.3153317,0.53698546,0.36777174,0.4062591,0.57613605,0.44868454,0.7425844,0.45257503,0.11865166,0.59269613,0.36227342,0.53572845
BC2026_Train_0006_S09_20250828_000000_30,0.26779407,0.362432,0.3636058,0.51221174,0.6486105,0.31549063,0.64820755,0.162303,0.2861601,0.61817884,0.22568141,0.6090034,0.28391373,0.13685209,0.77795714,0.5323937,0.16314182,0.3853368,0.15155758,0.13638142,0.34763575,0.36116028,0.5164175,0.73233163,0.32215685,0.15300259,0.30751038,0.35361633,0.24919201,0.16806078,0.35868165,0.7048733,0.664845,0.57394993,0.67624784,0.636578,0.6163952,0.5544586,0.66573095,0.6308697,0.72546387,0.78907037,0.537645,0.59723175,0.5872599,0.5872599,0.5230278,0.38671428,0.34253812,0.6467224,0.4865883,0.4367683,0.42387164,0.73498166,0.42370903,0.6181114,0.63018537,0.69661653,0.4054554,0.24789582,0.1324909,0.39859197,0.37349743,0.45004898,0.44457266,0.2989962,0.2060099,0.4811072,0.30670795,0.23597208,0.5732604,0.5935415,0.70344245,0.37420574,0.17629996,0.5816072,0.7951787,0.53423584,0.6050474,0.5047266,0.40170342,0.83059376,0.27225375,0.18486348,0.5355883,0.273469,0.37116417,0.29640943,0.6201986,0.63957745,0.8218979,0.13689758,0.2758061,0.68421257,0.5835738,0.41848034,0.19665733,0.73228896,0.46047035,0.35904467,0.5338993,0.83131313,0.24371548,0.39343485,0.30584258,0.25751275,0.2320414,0.59849626,0.40361732,0.25106797,0.3466743,0.5429433,0.6878667,0.58229756,0.9418686,0.18239073,0.33113912,0.3275207,0.42635033,0.5676723,0.18033916,0.08129716,0.55971473,0.41216916,0.21428698,0.4023346,0.19477674,0.05119033,0.3693899,0.46179426,0.47763613,0.8818984,0.40979144,0.20320475,0.45728374,0.79130703,0.30616832,0.14160433,0.19336459,0.4923106,0.38588536,0.2044907,0.07427242,0.35044768,0.15369399,0.6569166,0.43535215,0.45895663,0.3983031,0.57603204,0.53382283,0.29569334,0.6385726,0.31655544,0.48548508,0.52678543,0.3912955,0.78858197,0.10945358,0.20109159,0.50224257,0.31716847,0.24517073,0.6040212,0.7129,0.48200786,0.58691,0.43060616,0.40093958,0.35205847,0.34651533,0.4285488,0.32105368,0.6828911,0.8382703,0.16705589,0.4979687,0.18935016,0.55988574,0.13148358,0.31431326,0.7403526,0.8835875,0.5146757,0.19229515,0.28512648,0.8057399,0.53084505,0.5911957,0.56340665,0.47496608,0.20165876,0.41116115,0.14676009,0.5493474,0.82830954,0.72941566,0.36295626,0.07281083,0.34672356,0.15596949,0.6094961,0.9064164,0.33716577,0.285075,0.25030258,0.40479693,0.45814526,0.80761397,0.10294657,0.29007992,0.23806,0.16740283,0.34263343,0.34613535,0.27423063,0.60180664,0.252618,0.30904484,0.47258857,0.63093996,0.17202692,0.3390726,0.38873816,0.3967836,0.20592234,0.37469167,0.30034882,0.82580996,0.40872592,0.16422775,0.49152976,0.6373334,0.6507307
BC2026_Train_0006_S09_20250828_000000_35,0.3720388,0.34318298,0.25670707,0.62151456,0.5230729,0.3613971,0.8504646,0.4080264,0.45433164,0.760231,0.5066562,0.5469257,0.09478158,0.22426488,0.7085854,0.44791415,0.21518584,0.23760848,0.27589738,0.26417056,0.30499431,0.48649967,0.5843909,0.71077824,0.4066697,0.094015166,0.17806166,0.40601534,0.273984,0.11501282,0.550895,0.6559454,0.60177493,0.6243,0.5798604,0.6634884,0.71098936,0.62384295,0.38909674,0.7091546,0.73423016,0.7974288,0.51962495,0.72627926,0.47892317,0.4824292,0.5013956,0.3611903,0.35880616,0.65850264,0.41397834,0.44295168,0.44083166,0.7567116,0.47759095,0.7527097,0.4931667,0.43397498,0.4527898,0.20344982,0.2381459,0.507483,0.18039313,0.29125565,0.40580508,0.41161993,0.09709508,0.4440824,0.28994742,0.07079167,0.6321104,0.35956034,0.57694465,0.18520376,0.5376001,0.59362227,0.57122,0.45116684,0.25096834,0.6339661,0.2829376,0.50322473,0.3797849,0.11717684,0.4907577,0.50230414,0.3244935,0.4997238,0.67625487,0.47355744,0.74161625,0.2497698,0.12860042,0.9074484,0.6023678,0.5759865,0.46939787,0.711259,0.38445988,0.2539737,0.57203484,0.5589808,0.25425825,0.5862962,0.5287316,0.27891332,0.3184839,0.5877206,0.38221675,0.3822571,0.38263372,0.7916688,0.47310942,0.80827713,0.6462543,0.21315742,0.3933766,0.5583181,0.4172151,0.7759476,0.267752,0.13792883,0.50656533,0.29090482,0.38932356,0.30889106,0.21530758,0.106266916,0.26868847,0.59894395,0.6494545,0.48951688,0.5182256,0.30190226,0.49567106,0.5797743,0.21800072,0.3876797,0.36230993,0.19323066,0.52185476,0.26009113,0.25640783,0.5568849,0.15821865,0.4009626,0.5081627,0.7070669,0.40862814,0.4570903,0.25397223,0.44128126,0.6132374,0.6263928,0.5896818,0.29604134,0.25981632,0.62821186,0.13203433,0.17011783,0.3059681,0.46685588,0.17732431,0.8002478,0.6150905,0.47946557,0.87810457,0.47967803,0.48471346,0.20205325,0.6551938,0.31241915,0.22909683,0.6350607,0.46846175,0.28473246,0.20844708,0.11335058,0.63589615,0.24593617,0.5634526,0.7906324,0.9173006,0.53199273,0.41043353,0.24158666,0.93269205,0.45278051,0.375512,0.75129867,0.76690066,0.32552415,0.7633103,0.31541568,0.3606094,0.68484807,0.8872267,0.39163265,0.1023925,0.8715386,0.47386283,0.43644872,0.8845711,0.5645746,0.4870205,0.19840258,0.4327605,0.51478124,0.89061445,0.22353315,0.1669245,0.18208891,0.108959,0.12346233,0.533167,0.33429065,0.72450304,0.22978923,0.38697466,0.2415364,0.79031503,0.14771283,0.29893816,0.2589742,0.23820508,0.3136312,0.46851858,0.52362186,0.784618,0.338075,0.09019249,0.5502648,0.5954144,0.5054262
BC2026_Train_0006_S09_20250828_000000_40,0.22731225,0.30068982,0.24847174,0.7015162,0.4632604,0.15991226,0.8234474,0.39050025,0.2608858,0.7924545,0.30525225,0.5268725,0.061938163,0.12553942,0.7665719,0.10824192,0.34534234,0.5135468,0.4048056,0.15977858,0.16765667,0.76391876,0.7409687,0.7381616,0.1651127,0.0721945,0.077463,0.43931603,0.31450462,0.11742804,0.5644983,0.6781668,0.5623783,0.52580833,0.5933354,0.45859528,0.67979777,0.55473804,0.3431601,0.72240585,0.72281367,0.77418804,0.56591165,0.66573095,0.5083739,0.5066209,0.5065801,0.4426707,0.3726901,0.64489913,0.26752165,0.43959498,0.43906498,0.7415183,0.48562756,0.8736404,0.53929794,0.6307013,0.62616,0.15951857,0.2492276,0.33695984,0.10761128,0.4151198,0.23121722,0.50537634,0.058747917,0.18489209,0.41116807,0.091648996,0.66566044,0.47901684,0.65818167,0.15307033,0.4871448,0.56046426,0.6419814,0.51882887,0.3022384,0.243718,0.5229812,0.5043247,0.27512768,0.2296645,0.18220192,0.36964834,0.4558343,0.39248258,0.78010416,0.47809535,0.5853851,0.49421096,0.12077432,0.58792907,0.5546088,0.60019505,0.34127843,0.7529653,0.38640222,0.4181738,0.8039114,0.5278539,0.71319634,0.43515757,0.46065837,0.21795815,0.4737708,0.5182369,0.38386154,0.6666948,0.4468059,0.516542,0.48731953,0.98935616,0.61070704,0.46451455,0.4184793,0.59838015,0.51480335,0.8142123,0.1906798,0.25898975,0.6688725,0.47766018,0.3712347,0.40316895,0.21292314,0.235644,0.45605534,0.61578053,0.3716305,0.43088865,0.489033,0.57038116,0.40219957,0.30448955,0.17483017,0.22385783,0.1646119,0.24215218,0.52497876,0.35503867,0.45068544,0.5590444,0.2807279,0.23191915,0.73187304,0.82635283,0.47078967,0.61583614,0.2799222,0.30652642,0.6723105,0.7086462,0.605999,0.30873683,0.35548458,0.76620257,0.49335575,0.08931391,0.35738844,0.7766833,0.16356216,0.86441237,0.64397967,0.60342854,0.6075336,0.69966054,0.7908305,0.23734616,0.607748,0.284315,0.3303369,0.7765875,0.52529466,0.17188983,0.1608034,0.28266189,0.46055084,0.27645832,0.658525,0.8794874,0.9685803,0.5567001,0.50686836,0.60565066,0.9697896,0.5215075,0.4220229,0.84776044,0.6695578,0.3147262,0.8731904,0.63974583,0.60732603,0.78212386,0.9164535,0.6686027,0.26309833,0.7596028,0.77399755,0.4649358,0.85404205,0.7322056,0.51945144,0.11129049,0.42401752,0.4874817,0.6335709,0.30243343,0.3813903,0.38873863,0.15802167,0.1714879,0.49340257,0.7474248,0.5332159,0.23963524,0.68438387,0.25602183,0.54117495,0.44012517,0.17092416,0.5683226,0.291057,0.4728031,0.2391254,0.40017653,0.80102503,0.40177283,0.052450083,0.6933541,0.42944208,0.69451183
BC2026_Train_0006_S09_20250828_000000_45,0.15054515,0.30323216,0.13816833,0.7672683,0.5372354,0.29777193,0.79309386,0.33420843,0.38876253,0.7855725,0.20925257,0.4445943,0.32909933,0.19648784,0.7669597,0.079836674,0.27175674,0.48886985,0.21147133,0.32406074,0.2897175,0.60058826,0.488941,0.7125449,0.22361518,0.05560316,0.060815528,0.5276932,0.3998242,0.24921983,0.6620183,0.6820403,0.63746166,0.5032834,0.6484729,0.49476013,0.7244446,0.5024683,0.3875442,0.68570983,0.69814575,0.7597135,0.55442834,0.797225,0.44351214,0.44926205,0.35122153,0.59357065,0.37563515,0.57772344,0.25338832,0.4887083,0.4842916,0.7282683,0.389736,0.75405693,0.5750479,0.79348403,0.65468425,0.28031915,0.19659752,0.35378683,0.08819887,0.4227869,0.35840255,0.62691486,0.032358583,0.32601798,0.37623015,0.062533,0.69151044,0.5854666,0.5857167,0.109784,0.36128142,0.65895414,0.5129607,0.56613684,0.28431684,0.111776076,0.4181399,0.2926343,0.25943834,0.17313074,0.20676525,0.4749628,0.43434075,0.428946,0.65349936,0.4553303,0.67454064,0.43812692,0.23996559,0.36671492,0.3302969,0.73165107,0.17425683,0.5116952,0.2397084,0.193477,0.66806555,0.48043975,0.87827563,0.46064246,0.3596762,0.16549408,0.28066513,0.5292225,0.250423,0.81514996,0.34779045,0.45236635,0.30609104,0.94757396,0.45568722,0.2869081,0.26696727,0.60686773,0.34979808,0.67226565,0.20274293,0.15081799,0.51626354,0.3582769,0.27686876,0.18405017,0.101725325,0.32540572,0.3305835,0.71591526,0.16005743,0.76103276,0.22748178,0.49492922,0.5038521,0.20889398,0.16880266,0.24923015,0.087362915,0.26227266,0.539875,0.30937618,0.2070306,0.2655414,0.28918523,0.24900058,0.62816596,0.76701456,0.19228767,0.59652245,0.15434259,0.3992684,0.4677542,0.55470335,0.54516315,0.13788614,0.56234306,0.5357306,0.37258875,0.2065704,0.5281397,0.56883556,0.12949398,0.65944475,0.38519067,0.6163893,0.69791067,0.42202497,0.6806809,0.4463271,0.50712323,0.18849193,0.16924381,0.86799395,0.50997615,0.2392866,0.14036722,0.28951785,0.24657625,0.19340974,0.558863,0.87298393,0.9584273,0.37454432,0.27765262,0.5232606,0.9243435,0.33226228,0.4860353,0.82564986,0.44248414,0.25999707,0.9109978,0.54207355,0.5579087,0.5952461,0.82821876,0.8540573,0.30206546,0.6322202,0.8129325,0.45920426,0.6430627,0.8522666,0.34847465,0.11315258,0.39946875,0.41438133,0.63305616,0.72720385,0.33243173,0.25246665,0.1638555,0.19685265,0.35932294,0.76333296,0.6503701,0.13094443,0.61575854,0.18875308,0.53932863,0.35824716,0.28901,0.5691189,0.55179536,0.3535699,0.28938818,0.15206109,0.67471004,0.36630934,0.10157025,0.5660393,0.23457593,0.61459005
BC2026_Train_0006_S09_20250828_000000_50,0.14838558,0.3328321,0.1641205,0.54287225,0.5203229,0.35788426,0.7434183,0.6204042,0.47344953,0.84452313,0.26031458,0.43121183,0.57216656,0.18616426,0.74342424,0.24859825,0.43925586,0.7475493,0.07030916,0.5675967,0.29196414,0.6700361,0.51284057,0.71166164,0.34745958,0.23698384,0.18304911,0.64639926,0.537423,0.66857857,0.6328683,0.5966202,0.623505,0.7537083,0.63884795,0.68713695,0.6543144,0.49156272,0.309735,0.71853244,0.69692254,0.72933733,0.5369383,0.6445288,0.45459127,0.45360953,0.32762274,0.5778637,0.33524558,0.55395246,0.31186497,0.4235183,0.41574496,0.71325165,0.45311582,0.5459491,0.4963979,0.69284487,0.58893234,0.5955417,0.09713808,0.27739674,0.34769088,0.26305383,0.663581,0.77464926,0.13870458,0.4812171,0.25286666,0.040983833,0.6656604,0.37218496,0.5108005,0.19216976,0.5273839,0.75829655,0.39456916,0.5810866,0.33466172,0.21093693,0.35202807,0.306077,0.3058115,0.10032024,0.29864937,0.88210416,0.56293786,0.36237857,0.6646522,0.4791667,0.44934046,0.47664437,0.1898455,0.30299288,0.42291397,0.44090924,0.30814505,0.44161618,0.49704546,0.13617083,0.64036,0.4196673,0.86132914,0.34925994,0.7099265,0.24828698,0.42455792,0.3913454,0.45509234,0.7605507,0.4560892,0.861673,0.31108737,0.95233035,0.74014163,0.39636785,0.48171663,0.23429073,0.39511624,0.69189703,0.29755092,0.40068048,0.6872544,0.21700299,0.5556927,0.27360898,0.11352316,0.5328764,0.5072922,0.7139805,0.30755568,0.74410343,0.31279647,0.3539824,0.323616,0.11793708,0.22084492,0.5544111,0.19887534,0.6283557,0.3449581,0.6175237,0.23651758,0.4652212,0.2433592,0.45278397,0.8374854,0.79415435,0.28906593,0.52300525,0.3850059,0.41450483,0.3372749,0.7129454,0.6574013,0.2588044,0.63386375,0.48067105,0.21075606,0.34571266,0.31665224,0.34205398,0.1595253,0.82563734,0.45003912,0.55651915,0.88633287,0.29580742,0.8537521,0.34944656,0.3989251,0.41107523,0.3252426,0.8594858,0.72886246,0.20963223,0.30722907,0.49075577,0.17196116,0.19356774,0.5384743,0.92644787,0.94704944,0.34014583,0.3911321,0.3311333,0.8359293,0.40699035,0.36762032,0.8251926,0.48980647,0.38199282,0.73192406,0.42399666,0.584991,0.7182342,0.85417557,0.88235337,0.20272732,0.21730591,0.8709436,0.49849355,0.80360276,0.8313732,0.5212103,0.32993925,0.44721344,0.49721462,0.74908787,0.8037833,0.61046314,0.45633656,0.24512857,0.37791875,0.39340925,0.94891,0.7923169,0.22809017,0.76399577,0.18133175,0.83579373,0.5619513,0.47691432,0.41290283,0.3687665,0.50544614,0.58827496,0.2710275,0.65353084,0.4071537,0.19874558,0.563689,0.46017534,0.7343686
BC2026_Train_0006_S09_20250828_000000_55,0.23489317,0.42054233,0.32630816,0.33745554,0.56968534,0.73497623,0.40728492,0.57136613,0.39273185,0.833563,0.5290666,0.35074568,0.32413524,0.27903122,0.5270948,0.25262266,0.52457917,0.8324771,0.18164967,0.67853004,0.45325,0.66392374,0.3748005,0.66678834,0.41846946,0.50847495,0.26721612,0.7622062,0.6294176,0.23335084,0.650535,0.65655696,0.6503583,0.6957616,0.55579793,0.65411055,0.7580825,0.6042849,0.33256635,0.63555866,0.592339,0.6826519,0.56891495,0.7164937,0.41932046,0.41932046,0.39108917,0.6233019,0.327953,0.5069715,0.52271664,0.5558416,0.551955,0.66166496,0.35357115,0.5868106,0.5358604,0.3743264,0.6329861,0.4565589,0.1828011,0.46629667,0.5128616,0.46681458,0.6979059,0.60793823,0.40554622,0.62154365,0.4144493,0.12021499,0.6932978,0.44713616,0.32855242,0.64701164,0.6204504,0.73309153,0.3334914,0.3571795,0.4692896,0.45277864,0.14823608,0.19066548,0.39845365,0.22685999,0.28376475,0.5626951,0.4443668,0.5169354,0.6518824,0.3825584,0.48494795,0.37163544,0.1894905,0.55139774,0.33279884,0.337797,0.4361995,0.5311839,0.6655166,0.09256992,0.6062241,0.36590025,0.9289103,0.38000914,0.7776308,0.42498398,0.42658734,0.36980218,0.39662385,0.33735302,0.28829247,0.8925368,0.16804281,0.7759138,0.7026891,0.45299435,0.4195739,0.2511294,0.68855196,0.45193136,0.45417762,0.52179885,0.6283287,0.06783792,0.5858542,0.13494109,0.034878835,0.39922053,0.7045528,0.7570748,0.18182059,0.658441,0.46958193,0.42011398,0.3376385,0.32746992,0.5833333,0.6168516,0.11053526,0.6305046,0.5975069,0.68522155,0.22169799,0.5653688,0.29892796,0.25344235,0.67734385,0.6909499,0.30199262,0.51274997,0.4411196,0.2940964,0.41276732,0.5148399,0.5356583,0.18970859,0.4742557,0.78611255,0.47143352,0.17769116,0.39390853,0.41597727,0.35087195,0.6880578,0.30896974,0.6796969,0.92428553,0.4771135,0.81028134,0.3827998,0.1860376,0.30780575,0.4688635,0.61150056,0.50036716,0.34026632,0.19596617,0.29219958,0.34767857,0.25541165,0.30048555,0.84552145,0.98035,0.45285833,0.24363674,0.64198697,0.6235982,0.40507272,0.58162904,0.78894025,0.34604377,0.3165308,0.341046,0.1798934,0.48355076,0.88710064,0.7368697,0.89844584,0.15541932,0.26331714,0.5719687,0.47468972,0.7212237,0.8336011,0.3467514,0.3369978,0.44586036,0.64581877,0.78251106,0.6093025,0.5671768,0.46717495,0.50263083,0.65738124,0.6723612,0.80605143,0.54255664,0.20445734,0.5395688,0.31980044,0.77093494,0.62521255,0.2116555,0.27891698,0.1988829,0.37906483,0.41569555,0.3252715,0.43482,0.26749676,0.41185793,0.31011868,0.3710791,0.6869509
BC2026_Train_0006_S09_20250828_000000_60,0.39471665,0.3831338,0.23022217,0.3304832,0.6004854,0.34688842,0.5159637,0.1728879,0.757625,0.90856993,0.31579503,0.7035603,0.1536425,0.20677947,0.55681705,0.14371866,0.49015263,0.75496435,0.29932892,0.25312376,0.13865623,0.56136674,0.2790175,0.72659,0.28214505,0.40042776,0.1456666,0.6182034,0.3784128,0.04584902,0.6687316,0.6317871,0.6235933,0.481995,0.6363729,0.39183646,0.74839884,0.6488958,0.2653509,0.60477483,0.7058927,0.8074183,0.58507997,0.6172107,0.55612624,0.5598426,0.33691922,0.5081635,0.39239404,0.5747081,0.4934783,0.51556164,0.5194483,0.73851496,0.37558055,0.68103206,0.6077041,0.49893928,0.66035044,0.1800054,0.69541454,0.25589493,0.12953503,0.37751758,0.43726566,0.26892397,0.3665212,0.47095415,0.16596332,0.08878875,0.66002285,0.48130292,0.30379343,0.7161416,0.27890423,0.68270004,0.3375854,0.11918249,0.73117137,0.22429076,0.2751176,0.0826025,0.10814291,0.28084996,0.26252425,0.46743292,0.40274334,0.3138164,0.56739044,0.4113999,0.71359193,0.25735492,0.35183924,0.38276935,0.53192484,0.7544445,0.28604773,0.6611908,0.5617382,0.12870216,0.20640378,0.41579524,0.8632326,0.28787318,0.62610626,0.48879725,0.33807704,0.19261216,0.32538635,0.31894922,0.31554,0.5378329,0.23701483,0.3689992,0.23134683,0.11180583,0.2958142,0.5868244,0.52621704,0.5871608,0.2757483,0.20844293,0.44675314,0.022446416,0.33075893,0.13837957,0.027580831,0.101720005,0.8775478,0.88536626,0.18074733,0.7938632,0.12816985,0.30188873,0.23636,0.80081666,0.53349084,0.20023367,0.12663375,0.52553433,0.77055013,0.4752739,0.0639295,0.16846599,0.23987466,0.14088206,0.31100482,0.660306,0.23677051,0.44878522,0.2627733,0.17489167,0.42743906,0.20188794,0.26765284,0.07829008,0.27883875,0.68840957,0.6248628,0.09423142,0.40632072,0.12001692,0.09224899,0.320512,0.14799725,0.644416,0.5796937,0.6835785,0.40733457,0.15599808,0.3670353,0.16158074,0.1571025,0.3521946,0.20766865,0.22450858,0.13952667,0.052742083,0.49669707,0.2907929,0.11997808,0.854221,0.88186395,0.4506518,0.35332125,0.7727437,0.8727288,0.48991597,0.48645154,0.88374364,0.20421875,0.24281856,0.4275287,0.07105066,0.4848332,0.8661213,0.82023275,0.77830255,0.10870208,0.5291919,0.23277617,0.9376666,0.9145375,0.50681615,0.22321165,0.110709585,0.42066562,0.38399774,0.7554403,0.238014,0.18351457,0.10687667,0.3270821,0.46641526,0.5652387,0.83698034,0.5354354,0.21962456,0.3143148,0.07921615,0.5341301,0.14582849,0.08194876,0.58099246,0.3798049,0.073001266,0.18019849,0.33509475,0.6542233,0.06960499,0.37231246,0.47601986,0.20520759,0.38356963
BC2026_Train_0007_S09_20250829_000000_5,0.2998044,0.39811534,0.7682791,0.41844228,0.6173979,0.088896334,0.39493865,0.76228523,0.37549162,0.44661447,0.402686,0.19679058,0.4747937,0.054559413,0.8864322,0.62128294,0.72189,0.8353666,0.574399,0.78818977,0.19176117,0.59223354,0.8820516,0.61334664,0.6154252,0.06114041,0.7248063,0.6941774,0.66789865,0.6911746,0.24738164,0.7783673,0.46247327,0.31204164,0.63107914,0.78101754,0.7180227,0.29892874,0.54407585,0.55095404,0.2703738,0.642694,0.5026649,0.79345345,0.6659354,0.65976477,0.48074663,0.3528459,0.6480546,0.34443137,0.6142299,0.5227166,0.5473616,0.52978325,0.5518714,0.869075,0.59574157,0.44662035,0.76734805,0.29356176,0.6654701,0.13545914,0.5910142,0.6302854,0.6964278,0.89061475,0.7201208,0.50603175,0.53771436,0.5647551,0.5434916,0.28435376,0.7595885,0.090875834,0.60942274,0.8895506,0.5764445,0.73192734,0.5383101,0.717995,0.979675,0.47946835,0.44390416,0.9409562,0.3361479,0.69636005,0.7479801,0.40375274,0.9565379,0.31262898,0.8343008,0.35051072,0.980875,0.5726708,0.88598144,0.8647396,0.57279146,0.7819641,0.54044765,0.63180095,0.56046176,0.31741458,0.09853082,0.47570097,0.60845053,0.79264826,0.73927915,0.62939286,0.9445125,0.9822916,0.46105993,0.54939145,0.1209905,0.73097914,0.48889875,0.93554157,0.3201957,0.4814559,0.3754204,0.5998745,0.6071793,0.7703849,0.9635208,0.9687004,0.39789647,0.86764836,0.32947075,0.28735456,0.8239109,0.20102474,0.19454964,0.9386208,0.9027985,0.9131104,0.97308326,0.6346283,0.24315538,0.13850075,0.49124095,0.7248494,0.57735324,0.86240155,0.7163737,0.8763895,0.23283732,0.7800615,0.49634153,0.6421644,0.6833492,0.6827706,0.9743937,0.53559154,0.5479897,0.8311948,0.6896312,0.88907784,0.8778005,0.6741338,0.87719405,0.8141005,0.96513,0.49238342,0.6687504,0.15223499,0.60445166,0.30556792,0.01564675,0.6536629,0.15954758,0.6409256,0.8835416,0.49746895,0.5205643,0.6854821,0.5248149,0.48515657,0.80309993,0.18656875,0.92104167,0.42424732,0.6222416,0.7515937,0.5283609,0.780328,0.8050149,0.94746035,0.36283305,0.90599996,0.41648114,0.27993268,0.8575746,0.9156312,0.527836,0.4866808,0.96174985,0.7010515,0.96252084,0.5596026,0.33711675,0.15280834,0.39578187,0.84151834,0.3413262,0.7094312,0.19694325,0.7661436,0.5259007,0.61722195,0.3925615,0.88353276,0.71305585,0.6826427,0.85894585,0.96599996,0.59722,0.16802767,0.72128314,0.22302356,0.893377,0.89413834,0.8109545,0.58371323,0.9778457,0.9858333,0.26293224,0.7778124,0.78921044,0.8457342,0.83976114,0.8293333,0.8842987,0.44777915,0.9326652,0.87703747
BC2026_Train_0007_S09_20250829_000000_10,0.29243064,0.28761503,0.46504536,0.43399605,0.6796854,0.29799485,0.7505684,0.3404537,0.71442497,0.47499466,0.5255602,0.1540471,0.37896752,0.27110013,0.8483133,0.45435995,0.44776073,0.7214734,0.35024148,0.4772496,0.29647094,0.4707611,0.25722045,0.7669583,0.54491127,0.30574942,0.64545166,0.74215186,0.5069701,0.18146838,0.30568165,0.8023217,0.35090834,0.46971664,0.53097916,0.7715377,0.6926414,0.59357464,0.8074183,0.41649428,0.54161006,0.5605358,0.620855,0.6826519,0.63522243,0.638448,0.5005911,0.32879448,0.3818058,0.45052424,0.47704834,0.5077883,0.5065516,0.75812495,0.45877796,0.785388,0.5232104,0.53421926,0.31886134,0.24679399,0.6976146,0.25201243,0.21350192,0.15444417,0.26369274,0.91025513,0.5974603,0.30806425,0.68638164,0.26649758,0.5588229,0.19912323,0.5244817,0.34251454,0.80377316,0.8451135,0.7116058,0.42402583,0.30000642,0.2809225,0.940382,0.51794904,0.24341139,0.77268577,0.52865785,0.28812715,0.9246917,0.36341175,0.79703313,0.47620973,0.624556,0.4437685,0.7016682,0.4308637,0.43041515,0.4795251,0.31697565,0.65163875,0.25629324,0.76171696,0.4721734,0.19315208,0.24535882,0.63268113,0.7307583,0.48814332,0.51898706,0.67496836,0.8749628,0.73400366,0.33481672,0.65902555,0.19523725,0.46896207,0.42263594,0.4719292,0.25750625,0.6718043,0.48820567,0.22101016,0.49318504,0.7241055,0.7487761,0.81587064,0.65037477,0.56273085,0.5693545,0.27003133,0.63940847,0.28138798,0.3680379,0.547286,0.25594786,0.7649999,0.6360533,0.30421957,0.14725016,0.2790145,0.49706176,0.8162654,0.85285866,0.96533597,0.5747123,0.8862127,0.42137223,0.47457284,0.4001798,0.4991269,0.5330657,0.6838871,0.77991,0.25759766,0.24948224,0.59132487,0.62879896,0.9308709,0.76753825,0.5261516,0.9460578,0.48289305,0.8199815,0.22297642,0.24263667,0.37666294,0.43707767,0.32677457,0.0993495,0.30080342,0.25035584,0.7750458,0.3038594,0.26863015,0.5600268,0.48103237,0.5584842,0.82736975,0.289936,0.1985985,0.6680771,0.2789911,0.27387014,0.594809,0.34357217,0.7338718,0.7351032,0.7215762,0.2827626,0.68864566,0.5897444,0.37796313,0.34283805,0.66827923,0.36708122,0.45961732,0.6018325,0.59374785,0.69793606,0.68083715,0.799466,0.29998034,0.2777767,0.21311165,0.4482257,0.6109282,0.3715855,0.41315076,0.5487465,0.68824166,0.235443,0.5726948,0.7038429,0.96397495,0.47423556,0.6891173,0.7758149,0.2739468,0.50331444,0.41601408,0.7604139,0.9205104,0.49381483,0.43342084,0.80465806,0.8305591,0.7150384,0.58105385,0.44947618,0.5952467,0.824998,0.5462869,0.6031072,0.45582518,0.829761,0.41660872
BC2026_Train_0007_S09_20250829_000000_15,0.2580151,0.29796594,0.59012234,0.42461017,0.64531034,0.2635684,0.62931955,0.24066918,0.6003864,0.6325917,0.712409,0.47703242,0.19562876,0.19413784,0.83186936,0.5398302,0.31358254,0.66253054,0.33084482,0.24943393,0.14250152,0.49436814,0.17485833,0.6438216,0.51049036,0.46413264,0.68341374,0.6163468,0.5066061,0.26651523,0.3946333,0.47128952,0.4881783,0.40691167,0.6183604,0.7762267,0.7529859,0.6020498,0.75584,0.38635695,0.5707291,0.6108908,0.54471165,0.6971264,0.56173587,0.55416286,0.40270975,0.4066286,0.3184166,0.4298386,0.47634163,0.51202834,0.504785,0.62209165,0.34626514,0.8443713,0.6061229,0.55240184,0.38564155,0.27538332,0.6468346,0.5704237,0.19182429,0.1351899,0.3025481,0.8945366,0.69262075,0.23386925,0.92849374,0.26243818,0.6320417,0.18559349,0.6522134,0.5476057,0.83091736,0.93818945,0.50832856,0.5553811,0.5672503,0.31048706,0.82873446,0.551253,0.211988,0.48234898,0.23427857,0.14177416,0.5804232,0.10012177,0.7698562,0.4192806,0.4004209,0.5958936,0.15044276,0.5662481,0.4587229,0.5901203,0.3783913,0.5725199,0.33674216,0.84309745,0.65824175,0.36970177,0.5509,0.5288343,0.5677105,0.34474698,0.5731666,0.56121546,0.63881576,0.37364212,0.40513206,0.4453333,0.4440609,0.46515834,0.41587633,0.41845387,0.35170078,0.95660627,0.82746243,0.25894785,0.5068279,0.7188268,0.52980024,0.63243395,0.61095035,0.42325824,0.35112503,0.32885486,0.72934836,0.804676,0.7124589,0.3290284,0.19031519,0.427033,0.14257857,0.22488368,0.43661448,0.42226356,0.84809166,0.9439758,0.87745595,0.89032286,0.6712579,0.8522748,0.7663816,0.54419094,0.68702996,0.6205877,0.7172544,0.75267285,0.5283904,0.35510656,0.29702267,0.16197282,0.42008656,0.8180726,0.7273388,0.8628646,0.95189166,0.66291434,0.54688746,0.35795927,0.3508853,0.40282458,0.47176117,0.47360927,0.4321679,0.23052476,0.50481987,0.4216251,0.24192524,0.40110597,0.44497785,0.76223546,0.47458708,0.841552,0.31600717,0.20408197,0.56239367,0.426522,0.377289,0.3579892,0.24913624,0.8470448,0.5045544,0.25117534,0.5395939,0.21718735,0.7972958,0.54835016,0.075414084,0.35706425,0.40569338,0.35551032,0.4598966,0.86212885,0.7715259,0.8641353,0.93834794,0.47375166,0.23075101,0.18206283,0.51416594,0.6588483,0.3699466,0.3393834,0.4964809,0.60335857,0.5252571,0.6554738,0.9000584,0.91832817,0.23018202,0.7681817,0.8930285,0.46218497,0.42496067,0.91046447,0.54097164,0.9226868,0.37551874,0.66688555,0.24858901,0.6212586,0.9158104,0.5977472,0.5247986,0.3897417,0.43662542,0.2782356,0.5293076,0.34946373,0.43953717,0.4545404
BC2026_Train_0007_S09_20250829_000000_20,0.136044,0.33755356,0.51690686,0.37589297,0.58082294,0.33902037,0.44959074,0.21849385,0.45622802,0.6691515,0.81831664,0.4315572,0.17539543,0.10694492,0.84228766,0.61868334,0.5448988,0.77591264,0.4876336,0.4846303,0.23187867,0.7627638,0.5810671,0.5155617,0.50860155,0.37317574,0.56345016,0.35334674,0.48111457,0.8511227,0.48119998,0.45457697,0.6046016,0.40832496,0.6288104,0.7065043,0.6781668,0.3639148,0.575418,0.42106056,0.48069605,0.6371896,0.42263496,0.48014808,0.62961286,0.62526536,0.4853055,0.4645484,0.35389772,0.41195777,0.35532498,0.44189164,0.43924165,0.541885,0.38425645,0.90602887,0.6318354,0.35092857,0.52090675,0.26342577,0.61796045,0.5598506,0.2401572,0.5052734,0.3580596,0.69073915,0.60245186,0.2921349,0.80515707,0.34717482,0.54149795,0.19654357,0.6964313,0.7090834,0.7146057,0.8612922,0.6585586,0.512084,0.7030625,0.6078303,0.6892372,0.5111134,0.09553617,0.33243677,0.14032781,0.28573808,0.42871884,0.18046516,0.8591683,0.398852,0.51712227,0.42671797,0.09919115,0.50491816,0.72756225,0.83497065,0.58543426,0.60144895,0.65228385,0.9335354,0.52904606,0.76596665,0.4392344,0.20558068,0.24075508,0.6150999,0.6318113,0.6186266,0.34065598,0.50310314,0.23000044,0.38660473,0.23024458,0.37597877,0.8164812,0.27718586,0.90822685,0.8641579,0.82714456,0.40524328,0.44577485,0.92996866,0.30338442,0.62035376,0.27557278,0.5552103,0.2962994,0.22581531,0.8990039,0.97052497,0.8217187,0.40034133,0.42161453,0.3740384,0.08113184,0.30128902,0.79694664,0.5365621,0.8280105,0.88078904,0.8915326,0.58517784,0.63364494,0.63326347,0.7345969,0.7258521,0.9402479,0.5849083,0.61161906,0.60871434,0.67279506,0.27060494,0.71280134,0.2686724,0.44018483,0.5926753,0.9592461,0.65339434,0.8975175,0.90817404,0.60626745,0.7832024,0.72756994,0.7072187,0.22281466,0.538806,0.5785176,0.5920584,0.66010106,0.15312608,0.57953715,0.7529001,0.14840433,0.8109346,0.84085417,0.4275994,0.8173653,0.47261664,0.48444712,0.3123141,0.39806932,0.47680968,0.20839731,0.7651355,0.44931045,0.29145226,0.8044,0.15696223,0.58327323,0.3750539,0.25732225,0.26212,0.7109842,0.3663479,0.5050046,0.9408104,0.73980945,0.7216196,0.83649844,0.31171376,0.44263104,0.7496366,0.2945621,0.6226856,0.74398386,0.1905994,0.5226714,0.3896259,0.7675682,0.7613122,0.8757635,0.5182523,0.42391855,0.8273246,0.40714642,0.2450302,0.48674774,0.7973324,0.7687261,0.7591378,0.79327184,0.6845434,0.14312741,0.41957802,0.8736465,0.33561718,0.36891916,0.45321915,0.38072407,0.14360449,0.4836616,0.5735371,0.5475774,0.4638532
BC2026_Train_0007_S09_20250829_000000_25,0.17879093,0.49372497,0.4697789,0.35265175,0.6113479,0.4370827,0.7765171,0.52066284,0.29829228,0.7890813,0.6208764,0.34013057,0.15992333,0.16449107,0.9441792,0.6759955,0.5874514,0.7132272,0.2693016,0.53993315,0.46042767,0.56201315,0.7364259,0.42378333,0.35512215,0.432859,0.6117607,0.5461531,0.53879154,0.7044768,0.6154666,0.6371896,0.5593749,0.6000083,0.5923729,0.7460544,0.6082406,0.3905528,0.27630997,0.46398348,0.59050417,0.6834673,0.4463083,0.45530763,0.55458355,0.5506568,0.5037197,0.4859352,0.42528072,0.46328622,0.40602833,0.50743496,0.49789497,0.6164383,0.48453167,0.92703724,0.6389854,0.25588644,0.6768809,0.20566726,0.4957638,0.50243956,0.23562258,0.43394402,0.29818025,0.64978284,0.5600766,0.6277982,0.7174728,0.67508096,0.5894854,0.42170888,0.68238246,0.6486429,0.8719563,0.78422767,0.8184566,0.681346,0.5597716,0.5216615,0.6405833,0.76595837,0.17634007,0.30175617,0.25695333,0.9018444,0.5810922,0.42538565,0.7830367,0.55439365,0.675938,0.62171054,0.33296368,0.4489465,0.9543229,0.85724866,0.81183124,0.41177082,0.8059279,0.5785531,0.52925456,0.6637451,0.5103901,0.2585317,0.3670532,0.7354904,0.7912374,0.56589735,0.50660133,0.5436747,0.26572016,0.7397467,0.20774941,0.38792497,0.46682495,0.46333575,0.87884164,0.6008765,0.7751252,0.50417364,0.32714236,0.76907706,0.41032633,0.6239807,0.39971188,0.23729315,0.48109198,0.37880832,0.9411531,0.7607697,0.7834041,0.4947924,0.4489125,0.3648278,0.17747027,0.43627417,0.41398957,0.66678864,0.6465819,0.58917403,0.8910583,0.33834293,0.55701,0.6755854,0.37267143,0.63904697,0.6898345,0.75662786,0.53608346,0.8703277,0.65504766,0.4688803,0.8883583,0.89939624,0.53153384,0.41664034,0.96388876,0.5928934,0.794386,0.9838667,0.5680459,0.698706,0.7371726,0.6448984,0.3148926,0.42858604,0.88517916,0.55823165,0.6375541,0.29121417,0.7200064,0.69991374,0.19028907,0.5320567,0.568736,0.3386903,0.8170719,0.29681093,0.52428156,0.25880826,0.23007889,0.5269126,0.3138264,0.71775603,0.515544,0.66240835,0.5607697,0.4459794,0.35051042,0.4688582,0.83300203,0.495235,0.8333071,0.7841775,0.58385974,0.74838686,0.43452615,0.31288797,0.6096238,0.34700924,0.5707278,0.8909604,0.5210235,0.44747856,0.7987604,0.45238256,0.56078124,0.43230775,0.8940833,0.6694931,0.8192297,0.59787875,0.42188647,0.84046984,0.4777321,0.14901125,0.7004924,0.32627183,0.81302047,0.8343422,0.98362494,0.3870659,0.3292131,0.5382549,0.57599413,0.26096296,0.33305395,0.4003,0.34780174,0.27044177,0.26733217,0.48235387,0.7864525,0.48722082
BC2026_Train_0007_S09_20250829_000000_30,0.29021358,0.4379754,0.5016332,0.42014068,0.61726034,0.77691174,0.89393324,0.4392164,0.3046275,0.72820497,0.4876906,0.14541274,0.30554432,0.40586245,0.78004694,0.29588312,0.32408875,0.88791496,0.43141472,0.9025687,0.70083964,0.48065707,0.9072834,0.56997496,0.4450597,0.84871876,0.27238524,0.8560927,0.704713,0.6449592,0.5933833,0.7107854,0.553545,0.63693166,0.50691664,0.64024764,0.7921283,0.44025332,0.24032776,0.42626613,0.6326026,0.761956,0.537115,0.6708276,0.51047754,0.51047754,0.3363829,0.5162976,0.3947782,0.35487944,0.4807583,0.5712116,0.5735083,0.7669583,0.39137986,0.8720585,0.5856354,0.518371,0.7531951,0.31964165,0.5161892,0.62452084,0.52375007,0.43679506,0.6352501,0.30046272,0.7179271,0.6836187,0.51988995,0.7811728,0.60296047,0.26908642,0.5507852,0.6032374,0.84945905,0.8605899,0.8115577,0.89405537,0.3241641,0.63112736,0.5639766,0.26871803,0.27142093,0.15455541,0.83167255,0.9541499,0.33933508,0.28732932,0.6120629,0.55330396,0.8447238,0.62117124,0.19840981,0.40567416,0.965634,0.6308592,0.72810817,0.49070272,0.80418843,0.44627684,0.42337885,0.5255016,0.28222716,0.7395523,0.7051079,0.4796923,0.61252666,0.34724098,0.60153496,0.21799167,0.34165785,0.71081257,0.22338124,0.20719576,0.38032874,0.5053301,0.511737,0.69336736,0.556179,0.3472857,0.546478,0.5197496,0.20900883,0.43723875,0.6579357,0.12342099,0.40448534,0.14723092,0.6224697,0.48635474,0.46598506,0.28442374,0.7099812,0.3496421,0.49329653,0.4814946,0.48869374,0.47091743,0.6205722,0.5749313,0.6757492,0.5226328,0.3630269,0.482779,0.095731124,0.534883,0.5121924,0.7749417,0.629941,0.9578897,0.52424866,0.38331607,0.51354265,0.9492374,0.5181267,0.25947535,0.95287037,0.35220167,0.56209993,0.9324942,0.49717265,0.53390336,0.6559917,0.6045391,0.30087763,0.34366116,0.78238964,0.5050258,0.17235793,0.26529914,0.5044445,0.5335314,0.23369476,0.7120003,0.41431624,0.47637215,0.6046234,0.288756,0.256777,0.49997985,0.32759526,0.315586,0.31345206,0.571616,0.173156,0.63473964,0.30230108,0.4146287,0.6117804,0.53730917,0.63016987,0.33027953,0.72175425,0.54579145,0.4951371,0.38981012,0.2685063,0.39512023,0.4973018,0.37852997,0.46163523,0.6543638,0.62191665,0.545074,0.6724454,0.612031,0.53699684,0.6916335,0.8125366,0.4043537,0.7668295,0.57017314,0.6860539,0.5944318,0.7377455,0.1436626,0.88249767,0.33478516,0.73063695,0.30240843,0.9513947,0.3271074,0.36696476,0.420958,0.49526292,0.14313047,0.30468947,0.6186267,0.17545272,0.21290809,0.37753007,0.37463692,0.57858396,0.3442077
BC2026_Train_0007_S09_20250829_000000_35,0.325401,0.2985107,0.24728857,0.43399605,0.5505729,0.4574676,0.76832837,0.47236684,0.45218128,0.69128454,0.59623367,0.21190883,0.31450215,0.32550824,0.88553625,0.14665517,0.4974236,0.506125,0.68041736,0.63375986,0.5687559,0.8288577,0.6106433,0.6227983,0.4908204,0.50994,0.18066293,0.7479825,0.7359874,0.6591861,0.56511664,0.59763944,0.47722498,0.53419995,0.5872854,0.43247628,0.70038825,0.40717927,0.29968923,0.49001122,0.5192354,0.7079314,0.5192716,0.7103778,0.5609645,0.56271756,0.338707,0.57674176,0.41020474,0.34351984,0.49444997,0.4789917,0.4791683,0.5982416,0.49311626,0.92062354,0.48113543,0.43552908,0.7996781,0.53981453,0.37925568,0.3934664,0.5458067,0.4157945,0.7439787,0.33157137,0.5048475,0.6398424,0.39419028,0.45718428,0.51035416,0.4311664,0.8842646,0.63378614,0.63798755,0.93538934,0.8721858,0.9680687,0.18255901,0.52541375,0.35480833,0.08815059,0.35093498,0.32189158,0.6419369,0.633582,0.36804548,0.42216256,0.7383987,0.7317854,0.82861435,0.42387572,0.4427796,0.6570692,0.7553618,0.40462378,0.27085647,0.52942234,0.56371135,0.78691185,0.6163399,0.47957703,0.14315757,0.7936219,0.64657813,0.600113,0.5027583,0.4650773,0.6994372,0.37587798,0.29363233,0.59150624,0.22354858,0.33889782,0.7289167,0.7727688,0.60104233,0.4759933,0.56861407,0.55456394,0.45950907,0.74066687,0.38121933,0.65584195,0.50423574,0.4790524,0.47776696,0.09642875,0.5257967,0.45837748,0.3923807,0.21941407,0.77701133,0.73904896,0.49816585,0.6100284,0.6533854,0.6029622,0.5988816,0.518552,0.39917457,0.8315639,0.31922892,0.32188118,0.07105339,0.7867624,0.6502199,0.47644088,0.41363013,0.7953173,0.50387836,0.40400496,0.5061947,0.61008507,0.2938039,0.26803684,0.9657874,0.4594394,0.73351955,0.5264594,0.66935515,0.7618041,0.48875666,0.71061313,0.29190898,0.4275256,0.3663534,0.8049854,0.13175352,0.3441651,0.39926815,0.60377556,0.42718324,0.8232481,0.54815,0.7356777,0.6729467,0.6025833,0.18568382,0.51093125,0.7837687,0.5462763,0.5998667,0.686109,0.08787315,0.8032244,0.39890417,0.7092992,0.76734334,0.27681607,0.53001964,0.23612241,0.68643165,0.58202654,0.7129414,0.49172613,0.5247483,0.5218089,0.11436331,0.108198486,0.74441063,0.802758,0.22890165,0.8451107,0.7068949,0.46449986,0.5086891,0.63793397,0.69623953,0.41815633,0.6149534,0.71315575,0.7185966,0.4991104,0.54725826,0.2174679,0.8509408,0.5417663,0.8537766,0.26357326,0.8940564,0.6169369,0.7478251,0.68719065,0.47852075,0.43783256,0.5078737,0.8685435,0.409129,0.27217364,0.7259727,0.45334333,0.68023336,0.5993906
BC2026_Train_0007_S09_20250829_000000_40,0.3239918,0.29288125,0.20342998,0.40181586,0.5553854,0.53814644,0.75176173,0.58413935,0.43567485,0.58753306,0.48430628,0.40908736,0.4418353,0.38227007,0.45514497,0.113192245,0.6002526,0.59507143,0.91335624,0.52001035,0.37759435,0.9705583,0.75358737,0.66502166,0.30482566,0.48524332,0.23601426,0.7621647,0.44945642,0.3643426,0.53596663,0.71832854,0.5447999,0.6583084,0.6172604,0.38955334,0.7809156,0.44078964,0.4160377,0.56889427,0.64004374,0.728318,0.6040716,0.6879524,0.5981987,0.60787535,0.3857258,0.4306099,0.4806762,0.46216425,0.53596663,0.5881716,0.587995,0.6844549,0.45950857,0.86973596,0.4996979,0.532271,0.8452541,0.32699448,0.38497144,0.4825612,0.57490426,0.3676083,0.38487333,0.5520053,0.46372962,0.33540416,0.31051683,0.43483126,0.5872854,0.6202786,0.68779624,0.33678296,0.7854316,0.9532004,0.7244053,0.81709313,0.4079992,0.76856405,0.17658,0.07068949,0.29540116,0.45534265,0.36850733,0.5698407,0.67172754,0.4006614,0.7404047,0.7132297,0.69608104,0.69404346,0.89979744,0.6841592,0.91657734,0.695317,0.25036916,0.8151235,0.6288184,0.7813824,0.7119244,0.37752032,0.29473644,0.48483586,0.78156257,0.6429141,0.48226833,0.6953083,0.8438089,0.5536033,0.43599588,0.64741975,0.25058284,0.46278524,0.6502501,0.6471721,0.7149625,0.42504385,0.6897155,0.56004703,0.6524457,0.7451587,0.58423376,0.7986382,0.5658391,0.66722506,0.28282565,0.34506068,0.35005453,0.5392185,0.16749515,0.07202891,0.8798243,0.7751453,0.6407779,0.741402,0.41204113,0.571711,0.42351168,0.5688151,0.40584102,0.86817807,0.31597966,0.4406227,0.22202238,0.7355199,0.45955852,0.48167026,0.5566371,0.46214715,0.36096835,0.12291599,0.41282806,0.65392154,0.31700414,0.42003927,0.8605694,0.35474464,0.7623502,0.5043203,0.7158028,0.5927046,0.63889456,0.48799267,0.33920747,0.6116582,0.34495795,0.45869336,0.48868445,0.5609226,0.56848973,0.56514806,0.5752125,0.68829817,0.37250575,0.7527591,0.55622375,0.47379023,0.17063181,0.50637233,0.39250448,0.71181273,0.5185592,0.6877886,0.34701133,0.6645573,0.6702247,0.7425684,0.5331328,0.42112258,0.45210215,0.45273706,0.36853516,0.6507257,0.7653471,0.44641528,0.508674,0.79170585,0.10079642,0.19317,0.81648654,0.5793097,0.2126629,0.9819875,0.35496148,0.4207064,0.5035187,0.7738795,0.56220734,0.7960253,0.53003496,0.5837023,0.835901,0.3294921,0.62281454,0.35578585,0.8844696,0.5670691,0.7760903,0.37089944,0.7593634,0.57906437,0.7534026,0.82723546,0.25342476,0.769132,0.70715886,0.79023707,0.5040146,0.458036,0.9600074,0.28142,0.934379,0.65054023
BC2026_Train_0007_S09_20250829_000000_45,0.19419032,0.33337688,0.23755567,0.3211867,0.61829156,0.7562696,0.80994034,0.42813691,0.22025299,0.66463566,0.53978103,0.6269312,0.251491,0.37678364,0.487876,0.25241184,0.49600792,0.61035585,0.9157827,0.6917465,0.3224079,0.84431463,0.64875865,0.76254165,0.22404781,0.42725995,0.3329007,0.8717177,0.36660287,0.47719347,0.565735,0.6155797,0.46574163,0.6957617,0.6631854,0.41649428,0.768072,0.51399946,0.35028347,0.5894848,0.68489444,0.6820403,0.6104317,0.6435095,0.6265275,0.63662493,0.44400764,0.33889186,0.44526517,0.51889205,0.524395,0.500015,0.51732826,0.6809217,0.49676925,0.9238948,0.5323542,0.5575813,0.5634907,0.35174224,0.43508828,0.58376575,0.53320026,0.220167,0.20990103,0.9406953,0.50901616,0.26210895,0.52974117,0.7291703,0.6358229,0.3534165,0.32261282,0.1610859,0.78686833,0.7485148,0.7567914,0.8441305,0.414262,0.8513247,0.048521418,0.09923842,0.20344433,0.4672894,0.577605,0.34740278,0.8016481,0.52668333,0.5284967,0.302122,0.5728606,0.74828744,0.73966503,0.71630883,0.69554627,0.8218863,0.40959424,0.8884907,0.8545333,0.6513933,0.3974718,0.2541029,0.8247083,0.30532163,0.7387891,0.74335456,0.57814926,0.54024136,0.8147995,0.4307342,0.5491953,0.67299217,0.21974413,0.6584365,0.32549024,0.58459103,0.4330284,0.6690269,0.52265346,0.7624917,0.67707086,0.6555567,0.39921665,0.61208004,0.6206225,0.56990874,0.20904317,0.36397907,0.46271908,0.73382956,0.18477939,0.20204765,0.84850323,0.61470807,0.5122504,0.44233727,0.4103238,0.59732527,0.4125616,0.66138655,0.48720008,0.93622905,0.49952924,0.32030138,0.17603526,0.6987123,0.18645044,0.76835,0.65160424,0.36326194,0.15191308,0.2717261,0.5648684,0.5992576,0.31025657,0.52427316,0.7723394,0.24232204,0.6505896,0.3315711,0.7442986,0.31344816,0.6600247,0.32768226,0.30834547,0.72938925,0.41107076,0.58046913,0.45824382,0.5754326,0.72612256,0.74670553,0.4998351,0.638533,0.33432934,0.6610626,0.5801095,0.4322138,0.09595166,0.43829274,0.19840358,0.82533747,0.5246534,0.6261961,0.49866307,0.7254101,0.70202243,0.51141876,0.66382444,0.7269312,0.66792023,0.41792414,0.42059,0.63556063,0.6677517,0.4244349,0.63965356,0.66943896,0.21408582,0.3647167,0.6340539,0.47714078,0.46317035,0.9545741,0.37099564,0.2747304,0.452467,0.7608973,0.49661022,0.96827286,0.5379805,0.79405063,0.76107824,0.38872808,0.6589103,0.7011334,0.9367417,0.41667932,0.628392,0.3881991,0.6462959,0.4317039,0.64087456,0.67065686,0.33743557,0.72384477,0.57943153,0.50784576,0.6867331,0.43637878,0.9084352,0.29831925,0.9013113,0.55304706
BC2026_Train_0007_S09_20250829_000000_50,0.22854841,0.37260133,0.35146827,0.2643351,0.56535417,0.88780624,0.64663166,0.60374373,0.21566144,0.5753974,0.336981,0.34580958,0.36429366,0.36856544,0.65744174,0.870785,0.5652049,0.359334,0.39052993,0.7310207,0.46148834,0.7067479,0.5325563,0.639935,0.5129818,0.41616973,0.90689796,0.93601245,0.58466727,0.38858294,0.5754516,0.6747011,0.57174164,0.7022983,0.6414604,0.6249576,0.8074183,0.5390285,0.4518372,0.5903003,0.5701175,0.6329084,0.501605,0.69304913,0.64279556,0.65064913,0.5353635,0.34197718,0.547291,0.54904395,0.49736497,0.5049616,0.510615,0.579515,0.537683,0.57291615,0.51551044,0.15534668,0.24165781,0.5238909,0.42417374,0.6408794,0.40028223,0.15215817,0.29859263,0.87849593,0.47738034,0.63778824,0.43178654,0.86136246,0.5445229,0.27674735,0.4256938,0.24501708,0.7573746,0.90896285,0.8931045,0.6180639,0.58337766,0.9254794,0.19946742,0.08837542,0.38868204,0.8169719,0.5640676,0.418221,0.45390815,0.30204186,0.7673045,0.18634732,0.7548395,0.47831422,0.8564099,0.6147981,0.6109623,0.78398097,0.63546014,0.70427614,0.6889242,0.8259168,0.22408403,0.34184283,0.629413,0.41734052,0.79136246,0.7030474,0.56842804,0.70303977,0.841674,0.5947995,0.8387362,0.7755187,0.4781926,0.6037321,0.2873632,0.7198334,0.26514468,0.52679116,0.2866909,0.7045734,0.32646102,0.58918774,0.51844716,0.80656564,0.69623756,0.7190356,0.40946332,0.5846666,0.8254942,0.7732743,0.26789752,0.492982,0.88137454,0.43872857,0.6739054,0.38005942,0.20112973,0.899675,0.319687,0.3854605,0.5962926,0.7473239,0.442057,0.5708663,0.23244259,0.720888,0.32752746,0.57899606,0.60905033,0.48252726,0.2663404,0.76777065,0.55042243,0.5386295,0.5823916,0.70279944,0.5997815,0.45072314,0.7852901,0.49646014,0.84550893,0.428573,0.842205,0.40599626,0.5271759,0.69376475,0.5630684,0.8750521,0.613858,0.8541622,0.774083,0.77020204,0.41077513,0.6928834,0.53895366,0.43892723,0.5080664,0.4598032,0.2550373,0.35373342,0.32423118,0.6943359,0.34379703,0.62052196,0.64452595,0.77250004,0.36672014,0.4537733,0.685705,0.5452096,0.4875103,0.65402776,0.58706135,0.8728611,0.65089506,0.41269886,0.4023201,0.76386994,0.62772787,0.27096584,0.8557032,0.18731117,0.33401045,0.9625921,0.7298888,0.41977158,0.46669558,0.8103895,0.34476757,0.89375144,0.56162465,0.755823,0.5606086,0.31148857,0.79569954,0.5532594,0.8787211,0.24595067,0.69644976,0.5349494,0.8162522,0.3794597,0.76152265,0.47788265,0.4145102,0.8828801,0.55976194,0.4619905,0.6439818,0.47813338,0.9630402,0.29465914,0.9444302,0.5746676
BC2026_Train_0007_S09_20250829_000000_55,0.41207913,0.3980246,0.4500156,0.31564456,0.6165729,0.7847724,0.81944835,0.8295937,0.3623315,0.5097955,0.35581166,0.19735448,0.27933267,0.2454176,0.9046798,0.8525574,0.51924485,0.53048676,0.11328541,0.659193,0.39550155,0.74295044,0.82786477,0.61060834,0.6122383,0.8069083,0.86914676,0.8007151,0.53315896,0.38992482,0.5933833,0.78071177,0.57350826,0.70300496,0.5824729,0.700796,0.7272986,0.595903,0.8023217,0.5124773,0.53019434,0.74218094,0.49966162,0.6494216,0.5917476,0.6005828,0.501038,0.35291603,0.53116316,0.46980745,0.36636665,0.55054164,0.52863497,0.5696216,0.52873313,0.65681446,0.5065729,0.08282558,0.25546044,0.3840015,0.27876067,0.597528,0.3272165,0.260432,0.61628133,0.82195926,0.3406651,0.6515504,0.657575,0.63138545,0.601998,0.5292394,0.688376,0.3780971,0.80464053,0.90953517,0.95891666,0.3902545,0.3520358,0.6807395,0.7334614,0.22674581,0.23119675,0.8609979,0.44513664,0.16784568,0.33513698,0.39844754,0.95570195,0.30286425,0.66712916,0.3246651,0.7023266,0.46041852,0.46968475,0.73193353,0.57784307,0.44028383,0.39904112,0.62156856,0.55436,0.3803495,0.67571867,0.24523173,0.46662897,0.5382867,0.86929166,0.8182963,0.67165124,0.91979194,0.58773166,0.5145396,0.56235623,0.46019003,0.21471247,0.6059605,0.2706235,0.48804882,0.3194454,0.406319,0.18348473,0.4160177,0.6556672,0.7743282,0.5100153,0.62141895,0.5747688,0.41503698,0.9640458,0.5277139,0.5916526,0.5537545,0.74018747,0.35407543,0.66435766,0.5169195,0.30583584,0.7078131,0.5771665,0.47101754,0.8126667,0.66873413,0.7600981,0.82858455,0.41953212,0.61448693,0.34704125,0.34446198,0.44915858,0.52244353,0.694779,0.82765186,0.79646295,0.7937013,0.45714366,0.7269394,0.42780343,0.50813156,0.91724366,0.47283983,0.69940186,0.385617,0.6419983,0.41100073,0.4357878,0.5310875,0.2708543,0.43335903,0.46764967,0.6742736,0.6122832,0.65788496,0.40043512,0.584265,0.6245966,0.21630675,0.46273562,0.46821672,0.56127113,0.23517598,0.54633176,0.5230109,0.41606808,0.8643833,0.7031049,0.6052083,0.49352774,0.522125,0.52151203,0.40429825,0.41107893,0.68786764,0.9335354,0.9138854,0.6837386,0.7341472,0.38534397,0.67208374,0.55315834,0.5870011,0.8923187,0.3321975,0.26114577,0.7891197,0.7019445,0.50456923,0.64124215,0.76810217,0.34732255,0.6053398,0.5072118,0.64130604,0.63557875,0.38908365,0.7233007,0.3301537,0.5230737,0.14723274,0.53001666,0.7779642,0.75514644,0.3057333,0.5371554,0.43181333,0.6526417,0.6941073,0.2816442,0.55000526,0.542342,0.5299184,0.8452383,0.6529228,0.9748644,0.4587709
BC2026_Train_0007_S09_20250829_000000_60,0.38203818,0.42308462,0.4929395,0.33575714,0.5408104,0.49306968,0.7663549,0.7864677,0.22389698,0.46859527,0.3599214,0.30073848,0.5376041,0.05697983,0.9318925,0.94236666,0.7485646,0.71394247,0.2545719,0.4994127,0.6916602,0.49795192,0.9788624,0.61210996,0.67594063,0.45673916,0.8954133,0.5954928,0.7553923,0.807144,0.36724997,0.7876432,0.30338496,0.61458325,0.5681729,0.7288277,0.63036007,0.60055965,0.38069478,0.6438153,0.27055645,0.728318,0.4526683,0.7673585,0.66460305,0.66523427,0.5748548,0.3094411,0.48039567,0.3736718,0.46273828,0.4441883,0.44648495,0.4574383,0.598353,0.92937493,0.47701034,0.24175033,0.65028965,0.12831926,0.5652597,0.6270988,0.34816727,0.56993747,0.7086398,0.6441661,0.5710958,0.31827965,0.78973854,0.79567593,0.5230042,0.6556916,0.849298,0.07472833,0.55246365,0.9320761,0.77756786,0.52536523,0.19004057,0.9180145,0.88139075,0.23440582,0.3778437,0.8007579,0.8250041,0.17836642,0.6184359,0.5274936,0.997875,0.14443275,0.9111603,0.6667628,0.91611034,0.7751879,0.7804768,0.84021664,0.81006795,0.68658364,0.61853236,0.8295414,0.77097523,0.51066,0.4003879,0.41643456,0.24704723,0.83252496,0.48488912,0.8834353,0.91095495,0.79805493,0.79156876,0.5878616,0.3299117,0.7283662,0.46817246,0.8913412,0.46494198,0.7804325,0.87681663,0.59886765,0.32746223,0.4715787,0.86967534,0.97379154,0.18061358,0.9099624,0.247857,0.38584495,0.961108,0.3767089,0.4723555,0.93214,0.89293814,0.7824574,0.92736536,0.52909124,0.3330308,0.67024034,0.6708547,0.6000708,0.7792702,0.8547222,0.8532729,0.95386237,0.15393966,0.48087865,0.28402576,0.5873152,0.78657585,0.87304014,0.9773433,0.8273583,0.7478323,0.7605982,0.44507292,0.7506799,0.40666392,0.8833395,0.9269911,0.7042218,0.680722,0.218463,0.8611832,0.2306175,0.6671771,0.54235005,0.040096335,0.3648737,0.45834714,0.7437338,0.75184995,0.6629535,0.5144714,0.90284985,0.6334329,0.36530948,0.84634787,0.24557748,0.9054816,0.49985898,0.73544997,0.7659291,0.55008876,0.8592318,0.85976034,0.91147745,0.8269909,0.82474375,0.74665785,0.13499224,0.8844291,0.87239546,0.8732252,0.3642804,0.7144583,0.75844014,0.87805367,0.5213217,0.23730466,0.7846583,0.721784,0.8511305,0.1595,0.3558045,0.33917865,0.7616025,0.62239116,0.29410568,0.4251973,0.80846137,0.7995954,0.6979727,0.78148496,0.8343729,0.27126884,0.22105631,0.57211685,0.3379527,0.79223794,0.91126966,0.85328746,0.72886664,0.60296667,0.9061158,0.6668823,0.7797204,0.43324,0.9275437,0.92165625,0.7200146,0.9613833,0.83465827,0.94661236,0.67210037
BC2026_Train_0008_S09_20250831_000000_5,0.048727334,0.4031092,0.6644796,0.73532355,0.42881665,0.27857566,0.16349709,0.5327467,0.27754563,0.50997806,0.8705479,0.20791176,0.096755505,0.14734092,0.77719945,0.20112686,0.48048794,0.15421875,0.21376333,0.53872293,0.2857771,0.3144064,0.1340429,0.5603466,0.2218463,0.55589575,0.48701862,0.22838584,0.39510554,0.5445185,0.69752824,0.73025477,0.60212827,0.39039332,0.59794164,0.71160096,0.5396922,0.27604508,0.79029346,0.5545217,0.51576495,0.5789857,0.5713883,0.6231228,0.5843848,0.56440043,0.42702365,0.44470417,0.35593122,0.30544424,0.635695,0.6506233,0.6456766,0.6701449,0.47576442,0.2507379,0.41926038,0.39644057,0.11246658,0.10679708,0.05504825,0.10862501,0.13286358,0.13016033,0.06292923,0.39181834,0.07416208,0.011144416,0.31148884,0.36276147,0.5617103,0.909637,0.3755333,0.10695216,0.42187464,0.72642374,0.48876578,0.18704334,0.259298,0.52875686,0.035030328,0.5726892,0.12807582,0.107493326,0.09826667,0.9352645,0.069082335,0.1426355,0.36878806,0.5480194,0.37619168,0.079523414,0.16944,0.3587458,0.20406705,0.44458154,0.3209541,0.56939614,0.5943005,0.38381785,0.60388136,0.24807914,0.18576641,0.098215826,0.12160875,0.1500345,0.44125593,0.080680415,0.66210043,0.8587585,0.11683633,0.19093409,0.116360076,0.61819375,0.12116875,0.34177655,0.112132505,0.11412001,0.21406607,0.29751658,0.053387582,0.18075708,0.30549476,0.41875806,0.07543583,0.27129406,0.6780374,0.58459157,0.81544995,0.46200958,0.58891267,0.15127876,0.20055659,0.09193183,0.1270945,0.18383734,0.23702206,0.43743944,0.09641149,0.37876564,0.32408834,0.49553826,0.40567756,0.808813,0.12564066,0.12247416,0.6007868,0.346476,0.63497305,0.46618664,0.35017666,0.15594715,0.13070634,0.5247146,0.6363239,0.94258124,0.25858057,0.6818309,0.74160254,0.3449784,0.41492546,0.2344803,0.59043694,0.8062249,0.16060767,0.5694107,0.34327763,0.20037049,0.8222089,0.65223753,0.43253982,0.16266415,0.96869993,0.8307701,0.10490458,0.14650233,0.25778067,0.37857994,0.43611825,0.044192255,0.31809717,0.6596556,0.05535208,0.23228316,0.40995765,0.43560082,0.29531896,0.268538,0.97601664,0.07668567,0.0715425,0.2811669,0.08417824,0.0965725,0.9684957,0.041175082,0.36352566,0.94776875,0.1630335,0.409635,0.9521353,0.6235792,0.13625416,0.74045,0.18892184,0.11960624,0.39933854,0.2098419,0.60451204,0.6487833,0.61108124,0.33744708,0.22166306,0.7397036,0.39110532,0.088138595,0.5788967,0.17353176,0.6590004,0.1625144,0.7846036,0.6868538,0.4460221,0.66162616,0.34838638,0.31260857,0.17891832,0.49404794,0.28884232,0.08258775,0.11863174,0.11177791,0.81682,0.74076045
BC2026_Train_0008_S09_20250831_000000_10,0.05847483,0.42998523,0.80983335,0.6197451,0.4536354,0.6343548,0.4316793,0.80070364,0.5263884,0.44310507,0.6932489,0.73395,0.13702075,0.25054818,0.9287938,0.46348184,0.49653587,0.1591935,0.24373034,0.18040767,0.16654707,0.6437607,0.26669466,0.44144997,0.45966578,0.36775157,0.47077817,0.19394131,0.5916571,0.5411558,0.62597835,0.43576396,0.5410016,0.40611666,0.53957295,0.3789596,0.676332,0.45312536,0.6937626,0.6628768,0.38453045,0.3793249,0.441185,0.38224736,0.6433565,0.639009,0.45133755,0.41406137,0.32781276,0.31953853,0.448075,0.5167983,0.5072583,0.5478916,0.4423394,0.5599009,0.4364479,0.6181436,0.25296232,0.031759083,0.092678756,0.107299246,0.34496325,0.20440209,0.17902009,0.4162888,0.11444933,0.029540915,0.7956838,0.48692077,0.56102294,0.86720836,0.34285954,0.6273354,0.41334862,0.9058437,0.7592208,0.44471872,0.2643485,0.17847316,0.23690781,0.41778997,0.08480558,0.20231259,0.23993166,0.74964106,0.09975158,0.16365826,0.7525008,0.49115062,0.40495166,0.063920416,0.63666296,0.72782034,0.42311907,0.9243833,0.109438665,0.52748126,0.4770073,0.34755784,0.59070635,0.16811688,0.16497089,0.089554936,0.058859754,0.65088975,0.46340612,0.18356666,0.7554845,0.70072377,0.29234707,0.16192733,0.5045958,0.42385504,0.1732985,0.4489458,0.14035225,0.26506725,0.56798077,0.2111853,0.16414532,0.4888333,0.77671504,0.72566324,0.09008233,0.4977928,0.67672527,0.45188934,0.58208525,0.6237258,0.9376291,0.6712742,0.27778596,0.16827032,0.05948075,0.30299154,0.19918233,0.5355625,0.27916124,0.29952455,0.18284658,0.4012965,0.45692232,0.6942043,0.32898128,0.32706738,0.42172807,0.38699374,0.77729684,0.7121286,0.12675767,0.3358354,0.5817876,0.2854676,0.6985042,0.8977032,0.7610145,0.95171046,0.68523884,0.24411967,0.71200496,0.37811503,0.68994474,0.328035,0.08059491,0.5341828,0.6056917,0.17330699,0.63036513,0.38560826,0.5396991,0.31075364,0.811528,0.6188706,0.062133834,0.27417934,0.45233867,0.103125006,0.899675,0.064132504,0.29808193,0.7854471,0.23321858,0.5279443,0.75768244,0.13427459,0.6295439,0.37579826,0.82761985,0.16775365,0.43807724,0.6321229,0.21216549,0.14173675,0.9379275,0.3358293,0.3645989,0.69630677,0.817141,0.51400924,0.7804516,0.3446014,0.28760463,0.450591,0.2765031,0.120856255,0.46141005,0.57232916,0.76915884,0.39435834,0.1240855,0.47633338,0.11718058,0.82767934,0.2562962,0.03728407,0.8992937,0.38471898,0.63963544,0.68752265,0.9163416,0.8167374,0.4056391,0.29068163,0.3821954,0.32850435,0.07441057,0.22099918,0.5296508,0.21544148,0.41835445,0.3799104,0.8212489,0.4316752
BC2026_Train_0008_S09_20250831_000000_15,0.13531457,0.5069814,0.50135016,0.57988405,0.6131354,0.6371104,0.41333762,0.70861316,0.35350877,0.5196409,0.6541449,0.7130116,0.43357494,0.36261576,0.96561253,0.76195204,0.47062093,0.08767284,0.19814691,0.23713307,0.10266483,0.63086134,0.49105462,0.4123,0.29412758,0.27431557,0.8515463,0.18968725,0.6593664,0.6379101,0.53419995,0.33512345,0.651595,0.62650836,0.6600229,0.4142112,0.53329945,0.6402344,0.6203706,0.75380135,0.39320636,0.35713285,0.4595583,0.4359466,0.58207095,0.5869794,0.48190874,0.5574585,0.3797022,0.44351214,0.51962495,0.5547817,0.559375,0.4980716,0.5113813,0.48573875,0.47219786,0.5632775,0.3817563,0.036723167,0.16177459,0.21814209,0.12904227,0.39132315,0.17106348,0.316557,0.03799792,0.12910824,0.92742497,0.5676353,0.48897287,0.6752471,0.364985,0.63528425,0.58852994,0.5091265,0.8161875,0.26224065,0.12981534,0.2287614,0.5741805,0.32299906,0.29057705,0.4329163,0.36799997,0.22187302,0.16031457,0.052337836,0.8231814,0.5829969,0.8597254,0.08170424,0.7201667,0.5627264,0.29519814,0.89530313,0.214716,0.49502045,0.7833596,0.79178697,0.7366605,0.2340286,0.04030083,0.040449783,0.029677834,0.7150917,0.91238725,0.49687037,0.84270203,0.564017,0.7955467,0.0630825,0.41485515,0.52486336,0.13436417,0.22750024,0.2615078,0.51455,0.9557875,0.401277,0.09378433,0.29260394,0.8304074,0.6493215,0.18290891,0.7716033,0.58597493,0.30220193,0.7933836,0.7060541,0.8111267,0.9423958,0.2593304,0.09510483,0.14007333,0.4311111,0.16363089,0.33507726,0.39164886,0.36441535,0.4438948,0.6025386,0.8163666,0.9543012,0.44655,0.60423124,0.75396806,0.48610377,0.51220024,0.6239675,0.112632915,0.119261086,0.8398854,0.09469384,0.35779783,0.720064,0.7960697,0.885921,0.5024972,0.22977766,0.74812794,0.16878216,0.73820627,0.38307202,0.15463018,0.78132236,0.4272527,0.11656549,0.6478015,0.07222608,0.49466485,0.30650446,0.626811,0.8850437,0.2106435,0.49410003,0.17505926,0.024675915,0.86233443,0.17342083,0.17203793,0.8894967,0.60721874,0.9476,0.6968946,0.26005426,0.95988125,0.21220833,0.6278004,0.08159024,0.59437495,0.5576133,0.1533599,0.37658334,0.7533394,0.91151416,0.5736169,0.53238213,0.56494343,0.60825,0.6069621,0.07934708,0.9101925,0.5868179,0.06307609,0.12079117,0.45791706,0.4218148,0.94678116,0.43480664,0.027620167,0.16810268,0.0674155,0.6541093,0.13719119,0.029193465,0.5125133,0.51164216,0.20217757,0.8866476,0.5789443,0.9361375,0.58794826,0.23555131,0.17495723,0.07127537,0.05258992,0.12442833,0.7747979,0.27503416,0.6079559,0.24348107,0.9320438,0.40455317
BC2026_Train_0008_S09_20250831_000000_20,0.047509577,0.53712606,0.13881533,0.34460667,0.6183604,0.23232006,0.492337,0.8122083,0.24398045,0.5846771,0.73610413,0.28259757,0.30404234,0.3036325,0.7676634,0.62917066,0.62575006,0.08538308,0.17874616,0.2388075,0.26775163,0.48511982,0.6299365,0.421575,0.06277808,0.10764141,0.588296,0.13170391,0.46909708,0.359971,0.5823416,0.46681458,0.68233496,0.65406823,0.6131354,0.797225,0.5420667,0.579139,0.797225,0.74686986,0.31119624,0.42745334,0.41592163,0.7921283,0.50697154,0.5034655,0.4049445,0.58613795,0.38348874,0.39625072,0.6259783,0.61484826,0.61361164,0.539235,0.529829,0.37297037,0.46394786,0.34142825,0.46718538,0.036078252,0.07128333,0.22800517,0.08807987,0.6400312,0.06047453,0.22408539,0.0691645,0.29411748,0.8976684,0.252324,0.4950229,0.6426473,0.89428127,0.36075175,0.76197124,0.5383129,0.40203002,0.27268824,0.14627975,0.17272082,0.8081958,0.37461865,0.19419557,0.22255348,0.22664335,0.1306325,0.043572836,0.15268974,0.8266958,0.4791173,0.5858282,0.2803521,0.281734,0.4249285,0.28602436,0.5196891,0.6138333,0.2754387,0.80605,0.94104993,0.7295306,0.43272096,0.096471995,0.021194061,0.06869167,0.2841791,0.9633854,0.4112184,0.7802694,0.8714196,0.977075,0.097877756,0.20600042,0.27222466,0.31845957,0.39783558,0.42649996,0.2582411,0.9166386,0.4251271,0.0676445,0.08944442,0.93863326,0.78761876,0.08908242,0.7722729,0.69252264,0.28119677,0.7471007,0.49995625,0.5180593,0.76316273,0.09746801,0.19753416,0.5393417,0.34939617,0.31877026,0.09809008,0.15140468,0.45826873,0.6027152,0.44094768,0.7421353,0.9934499,0.20223251,0.35765332,0.84634995,0.5270708,0.35726148,0.631445,0.51603717,0.21007814,0.5645355,0.18174408,0.16263908,0.95238364,0.651306,0.7648025,0.70396507,0.18217218,0.39690602,0.342089,0.357036,0.4801122,0.20094582,0.48891985,0.24399483,0.15847982,0.937775,0.053275004,0.74033964,0.6627404,0.92542267,0.9009312,0.4679755,0.2877167,0.1269965,0.027415335,0.81773764,0.051313832,0.34090313,0.90089905,0.46643743,0.92112553,0.5301243,0.90933275,0.8586632,0.451218,0.90160537,0.15237133,0.31252426,0.18317293,0.32702917,0.16851391,0.8117427,0.8984834,0.7440229,0.8955711,0.14463367,0.28105766,0.32934722,0.049557667,0.91782916,0.66026574,0.042377915,0.26499212,0.4901445,0.11986792,0.67704546,0.19670866,0.061688323,0.076415166,0.16146684,0.86658144,0.10135989,0.019346999,0.39332956,0.3829126,0.13470134,0.94396037,0.5398857,0.67204267,0.44489616,0.6534566,0.1299485,0.08949905,0.16011348,0.036218416,0.53506786,0.60453326,0.2966123,0.36335087,0.5211867,0.78714126
BC2026_Train_0008_S09_20250831_000000_25,0.07497966,0.60220695,0.32266092,0.39019525,0.60639787,0.21464431,0.4496305,0.56937623,0.44293278,0.5165288,0.6704476,0.31307295,0.14175999,0.25386742,0.7591832,0.5697443,0.5401772,0.37282062,0.40808272,0.3579336,0.41493466,0.5675209,0.70785415,0.5017816,0.10231679,0.22313376,0.550581,0.043261584,0.38108036,0.42311636,0.51626825,0.6555376,0.5629083,0.5040783,0.5584792,0.8074183,0.62414217,0.41736963,0.7801001,0.6017168,0.35850275,0.3597813,0.42793497,0.42352638,0.6047901,0.5932902,0.40896702,0.56426024,0.38643378,0.4299087,0.53888166,0.50284165,0.510615,0.55160165,0.45950857,0.5756041,0.46683544,0.52344865,0.15279159,0.15056741,0.102161914,0.18977568,0.28411,0.5743875,0.24075411,0.12631246,0.28497952,0.17033291,0.9035767,0.1618178,0.5329729,0.55979896,0.78089666,0.44591498,0.5927971,0.58415097,0.2824295,0.44764572,0.2008541,0.47788084,0.55149007,0.7664361,0.2686913,0.17653532,0.09491149,0.20637932,0.053435918,0.46231878,0.57165194,0.62571454,0.47812164,0.1758174,0.08183942,0.5953234,0.3275965,0.57309896,0.5432664,0.34956232,0.47265175,0.50846374,0.7251048,0.38032424,0.35365158,0.057508923,0.05674842,0.17761725,0.8614166,0.53366166,0.76518786,0.8934001,0.80272794,0.1628375,0.3315665,0.2917169,0.5339374,0.43547255,0.23011398,0.08022141,0.34408668,0.32460782,0.18229175,0.28019676,0.92735577,0.70530015,0.20775892,0.4018108,0.7299486,0.27722177,0.620389,0.65072364,0.43900144,0.40854645,0.16633001,0.41725415,0.4812858,0.6931408,0.5547395,0.20615631,0.2492525,0.36154008,0.35013342,0.3952363,0.5838713,0.9027726,0.3333342,0.27912462,0.4905108,0.26587534,0.4402921,0.38592124,0.6927917,0.28485298,0.3809738,0.2570041,0.40303496,0.9489739,0.5801774,0.7452598,0.7316119,0.261491,0.319458,0.64847004,0.15969317,0.25705767,0.20001099,0.45302403,0.37726605,0.42479587,0.8270056,0.21754958,0.5813734,0.76860213,0.9525486,0.6212934,0.45187458,0.09993942,0.45524624,0.13812801,0.35576123,0.06310325,0.28640482,0.7329798,0.27476108,0.4560113,0.57531637,0.92996866,0.3524025,0.47029164,0.8438569,0.04517808,0.41750404,0.23159583,0.09116642,0.16729999,0.9063089,0.7542823,0.5326779,0.81243753,0.21481875,0.25029317,0.42653018,0.28076392,0.5739337,0.5670671,0.20926934,0.44316664,0.43852702,0.13418032,0.4563679,0.32410797,0.15821876,0.2676418,0.121369585,0.91457915,0.2748755,0.04751073,0.64730346,0.33140084,0.31014565,0.8038656,0.293629,0.7741686,0.5697986,0.722125,0.29949716,0.37014934,0.24314299,0.19501607,0.20788306,0.5998591,0.14506958,0.25109565,0.10723733,0.4939511
BC2026_Train_0008_S09_20250831_000000_30,0.046349913,0.41527605,0.58579165,0.70337886,0.5049229,0.14358091,0.39035732,0.5819787,0.85470945,0.45163155,0.40400088,0.37383613,0.1319544,0.3304172,0.46151048,0.2566526,0.19446641,0.39235154,0.37619448,0.4046694,0.12173933,0.29160443,0.38730755,0.53216827,0.35257548,0.41193557,0.28791574,0.12458026,0.18119371,0.28902385,0.57562834,0.5898925,0.46256164,0.43606162,0.5650104,0.4379558,0.5917274,0.29186702,0.6606343,0.3049861,0.39338902,0.2724743,0.45514163,0.38590035,0.6357835,0.6279299,0.32494104,0.50016975,0.32066044,0.337209,0.55760825,0.546655,0.559375,0.5627316,0.39357165,0.41245067,0.4753604,0.80615056,0.1398045,0.39299998,0.13122125,0.6191914,0.36919028,0.31565008,0.87662596,0.21396759,0.29059792,0.218723,0.3084824,0.21899125,0.5678979,0.79278934,0.3474939,0.2470589,0.26575285,0.6045795,0.50420487,0.28732777,0.42265907,0.44061357,0.1929766,0.9361375,0.2159544,0.34423143,0.0640975,0.6344663,0.123151995,0.38275662,0.29368535,0.630358,0.8330087,0.06694975,0.039777834,0.4579025,0.49349117,0.57378536,0.2902224,0.12720366,0.34775683,0.2214709,0.76512146,0.51448333,0.22052999,0.068106726,0.10639875,0.085500665,0.42857796,0.3352059,0.4124759,0.62138027,0.29949573,0.21495415,0.10234275,0.57908934,0.5981475,0.26985058,0.28706783,0.18984273,0.20444901,0.08631508,0.055686913,0.39570618,0.36385876,0.5317379,0.121411085,0.3668468,0.45175707,0.56073755,0.7861879,0.52959687,0.2224531,0.5176227,0.5441094,0.17635839,0.32915646,0.93042284,0.38430667,0.15387666,0.15910023,0.4662318,0.35331756,0.26585892,0.6391926,0.64178514,0.43795404,0.672302,0.26708564,0.3168898,0.16548052,0.34290218,0.47420043,0.3605659,0.39303255,0.13652301,0.28221506,0.5952244,0.6787638,0.32262206,0.5468673,0.67014927,0.49727857,0.7909688,0.1641425,0.38320565,0.16968216,0.50743014,0.26255375,0.67062914,0.7204323,0.36134133,0.44232088,0.42069122,0.6400603,0.7033435,0.6741354,0.067806,0.558925,0.37422076,0.19050708,0.080779165,0.48733535,0.9266938,0.17706776,0.18268591,0.3449793,0.55969644,0.27039316,0.24252266,0.9347733,0.037209332,0.60477084,0.23874907,0.021645583,0.09444909,0.77045625,0.6051172,0.164962,0.8773848,0.37362206,0.2784189,0.7264036,0.543205,0.1619605,0.6260995,0.40569165,0.20974824,0.45042944,0.11935316,0.67862713,0.5783439,0.4499104,0.40781358,0.3291629,0.68889976,0.23140505,0.086024866,0.68115175,0.10465784,0.6409,0.24487218,0.4714433,0.594957,0.6495209,0.62642395,0.59762347,0.48545885,0.44299996,0.49105203,0.094663404,0.3221249,0.12820867,0.22760475,0.120487995,0.43269598
BC2026_Train_0008_S09_20250831_000000_35,0.022312168,0.28325677,0.30638415,0.7737876,0.5311853,0.10506341,0.4053721,0.80392504,0.7803203,0.4601676,0.52920985,0.28680626,0.3381788,0.3074665,0.45327646,0.33724898,0.13603342,0.26745668,0.4682427,0.20818117,0.13038442,0.2959301,0.3437264,0.5468316,0.15296023,0.27547526,0.18034893,0.30204475,0.13775672,0.33728927,0.5750983,0.64085925,0.35249832,0.40302497,0.59512293,0.30699524,0.6031439,0.29150945,0.5192354,0.24672054,0.5038926,0.2858078,0.46291497,0.5006049,0.5700101,0.56299806,0.34353402,0.5521994,0.3505319,0.3599281,0.38429832,0.54117835,0.55336833,0.56979835,0.3331143,0.20631926,0.4389229,0.899877,0.15176208,0.1971766,0.10032125,0.7062499,0.36991745,0.3694835,0.72249675,0.36128247,0.15547515,0.31765628,0.1047834,0.43749836,0.5773854,0.9667107,0.1896205,0.09744416,0.14324276,0.5213666,0.40600172,0.11582725,0.71957684,0.29254308,0.090199836,0.5671799,0.13982467,0.67258334,0.15318474,0.810841,0.077996,0.22483066,0.2809635,0.43826157,0.9394022,0.05581716,0.15709184,0.24061261,0.6107325,0.30520415,0.11643215,0.1665699,0.45451534,0.2704964,0.53166956,0.34120893,0.3494213,0.06656963,0.12831867,0.049917836,0.12074725,0.14089242,0.27014783,0.12955832,0.190084,0.062466584,0.07138933,0.5432166,0.42039376,0.070522085,0.27575514,0.090120584,0.2307486,0.04368125,0.065427415,0.25849867,0.060469836,0.43614239,0.13797101,0.16965616,0.14742574,0.43735206,0.21680632,0.34565693,0.2959481,0.6076371,0.47568822,0.04453508,0.21563931,0.63357013,0.11879958,0.09070441,0.2091585,0.26218325,0.38236412,0.41536084,0.24196814,0.5093901,0.31136197,0.6698512,0.32788432,0.451231,0.16362108,0.30023283,0.23088932,0.28455874,0.16637681,0.21523243,0.06613842,0.14586107,0.3148209,0.13993908,0.40116304,0.6996083,0.5063633,0.75530833,0.065604664,0.23396876,0.05394033,0.39595124,0.30020148,0.5353209,0.22161224,0.19414917,0.4568649,0.19057009,0.4749906,0.6971795,0.52384233,0.03799192,0.33221775,0.34598643,0.34351665,0.10238015,0.43957126,0.7558688,0.10268508,0.043261334,0.23399992,0.40495783,0.43547997,0.17202657,0.95260507,0.064741254,0.27071482,0.4077629,0.06831625,0.0348285,0.3524776,0.52685577,0.12708451,0.81524193,0.17578648,0.43167496,0.5487507,0.29535103,0.185262,0.42715237,0.18161482,0.05300983,0.46359366,0.15629092,0.6199937,0.6206955,0.46483222,0.431924,0.55026877,0.16033065,0.3693274,0.083513334,0.6631205,0.079010755,0.4723908,0.062214665,0.5889897,0.37436914,0.35195383,0.40081447,0.5340609,0.17546667,0.21171275,0.37243882,0.04012192,0.09128616,0.072544664,0.44471872,0.15974507,0.11003865
BC2026_Train_0008_S09_20250831_000000_40,0.029370748,0.34027746,0.11335292,0.7812383,0.5768354,0.31947467,0.23394166,0.5692165,0.24105978,0.35352218,0.46537125,0.157817,0.19985834,0.43282497,0.5853727,0.2532154,0.14331682,0.16705674,0.32375073,0.20906174,0.18894757,0.6263584,0.12691508,0.54170823,0.055595897,0.14625357,0.44882238,0.25321448,0.067445084,0.5519753,0.6607816,0.7423848,0.4733383,0.31292498,0.5201854,0.42991915,0.66736186,0.5013956,0.5756219,0.31603646,0.56767106,0.30589935,0.44401163,0.6269963,0.59455246,0.587961,0.5067589,0.5209957,0.36539754,0.44589627,0.33765832,0.515385,0.5198016,0.582695,0.39430228,0.26727766,0.52719784,0.9142138,0.12288282,0.21412258,0.03430842,0.37630165,0.31326488,0.21082233,0.22052146,0.08826627,0.26289082,0.094575256,0.39524707,0.659021,0.55621034,0.9803499,0.08314158,0.05012858,0.3796502,0.5916795,0.3823765,0.04891567,0.88076454,0.4202129,0.0913595,0.36543742,0.15033266,0.4906571,0.15224992,0.7598759,0.03960867,0.26218846,0.3410009,0.3040834,0.7602633,0.111746415,0.3168704,0.25945777,0.70476043,0.24871084,0.20384498,0.121432476,0.31111032,0.24420175,0.7139369,0.35631424,0.4252687,0.058392666,0.07156583,0.120438576,0.19488785,0.25521508,0.1816979,0.019788083,0.11555108,0.021445334,0.19381008,0.17364816,0.2561121,0.07127817,0.07956442,0.19785242,0.39754528,0.057378333,0.16952625,0.08033175,0.14160234,0.23244017,0.401302,0.13355859,0.15001509,0.3424665,0.054844838,0.3703767,0.6466154,0.5726062,0.5833845,0.027033582,0.12423273,0.4297518,0.29556873,0.08760242,0.23204507,0.15935974,0.40206242,0.4611173,0.06569883,0.65857995,0.12495947,0.34498894,0.103288665,0.38773656,0.13956147,0.51749384,0.18986633,0.12127649,0.04564983,0.21610217,0.12837583,0.25941867,0.101389,0.24677299,0.5848696,0.343802,0.2630763,0.31604707,0.14131758,0.20866907,0.022966582,0.42927438,0.24102299,0.5347115,0.09188341,0.16779207,0.11872391,0.060421165,0.65878654,0.21181166,0.31324258,0.11895558,0.2215626,0.10982859,0.29865906,0.12888016,0.2097999,0.3808266,0.16579226,0.1116225,0.3685626,0.17162916,0.6478174,0.09181009,0.8571694,0.06957516,0.068664916,0.42939156,0.075374834,0.024095664,0.33481336,0.37213662,0.17325392,0.84425145,0.25093633,0.4924475,0.26588508,0.22528327,0.30635008,0.23315333,0.07615616,0.015912334,0.4388494,0.05647083,0.63504577,0.44432878,0.35131508,0.1750053,0.32087955,0.15873091,0.1546625,0.038737733,0.28201383,0.23180218,0.19130507,0.08029108,0.44616565,0.4336702,0.45505673,0.39452338,0.7519564,0.17745736,0.032871332,0.16406566,0.13243864,0.1608425,0.18026023,0.22937724,0.201926,0.15732957
BC2026_Train_0008_S09_20250831_000000_45,0.055155583,0.26364452,0.42644516,0.62430865,0.56913537,0.31819397,0.40524203,0.26837173,0.087713264,0.34984565,0.59572244,0.3247084,0.21660316,0.16493967,0.8703532,0.3419635,0.28145915,0.23386605,0.25156865,0.1268625,0.25031525,0.5396684,0.13708842,0.51379496,0.13173857,0.39604664,0.38243586,0.1030495,0.17426527,0.52265394,0.609195,0.6231228,0.6530083,0.25427166,0.33139792,0.47083288,0.62169576,0.57858014,0.6914182,0.56889427,0.4637095,0.3954895,0.42016163,0.5248975,0.5709918,0.5658029,0.543051,0.4750665,0.34744662,0.3638549,0.5390583,0.46856833,0.46680164,0.57174164,0.36745262,0.25093582,0.5034792,0.84287417,0.11927368,0.19910774,0.111773,0.3269683,0.32444182,0.29639357,0.13909791,0.11296353,0.20348665,0.123107076,0.82746553,0.61256003,0.5321479,0.8799056,0.16664448,0.27306855,0.61284345,0.8150877,0.46243322,0.102420084,0.6466641,0.31238717,0.2569239,0.59915674,0.10978576,0.29856065,0.13793749,0.4919472,0.084184825,0.09784125,0.404021,0.40963507,0.4041096,0.11753983,0.2598021,0.5412898,0.30759257,0.5788069,0.05880383,0.2670852,0.53643924,0.45826072,0.8725073,0.30549175,0.0963494,0.073992655,0.035418086,0.29377156,0.35470882,0.8110104,0.37918603,0.037992,0.049614746,0.056570917,0.34317893,0.091050506,0.16495766,0.13554665,0.026022835,0.5846666,0.30507374,0.21192756,0.10310475,0.10836591,0.37528265,0.1647239,0.18987015,0.11302775,0.6176071,0.09615566,0.21242341,0.75589156,0.66753834,0.84431404,0.42764693,0.08414717,0.04513116,0.14121966,0.5492452,0.277791,0.65443337,0.08061545,0.6721178,0.64754486,0.10637267,0.6949817,0.25827825,0.11706024,0.056168333,0.39743665,0.1835812,0.80500895,0.4450987,0.049298584,0.16651873,0.16366273,0.43629026,0.6942313,0.09951933,0.6408776,0.64089054,0.29901183,0.3330822,0.14913559,0.31986907,0.11777725,0.062288743,0.44104868,0.409653,0.2689644,0.28774709,0.12660025,0.11472257,0.09245991,0.8331233,0.10180901,0.067225665,0.28394774,0.28310084,0.14193241,0.39559695,0.14619592,0.17959724,0.41355723,0.39568442,0.329353,0.7988666,0.17215893,0.73690456,0.033826753,0.7361981,0.15376341,0.127812,0.25905073,0.09822499,0.051395163,0.8106862,0.46372843,0.5139705,0.6388053,0.78411794,0.53763956,0.1976945,0.5270224,0.6650412,0.51781183,0.11266624,0.019296668,0.5185998,0.021822834,0.74431133,0.36674184,0.19696106,0.3209138,0.09133067,0.39171034,0.2445565,0.058882933,0.21334884,0.8835084,0.2842865,0.19534534,0.488805,0.25572816,0.6196939,0.4573096,0.7743462,0.14117467,0.036047917,0.4641429,0.40457892,0.10430875,0.23977932,0.15198232,0.41262934,0.36753708
BC2026_Train_0008_S09_20250831_000000_50,0.06711317,0.30813524,0.5543771,0.7244269,0.6414604,0.3901923,0.67450523,0.39829582,0.2272766,0.3805274,0.5807638,0.53568965,0.117192335,0.21619007,0.89121515,0.6430192,0.3563642,0.22894241,0.36802036,0.25685924,0.2617581,0.351433,0.15556517,0.42378333,0.0784716,0.50864786,0.60283244,0.18810749,0.41714934,0.7544889,0.48119998,0.5375004,0.5660883,0.31115833,0.37285414,0.3320184,0.5269066,0.55166465,0.57847595,0.59437764,0.37512395,0.2735702,0.41927832,0.61863774,0.62133855,0.6085766,0.48172992,0.36497682,0.3133679,0.37984243,0.5507183,0.46998164,0.47722498,0.5473616,0.4286406,0.24541658,0.5925104,0.96643126,0.040629335,0.28612518,0.41542497,0.19874935,0.44081038,0.14396933,0.08808533,0.4294533,0.16580857,0.22112255,0.73638916,0.77089167,0.5597854,0.9518866,0.20787674,0.47705635,0.41991425,0.85326725,0.29387233,0.041277252,0.4458169,0.5571229,0.33683342,0.53142965,0.083131164,0.33865792,0.34997365,0.24273041,0.06923508,0.09913108,0.10281366,0.35004735,0.5001904,0.045896582,0.57075137,0.4148278,0.18801591,0.720374,0.049715832,0.2352675,0.4589546,0.2691415,0.39802167,0.22016849,0.050453834,0.14092913,0.07472917,0.18477373,0.19281685,0.5464815,0.25767222,0.09176166,0.060180254,0.0632745,0.10333508,0.10428708,0.078609824,0.06242583,0.06754499,0.46073568,0.16822127,0.09331616,0.18654582,0.057996336,0.15332599,0.10555625,0.061680667,0.090142086,0.7854333,0.19480851,0.16848458,0.74422395,0.52056515,0.7638001,0.3452463,0.09459008,0.084493734,0.07904409,0.37222868,0.084863,0.6516833,0.2989213,0.87132084,0.42661452,0.17387167,0.42019373,0.41428763,0.16945164,0.07055074,0.4194493,0.13958386,0.8274916,0.23682107,0.069812335,0.12165266,0.07766992,0.31396067,0.44950378,0.26776567,0.22289194,0.9071896,0.17214176,0.71050704,0.15179284,0.50550663,0.10208033,0.049686253,0.38066494,0.19138807,0.31572807,0.15737826,0.18890274,0.1632629,0.04053525,0.3461271,0.1890841,0.12232159,0.2046944,0.2332953,0.13293909,0.20218268,0.075207576,0.25943375,0.23369333,0.19267492,0.13460284,0.8950875,0.45311666,0.50384116,0.027058084,0.73763067,0.12446407,0.26237416,0.09380092,0.30632046,0.09165217,0.4992627,0.18126842,0.3832229,0.50581336,0.7695145,0.41839334,0.21219708,0.5746483,0.20339067,0.69240665,0.30330065,0.028804747,0.4609025,0.06446425,0.55593014,0.46252298,0.15267482,0.2945245,0.11408616,0.148288,0.5209468,0.0481258,0.06492333,0.9156687,0.11204809,0.13062182,0.21676484,0.2068575,0.36551222,0.21392266,0.90078545,0.16931108,0.048086334,0.5756041,0.24936482,0.034012835,0.62524164,0.35503334,0.41449142,0.12994508
BC2026_Train_0008_S09_20250831_000000_55,0.0753965,0.33156097,0.26943502,0.7359755,0.58838546,0.27911067,0.7296355,0.61350274,0.57451487,0.41558707,0.72664535,0.22495341,0.28335175,0.3669349,0.440157,0.53087556,0.28564814,0.25923082,0.63040626,0.062987834,0.17512067,0.09590809,0.12226125,0.5600816,0.06366558,0.2763191,0.6279211,0.30945832,0.26384696,0.70806926,0.578985,0.5714426,0.41857162,0.4476333,0.52891666,0.2772232,0.533482,0.34237197,0.40142566,0.3756719,0.4868148,0.27174369,0.47369164,0.55278885,0.60717416,0.59399146,0.3647193,0.33776993,0.36231223,0.3436601,0.5463016,0.54117835,0.5484216,0.63198495,0.381882,0.24765374,0.54026043,0.81000197,0.1191435,0.102157265,0.27411175,0.41858694,0.27602366,0.21478352,0.23173937,0.3238827,0.07864708,0.09509758,0.46599838,0.5450757,0.5628104,0.93492454,0.06943692,0.23969433,0.48926723,0.6309539,0.2413274,0.025522836,0.66825193,0.5178987,0.16690183,0.3935849,0.03062667,0.26116568,0.14290155,0.48914596,0.1506435,0.23317908,0.12106558,0.30194417,0.9338169,0.014922833,0.5712661,0.17964396,0.26468265,0.52305317,0.07414575,0.46284464,0.2809103,0.11669,0.32441345,0.2295062,0.16029672,0.31504422,0.24295832,0.055809166,0.080685504,0.19263041,0.13993815,0.11960058,0.12025809,0.092798665,0.13305448,0.37099168,0.06699967,0.11113833,0.057764083,0.084511586,0.12615967,0.027694415,0.10667674,0.06920676,0.028336417,0.0716725,0.07206608,0.28820214,0.5886999,0.40588516,0.18277234,0.33176458,0.27364266,0.6224247,0.5323584,0.036541663,0.19452108,0.3592929,0.08868899,0.036395334,0.15911959,0.52070165,0.6830755,0.45556712,0.0760235,0.54326564,0.414349,0.55640095,0.18667223,0.3104515,0.06044084,0.61615914,0.104014926,0.10934359,0.04903416,0.12469558,0.1325724,0.40776372,0.29419538,0.06178425,0.7340368,0.14926368,0.7027954,0.35732108,0.28715342,0.24489683,0.023901416,0.3546348,0.09444517,0.17178474,0.21558149,0.26206824,0.12794209,0.019069584,0.28926116,0.28316826,0.46452382,0.34620732,0.14666516,0.2725234,0.15161258,0.033521585,0.26433355,0.3112677,0.0736385,0.20005725,0.5062889,0.41570464,0.44269833,0.09123025,0.9093434,0.19582498,0.119566336,0.066088915,0.108378,0.030509334,0.21045558,0.16223432,0.1350586,0.7873616,0.29732603,0.20692573,0.40021163,0.17722133,0.018722333,0.50830376,0.090678245,0.042921916,0.46235487,0.14246367,0.61213285,0.26573664,0.34503156,0.08569084,0.27059972,0.035256,0.44236258,0.07006587,0.09783183,0.29406816,0.18953274,0.08067025,0.254725,0.3535188,0.23885316,0.3488602,0.4501992,0.14522418,0.07611292,0.20790145,0.13849734,0.06505167,0.54904604,0.14937343,0.30120665,0.029727498
BC2026_Train_0008_S09_20250831_000000_60,0.08277024,0.3592541,0.28069377,0.6955556,0.63561666,0.34772936,0.2508954,0.55798495,0.9168583,0.41092557,0.44261837,0.034738418,0.22535925,0.29916966,0.5188695,0.5715081,0.3619866,0.39654583,0.3808725,0.018922083,0.5016292,0.12739557,0.25595248,0.56538165,0.2815724,0.4578058,0.9210633,0.12486208,0.18452394,0.9249466,0.5210383,0.62108415,0.28103665,0.38226664,0.5313229,0.35914198,0.5255367,0.3227957,0.3147579,0.24872969,0.36754394,0.24407208,0.47183663,0.28334197,0.6399206,0.6324877,0.48718268,0.46510935,0.40193045,0.3734614,0.3694583,0.53835166,0.53472996,0.5366733,0.41640297,0.50970495,0.4433229,0.38131893,0.38719946,0.07447624,0.044568248,0.44905415,0.37341732,0.5937195,0.34486434,0.21210699,0.16304334,0.17518607,0.6875092,0.58740777,0.53221667,0.8681232,0.10278292,0.05257133,0.2963429,0.7950853,0.40943792,0.08174458,0.56801796,0.29454815,0.18633783,0.2694559,0.025752917,0.51991916,0.04846958,0.5257549,0.06686275,0.4606163,0.33137432,0.30437565,0.9587604,0.017397584,0.33640462,0.1543609,0.13414167,0.6852599,0.27216375,0.2881554,0.29580933,0.33614326,0.2244776,0.6624229,0.30657223,0.10760899,0.1500958,0.08746742,0.03881675,0.30633163,0.32205966,0.16468059,0.29118007,0.028808666,0.0591655,0.20295915,0.26661167,0.106954075,0.026975833,0.027042082,0.2221194,0.026494917,0.01944175,0.0630325,0.029586416,0.21396223,0.041295834,0.087047406,0.6217524,0.15419742,0.086855836,0.16895708,0.53825015,0.92217535,0.35595104,0.041516416,0.43386906,0.6238419,0.042027503,0.043769084,0.049326085,0.36425748,0.5848249,0.31990665,0.1372705,0.46103922,0.468032,0.50402373,0.047156,0.32081348,0.03962301,0.77667284,0.27007037,0.060870085,0.09541467,0.15046585,0.2253714,0.20135,0.086328916,0.021165501,0.59897876,0.36820337,0.2900898,0.66053283,0.36756864,0.23492208,0.025151417,0.515298,0.054757666,0.146528,0.072391,0.068898745,0.42160103,0.035067085,0.26453164,0.26998225,0.39435205,0.07430483,0.077851914,0.7364666,0.17738281,0.019130584,0.27702257,0.18649898,0.09049874,0.61235905,0.6350759,0.6372267,0.7526736,0.1170005,0.93127,0.07274399,0.123817086,0.14850065,0.037292,0.033034585,0.4251071,0.43035883,0.34047607,0.4480808,0.253581,0.39032248,0.20274165,0.13548084,0.035944585,0.11611875,0.037996,0.051520415,0.47210437,0.11041817,0.27906036,0.4517054,0.20585208,0.07315709,0.40207723,0.03773075,0.5622826,0.06072893,0.21338758,0.10483967,0.26936877,0.14307398,0.16365698,0.17420882,0.32753292,0.37981576,0.38908768,0.16711423,0.035081662,0.033836663,0.45104104,0.09207191,0.11046259,0.20709667,0.09922091,0.047293752
BC2026_Train_0009_S09_20250828_000000_5,0.53171045,0.2662776,0.624004,0.28721872,0.69762915,0.7684791,0.8867004,0.39454916,0.5661063,0.7535796,0.9304543,0.6288389,0.7735666,0.15903,0.78817946,0.83295774,0.5980729,0.46401167,0.1978729,0.5415966,0.92072916,0.6432542,0.6070258,0.5986833,0.43987775,0.5095671,0.78402007,0.50103503,0.2665698,0.9113791,0.31292498,0.2856251,0.560965,0.2753833,0.31785414,0.42197382,0.61129856,0.70524144,0.24626388,0.7031405,0.604469,0.53832227,0.44268662,0.7366766,0.54392517,0.5371234,0.4684109,0.34842828,0.42359778,0.58424467,0.4245783,0.41547996,0.42766994,0.58702326,0.39220178,0.82787395,0.6789979,0.40293583,0.2519004,0.34447742,0.6497341,0.6819125,0.8684734,0.7269125,0.50531995,0.41594598,0.67380625,0.57251585,0.97025,0.55719656,0.67425406,0.3728804,0.62105536,0.9007936,0.37790284,0.8567082,0.42068577,0.5952296,0.9554375,0.78249097,0.4018538,0.6875653,0.26795793,0.6758336,0.44032422,0.41127715,0.4840933,0.12970075,0.6138109,0.105905004,0.48020568,0.5963078,0.86427414,0.8583427,0.8147458,0.8650479,0.113690086,0.8368739,0.774354,0.64152896,0.50065374,0.76330954,0.20283084,0.5956767,0.41985476,0.8537646,0.14265725,0.49528247,0.65654016,0.22896957,0.17388791,0.55429405,0.3073065,0.08424233,0.108293325,0.21719474,0.15099458,0.92581666,0.65400785,0.54059315,0.3665321,0.6185121,0.26466292,0.9324187,0.12746659,0.59394234,0.22537915,0.19994982,0.109523326,0.94136465,0.7318125,0.41513956,0.84177005,0.7337767,0.14161707,0.46892846,0.86518115,0.40050265,0.8742602,0.36941496,0.9183866,0.82029045,0.38920662,0.5271426,0.92931664,0.28526473,0.75973535,0.87535447,0.73455757,0.49107563,0.673711,0.19901317,0.33159176,0.103261076,0.41994226,0.20601824,0.80811036,0.23428358,0.8806585,0.90065205,0.5857544,0.06559417,0.82414746,0.1099325,0.1285344,0.68626016,0.7437,0.56157553,0.5437929,0.91392285,0.883851,0.69658494,0.16868791,0.6070391,0.89104086,0.41172665,0.84654576,0.14890541,0.18846166,0.22163609,0.94100285,0.7878462,0.72916734,0.67188704,0.89542496,0.84081024,0.58458465,0.2702506,0.58999145,0.4136492,0.053077497,0.48279497,0.4250687,0.31670043,0.6075232,0.23727806,0.45165116,0.3634377,0.8278804,0.7932958,0.14013575,0.43494707,0.08258075,0.8505337,0.27719313,0.2840975,0.45934212,0.26683825,0.09147374,0.8754145,0.08452584,0.6431181,0.67965627,0.46310392,0.36552414,0.17957866,0.39640674,0.88150823,0.2778985,0.55691075,0.46545607,0.17872858,0.718999,0.3500058,0.9752082,0.7518584,0.40253556,0.9550833,0.058656834,0.21005358,0.7553129,0.86685306,0.33714044,0.43021297
BC2026_Train_0009_S09_20250828_000000_10,0.5132454,0.37478045,0.4718478,0.33405876,0.6052979,0.56670266,0.7254248,0.9113924,0.8214918,0.82325363,0.95517087,0.22000366,0.9541666,0.32084975,0.60892683,0.727633,0.17317468,0.4947314,0.6208542,0.43802017,0.27149144,0.77433753,0.62651914,0.6503583,0.49435025,0.26858178,0.7090527,0.6762442,0.6131301,0.7417502,0.56485164,0.55360425,0.546655,0.58454996,0.3290604,0.6555376,0.5796993,0.5032728,0.3104656,0.7383075,0.6225112,0.28964344,0.5947083,0.7315799,0.56776625,0.56299806,0.55566937,0.5527604,0.5514982,0.41932046,0.63198495,0.615555,0.6137883,0.6673183,0.4938469,0.6518762,0.57064784,0.45582756,0.42614317,0.21419215,0.35227934,0.45192474,0.7116019,0.26410127,0.5116501,0.53159297,0.33593327,0.4193044,0.70169216,0.28243664,0.6321104,0.35458493,0.44256493,0.6681893,0.57192,0.70964575,0.47701696,0.7568419,0.64471674,0.5574022,0.45252308,0.5172717,0.5176499,0.17590459,0.51619244,0.8413126,0.49863887,0.7002825,0.4275954,0.37880945,0.4843682,0.39393765,0.26912168,0.7563182,0.5371258,0.33134216,0.6472776,0.6973512,0.3266765,0.8073543,0.5545022,0.43038332,0.61836183,0.34561586,0.325235,0.37834632,0.24955675,0.303565,0.88540417,0.7793631,0.2954664,0.7834517,0.26653624,0.29029787,0.2877128,0.5540764,0.50231785,0.55594265,0.45084792,0.6942929,0.5325731,0.63428664,0.71520966,0.920146,0.38554782,0.66126025,0.44062364,0.4635193,0.5443568,0.63863134,0.6616807,0.18426381,0.48357624,0.8358854,0.44045058,0.39946973,0.67822194,0.5405281,0.67860603,0.42734954,0.7011345,0.60684407,0.6569166,0.8038729,0.54417133,0.23273525,0.7291094,0.8432838,0.52464736,0.5571206,0.5597167,0.25179642,0.7533727,0.534884,0.50962675,0.86153024,0.6197989,0.6614771,0.7365367,0.6151009,0.5432542,0.33580613,0.49903873,0.505555,0.38430816,0.6026733,0.6477655,0.5963315,0.75660896,0.8844531,0.925318,0.67524683,0.54713166,0.5438035,0.5988304,0.44502938,0.67493784,0.31237787,0.55725,0.2559366,0.8896116,0.5993724,0.7167358,0.82671773,0.71484923,0.6873955,0.5180659,0.56029356,0.26791298,0.65050787,0.24592824,0.8578587,0.5603167,0.6435791,0.9024229,0.42289707,0.6597029,0.82287997,0.38152167,0.55667204,0.57120126,0.6095433,0.22949174,0.6971707,0.35720593,0.67734003,0.4672702,0.37112826,0.26932225,0.38641334,0.37358654,0.64255834,0.42506522,0.3661214,0.43014535,0.29978675,0.645135,0.581712,0.59499496,0.56341285,0.67939585,0.21690658,0.72170734,0.7709818,0.7907418,0.7379208,0.35715258,0.7103481,0.21881582,0.637247,0.39088464,0.43086344,0.67397916,0.33652598
BC2026_Train_0009_S09_20250828_000000_15,0.4498003,0.27381384,0.4017024,0.26898333,0.6608479,0.17112882,0.79939795,0.75403285,0.68153954,0.9302938,0.92641795,0.2648388,0.7721985,0.08583601,0.826125,0.4244904,0.16229816,0.45408982,0.4951345,0.31883648,0.18256408,0.71981525,0.20520474,0.654245,0.5711346,0.23992743,0.6010592,0.45606148,0.5678696,0.23979507,0.5881716,0.58765006,0.45249164,0.64859164,0.34535414,0.5949892,0.6102792,0.5577183,0.31996343,0.7246484,0.65247965,0.32973525,0.59930164,0.6506448,0.48320052,0.47436535,0.52356416,0.6377469,0.59216833,0.44140854,0.6332216,0.60389495,0.60230494,0.6994716,0.37914225,0.69040054,0.6352728,0.41651142,0.8656771,0.18774533,0.47406983,0.41594973,0.3242293,0.29259053,0.4024349,0.9413241,0.40045843,0.2729842,0.6397694,0.17808607,0.65878534,0.1995784,0.5247408,0.54861957,0.4109334,0.5914949,0.81349254,0.6910653,0.7105284,0.4757641,0.21116877,0.6012496,0.4523723,0.0980229,0.5170698,0.94093746,0.63936985,0.78871727,0.582312,0.53654784,0.47698754,0.54274344,0.09233,0.676088,0.55670375,0.2427651,0.6747888,0.569511,0.31922576,0.29722685,0.8949765,0.43378168,0.8649921,0.5458947,0.39823294,0.38661078,0.44257092,0.17270607,0.78132236,0.8171368,0.49259204,0.6653905,0.46034256,0.9024229,0.47491026,0.5139055,0.54980075,0.6018302,0.3374905,0.77490157,0.5735729,0.43782172,0.74249136,0.87546754,0.6081033,0.30951324,0.246094,0.48048136,0.74725115,0.67671037,0.5565366,0.32850522,0.10222846,0.79546106,0.44820833,0.50603104,0.80951667,0.7437775,0.92317075,0.745856,0.6634977,0.36645466,0.548675,0.758782,0.529942,0.29881752,0.61464036,0.9112603,0.50450855,0.5368222,0.6088773,0.45595592,0.8906748,0.4469829,0.5611592,0.6794169,0.38019925,0.6610974,0.8127155,0.57988256,0.41262633,0.34973565,0.47125998,0.49717078,0.69551146,0.5362686,0.5602284,0.710889,0.69150186,0.76336265,0.9499104,0.2790787,0.39624098,0.7340378,0.470165,0.35373545,0.4482338,0.4002404,0.481413,0.5210791,0.8664439,0.9010879,0.8931416,0.92578745,0.572653,0.42884994,0.9173724,0.42950597,0.15933523,0.87998223,0.69773835,0.8711061,0.29005098,0.57647234,0.60389143,0.60605764,0.93330485,0.84899986,0.3585884,0.6491183,0.77809227,0.6393573,0.7847621,0.74913585,0.29828018,0.6635499,0.44400004,0.32104534,0.7831739,0.39831123,0.33898523,0.40400937,0.42740297,0.23058482,0.4332547,0.48252442,0.77859557,0.5157833,0.7813841,0.17849126,0.7849771,0.65323424,0.3346786,0.8210089,0.8703489,0.70274305,0.66587144,0.6602559,0.77178544,0.6691234,0.2971183,0.26858354,0.5433896,0.5197297
BC2026_Train_0009_S09_20250828_000000_20,0.3640803,0.35716578,0.23507816,0.3356678,0.6501229,0.17731768,0.5356107,0.3712445,0.4440993,0.6741276,0.67816854,0.3290406,0.37637514,0.07564258,0.8451954,0.3145645,0.1576815,0.23370302,0.105673,0.26336777,0.6296671,0.64389455,0.049281165,0.7263249,0.43652758,0.53128564,0.46062857,0.4931218,0.3480547,0.15737593,0.564675,0.5347606,0.405675,0.6609583,0.4343854,0.47128952,0.7472776,0.6368816,0.3525666,0.6818365,0.6312775,0.5347606,0.61537826,0.662673,0.5575286,0.55360186,0.4920991,0.58200073,0.54904395,0.45438087,0.55107164,0.57156503,0.56591165,0.6779183,0.4074531,0.49844587,0.5791042,0.14178284,0.5984234,0.26705167,0.41912863,0.38927048,0.3716913,0.33359444,0.34580156,0.7669178,0.21711719,0.24080281,0.64499867,0.35350782,0.6528729,0.22169223,0.51141125,0.9043667,0.516844,0.6664246,0.8487375,0.65108573,0.630803,0.38115185,0.2636765,0.5338175,0.44892293,0.22043416,0.32245883,0.73489445,0.35659742,0.59414405,0.7355562,0.44075698,0.7053396,0.39692932,0.27360383,0.4106464,0.49309912,0.51874375,0.6161201,0.46942586,0.4725012,0.20860325,0.93983835,0.44280836,0.91469216,0.7839,0.7310102,0.5533753,0.48762134,0.3574244,0.6929856,0.48270157,0.44153708,0.47960666,0.48518497,0.8198734,0.49673092,0.4352595,0.32988167,0.5512824,0.49841198,0.86031455,0.41161335,0.39261281,0.82887495,0.7799048,0.5726726,0.26722217,0.29731947,0.19609784,0.6166194,0.55464697,0.26110566,0.77446854,0.18779474,0.68939036,0.5201787,0.38316187,0.832737,0.7386832,0.874884,0.69017804,0.7623349,0.45937315,0.70162207,0.38437957,0.5273603,0.31611124,0.44016474,0.80612123,0.5244364,0.42683807,0.7235417,0.5284318,0.92783743,0.36630917,0.34801313,0.39136994,0.49629608,0.4240945,0.65235436,0.59025097,0.66137373,0.22787008,0.51111376,0.581229,0.5351398,0.5085126,0.26662475,0.7601935,0.4626554,0.531678,0.7298701,0.295256,0.17416316,0.8801737,0.63537246,0.57158196,0.28339645,0.23337857,0.6002653,0.43842924,0.6547762,0.95328116,0.55858064,0.8662895,0.706506,0.69977,0.9156103,0.49425304,0.3016945,0.79761565,0.933552,0.64841866,0.25396466,0.5177172,0.53649294,0.75771564,0.9269291,0.786722,0.3818133,0.4366315,0.52836883,0.52954763,0.91144586,0.8672866,0.3155972,0.5632726,0.5105192,0.5552312,0.9648646,0.4841864,0.4199022,0.5782517,0.33994976,0.49994457,0.5536377,0.45384398,0.9066499,0.57757044,0.6272726,0.15502301,0.7220419,0.7734146,0.28791323,0.8116448,0.70228666,0.5658476,0.7220393,0.68501616,0.8788729,0.57294035,0.36499292,0.513446,0.28298625,0.4093289
BC2026_Train_0009_S09_20250828_000000_25,0.3990429,0.33464804,0.46901786,0.43578377,0.7086979,0.5434696,0.6005332,0.46234876,0.5429163,0.61515963,0.93789494,0.60510045,0.31088358,0.31475934,0.89816034,0.42278916,0.24954858,0.45624942,0.14735542,0.18291883,0.7286346,0.6184113,0.2017484,0.68410164,0.58822334,0.4393723,0.54411674,0.6592413,0.5663648,0.2741163,0.581105,0.35028347,0.51432496,0.5978,0.3665979,0.47768226,0.6771475,0.6075446,0.558701,0.5941738,0.6478926,0.5584971,0.525455,0.7063004,0.5557055,0.54518735,0.44811958,0.550797,0.6100491,0.45928934,0.54718494,0.483585,0.4913583,0.7537083,0.4679105,0.7462826,0.7052604,0.2747976,0.669429,0.23383616,0.5488874,0.42813215,0.27580744,0.47059444,0.25101024,0.554343,0.2568809,0.3816024,0.74819565,0.4568474,0.6884854,0.15448317,0.4791723,0.71873426,0.5752117,0.72544503,0.7065488,0.5270653,0.93518054,0.7480558,0.29558507,0.5127429,0.563694,0.7457931,0.1653654,0.3004961,0.28046763,0.5508174,0.86871314,0.28930974,0.61793435,0.56243545,0.7871656,0.57422614,0.6447683,0.40659103,0.61295843,0.75571203,0.39490563,0.109192416,0.75607073,0.705941,0.75154006,0.60170656,0.7231729,0.6957641,0.3984116,0.28593332,0.72282434,0.27903542,0.36086333,0.6938516,0.4855804,0.37195808,0.32515773,0.42950892,0.5292048,0.84307957,0.37398273,0.71698326,0.3272249,0.30819666,0.55699635,0.6908176,0.7275522,0.19312942,0.35512465,0.21394676,0.71211624,0.8445941,0.38243178,0.7501178,0.7074173,0.62454367,0.8363433,0.42979133,0.56629753,0.81400836,0.98035,0.41337085,0.9371451,0.7151814,0.55618954,0.18294567,0.7570288,0.30467516,0.46579742,0.89491856,0.7146284,0.6430601,0.5363196,0.2569763,0.7963041,0.4697707,0.54971635,0.28295276,0.7094009,0.29266334,0.92455643,0.83130527,0.7346772,0.18348157,0.77321804,0.7699313,0.6347429,0.51616985,0.41548038,0.734249,0.36883217,0.6786424,0.88755405,0.5731779,0.21668524,0.7615622,0.50692683,0.4069938,0.24198742,0.29558638,0.61595273,0.47900483,0.79463255,0.78932154,0.47242805,0.6395204,0.59760666,0.94611037,0.9397937,0.41770017,0.2855775,0.7878006,0.7149068,0.8805608,0.48673815,0.56993175,0.3179389,0.40216666,0.85367656,0.7150136,0.7732157,0.5239334,0.578199,0.6809166,0.39519086,0.8480829,0.3261595,0.6185568,0.49011075,0.4990929,0.8994132,0.84474146,0.34196225,0.7204437,0.57050616,0.5958301,0.8511167,0.6769561,0.8015835,0.813904,0.70953846,0.31599563,0.3036759,0.5629841,0.34241432,0.7515162,0.903707,0.6491883,0.8643782,0.9518271,0.6178651,0.4010198,0.8139471,0.37688464,0.34600633,0.5747165
BC2026_Train_0009_S09_20250828_000000_30,0.46496218,0.42072392,0.4314235,0.36677527,0.69687295,0.8211971,0.81779414,0.7166421,0.42106903,0.6036457,0.94823915,0.672629,0.3277401,0.19271141,0.7586259,0.57206297,0.35531422,0.46620715,0.4931802,0.2348359,0.3494931,0.3492284,0.4326414,0.5842849,0.4757358,0.5867328,0.59633815,0.8146604,0.5270086,0.8386719,0.63375163,0.36854854,0.5160916,0.37961665,0.33318543,0.55921066,0.70263076,0.3397797,0.5680788,0.7203672,0.5260847,0.64636356,0.469805,0.7338224,0.49820638,0.49470037,0.47225466,0.45227724,0.5625773,0.4228265,0.5627316,0.54877496,0.5627316,0.60442495,0.35484973,0.9516938,0.7086979,0.2858005,0.5757977,0.21466734,0.36607116,0.5391036,0.3272299,0.2847855,0.3801977,0.8361003,0.48327973,0.56765723,0.88575804,0.5708021,0.66758543,0.25952932,0.51169795,0.63466376,0.40016285,0.7937765,0.62921894,0.7714771,0.93501973,0.87132704,0.3194319,0.56038624,0.2969455,0.88535213,0.11724516,0.3906579,0.6187649,0.24453549,0.8218719,0.39898208,0.5247199,0.7263051,0.85797626,0.58446705,0.6308626,0.48118007,0.2358914,0.8722358,0.70374423,0.30583286,0.8378535,0.6965908,0.37707257,0.23723653,0.62298703,0.8097054,0.50802207,0.50078523,0.66516805,0.5082944,0.41616502,0.7843138,0.40825057,0.34090433,0.4077991,0.7324875,0.6370479,0.9001738,0.6232257,0.5201477,0.28791034,0.6013858,0.5537175,0.8271149,0.6849929,0.27001023,0.50812,0.62607014,0.5612512,0.89392203,0.5931275,0.47015122,0.8310012,0.4358499,0.60190547,0.39072573,0.67458,0.7189199,0.9027037,0.5481757,0.95450073,0.7178998,0.3311847,0.25585666,0.68850356,0.63686454,0.37311932,0.91942436,0.5021304,0.4516905,0.41449043,0.39319617,0.4052124,0.33481738,0.6565747,0.6490876,0.7275877,0.28515506,0.97052485,0.92644787,0.55127156,0.28169724,0.78909427,0.5667567,0.8756291,0.5836705,0.5323414,0.46325114,0.62790525,0.5704793,0.9383781,0.6703532,0.30617416,0.7766143,0.441475,0.25969842,0.30026966,0.241727,0.4557933,0.332641,0.66508156,0.34182662,0.5372528,0.53260136,0.85048026,0.93128324,0.7517078,0.76054454,0.3660264,0.72839236,0.41296723,0.5637089,0.43123388,0.6023798,0.48025346,0.30575573,0.5901884,0.83152306,0.82444817,0.7277204,0.7400317,0.42875195,0.19330409,0.7849757,0.51977813,0.7533395,0.46037558,0.30004826,0.31017268,0.8401728,0.6950164,0.47567618,0.64960015,0.6660034,0.94898367,0.46779203,0.5945544,0.9025114,0.5425986,0.6440506,0.33703214,0.4418285,0.36333734,0.44925374,0.9443563,0.77722585,0.9540041,0.8726336,0.5502139,0.4575907,0.7916026,0.34709522,0.32441047,0.61373794
BC2026_Train_0009_S09_20250828_000000_35,0.43601778,0.42617172,0.52214795,0.40047505,0.65081036,0.2960983,0.9025994,0.9350862,0.40414464,0.5520879,0.89038503,0.646991,0.40164524,0.28402334,0.5566014,0.8352859,0.474645,0.40203497,0.41391736,0.38501194,0.34223717,0.1552645,0.6854657,0.67685825,0.57750666,0.7326353,0.9433366,0.629097,0.56998307,0.7187775,0.5547817,0.6375974,0.5629083,0.38641828,0.5003854,0.596926,0.68937945,0.2675531,0.6910104,0.677963,0.5852036,0.64615977,0.52563167,0.8074183,0.43474704,0.42773497,0.3177899,0.5578091,0.42682338,0.38965935,0.58322495,0.522275,0.5215683,0.6316316,0.42407435,0.761135,0.65754795,0.29502875,0.3202145,0.4957896,0.5419501,0.28251874,0.43505257,0.46539068,0.6365025,0.8453611,0.39411408,0.5830396,0.8023373,0.30892274,0.6261979,0.6368184,0.89116323,0.47256708,0.22142746,0.5855231,0.57922906,0.656507,0.5508553,0.48646468,0.706567,0.59636575,0.33103234,0.7091807,0.1787075,0.761091,0.8408427,0.1617034,0.8461091,0.7277813,0.701127,0.5389124,0.5427648,0.34897846,0.6613704,0.4000265,0.24620743,0.62021923,0.71585363,0.7926444,0.92191416,0.65820336,0.37759817,0.28753617,0.58233565,0.58702654,0.64138305,0.6709537,0.7508338,0.9337711,0.86439574,0.76868963,0.40038738,0.4577115,0.5572188,0.72181726,0.615024,0.39452577,0.8249528,0.5702957,0.1623705,0.5969439,0.6577947,0.75273466,0.40978575,0.76607454,0.5533404,0.72206247,0.66269547,0.5997809,0.29353222,0.51112145,0.2255182,0.6911696,0.7082232,0.59660834,0.63500655,0.657585,0.40099207,0.8021777,0.8831878,0.59585416,0.3399127,0.7187529,0.35401297,0.6026808,0.5505454,0.541757,0.5989991,0.4015565,0.6288725,0.58954346,0.29059303,0.37939683,0.52847993,0.7341832,0.5119854,0.10459616,0.72682846,0.7275828,0.49746376,0.45393237,0.25706235,0.5712635,0.819253,0.4855561,0.40912858,0.46221402,0.74268746,0.75726736,0.5782259,0.67712194,0.49609193,0.89213127,0.8728985,0.3322765,0.40785995,0.31698698,0.6747782,0.17888325,0.7915902,0.37724042,0.37863386,0.6021071,0.79448164,0.91051996,0.6284596,0.8870891,0.47184008,0.47584033,0.58401215,0.2621864,0.4887864,0.588723,0.73523223,0.7212526,0.6941258,0.891184,0.62202996,0.40115765,0.68581736,0.30199826,0.24177931,0.64336085,0.67551666,0.59799314,0.408084,0.5045389,0.2784335,0.59418607,0.7849479,0.5750423,0.5776223,0.6564624,0.57914263,0.20806646,0.5838124,0.34120375,0.7189551,0.6511062,0.57096523,0.4498794,0.61051035,0.5569017,0.76037586,0.6991076,0.7446723,0.6577413,0.44037098,0.60794526,0.3629084,0.59921193,0.41394743,0.75446
BC2026_Train_0009_S09_20250828_000000_40,0.4411121,0.30087143,0.64153945,0.4938869,0.60131043,0.16764984,0.87823457,0.98333335,0.55761796,0.451774,0.4110454,0.4511677,0.5582239,0.3039743,0.5835163,0.9133291,0.1424504,0.45209,0.31125477,0.17643248,0.4565945,0.24930933,0.5028476,0.58905494,0.3449701,0.37233382,0.9315233,0.4570647,0.61454654,0.4030903,0.50372493,0.8074183,0.66855496,0.4476333,0.61437285,0.6428979,0.60090137,0.2834644,0.7175131,0.70528114,0.5119293,0.5650208,0.5899383,0.7323953,0.466652,0.466652,0.37517786,0.4890907,0.3905008,0.39737263,0.6544216,0.6316316,0.63710827,0.55831504,0.4578647,0.621506,0.66896045,0.7800736,0.22130175,0.33696792,0.90677917,0.34027722,0.15951586,0.34881765,0.49875176,0.56581295,0.42427891,0.3995815,0.63548636,0.3251729,0.6319729,0.6313149,0.76497,0.6130325,0.4099346,0.6681834,0.45246774,0.296969,0.1541175,0.13536474,0.7405625,0.46250534,0.33407873,0.52544403,0.6006167,0.6283228,0.6774625,0.5360578,0.7632884,0.21882266,0.88162076,0.4808268,0.42777443,0.5058087,0.6621846,0.69635916,0.64873433,0.4121773,0.5367848,0.813054,0.61217296,0.7653923,0.5268826,0.3237313,0.41027233,0.59169996,0.2620695,0.3002135,0.5130344,0.9793541,0.59884346,0.5662772,0.8087419,0.23217568,0.24944842,0.57055926,0.18860501,0.3946048,0.7533424,0.26942623,0.07737759,0.32684055,0.29915556,0.4677291,0.36894396,0.9066557,0.8964726,0.4969179,0.4761554,0.51958907,0.1656655,0.41139606,0.043540448,0.77090096,0.5450319,0.4443923,0.47544247,0.69707346,0.34371683,0.6184461,0.91492903,0.30379093,0.24281499,0.71391153,0.40980542,0.6730171,0.48843667,0.4658553,0.9192853,0.9046557,0.4638565,0.94864136,0.42126757,0.29607072,0.46528295,0.80777836,0.4341812,0.049829833,0.54263574,0.5146985,0.675895,0.4338884,0.1468915,0.58619547,0.35302842,0.44172105,0.33438334,0.6410055,0.31900954,0.85262996,0.34531516,0.6692883,0.22141367,0.7346828,0.99754363,0.38466167,0.25448135,0.37129608,0.78613573,0.22506525,0.95906246,0.52887213,0.4863651,0.23118001,0.484409,0.9271922,0.17022966,0.9828062,0.6485295,0.6693516,0.54993963,0.23450667,0.29902467,0.39188737,0.8430862,0.7963495,0.4681245,0.7955883,0.9127175,0.32004502,0.7957904,0.16404033,0.3629053,0.88228124,0.91434884,0.21425007,0.4235062,0.4019794,0.71161973,0.75969106,0.37473106,0.5408315,0.3892405,0.3995861,0.50565886,0.22517012,0.49900174,0.24368024,0.9731393,0.43920082,0.47067094,0.51482517,0.8766173,0.74162495,0.5480027,0.31612158,0.5442553,0.5533197,0.28198773,0.57103646,0.39789847,0.9516938,0.6301534,0.59169567
BC2026_Train_0009_S09_20250828_000000_45,0.255113,0.28743345,0.7439283,0.45419803,0.6615354,0.12656349,0.58972627,0.93960494,0.5209477,0.6549976,0.39486897,0.68886423,0.56930417,0.21820633,0.47318822,0.5051888,0.14279683,0.44825596,0.22041392,0.24477166,0.43098834,0.19735941,0.49117494,0.5708583,0.16378853,0.20063317,0.827374,0.32414493,0.3801843,0.095896974,0.6005383,0.7203672,0.6878116,0.35311666,0.6693729,0.6045709,0.5248975,0.30599055,0.66797346,0.6948839,0.523071,0.61191016,0.5374683,0.7260754,0.5265352,0.53354734,0.33298612,0.46139297,0.4164455,0.32220313,0.638875,0.6001849,0.6159083,0.6121983,0.42407432,0.37694365,0.6550729,0.9475208,0.42135835,0.17345758,0.7767085,0.47720933,0.17286152,0.19066116,0.58736074,0.47177666,0.41159534,0.21020292,0.45910394,0.36513108,0.57133543,0.5158004,0.82931304,0.41575035,0.6232463,0.48106107,0.12980233,0.310742,0.11164666,0.06694608,0.6333321,0.50606453,0.36374557,0.8368801,0.5972212,0.44484007,0.267812,0.932425,0.93599164,0.04724375,0.83668965,0.5285674,0.78068686,0.80233985,0.49729246,0.8286271,0.87151456,0.355985,0.74996233,0.47926807,0.66185194,0.55436057,0.681431,0.10263122,0.13339326,0.3226502,0.19876844,0.09827867,0.29253632,0.8782721,0.49638444,0.38379106,0.540671,0.19073224,0.12362592,0.46933216,0.15474491,0.6165229,0.7515625,0.08009392,0.074348256,0.39588708,0.17842007,0.5018114,0.22865285,0.9510645,0.99166656,0.27934366,0.39258248,0.6048219,0.42265162,0.64133227,0.09064578,0.69313717,0.24886133,0.24884649,0.60899293,0.30549636,0.18578324,0.22897884,0.99017495,0.22311313,0.24293435,0.31414872,0.30993873,0.8836395,0.66895413,0.6193024,0.96250635,0.9490541,0.4754699,0.99672496,0.34711927,0.47487223,0.56493574,0.78288656,0.39109507,0.08622058,0.6882367,0.48900664,0.90300286,0.731124,0.24219717,0.2506634,0.25793085,0.4179968,0.63938755,0.7877458,0.11958933,0.6245134,0.49174264,0.9149541,0.099135585,0.50219923,0.9892604,0.13836876,0.23473357,0.4145097,0.57713103,0.11604476,0.80581516,0.47283924,0.6850225,0.17729843,0.58874553,0.8884093,0.16259125,0.95354784,0.86286664,0.67885965,0.17325743,0.117707424,0.5625053,0.32500803,0.57504445,0.7628365,0.2651651,0.60703856,0.99166656,0.41342044,0.8008771,0.23614842,0.30124867,0.8420893,0.9762312,0.1465989,0.40904033,0.16326518,0.75255996,0.7046441,0.34597957,0.15939058,0.31538966,0.39833182,0.16838123,0.33220005,0.6063189,0.09340975,0.99084795,0.62093544,0.36158025,0.19058149,0.9201437,0.6379305,0.7719165,0.33974662,0.25015458,0.6016277,0.30228618,0.7410896,0.6943666,0.9174281,0.5013667,0.26689774
BC2026_Train_0009_S09_20250828_000000_50,0.40034032,0.41890797,0.7781541,0.35533342,0.6589229,0.09570908,0.63626224,0.46332833,0.40531963,0.6724427,0.5853032,0.8136333,0.4719444,0.3181566,0.5203365,0.30232096,0.40734404,0.25234064,0.20217933,0.10801382,0.42476162,0.30044317,0.21009357,0.5874649,0.4156165,0.24522333,0.6308067,0.6432328,0.19445434,0.11268957,0.66996825,0.7921283,0.7012383,0.35974166,0.6252354,0.599984,0.55441976,0.34925494,0.768072,0.69692254,0.54024017,0.65941113,0.46715498,0.71445507,0.5742174,0.5826319,0.42863265,0.48123714,0.5564066,0.31729463,0.6058383,0.503195,0.496305,0.6291583,0.46973696,0.51830906,0.6260604,0.6998246,0.43198705,0.3430664,0.58403665,0.18838567,0.30975497,0.16724059,0.6554646,0.5296213,0.1596505,0.49141252,0.3892482,0.39384133,0.6088729,0.9101766,0.59698427,0.46710274,0.5990881,0.6106659,0.14217675,0.34679917,0.29131743,0.14504017,0.5660004,0.7747354,0.46661964,0.8844776,0.40229565,0.47513932,0.31821442,0.9017202,0.77869534,0.06794191,0.79365605,0.74802077,0.80989635,0.80283624,0.5858554,0.5438715,0.74182296,0.37222078,0.8357271,0.23315251,0.7980145,0.16779718,0.52457494,0.19876266,0.32589048,0.35516274,0.6419844,0.30391997,0.23671256,0.6657799,0.2539494,0.56673443,0.6272712,0.36147475,0.06930925,0.45923612,0.41771707,0.45867908,0.7034794,0.15784058,0.11995392,0.7279291,0.2657974,0.40692243,0.564527,0.7617802,0.9081657,0.3649644,0.8230698,0.58701974,0.43886006,0.7272321,0.36827162,0.39247692,0.255822,0.35614526,0.4934681,0.29843426,0.21607922,0.29282975,0.9461526,0.592578,0.58578306,0.28360686,0.30464274,0.7267135,0.5407971,0.51707,0.9036818,0.77916706,0.41331896,0.8745315,0.50432575,0.4366196,0.5750161,0.74615794,0.5911148,0.17598233,0.5668441,0.17601669,0.95171165,0.7872083,0.46488273,0.29552913,0.250322,0.43870038,0.6805438,0.6209319,0.34218192,0.61732167,0.32047552,0.9277273,0.42086616,0.69571567,0.91445553,0.2558644,0.56090075,0.5697916,0.8238131,0.15145808,0.61296856,0.43445575,0.671758,0.64644396,0.527043,0.7622828,0.46382186,0.85736483,0.75527793,0.5300017,0.25361183,0.20454131,0.65924996,0.24687932,0.40028185,0.9541499,0.4896799,0.9307653,0.9666477,0.38651377,0.5935738,0.3037624,0.4536303,0.58813816,0.94787246,0.21991661,0.44907087,0.38815215,0.8846033,0.69445634,0.78989667,0.13621008,0.5800303,0.40081808,0.23833898,0.3669852,0.5313575,0.06576283,0.9354817,0.763175,0.6791369,0.132353,0.49825835,0.30299443,0.7981704,0.3855985,0.31254682,0.66264355,0.4564369,0.73626745,0.6808293,0.718983,0.67781717,0.4576444
BC2026_Train_0009_S09_20250828_000000_55,0.26516223,0.34173024,0.4762155,0.40047505,0.6421479,0.29429185,0.55933,0.2270981,0.564401,0.69892716,0.6134721,0.75729156,0.39977375,0.2277144,0.5967315,0.39386022,0.30762658,0.5267051,0.15456276,0.18681788,0.44513208,0.23539451,0.24743369,0.6300416,0.4349749,0.48212495,0.8321201,0.62595266,0.43617135,0.23460732,0.67491496,0.5948874,0.607075,0.64859164,0.6004854,0.8023217,0.797225,0.41120178,0.7639947,0.47905216,0.5422494,0.6380051,0.55796164,0.7644024,0.51110864,0.5080233,0.32672885,0.524151,0.5244316,0.34071502,0.568385,0.588525,0.5913516,0.62103164,0.3937543,0.5995594,0.6208354,0.3207006,0.6745521,0.16057274,0.5535464,0.26846665,0.24172713,0.18682769,0.494678,0.7530979,0.17650566,0.56847703,0.4670644,0.11628534,0.6763854,0.9386073,0.7459861,0.4973987,0.5900599,0.59845555,0.5672791,0.46889716,0.43328997,0.5164132,0.6424017,0.6150049,0.43036398,0.65039814,0.43213442,0.44223273,0.82189167,0.6050253,0.78216183,0.19132215,0.547646,0.51445025,0.6096238,0.6191974,0.38874382,0.45542914,0.6144752,0.33019027,0.6655535,0.2422513,0.68009245,0.22591034,0.7573739,0.36165425,0.5829592,0.39347416,0.7123042,0.51863414,0.37028298,0.6532724,0.3759561,0.8248958,0.9065167,0.5985281,0.18357682,0.36358327,0.72822964,0.3268221,0.79478365,0.555056,0.33493596,0.5878162,0.48696828,0.37139952,0.74250615,0.2638327,0.2560317,0.5157339,0.9565312,0.8042469,0.43222916,0.8245208,0.380708,0.40840626,0.47619745,0.29658216,0.33554217,0.7507828,0.31577674,0.45254478,0.68558663,0.68164724,0.6472159,0.48218843,0.26512277,0.40292484,0.34519374,0.6381927,0.65163004,0.28422108,0.32648668,0.40642858,0.54891896,0.67195415,0.6691728,0.833852,0.45078504,0.42432225,0.46200696,0.13094367,0.61370665,0.4406317,0.4674754,0.42255574,0.4282907,0.49349955,0.6713073,0.48567635,0.72606665,0.49489212,0.3984098,0.53668976,0.639225,0.8442358,0.47590312,0.3584535,0.4373708,0.30524665,0.9178333,0.3032413,0.40501332,0.88553536,0.4452631,0.7686365,0.4442994,0.54309785,0.35642284,0.71545845,0.730138,0.83508325,0.45601842,0.7468562,0.26151964,0.44895795,0.66104484,0.7915156,0.513223,0.96789783,0.6667426,0.4739063,0.67259777,0.35243782,0.27513748,0.7479432,0.54233843,0.42450514,0.4358018,0.49580616,0.9372752,0.40531334,0.49074244,0.21553648,0.500015,0.6114164,0.4213851,0.78775823,0.60120374,0.09183758,0.6645479,0.72385377,0.7415681,0.4363168,0.38713825,0.4449768,0.37960452,0.5563814,0.5089996,0.59831804,0.30543825,0.48304525,0.5627503,0.5111009,0.6122326,0.7789625
BC2026_Train_0009_S09_20250828_000000_60,0.12633625,0.25311202,0.5711682,0.69546247,0.67831033,0.35068083,0.9185,0.5404483,0.8447766,0.84760344,0.87594426,0.6994831,0.81027335,0.33729792,0.7246537,0.10284692,0.49111703,0.79573333,0.35394627,0.57662916,0.5229025,0.3030355,0.8159604,0.74964494,0.5319793,0.23778084,0.6980231,0.33577538,0.6048894,0.19313695,0.4975416,0.69121426,0.31919664,0.74407995,0.6913728,0.30772585,0.65828985,0.26397753,0.6666483,0.3408769,0.5711368,0.60090137,0.63436997,0.6912143,0.62947255,0.61607957,0.24306041,0.36722067,0.57183325,0.30221865,0.58428496,0.48446828,0.49303663,0.71148497,0.3362193,0.8611043,0.6481979,0.40071708,0.64284205,0.04639325,0.81432617,0.64715415,0.25407144,0.48583794,0.615813,0.9321283,0.5003616,0.21545884,0.3389475,0.052013334,0.6943291,0.94725627,0.943802,0.28664497,0.906339,0.59235704,0.74524647,0.5007659,0.11512333,0.6620922,0.27146673,0.20929709,0.676425,0.870784,0.46486586,0.8588155,0.94977915,0.80441153,0.9173712,0.31175166,0.1567795,0.464405,0.9064063,0.8726328,0.5516883,0.7678791,0.85892415,0.6686412,0.49720725,0.20290057,0.7250626,0.79553324,0.9353667,0.2151368,0.48788014,0.7891228,0.6094589,0.89276665,0.7683235,0.23512542,0.19289207,0.65257835,0.5780606,0.33317858,0.29667583,0.6986547,0.94939166,0.7260033,0.88483745,0.7785665,0.29784,0.4654759,0.31949332,0.8272275,0.50749326,0.21803942,0.094544165,0.3491469,0.901165,0.6246204,0.09765791,0.5005433,0.76100814,0.6137475,0.7954499,0.112162665,0.66129416,0.79678595,0.25788525,0.80510306,0.8957561,0.7403692,0.2622279,0.34270182,0.47400427,0.5275918,0.351125,0.84796995,0.8688076,0.23670608,0.71298146,0.33922356,0.34713304,0.5267006,0.47602138,0.5185416,0.5038533,0.25578648,0.32629845,0.5562934,0.6575101,0.48649916,0.8540479,0.80254376,0.12986816,0.387125,0.20138958,0.4857088,0.58966035,0.7279184,0.8874606,0.5542403,0.46232125,0.79494286,0.43378466,0.6486813,0.45733833,0.2707179,0.48139834,0.39186484,0.7094471,0.7621466,0.15107481,0.6247096,0.18440416,0.73005897,0.4722563,0.91489595,0.81992346,0.8888208,0.34352165,0.9603666,0.17653292,0.23437124,0.6115498,0.43164432,0.3091245,0.9445518,0.34760916,0.6757333,0.66468537,0.64028454,0.10824324,0.68620086,0.33235067,0.1993429,0.44043422,0.12967867,0.8413153,0.523997,0.39523,0.33601648,0.6182475,0.44384432,0.13992997,0.9230283,0.73478675,0.13240583,0.84395516,0.25832623,0.7391944,0.48763734,0.8450153,0.892202,0.31604373,0.6545978,0.88153803,0.9214408,0.53997594,0.45983276,0.9100646,0.80614114,0.46965662,0.6827755
BC2026_Train_0010_S09_20250828_000000_5,0.32082275,0.45005143,0.56891745,0.7456614,0.5983541,0.83412915,0.7581658,0.21358341,0.45376498,0.89169586,0.5307947,0.45610538,0.20087175,0.20112126,0.954777,0.37423083,0.12264375,0.93453753,0.18383642,0.23575208,0.31785333,0.3229404,0.03617625,0.55911,0.19002129,0.8723006,0.21687765,0.7057938,0.5678189,0.84991956,0.594355,0.6444269,0.6949666,0.27105498,0.4973604,0.25000823,0.6576782,0.45991895,0.2638897,0.4423394,0.25895813,0.5372264,0.52624995,0.2716523,0.30277961,0.30214852,0.37544602,0.6574508,0.58810127,0.32002935,0.34914163,0.6051316,0.6040716,0.5573433,0.25384387,0.61045814,0.6943291,0.5481308,0.48304874,0.10188508,0.29775393,0.2969525,0.14031696,0.11532758,0.31514698,0.25553432,0.4556223,0.622045,0.9460332,0.8926291,0.58817905,0.20689626,0.46687517,0.2941725,0.3650438,0.93658954,0.86392295,0.8816062,0.44776952,0.4297808,0.32418448,0.20859209,0.08414467,0.56056833,0.2416448,0.38393125,0.7326291,0.8570504,0.51474285,0.10457174,0.68674296,0.5656455,0.2884556,0.99257547,0.7981684,0.8734833,0.14340058,0.57838523,0.9434587,0.10993309,0.10873546,0.40202463,0.70670533,0.12436084,0.15284042,0.52708113,0.260525,0.03701875,0.068371505,0.758927,0.052049585,0.61709464,0.7703291,0.44365954,0.17276831,0.8240429,0.24114233,0.7535416,0.46296102,0.15273458,0.44838643,0.7575208,0.15104958,0.19333035,0.24643691,0.41319004,0.6210739,0.68557084,0.31196916,0.88278604,0.29353917,0.12856999,0.4263331,0.29358435,0.06749191,0.062418833,0.75001746,0.7869046,0.98800826,0.8529764,0.53826326,0.7295557,0.21336633,0.353725,0.17533338,0.5554271,0.5936437,0.7683638,0.7184134,0.7630128,0.042558752,0.86880916,0.6946166,0.9134166,0.7236583,0.8540437,0.91758126,0.15376148,0.6411887,0.67906666,0.29426292,0.7660583,0.8921771,0.53250366,0.07641191,0.7242134,0.9992916,0.066475496,0.09276658,0.124107085,0.79807496,0.7180963,0.29756248,0.5722636,0.72391766,0.773275,0.53435,0.2923652,0.5109279,0.13335517,0.52283335,0.81789166,0.14239249,0.16860667,0.7408352,0.036949415,0.12675667,0.56791043,0.20188266,0.66931283,0.33702496,0.3510029,0.92368126,0.20940913,0.37062842,0.5306201,0.19988666,0.09742509,0.81596196,0.9950416,0.91382504,0.17726448,0.2780733,0.9482728,0.8406563,0.537657,0.44850725,0.103153825,0.66407704,0.923582,0.93554157,0.21825542,0.2036304,0.6204667,0.88319325,0.645023,0.8324678,0.4660828,0.82208866,0.30239874,0.8347687,0.4353475,0.17272207,0.4872896,0.2393434,0.09792567,0.13849667,0.13447414,0.31093958,0.45061246,0.39686665,0.18228543,0.2785094,0.281504
BC2026_Train_0010_S09_20250828_000000_10,0.23740399,0.6292801,0.7653667,0.383938,0.6377479,0.7301222,0.46667007,0.2444799,0.3504104,0.80618966,0.2713499,0.52929044,0.1885485,0.23003973,0.8785144,0.25307932,0.35123003,0.7196667,0.3107124,0.59716666,0.14445658,0.58537936,0.0635405,0.5697983,0.5893862,0.89327294,0.2991218,0.5448212,0.5203698,0.49562156,0.498425,0.6910105,0.6066333,0.63755,0.62111044,0.5110161,0.5633899,0.56330633,0.31375334,0.6224093,0.5684865,0.66410005,0.4452483,0.38407382,0.35445872,0.3649768,0.37374762,0.58179045,0.5227487,0.51363295,0.4918883,0.4531983,0.43818164,0.59046835,0.37512395,0.6933381,0.6805104,0.45930183,0.36655474,0.53165,0.20516741,0.6290995,0.2647409,0.44327962,0.48215008,0.67489827,0.39987755,0.61334556,0.9364048,0.8097326,0.58866036,0.18331574,0.5704792,0.3607635,0.58634096,0.7436546,0.75851864,0.75150496,0.40745375,0.45421684,0.75014377,0.2965483,0.15619841,0.28511333,0.37064755,0.44063047,0.22221889,0.2526734,0.4424069,0.20184775,0.43397197,0.37279707,0.40048856,0.94309324,0.5612009,0.6355088,0.067968085,0.51106733,0.537953,0.30657485,0.36604217,0.10231767,0.8653041,0.39362538,0.7195151,0.17782016,0.7270178,0.072511256,0.21457125,0.18229109,0.021236083,0.8496834,0.27356064,0.13997756,0.49092007,0.4703711,0.07386934,0.8148643,0.6619563,0.44536132,0.55058885,0.61397254,0.57658327,0.50675833,0.2572829,0.15007585,0.46959743,0.42384055,0.45897663,0.9145584,0.6227231,0.38518125,0.79104984,0.16943006,0.094360664,0.23683831,0.7115117,0.73438233,0.9340183,0.597057,0.7177353,0.5811618,0.7172833,0.7679062,0.12741293,0.31415564,0.5877977,0.7363183,0.8548457,0.7287776,0.26358095,0.33355707,0.8585104,0.7115477,0.6753976,0.7644205,0.8722907,0.71379524,0.6484557,0.42106116,0.15278994,0.5228509,0.5493356,0.7414354,0.1342024,0.6112571,0.9500701,0.2914055,0.049622584,0.18898508,0.513291,0.5645734,0.10941824,0.21974088,0.3014574,0.75136304,0.47332296,0.15468816,0.85017705,0.39622116,0.4052403,0.20534167,0.2928125,0.6346667,0.7708813,0.040236417,0.5766809,0.14524868,0.4197229,0.5413508,0.71994627,0.43899962,0.5660922,0.16212066,0.6138979,0.55093884,0.58285415,0.27452132,0.8751792,0.90646386,0.39751098,0.2305092,0.5740304,0.7458094,0.24284083,0.6371901,0.5434072,0.4711213,0.46655458,0.5716221,0.32904464,0.34672368,0.057253916,0.8777312,0.68527645,0.58748114,0.897852,0.55737084,0.37231898,0.8095521,0.95037496,0.2235385,0.124830574,0.35486835,0.6898901,0.20175016,0.3900083,0.28868318,0.5327413,0.12713975,0.32695487,0.52886957,0.45344856,0.5039236
BC2026_Train_0010_S09_20250828_000000_15,0.37731376,0.6669037,0.72440714,0.2816766,0.6000729,0.5003774,0.42602518,0.16420369,0.10068013,0.9386964,0.42807883,0.37901253,0.19444741,0.37069562,0.8543743,0.115509,0.5271798,0.9141628,0.20678504,0.40940827,0.093307,0.701622,0.17373084,0.6609583,0.60049105,0.7745668,0.39146844,0.37721983,0.18450162,0.31745163,0.44145,0.53110766,0.53419995,0.75812495,0.6752854,0.558701,0.5701175,0.42380565,0.4160377,0.5389616,0.63270456,0.697738,0.4966583,0.30918708,0.4487712,0.4487712,0.45062244,0.4929473,0.6047901,0.50381607,0.5065516,0.48270163,0.47104162,0.60495496,0.46991962,0.7040102,0.6292228,0.49545473,0.67450315,0.46817142,0.5338067,0.5050743,0.49403483,0.51944137,0.2279031,0.7208546,0.3121799,0.63997054,0.69774324,0.7028177,0.5980104,0.4506179,0.30396783,0.317577,0.32063335,0.47841734,0.3149225,0.4650022,0.16891183,0.18685716,0.6541594,0.76956856,0.47983536,0.20666426,0.5189429,0.23331149,0.1483385,0.245663,0.19551626,0.42082214,0.59609425,0.16713865,0.27149934,0.48869744,0.3967185,0.7738175,0.16520849,0.2634011,0.43979666,0.40569168,0.6365362,0.046681583,0.9116847,0.7006743,0.7995582,0.105324246,0.38437164,0.27943483,0.37517914,0.09585641,0.056546085,0.73987,0.130237,0.23394866,0.84819794,0.33899918,0.056375414,0.6164489,0.49233934,0.5334486,0.45303392,0.22433048,0.44378147,0.35217935,0.5041736,0.34267735,0.74720436,0.14114225,0.22537565,0.546273,0.59415853,0.52071875,0.433137,0.15424791,0.312662,0.45497084,0.56994003,0.25180998,0.71684706,0.3613801,0.49195182,0.5270304,0.696805,0.6508858,0.3097852,0.1174469,0.2585885,0.82656527,0.47046039,0.5661998,0.77704954,0.39644122,0.31802005,0.86808914,0.53884256,0.3386404,0.6333935,0.42392653,0.30545202,0.20009997,0.25502682,0.16570474,0.17797008,0.44604614,0.18097533,0.43823376,0.71078074,0.18711583,0.1552765,0.12212775,0.64468896,0.35693985,0.057623748,0.091939256,0.41247863,0.38788545,0.35104817,0.12509891,0.37051913,0.47258747,0.3023041,0.17749,0.2832393,0.58661264,0.37446198,0.0422905,0.5242375,0.10453442,0.20768017,0.9192201,0.87319785,0.4934479,0.3155926,0.44801563,0.40480024,0.25037643,0.47386056,0.31890222,0.69606984,0.62541044,0.19405892,0.63865113,0.3784624,0.18076667,0.21440868,0.63285416,0.471186,0.31258568,0.32870215,0.68362415,0.20534477,0.18725833,0.056739166,0.53089124,0.6015049,0.9472282,0.744633,0.27599192,0.42597026,0.48746458,0.9041244,0.28621,0.035808418,0.58425,0.63511366,0.39059913,0.42280376,0.5021834,0.5270053,0.10796383,0.13804758,0.85285413,0.40411484,0.2437826
BC2026_Train_0010_S09_20250828_000000_20,0.379923,0.41509447,0.5887068,0.2561113,0.54644793,0.17489195,0.5949412,0.3789373,0.10710606,0.94793606,0.68584764,0.62204784,0.15132083,0.21081826,0.7384001,0.1565655,0.48672566,0.6735274,0.07719459,0.11691199,0.17865476,0.8059882,0.34525067,0.6798616,0.35602537,0.5341549,0.19554368,0.35571697,0.22228444,0.40285134,0.55363333,0.47320735,0.5337583,0.5165333,0.68986046,0.592339,0.6202687,0.41164872,0.5566623,0.51887006,0.595193,0.72301745,0.5272217,0.34800032,0.49645337,0.5087245,0.3020574,0.42598194,0.65696,0.4339757,0.51732826,0.515915,0.5187416,0.643115,0.33457547,0.7802701,0.56363535,0.8719561,0.77906734,0.44228435,0.59714216,0.40469334,0.6554698,0.4065265,0.18366066,0.3813814,0.15293351,0.4217817,0.50380504,0.18775998,0.55016035,0.45985812,0.21874247,0.598118,0.322104,0.41699216,0.22558501,0.5147302,0.341122,0.14902008,0.28091392,0.8394667,0.3681479,0.3346824,0.4911582,0.1286,0.29606158,0.6566216,0.31480214,0.26723707,0.6765727,0.3329279,0.20860942,0.35306937,0.3020228,0.6562171,0.41313186,0.2622757,0.6713117,0.11125381,0.45793387,0.12519574,0.7841452,0.6686464,0.60867846,0.4064014,0.35711908,0.4338835,0.27832332,0.42255107,0.22547016,0.7190772,0.34037432,0.7600728,0.63477874,0.6855573,0.056849748,0.6187714,0.60783494,0.32395297,0.29394063,0.17623815,0.18350367,0.27004376,0.5473297,0.64444935,0.7896054,0.12657541,0.38286367,0.6317482,0.26165003,0.60806,0.3963439,0.45995447,0.3797984,0.25736916,0.355625,0.09246232,0.32039914,0.46159697,0.50477916,0.48827726,0.46312466,0.22782126,0.11161274,0.41303766,0.20827147,0.8724313,0.44522917,0.811888,0.56846166,0.788939,0.31551725,0.75286937,0.34609172,0.34809664,0.5832438,0.463517,0.3468213,0.35224897,0.6680389,0.2736376,0.10232551,0.14680584,0.300351,0.42434612,0.52555096,0.33016926,0.22247039,0.26710707,0.6552917,0.5377962,0.07174092,0.26827365,0.73010415,0.114927575,0.2498921,0.40122384,0.26343846,0.23952433,0.08524808,0.71197796,0.3069188,0.4807339,0.2450231,0.18063298,0.22676101,0.33781365,0.07878066,0.9800034,0.32079536,0.22521032,0.4734804,0.69063544,0.39600217,0.30549777,0.23029482,0.44524676,0.73190534,0.4329554,0.4618223,0.70405114,0.18325907,0.08304192,0.57969713,0.24232982,0.4107334,0.22480834,0.41600946,0.7027992,0.37932336,0.09296642,0.054224584,0.63290185,0.57679266,0.93310606,0.6669515,0.27280283,0.7428256,0.30345866,0.58035684,0.86352086,0.12455034,0.57824665,0.50149494,0.16032192,0.42314166,0.33533502,0.40665445,0.14815576,0.28360352,0.5993475,0.4559107,0.18669216
BC2026_Train_0010_S09_20250828_000000_25,0.43355,0.33028978,0.6970039,0.3143931,0.6079792,0.29081988,0.489658,0.20216557,0.34430832,0.95791876,0.63163626,0.61337805,0.35521507,0.40119603,0.6983788,0.2865379,0.50378126,0.6424918,0.14641894,0.21995667,0.5569166,0.7381344,0.13282892,0.663785,0.55999947,0.5576204,0.37711376,0.24903852,0.40241632,0.25444412,0.58834827,0.67847264,0.5606116,0.5457716,0.63156044,0.6351509,0.5925428,0.43578377,0.507363,0.45969123,0.6416747,0.7046695,0.5072583,0.5790877,0.5524799,0.5559859,0.26862577,0.3895191,0.65078926,0.49434975,0.44807497,0.47457498,0.4791683,0.6395816,0.3371326,0.65505314,0.7018229,0.71969724,0.72010887,0.5135959,0.49794352,0.6138333,0.343865,0.59418964,0.49279281,0.44231158,0.15105507,0.65273285,0.67187834,0.08131242,0.65314794,0.708582,0.41138917,0.59069735,0.3160826,0.50263,0.5351173,0.5087043,0.44326136,0.068959005,0.2890436,0.76464254,0.23832555,0.6982329,0.5321903,0.27319467,0.24117133,0.57187593,0.60305196,0.38520354,0.8053987,0.69171244,0.40648538,0.28655788,0.40101963,0.9001905,0.42344463,0.22262794,0.25752077,0.13945858,0.4664677,0.318227,0.9018217,0.6205265,0.6736518,0.5049968,0.36520714,0.60898995,0.29962927,0.47988945,0.37673298,0.5792801,0.6612755,0.5051914,0.6085479,0.61038035,0.17637134,0.82762223,0.62501097,0.18338585,0.36771822,0.080357574,0.36568737,0.4226237,0.5203202,0.6379291,0.35085875,0.116357334,0.6105833,0.7568755,0.28677642,0.6846667,0.24680367,0.39085865,0.34520793,0.1942544,0.5290235,0.24411926,0.14561984,0.2201384,0.8712083,0.48591623,0.4279063,0.279255,0.18568945,0.7100854,0.17050439,0.647521,0.18090975,0.70801866,0.65215623,0.6671169,0.48601663,0.5694571,0.49836266,0.40994617,0.50272983,0.59942293,0.4083487,0.15247998,0.6155659,0.46364453,0.099520996,0.23634276,0.32401666,0.43729603,0.61550784,0.18346424,0.41460723,0.11172092,0.61620516,0.6070518,0.12662983,0.6581021,0.7099923,0.18419398,0.39769664,0.4092468,0.60760665,0.38046306,0.091473,0.743126,0.52758336,0.6201288,0.38854954,0.44770414,0.39895856,0.22362967,0.159107,0.9942687,0.21113259,0.28279102,0.31428552,0.40826905,0.54658395,0.65196043,0.36218166,0.75086796,0.6851805,0.6884483,0.45069757,0.7603625,0.09415474,0.3403476,0.48391706,0.25673658,0.4597053,0.556199,0.28280658,0.4563883,0.2426194,0.18493575,0.11227299,0.6580818,0.6546874,0.81081736,0.5840988,0.26638913,0.615842,0.39361382,0.50513726,0.7848129,0.46474624,0.61285746,0.74626243,0.13417163,0.30496734,0.42055392,0.39488894,0.15369967,0.41653192,0.68543106,0.5593229,0.52760625
BC2026_Train_0010_S09_20250828_000000_30,0.3151091,0.45631644,0.4859225,0.38411677,0.5914104,0.45941365,0.47060674,0.22126631,0.17019853,0.78432584,0.79043955,0.64579654,0.53083944,0.49608165,0.57547283,0.2563091,0.47859332,0.7248432,0.43501782,0.33046076,0.483261,0.56797206,0.2768626,0.63763833,0.5809358,0.57267237,0.45966372,0.47967708,0.41085634,0.3460211,0.638345,0.6329084,0.53004825,0.7153716,0.6125854,0.63780123,0.7323953,0.3714235,0.46535337,0.4138459,0.6282195,0.6950877,0.58304834,0.6092599,0.50507826,0.50451726,0.3210079,0.42205518,0.5753393,0.40200064,0.57810163,0.6121983,0.5975349,0.6731483,0.3407856,0.6846998,0.5805479,0.7596592,0.6296742,0.5938913,0.46266586,0.60485893,0.2375138,0.38846418,0.44014588,0.6197653,0.30184722,0.8849561,0.457519,0.23363999,0.6090104,0.57775944,0.28024033,0.57702833,0.61845917,0.57969457,0.4229608,0.4024334,0.47106808,0.2250525,0.19430691,0.76066583,0.17263874,0.42904913,0.3851365,0.71424997,0.46250498,0.52362555,0.41162574,0.4612104,0.6419753,0.6055755,0.34652692,0.4220772,0.35765794,0.6765249,0.43668884,0.5290683,0.1942451,0.068975,0.32762444,0.4101187,0.93560004,0.36383754,0.57395464,0.422632,0.45290992,0.39132166,0.22781867,0.29023498,0.1921044,0.9188162,0.514205,0.43274677,0.33033684,0.41000098,0.19590224,0.7891749,0.7719833,0.17778008,0.32805184,0.20231292,0.31166065,0.19030984,0.5490692,0.40400463,0.35697398,0.22288099,0.32603997,0.71623886,0.08551609,0.6146973,0.52467024,0.13081032,0.35498127,0.31455103,0.4716456,0.7874062,0.1525805,0.25794223,0.62840194,0.62087154,0.20980142,0.27526614,0.1836024,0.55793643,0.19141492,0.7368035,0.20320399,0.5075671,0.52700955,0.53693,0.19067131,0.6882971,0.32753474,0.3106409,0.5152377,0.30152133,0.5353009,0.10055532,0.4742136,0.2839133,0.22802506,0.51108366,0.24095091,0.6327476,0.8201663,0.26718706,0.50810206,0.16559741,0.46024776,0.59383714,0.24482118,0.5175444,0.49814588,0.14754616,0.20461924,0.56611544,0.5223907,0.4272954,0.15514183,0.31014174,0.25442192,0.37637302,0.28708464,0.2838298,0.5510051,0.38107032,0.24259283,0.9557984,0.15066233,0.11803225,0.4284242,0.29285267,0.5213865,0.50823665,0.18449149,0.7525021,0.5236978,0.64138955,0.61826944,0.49523786,0.18803549,0.6345666,0.5517635,0.43852022,0.42314732,0.5255029,0.11806716,0.52598315,0.37339598,0.3599711,0.18890992,0.22547589,0.47124913,0.92218274,0.8763122,0.13163117,0.6919345,0.3054644,0.80519843,0.71693695,0.36375415,0.62178564,0.61831456,0.40812457,0.39399138,0.406098,0.37809741,0.11985633,0.13246323,0.5421542,0.28070807,0.6285687
BC2026_Train_0010_S09_20250828_000000_35,0.19139099,0.47066242,0.5499349,0.59068745,0.5207354,0.42138126,0.8400843,0.72097653,0.19872046,0.95104086,0.77641,0.42209393,0.72847074,0.58604884,0.6173543,0.22217125,0.46796453,0.76861185,0.5347229,0.5243354,0.35656148,0.81958616,0.5521833,0.6374616,0.55380714,0.50936997,0.62952685,0.5095934,0.4589524,0.3565701,0.5622016,0.6312775,0.59559166,0.63357496,0.7086979,0.34343407,0.6999805,0.3647193,0.36270368,0.5513618,0.6320929,0.6490138,0.60725164,0.5375004,0.36469635,0.37535468,0.44794077,0.56804675,0.6648135,0.4510852,0.60230494,0.6395816,0.6436449,0.638345,0.3493702,0.7449653,0.5981479,0.6366041,0.77336043,0.6687938,0.78971255,0.556289,0.19586,0.30387485,0.62316567,0.65464485,0.76832914,0.91113746,0.25690767,0.35328522,0.5619854,0.48870775,0.07554142,0.55840504,0.75789195,0.59052205,0.35417956,0.15174592,0.81256527,0.43049997,0.22151609,0.40525925,0.17943208,0.47995237,0.5317628,0.6894747,0.31078815,0.827502,0.23077199,0.1060165,0.841275,0.5661183,0.1904055,0.37185824,0.7426634,0.54045165,0.6248937,0.43540835,0.6924527,0.08082709,0.2461428,0.1532999,0.74391603,0.32327062,0.7267964,0.792067,0.21149808,0.460921,0.11743308,0.31902447,0.16218068,0.93240833,0.19859967,0.42941663,0.07198133,0.61779666,0.25117084,0.6310866,0.55932415,0.14725925,0.70068026,0.3351643,0.1705294,0.14520149,0.7024333,0.5304761,0.8914914,0.33178908,0.18564342,0.82175004,0.11601225,0.23342642,0.6667788,0.06909525,0.5791335,0.07857767,0.70420504,0.686785,0.22870699,0.28940946,0.671027,0.38223976,0.08935582,0.13533634,0.4856258,0.6759076,0.14036,0.6917421,0.5028382,0.8076468,0.5408647,0.86885154,0.17341076,0.75009793,0.32337037,0.48353672,0.37143138,0.28311288,0.5710189,0.39205468,0.789615,0.27702516,0.44050866,0.33330184,0.16756058,0.60044664,0.8861261,0.12392583,0.14439033,0.23494141,0.7068689,0.7369312,0.2531045,0.29893535,0.56359863,0.26618713,0.10615408,0.66693544,0.23585093,0.2782404,0.048876334,0.27025476,0.06687708,0.15319742,0.40356606,0.22387457,0.35162833,0.31990108,0.14482716,0.8824081,0.17166618,0.23199415,0.92889917,0.29905275,0.21622266,0.14456707,0.20125341,0.33907613,0.7831487,0.5894075,0.45807076,0.5023062,0.36997887,0.42295608,0.8133758,0.35829616,0.43998128,0.52778506,0.19664642,0.5035548,0.65241253,0.2958287,0.3860833,0.056265168,0.64797455,0.9010501,0.5610001,0.044188753,0.7888604,0.2855676,0.7244352,0.43036908,0.4595482,0.5271545,0.5126615,0.508315,0.56425,0.62663543,0.22365367,0.22119106,0.22517541,0.4581241,0.24210349,0.29820585
BC2026_Train_0010_S09_20250828_000000_40,0.3194934,0.4655778,0.53108937,0.57727623,0.601998,0.21136332,0.75371224,0.77561665,0.09317767,0.8893589,0.45832637,0.43065464,0.40478492,0.34911746,0.68674,0.4525833,0.37681955,0.52202535,0.16762608,0.3711871,0.37207398,0.72514,0.543562,0.68427825,0.3385029,0.58672446,0.63664687,0.386083,0.75626665,0.7471394,0.5971816,0.69019496,0.617145,0.57836664,0.6120354,0.3539365,0.69712645,0.442488,0.2883649,0.61802614,0.64493656,0.739123,0.6406416,0.6249577,0.32963592,0.3439406,0.5346484,0.5575286,0.6542954,0.50136185,0.53782165,0.6206783,0.6217383,0.6576016,0.32032874,0.72354007,0.5942979,0.3566334,0.8189741,0.39032376,0.657616,0.38343358,0.21640688,0.19150975,0.569962,0.3440093,0.758048,0.5987227,0.498841,0.48796675,0.6532853,0.327261,0.066903085,0.419645,0.8188158,0.8674592,0.56094337,0.17249666,0.8429187,0.3977329,0.1261825,0.27695042,0.12748274,0.6936541,0.31259912,0.61580527,0.22447583,0.6985787,0.080607,0.016940083,0.79453915,0.39249858,0.28784114,0.48159236,0.85466456,0.54230714,0.5201096,0.2118569,0.7193738,0.2939799,0.45697603,0.1655178,0.4720561,0.48636788,0.65585005,0.9163416,0.16314542,0.4194721,0.25250566,0.48361874,0.40558332,0.69290257,0.25013822,0.51825,0.092512175,0.5916716,0.20389564,0.4716182,0.5630339,0.07843758,0.7521688,0.4653033,0.123593494,0.15315449,0.5103269,0.41216102,0.8179532,0.4550391,0.18967265,0.7206806,0.42335457,0.27624357,0.33963382,0.12282449,0.6441,0.049706005,0.9574329,0.8727292,0.3830945,0.19925201,0.43949634,0.25216824,0.14869408,0.2074655,0.9237016,0.67401326,0.20405784,0.8489285,0.6936774,0.8232707,0.42496803,0.7698413,0.38247496,0.8763725,0.3668973,0.6413648,0.47226664,0.3646317,0.8185792,0.26822186,0.74041706,0.39200625,0.27363077,0.3263681,0.21249174,0.5749602,0.7497403,0.30313304,0.08958967,0.17643248,0.6828183,0.4587565,0.17719957,0.41118363,0.61589026,0.501555,0.31455365,0.3760484,0.1342295,0.31459266,0.052344162,0.32584283,0.14961573,0.1888529,0.9025687,0.23600274,0.43884173,0.48537084,0.3412754,0.8549488,0.384125,0.38223672,0.79435104,0.5397583,0.10579992,0.11150207,0.19951065,0.2905486,0.78953695,0.6993805,0.41846946,0.24151473,0.4754484,0.11359559,0.6598669,0.2823541,0.6614448,0.6181375,0.39977315,0.43380156,0.6657094,0.48163542,0.12509276,0.042727835,0.71292734,0.7191184,0.44708118,0.081163675,0.7958547,0.11591808,0.675053,0.42521563,0.552575,0.53872764,0.6559738,0.3625224,0.25756866,0.45667672,0.2637029,0.2595784,0.43638545,0.3749781,0.24297322,0.2754396
BC2026_Train_0010_S09_20250828_000000_45,0.27668142,0.47029924,0.33350074,0.3714235,0.64792293,0.17591065,0.312195,0.31200093,0.084580995,0.88625586,0.609637,0.414513,0.091532916,0.4423624,0.58427846,0.2498575,0.43961483,0.68158484,0.11782583,0.32863232,0.34092206,0.2552451,0.68424994,0.71572495,0.352136,0.6397701,0.59021544,0.49360657,0.7624986,0.7450032,0.5281049,0.73993844,0.54312164,0.7669583,0.58962286,0.68356925,0.7162899,0.34013724,0.32909596,0.5978434,0.58866936,0.75359744,0.6530083,0.66511935,0.50031,0.51489514,0.46957296,0.5690285,0.50171244,0.40179026,0.55372167,0.5947083,0.5915283,0.62350494,0.43229362,0.64130366,0.6015854,0.5256457,0.60255045,0.49788323,0.24600491,0.31039822,0.33802977,0.2717598,0.5032946,0.49597865,0.4344505,0.7089808,0.49374673,0.4793593,0.6393979,0.5346319,0.30853975,0.25821367,0.5399324,0.83257556,0.48094413,0.1304476,0.47561964,0.4216333,0.088505164,0.19277668,0.25536984,0.56301385,0.18193549,0.34553882,0.08684825,0.33732584,0.1164255,0.03975308,0.5762379,0.20628172,0.2979291,0.66582894,0.5771725,0.23338577,0.3845469,0.37640244,0.22151834,0.3439622,0.50445694,0.09100499,0.4642961,0.29073578,0.57680297,0.3815191,0.32933766,0.41756523,0.3201677,0.283193,0.20200467,0.91813713,0.18364333,0.18010734,0.2775779,0.19354841,0.17846583,0.3398011,0.30389577,0.07989475,0.52648175,0.2653241,0.088178,0.053566836,0.59080374,0.10974409,0.4718874,0.54270005,0.23650306,0.6744951,0.2616951,0.11179082,0.38094097,0.15321842,0.27052775,0.13972808,0.7570078,0.5946454,0.24068502,0.14718367,0.53391117,0.3153597,0.06760025,0.6521699,0.69328785,0.53467405,0.19063985,0.74254,0.5542253,0.33909518,0.5168481,0.2351217,0.14235201,0.84620345,0.48535538,0.36740705,0.33140376,0.5391389,0.68859,0.106454246,0.1657536,0.09420874,0.376798,0.29590455,0.16598082,0.5587847,0.8406801,0.42321873,0.15363167,0.25385967,0.30574697,0.26705983,0.23811758,0.19495276,0.2992259,0.26244783,0.14396158,0.34784198,0.080043,0.26210326,0.17301318,0.45965198,0.065195076,0.15542209,0.6618345,0.088124245,0.27535027,0.3724088,0.21509048,0.67531717,0.16950308,0.4443391,0.2581777,0.37642992,0.19640182,0.043300666,0.18901022,0.29339626,0.4259249,0.6393602,0.24157727,0.14197206,0.2069215,0.2495816,0.40143874,0.23111475,0.55794346,0.5578891,0.41027793,0.3308624,0.27839217,0.35105133,0.05509434,0.140221,0.693356,0.87656766,0.38296825,0.24360085,0.46653444,0.124100566,0.56044436,0.13345891,0.44516578,0.32432532,0.51298386,0.50428694,0.2712561,0.4038698,0.33817077,0.13800274,0.20443766,0.6949725,0.26334435,0.13651457
BC2026_Train_0010_S09_20250828_000000_50,0.255673,0.4900931,0.57344437,0.35837266,0.5828854,0.13407391,0.32674783,0.24637917,0.11130187,0.90925515,0.65421736,0.697754,0.041897997,0.3066267,0.63430876,0.06199725,0.33559492,0.6769725,0.28221676,0.2656274,0.5725188,0.17890193,0.5286893,0.72190833,0.3160412,0.33115914,0.24262886,0.5889773,0.28958353,0.42851657,0.4521383,0.6630807,0.41274166,0.76254165,0.6354104,0.6631826,0.74055004,0.27202255,0.4971346,0.5331168,0.63841283,0.64228624,0.61661494,0.54151875,0.5244315,0.5327059,0.30902976,0.4806762,0.5456081,0.40298232,0.59930164,0.5729783,0.5528383,0.65141827,0.38242996,0.6970452,0.61024785,0.731145,0.7280877,0.5805972,0.2884118,0.40589914,0.1995588,0.13231659,0.59671843,0.7134546,0.28588915,0.5331247,0.49713105,0.19730265,0.6190479,0.47449756,0.34354272,0.12841007,0.25524455,0.7013725,0.44981065,0.34965006,0.38892442,0.26354635,0.06848909,0.46342328,0.25630465,0.18453981,0.2904886,0.33258888,0.22463559,0.31547332,0.037095837,0.074756086,0.645599,0.48193756,0.2702095,0.49515623,0.59298444,0.1867389,0.3751442,0.43609205,0.24072376,0.3646883,0.37075508,0.13402608,0.92653954,0.24924213,0.5743661,0.13291366,0.32094884,0.29358482,0.103206076,0.396926,0.1321364,0.75556695,0.4159862,0.10801149,0.118337415,0.24544576,0.13933566,0.39267632,0.15624534,0.157409,0.19885983,0.18174984,0.08759817,0.040964335,0.54642767,0.13857116,0.573704,0.194618,0.3743027,0.573447,0.144124,0.095521666,0.2552756,0.19554201,0.13042107,0.12657534,0.4097625,0.55417705,0.3385649,0.16143304,0.63809085,0.5236762,0.029857833,0.6028273,0.23027566,0.31015557,0.42100102,0.7881407,0.42319608,0.30171567,0.24718085,0.260129,0.04474691,0.7344941,0.19190699,0.18258072,0.4414509,0.2690329,0.5370809,0.16247326,0.2180866,0.07330584,0.3016435,0.53964436,0.27514926,0.5247826,0.84682107,0.12660775,0.33692998,0.20799401,0.4173444,0.4190869,0.1578935,0.15785849,0.274881,0.23353899,0.06602725,0.2597951,0.08684883,0.32499808,0.4191742,0.35355037,0.05469033,0.15494776,0.20267157,0.11677541,0.29706866,0.16177058,0.29719183,0.818819,0.19195125,0.16441733,0.2505505,0.28183427,0.23904325,0.043782584,0.11964916,0.53209215,0.4491781,0.5383704,0.39641643,0.21659967,0.1861734,0.3891735,0.44075763,0.2649176,0.4920955,0.4825716,0.35135975,0.59111977,0.3661378,0.4322964,0.24084216,0.15528549,0.49679342,0.9471599,0.79872406,0.20260918,0.594257,0.13163342,0.8684967,0.08288917,0.17230126,0.3814389,0.69608915,0.2624128,0.43387666,0.32379597,0.4323414,0.08607808,0.025472835,0.649098,0.1640965,0.3937831
BC2026_Train_0010_S09_20250828_000000_55,0.36284158,0.33074376,0.59419316,0.5274973,0.49488539,0.25226524,0.63014424,0.50111634,0.103606194,0.8819536,0.65773237,0.8004082,0.09591716,0.39575115,0.8700309,0.12873308,0.42520773,0.6586384,0.5140796,0.08845283,0.45112756,0.550419,0.402672,0.693465,0.4494848,0.4186083,0.30891913,0.6354231,0.26089063,0.3364815,0.6136116,0.47960013,0.5054916,0.39286667,0.6135479,0.34800032,0.7438119,0.36319965,0.4606045,0.40279552,0.63372386,0.714659,0.59700495,0.62618077,0.42457953,0.42808557,0.26522896,0.5416813,0.659905,0.387135,0.6164383,0.5756283,0.5750983,0.7022983,0.2668121,0.9266937,0.52458537,0.90059483,0.67441875,0.27723032,0.59605724,0.41856676,0.15296538,0.198293,0.46768302,0.6084417,0.38925683,0.42358878,0.59956044,0.2356539,0.5850854,0.658053,0.11415358,0.21150467,0.18392529,0.49702096,0.28540587,0.21411783,0.5553241,0.27822983,0.18574557,0.45945433,0.085898735,0.24756613,0.52232915,0.4894651,0.5285747,0.8057656,0.08725307,0.11807958,0.87520504,0.696022,0.35330313,0.3292143,0.50512516,0.57766753,0.55325055,0.3516416,0.7940457,0.1481265,0.22124283,0.10448483,0.8567959,0.2825213,0.47654894,0.36917374,0.29578096,0.35339415,0.15214184,0.7370278,0.14269868,0.5864214,0.25818592,0.2646956,0.078942,0.7966554,0.101180755,0.63314325,0.34386283,0.4671169,0.21071188,0.3906081,0.07528558,0.14632833,0.6646066,0.59500986,0.84735835,0.15796167,0.11831174,0.8181857,0.4560566,0.12539326,0.13547204,0.56432295,0.14615843,0.32865047,0.6102845,0.214546,0.16466536,0.38311845,0.40131274,0.62714946,0.07868808,0.24806993,0.25005358,0.5701993,0.5729688,0.66660225,0.66748065,0.775118,0.21121341,0.8978221,0.157078,0.41708267,0.18865281,0.48734114,0.30551392,0.16918325,0.4361909,0.13130426,0.8890922,0.30007732,0.07840275,0.3445687,0.13868134,0.6265119,0.79768366,0.09630358,0.3662014,0.3969167,0.69239676,0.6469649,0.17423531,0.20926082,0.60860425,0.19579656,0.14934576,0.13392492,0.35388252,0.27559158,0.2007329,0.547195,0.04511717,0.06430542,0.063724585,0.371055,0.44002023,0.22884949,0.18501875,0.95289165,0.1553495,0.15172017,0.6479039,0.23013441,0.23139723,0.12136191,0.09479157,0.40810418,0.78221446,0.8955145,0.47960472,0.56949353,0.21149807,0.39835125,0.8949083,0.18744059,0.41375154,0.4719689,0.39962414,0.9095683,0.8731914,0.40577692,0.33376342,0.34825522,0.44019723,0.90257835,0.91302425,0.32105324,0.9383811,0.1764805,0.8913298,0.23836565,0.33239147,0.6128651,0.6836772,0.07554059,0.21150532,0.40877315,0.5064138,0.25619408,0.060660247,0.3602184,0.33538297,0.6199332
BC2026_Train_0010_S09_20250828_000000_60,0.39840984,0.40102088,0.6914282,0.64414597,0.4466916,0.38621745,0.9152458,0.34673506,0.060391996,0.9472234,0.3367184,0.8618729,0.15490717,0.8359791,0.8742721,0.32273084,0.25699624,0.91079783,0.48864055,0.118124574,0.23070207,0.87325,0.734475,0.6711166,0.17017262,0.6250986,0.7088367,0.44842792,0.81998533,0.31598225,0.6308366,0.5548275,0.64028823,0.29826164,0.66655415,0.24836439,0.6417766,0.3353102,0.41759023,0.5215184,0.5865287,0.77826536,0.5700633,0.5106507,0.49743503,0.4978558,0.3729431,0.47738048,0.68739235,0.3636445,0.60045,0.5482449,0.5690033,0.68489665,0.29740608,0.8271414,0.5765604,0.94923544,0.9060999,0.2972051,0.39937723,0.18117999,0.4034175,0.20266926,0.5576959,0.7542716,0.69846976,0.60809135,0.8270229,0.59548914,0.5909979,0.741075,0.07623683,0.73435414,0.3633779,0.47505125,0.26429167,0.20692083,0.23738156,0.07148708,0.31232405,0.74193954,0.038083,0.26461166,0.29277566,0.37211335,0.5344712,0.9889229,0.36148334,0.3821426,0.37052006,0.63930476,0.10229266,0.3470904,0.83432704,0.74542457,0.30527058,0.2972525,0.9929166,0.18769726,0.28949448,0.033240084,0.4817574,0.59383833,0.5164412,0.72193944,0.64512503,0.7931917,0.31200856,0.7638207,0.3591204,0.15849134,0.045579165,0.19327416,0.09778874,0.93756866,0.082759,0.3460691,0.50111055,0.6845541,0.6472477,0.27690542,0.11342958,0.10440908,0.44424734,0.6679772,0.6996931,0.2025229,0.13213749,0.81793314,0.69524586,0.13926001,0.12244867,0.57007515,0.16709816,0.10162799,0.9429125,0.08200875,0.26764956,0.13988729,0.22278124,0.5808504,0.102008834,0.32307163,0.62386405,0.6420147,0.19021498,0.7712867,0.5296909,0.89725614,0.1189279,0.94623953,0.67365,0.2669404,0.3755471,0.6469554,0.23026541,0.11139274,0.2255129,0.28510496,0.8073076,0.13008457,0.05234625,0.05499325,0.17327733,0.6945869,0.7202899,0.19584382,0.34985992,0.15120041,0.79920244,0.4422477,0.17665958,0.14772034,0.564056,0.078990825,0.039787505,0.07579766,0.35321745,0.19573057,0.032746665,0.49864203,0.116111666,0.03814792,0.20522732,0.41798276,0.7117937,0.54609746,0.0805435,0.90318614,0.21217999,0.13937166,0.631673,0.4134554,0.3314005,0.30492592,0.3128758,0.56479716,0.6781822,0.79814494,0.3356525,0.48316532,0.64297074,0.26915374,0.75404507,0.09773082,0.41389602,0.29607216,0.8670979,0.9964583,0.6937891,0.47108537,0.35708416,0.13780175,0.47156966,0.87092066,0.4183303,0.25081325,0.9682895,0.25402376,0.71062785,0.28040168,0.42354375,0.561877,0.18712091,0.090901,0.30734834,0.49922666,0.6539645,0.33597958,0.256135,0.14520541,0.17535025,0.3412944
