row_id,1161364,116570,1176823,1491113,1595929,209233,22930,22956,22961,22967,22973,22983,22985,23150,23154,23158,23176,23724,24279,24285,24287,24321,244024,25073,25092,25214,326272,41970,43435,47144,47158son01,47158son02,47158son03,47158son04,47158son05,47158son06,47158son07,47158son08,47158son09,47158son10,47158son11,47158son12,47158son13,47158son14,47158son15,47158son16,47158son17,47158son18,47158son19,47158son20,47158son21,47158son22,47158son23,47158son24,47158son25,476521,516975,517063,555123,555145,555146,64898,65377,65380,66971,67107,67252,70711,738183,74113,74580,760266,ashgre1,astcra1,bafcur1,baffal1,banana,barant1,batbel1,baymac,bbwduc,bcwfin2,bkcdon,bkhpar,blchaw1,blheag1,blttit1,bncfly,bobfly1,brcmar1,brnowl,bucmot4,bucpar,bufpar,bunibi1,burowl,camfli1,chacha1,chbmoc1,chobla1,chvcon1,cibspi1,coffal1,compau,compot1,crbthr1,crebec1,dwatin1,epaori4,eulfly1,fabwre1,fepowl,ficman1,flawar1,fotfly,fusfly1,gilhum1,giwrai1,glteme1,grasal3,greani1,greant1,greela,grekis,grepot1,gretho2,greyel,grfdov1,grhtan1,gycwor1,horscr1,houspa,hyamac1,larela1,lesela1,lesgrf1,limpki,linwoo1,litcuc2,litnig1,mabpar,magant1,magtan2,masgna1,nacnig1,ocecra1,oliwoo1,orbtro3,orwpar,osprey,pabspi1,palhor3,paltan1,phecuc1,picpig2,pirfly1,plasla1,platyr1,plcjay1,pluibi1,purjay1,pvttyr1,ragmac1,rebscy1,recfin1,redjun,relser1,rinkin1,rivwar1,roahaw,rubthr1,rufcac2,rufcas2,rufgna3,rufhor2,rufnig1,ruftho1,ruftof1,rumfly1,ruther1,rutjac1,sabspa1,saffin,saytan1,scadov1,schpar1,scther1,shcfly1,shshaw,shtnig1,sibtan2,smbani,smbtin1,sobcac1,sobtyr1,socfly1,sofspi1,souant1,soulap1,souscr1,spbant3,spispi1,sptnig1,squcuc1,stbwoo2,strcuc1,strher2,strowl1,swthum1,swtman1,tattin1,thlwre1,toctou1,trokin,trsowl,undtin1,varant1,watjac1,wesfie1,wfwduc1,whbant2,whbwar2,whiwoo1,whlspi1,whnjay1,whtdov,whwpic1,y00678,yebcar,yebela1,yecmac,yecpar,yehcar1,yeofly1
BC2026_Train_0001_S08_20250606_030007_5,0.0045582303,0.5175926,0.0011648227,0.00052185415,4.537182e-08,0.041708436,0.0007162034,0.0033639993,0.0013403511,5.596564e-05,0.011894392,0.0012311917,0.0002686607,1.8609173e-08,3.017799e-07,0.00056540204,0.000956553,5.4623415e-05,0.004547162,0.009217086,0.009784567,5.927015e-06,0.008799682,0.00064773747,0.21289352,7.3643546e-06,0.0022179475,0.1784998,0.016801698,0.07320408,0.1288172,0.0024786347,0.06388314,0.008445578,0.046022963,0.00715385,0.020618837,0.0077139945,0.0006259256,0.66964114,0.035314202,0.00081240054,0.7901438,0.0073868996,0.008400757,0.008400757,0.67243075,0.013518214,0.0073330933,0.011107479,0.6308385,0.6836608,0.6836608,0.0015014717,0.9490067,6.695014e-08,0.0014807633,3.417304e-05,2.5632356e-05,0.02189946,0.025308304,0.000101887024,0.02509217,0.106689215,0.00063013984,0.00041710775,0.006072662,0.00018126183,0.00017273557,0.0077099735,0.0010913493,9.372837e-05,0.014886385,0.039453935,0.073714815,0.018631166,0.021082401,0.22904593,0.055406533,0.031943727,0.025902351,0.005042661,0.106431454,0.0074609607,0.025957538,0.13029899,0.096359506,0.123152606,0.058338948,0.019086773,0.22079597,0.15638661,0.01613668,0.010850363,0.02777957,0.05163722,0.06486654,0.082585774,0.07719469,0.06313664,0.07254759,0.0075958427,0.24577145,0.79143125,0.8512716,0.05572076,0.03338694,0.021443022,0.079142645,0.0730058,0.06745614,0.49214664,0.04099275,0.10293867,0.03673673,0.2011714,0.040446214,0.03288543,0.00680405,0.16480169,0.10966502,0.21442501,0.2204104,0.14521696,0.36630517,0.050644364,0.13289292,0.024968881,0.025798721,0.017472874,0.035401233,0.19940042,0.034309648,0.04811095,0.14050837,0.022506457,0.17158124,0.27861005,0.07515304,0.05474814,0.0023894247,0.013267513,0.068249024,0.045311715,0.053111333,0.15632012,0.20928086,0.0064010015,0.11718467,0.15266289,0.024723168,0.11286903,0.061502267,0.073759355,0.017611954,0.032321323,0.009023288,0.022209328,0.027273154,0.023218056,0.010247595,0.08473586,0.048906263,0.22675547,0.04665333,0.13824174,0.028833259,0.028097171,0.038531616,0.45692343,0.16999407,0.0011199162,0.076359086,0.081979394,0.09428952,0.4046072,0.014487415,0.07372706,0.10285193,0.35089207,0.40088415,0.0050990214,0.020835303,0.01977972,0.017228598,0.009928495,0.0016356353,0.05946925,0.11700073,0.17929967,0.062119022,0.17024843,0.040069345,0.14306979,0.08028532,0.043110345,0.068151005,0.12818567,0.08525561,0.024956252,0.07435273,0.028674237,0.026252573,0.12610877,0.07282913,0.67963654,0.067503765,0.6922596,0.014005132,0.057040777,0.07363626,0.101923995,0.03443727,0.06477014,0.83083427,0.4931848,0.040219817,0.043104935,0.05426209,0.036618523,0.017309792,0.022070238,0.014633301,0.0125931455,0.0050227293,0.29027677,0.031190043,0.03826127,0.006363115,0.25676185,0.0068305028,0.005685448,0.058928296,0.2260792
BC2026_Train_0001_S08_20250606_030007_10,0.005564352,0.517012,0.0009651907,0.00050519913,3.490423e-08,0.043575265,0.0005983901,0.0036967646,0.0012564238,5.6626686e-05,0.014399342,0.0010320875,0.00027849598,1.9679728e-08,2.7352272e-07,0.0005085991,0.00032461874,6.014896e-05,0.003417977,0.007868992,0.00947653,5.6724803e-06,0.008533449,0.0009720424,0.19737868,6.9232237e-06,0.0019821206,0.18928638,0.016690342,0.07424067,0.12128631,0.002286463,0.057251923,0.0083648125,0.046015445,0.0064879055,0.01793604,0.006951504,0.0005778939,0.6802503,0.03298842,0.0007444676,0.7875885,0.0065402417,0.0071072914,0.0071072914,0.6668498,0.012302766,0.006919802,0.010436165,0.6254718,0.6782601,0.6782601,0.0014015147,0.9466374,6.276517e-08,0.0014721437,4.138633e-05,2.3171648e-05,0.024394749,0.030217161,0.00011658458,0.024509821,0.07782849,0.00062792527,0.00040263127,0.0063613453,0.00015927265,0.00017779444,0.0076990216,0.0010912755,0.00012079303,0.019997599,0.042691976,0.075891234,0.018521115,0.024679383,0.1616848,0.074933924,0.03952234,0.02333109,0.0045686318,0.11496806,0.0070243464,0.020722086,0.1479582,0.16528969,0.08520625,0.09483468,0.01857,0.20227969,0.16254623,0.024366925,0.011490073,0.04129617,0.0758786,0.029597493,0.06638172,0.043832105,0.027697524,0.060317297,0.006319922,0.27841538,0.783998,0.85092926,0.033686616,0.027971141,0.023164144,0.045247518,0.076736726,0.05783794,0.5609621,0.04046106,0.12715636,0.02174161,0.16700485,0.061969947,0.043134112,0.008838934,0.15353496,0.11357652,0.1784745,0.123168044,0.13241145,0.47524992,0.047529034,0.08063618,0.028353963,0.027870571,0.023117134,0.03861365,0.18993446,0.036420543,0.045416426,0.101505965,0.014440235,0.16097659,0.2438977,0.063911274,0.050604247,0.0018094386,0.01490119,0.06136911,0.035996214,0.050950136,0.08309795,0.23930101,0.0051412727,0.13707197,0.09772224,0.016971972,0.06286035,0.03530767,0.1272023,0.017709652,0.036605354,0.010088504,0.022439973,0.030965092,0.023103805,0.009356896,0.06614689,0.039351746,0.32309288,0.043701243,0.18386333,0.027064199,0.026102321,0.032902263,0.49029803,0.10330827,0.0008635649,0.08054936,0.076173276,0.058221728,0.37888184,0.012468617,0.09757031,0.105317466,0.36228162,0.37624902,0.0043931394,0.030167056,0.013769526,0.017145365,0.007933898,0.0011987934,0.08051785,0.19543885,0.22533052,0.057084084,0.15629542,0.050406206,0.12575895,0.08052526,0.032603722,0.03320428,0.19777328,0.05815688,0.03149766,0.14219217,0.019269878,0.022541681,0.09146738,0.06275221,0.8268247,0.07217641,0.69856715,0.008868859,0.054620653,0.0783081,0.08251412,0.027380995,0.06175295,0.85962135,0.51444215,0.051813062,0.045171335,0.054539528,0.037605364,0.013597617,0.021195142,0.0088622905,0.011446462,0.0065576294,0.24217436,0.04847735,0.04472439,0.003297492,0.16243589,0.0072592953,0.0052381395,0.075942144,0.21251939
BC2026_Train_0001_S08_20250606_030007_15,0.005234694,0.5132221,0.0010432597,0.0005016068,3.6994045e-08,0.03946875,0.00064763636,0.0029387414,0.0013071012,6.670597e-05,0.010759313,0.0010872147,0.00023694543,1.841175e-08,2.85101e-07,0.00067273504,0.00078906916,5.8382946e-05,0.004356237,0.008875566,0.01078949,5.196704e-06,0.013496619,0.0006524595,0.20522696,7.801425e-06,0.0026349567,0.16440694,0.01633394,0.07940178,0.13356061,0.0022220337,0.057103522,0.008269759,0.045871645,0.0066899746,0.01890389,0.007464528,0.0005542904,0.66466224,0.033410586,0.000719203,0.7891721,0.0066362163,0.006796234,0.006796234,0.6601067,0.01220343,0.007093643,0.010733451,0.6314142,0.68234247,0.68234247,0.0013580641,0.94573575,6.684398e-08,0.0014702758,4.1772288e-05,2.09579e-05,0.028991703,0.04325194,0.000109471184,0.026963565,0.09570942,0.0006387492,0.00036451386,0.0076368316,0.00017003989,0.00025021593,0.0071842317,0.0010919928,0.00017208155,0.013415397,0.046066526,0.073756605,0.030345002,0.02288665,0.19575034,0.07946947,0.029312633,0.021257361,0.0042868922,0.13022608,0.006479217,0.021462047,0.14932872,0.12377155,0.10589602,0.05415683,0.01804511,0.17815927,0.15848228,0.0172026,0.018588306,0.023405006,0.06830313,0.034365095,0.06327081,0.05465181,0.030726714,0.0736548,0.008726224,0.23420037,0.760854,0.85878456,0.041839007,0.03207799,0.021579202,0.0509863,0.068580054,0.11448078,0.54126143,0.03241533,0.111756526,0.025640976,0.18918374,0.048927538,0.031246087,0.011732336,0.20055234,0.1252207,0.2050476,0.12742025,0.1292228,0.48260638,0.051500957,0.10513977,0.027900612,0.030892648,0.032296382,0.033530742,0.19648223,0.027971929,0.045291755,0.11788035,0.029746741,0.20883775,0.25415275,0.06144286,0.057785664,0.002143733,0.015001476,0.058400862,0.042825736,0.05200045,0.11816407,0.18840685,0.0065985275,0.13128538,0.08769086,0.013371086,0.06487715,0.030980725,0.08508364,0.018731765,0.029957326,0.008714378,0.023739632,0.03395611,0.01901608,0.011011329,0.078320146,0.05077196,0.2730821,0.045748863,0.1884943,0.045539528,0.024364507,0.051196855,0.47153977,0.16928503,0.0010338915,0.09667165,0.112280995,0.06140749,0.349942,0.014270157,0.15243031,0.08962015,0.3832983,0.37831,0.004891231,0.019968348,0.017370122,0.02253059,0.01329557,0.001150937,0.06161493,0.10307367,0.2114388,0.050583076,0.1355521,0.03922565,0.1320988,0.051605612,0.031277478,0.023360511,0.20477827,0.057898913,0.03663904,0.110885315,0.021222929,0.02928209,0.12636401,0.063501,0.78049123,0.07892159,0.6863805,0.010961664,0.080694795,0.07752741,0.079702914,0.034663662,0.073201686,0.8429204,0.51563233,0.076341145,0.055003066,0.052778795,0.04575909,0.015532487,0.022243349,0.010688674,0.007135451,0.0070840027,0.24748744,0.039208565,0.044948313,0.004159003,0.22186565,0.007367957,0.005882378,0.06823577,0.1492656
BC2026_Train_0001_S08_20250606_030007_20,0.0064797,0.52759117,0.0012511159,0.00043339896,3.5658566e-08,0.04435947,0.00070789363,0.0037072527,0.0015075491,5.148791e-05,0.011590261,0.0013926162,0.00027706215,1.8353736e-08,2.733654e-07,0.00055835204,0.0012360513,4.879565e-05,0.0048395516,0.022845866,0.014275717,6.4962846e-06,0.010272615,0.0008854348,0.30415124,8.765591e-06,0.0022823154,0.21753322,0.019307101,0.086574845,0.14511074,0.0027732842,0.06990248,0.009425731,0.04562058,0.007871031,0.023126284,0.00868528,0.0006859272,0.67133355,0.038416427,0.0009034556,0.7929087,0.0081689,0.008838741,0.008838741,0.67703533,0.01553135,0.00847307,0.012664832,0.63947356,0.688159,0.688159,0.0016239142,0.9382533,6.084536e-08,0.0014672807,3.518552e-05,2.4407003e-05,0.025276925,0.033234313,0.00010922024,0.037917215,0.12337692,0.00079814513,0.0004387132,0.00759757,0.00025670943,0.00017791448,0.007915033,0.0010896007,9.429565e-05,0.012824209,0.09705963,0.08568263,0.020352649,0.020964993,0.1943851,0.0633198,0.03205051,0.020704184,0.005334688,0.14038636,0.007258129,0.026734723,0.12650703,0.14817119,0.07617059,0.074003056,0.024412405,0.14475542,0.23101518,0.019255329,0.02059742,0.03264844,0.06974205,0.028091295,0.09154914,0.05817758,0.03372198,0.06014835,0.008234112,0.2218159,0.79373956,0.8605364,0.031592477,0.03651511,0.025912277,0.05554216,0.064727336,0.059091758,0.5105531,0.049759742,0.12286608,0.027324177,0.18779673,0.042112745,0.03155883,0.007976139,0.13995413,0.15048513,0.17853741,0.14329739,0.15557024,0.5064732,0.044952225,0.08668357,0.025056409,0.02507194,0.0172723,0.04913323,0.18369855,0.037264213,0.046338774,0.111535594,0.021983841,0.19292489,0.19245641,0.08142372,0.1024274,0.0021454159,0.017208425,0.064894535,0.047516484,0.062633276,0.14870225,0.2526532,0.005886177,0.13392052,0.07548605,0.019493949,0.058205005,0.047540184,0.09871212,0.018312534,0.035641115,0.0072026504,0.024091428,0.035459775,0.024278946,0.014101096,0.087391004,0.054874755,0.2428999,0.047359895,0.15586914,0.028276952,0.032733325,0.04689076,0.4931689,0.1064627,0.0010200782,0.068295434,0.079167694,0.06445208,0.47072682,0.01464254,0.109634906,0.10941759,0.38632408,0.27752915,0.0045488933,0.019078078,0.020411415,0.01613124,0.0121283755,0.001212873,0.05208718,0.100734465,0.25338998,0.06511482,0.16227986,0.04749118,0.12880102,0.058939774,0.02892561,0.02732561,0.13549455,0.07065901,0.026335735,0.07845561,0.038095027,0.024179777,0.09744989,0.055024333,0.83552426,0.06905137,0.70646536,0.009511274,0.054538187,0.094496354,0.08073356,0.060662717,0.06727507,0.8353986,0.5076529,0.049436364,0.05393063,0.046170715,0.042238433,0.011352084,0.017395375,0.012861697,0.00788763,0.008430388,0.26650077,0.02883141,0.03348497,0.0047985814,0.21496293,0.0074773715,0.006716009,0.07132724,0.17269403
BC2026_Train_0001_S08_20250606_030007_25,0.007620839,0.5171397,0.0010408851,0.00039879957,3.604587e-08,0.03943005,0.0006443616,0.003593795,0.001445961,5.529191e-05,0.009912844,0.00091895775,0.00027739347,1.9483657e-08,2.7870078e-07,0.00056737976,0.000534004,5.312784e-05,0.00468604,0.008346401,0.013856981,5.527243e-06,0.016159434,0.0007727473,0.21087356,7.213482e-06,0.0021299843,0.18842207,0.01685908,0.07647522,0.13029648,0.0022582328,0.06015455,0.0080743525,0.046029415,0.0064714197,0.018154291,0.007081039,0.0005574574,0.6814973,0.0328417,0.0007282917,0.7905451,0.0065411343,0.00755979,0.00755979,0.6701309,0.012907824,0.007023814,0.01049462,0.6359491,0.6849843,0.6849843,0.0013479914,0.9451504,6.091658e-08,0.0014759856,3.7564638e-05,2.4101275e-05,0.021618465,0.022341924,0.00010627464,0.030711668,0.08560713,0.00054450793,0.00038846378,0.0047131605,0.00019887622,0.0001902478,0.0099573955,0.0010971758,9.619061e-05,0.01882168,0.038090587,0.07652552,0.022305012,0.024109941,0.20329022,0.049434543,0.038395077,0.017877307,0.0035022108,0.12044725,0.007361662,0.029112589,0.16761142,0.14088626,0.07222085,0.10367764,0.018634789,0.17096701,0.212914,0.025399733,0.009841587,0.020739924,0.056486983,0.02572865,0.08866706,0.038392927,0.03518781,0.05675772,0.0071440632,0.25701416,0.7892438,0.87031937,0.03524613,0.04544459,0.017350981,0.04284828,0.0740208,0.07498345,0.5120426,0.05565149,0.11266895,0.026205413,0.185588,0.047035296,0.037911844,0.008280969,0.1490447,0.13418043,0.21738634,0.21658456,0.121231966,0.5213147,0.03714792,0.093829,0.031622447,0.039832056,0.019406762,0.030904472,0.17615679,0.036454942,0.050482024,0.1265074,0.018858904,0.16443238,0.26482603,0.09057314,0.05387381,0.0017561414,0.011428314,0.070482254,0.04207189,0.053006228,0.096077465,0.23512779,0.009699862,0.11668016,0.07608385,0.020339733,0.075479195,0.050110903,0.10813968,0.021571776,0.051978037,0.010056966,0.033809643,0.029563846,0.021592725,0.009969298,0.08113493,0.04716915,0.36820728,0.044273224,0.17892662,0.018034112,0.020498259,0.048740365,0.45112434,0.16134721,0.0008498553,0.06388066,0.083542734,0.048215136,0.44628653,0.016157754,0.11146559,0.15015669,0.4077546,0.28154644,0.0042485474,0.020374028,0.019570757,0.012293055,0.010874596,0.001436723,0.06344877,0.12154329,0.20982829,0.06771849,0.14487064,0.054029226,0.15000127,0.05676882,0.042093087,0.021027552,0.181243,0.07105121,0.03285305,0.11429222,0.024821963,0.02500731,0.1223958,0.08525988,0.80912226,0.07505685,0.74278504,0.005848992,0.06368004,0.07924086,0.113433756,0.023899166,0.076767236,0.84595317,0.52594864,0.04480115,0.04843748,0.05609599,0.028595587,0.013871762,0.022219922,0.0080038225,0.01010831,0.005728208,0.25899512,0.03364329,0.03442429,0.0034381899,0.21824685,0.007320565,0.006002942,0.07900716,0.2391622
BC2026_Train_0001_S08_20250606_030007_30,0.0052439175,0.5110083,0.0011741874,0.00065078516,4.6593748e-08,0.03924553,0.0007417985,0.0034949207,0.0012546962,6.1044746e-05,0.013436623,0.0009994459,0.00023270641,1.9011656e-08,2.8569036e-07,0.00066761684,0.0006533294,5.1006537e-05,0.0028744848,0.009378977,0.009760486,5.3911294e-06,0.007676911,0.0005859244,0.23893058,9.07785e-06,0.0021682472,0.18259893,0.01423019,0.07536716,0.12342689,0.001830384,0.056831572,0.0072153024,0.045977164,0.0056645125,0.017394768,0.006615402,0.0005213789,0.66447544,0.03035891,0.0006318388,0.77690935,0.0055961753,0.006852553,0.006852553,0.651349,0.011651064,0.0059056557,0.0092356205,0.60791725,0.6621564,0.6621564,0.0012069158,0.9441524,6.3085814e-08,0.0014764743,3.9163668e-05,2.2630553e-05,0.017669598,0.01927797,0.00011071092,0.024241094,0.081239074,0.00066709914,0.0003183518,0.0067553325,0.00017488872,0.00019727266,0.008895095,0.0010938544,0.0001015566,0.020100707,0.051904295,0.08892804,0.021905245,0.023216147,0.27939472,0.06020138,0.027507525,0.022124005,0.004228068,0.12660134,0.009880722,0.02605405,0.1694959,0.122816384,0.12162991,0.08686772,0.021325406,0.16429926,0.1709202,0.02253332,0.014254108,0.024970561,0.058668684,0.053016003,0.065474324,0.055446144,0.053528987,0.06577817,0.008599322,0.23357022,0.7669609,0.86268026,0.04772407,0.033033043,0.022681555,0.0708293,0.07893328,0.07393505,0.53547853,0.03684246,0.13040604,0.032724097,0.17222497,0.05289773,0.030094862,0.010670927,0.1960251,0.15544896,0.21253778,0.17260614,0.17697771,0.44123578,0.060339816,0.10691865,0.035512358,0.026140207,0.019942123,0.039060213,0.18034682,0.026098393,0.045909025,0.12328653,0.02134156,0.17745915,0.2974362,0.062480833,0.0436157,0.002021898,0.013819806,0.096816815,0.039682258,0.045693833,0.09622045,0.31700897,0.006037382,0.18007775,0.10782771,0.021581324,0.12262861,0.04125346,0.091367446,0.02306223,0.036341686,0.010545526,0.029860321,0.032051124,0.0236101,0.010973161,0.093419366,0.04682076,0.26529682,0.06263512,0.14719187,0.02384658,0.03276247,0.055494115,0.52607095,0.17422833,0.0009711437,0.087723546,0.089938834,0.10349678,0.37733313,0.018304748,0.084706925,0.1512019,0.3829488,0.50253856,0.0049294718,0.021321865,0.015446049,0.020386154,0.013153563,0.0015003234,0.07072291,0.122551024,0.18770172,0.07003979,0.14713612,0.04167456,0.15098114,0.08920425,0.039455876,0.05503786,0.21735635,0.07574287,0.029610468,0.11792683,0.036048174,0.026993675,0.09984767,0.07773613,0.77156556,0.07652039,0.6714338,0.010015905,0.061674323,0.078070834,0.0990144,0.046166565,0.06268468,0.8131484,0.44949898,0.06318067,0.045094617,0.056295414,0.042012665,0.030713111,0.023026384,0.015680471,0.017678369,0.0052884496,0.36401415,0.043270666,0.0444393,0.00601791,0.29625863,0.007956292,0.0045713396,0.099313006,0.24413031
BC2026_Train_0001_S08_20250606_030007_35,0.004903901,0.53109133,0.0010641589,0.00048559337,4.514871e-08,0.03515262,0.0021062095,0.006732861,0.0016280368,5.958893e-05,0.015149713,0.0013425661,0.0002480979,1.8722924e-08,2.9776754e-07,0.00058021833,0.0006918689,5.593027e-05,0.003550765,0.0075366814,0.013246041,5.733828e-06,0.010909034,0.0006674014,0.18718004,8.385602e-06,0.002347214,0.16322638,0.015477122,0.08117808,0.116407335,0.0022657176,0.056643266,0.008020766,0.045804475,0.0066323495,0.018168606,0.00692392,0.0005266926,0.7003571,0.029370131,0.00065072015,0.7945298,0.0066077104,0.007190732,0.007190732,0.6770597,0.012196705,0.0064740046,0.009948377,0.638487,0.68876225,0.68876225,0.0012345883,0.9473022,6.7065514e-08,0.001475201,4.1664705e-05,2.2340997e-05,0.029817622,0.025278235,0.0001191913,0.021635849,0.10427171,0.0006381562,0.00039501648,0.008904555,0.0001440284,0.00016932398,0.006265891,0.0010946727,8.836316e-05,0.014527347,0.11251512,0.08835871,0.021404928,0.02283456,0.2031534,0.07000563,0.028739138,0.018869566,0.0033122308,0.13887139,0.007036856,0.022552822,0.12920296,0.13550752,0.08894614,0.07256423,0.014487687,0.17357998,0.23078682,0.024351737,0.010674823,0.020374691,0.065940246,0.050295196,0.06403956,0.062435973,0.037677333,0.060423303,0.0078952955,0.2282761,0.7704103,0.88422036,0.041959472,0.030673971,0.026459932,0.06329425,0.062069148,0.063413836,0.597856,0.043427046,0.11554035,0.05264103,0.14545622,0.06217546,0.042250246,0.0065008975,0.17396373,0.12243942,0.21963486,0.15531585,0.15477172,0.44179502,0.046868455,0.07745787,0.029159099,0.02473907,0.030684372,0.03553646,0.21688935,0.030472515,0.054079752,0.12972568,0.017385952,0.20296139,0.34479195,0.0716313,0.075233325,0.0021379036,0.015400429,0.09451718,0.039318755,0.08663352,0.08744961,0.20139043,0.005310375,0.113179244,0.09946584,0.026395336,0.06457794,0.041946378,0.06116062,0.023102341,0.040239237,0.00963121,0.030780435,0.027153067,0.01992974,0.013746965,0.09054758,0.042835396,0.2728741,0.04254926,0.1233734,0.02438636,0.026052574,0.04302859,0.43118414,0.11965187,0.0008680962,0.069202445,0.077295564,0.065856665,0.41134164,0.015226273,0.097809,0.11907829,0.3481638,0.3332685,0.005751941,0.021370545,0.020436026,0.015424834,0.009383293,0.0011093474,0.05700128,0.08019981,0.24399595,0.07335372,0.15601571,0.05137629,0.13438593,0.06702065,0.043260146,0.030569026,0.14909053,0.062040783,0.03256586,0.08616061,0.02374802,0.028816637,0.09046602,0.05343156,0.7588499,0.08319828,0.73676777,0.0067318347,0.05591304,0.069108,0.08727564,0.042229295,0.0754567,0.8440659,0.4960536,0.041592352,0.04339122,0.04346022,0.03240405,0.011338318,0.026719172,0.013838668,0.0068793646,0.0058934526,0.22914487,0.036843695,0.05308198,0.0038389794,0.24355532,0.013200738,0.0048997602,0.0987811,0.24628139
BC2026_Train_0001_S08_20250606_030007_40,0.005669495,0.51161575,0.0010214691,0.0004950042,4.642874e-08,0.050385695,0.0005879767,0.0028092419,0.0011051522,5.771376e-05,0.0111607835,0.001000755,0.00021352277,1.9084911e-08,3.020094e-07,0.00054843636,0.00089570147,6.154465e-05,0.0040856563,0.008663026,0.01316389,5.8717073e-06,0.010489172,0.00058007124,0.27846533,8.079468e-06,0.0020008094,0.18001075,0.017117716,0.07527173,0.12313244,0.0022173692,0.057728726,0.008677769,0.04620635,0.0065104896,0.017216098,0.0069565033,0.0005790335,0.6745425,0.03336634,0.0007521278,0.7868668,0.0065137018,0.007149966,0.007149966,0.67026085,0.0123930825,0.0068205334,0.010376147,0.6265257,0.6780692,0.6780692,0.0013914949,0.9458933,6.6082684e-08,0.0014856769,3.5606172e-05,2.4367087e-05,0.02013127,0.024763327,0.000112174544,0.029314954,0.11120689,0.00055393536,0.0003769442,0.005308266,0.00018565942,0.00017499541,0.0085031325,0.0010983408,0.00010288771,0.013973935,0.044469297,0.073254034,0.021383736,0.02360294,0.16070196,0.08521895,0.028044559,0.022123536,0.0045863213,0.12275079,0.009961989,0.02398335,0.13169403,0.099741235,0.08270558,0.06884407,0.013641053,0.16478512,0.15051977,0.01868303,0.01073733,0.029598676,0.054139484,0.03129409,0.07465677,0.055140972,0.023128629,0.056048337,0.007435516,0.22040772,0.7830835,0.85216093,0.034355182,0.02692825,0.031502783,0.050973825,0.056802675,0.05064526,0.5317182,0.039470993,0.10777248,0.02758796,0.156716,0.049286276,0.030475153,0.007372442,0.12721145,0.09920917,0.17267457,0.10684181,0.14363761,0.42321974,0.050080087,0.08890574,0.028824406,0.019751178,0.018211987,0.02979342,0.21413651,0.029533755,0.046537362,0.12760764,0.018498044,0.16692491,0.20192577,0.05627944,0.04531216,0.0024510648,0.011354895,0.053174537,0.042628482,0.04807833,0.075836815,0.20152436,0.0068775634,0.13237454,0.1026161,0.017272249,0.04862337,0.043822866,0.14543217,0.021707088,0.035534408,0.008424314,0.02212327,0.021289604,0.020257171,0.012324219,0.060050808,0.04285138,0.21834967,0.045994032,0.14083588,0.0268016,0.02603452,0.03813883,0.4627068,0.12550767,0.0008722316,0.054163307,0.080499396,0.073958814,0.34206688,0.013650076,0.07154009,0.11857395,0.33625913,0.36431134,0.0039610784,0.020255432,0.016337385,0.011711628,0.009181395,0.0011198439,0.046617676,0.11990628,0.20485587,0.051410656,0.16216627,0.036944877,0.11248647,0.048513334,0.04092266,0.028379325,0.14114763,0.05158864,0.028717907,0.08303689,0.018975586,0.02808207,0.08947801,0.04715966,0.86674756,0.05742081,0.70840204,0.009916946,0.05305087,0.048542563,0.07250923,0.035650674,0.08805498,0.8410852,0.48830485,0.038701072,0.04377614,0.039452773,0.039373532,0.01212297,0.01935134,0.010108421,0.008980962,0.004508766,0.19287518,0.03158324,0.038278356,0.003032634,0.13818085,0.0077970945,0.00567252,0.07507924,0.14845076
BC2026_Train_0001_S08_20250606_030007_45,0.0067848996,0.52009124,0.0013839427,0.00046002955,4.1041726e-08,0.03479603,0.0006893005,0.0043505733,0.001518222,5.455263e-05,0.008751342,0.0011481332,0.00030424653,1.7943366e-08,2.7575578e-07,0.0005743424,0.0007193281,5.9355243e-05,0.0038598934,0.01062931,0.009346442,5.7252205e-06,0.013658993,0.0007801013,0.30116588,8.341037e-06,0.0021027066,0.15881425,0.016360788,0.087476514,0.13913555,0.002419957,0.06610866,0.009520685,0.045721557,0.0071595223,0.018656403,0.007640957,0.0006563126,0.67494947,0.035682473,0.00080089405,0.7807994,0.0068973685,0.008404535,0.008404535,0.6508808,0.013937834,0.0073264576,0.01112921,0.6220674,0.6703322,0.6703322,0.0015073798,0.9365972,6.645079e-08,0.0014698277,4.9208156e-05,2.3508635e-05,0.03683676,0.018620644,0.00011327587,0.028377932,0.078925334,0.0010238276,0.00042139943,0.0052625253,0.0001417878,0.000170597,0.009272482,0.0010889407,0.00011282651,0.019888073,0.06297351,0.07934765,0.018450346,0.019600768,0.24037768,0.0445863,0.026407305,0.015900968,0.004121606,0.15824565,0.0041884515,0.03518785,0.17186622,0.14765707,0.078724004,0.072802514,0.015319914,0.1783907,0.16868922,0.014181952,0.014026848,0.0297042,0.048880737,0.032291148,0.06792075,0.043754507,0.03219289,0.09581799,0.0068551204,0.24243268,0.7678021,0.8615381,0.036369435,0.042729095,0.018135715,0.057960365,0.077208675,0.13766356,0.48985696,0.062204584,0.10691135,0.021295702,0.21798016,0.05689746,0.029005788,0.010836278,0.14979075,0.23982027,0.21527159,0.23093006,0.11608841,0.44740984,0.039178714,0.05748694,0.032623865,0.030437391,0.02182872,0.041784763,0.2056291,0.027974036,0.052151304,0.12875892,0.027786432,0.3227738,0.24795687,0.07298251,0.05668344,0.002423951,0.013735003,0.061374374,0.041319557,0.0924653,0.0813566,0.34596768,0.016967477,0.12782115,0.08397298,0.024621671,0.0840545,0.03750421,0.15647219,0.024363326,0.09338105,0.011141014,0.052237008,0.022054905,0.028920345,0.00979022,0.095183015,0.033117376,0.4163013,0.05433459,0.13796693,0.016141351,0.039161187,0.0781579,0.48645872,0.1821546,0.0010648762,0.06250229,0.08756489,0.061808165,0.33659065,0.021638723,0.10413095,0.20481457,0.32297635,0.38299337,0.0047524064,0.028209357,0.016591398,0.025086533,0.009500714,0.0015799054,0.07804142,0.11034483,0.17412516,0.059392516,0.21457098,0.05116698,0.14060076,0.06403741,0.040638153,0.028771274,0.12648623,0.061058465,0.01864552,0.10936704,0.029877713,0.019285552,0.109144054,0.07727892,0.8738952,0.073885135,0.66831005,0.007740885,0.050217226,0.062241416,0.11132819,0.025533965,0.068170525,0.82041013,0.5171043,0.06036421,0.051141217,0.05991871,0.035013508,0.013959385,0.022750944,0.007818907,0.012083148,0.0062894756,0.21288815,0.038313005,0.052627545,0.0040317406,0.19565065,0.00695935,0.0050366395,0.085309215,0.22228825
BC2026_Train_0001_S08_20250606_030007_50,0.005504016,0.52481693,0.00090036844,0.00053046236,3.6193498e-08,0.042237893,0.0008830644,0.0033411211,0.0015810154,6.43198e-05,0.011797784,0.00103941,0.00027104,1.8448814e-08,2.877841e-07,0.0005488776,0.0009369017,4.714254e-05,0.0037648915,0.0067094425,0.00862346,5.84584e-06,0.007390573,0.0006126967,0.22353108,7.821397e-06,0.0019793697,0.16194695,0.014314357,0.075115584,0.13214146,0.0019028016,0.053765334,0.007578765,0.04605653,0.005915421,0.015091305,0.0062043313,0.0004920035,0.6846621,0.028778352,0.0005859337,0.7893258,0.0055965097,0.006387395,0.006387395,0.661185,0.011422358,0.005932438,0.009167597,0.6309394,0.6811366,0.6811366,0.0011415209,0.9435846,6.666782e-08,0.0014759526,3.9042294e-05,2.0698606e-05,0.020167852,0.016263377,0.00011913754,0.021500729,0.119005084,0.0004019872,0.00035790371,0.0044665546,0.00015434987,0.00018979645,0.008001302,0.0010989141,9.034749e-05,0.015685057,0.096887164,0.08308382,0.024685513,0.027443552,0.17220095,0.04922595,0.02698792,0.021043567,0.0034696402,0.1324655,0.006494243,0.024249839,0.15723932,0.09188515,0.09230649,0.09594464,0.014568476,0.15904662,0.18943076,0.018187225,0.011632793,0.021159187,0.079859644,0.04334929,0.065413594,0.04597635,0.047799498,0.05681856,0.0071942527,0.28055683,0.7616724,0.86705095,0.04271998,0.0321116,0.021841431,0.04661375,0.06734412,0.082700975,0.558492,0.034061324,0.11490298,0.031751655,0.17449921,0.042584952,0.031493556,0.009096019,0.17135511,0.18362601,0.20969468,0.18218955,0.13377935,0.49264646,0.047030997,0.10654675,0.031523515,0.0274571,0.028796539,0.043780807,0.20228845,0.030010182,0.047401723,0.12204554,0.014740286,0.21563219,0.31918257,0.06968579,0.054161943,0.002204372,0.013267555,0.072604924,0.041012596,0.067076676,0.076814815,0.23194323,0.0066257534,0.107139565,0.115392044,0.022040471,0.09424766,0.037087366,0.07793143,0.023884997,0.042587813,0.00995443,0.032387305,0.032010593,0.020683374,0.008437183,0.07006967,0.050644647,0.29829174,0.048758477,0.15334918,0.027316509,0.026311072,0.0472823,0.47489887,0.15810642,0.0008364102,0.07491082,0.101136856,0.06124988,0.40391016,0.015090593,0.096790776,0.13278861,0.3543643,0.2822286,0.005574559,0.02209819,0.017821442,0.020509219,0.011469156,0.0013887343,0.04923424,0.10145052,0.22447675,0.044615213,0.16943823,0.04992191,0.15919395,0.06639892,0.045239888,0.035790596,0.16749857,0.057229213,0.031895492,0.09794708,0.032726284,0.027335454,0.11333026,0.06889537,0.6855452,0.071124576,0.6995405,0.00746865,0.058554515,0.059354924,0.10860339,0.021304298,0.0829619,0.8420212,0.4760524,0.047919333,0.058282744,0.0444822,0.033619322,0.016831126,0.017588854,0.008767368,0.009206602,0.0059680897,0.2251349,0.029799223,0.038553122,0.0039064474,0.18794137,0.008560309,0.0064189807,0.07899999,0.29972103
BC2026_Train_0001_S08_20250606_030007_55,0.0076393955,0.5343521,0.0010283377,0.00046175031,3.9277342e-08,0.044987418,0.00069438654,0.004594584,0.0010494248,5.006216e-05,0.011378753,0.0010420243,0.00026410722,1.8552056e-08,3.0518834e-07,0.00059971213,0.0006879248,5.3310545e-05,0.003211225,0.0065267193,0.013022884,5.301483e-06,0.008011564,0.0005270037,0.25060004,8.112443e-06,0.0021784056,0.17463362,0.016690873,0.07594093,0.12446017,0.002070767,0.0592443,0.008208046,0.046211775,0.0064923326,0.01706717,0.006988642,0.0005767521,0.69995505,0.03286319,0.0006830378,0.78599834,0.0060978397,0.0069950866,0.0069950866,0.6625248,0.011996763,0.006645972,0.010264258,0.6274348,0.6777304,0.6777304,0.00133139,0.9500302,7.040027e-08,0.0014808164,3.4984234e-05,2.3588396e-05,0.018925022,0.01797553,0.00011969404,0.01827375,0.06915587,0.00036343126,0.00036105578,0.0043140645,0.0001656473,0.00020793766,0.009115298,0.0010993071,0.00010353491,0.017529784,0.05326839,0.07225615,0.016814735,0.025262937,0.17070606,0.06261781,0.028291196,0.019448504,0.004304917,0.1240991,0.00783795,0.021330556,0.15235586,0.09842189,0.087060526,0.08715817,0.015220185,0.1517838,0.21211924,0.018130545,0.010832028,0.017771348,0.09345261,0.046996757,0.06461733,0.078592725,0.031419545,0.065383546,0.0066917106,0.23744439,0.77202296,0.84976166,0.03739939,0.04744777,0.03816652,0.06643431,0.06983697,0.09303432,0.57447517,0.059495084,0.12416636,0.027735135,0.16210133,0.054448873,0.031926814,0.009502348,0.17244436,0.087636836,0.1819389,0.16103928,0.16248782,0.43257293,0.052820027,0.102598,0.03210482,0.023343232,0.019376988,0.037648465,0.21316412,0.02785487,0.061252445,0.1491524,0.018663533,0.1328439,0.24204344,0.06435266,0.047727633,0.0018409323,0.0143358875,0.06569827,0.04283586,0.04579357,0.09850237,0.2370035,0.008238649,0.10801183,0.099832416,0.022609264,0.059713114,0.033496432,0.12967227,0.020149551,0.0495637,0.0088626165,0.029961485,0.027028963,0.019787688,0.008892428,0.0709964,0.045777842,0.25986263,0.053678863,0.1133837,0.025012074,0.028236931,0.060074314,0.47976717,0.2045254,0.0008888711,0.059764676,0.091473654,0.07269879,0.43974447,0.018273333,0.097123966,0.14125861,0.35338098,0.33099046,0.005330396,0.020103551,0.018488029,0.013534149,0.011253679,0.0016843112,0.07353099,0.094778605,0.2151035,0.060243946,0.18243715,0.048247498,0.11954182,0.05197616,0.041610368,0.0327025,0.16873498,0.06544277,0.03131104,0.10331474,0.018491995,0.028992673,0.1282297,0.061665364,0.889202,0.07626061,0.72139084,0.009592436,0.05047677,0.059446584,0.085802875,0.02973018,0.090764485,0.8232038,0.50883806,0.04488774,0.045083825,0.037738714,0.03315743,0.013189661,0.031025289,0.0124961,0.006531442,0.0046166843,0.28782907,0.034653056,0.040596936,0.0035571123,0.18561725,0.00944815,0.0056356434,0.06599233,0.26857197
BC2026_Train_0001_S08_20250606_030007_60,0.0069215875,0.5679136,0.0035427602,0.00042441595,4.6180617e-08,0.0739841,0.00075113337,0.0034154344,0.001468201,7.175104e-05,0.012400224,0.0075004897,0.0002823967,2.2553387e-08,2.950106e-07,0.00073164556,0.0007141879,6.122198e-05,0.007195366,0.009115807,0.012932301,1.0098406e-05,0.009959208,0.0016475876,0.33634552,9.378511e-06,0.0026317646,0.31262243,0.04850125,0.13049981,0.1447925,0.0031255016,0.076413624,0.010149322,0.046001527,0.00966834,0.023520762,0.008402025,0.000716988,0.68492013,0.038588844,0.00078905816,0.7869633,0.009533048,0.007916718,0.007916718,0.6699155,0.017019358,0.00828267,0.012490932,0.63161105,0.6773724,0.6773724,0.0016702221,0.9243289,6.311571e-08,0.0014593258,8.14843e-05,3.922615e-05,0.021558704,0.027438091,0.00012527277,0.02076865,0.15929846,0.0008488488,0.0004246059,0.0058647958,0.00018658036,0.0001897692,0.01200124,0.0010864179,0.00014718085,0.018863883,0.048638772,0.09123675,0.016870478,0.018099764,0.25884843,0.065758936,0.028461922,0.01596019,0.003943435,0.13708124,0.006144198,0.023243122,0.115135334,0.19546029,0.07520704,0.08653982,0.012977893,0.16108446,0.33714685,0.012621292,0.012199225,0.023623163,0.047878776,0.05119541,0.05698861,0.043457597,0.024155734,0.081217386,0.006394136,0.19776246,0.7817651,0.8821068,0.03793042,0.034398496,0.018937318,0.03578995,0.053151153,0.053657297,0.48509896,0.036410253,0.08668805,0.02694376,0.16749337,0.055060323,0.030923152,0.010615007,0.13306403,0.20043223,0.19997224,0.12471223,0.13479419,0.48714474,0.07726295,0.104092225,0.0313233,0.028456014,0.028947102,0.11241465,0.1977306,0.031680167,0.037674904,0.070555605,0.021802524,0.20049798,0.20376629,0.080035724,0.06694614,0.001978983,0.015425015,0.056458827,0.0348069,0.085568465,0.12803811,0.21951479,0.005292533,0.12124095,0.07039018,0.017786149,0.07283571,0.048465244,0.06701163,0.020278912,0.03441962,0.009550251,0.023246456,0.020980278,0.028729191,0.016599495,0.083453655,0.027532252,0.16846828,0.04861997,0.14282846,0.027935991,0.02294693,0.04033747,0.48244226,0.16484047,0.0008936245,0.0428104,0.085558616,0.06658122,0.54230666,0.01825022,0.09570153,0.07901408,0.61840713,0.22003968,0.004425803,0.022952467,0.017056433,0.01609913,0.0049610124,0.0014769954,0.057765134,0.079111114,0.20722082,0.050713755,0.18148398,0.068658486,0.11430324,0.07439971,0.035522852,0.03541375,0.16257101,0.066099264,0.021888044,0.06706844,0.01731142,0.024178201,0.09968252,0.04526556,0.67104834,0.08297964,0.7143341,0.0083040465,0.056628402,0.07789727,0.08939645,0.03719025,0.06120936,0.7924378,0.41733965,0.031175828,0.041947804,0.028627843,0.03196543,0.016222507,0.018986624,0.012020429,0.008494259,0.005898298,0.28709558,0.026841095,0.04629235,0.004408941,0.2073566,0.0071515315,0.007399424,0.056394406,0.16748893
BC2026_Train_0002_S08_20250607_030007_5,0.0063507417,0.34801584,0.0010126908,0.0010441552,3.1345692e-08,0.028282875,0.00027545018,0.0016470496,0.000759431,5.4061045e-05,0.012493115,0.0017897817,0.00015900747,1.8433662e-08,2.8864304e-07,0.0010685762,0.0019440596,4.9668208e-05,0.021008568,0.0016703688,0.0077152387,5.457621e-06,0.012704036,0.0007673063,0.35656497,1.2875105e-05,0.002506003,0.08573057,0.012258375,0.09988556,0.55731833,0.0026957516,0.085904635,0.0068383925,0.045557797,0.008606663,0.028929226,0.014522849,0.0005087978,0.19952495,0.05181141,0.0005592439,0.80634886,0.009450582,0.006884605,0.006884605,0.52603245,0.015297853,0.008872574,0.01858561,0.6445841,0.6969068,0.6969068,0.0013472708,0.91712725,6.616714e-08,0.0014357794,9.504747e-06,2.2318587e-05,0.009173483,0.006463807,0.00010257678,0.009174794,0.06984202,0.00022596835,0.00028269226,0.005067047,7.27642e-05,9.55576e-05,0.016466383,0.0010715163,6.0138987e-05,0.019249868,0.022394834,0.11418083,0.020069953,0.05179273,0.12445702,0.015257051,0.020566983,0.020328945,0.007850366,0.11057279,0.0059365397,0.017184844,0.15258795,0.14348285,0.11201946,0.051828567,0.017615698,0.12028051,0.11607089,0.00795143,0.0036952533,0.009966452,0.046508446,0.01296288,0.13785288,0.046150204,0.025634952,0.23814234,0.0124396905,0.18949002,0.6365006,0.719103,0.024024718,0.043751184,0.004880118,0.037964877,0.06883839,0.050295055,0.33728182,0.022615142,0.09359878,0.028542612,0.2193493,0.046412293,0.022151282,0.01140633,0.16882236,0.25785518,0.14033912,0.30776876,0.1017222,0.23624434,0.025995841,0.030321078,0.023145694,0.014920628,0.022389686,0.031064548,0.19480895,0.026392328,0.036882527,0.05583425,0.009970951,0.15843156,0.16373853,0.06784006,0.07597195,0.0018128103,0.029373096,0.045993555,0.031444814,0.087682426,0.017169889,0.23399563,0.002489312,0.12136477,0.025788676,0.024348736,0.028278487,0.03102001,0.023931172,0.017126901,0.018461602,0.008196651,0.031421136,0.028066767,0.039741088,0.0067618983,0.087725304,0.017933525,0.1716196,0.073027164,0.22313978,0.007942865,0.032902233,0.09414176,0.46868497,0.068624616,0.0028925713,0.05342912,0.08613263,0.0932476,0.11671818,0.04083696,0.09351327,0.060131017,0.26325405,0.3148679,0.023902424,0.03503199,0.0636889,0.034739736,0.010092161,0.0044616633,0.1190863,0.04748343,0.16470854,0.04058822,0.10066202,0.014046451,0.1739852,0.0735244,0.049114592,0.026987314,0.11393656,0.025824126,0.023333456,0.119717665,0.026541356,0.017908392,0.11562774,0.052598823,0.3254546,0.050725427,0.5464487,0.0034002326,0.04321795,0.06412041,0.08168862,0.028908502,0.12222374,0.7038317,0.3527295,0.036081206,0.0468024,0.062495913,0.0240424,0.021015473,0.10824703,0.019766726,0.0061951326,0.009620752,0.46389732,0.04944181,0.0374201,0.0028381194,0.13278559,0.004269679,0.0059424047,0.037176114,0.626083
BC2026_Train_0002_S08_20250607_030007_10,0.008549006,0.4149067,0.0020759532,0.00066142605,3.599712e-08,0.03236965,0.00027908568,0.0017327168,0.0009407987,6.733729e-05,0.014438039,0.0045023216,0.00016048062,2.0146729e-08,3.043643e-07,0.0011064361,0.0015649889,7.247147e-05,0.014982704,0.002294113,0.01270227,5.3419944e-06,0.016918536,0.0008559414,0.35586447,1.15281355e-05,0.0031205402,0.11961743,0.021594912,0.10930794,0.5862618,0.003051774,0.10000718,0.008777039,0.04596856,0.009789752,0.028969035,0.015151395,0.0006314367,0.23510839,0.06464965,0.00072705233,0.8198254,0.010992491,0.0073251566,0.0073251566,0.54796827,0.01688335,0.010357536,0.02098331,0.6695565,0.71628255,0.71628255,0.0018020662,0.9226867,6.687684e-08,0.0014445485,1.1605409e-05,2.6969867e-05,0.010298014,0.011660947,0.00011669527,0.0073508164,0.08065151,0.00028690128,0.0002482605,0.013575183,6.7197114e-05,9.654816e-05,0.020434394,0.0010778398,7.037266e-05,0.02529504,0.019830188,0.2208637,0.02206306,0.044760462,0.09593424,0.014670184,0.025830332,0.023105578,0.0069320523,0.12306479,0.0051747113,0.022142408,0.19677384,0.1282625,0.0865821,0.046694234,0.014102721,0.0918787,0.12891491,0.009505424,0.0043098563,0.0122904,0.049197234,0.010041644,0.14588931,0.046606686,0.0207348,0.24473727,0.011147595,0.1821291,0.6495482,0.7584698,0.020122498,0.048569497,0.006340431,0.028308315,0.07067724,0.04415772,0.3399138,0.014735635,0.0985146,0.024167657,0.19824445,0.04559331,0.019083032,0.01864877,0.16742405,0.20823309,0.11826998,0.3261535,0.13795812,0.25121164,0.029856266,0.03508167,0.035985906,0.016929029,0.022883382,0.03296439,0.19930667,0.030333767,0.037629098,0.058534283,0.011700249,0.097775266,0.16596699,0.044575892,0.054530222,0.0025118238,0.027130999,0.047667816,0.038884588,0.09221324,0.017880794,0.26630306,0.002838411,0.16388914,0.03354191,0.027138304,0.034755677,0.033083685,0.023593167,0.018822188,0.012962672,0.008959482,0.048685692,0.02543606,0.03471221,0.0051663746,0.08294676,0.018231558,0.1782031,0.08396134,0.2788851,0.006432217,0.031189153,0.07570949,0.5047326,0.06618388,0.0022122797,0.06048443,0.06826917,0.07416032,0.12654892,0.029064417,0.093785934,0.05126544,0.23309648,0.3845564,0.02343912,0.029775633,0.07056815,0.025428062,0.010291403,0.0080525745,0.09619472,0.04837632,0.13960391,0.034053706,0.09787487,0.014293104,0.15074217,0.059815977,0.04872496,0.01993962,0.13699114,0.026402233,0.020330658,0.11808652,0.017329797,0.019195784,0.10265671,0.04274327,0.34638694,0.051988434,0.48879653,0.0039672665,0.051715508,0.059645467,0.114894554,0.046598524,0.12520036,0.69697326,0.28969276,0.030781167,0.04373565,0.04667114,0.020863164,0.014849905,0.04500256,0.014067179,0.0067998823,0.0064906585,0.47465965,0.04267357,0.044145904,0.0031018746,0.11610334,0.0036944018,0.007684721,0.03806204,0.53904045
BC2026_Train_0002_S08_20250607_030007_15,0.008642613,0.36510092,0.0008275809,0.00054884725,3.6275154e-08,0.031092335,0.00030992454,0.0010995275,0.00082949444,6.176876e-05,0.01318362,0.001635786,0.00020418665,1.9639723e-08,3.1995597e-07,0.0011139298,0.0015838633,4.9800547e-05,0.017281864,0.004011637,0.014039518,4.921322e-06,0.015805904,0.0006098674,0.5041756,1.20832565e-05,0.0027689112,0.07493702,0.013768771,0.09327828,0.55598855,0.0027461802,0.09117967,0.0070858467,0.045705188,0.008587296,0.027305333,0.014385493,0.00057003525,0.2157613,0.055497143,0.0006887232,0.8054538,0.009493167,0.0073093926,0.0073093926,0.5362814,0.015448135,0.009090059,0.018692628,0.6468703,0.69774663,0.69774663,0.0015503591,0.9275166,6.6318655e-08,0.0014436054,8.801958e-06,1.924199e-05,0.008723656,0.0066313236,0.000100993726,0.0072884317,0.07206407,0.00021229472,0.00022084553,0.0058613317,8.4513464e-05,0.000101645805,0.01845206,0.0010747133,7.289556e-05,0.019631218,0.019904222,0.101389706,0.020577418,0.03431632,0.13113998,0.024343548,0.026034763,0.02601046,0.008677977,0.103494406,0.006470116,0.024161782,0.1733318,0.12692086,0.14409918,0.06617848,0.017349897,0.08499171,0.20618555,0.011489406,0.0042368355,0.01525937,0.05076379,0.0114160795,0.16712138,0.052846137,0.017665295,0.34508047,0.009092278,0.22960982,0.6618691,0.72454494,0.023266694,0.0741463,0.005095435,0.038280424,0.08908418,0.04442052,0.31580406,0.027926896,0.111719176,0.025592726,0.23047513,0.039848812,0.01841312,0.0103898095,0.18559778,0.18863487,0.11282538,0.28409714,0.12482987,0.21142478,0.029941885,0.035495326,0.025305811,0.01588296,0.02593916,0.024747524,0.18266092,0.033176105,0.039995063,0.06778237,0.008985883,0.07813727,0.16151491,0.05497623,0.047158293,0.0021439353,0.031180972,0.04221482,0.034996275,0.091139466,0.02509427,0.32470918,0.0027597444,0.11343376,0.02968574,0.025233716,0.057134096,0.04111564,0.02737511,0.022263177,0.015742147,0.00870385,0.059657563,0.027035136,0.03661001,0.0060631866,0.11471037,0.019867234,0.17574807,0.086902834,0.20628648,0.007928459,0.034050148,0.09615711,0.5134734,0.0899315,0.00231953,0.048940755,0.0841177,0.102545366,0.146096,0.027326355,0.11069751,0.07605963,0.24255106,0.39765355,0.024917534,0.033274133,0.10551487,0.045847777,0.009621183,0.0056845276,0.08386391,0.06560128,0.15646769,0.03103132,0.11727443,0.018806888,0.17115563,0.08307565,0.06703292,0.022418538,0.12900682,0.024933314,0.02172825,0.13761112,0.016178835,0.019148864,0.11963073,0.04701016,0.38016626,0.051020883,0.5394059,0.0046472377,0.041616574,0.060441155,0.114195794,0.043411322,0.08738038,0.6841903,0.3146641,0.038583726,0.035944965,0.046323895,0.021598822,0.019902552,0.084781855,0.01516201,0.007274921,0.0074442797,0.52425444,0.074319184,0.042858418,0.0029745477,0.14931111,0.003147696,0.009817388,0.049133863,0.599829
BC2026_Train_0002_S08_20250607_030007_20,0.009274291,0.35905996,0.00086850126,0.00039356187,3.478375e-08,0.0329044,0.0002738331,0.0008952373,0.0010068986,5.92482e-05,0.0150237065,0.0017821549,0.0001533568,1.81552e-08,3.1027201e-07,0.0012008084,0.0015369856,5.6061454e-05,0.013431367,0.0017825128,0.014835126,4.2416696e-06,0.009599585,0.0007954574,0.33360493,1.2209568e-05,0.0028660458,0.09398292,0.012597441,0.105486035,0.57917714,0.0028631238,0.09129953,0.0072599556,0.04583656,0.009425838,0.029651774,0.015590474,0.0005467514,0.1880331,0.056324545,0.0006310869,0.8076637,0.010203105,0.008083897,0.008083897,0.53073466,0.016551655,0.009509412,0.019970981,0.64740235,0.6998708,0.6998708,0.0014860296,0.9189882,6.804373e-08,0.0014464465,1.04077735e-05,2.0326455e-05,0.013399414,0.00551669,0.000107139196,0.006361619,0.06420623,0.00021392155,0.00020979764,0.004991306,7.532521e-05,0.0001023281,0.025886878,0.0010768773,6.934666e-05,0.024215339,0.020843005,0.14858726,0.027429726,0.050643,0.12461494,0.014736092,0.02204647,0.02204716,0.010666143,0.12028556,0.0052198013,0.022541912,0.17851107,0.10514241,0.106765285,0.053137977,0.018230386,0.11646076,0.11275148,0.008929429,0.004102814,0.0079819765,0.050046436,0.014966069,0.14634514,0.05158752,0.018385725,0.52182573,0.011627148,0.18296781,0.6380892,0.6767367,0.021411676,0.076545805,0.006860981,0.03496196,0.07759066,0.04724977,0.23292723,0.016005984,0.11343605,0.0311342,0.283897,0.036240432,0.018740535,0.012236958,0.16805589,0.18546581,0.11492268,0.33084702,0.13781407,0.17904153,0.029179454,0.033365324,0.026608266,0.018972868,0.020964839,0.031789966,0.21570617,0.033973776,0.036187164,0.08881827,0.013489061,0.114734866,0.1913608,0.070401855,0.058063645,0.0022906985,0.029510671,0.04298105,0.034271974,0.07284207,0.01781511,0.25818533,0.0028597303,0.09654257,0.024893638,0.035104785,0.03032782,0.03929659,0.022377308,0.0170153,0.015610691,0.012612189,0.046999518,0.028046649,0.032939404,0.005223778,0.08853428,0.017705526,0.15182096,0.072105505,0.25440326,0.007515017,0.03532719,0.12140053,0.4913437,0.08573283,0.004383678,0.06960909,0.09214634,0.093212046,0.14276057,0.03442463,0.15653345,0.05410291,0.18638694,0.21915519,0.02119984,0.0396755,0.14550494,0.042836875,0.012184171,0.005786996,0.08219636,0.06531638,0.13637796,0.034253735,0.09657571,0.018575596,0.19717044,0.08051709,0.063255586,0.026830196,0.119783886,0.025736026,0.024324086,0.1143284,0.042976342,0.01882781,0.12631735,0.047821864,0.25936785,0.039672557,0.46042502,0.00415411,0.042660996,0.064318,0.10913416,0.022073967,0.14817528,0.6723136,0.31186697,0.040941626,0.040586058,0.06640775,0.0229552,0.015476216,0.11284149,0.014078258,0.0072249305,0.009872604,0.49632505,0.05830304,0.042106748,0.002689757,0.24123076,0.0034265257,0.007604619,0.04075182,0.6135871
BC2026_Train_0002_S08_20250607_030007_25,0.010470859,0.42061976,0.00072911097,0.0005673071,3.156542e-08,0.031453267,0.00031784395,0.001575053,0.0011890344,5.717122e-05,0.01266572,0.0013908593,0.00015904679,1.8748624e-08,2.968986e-07,0.00134477,0.00080796017,5.06341e-05,0.019818775,0.003133418,0.0112301335,6.5610866e-06,0.021414824,0.0013590279,0.29703125,1.0086477e-05,0.0036318414,0.079277456,0.01417758,0.101674765,0.58928955,0.003839872,0.112209946,0.0104602575,0.045649625,0.012317009,0.031357277,0.017878776,0.000748733,0.25597143,0.07316158,0.0008491068,0.82244205,0.012715223,0.009588172,0.009588172,0.5577602,0.020382354,0.012124934,0.025035782,0.6728978,0.7216268,0.7216268,0.0020337307,0.912269,6.5382906e-08,0.0014404616,1.4368818e-05,2.1851394e-05,0.015312294,0.0064465483,8.925699e-05,0.0075931377,0.044362452,0.00023958193,0.00032906633,0.0071684164,9.8834666e-05,9.438563e-05,0.0154462755,0.0010757935,7.085086e-05,0.024877004,0.034347564,0.12906055,0.025460437,0.05924435,0.096916884,0.012764674,0.02947985,0.021080015,0.006638242,0.12978801,0.0059957043,0.022493767,0.19528571,0.1446946,0.114975154,0.051435642,0.013277386,0.119851634,0.1081539,0.008975865,0.00503786,0.008961143,0.05015578,0.0153207,0.18235964,0.04840162,0.017707963,0.254511,0.010996186,0.26141694,0.66643095,0.665212,0.025678445,0.03357035,0.0043827705,0.031570908,0.071869396,0.040598627,0.25125617,0.02340353,0.09940916,0.020605113,0.1743023,0.037008815,0.02273595,0.016480392,0.19304249,0.41693392,0.13637167,0.28397185,0.13068534,0.22397135,0.028187294,0.022730034,0.026917271,0.02407831,0.024181664,0.022516087,0.18660903,0.03786474,0.03243468,0.054175656,0.013734231,0.17758887,0.17953119,0.045295015,0.07841469,0.0030151857,0.027954968,0.030345265,0.03926838,0.16839789,0.012486619,0.1385462,0.0027679196,0.10036613,0.031549074,0.030829068,0.02024732,0.03129352,0.025108203,0.016772252,0.011397817,0.0089795785,0.037486903,0.022760851,0.052876826,0.006354259,0.06986967,0.021049596,0.14901671,0.064294435,0.32720125,0.008398754,0.11950985,0.0892671,0.46058777,0.05843401,0.003311419,0.04407441,0.06958655,0.14103663,0.11449739,0.020420413,0.1639127,0.056638867,0.1647232,0.2343648,0.024522468,0.039266042,0.057464883,0.1274014,0.011792116,0.0048265164,0.07661838,0.061387252,0.13293265,0.032807585,0.10765715,0.019498188,0.19149944,0.0638842,0.041338053,0.018319461,0.121180765,0.02496224,0.022481557,0.089786075,0.02288225,0.0151192695,0.10989933,0.04839063,0.21785536,0.043244287,0.49970612,0.003715598,0.036845904,0.07888264,0.13881789,0.021844354,0.13883494,0.7060818,0.3520015,0.033480614,0.043066446,0.059430737,0.020933492,0.0138115175,0.066013105,0.010511089,0.008342285,0.007897964,0.4723389,0.042914096,0.050829,0.0028623529,0.14344145,0.003380008,0.008344618,0.043654665,0.6117734
BC2026_Train_0002_S08_20250607_030007_30,0.007962612,0.36701497,0.0007869147,0.0006827173,3.3033434e-08,0.024089444,0.00033314843,0.0010720595,0.0010967499,6.3452884e-05,0.01615701,0.0016019106,0.00017955435,1.9727164e-08,3.256968e-07,0.0012261085,0.0010064704,5.737028e-05,0.0198677,0.0016088242,0.020623732,5.0035296e-06,0.013944455,0.001106187,0.37073123,1.0876486e-05,0.0031701021,0.07873016,0.013535143,0.09376627,0.5622242,0.0030979586,0.09910327,0.008651483,0.045845248,0.009540098,0.02770813,0.015067508,0.00066780497,0.2256492,0.061963093,0.00079621584,0.80228436,0.0102051385,0.0080543645,0.0080543645,0.5349831,0.01686168,0.009983626,0.020378187,0.64398974,0.69338167,0.69338167,0.0017713385,0.9236031,6.0884574e-08,0.001445488,1.196942e-05,1.7970464e-05,0.008624893,0.005448622,9.595408e-05,0.0082853325,0.054684844,0.00019744018,0.00027181144,0.0060172346,9.7173564e-05,9.550416e-05,0.01617545,0.0010740261,7.2520306e-05,0.054370694,0.021832269,0.12559126,0.021213448,0.046398662,0.12776269,0.017626133,0.024574826,0.028041745,0.007724126,0.11516751,0.0066542784,0.02242961,0.17367734,0.12599705,0.1012267,0.06983889,0.019663725,0.08644305,0.18685614,0.008464079,0.004666053,0.008754362,0.05391485,0.01095247,0.1704208,0.07152004,0.021985745,0.28342968,0.012297188,0.22836114,0.6684575,0.7081926,0.025114277,0.055363167,0.005889371,0.049191415,0.086926214,0.05894521,0.3016175,0.024871113,0.11749268,0.029019082,0.24334416,0.041999266,0.016854635,0.0109892525,0.18658295,0.23754309,0.14448252,0.2626897,0.14141804,0.22116655,0.047621243,0.026682373,0.033053044,0.027017875,0.027401762,0.029264275,0.22086102,0.031214215,0.033043418,0.10017594,0.010163142,0.1648621,0.1917387,0.0668149,0.07915433,0.0025847177,0.03872281,0.04137828,0.048741683,0.07160793,0.018183311,0.38397667,0.0029968487,0.101698406,0.0342667,0.031641923,0.0296641,0.040620368,0.027157413,0.02341622,0.022238037,0.010143535,0.06215205,0.02818664,0.033158522,0.006198983,0.083089516,0.02451276,0.22024167,0.07129778,0.26116803,0.008460507,0.041055474,0.17381756,0.51613414,0.12854233,0.0022917858,0.068437845,0.08615683,0.09591841,0.1982247,0.027740471,0.15151475,0.06772845,0.1814046,0.43401733,0.028810456,0.03329342,0.072154,0.048940264,0.011238466,0.0039310944,0.06700577,0.058493827,0.1598528,0.037051488,0.16434051,0.022244306,0.20481955,0.094864294,0.04643513,0.022049865,0.14705531,0.026468385,0.017699119,0.15436459,0.018633407,0.0184712,0.11553586,0.05600787,0.4647576,0.0480877,0.42651924,0.0051643196,0.041984264,0.05411865,0.18689285,0.024531286,0.09493961,0.6929994,0.35975146,0.032498594,0.040170275,0.06508676,0.022797193,0.025965834,0.12134179,0.010593805,0.010439815,0.007349375,0.5005342,0.082828,0.04855304,0.002550288,0.20750177,0.004267916,0.007829408,0.046711333,0.64952916
BC2026_Train_0002_S08_20250607_030007_35,0.011667964,0.33812326,0.00075123395,0.0003728129,3.6273065e-08,0.03135181,0.00027654687,0.0012705259,0.0008240799,4.4895576e-05,0.012176571,0.0019173037,0.00013585696,1.8747064e-08,3.0628345e-07,0.0011147643,0.0011093843,5.2904627e-05,0.011404229,0.001687455,0.013467422,3.9081883e-06,0.014720277,0.001173578,0.33500832,1.3267388e-05,0.0024580804,0.09120722,0.011781499,0.0907405,0.55639946,0.0025198765,0.08610114,0.006706647,0.04572122,0.008012922,0.02603747,0.014251943,0.0004930931,0.19672005,0.055766296,0.000590034,0.7994797,0.0094773155,0.0062655653,0.0062655653,0.52651256,0.0135022495,0.008729466,0.018257648,0.6346522,0.6859771,0.6859771,0.0014485649,0.9173337,7.4830226e-08,0.0014520929,9.92883e-06,1.863993e-05,0.012258706,0.005405475,9.83196e-05,0.0073345634,0.04035217,0.00022824679,0.0002152895,0.004313411,0.000102338505,0.0001089611,0.016501185,0.0010806062,6.630001e-05,0.022655139,0.018798426,0.09935453,0.022250732,0.050203238,0.09848788,0.016424177,0.025126647,0.019470567,0.008295859,0.10041099,0.006080598,0.018123377,0.16273966,0.089986995,0.13815159,0.05013275,0.015602492,0.096962474,0.11257227,0.009632643,0.0038204552,0.008792371,0.05045337,0.014554983,0.1509075,0.065665066,0.018441197,0.23124832,0.012802417,0.16251516,0.6375563,0.7720168,0.021892244,0.046943862,0.0069112335,0.045423385,0.06521949,0.039866656,0.30721068,0.012848221,0.100163594,0.020031862,0.22686377,0.04760202,0.023186,0.009364303,0.1753995,0.2375994,0.096924916,0.35105038,0.13893285,0.2313771,0.03677946,0.029539445,0.023640677,0.01614493,0.029104726,0.029622026,0.2230977,0.032848064,0.034263022,0.05850329,0.010910829,0.121578,0.18345565,0.04876502,0.04985744,0.0019510894,0.022362333,0.039193407,0.03287057,0.071575895,0.029577978,0.16654947,0.0027233462,0.09334384,0.031088775,0.036393467,0.030340405,0.033663336,0.024914533,0.017819509,0.016034527,0.011448637,0.03497806,0.032173153,0.034235965,0.0048499596,0.09079534,0.02411182,0.16018917,0.09405116,0.22338116,0.0067237904,0.035729554,0.082158186,0.4400059,0.08154082,0.0028574166,0.055693287,0.08338043,0.10151128,0.17344709,0.027860165,0.09824968,0.07612291,0.21588838,0.20429234,0.021656549,0.03236624,0.20573163,0.050359733,0.010097304,0.004872199,0.06482128,0.045716576,0.14127208,0.026695846,0.089458056,0.016984163,0.14327909,0.05825808,0.079049654,0.017029766,0.12832159,0.027009921,0.021173721,0.09075125,0.019689472,0.015651468,0.084491566,0.041302986,0.31962118,0.04445509,0.47084475,0.0033478416,0.043747693,0.05154659,0.09776399,0.054702617,0.0900334,0.6820165,0.29833078,0.03678186,0.043667983,0.05572689,0.020890998,0.013771024,0.08068505,0.019585308,0.008448304,0.008538171,0.38020247,0.03578629,0.049201205,0.002743575,0.15897027,0.0044186283,0.0061428524,0.03555817,0.5331648
BC2026_Train_0002_S08_20250607_030007_40,0.008755937,0.38228467,0.0008801653,0.0010777132,3.2973634e-08,0.029279169,0.00033467181,0.0015634403,0.0011847555,6.1896666e-05,0.014015443,0.0014688564,0.00015266496,2.1964945e-08,2.9961606e-07,0.0013706088,0.0011066213,5.5108132e-05,0.021335958,0.0023445296,0.011719003,5.8732703e-06,0.016032396,0.00091526366,0.4417762,1.1044527e-05,0.0031279298,0.08818874,0.014256159,0.095142126,0.5882939,0.0031144768,0.10422937,0.009454057,0.04600022,0.010270391,0.027114332,0.015577471,0.00064814853,0.22410366,0.06696712,0.00079832086,0.80841327,0.010733423,0.0079456335,0.0079456335,0.53846824,0.016815083,0.010439575,0.021504939,0.6493321,0.70016694,0.70016694,0.0018378354,0.9214675,6.241986e-08,0.0014430624,1.2952683e-05,2.121313e-05,0.010771107,0.0067355763,9.22102e-05,0.008763581,0.053144317,0.00033394457,0.0002521044,0.0047946917,8.727227e-05,9.433979e-05,0.016427146,0.0010752591,7.915053e-05,0.021609847,0.021142146,0.108989075,0.01888138,0.045875546,0.11257238,0.0261411,0.022364734,0.030772677,0.01628954,0.12962262,0.0043314807,0.03237147,0.17542385,0.23753956,0.11309786,0.04815296,0.02272126,0.20322222,0.11789431,0.010155797,0.0039662938,0.009645832,0.049826898,0.012102237,0.23444887,0.044984125,0.018294312,0.22582413,0.016605692,0.15716194,0.6478567,0.70751363,0.01982794,0.039694138,0.005796873,0.039257247,0.05746669,0.050355896,0.27814037,0.01875544,0.09110465,0.022878367,0.16980937,0.048457902,0.019426458,0.01029512,0.14752941,0.1684502,0.10694818,0.21392645,0.11046904,0.22473925,0.028916407,0.027123438,0.025300944,0.016257828,0.02084128,0.023851318,0.2234024,0.040844392,0.05925701,0.067358576,0.008984557,0.107695416,0.153476,0.06129098,0.05639065,0.002157819,0.026249746,0.03838323,0.035708822,0.06046526,0.018585693,0.21818267,0.002538287,0.11009177,0.028755479,0.038053904,0.03199102,0.0496413,0.02642665,0.018953564,0.017707571,0.010573433,0.0366765,0.02583887,0.04878784,0.0065410803,0.08990379,0.019730039,0.19867583,0.099122,0.36563602,0.008644319,0.038139347,0.098759,0.4651789,0.065898366,0.0025745041,0.05476385,0.08183661,0.09390873,0.11414889,0.022967303,0.11715706,0.069447406,0.19431908,0.25573385,0.024526311,0.038342003,0.081949785,0.033281546,0.009303123,0.005857949,0.110359356,0.054731116,0.15400225,0.031521346,0.12757832,0.018840307,0.11840477,0.07105939,0.059039168,0.035431452,0.11443786,0.022444684,0.019263282,0.11103638,0.020084007,0.017641522,0.11560834,0.050257724,0.32110265,0.04124075,0.49055734,0.0035437734,0.038115777,0.060042743,0.12440648,0.027150767,0.084174335,0.67118776,0.31817424,0.031143421,0.047429074,0.06262577,0.023413368,0.015363489,0.12741628,0.011581819,0.0064977026,0.008221876,0.47650224,0.03647808,0.06883743,0.0029904712,0.1610198,0.0034763222,0.0071754083,0.044916146,0.48491216
BC2026_Train_0002_S08_20250607_030007_45,0.009954092,0.51407355,0.002257063,0.0007178259,3.6433278e-08,0.036078125,0.00031261664,0.0014150994,0.0011778427,7.794083e-05,0.01279854,0.011313694,0.00017615313,2.2368136e-08,3.6936174e-07,0.0015625547,0.0015513655,6.337295e-05,0.018784653,0.0018146944,0.008045096,7.5883427e-06,0.012955342,0.0015068597,0.51430833,1.16995425e-05,0.003956885,0.15790248,0.030257197,0.14282519,0.5784229,0.004321523,0.12683585,0.012561384,0.046284426,0.01468155,0.036580496,0.022759499,0.00085931964,0.27822503,0.085809715,0.00081205886,0.8209392,0.014653635,0.009227141,0.009227141,0.5685574,0.022842078,0.014813225,0.030463759,0.6697185,0.7178555,0.7178555,0.0023098243,0.9131539,7.164898e-08,0.001447056,1.2127708e-05,3.3591186e-05,0.01071514,0.0063129663,0.0001031802,0.008763079,0.066367455,0.0003688643,0.0002893012,0.005169671,0.00010339955,0.00010486834,0.031561106,0.0010829367,7.077074e-05,0.026443675,0.020081794,0.24698469,0.024330242,0.044851396,0.10856285,0.01929572,0.020019075,0.015758283,0.009350011,0.13608813,0.004879902,0.016448006,0.1576036,0.15561497,0.115533456,0.05466805,0.013315446,0.09477555,0.35119498,0.0061414028,0.0039170487,0.009862379,0.04032817,0.015054279,0.17509614,0.067155965,0.01892333,0.35880628,0.016603298,0.18600571,0.68542844,0.69567865,0.030966943,0.048704874,0.0043479935,0.03637229,0.06657516,0.03748706,0.28819904,0.019988656,0.10791671,0.022790447,0.20017758,0.049183622,0.018047618,0.013789568,0.17412682,0.31905884,0.1304321,0.3558823,0.11114696,0.25248417,0.025031105,0.03237615,0.028302595,0.026182614,0.03273612,0.07100046,0.19065158,0.031493485,0.03314283,0.040590417,0.012386664,0.15226331,0.1651877,0.0497539,0.08207291,0.0030821338,0.022841236,0.04342187,0.041079246,0.13636155,0.011178983,0.17949933,0.002573453,0.08862574,0.026616465,0.03806187,0.029585868,0.037272677,0.03045822,0.030707281,0.02102978,0.014647532,0.04072724,0.026061324,0.033485826,0.0062442794,0.07944389,0.01619817,0.1812566,0.073288076,0.2735952,0.006375533,0.029359382,0.06265555,0.44289973,0.0864637,0.0028482706,0.0559921,0.07728286,0.06385332,0.15467799,0.026095252,0.12991871,0.052647453,0.31443512,0.26402566,0.02223689,0.02941797,0.21413183,0.032196514,0.008815593,0.0052159005,0.071242936,0.048013736,0.2289423,0.036078304,0.12039226,0.030453203,0.15225329,0.059935324,0.06814941,0.025181588,0.12136507,0.028400462,0.01495932,0.12244848,0.026243312,0.015111339,0.07790345,0.052747536,0.24582508,0.05179131,0.5056723,0.004446204,0.036125347,0.061858088,0.09462923,0.031132018,0.11207169,0.69146496,0.31898835,0.031377356,0.041569192,0.048369184,0.01706863,0.016322909,0.095231645,0.011744153,0.006287611,0.0082078,0.39312002,0.032071963,0.043551154,0.0028514448,0.11661234,0.003350991,0.00463861,0.03466107,0.4812538
BC2026_Train_0002_S08_20250607_030007_50,0.010457729,0.39623064,0.0008143804,0.0003954093,3.489435e-08,0.030809637,0.00026927594,0.0011496126,0.0009317581,5.7676018e-05,0.011519203,0.0017498003,0.0001747072,1.9647642e-08,3.1981742e-07,0.0013859296,0.0015476561,7.1176015e-05,0.052402463,0.0026630766,0.0072944225,7.322164e-06,0.04214138,0.0014818728,0.34830505,1.0370401e-05,0.0031230655,0.06902782,0.013166024,0.09277065,0.5763131,0.003027454,0.09883131,0.008443626,0.045726594,0.009688114,0.030066002,0.016660193,0.00061173696,0.22721283,0.06549511,0.0006856207,0.8151558,0.01102824,0.006943782,0.006943782,0.5456463,0.017071057,0.010976141,0.02242831,0.66333157,0.7113792,0.7113792,0.001684468,0.9180058,6.5845015e-08,0.0014412914,1.1674692e-05,2.0316415e-05,0.010360397,0.008457575,9.35915e-05,0.0075349067,0.07000343,0.0003556583,0.00026195424,0.008034883,8.307612e-05,9.829951e-05,0.021203639,0.0010745388,8.062892e-05,0.017057195,0.019894635,0.1097924,0.028084436,0.046174917,0.109616295,0.020261724,0.028477313,0.023209991,0.0066322275,0.099502735,0.009285916,0.028800914,0.16988419,0.22880498,0.1193315,0.051206205,0.02016432,0.1443618,0.123342834,0.008262202,0.0049650935,0.018864546,0.04583894,0.013722473,0.20237201,0.048042286,0.02630905,0.29950938,0.016564092,0.22925188,0.6059749,0.67268586,0.024418542,0.067218885,0.005845338,0.029849209,0.08013972,0.04525729,0.28555614,0.023382645,0.09422942,0.02410558,0.22292544,0.03946521,0.022339793,0.011013905,0.14348476,0.4620918,0.10361569,0.31647366,0.09123015,0.17766877,0.03245719,0.037735518,0.024153152,0.013344159,0.03353871,0.024781404,0.18124227,0.03127541,0.032870512,0.0811961,0.010772342,0.18709615,0.17772667,0.049387883,0.059647128,0.0022240342,0.04889316,0.03732577,0.034941174,0.07638354,0.01857941,0.20721044,0.0030206218,0.115224764,0.03190217,0.023192164,0.039252948,0.043068547,0.02925379,0.02096318,0.018103093,0.012594327,0.052824877,0.041002207,0.037874702,0.006902803,0.08574821,0.020584816,0.16029944,0.077660486,0.30384815,0.008123646,0.028058967,0.077423654,0.4852217,0.09425759,0.002194691,0.047101308,0.08279201,0.082280874,0.10676893,0.022239937,0.07694247,0.05628542,0.23736745,0.22304212,0.020824283,0.03450152,0.09615496,0.034212347,0.008234964,0.007835399,0.06808647,0.052893437,0.15853713,0.02666842,0.10909004,0.022345355,0.1339243,0.08129521,0.06032447,0.01979398,0.13051343,0.02431796,0.024690727,0.104413174,0.021517461,0.015854875,0.101770975,0.043508377,0.27632594,0.044997852,0.41064414,0.0034551616,0.04083563,0.070203885,0.077143654,0.05338244,0.09125979,0.68621206,0.30304453,0.043440655,0.040950514,0.042552523,0.020580264,0.018663602,0.07444794,0.023499947,0.006443595,0.010339215,0.4188415,0.03781444,0.043413788,0.002606983,0.11911622,0.0041039204,0.0062339148,0.03433335,0.52948004
BC2026_Train_0002_S08_20250607_030007_55,0.0069747707,0.36355892,0.0007738147,0.0004289762,2.9071726e-08,0.03099405,0.00026196867,0.0012040621,0.00077468983,5.1153616e-05,0.011158525,0.0018591245,0.0001866108,1.9516067e-08,3.1069865e-07,0.0013720451,0.0017615976,5.247635e-05,0.030794287,0.0014960207,0.008981475,5.2215673e-06,0.01574517,0.0006808405,0.41133264,1.1561091e-05,0.0027656502,0.06901281,0.011045225,0.08217202,0.57171583,0.0025250579,0.09308789,0.0069235056,0.045682788,0.00832537,0.027786884,0.015489576,0.0005228251,0.18356149,0.05843937,0.00058871816,0.8024107,0.00939498,0.007154064,0.007154064,0.5274865,0.015361976,0.009180716,0.01947206,0.6396716,0.6920188,0.6920188,0.0014414538,0.91634226,6.4041245e-08,0.0014433092,1.0487319e-05,2.0989532e-05,0.008016393,0.005226052,0.00010009147,0.0051990543,0.046327,0.00021192807,0.00020889324,0.0049632723,7.658007e-05,0.00010301972,0.0156186065,0.001072791,6.593316e-05,0.024325224,0.022926217,0.11129142,0.02219156,0.04758221,0.1253616,0.031799294,0.018210882,0.018934947,0.011396082,0.10343689,0.008047964,0.026454382,0.17975952,0.12232291,0.13257687,0.06715698,0.017406117,0.09342906,0.13702038,0.00939332,0.0037119992,0.008072296,0.03970802,0.011542029,0.15305544,0.051570978,0.02748333,0.28624272,0.010463346,0.20653796,0.6275667,0.6619282,0.030821666,0.06919681,0.0061394367,0.053364053,0.10414894,0.056106713,0.34854925,0.03295989,0.13884622,0.025826104,0.22833973,0.041546147,0.017199287,0.010482303,0.15176511,0.24484055,0.15363644,0.43826178,0.105272666,0.15761316,0.035159435,0.03204521,0.026832314,0.023443526,0.024454985,0.029937407,0.20723934,0.028272413,0.036997583,0.052676696,0.010042545,0.10505331,0.18073112,0.05689029,0.04276087,0.002417196,0.030157253,0.050237205,0.028170042,0.08514879,0.014726354,0.2533037,0.0025928642,0.1054458,0.029249819,0.023765422,0.028446535,0.055334352,0.021375675,0.020187365,0.019872779,0.008825184,0.042909753,0.030999329,0.03566745,0.005415826,0.08907169,0.016482817,0.196573,0.072229505,0.27909526,0.007672115,0.035141636,0.10791019,0.4901572,0.09399877,0.0026276833,0.06241313,0.09754972,0.08740941,0.10073452,0.035153266,0.112483434,0.055890147,0.21945055,0.29213804,0.02647043,0.036746554,0.1558616,0.041127354,0.013047388,0.0075771348,0.10161926,0.060706295,0.12754743,0.045713708,0.115474,0.0190316,0.1758175,0.07211243,0.07462854,0.017859092,0.15607134,0.023493908,0.023632785,0.15123768,0.020759044,0.014902087,0.1294883,0.044334896,0.3895032,0.051748674,0.5165174,0.0037174725,0.042970486,0.07404106,0.12212966,0.024328833,0.10209739,0.6547017,0.35638002,0.055303894,0.03767273,0.052770592,0.018633544,0.017853731,0.10855422,0.01641904,0.006507226,0.010586871,0.5124571,0.044939257,0.052054122,0.0031594548,0.1790478,0.003714667,0.007421847,0.06330926,0.74313337
BC2026_Train_0002_S08_20250607_030007_60,0.009881597,0.26572755,0.0015943932,0.0006697726,4.057144e-08,0.023244789,0.00027710333,0.0015608759,0.0007864077,4.966049e-05,0.01003628,0.0029790737,0.00021491676,1.8164421e-08,3.4282593e-07,0.0009899829,0.0010665426,5.4894805e-05,0.03108318,0.0027587463,0.008334299,6.268446e-06,0.015228454,0.0018145993,0.25881013,9.713532e-06,0.002302953,0.09834367,0.013720788,0.077903494,0.5108213,0.0024079052,0.07203108,0.0068569854,0.04517946,0.009171785,0.025795495,0.011385379,0.00049959606,0.1612161,0.04648451,0.0005580864,0.75750583,0.009314831,0.005189752,0.005189752,0.47552496,0.010232389,0.0064040367,0.013604117,0.57084936,0.619751,0.619751,0.0015029955,0.892261,7.2746104e-08,0.0014344569,1.2387506e-05,2.533496e-05,0.007140359,0.009211006,0.00010282241,0.0076587824,0.040350568,0.00034110167,0.00022198177,0.0038183297,6.8256464e-05,9.104614e-05,0.016124409,0.0010608202,6.799107e-05,0.024718558,0.014080653,0.24634969,0.024012582,0.09752064,0.09420185,0.019627672,0.018804474,0.020066325,0.008663292,0.08355375,0.004994245,0.012827419,0.12576598,0.23074722,0.15438509,0.042377237,0.012440548,0.08985643,0.1289675,0.0062775793,0.0040339697,0.0130359065,0.04071961,0.014086024,0.14465463,0.047777977,0.017216772,0.27168164,0.007172118,0.13320744,0.63744223,0.5531964,0.039871544,0.07052315,0.0073084706,0.037968196,0.07561613,0.040986735,0.3257159,0.01819046,0.13070704,0.02118053,0.32587367,0.067425646,0.015857026,0.015993087,0.13870028,0.26307634,0.11325368,0.43921587,0.09666132,0.12190709,0.021683645,0.034120243,0.023639139,0.025295712,0.024152303,0.028686807,0.22984713,0.024700325,0.03414102,0.07498422,0.013569877,0.087391704,0.18400514,0.055087157,0.047133397,0.0026414408,0.022082001,0.05186974,0.03292432,0.054696944,0.018084712,0.14160304,0.0026919758,0.08288979,0.024768906,0.023593958,0.04167052,0.040254474,0.036157414,0.024543442,0.014554087,0.009437259,0.05469724,0.020892482,0.023216125,0.004803471,0.07683449,0.019575242,0.13126153,0.14468999,0.17475629,0.007914771,0.041369673,0.081282526,0.40597236,0.08999921,0.0027352653,0.03810586,0.08033436,0.06364291,0.1458928,0.031276982,0.09872608,0.056027386,0.170395,0.18846962,0.15077744,0.03641707,0.06725677,0.023309963,0.010288865,0.007908501,0.06622886,0.04496055,0.15268995,0.05270317,0.08320764,0.017266795,0.118130185,0.06089259,0.056571987,0.016231744,0.115294605,0.026459798,0.019374589,0.0904381,0.022280823,0.012875816,0.09529784,0.046193834,0.5876659,0.037080336,0.37063357,0.004381333,0.03717363,0.07186751,0.086789146,0.023278456,0.115736775,0.56466115,0.19775036,0.038989503,0.034822483,0.051980115,0.017278,0.015669331,0.103420764,0.00901766,0.004855566,0.0064881346,0.40500778,0.039517794,0.07855195,0.0027012953,0.1761673,0.0034878831,0.004953115,0.03984924,0.65001297
BC2026_Train_0003_S08_20250607_070007_5,0.03786524,0.45428562,0.0011719605,0.0016152795,3.4671373e-08,0.049254674,0.0007967519,0.0013029466,0.00052007375,5.344424e-05,0.107457235,0.00067780283,0.00015745118,4.7651167e-08,2.9842778e-07,0.0052544964,0.00017459031,6.244916e-05,0.15215784,0.014309544,0.005147658,2.628792e-05,0.013658754,0.00020669555,0.087883964,9.020346e-06,0.0063596596,0.01790408,0.006516118,0.040946264,0.020392925,0.00046563864,0.5123801,0.0020788293,0.004141734,0.0011591964,0.027670134,0.6330936,0.00073859567,0.027494522,0.6676489,0.0006595966,0.044030193,0.0016754954,0.042693175,0.042693175,0.7430075,0.08338065,0.24498871,0.504812,0.0147622265,0.01513942,0.01513942,0.0015737669,0.77424884,9.076815e-08,0.0011227822,9.435406e-06,2.3946495e-05,0.0062937345,0.009173781,0.00011593831,0.003011604,0.02655528,0.00032739178,0.00021945861,0.025239784,0.00013388318,0.000531362,0.015872918,0.001151634,0.00012952968,0.030451512,0.041056063,0.11452076,0.033853795,0.14201951,0.42304024,0.034254394,0.18397397,0.08539446,0.011921181,0.28792235,0.0048166923,0.097577296,0.10419298,0.028084924,0.14435853,0.07106894,0.025886334,0.1222002,0.108953424,0.019546794,0.0920526,0.08691565,0.26429152,0.0866617,0.9677013,0.08684445,0.04400307,0.06666111,0.032353498,0.41373518,0.53074557,0.48666024,0.08575826,0.0118913045,0.008429313,0.16875646,0.08679781,0.03102639,0.23668644,0.015058538,0.1629351,0.0438787,0.4308795,0.04439164,0.057998784,0.03380454,0.34190658,0.84382856,0.56871057,0.17444359,0.2742115,0.43766543,0.056367774,0.07624482,0.2298689,0.03465221,0.19518752,0.07088676,0.25071427,0.039797854,0.08754585,0.07932658,0.0150860455,0.26436093,0.17143637,0.10733492,0.046847437,0.0051574456,0.17304829,0.1346198,0.054995928,0.024097448,0.0062189586,0.20066285,0.01708686,0.2538892,0.10541545,0.054347284,0.021752844,0.07624067,0.018911628,0.4699093,0.015881717,0.0919448,0.02222988,0.043517295,0.039826564,0.04057051,0.07189724,0.070684925,0.08390536,0.1394028,0.11989541,0.09922541,0.105354056,0.036312155,0.4291674,0.2165593,0.009392782,0.06606017,0.11862592,0.22688429,0.41294897,0.020510996,0.11901131,0.052821208,0.69412225,0.14434135,0.004951703,0.019346172,0.081740946,0.038314357,0.016237523,0.0024372623,0.061236925,0.021861201,0.19998984,0.07733517,0.28481823,0.019247457,0.28283688,0.11660592,0.14694127,0.051821332,0.11444483,0.048700906,0.03295588,0.10807438,0.01394585,0.011810778,0.12383524,0.20128816,0.1953231,0.19154781,0.58342636,0.019431671,0.11006311,0.120408975,0.11497848,0.04464825,0.07161484,0.52878064,0.33322713,0.11341357,0.10324366,0.03987969,0.052064154,0.028385518,0.013622038,0.02292124,0.012630423,0.017294819,0.71877044,0.017299928,0.09545365,0.015489947,0.15251075,0.008349096,0.033823837,0.065726206,0.063500285
BC2026_Train_0003_S08_20250607_070007_10,0.02384866,0.52664113,0.0016129545,0.0013953724,2.8137586e-08,0.07593141,0.0035211162,0.0035699971,0.00087098894,8.284666e-05,0.5099169,0.0015148311,0.00017229299,3.945287e-08,3.558792e-07,0.0026851294,0.00014439313,6.2916064e-05,0.06243878,0.027193513,0.0047752196,1.6586468e-05,0.010757779,0.00024960705,0.12406395,1.030031e-05,0.0044742622,0.027045703,0.011886496,0.036077034,0.038790554,0.00064601004,0.5952839,0.0027007419,0.0042094095,0.0013428247,0.031854473,0.61421126,0.0014238707,0.04670125,0.6886517,0.001107939,0.055561684,0.0022073162,0.050768327,0.050768327,0.76101804,0.121940225,0.2892967,0.49975342,0.0198392,0.020429904,0.020429904,0.0027773038,0.77491426,1.002426e-07,0.0011280541,6.107819e-06,1.8989613e-05,0.0056557176,0.005603032,0.00011080745,0.005713266,0.014464405,0.00029328046,0.00042022878,0.016374081,0.00020160957,0.0002879019,0.020182665,0.0011510008,0.00012498964,0.05324949,0.049494967,0.25922817,0.04461632,0.108562544,0.4027523,0.082149446,0.5943804,0.077285044,0.0119116735,0.4620198,0.0064129294,0.0998594,0.23177467,0.03264837,0.21919307,0.085638836,0.042732112,0.09222894,0.1079353,0.031067101,0.15578204,0.060047306,0.10871268,0.1226184,0.9860128,0.09104121,0.08067313,0.080899544,0.036675073,0.34428325,0.51050174,0.5071405,0.19545919,0.013704894,0.008918272,0.25356287,0.09346388,0.038665958,0.44671136,0.016197322,0.20302676,0.045043766,0.37097865,0.056417454,0.07891824,0.038096838,0.31871784,0.7158918,0.42576024,0.15502423,0.2899493,0.30213803,0.062209602,0.13281186,0.08622568,0.03652804,0.26688337,0.059199177,0.2774358,0.13830301,0.20136896,0.106121846,0.012892573,0.34975216,0.19482462,0.17667706,0.062391557,0.009635141,0.17856853,0.085717455,0.054077305,0.028501028,0.01403777,0.27562746,0.03464433,0.51648986,0.12240246,0.12638815,0.018726341,0.0778618,0.023000838,0.21627162,0.016974462,0.15329441,0.03627606,0.050318737,0.09910489,0.023459047,0.1225151,0.27564213,0.10720681,0.20028427,0.11229819,0.10817465,0.06760986,0.028974945,0.55435586,0.4200125,0.009142087,0.13424271,0.22746778,0.117316864,0.40977168,0.020818625,0.050075777,0.029936833,0.68697613,0.22222774,0.005299449,0.021858105,0.06334937,0.030489461,0.013174136,0.00467103,0.077528186,0.021654561,0.25640464,0.103505194,0.8677209,0.020815985,0.46443224,0.08916111,0.12002789,0.1600804,0.15694252,0.04597567,0.12574017,0.14015336,0.032048497,0.011884699,0.24320866,0.125902,0.23632208,0.10842213,0.41807106,0.020697456,0.114399746,0.095087424,0.09959183,0.050360274,0.06262209,0.5420921,0.26422927,0.12502751,0.084008865,0.027366815,0.088782996,0.025621727,0.013059578,0.036432695,0.010944715,0.017092016,0.6504936,0.01989681,0.090101965,0.020358454,0.17395332,0.011188535,0.07710996,0.09856595,0.09760055
BC2026_Train_0003_S08_20250607_070007_15,0.01649323,0.42690936,0.0014459991,0.0011344369,3.4977e-08,0.09010741,0.0012334974,0.0023075487,0.00092313427,0.00013053733,0.5894499,0.0015786652,0.00016580071,4.0595047e-08,3.6191796e-07,0.0028376887,0.00018149009,5.9954808e-05,0.11117236,0.019387787,0.0055294144,1.8718345e-05,0.009086496,0.0004136817,0.077317074,1.0255432e-05,0.0055524274,0.018871076,0.01115944,0.05632432,0.022683434,0.0008192578,0.5263464,0.0025346358,0.004242114,0.0015675924,0.030341076,0.5797111,0.0010080768,0.033890024,0.64717716,0.0009038605,0.056660976,0.0025842632,0.053524554,0.053524554,0.7360158,0.100961156,0.27163747,0.4619408,0.01954653,0.020156855,0.020156855,0.0021652528,0.7763755,1.05133125e-07,0.001114291,8.494414e-06,2.2646487e-05,0.0043537267,0.008151936,0.0001055452,0.005068387,0.02147812,0.00029724592,0.00051364873,0.013074467,0.00011362437,0.00031784558,0.023583487,0.0011473217,0.00011227644,0.031821623,0.04991096,0.2097643,0.030202232,0.09144706,0.37147585,0.0377976,0.27997312,0.07588405,0.011325985,0.5809669,0.0047520376,0.09343652,0.20049427,0.025355978,0.29749453,0.074193254,0.083400674,0.20869218,0.069890685,0.0250446,0.14945206,0.17032225,0.12949221,0.19572191,0.9773921,0.18508868,0.073054984,0.062122297,0.03862758,0.29720065,0.57303584,0.43657953,0.14715673,0.010246677,0.010285019,0.3468184,0.04918055,0.023140348,0.34011012,0.01228752,0.1514243,0.057531618,0.28918093,0.083050065,0.12849742,0.050616983,0.5171012,0.6326252,0.30976927,0.10972769,0.2807932,0.29356614,0.055747483,0.093634605,0.07677723,0.024555953,0.20710231,0.0635178,0.29855978,0.06635238,0.24727625,0.09172686,0.012898838,0.49154928,0.16201095,0.15905294,0.19019154,0.011289086,0.1628102,0.07824058,0.04858224,0.033474244,0.0062437044,0.15349682,0.10792791,0.517235,0.26167122,0.10872508,0.02239423,0.08873231,0.021490589,0.12866452,0.0141693,0.053744946,0.021069882,0.0641633,0.1783059,0.021646414,0.09514039,0.20679553,0.12309213,0.13290352,0.17641689,0.12686428,0.088137515,0.0209999,0.55553377,0.6153877,0.015969083,0.04946225,0.09693338,0.12103439,0.17602023,0.014902128,0.07548909,0.023722347,0.5846719,0.25048244,0.00468837,0.029717384,0.055342264,0.03967129,0.019425733,0.00433612,0.0389599,0.018010389,0.17966947,0.09734836,0.99443936,0.030635724,0.37116256,0.0596947,0.12530623,0.10005021,0.09280838,0.026548142,0.16367409,0.08082582,0.022900794,0.012945934,0.21077077,0.10886317,0.17517915,0.11783094,0.31291702,0.030804874,0.11442801,0.045511305,0.09956515,0.041196313,0.060782418,0.53651977,0.27104393,0.10081885,0.0919337,0.03344291,0.058635928,0.019552376,0.010595825,0.031373873,0.02253198,0.013071399,0.64259374,0.03097859,0.124499895,0.02227109,0.16993842,0.01711587,0.035181012,0.08410805,0.07267448
BC2026_Train_0003_S08_20250607_070007_20,0.039932564,0.5205276,0.001747679,0.0017105674,3.878914e-08,0.050613623,0.0013483183,0.0018479958,0.00053334533,5.8862322e-05,0.08648309,0.0008231862,0.00014212458,3.987803e-08,3.258825e-07,0.003939126,0.00019942487,7.673014e-05,0.090514824,0.023543807,0.005454089,2.528993e-05,0.0092022335,0.00020023872,0.11970681,1.3087068e-05,0.00703643,0.029362049,0.008433841,0.049697123,0.026833873,0.00056061015,0.54193175,0.0024360875,0.0041292515,0.0012781126,0.02794566,0.6575486,0.0011670879,0.030565191,0.68545026,0.00087308086,0.044283587,0.001998036,0.05323254,0.05323254,0.7632855,0.10181434,0.3078013,0.5247803,0.015448567,0.015751353,0.015751353,0.002141218,0.7822802,8.322742e-08,0.0011154647,8.552176e-06,2.0118205e-05,0.0071613896,0.005028848,0.000121318895,0.004445175,0.018157642,0.00024163778,0.00022331133,0.012477626,0.00015173959,0.0003682798,0.0193712,0.0011645524,0.00010709209,0.03939674,0.041684274,0.13105379,0.035789493,0.09292428,0.42082164,0.050895996,0.47775757,0.051763523,0.010254026,0.26868924,0.005699931,0.06507788,0.09188817,0.029785955,0.3932517,0.092633516,0.044347797,0.13109125,0.122649424,0.023299463,0.15839477,0.04235708,0.082433164,0.059773795,0.9736883,0.27823335,0.08960628,0.055305444,0.032651264,0.40592423,0.54008174,0.59753066,0.0677619,0.011032687,0.008257375,0.18264282,0.05981346,0.036695197,0.28718308,0.03648607,0.1656996,0.04331326,0.44790027,0.03914571,0.05517386,0.03603911,0.36075664,0.82490826,0.33823586,0.21946304,0.2469362,0.22503154,0.07910258,0.072885625,0.08765012,0.02541213,0.279571,0.089574285,0.29071915,0.047441706,0.1937488,0.066586055,0.012661883,0.55451244,0.15189536,0.13586964,0.056753017,0.009289953,0.45358342,0.11524993,0.061217077,0.030963708,0.0067728246,0.1404104,0.01763054,0.5113915,0.10392652,0.08816505,0.02140662,0.09954676,0.025457209,0.49868223,0.018526847,0.06061092,0.028073533,0.038577393,0.090404384,0.024779437,0.07303386,0.24964443,0.12561035,0.13157862,0.16727707,0.09099859,0.073507234,0.026638053,0.49940133,0.2324248,0.011260967,0.07469082,0.16926116,0.11130824,0.18586966,0.016692866,0.073777266,0.028112851,0.6750642,0.18596101,0.0038466055,0.016383061,0.11637396,0.04106729,0.0162103,0.0029775256,0.09473961,0.023419553,0.18271513,0.11204919,0.40277454,0.026524499,0.27396598,0.120988026,0.18177953,0.13268751,0.08740719,0.025818624,0.082871936,0.09761048,0.01822088,0.024823861,0.12965815,0.106423534,0.22427288,0.16321982,0.4937749,0.024139533,0.15404455,0.09252337,0.10082474,0.0931546,0.07953715,0.39426187,0.3097438,0.082831964,0.08420959,0.027442986,0.08655116,0.02632557,0.010466145,0.024922604,0.011714853,0.022879813,0.613868,0.020799434,0.07535853,0.021232015,0.19213922,0.00834078,0.04113249,0.05928742,0.0773985
BC2026_Train_0003_S08_20250607_070007_25,0.01969238,0.5601583,0.0052042203,0.003081002,2.8471641e-08,0.046749745,0.0010373881,0.0019424497,0.00060656545,7.612926e-05,0.0748015,0.002236199,0.00015844543,3.5858704e-08,2.9760233e-07,0.0035601154,0.00018688475,5.8240497e-05,0.028764432,0.014850256,0.005525903,1.1429102e-05,0.007865651,0.00019748352,0.08944455,9.337967e-06,0.009358179,0.04648885,0.01774567,0.04800121,0.022256322,0.0006687143,0.51838005,0.0033085716,0.0042477073,0.0015869295,0.025401955,0.62789947,0.0011667712,0.037247196,0.67651606,0.00080393965,0.043882906,0.0021627527,0.06232126,0.06232126,0.73821986,0.08798406,0.27196372,0.5000714,0.01358402,0.014514269,0.014514269,0.0022153738,0.75013304,6.989185e-08,0.001120329,6.5513073e-06,1.6222306e-05,0.0047494215,0.004127559,0.00010229603,0.004108533,0.0146712465,0.00026343315,0.00030673455,0.007682452,0.00016513337,0.00036488107,0.021401204,0.0011641423,0.00011646772,0.03583411,0.05195937,0.31375247,0.03579936,0.10039839,0.48396325,0.045553785,0.18956205,0.061481524,0.01068536,0.2897771,0.0043792836,0.10344145,0.11562644,0.029910132,0.21084823,0.122229755,0.02949484,0.09579241,0.16903532,0.01259818,0.13217646,0.060262945,0.07804343,0.09436243,0.8720589,0.10823557,0.13934757,0.061043832,0.025542239,0.38700533,0.59179187,0.50767606,0.08525522,0.009302863,0.00936404,0.26191694,0.06854842,0.052403465,0.33368862,0.015908856,0.16075285,0.031938687,0.5146992,0.037190903,0.08383451,0.03316358,0.67233557,0.52012527,0.31513426,0.1769079,0.27363566,0.28704154,0.07670533,0.07483122,0.103410624,0.027638707,0.34093675,0.14875264,0.27481788,0.041347317,0.12595415,0.07646717,0.0101707205,0.3152728,0.15941557,0.16740453,0.04142847,0.014163616,0.36981168,0.11141864,0.044878095,0.025060572,0.00879355,0.18125758,0.044281837,0.25922245,0.44415572,0.054247208,0.029920269,0.11139631,0.020126496,0.3667738,0.022025656,0.10087577,0.023964195,0.05097529,0.06466706,0.022050653,0.09429714,0.06528124,0.07191403,0.12788402,0.15718593,0.16254956,0.078536086,0.028148312,0.47917536,0.20041788,0.014942192,0.07759933,0.058638062,0.1015801,0.36111555,0.016962057,0.09275347,0.047898524,0.46780798,0.13378608,0.003996119,0.027116893,0.124334976,0.025068654,0.016878463,0.0039444626,0.056286767,0.033461966,0.30353245,0.12700467,0.31576142,0.021184815,0.31341088,0.09757641,0.1414633,0.08257818,0.1013474,0.036920585,0.10267037,0.11220813,0.01613052,0.01636958,0.16334888,0.119111985,0.1717621,0.1316347,0.5850139,0.02647989,0.14217915,0.08469309,0.17064065,0.042662796,0.06935295,0.42050195,0.4948231,0.11994796,0.0970986,0.029614456,0.03974096,0.02637627,0.008945592,0.034738578,0.010872589,0.018565154,0.61040497,0.021723956,0.08215656,0.027769271,0.14383195,0.0061004586,0.037795324,0.088848524,0.07964848
BC2026_Train_0003_S08_20250607_070007_30,0.022911113,0.54286826,0.0017308092,0.0030961994,3.5356717e-08,0.03781683,0.0010761844,0.0022889893,0.00046525922,6.0283503e-05,0.31907642,0.0010434401,0.00011868715,3.713383e-08,3.3548795e-07,0.0052631367,0.00027473652,5.9153557e-05,0.07372184,0.035615448,0.0069700275,1.6939644e-05,0.007836303,0.0002564461,0.0819378,8.403942e-06,0.007433457,0.022325426,0.007880492,0.04472942,0.022728598,0.00055230875,0.514805,0.002647802,0.00416265,0.0014877426,0.028517686,0.65757406,0.0009397716,0.04751341,0.6788436,0.00066680275,0.047176406,0.0019924643,0.08090033,0.08090033,0.7627927,0.08364794,0.2620926,0.5190027,0.01587055,0.016705373,0.016705373,0.0017430201,0.789652,7.5204056e-08,0.0011240087,6.4484293e-06,1.8140612e-05,0.006611341,0.009393781,0.00011138499,0.0054224106,0.06847853,0.0004384918,0.0002527809,0.010839035,0.00011604041,0.00038846227,0.019595558,0.0011645043,0.00010417608,0.041199695,0.10844337,0.15294965,0.07357191,0.09870459,0.6914354,0.045377113,0.13591255,0.08758941,0.010469659,0.64984083,0.0028861419,0.07582451,0.10623632,0.055421915,0.16119395,0.07893761,0.05362919,0.10599905,0.08440198,0.015779063,0.26437524,0.055625193,0.15243807,0.18297206,0.82776713,0.27925742,0.119550034,0.067627445,0.032246895,0.45716935,0.5164338,0.34531963,0.104177594,0.008705467,0.012133994,0.25769046,0.089260824,0.04649823,0.5515538,0.017581882,0.124846876,0.06848891,0.496991,0.050468028,0.113277756,0.057006653,0.906911,0.6059699,0.7988545,0.17583868,0.2776911,0.16279574,0.081871904,0.16156392,0.3148832,0.025798742,0.47474366,0.15392227,0.32541904,0.04287885,0.17512508,0.06513642,0.021004535,0.2591052,0.14964229,0.26495785,0.05080158,0.011482014,0.53351176,0.19186474,0.07559031,0.01569773,0.0058648884,0.10850902,0.14322391,0.5146671,0.20388143,0.04985618,0.036879696,0.07973134,0.025658807,0.41457328,0.023056978,0.21152867,0.02350712,0.070378244,0.07079158,0.049288485,0.11357881,0.066510335,0.07520133,0.18358445,0.15515743,0.19841263,0.13998757,0.032748543,0.36195603,0.3668653,0.043910563,0.052809242,0.055272814,0.12894231,0.10918323,0.025542902,0.064475745,0.05433133,0.4845734,0.10571019,0.004984024,0.023381138,0.055436824,0.036172748,0.019555941,0.0040661963,0.041756712,0.01806089,0.18630649,0.26255053,0.5240149,0.05037014,0.42816854,0.095413126,0.14966498,0.10844083,0.07336704,0.021253102,0.051261567,0.07749826,0.013132327,0.016028397,0.13538922,0.28932735,0.20537226,0.16102399,0.5222229,0.027543563,0.106626205,0.085181564,0.1489672,0.07062591,0.0730319,0.5139494,0.43038657,0.34764495,0.11238179,0.023135914,0.03433391,0.13661833,0.009909439,0.023593718,0.009748411,0.024643643,0.68324476,0.014861472,0.08529501,0.056324653,0.1360043,0.0078886,0.029314486,0.11737004,0.07069155
BC2026_Train_0003_S08_20250607_070007_35,0.029195841,0.52928406,0.0016100074,0.004390333,2.7765891e-08,0.06385775,0.00115591,0.0010458815,0.00073416485,8.311649e-05,0.17359865,0.0018429818,0.00014281226,4.426828e-08,3.5409434e-07,0.004876833,0.0001725627,7.386148e-05,0.12151283,0.016782224,0.0041232347,2.4941603e-05,0.0057491516,0.00046335245,0.08925311,9.607411e-06,0.0058378787,0.03625657,0.010182879,0.03305704,0.03852534,0.0008427784,0.5870732,0.0042572934,0.0041264845,0.001858547,0.038057957,0.6494194,0.0018373874,0.04926285,0.6861965,0.0013642291,0.064210415,0.0027161126,0.07427376,0.07427376,0.76916337,0.1398949,0.31711653,0.5247714,0.022254132,0.02330074,0.02330074,0.0031071391,0.7727035,9.883677e-08,0.0011193762,1.0327672e-05,1.826618e-05,0.006435304,0.0069139847,9.2893286e-05,0.005524614,0.028901696,0.00046139513,0.00034583363,0.014859113,0.0001379746,0.00027310563,0.022833468,0.0011450056,0.00013614094,0.060577262,0.037960373,0.16532886,0.035410963,0.097673595,0.44121942,0.07685295,0.42351153,0.05212021,0.010465599,0.36708283,0.0054922155,0.06565879,0.096071124,0.034763336,0.20926313,0.15001586,0.071592316,0.09437428,0.066412866,0.012227064,0.099659845,0.057530206,0.084784396,0.09084449,0.9866632,0.25403285,0.06473802,0.083736286,0.02454261,0.43620482,0.6042811,0.5354235,0.09460128,0.013782512,0.007591433,0.20663083,0.099896416,0.0368293,0.48267797,0.016551025,0.21243274,0.040561605,0.3782827,0.04172781,0.083757535,0.041816197,0.7799407,0.603527,0.5440095,0.25766915,0.1584006,0.19238748,0.05079701,0.14973749,0.13562922,0.038186003,0.6208325,0.06525597,0.26456133,0.081775345,0.23161875,0.0703213,0.013122246,0.2878399,0.12562095,0.12458494,0.21270646,0.0066086543,0.16446263,0.12284316,0.04820322,0.027888114,0.008721238,0.14595865,0.042059097,0.25582677,0.11472919,0.079206854,0.030605564,0.06927759,0.018852105,0.13159095,0.017223695,0.051375758,0.021857962,0.05055839,0.040240426,0.02316985,0.16914755,0.0977442,0.074710086,0.17053655,0.1516283,0.22210672,0.06110429,0.030885745,0.4178965,0.2277156,0.011203608,0.10365445,0.13449788,0.15125234,0.16620748,0.01400244,0.09469141,0.034221776,0.44358495,0.12774341,0.0042318716,0.02715121,0.048137818,0.029528707,0.011593164,0.0051849834,0.06372172,0.027860397,0.2779167,0.28674775,0.35739496,0.03474739,0.47373095,0.10597417,0.1382379,0.14099053,0.086428314,0.041539814,0.052921437,0.30220678,0.017392809,0.019630024,0.20202114,0.13950832,0.13636406,0.09446746,0.35989252,0.01787095,0.113872856,0.10741815,0.09174787,0.061464623,0.072790354,0.51566774,0.5704135,0.07865381,0.088532,0.028532324,0.041090194,0.029224256,0.009316162,0.051731415,0.009747657,0.0133184185,0.668728,0.019036343,0.07111982,0.021311192,0.11930415,0.015030303,0.035967376,0.07523615,0.07898145
BC2026_Train_0003_S08_20250607_070007_40,0.02439493,0.46916297,0.0014981,0.0014746682,3.5712656e-08,0.043081056,0.0011463338,0.0013663623,0.0005479935,0.00013538403,0.09704299,0.0009860287,0.00016563929,4.6726104e-08,3.3450556e-07,0.002762434,0.00022369708,6.403697e-05,0.06640971,0.023643097,0.0069059497,1.4430841e-05,0.0070237545,0.00020041622,0.06177168,1.1104479e-05,0.00334106,0.030603804,0.00959817,0.0326261,0.023191273,0.0005205016,0.5198154,0.003011533,0.0041534924,0.0011484007,0.01905009,0.6266322,0.0012213059,0.046309885,0.67667013,0.0008033506,0.03221308,0.0015851079,0.047214653,0.047214653,0.71440554,0.06098184,0.3322486,0.49104613,0.010549587,0.011238804,0.011238804,0.0020745469,0.813589,8.684959e-08,0.0011417611,1.2690628e-05,2.2416549e-05,0.0066448725,0.012573772,8.448623e-05,0.0030573774,0.01655544,0.00037168703,0.00037518388,0.013146808,0.00018208046,0.00031610584,0.030578015,0.0011706832,0.00022992954,0.05049049,0.07378192,0.13513006,0.074646614,0.09337293,0.4861802,0.048812192,0.39262143,0.06323978,0.011697663,0.35923862,0.007905332,0.16861486,0.06905045,0.027573567,0.21678124,0.1526254,0.039038416,0.26179615,0.08666269,0.016147824,0.07926463,0.05735013,0.11982453,0.22570647,0.94347167,0.30747393,0.15825744,0.054976497,0.029589918,0.3447657,0.5084664,0.54632384,0.19075415,0.00841878,0.006948138,0.22463644,0.059227295,0.065302655,0.5369549,0.015774623,0.094258904,0.054358386,0.4508463,0.03718259,0.10976339,0.032688614,0.89517933,0.66745657,0.36413124,0.17542358,0.17765938,0.24908747,0.16975063,0.13231434,0.062377844,0.030229598,0.68550766,0.08325801,0.34065685,0.049630266,0.09451142,0.07035446,0.014050252,0.28358507,0.15383576,0.124981314,0.04519283,0.013473633,0.50205886,0.10565274,0.07384705,0.020089278,0.008915056,0.26744676,0.0373293,0.30350342,0.1947162,0.07594945,0.04722286,0.07084988,0.018088667,0.09210574,0.02191732,0.2018025,0.023574628,0.0725313,0.065291256,0.032994688,0.19344643,0.16828434,0.0829754,0.13117036,0.14927523,0.15398519,0.089235656,0.044511747,0.418139,0.351899,0.04460455,0.06941129,0.091762856,0.13964786,0.22044954,0.01735806,0.059043244,0.036949832,0.45905885,0.15667278,0.0034812905,0.027271386,0.06191442,0.027716322,0.012564651,0.0025903548,0.057023197,0.01828699,0.3593347,0.12405512,0.36472383,0.024058854,0.54922974,0.08479361,0.09890031,0.07557416,0.08597547,0.042394355,0.07704445,0.094375804,0.020500375,0.011874998,0.1754729,0.08847735,0.19001122,0.239689,0.29551592,0.018824954,0.1482509,0.05632861,0.12291258,0.043105554,0.060084652,0.3123634,0.6590531,0.12710896,0.10178504,0.03681497,0.041318603,0.034154695,0.010968698,0.023829905,0.009134261,0.019360257,0.56758565,0.021823589,0.07615665,0.04077441,0.13001496,0.014487145,0.03812636,0.10964351,0.08429331
BC2026_Train_0003_S08_20250607_070007_45,0.016863069,0.51332825,0.0014726374,0.0016076165,3.94715e-08,0.051188484,0.0010923062,0.0031588082,0.00061855814,0.00010414516,0.50170726,0.0007875348,0.00014405658,3.4778076e-08,3.3151287e-07,0.0025209677,0.0001614633,6.866775e-05,0.054646727,0.030544797,0.0032305052,1.547237e-05,0.0067951004,0.00027303628,0.08628539,9.009267e-06,0.005005517,0.019418627,0.0096897,0.03489348,0.01961848,0.0006258781,0.5366436,0.002087525,0.004160579,0.001259259,0.024625873,0.6626564,0.0009899781,0.03799754,0.68496275,0.00071722985,0.038309906,0.0021018635,0.0474726,0.0474726,0.756739,0.08609421,0.28223604,0.53020805,0.012757348,0.013385021,0.013385021,0.002028882,0.77782834,8.612504e-08,0.0011218898,7.260102e-06,2.0434203e-05,0.005899998,0.006923681,8.85339e-05,0.004334566,0.02433053,0.00026426124,0.00032129712,0.009211735,0.00013677709,0.000314369,0.013105296,0.0011584047,0.00011069377,0.085091166,0.06105834,0.1856963,0.037267238,0.19666815,0.6200389,0.036984798,0.21669638,0.055897232,0.017112032,0.5158026,0.0058388207,0.10304923,0.08524024,0.03745991,0.1616225,0.24667042,0.042853903,0.089365505,0.053607587,0.02380931,0.09806965,0.07589709,0.15838346,0.12296392,0.98163223,0.19092509,0.11574991,0.06136624,0.105456606,0.46016848,0.5666621,0.48813742,0.13768299,0.014982786,0.005484328,0.22517206,0.094684504,0.051267486,0.34680372,0.011448203,0.14354408,0.049553387,0.3780125,0.061328415,0.081689425,0.041196212,0.86829406,0.8532297,0.49507284,0.28476983,0.24000037,0.25047114,0.111132495,0.0812308,0.11322842,0.033427745,0.35049325,0.06368603,0.35234562,0.06358581,0.113797635,0.08723736,0.009566314,0.31649846,0.16029951,0.13043122,0.090893015,0.012013187,0.32162336,0.09834077,0.043008637,0.03066472,0.01482068,0.46816388,0.05398663,0.47428417,0.15050747,0.19714871,0.022935594,0.1111271,0.016467135,0.18638323,0.016562905,0.18005066,0.040525082,0.0436643,0.0659741,0.018051198,0.21266724,0.09180001,0.14016318,0.15063459,0.08334191,0.086627,0.104690425,0.03116717,0.44319236,0.28114867,0.027822524,0.057300728,0.13073206,0.21531151,0.37368825,0.02465123,0.10383854,0.034306604,0.5464747,0.23219292,0.0047050575,0.026794337,0.07972816,0.049769618,0.012784975,0.0029057025,0.06382771,0.022128787,0.23074128,0.12950917,0.86112845,0.025769023,0.50572747,0.1920103,0.25134847,0.13112558,0.09300104,0.02665322,0.052560396,0.098647825,0.05203238,0.011893005,0.21395549,0.14162816,0.2412401,0.15615219,0.3405867,0.018197875,0.059344884,0.056149956,0.18552028,0.05024751,0.06479637,0.5251234,0.34200934,0.098424815,0.08662792,0.056495193,0.036320943,0.023927517,0.011173264,0.04191834,0.01831893,0.010085925,0.6742451,0.01781826,0.06242021,0.03464581,0.11404414,0.00980512,0.045334604,0.09782191,0.0664337
BC2026_Train_0003_S08_20250607_070007_50,0.008721371,0.4939193,0.0016404515,0.0023343526,3.1839637e-08,0.06820529,0.0013950296,0.0019843478,0.0012708219,9.1668495e-05,0.5502931,0.0013422269,0.00016167361,4.2557208e-08,3.5607937e-07,0.004114536,0.00011844471,5.8637463e-05,0.1708035,0.058946114,0.0029285306,2.782486e-05,0.009614664,0.00056384725,0.08592068,7.881787e-06,0.0113240965,0.017530467,0.010639641,0.055540416,0.019964023,0.0010134361,0.5462578,0.00260992,0.0042199288,0.0018769419,0.039262675,0.62437826,0.000956908,0.057724375,0.6531318,0.00080275227,0.06495327,0.0032277766,0.060864333,0.060864333,0.7493826,0.11589702,0.27788484,0.5039794,0.02177679,0.022616992,0.022616992,0.0021824483,0.7449901,8.1734754e-08,0.001130027,7.647113e-06,2.2635595e-05,0.0044304403,0.0111513175,7.958372e-05,0.004414003,0.029602144,0.00031391578,0.0004778795,0.014977959,9.9282e-05,0.0005178945,0.015069931,0.0011580047,0.00011035107,0.041213766,0.049296856,0.19953485,0.03954037,0.15463541,0.5070733,0.041433826,0.3823831,0.08814434,0.01675628,0.53055435,0.005518486,0.088786215,0.14617442,0.0288608,0.31647784,0.15089165,0.041782275,0.1028399,0.085028216,0.02151483,0.20259121,0.13502453,0.09593425,0.25096843,0.9901432,0.16786428,0.13640022,0.08155506,0.035943247,0.29895234,0.50943434,0.3872509,0.19711511,0.011998339,0.0047798874,0.30835044,0.08217496,0.02174516,0.3449383,0.014285004,0.10851907,0.04481269,0.28870386,0.05574901,0.13958082,0.05681571,0.57101107,0.8765573,0.3942596,0.16917703,0.25066966,0.22627157,0.06056701,0.07678861,0.11254824,0.035792414,0.22721227,0.05408649,0.34336543,0.11513605,0.10393818,0.092080936,0.01640723,0.37383148,0.1787095,0.1247689,0.16180094,0.0066980943,0.2657449,0.06452436,0.044950314,0.03980537,0.008269453,0.15586309,0.061837226,0.5434683,0.1942966,0.08989291,0.022422694,0.15838769,0.018941874,0.15075396,0.013331193,0.1358653,0.016028304,0.11037661,0.12506618,0.030370345,0.12006261,0.21381083,0.12490617,0.12793876,0.15506776,0.14205964,0.08988655,0.029614845,0.52169454,0.52442336,0.021920636,0.046982113,0.07883846,0.2009199,0.17422643,0.020543443,0.096809275,0.03968361,0.5316301,0.19457269,0.0042657736,0.025172576,0.07509015,0.03394384,0.021348488,0.003704435,0.048513282,0.019854866,0.26031312,0.10156537,0.99262995,0.031399265,0.6705838,0.07628628,0.11082358,0.056300674,0.039604343,0.026886422,0.11705207,0.07805469,0.016380154,0.010193308,0.25680664,0.13425426,0.17349158,0.13081431,0.31674466,0.030507257,0.12364065,0.1176666,0.08856,0.05243405,0.06137629,0.52549183,0.25445318,0.12053254,0.11064736,0.047612786,0.05267071,0.027047748,0.009506488,0.031570133,0.018729962,0.023725346,0.73166764,0.019739993,0.081685334,0.020184636,0.15020238,0.025543336,0.04153227,0.099683695,0.06367695
BC2026_Train_0003_S08_20250607_070007_55,0.016863735,0.44118464,0.0020186757,0.0017603477,3.6113832e-08,0.06696294,0.0012698836,0.0044488586,0.00051684445,6.994781e-05,0.07850216,0.00078527577,0.0001320933,3.6768196e-08,3.016825e-07,0.0054844744,0.0002968987,5.396456e-05,0.08142385,0.017865747,0.006215959,2.041251e-05,0.0102686165,0.0004282158,0.09957868,9.028765e-06,0.015018848,0.018177353,0.0070420634,0.03551109,0.016496858,0.00050889794,0.46656868,0.0020202417,0.004160709,0.0011754843,0.022327237,0.5733031,0.0008652857,0.02338958,0.630017,0.0006598146,0.0340759,0.0017176076,0.08585058,0.08585058,0.7227425,0.07345905,0.17972665,0.42308494,0.010889093,0.011402622,0.011402622,0.0016816842,0.79355454,7.1795725e-08,0.0011245848,7.132104e-06,2.196863e-05,0.008747407,0.004612114,8.312832e-05,0.003686294,0.02553995,0.00033730612,0.00027480288,0.010992189,0.00015342812,0.00039905077,0.020097502,0.0011517723,0.00011166352,0.066467986,0.071000606,0.13355397,0.039916545,0.08645177,0.68451434,0.070476,0.25552216,0.05435701,0.009633659,0.38343793,0.0042544506,0.074086405,0.20293318,0.038984425,0.08708004,0.19868894,0.046837382,0.0732521,0.09886126,0.010207671,0.12519698,0.16570199,0.18429224,0.108140886,0.9524726,0.12831973,0.08912069,0.0584904,0.09550854,0.65775305,0.5218299,0.47917467,0.0826927,0.01125068,0.009379035,0.16447155,0.14459732,0.050308116,0.27768415,0.020090824,0.1303946,0.06441285,0.5155886,0.040691044,0.12388531,0.042542383,0.81035703,0.77762485,0.39226133,0.31402248,0.22644904,0.24974225,0.0761593,0.108883135,0.12509228,0.028913753,0.40025595,0.06376234,0.29204503,0.0631128,0.17139189,0.11482173,0.015763732,0.33585703,0.19869445,0.16674845,0.082695626,0.009713498,0.14068678,0.1401967,0.058493465,0.018022766,0.010222209,0.5256855,0.0271791,0.23837112,0.25734967,0.0836131,0.03262336,0.071103364,0.0349792,0.46283627,0.015198431,0.1231945,0.034359157,0.067525946,0.23688631,0.028896205,0.24294025,0.069723666,0.23471212,0.2460455,0.1271207,0.20235239,0.13772634,0.03818977,0.44097212,0.20077018,0.028885316,0.06675996,0.116784096,0.26278633,0.31815124,0.018867765,0.110161364,0.044778153,0.53619766,0.26448575,0.0047436627,0.019521559,0.07868545,0.04746392,0.011824976,0.0031280103,0.06325615,0.02553998,0.24989976,0.110214405,0.2694665,0.044557273,0.35961205,0.18133481,0.15817256,0.079841726,0.06485204,0.031608053,0.10616993,0.12960161,0.025131028,0.013394972,0.24426027,0.33574954,0.29751614,0.12687607,0.43557724,0.034183104,0.1124888,0.12480636,0.13916121,0.055366565,0.07291415,0.38606957,0.41919476,0.14425609,0.07719712,0.04687078,0.038441025,0.04618338,0.013482448,0.026830219,0.010225956,0.02415138,0.66768634,0.024467314,0.10246575,0.024768183,0.14487667,0.008059596,0.034918394,0.088636905,0.06499636
BC2026_Train_0003_S08_20250607_070007_60,0.041207295,0.520445,0.0015356813,0.0016733243,3.0563545e-08,0.07120853,0.0012124683,0.0013088502,0.0006925518,7.874708e-05,0.060953524,0.00069053913,0.00015789998,4.2106997e-08,3.1474133e-07,0.0050273696,0.00015794847,7.6415665e-05,0.22281586,0.074028,0.005701332,2.6488786e-05,0.0050082556,0.00026315777,0.076827876,9.220378e-06,0.006623792,0.028772537,0.011147553,0.045717962,0.022071196,0.0006826365,0.5427587,0.0027586787,0.004124159,0.0015382419,0.03394813,0.6454929,0.0011462605,0.054514453,0.664254,0.0008224942,0.045781564,0.0021907222,0.0720994,0.0720994,0.7467674,0.088009976,0.31649998,0.5027822,0.015430907,0.01616438,0.01616438,0.0020250427,0.79639244,7.621591e-08,0.0011203135,1.3395162e-05,1.9285322e-05,0.013155467,0.0106549235,8.287039e-05,0.003995513,0.022009473,0.00043487034,0.0003420941,0.015130638,0.0001639916,0.00032810448,0.027833186,0.001147739,0.000115721574,0.046451934,0.04289689,0.11378529,0.039715502,0.13368991,0.5239358,0.0585323,0.4351346,0.06409089,0.0136575475,0.28985325,0.0028683953,0.17620188,0.1001256,0.035171337,0.12880221,0.11966146,0.056038532,0.18131518,0.10321599,0.013624441,0.107154176,0.120088264,0.11951075,0.116332136,0.97891486,0.24338385,0.091095746,0.064112216,0.020098383,0.43179026,0.51073533,0.46394473,0.108158305,0.0121268295,0.0064549507,0.28501484,0.093983375,0.044715073,0.3681337,0.032377426,0.120110825,0.03297756,0.5304181,0.058259107,0.084718116,0.040067267,0.9076203,0.79315746,0.39556658,0.32987222,0.2495478,0.46865863,0.09607436,0.08736938,0.2059035,0.042231295,0.35327333,0.08077817,0.29540747,0.07298263,0.13604312,0.093559764,0.01583981,0.41016597,0.16799413,0.12228568,0.09225476,0.0064463033,0.47666332,0.16245477,0.06278666,0.024642339,0.008059199,0.19345976,0.059808165,0.4429114,0.20781806,0.07385714,0.047916472,0.10068007,0.025300303,0.5494861,0.01496755,0.060183138,0.027659541,0.047723174,0.11392715,0.042088725,0.111926235,0.12436422,0.09786897,0.27202493,0.13235356,0.22519167,0.08983607,0.025223028,0.43424967,0.3144789,0.02993354,0.060262874,0.08199331,0.117916696,0.17536165,0.027075201,0.0966214,0.05309071,0.6968688,0.11108862,0.0044894232,0.030871019,0.09371357,0.033611085,0.014556328,0.0031166184,0.06235911,0.027993804,0.5505048,0.15908632,0.3098767,0.026265463,0.36714816,0.11550212,0.14264837,0.11442811,0.06466074,0.030243589,0.057714276,0.10370581,0.015923671,0.01613417,0.1815111,0.27201325,0.21225674,0.16558012,0.4761419,0.021399477,0.10203472,0.08914956,0.15500842,0.11021538,0.072468914,0.45659003,0.6542143,0.07494876,0.115762495,0.03057666,0.05384369,0.027234431,0.014774711,0.02065049,0.012837701,0.014886189,0.66374636,0.020063786,0.09287895,0.032765243,0.14043601,0.0064484132,0.03927979,0.09190743,0.08306504
BC2026_Train_0004_S08_20250607_070007_5,0.0031220673,0.6196371,0.002239593,0.00044216285,1.8125943e-08,0.08749445,0.00033659113,0.001785614,0.0009048724,2.2038646e-05,0.013776255,0.010131801,0.00031736796,2.4180796e-08,2.1686058e-07,0.002136468,8.1236816e-05,9.470219e-05,0.026524276,0.054220453,0.008428829,1.46658485e-05,0.008354028,0.00033208384,0.024795575,4.7883973e-06,0.0069515114,0.028978042,0.050515093,0.055691235,0.07728248,0.0014097242,0.712944,0.0063629868,0.0032277699,0.0031011628,0.047422517,0.08995315,0.0068326327,0.02457617,0.5529733,0.0049735066,0.07441756,0.005121012,0.30307162,0.30307162,0.7406277,0.44281533,0.123301186,0.13694921,0.025576364,0.025369687,0.025369687,0.011001039,0.52665573,3.5607922e-08,0.0010875742,5.8910077e-06,3.9710398e-05,0.005856554,0.026279917,6.5406704e-05,0.01180731,0.0019135907,0.00024011849,0.00032529872,0.03447129,5.0956558e-05,0.00017560524,0.017697101,0.0010550115,6.4931926e-05,0.10416709,0.085493095,0.13032587,0.041675083,0.029260159,0.54779434,0.06841464,0.100305565,0.05843173,0.013064456,0.36717838,0.014775392,0.13054958,0.09989804,0.07575144,0.16253279,0.07004898,0.0351832,0.049302414,0.298918,0.04577094,0.122952044,0.021140216,0.054956347,0.037256405,0.85215795,0.106890865,0.074731655,0.081332475,0.029915567,0.3715335,0.58067095,0.37599453,0.18411651,0.03480178,0.0029644205,0.115034364,0.072790116,0.043768685,0.25094298,0.021132214,0.18270685,0.02320966,0.29845923,0.048709907,0.089934036,0.027730402,0.6604808,0.36353847,0.44404423,0.10800435,0.17532767,0.05914669,0.048920427,0.051162366,0.20751888,0.034322064,0.24679074,0.08691272,0.19073907,0.0728887,0.6783358,0.076532364,0.02559763,0.23803304,0.22993356,0.2859701,0.34443948,0.0117648905,0.110425584,0.052866064,0.099668466,0.07249085,0.033475928,0.28974697,0.14532396,0.54321843,0.054695055,0.047784533,0.045928653,0.06489713,0.023146233,0.24661452,0.030169005,0.057465125,0.012489468,0.028841002,0.078450955,0.046925947,0.20043758,0.02580333,0.15037532,0.07707363,0.118991844,0.046819862,0.088201016,0.041995093,0.69965935,0.2301049,0.009419866,0.080400236,0.11741341,0.1490876,0.18351579,0.099443555,0.13432883,0.09942561,0.30176735,0.17784616,0.0042259633,0.047471628,0.04497766,0.024941042,0.020230407,0.0016720685,0.20422007,0.044079863,0.116838686,0.06582655,0.19618368,0.09066723,0.56354374,0.3224039,0.18709227,0.13700421,0.09968187,0.06610163,0.019172592,0.110648274,0.019758096,0.013300258,0.16330776,0.24947533,0.44134817,0.12476504,0.16626734,0.012558554,0.06778359,0.16717108,0.21065927,0.4113076,0.09213304,0.5045427,0.4847076,0.09556013,0.21658932,0.021962712,0.027560538,0.01520141,0.01579363,0.02433858,0.0628074,0.0117169535,0.72197294,0.019545194,0.14381257,0.019178996,0.2721209,0.009274505,0.05770297,0.08722779,0.11825467
BC2026_Train_0004_S08_20250607_070007_10,0.0026702995,0.6121548,0.0027289484,0.0003141364,2.265899e-08,0.06089702,0.0003394602,0.0016306159,0.0009906028,1.44763935e-05,0.005765927,0.0062455805,0.0002171164,3.030538e-08,2.3590582e-07,0.002204905,8.146761e-05,8.6693995e-05,0.037037242,0.013189183,0.008915454,1.5975169e-05,0.0071360585,0.00036999377,0.014748437,5.8993965e-06,0.004372144,0.033835582,0.052505568,0.05255098,0.064775854,0.0015045693,0.69810045,0.0068507767,0.0033329464,0.003505331,0.047438316,0.11135778,0.0055039614,0.029195877,0.5461112,0.0043579284,0.076310106,0.0051031397,0.33722973,0.33722973,0.7598629,0.4336958,0.13622342,0.16065276,0.025665471,0.026058434,0.026058434,0.009346149,0.58046204,3.147561e-08,0.0011092321,3.9454276e-06,3.6150093e-05,0.007626553,0.0066581555,6.7313915e-05,0.006394171,0.0017631804,0.00016777594,0.00035051018,0.046698656,4.6029254e-05,0.00021935171,0.032236353,0.0010821352,7.237034e-05,0.093095824,0.07171458,0.12627566,0.03324198,0.05013345,0.5802337,0.07493381,0.13184251,0.09140764,0.020124966,0.32426208,0.010888361,0.11226771,0.13883571,0.08151741,0.15959896,0.08174371,0.040159684,0.06035456,0.29821265,0.03668565,0.09999395,0.046457082,0.06269895,0.055316776,0.89542294,0.07769247,0.054832723,0.10068564,0.023449438,0.26544532,0.5173067,0.32629082,0.07063698,0.034726415,0.0027626497,0.11017698,0.067320906,0.04499253,0.24447058,0.043759186,0.20493571,0.033788327,0.31869376,0.042731997,0.10433912,0.027722491,0.3867336,0.5456213,0.3853765,0.12633005,0.29411876,0.05929795,0.052385297,0.07861971,0.13618793,0.029186638,0.270205,0.08241419,0.22415274,0.06686044,0.22313973,0.106338635,0.03575981,0.3174851,0.26121223,0.21708894,0.072662294,0.007829711,0.12480916,0.044230092,0.11893992,0.08425674,0.023518031,0.34704798,0.033152156,0.53407145,0.061009947,0.034249995,0.036744587,0.08468806,0.05818262,0.1999661,0.027155513,0.022090908,0.01733342,0.026024943,0.057166386,0.026355209,0.19069979,0.04123564,0.09271455,0.08601425,0.11664875,0.05983038,0.12493729,0.06617675,0.65180945,0.23861675,0.007803216,0.09396735,0.082718715,0.14159594,0.07839322,0.095226794,0.19061716,0.10176797,0.46526256,0.20774865,0.0041475976,0.05095315,0.063955724,0.02095852,0.018778197,0.0021700717,0.10353338,0.068384655,0.079785824,0.13279651,0.2865992,0.071379475,0.32984254,0.28177652,0.19943963,0.10242374,0.070025094,0.076637186,0.036233574,0.10627448,0.021959955,0.013425551,0.15386835,0.18376987,0.87827283,0.09525122,0.28079724,0.011657937,0.06398385,0.11584834,0.19668745,0.18221465,0.11029216,0.48232096,0.52941,0.06676848,0.20123321,0.026800785,0.04551434,0.017688178,0.020429108,0.027851503,0.025337448,0.017290423,0.78131276,0.022280848,0.08398237,0.019367272,0.29067737,0.0058899242,0.03729378,0.07806176,0.13158764
BC2026_Train_0004_S08_20250607_070007_15,0.0021431553,0.58398634,0.0010287861,0.00044324106,2.1002368e-08,0.073521174,0.0004187065,0.002774204,0.0016248996,1.6838274e-05,0.0043186364,0.0030060026,0.0002466401,2.4837224e-08,1.9973601e-07,0.0022928994,7.759521e-05,5.9275204e-05,0.017331047,0.017383518,0.006334485,8.7116405e-06,0.006705969,0.00049094285,0.01598436,5.2312207e-06,0.005354501,0.014762684,0.03140131,0.037736937,0.07834979,0.0016081001,0.7202987,0.00885981,0.0032402712,0.0034836405,0.05456362,0.11235935,0.0076290066,0.032473195,0.5622515,0.00641732,0.080425166,0.005552865,0.36425713,0.36425713,0.75988436,0.43190598,0.12766542,0.15211995,0.027140932,0.028001476,0.028001476,0.012201234,0.5336366,3.2971265e-08,0.0010946947,4.461285e-06,2.5507841e-05,0.00924258,0.0081973355,6.144156e-05,0.008012089,0.0019649323,0.00015217939,0.0007905299,0.015349039,4.6407484e-05,0.0001896659,0.013338697,0.0010645654,6.762083e-05,0.08306725,0.043614384,0.09767872,0.026048822,0.04112643,0.5481141,0.13108352,0.12234298,0.06234964,0.02530766,0.36336023,0.014873659,0.09980503,0.1202136,0.0496944,0.12648474,0.09408548,0.035620905,0.056039143,0.2766768,0.056224726,0.11918208,0.029949665,0.044487417,0.048822988,0.86823595,0.07301584,0.07495902,0.123484224,0.027945194,0.37623048,0.53884274,0.42132244,0.08562684,0.030571999,0.00474702,0.091494635,0.068101145,0.0500219,0.3322498,0.03999605,0.1324188,0.019834781,0.31757614,0.047184095,0.14535291,0.03812118,0.28598386,0.5768256,0.4382968,0.11632266,0.1895541,0.054236945,0.065206446,0.057896495,0.32056782,0.029230885,0.5581416,0.087301694,0.1727287,0.103886835,0.20833085,0.08830154,0.0589595,0.4969156,0.25600097,0.22966917,0.116262004,0.0069342325,0.19980018,0.044463005,0.13327713,0.07107991,0.025317607,0.3803113,0.07083815,0.53589433,0.06512911,0.08097858,0.050860606,0.068740025,0.040461175,0.2370291,0.034718197,0.05284147,0.012539177,0.02748309,0.050022896,0.036314473,0.17996207,0.032470085,0.14493285,0.0899535,0.19670255,0.12652987,0.16334781,0.060790468,0.62220275,0.22330898,0.005412479,0.08089452,0.06564719,0.14897601,0.3093872,0.12394599,0.1263194,0.06889559,0.20362392,0.23923895,0.0038746605,0.04854093,0.036580574,0.08509198,0.030815048,0.0017010221,0.12779117,0.061624277,0.14438753,0.07910717,0.2797026,0.1394109,0.35328236,0.2861318,0.15945722,0.08812719,0.064107776,0.09035789,0.030209383,0.1178691,0.036907766,0.021069534,0.14731233,0.30343267,0.88440084,0.111706965,0.2093261,0.011601193,0.059033934,0.1732677,0.1745605,0.25875312,0.11156249,0.5393314,0.64159155,0.07930798,0.19888267,0.01783616,0.038729172,0.015835533,0.031911593,0.017412497,0.020601857,0.015590446,0.76085615,0.03002635,0.15973552,0.013197305,0.27305108,0.0046384847,0.028492529,0.12853435,0.1606056
BC2026_Train_0004_S08_20250607_070007_20,0.002471427,0.60290813,0.0023485408,0.0004015709,2.498223e-08,0.07503566,0.0005365395,0.001961174,0.0011696366,1.6757798e-05,0.0053450507,0.023419706,0.00024100435,2.3720158e-08,2.0097563e-07,0.0023651652,8.723937e-05,7.160857e-05,0.024690777,0.010312388,0.007345782,1.0757066e-05,0.010307926,0.00035914176,0.014465795,4.5692104e-06,0.006154866,0.028053232,0.03462908,0.055116314,0.06312977,0.0013126566,0.703599,0.0062354463,0.0032883396,0.00293764,0.04660573,0.110358976,0.0052975593,0.030781506,0.547148,0.0041647535,0.07599658,0.0044451836,0.330604,0.330604,0.7568383,0.429391,0.13359913,0.1542036,0.025524942,0.025874602,0.025874602,0.008746346,0.5499294,3.3228915e-08,0.0011080514,4.2819893e-06,2.967078e-05,0.0049346653,0.0066881035,6.2897605e-05,0.009196214,0.0022308324,0.00014229277,0.00037845044,0.02013226,5.4596472e-05,0.00021935835,0.020318314,0.0010736354,8.119986e-05,0.09156716,0.059102517,0.1002175,0.037535623,0.049769886,0.51772743,0.122890614,0.2551958,0.12567455,0.013256334,0.3951063,0.00994955,0.10791929,0.12877767,0.08151325,0.1675792,0.06952822,0.0443501,0.06742059,0.351938,0.094661765,0.18587644,0.03396656,0.030079983,0.05717289,0.9021828,0.06932512,0.056835715,0.0855135,0.023997076,0.2984913,0.5637074,0.33722043,0.0896721,0.026292592,0.0031764372,0.11411438,0.083587736,0.045661822,0.3465179,0.031131422,0.17572643,0.045890108,0.3788224,0.055672012,0.080092,0.03238208,0.33634904,0.58214796,0.46269035,0.12001926,0.23233363,0.08457612,0.0697105,0.06647143,0.38536054,0.033553883,0.18862471,0.096275754,0.18423182,0.11847535,0.2109281,0.06669465,0.025502196,0.27827138,0.24387674,0.19943355,0.11460446,0.008729249,0.14287812,0.05981929,0.13611948,0.052352753,0.02299973,0.4801707,0.060951788,0.62152904,0.08150273,0.06246491,0.04310604,0.06801857,0.05737803,0.23780282,0.03950554,0.033702664,0.015733516,0.02786686,0.07688076,0.02848688,0.15528497,0.04343641,0.10073581,0.10409156,0.14758247,0.07612443,0.16051665,0.061221734,0.70722765,0.24118368,0.008668149,0.09581975,0.077696756,0.17825083,0.17339897,0.11648829,0.13336535,0.0830058,0.3980296,0.35663682,0.004158004,0.047377236,0.049989842,0.0639896,0.019943299,0.0025572185,0.12972079,0.066248484,0.15836257,0.067735195,0.25740775,0.06054603,0.35009563,0.26528442,0.18807936,0.0817363,0.09717757,0.08954873,0.029780684,0.13934755,0.027200626,0.012404633,0.25671688,0.29406294,0.9268447,0.11019754,0.21143393,0.011297014,0.059469078,0.17879052,0.20977092,0.19955614,0.12534462,0.4614158,0.57992524,0.06853002,0.22253193,0.023211507,0.0376538,0.017845906,0.020693555,0.023378542,0.01775165,0.009995853,0.7648944,0.02312618,0.11011403,0.014358098,0.29280818,0.008093674,0.04017613,0.14510861,0.12675337
BC2026_Train_0004_S08_20250607_070007_25,0.0019933225,0.60845935,0.002082508,0.00031563017,2.1274165e-08,0.12227379,0.00038921845,0.0016951595,0.0015326379,1.7328735e-05,0.0066786823,0.012261638,0.00023163356,2.6496938e-08,2.0100848e-07,0.0032538325,7.6441334e-05,8.5929e-05,0.083384655,0.019009857,0.0061072907,1.49478e-05,0.006178909,0.00037854724,0.014926239,4.7892604e-06,0.0073836744,0.025963457,0.043317795,0.05790228,0.062857084,0.0016262662,0.6972931,0.0069350353,0.0033281127,0.003512911,0.056218967,0.13136005,0.005804522,0.05413177,0.5423566,0.004283778,0.08152043,0.005414373,0.28962883,0.28962883,0.74398327,0.41850346,0.16509299,0.16598725,0.028347153,0.0284302,0.0284302,0.008946129,0.5669719,3.7969905e-08,0.0011263115,6.216393e-06,3.3788332e-05,0.00428178,0.012395668,6.830871e-05,0.008487032,0.0020859677,0.000166068,0.0005426694,0.02479635,5.9948783e-05,0.00017249543,0.026611207,0.0010920418,5.617569e-05,0.09141642,0.059765946,0.14083701,0.03932615,0.04863201,0.49737784,0.06708684,0.27478915,0.1037177,0.014454754,0.3405195,0.028623434,0.14651307,0.12893966,0.06566554,0.120767556,0.060462747,0.04327879,0.07736964,0.17423469,0.12269297,0.17879188,0.032552157,0.044796668,0.13277787,0.93123376,0.17849211,0.062270828,0.10469269,0.019000905,0.23542075,0.5605169,0.2933307,0.14236559,0.032421518,0.005833515,0.17000258,0.07352016,0.05238498,0.39555117,0.018807394,0.11885554,0.027841082,0.39547116,0.04954028,0.09717727,0.033625778,0.56068623,0.6499868,0.41551813,0.15055425,0.30378175,0.0642886,0.083086975,0.13970104,0.36984572,0.030751083,0.21149172,0.09779679,0.20829315,0.09628397,0.6689825,0.11892282,0.028499704,0.3530005,0.19618843,0.2749565,0.10891506,0.012324027,0.30464125,0.0413593,0.109793104,0.070231125,0.024007205,0.34749,0.32944593,0.699042,0.095482804,0.043797478,0.14120907,0.06190139,0.03673589,0.16094469,0.036092155,0.043946724,0.019347234,0.024198644,0.07539929,0.065050796,0.13819619,0.05194627,0.11880008,0.07410996,0.18338774,0.1728636,0.16394584,0.05181144,0.77447057,0.46118274,0.009425655,0.08324163,0.08872405,0.25386173,0.08128967,0.12696512,0.11676808,0.06866844,0.31737065,0.30523038,0.0046505565,0.07755312,0.035903905,0.03754419,0.06487147,0.002421942,0.13827163,0.051131032,0.15869372,0.074443206,0.32794237,0.07893664,0.4603015,0.2334598,0.11693605,0.09589503,0.0776882,0.11200659,0.034374163,0.10548852,0.02083766,0.017292853,0.23109956,0.21902476,0.54947335,0.08929242,0.20519522,0.009447231,0.053371534,0.087592065,0.23117603,0.27433056,0.118881375,0.47343922,0.5047628,0.09682933,0.28800875,0.020058652,0.037937865,0.030230992,0.023702292,0.02551641,0.056319743,0.007039217,0.7890775,0.0273556,0.18109916,0.018127153,0.21481787,0.010650728,0.06739756,0.11254428,0.1304506
BC2026_Train_0004_S08_20250607_070007_30,0.0018486908,0.5867851,0.001090022,0.00030677044,1.8352912e-08,0.061078224,0.00035305537,0.0015039116,0.0007839429,1.5291507e-05,0.0051244646,0.0022440087,0.00021724026,2.303954e-08,2.2493138e-07,0.0025852602,6.243052e-05,6.167048e-05,0.026434075,0.015000662,0.006501865,1.0526923e-05,0.009425411,0.00031003184,0.011541381,5.6908993e-06,0.0060525457,0.015671253,0.024445493,0.03766275,0.055165473,0.0010548779,0.6992213,0.0055254456,0.0033219408,0.0024476757,0.043933123,0.10351431,0.0049696704,0.030803334,0.5379837,0.003471897,0.06258407,0.0038259379,0.29880303,0.29880303,0.75411296,0.41424125,0.11424193,0.1390054,0.02057772,0.021222387,0.021222387,0.008054824,0.5755167,4.1009198e-08,0.0011209608,3.256244e-06,3.1984368e-05,0.0040113917,0.008333205,5.6190478e-05,0.006807187,0.0014256842,0.00012718083,0.0005329195,0.019002656,5.2044583e-05,0.0002481412,0.0121963,0.001078534,6.1668245e-05,0.1560856,0.057462122,0.18653531,0.07467957,0.037187345,0.6156942,0.23660393,0.1786741,0.060755502,0.014007425,0.39612445,0.01135774,0.098710194,0.12966186,0.09451114,0.15780596,0.0829262,0.038636174,0.056670383,0.174215,0.06784176,0.09912339,0.057117485,0.039435633,0.05756799,0.8895098,0.085129425,0.08624735,0.105583414,0.016575659,0.2752718,0.5621565,0.33282956,0.13292016,0.037881218,0.0034732562,0.16425593,0.11910285,0.052923806,0.28353095,0.037973337,0.19974354,0.029240113,0.48580483,0.055972103,0.13051432,0.044548377,0.6064405,0.6640666,0.48338592,0.14745,0.23492335,0.06330511,0.06730907,0.059969768,0.38858294,0.036216322,0.46443504,0.11001332,0.24352367,0.053703208,0.53933805,0.08803677,0.03372772,0.5307551,0.31050298,0.34279504,0.061449137,0.011012754,0.12111184,0.068168566,0.15871614,0.050118305,0.036938295,0.3523023,0.3261183,0.5374872,0.11172844,0.03960092,0.047077417,0.06481438,0.06171671,0.23282868,0.033710647,0.03994092,0.015125966,0.02370936,0.06840688,0.03268589,0.20000538,0.04610785,0.12775984,0.10016311,0.15981853,0.15035452,0.15914856,0.063061565,0.74935895,0.41042745,0.008775361,0.063782014,0.08108354,0.1432841,0.15376718,0.104318805,0.18765311,0.094246,0.43298328,0.27144095,0.003485282,0.051215887,0.041280467,0.036043335,0.025608957,0.002137892,0.13488325,0.05812801,0.18704498,0.123400785,0.300873,0.114465065,0.4998982,0.27197072,0.11721732,0.097515956,0.08899005,0.09807149,0.033748254,0.15255536,0.017205827,0.012409286,0.18703885,0.3097113,0.9274162,0.10980993,0.18108785,0.009857699,0.054685857,0.15056808,0.2649983,0.2644294,0.119101435,0.44974408,0.562844,0.10452191,0.2783373,0.022281013,0.055700574,0.023019284,0.018497128,0.034198612,0.041771237,0.009985601,0.82216024,0.04030751,0.13954566,0.038522962,0.3035432,0.0049012234,0.036850683,0.15284921,0.20933612
BC2026_Train_0004_S08_20250607_070007_35,0.0023154712,0.5900292,0.00076762843,0.0004304425,1.8502584e-08,0.07161934,0.00055896596,0.0018558564,0.0009472576,1.5861373e-05,0.0073936568,0.002775825,0.00021268331,2.5287298e-08,1.8257332e-07,0.003556534,6.684453e-05,5.8516947e-05,0.05051101,0.019674825,0.008197575,1.5589603e-05,0.01125112,0.0002856958,0.013123286,5.3296203e-06,0.0047964165,0.016946752,0.028823797,0.045262784,0.06737066,0.0010893418,0.7080533,0.0056446674,0.003305527,0.002480424,0.0437024,0.09267564,0.004959581,0.029284574,0.54490465,0.0038864706,0.072543286,0.0038317784,0.30640015,0.30640015,0.7452363,0.42368147,0.118378155,0.13629869,0.02433388,0.024564577,0.024564577,0.008354304,0.53717834,3.914461e-08,0.0011080493,5.2823007e-06,2.2951504e-05,0.008476618,0.009938365,6.0756618e-05,0.008579229,0.002106595,0.00014341202,0.0004014236,0.016399385,5.664242e-05,0.00016503688,0.016876068,0.0010678201,7.16799e-05,0.14137112,0.05826565,0.08185478,0.02983077,0.034574576,0.5221069,0.10947397,0.31712386,0.06730522,0.011821158,0.3976954,0.011170879,0.110453196,0.17793706,0.08892405,0.14638384,0.07327559,0.045339216,0.06187628,0.23997512,0.076957196,0.10720527,0.07152746,0.0641063,0.08062979,0.90992165,0.09192782,0.058076978,0.089157924,0.03962005,0.26549965,0.5426837,0.4006062,0.11811468,0.047419123,0.0062365653,0.099335775,0.085324414,0.057832606,0.28646395,0.03402776,0.24239536,0.029732825,0.41179055,0.06416854,0.08265168,0.026433388,0.35399336,0.64291215,0.46925384,0.11792303,0.21332873,0.071206056,0.060911328,0.07899097,0.22698614,0.0335665,0.28722852,0.052820835,0.17315692,0.14673291,0.18644875,0.08057828,0.030600678,0.35834953,0.32720613,0.2689018,0.08952078,0.017743872,0.12901627,0.06963278,0.13865255,0.046351485,0.04283977,0.33128175,0.048632357,0.56382096,0.06802629,0.06805017,0.058771987,0.106685504,0.0420094,0.24958463,0.043151755,0.045143615,0.013093884,0.026015166,0.092431314,0.048527557,0.21278176,0.073563054,0.15246505,0.101072975,0.19522457,0.087800965,0.16965272,0.056619857,0.7440161,0.2048675,0.0066216295,0.12515824,0.08747359,0.2228059,0.25393665,0.113576055,0.18110593,0.12402731,0.32907224,0.30465075,0.005166315,0.05980181,0.046279617,0.028934047,0.04143596,0.001976867,0.1712865,0.080743775,0.15760185,0.122048385,0.27527642,0.07701985,0.44682693,0.41964707,0.18804216,0.1135629,0.100982435,0.089317024,0.022644969,0.18739401,0.03925266,0.016806994,0.21322535,0.27445474,0.5224211,0.107143365,0.21061265,0.0092281485,0.061003115,0.15189818,0.29459473,0.2556169,0.11362072,0.48413205,0.57572246,0.043449387,0.23309894,0.028976671,0.037039876,0.016061937,0.021319915,0.025757153,0.027235124,0.011188381,0.7517699,0.025512706,0.10550492,0.020739814,0.2647564,0.004300548,0.082111806,0.13318436,0.18259053
BC2026_Train_0004_S08_20250607_070007_40,0.0025441544,0.5594316,0.0009651658,0.00035967372,1.753132e-08,0.065209694,0.00035366067,0.0015020765,0.0008576294,1.9764628e-05,0.0052115615,0.0019818852,0.00018850059,2.2998812e-08,1.9825387e-07,0.003350872,8.526758e-05,7.078465e-05,0.017238881,0.009867293,0.007793531,8.331101e-06,0.007042807,0.0002706338,0.014486508,5.4356165e-06,0.0061682444,0.0133836055,0.03942596,0.032885864,0.0530492,0.0012089397,0.68124956,0.006665386,0.0032769775,0.0026938892,0.042242073,0.10498564,0.005422865,0.027601661,0.54242367,0.0037467245,0.05812949,0.004038224,0.28203464,0.28203464,0.7315777,0.37748724,0.10857768,0.13340935,0.019649198,0.020223174,0.020223174,0.007974212,0.54130024,3.1198756e-08,0.0011115589,4.2007546e-06,2.6976308e-05,0.0043124333,0.0096852435,5.4976274e-05,0.0059916433,0.0014365057,0.0001262636,0.00042828033,0.02708002,5.7829184e-05,0.00027481883,0.015077787,0.0010694071,5.8608024e-05,0.09210837,0.06662462,0.0944562,0.03140897,0.045092203,0.61577654,0.119107075,0.13639104,0.09023356,0.014703995,0.35329568,0.009472146,0.14541933,0.108995184,0.086607374,0.13064171,0.09402248,0.06144857,0.0553918,0.15199621,0.0423484,0.14903617,0.024676196,0.05955226,0.05992595,0.8213279,0.10420214,0.07769452,0.09140356,0.02800444,0.34090427,0.5172487,0.4083782,0.09612506,0.039719835,0.0040258323,0.13807829,0.07876668,0.06506619,0.30306938,0.032877438,0.16857348,0.03583464,0.45738953,0.052250013,0.18351048,0.036600392,0.5604421,0.53348917,0.46040007,0.111829385,0.3267277,0.053971525,0.05161518,0.08337945,0.37509942,0.029523937,0.5135958,0.06146725,0.18955746,0.07567817,0.3268377,0.07800382,0.020345261,0.31229216,0.33951315,0.33540353,0.09979716,0.010491845,0.21358953,0.055272136,0.2514695,0.038848884,0.021768425,0.3065554,0.10358159,0.56103885,0.07093287,0.035479944,0.054023873,0.08032511,0.039010145,0.29490945,0.05609543,0.074410915,0.016529178,0.02410178,0.046219897,0.03426402,0.31523946,0.042620547,0.159677,0.09681956,0.108997494,0.16780706,0.19274256,0.07079928,0.6957124,0.3950856,0.014727226,0.1135532,0.06433138,0.13240686,0.17459,0.08469804,0.21579632,0.11197043,0.40195283,0.24850443,0.0049488726,0.04581445,0.0452025,0.053195737,0.025262853,0.0017137446,0.14869486,0.06331896,0.28367537,0.082648434,0.24048188,0.10693537,0.44371986,0.35978198,0.1703035,0.200411,0.06588304,0.11126617,0.041175198,0.12322918,0.019089524,0.011398475,0.2224845,0.3245161,0.73794717,0.11470638,0.16580261,0.010607388,0.06424081,0.13130167,0.20851062,0.16839373,0.10343306,0.50546825,0.67697984,0.12358843,0.43169448,0.029752064,0.04391849,0.021736693,0.03908937,0.019255461,0.04351571,0.008753655,0.80582607,0.028158924,0.13928576,0.024069324,0.26478165,0.004842601,0.042608812,0.13138485,0.17519477
BC2026_Train_0004_S08_20250607_070007_45,0.0031781448,0.6026376,0.0007806314,0.00038151216,2.0606382e-08,0.066706166,0.00034996937,0.0017016513,0.0008773997,1.3005654e-05,0.0062760958,0.0025226919,0.00023488265,2.395153e-08,2.0529104e-07,0.0018371339,7.355233e-05,6.238079e-05,0.02675851,0.0109484745,0.0086208815,1.1672138e-05,0.005619919,0.00037382237,0.017396415,5.34619e-06,0.004697438,0.017871154,0.024392622,0.035613913,0.068125725,0.0012023426,0.70754814,0.006532614,0.003293306,0.0027644106,0.04415804,0.10515268,0.0056399642,0.028684525,0.55042076,0.0043708817,0.07381841,0.004317004,0.34169912,0.34169912,0.7611368,0.43579644,0.1322244,0.15194592,0.024170376,0.024836138,0.024836138,0.009036095,0.57172775,3.1183067e-08,0.0011104142,4.004035e-06,3.122276e-05,0.0042183306,0.007875149,5.868986e-05,0.00791356,0.0016698901,0.00016427887,0.00038654447,0.013838699,4.975854e-05,0.00019836651,0.017592438,0.0010734388,7.9178804e-05,0.09080948,0.07955671,0.14075509,0.042682134,0.045563243,0.6190985,0.17151272,0.08553745,0.07594162,0.0135779325,0.3889068,0.012548727,0.09706668,0.13070771,0.08913364,0.17151506,0.09188778,0.040171795,0.059034605,0.24301894,0.04056709,0.12993917,0.032339048,0.040634062,0.07921707,0.80359924,0.09723611,0.08166419,0.1093153,0.026386399,0.2714629,0.6677226,0.3402918,0.10859912,0.035981447,0.0033339988,0.14224382,0.09983701,0.05176476,0.25431785,0.047510628,0.23774894,0.022747729,0.4675856,0.06925597,0.16105732,0.03207611,0.47112566,0.62002003,0.47153956,0.14911021,0.2881728,0.04970718,0.06306702,0.055700082,0.32127294,0.03061489,0.40829688,0.057233125,0.16977961,0.063449524,0.6738972,0.09809147,0.031272903,0.49528605,0.2927426,0.3664456,0.105392605,0.0105923675,0.3332904,0.056829005,0.11741129,0.046564594,0.037206866,0.29742107,0.052395247,0.5262968,0.061869156,0.051243354,0.07148553,0.0753123,0.043304108,0.2990726,0.029196544,0.0764255,0.014371085,0.027614972,0.04900888,0.03702605,0.25765973,0.03285687,0.1478584,0.10522473,0.18535751,0.06087877,0.19096477,0.045238763,0.673931,0.29928303,0.006627005,0.08058323,0.06187497,0.16995418,0.39242616,0.09703493,0.16229115,0.124499954,0.26056546,0.22728099,0.003987523,0.050019793,0.036926277,0.05879246,0.019411316,0.002345123,0.17606847,0.057373684,0.14938347,0.09358675,0.24095388,0.13832662,0.47801998,0.29544854,0.1889185,0.15785868,0.0790753,0.08045743,0.047989696,0.13284802,0.02716222,0.01243635,0.2259499,0.36746112,0.8030382,0.10706469,0.1985625,0.00862654,0.045326766,0.22334749,0.25277752,0.124934636,0.11926071,0.4716277,0.59085953,0.10254886,0.21667561,0.026938759,0.038659114,0.030026369,0.025318203,0.030086631,0.06623303,0.013812549,0.7761655,0.030757563,0.10526973,0.019403514,0.30259794,0.004791437,0.043982744,0.08609563,0.13727295
BC2026_Train_0004_S08_20250607_070007_50,0.0029982037,0.58458614,0.0007675861,0.00039755847,1.8087018e-08,0.062935546,0.00040111633,0.0016568893,0.0010360972,1.3700052e-05,0.004888122,0.0029853168,0.00024721515,2.4431701e-08,2.1523384e-07,0.002399156,6.802294e-05,7.0625945e-05,0.01293255,0.021192078,0.0046615214,8.576461e-06,0.008044088,0.00048825052,0.021789445,4.739433e-06,0.0056451964,0.013249628,0.022802997,0.048148856,0.077456996,0.0013837249,0.71242476,0.0061651575,0.0032453118,0.002964596,0.05678237,0.0914301,0.0060884818,0.031704538,0.5505222,0.005686619,0.07830227,0.005056335,0.34680063,0.34680063,0.74380565,0.428089,0.11762597,0.13655944,0.026273321,0.026408581,0.026408581,0.010036439,0.5176652,3.6113846e-08,0.0011056657,5.4997754e-06,2.3324292e-05,0.005851741,0.012709396,6.4679174e-05,0.007658603,0.0018285965,0.00020717549,0.0003887789,0.026322475,4.639459e-05,0.00015709604,0.017047143,0.0010693896,7.257385e-05,0.1305718,0.038164645,0.08401812,0.030318178,0.045917954,0.5765817,0.15448862,0.11900804,0.0905712,0.0152582,0.37468326,0.028176174,0.22723417,0.10712331,0.09383287,0.14445119,0.09732359,0.042989742,0.046099916,0.25625712,0.15655048,0.1458532,0.02639583,0.039123315,0.059591744,0.84934044,0.081632845,0.13659632,0.150971,0.031131502,0.18522575,0.60634923,0.3904236,0.09499761,0.040716123,0.0029854325,0.13024668,0.08364262,0.06293991,0.24478276,0.029665228,0.21283893,0.048502162,0.41431898,0.07555159,0.10504477,0.03224902,0.3591784,0.5665862,0.5856651,0.12783898,0.34505,0.061537348,0.0611408,0.04310294,0.33877796,0.029460164,0.27860594,0.068101816,0.21921688,0.077053666,0.20831957,0.09515698,0.029449688,0.51471376,0.2635239,0.22600241,0.07985273,0.006708548,0.50330365,0.043182112,0.13877302,0.05157034,0.03246675,0.5231361,0.13587224,0.6684563,0.091087714,0.08043368,0.06442929,0.0760646,0.046825707,0.18290338,0.048650734,0.067367114,0.015742373,0.027598135,0.0685142,0.09039755,0.23178957,0.045933083,0.12979749,0.09899807,0.08839637,0.06377487,0.14366812,0.08081206,0.8205872,0.28794825,0.0055738334,0.08709858,0.076020174,0.16224515,0.28800088,0.13376045,0.18876703,0.12282554,0.3334675,0.38121992,0.004420818,0.06885204,0.041652225,0.028695399,0.042268343,0.0018758005,0.20964313,0.064671844,0.18330665,0.07952654,0.2718049,0.12962298,0.40372282,0.4015565,0.18081926,0.15258363,0.07269977,0.1046643,0.021407457,0.15960164,0.018783553,0.011724785,0.34145668,0.30316836,0.79074216,0.1031601,0.18981607,0.0139720375,0.086330734,0.18753396,0.3159563,0.26591837,0.1064745,0.42864412,0.5767425,0.05588381,0.18637696,0.03095541,0.04361828,0.015038671,0.026783073,0.02987329,0.024408946,0.010059147,0.83128643,0.036696646,0.18479273,0.011750786,0.3225973,0.011258282,0.058253523,0.13027743,0.14217973
BC2026_Train_0004_S08_20250607_070007_55,0.0023630273,0.56720203,0.00089389,0.00023457766,2.3131335e-08,0.08260178,0.00038439673,0.0018008308,0.0010101814,1.2475845e-05,0.007150823,0.0023007072,0.00025057644,2.409445e-08,1.8466676e-07,0.002340023,9.559844e-05,7.5317126e-05,0.026351735,0.02732661,0.007279129,1.2619666e-05,0.0058954824,0.00068456685,0.019749925,4.856601e-06,0.0053517153,0.023273299,0.028541077,0.051340833,0.055797014,0.0016591174,0.6763668,0.005591838,0.003208341,0.0034446972,0.060039543,0.115783356,0.0047080684,0.044177048,0.52664167,0.00427784,0.085885294,0.005726999,0.40478703,0.40478703,0.7375191,0.38019505,0.12156886,0.14763185,0.028687946,0.02910759,0.02910759,0.007934397,0.5551047,3.2643637e-08,0.0011095151,3.8380012e-06,2.5273392e-05,0.0106907915,0.014778989,6.6170476e-05,0.009305128,0.0020355745,0.00017112201,0.00048549447,0.034517676,5.4081564e-05,0.00018569152,0.021008251,0.0010597393,5.9894595e-05,0.15380472,0.06816898,0.13162346,0.0281682,0.041911796,0.55274117,0.06374392,0.36598256,0.1124286,0.015134582,0.34586757,0.021145854,0.13363276,0.13821945,0.06755734,0.1468779,0.12125668,0.052009244,0.057081327,0.1257737,0.041812584,0.17484277,0.03152189,0.041124664,0.0760006,0.84856206,0.15454191,0.07547712,0.105941184,0.07483799,0.26253465,0.5339598,0.30578405,0.09534179,0.03252615,0.0027114132,0.09692478,0.092858285,0.034974676,0.24663556,0.020279333,0.22010592,0.04175933,0.45422617,0.0842128,0.08452024,0.03714923,0.63988185,0.63520926,0.5447186,0.1524607,0.18512961,0.06605768,0.14246316,0.13133089,0.38731524,0.03907267,0.2252092,0.053496424,0.1754463,0.11982387,0.3293077,0.071038134,0.044016775,0.52306634,0.23403174,0.26857367,0.1440344,0.008254327,0.22418381,0.071761034,0.113486074,0.044494983,0.14162876,0.40136164,0.035713542,0.6482693,0.084225334,0.061045896,0.04646147,0.07665849,0.03205338,0.28148764,0.030315368,0.061567377,0.026060138,0.03624675,0.04849017,0.058601525,0.44492522,0.059927236,0.16864592,0.09309966,0.20028219,0.090876326,0.12827979,0.05931481,0.669538,0.35819063,0.014782617,0.068402044,0.07383366,0.22739892,0.15012477,0.21601816,0.24305454,0.10627018,0.39749357,0.32316056,0.004319398,0.050946232,0.042997293,0.034772575,0.031587407,0.0015990374,0.19110684,0.054543443,0.08305683,0.090629,0.2704927,0.10418886,0.38196355,0.33099505,0.16914095,0.12009642,0.08627441,0.11638805,0.043505352,0.19646177,0.017482033,0.011306784,0.21838772,0.30018553,0.41851002,0.09592359,0.16738969,0.010363679,0.059629492,0.1637393,0.28264135,0.3735271,0.105355024,0.500573,0.56269467,0.06067919,0.21459508,0.02684172,0.033100802,0.014553151,0.022826362,0.028637456,0.031378277,0.012095302,0.7808799,0.03771307,0.14140569,0.013510906,0.23123153,0.0054881442,0.057133313,0.12112659,0.1444166
BC2026_Train_0004_S08_20250607_070007_60,0.0022681279,0.55124825,0.001197438,0.00035989098,2.0770864e-08,0.057635643,0.0005316966,0.005815931,0.0010714458,1.3980985e-05,0.00494731,0.0018126189,0.00023269902,2.2172468e-08,2.1280556e-07,0.0020917717,0.0001703151,6.2371255e-05,0.02275721,0.016364804,0.005823295,1.1034015e-05,0.01824603,0.00070630846,0.014696814,4.2541733e-06,0.004807753,0.021363935,0.02194074,0.05227331,0.05302305,0.0012493393,0.65211034,0.0049203425,0.003195312,0.0028355862,0.04648594,0.0850738,0.0038384586,0.036210556,0.5053448,0.0034082346,0.07387805,0.0044275196,0.4234669,0.4234669,0.7237452,0.3452717,0.08595811,0.113648795,0.024053512,0.024931539,0.024931539,0.0063740634,0.5767947,4.0052594e-08,0.0011036417,4.784085e-06,3.6900266e-05,0.0041260063,0.009697035,8.832829e-05,0.0074241036,0.0031188922,0.00020087701,0.00054441614,0.014943328,5.1305386e-05,0.00015309131,0.015596917,0.0010560815,6.1743165e-05,0.2335966,0.04846134,0.09050562,0.023892472,0.028728604,0.505862,0.07187039,0.14821535,0.08642402,0.017701127,0.42896923,0.03360185,0.13642682,0.16924778,0.07840048,0.15651989,0.13330351,0.044777915,0.06163123,0.23629369,0.10706353,0.18077157,0.060220666,0.13418303,0.067827046,0.734736,0.07494646,0.051670212,0.101434164,0.0989009,0.20163772,0.56285775,0.42465842,0.09423319,0.036952395,0.003867011,0.09271505,0.15182124,0.03831857,0.28630677,0.023530545,0.19944774,0.03329512,0.48802593,0.049220484,0.13693243,0.034697745,0.36386308,0.483209,0.40505266,0.17453247,0.20168717,0.10204453,0.14608249,0.078727,0.18470427,0.02667326,0.19825031,0.11076688,0.20148993,0.07509127,0.25587422,0.055062152,0.08622181,0.40297547,0.26975745,0.21951772,0.14115125,0.015838385,0.16765387,0.09354483,0.20375095,0.038467094,0.13127112,0.605417,0.037394725,0.7081461,0.09328541,0.07595332,0.06661993,0.06619855,0.04692592,0.28665286,0.04046117,0.03783932,0.028927678,0.030018471,0.13640983,0.038551524,0.47324222,0.039856628,0.20222114,0.07657783,0.12405223,0.05612776,0.19070463,0.056070894,0.6652721,0.19354746,0.005977739,0.06987523,0.097009264,0.23928466,0.23985292,0.4599015,0.20238702,0.10121048,0.3057051,0.46078202,0.004173271,0.04850424,0.045849003,0.031710997,0.02794941,0.0018747409,0.27622065,0.09503297,0.11450395,0.09153177,0.20963216,0.17836586,0.36080045,0.49570498,0.3162655,0.13142699,0.08782241,0.136679,0.042056993,0.29878813,0.029868389,0.014135083,0.17481247,0.29683447,0.5163778,0.1091581,0.21220975,0.010530205,0.06291618,0.15615508,0.23825264,0.26206645,0.12665811,0.4052004,0.5057317,0.053390972,0.3191464,0.023202565,0.033082407,0.016984299,0.014907737,0.04045111,0.024716094,0.010952005,0.71972674,0.032829676,0.16106258,0.013039651,0.260022,0.010958239,0.065071374,0.108429685,0.14176878
BC2026_Train_0005_S08_20250607_070007_5,0.001240542,0.5492226,0.0009791891,0.0012745585,5.151914e-08,0.031937294,0.0007224804,0.0011047733,0.00055703626,1.4204412e-05,0.006035198,0.0027625621,0.0005506927,2.2031335e-08,2.7057607e-07,0.0044669607,7.931918e-05,6.847589e-05,0.00742869,0.00341482,0.004804314,1.5654932e-05,0.007833612,0.0005545148,0.008007477,4.8832653e-06,0.010810996,0.028043656,0.01903809,0.06791274,0.032177206,0.0008965583,0.5938212,0.003156705,0.0033246693,0.00265714,0.038824886,0.10473936,0.0016852954,0.03746972,0.4343231,0.0013021354,0.076464064,0.00318936,0.5842664,0.5842664,0.73385346,0.27603334,0.074368626,0.13159351,0.02365936,0.024963727,0.024963727,0.0033556137,0.69001675,5.8402566e-08,0.001122143,7.5123353e-06,3.121669e-05,0.0065554613,0.0066303657,5.7968293e-05,0.0057625636,0.0024287275,0.0006026049,0.0004055084,0.01115613,5.2053092e-05,0.00016714781,0.011209584,0.00107393,5.795424e-05,0.08820724,0.037153177,0.151468,0.11612945,0.048586763,0.57993585,0.067999914,0.06900311,0.3682675,0.012420153,0.3729236,0.016953573,0.07680708,0.19511466,0.17694251,0.15769489,0.3431922,0.0688398,0.047688354,0.2223717,0.05383196,0.033152666,0.03810784,0.07871672,0.14413251,0.64212674,0.15574749,0.15544283,0.18294966,0.11221885,0.21925099,0.37780377,0.26241314,0.14476247,0.066025294,0.016863558,0.72175235,0.104783334,0.062218983,0.19964488,0.07539398,0.10572948,0.050404318,0.59779435,0.043199126,0.04810532,0.027577847,0.59179497,0.43820962,0.44285056,0.24287952,0.9636842,0.035823926,0.42495668,0.0584662,0.2552384,0.058417447,0.10981589,0.18212385,0.33612257,0.07907785,0.4594033,0.22592701,0.014310866,0.54721254,0.27759722,0.24909805,0.029873097,0.009034569,0.24803607,0.3074744,0.30299395,0.025139075,0.12450127,0.533686,0.019767212,0.29036462,0.07498348,0.15514848,0.07869982,0.24146658,0.10125293,0.41840512,0.13720293,0.045008417,0.033271793,0.10502764,0.07017382,0.04104765,0.19929558,0.018348949,0.13355643,0.15741168,0.12647597,0.035374675,0.28306606,0.09600323,0.8393575,0.32883853,0.037645016,0.05014864,0.12526222,0.36361563,0.040429935,0.5565273,0.14138728,0.39676124,0.16588846,0.5485652,0.0060026874,0.10525384,0.18591538,0.0476222,0.05503884,0.0066494797,0.29730943,0.038142055,0.069918625,0.1527653,0.4318848,0.05183897,0.4125121,0.5125598,0.23550522,0.34528574,0.15351152,0.073359445,0.019450178,0.10425532,0.12442934,0.025309956,0.45467907,0.30672947,0.27368698,0.36814675,0.35919487,0.026231779,0.116072424,0.19221483,0.2953628,0.20175074,0.19754541,0.32486498,0.60266006,0.07670834,0.13805898,0.14086057,0.21001637,0.01992242,0.025354395,0.12848942,0.2375767,0.01738701,0.81791806,0.049996544,0.11225901,0.04724842,0.5401319,0.009259145,0.06413677,0.3788898,0.12647048
BC2026_Train_0005_S08_20250607_070007_10,0.0010109128,0.5000456,0.0011214206,0.000864399,1.1117016e-07,0.04427002,0.000741024,0.0012687901,0.0005711194,1.5903368e-05,0.005717974,0.0012136891,0.00044611612,2.1180545e-08,3.140282e-07,0.0037629707,8.7657085e-05,5.3766147e-05,0.003422247,0.005445355,0.0064244666,1.1885696e-05,0.010541028,0.0010121856,0.010374113,6.919012e-06,0.008522438,0.029698793,0.022360435,0.07569615,0.038137536,0.001045451,0.5875364,0.0031986327,0.0033411789,0.0025969928,0.033229124,0.09003355,0.002270105,0.040544897,0.43512455,0.002104541,0.07587346,0.0038012613,0.606691,0.606691,0.69737816,0.22379509,0.06868344,0.11675965,0.023651784,0.025035786,0.025035786,0.0045696613,0.70026314,5.144623e-08,0.0011094749,8.55929e-06,2.3136738e-05,0.013664632,0.008489291,4.4190896e-05,0.005742768,0.002722087,0.0013281491,0.0005121647,0.0073661334,5.9945167e-05,0.00015574464,0.012563497,0.0010472017,6.3192805e-05,0.08544732,0.028185003,0.08209245,0.063601576,0.04644229,0.47639376,0.033564012,0.058492072,0.17213698,0.012624277,0.43368027,0.006040665,0.08460473,0.17622218,0.12529267,0.19365032,0.28811088,0.04989023,0.087998286,0.20884024,0.012575565,0.02006088,0.042181447,0.06159353,0.10177872,0.6772511,0.17079669,0.051925726,0.14780499,0.13083859,0.20667976,0.4624398,0.31929278,0.08753908,0.077481516,0.0065653105,0.21556845,0.12076007,0.06482787,0.226568,0.053203147,0.09617569,0.09811033,0.6007484,0.04654356,0.03455457,0.042457275,0.37948135,0.3839377,0.5172237,0.16040385,0.47970298,0.03987123,0.29500523,0.06786275,0.17124695,0.06040224,0.15074569,0.1994909,0.34888187,0.09320462,0.22062756,0.13149576,0.01186827,0.4531943,0.31943414,0.19966988,0.045951195,0.0071137063,0.12689419,0.1615232,0.14515696,0.022757767,0.18201545,0.8140376,0.01248033,0.24520321,0.07662023,0.13238539,0.062833555,0.18548593,0.051147718,0.13430318,0.0961745,0.051152464,0.062669545,0.07885796,0.053994603,0.027094983,0.3624146,0.015115455,0.2553771,0.11650088,0.13743506,0.051917605,0.32005465,0.06175342,0.6150592,0.1782669,0.10803663,0.043064784,0.16232699,0.5422099,0.071444154,0.44291165,0.18539524,0.1954347,0.18430662,0.3956646,0.0067097126,0.065327406,0.15770273,0.043443806,0.060317017,0.0036298279,0.18997276,0.03946214,0.07565592,0.09310876,0.30478713,0.035943396,0.33467656,0.44095674,0.31232426,0.15906554,0.091864295,0.07702445,0.022381414,0.107739754,0.05911968,0.030919734,0.2384158,0.4944495,0.23640601,0.19464236,0.26999757,0.03119812,0.09382342,0.13242772,0.2815367,0.0679987,0.2850964,0.32168984,0.6436936,0.048645582,0.20925601,0.0905764,0.07913601,0.020758111,0.019449148,0.048912406,0.10928045,0.017449362,0.6229732,0.08228635,0.11663958,0.024226805,0.27426982,0.0044957246,0.09265041,0.18599136,0.17198905
BC2026_Train_0005_S08_20250607_070007_15,0.0013024857,0.5237312,0.0008686584,0.0008595385,5.0196203e-08,0.02696035,0.00084979663,0.0010085278,0.00047596032,1.749135e-05,0.005313715,0.0016371903,0.0005200318,1.9843387e-08,2.3998973e-07,0.0047545717,7.6395125e-05,5.981815e-05,0.0036392559,0.0031829001,0.010458237,1.1241268e-05,0.0059283683,0.00056014775,0.006483667,5.8243545e-06,0.012609706,0.029407302,0.021366592,0.05310258,0.02956747,0.00076967414,0.6000633,0.0033638047,0.0032713632,0.0023147992,0.03156023,0.09718295,0.001727391,0.02977132,0.42938846,0.0013040572,0.05818404,0.0027037656,0.5697858,0.5697858,0.7257287,0.2593799,0.066493094,0.112707466,0.018324507,0.019616086,0.019616086,0.0031535423,0.6773824,5.7257978e-08,0.00110298,6.0402863e-06,2.7906837e-05,0.006433172,0.005330713,4.4488548e-05,0.0038101238,0.0019492273,0.00055782974,0.00033004742,0.012569857,5.6557852e-05,0.00017606141,0.009472417,0.0010442241,5.648558e-05,0.08581602,0.06425948,0.13635832,0.086145885,0.102182895,0.52936924,0.0647417,0.06727673,0.3207529,0.02087898,0.42550895,0.0072658556,0.09255562,0.19781657,0.12280057,0.16754803,0.29368034,0.07024927,0.060847268,0.24862234,0.04379614,0.018727323,0.05913929,0.07966962,0.1056427,0.7140616,0.13852404,0.12643132,0.17044461,0.04403437,0.27973565,0.4185896,0.34971577,0.13192871,0.11550112,0.024492601,0.65866905,0.06998433,0.066942304,0.23070371,0.11178575,0.12467082,0.067812614,0.46400875,0.049768213,0.07420871,0.046262514,0.6569484,0.43438622,0.49943477,0.24369338,0.91827047,0.03587458,0.3312014,0.042468827,0.58425105,0.08236024,0.24123505,0.13365185,0.36103302,0.055435125,0.43226814,0.14890705,0.023155745,0.6056912,0.26640698,0.22313505,0.027813854,0.007640724,0.17626227,0.29554665,0.15525082,0.025726903,0.10515292,0.59963214,0.02664094,0.21143681,0.07108281,0.11986963,0.055691775,0.21883294,0.08607134,0.4761621,0.14941949,0.039989192,0.04166674,0.09329876,0.040720873,0.023119269,0.24130562,0.015000733,0.14514528,0.18697919,0.093669586,0.083605364,0.3573585,0.066909514,0.8205211,0.28190437,0.0609233,0.07338752,0.12329893,0.34995496,0.048618644,0.5172027,0.17054282,0.26501945,0.29491395,0.41439292,0.006942283,0.11425818,0.19373885,0.037664864,0.07407722,0.007124383,0.30627117,0.028160483,0.17600457,0.15388937,0.30800155,0.044028968,0.43104103,0.39068466,0.2913012,0.2371442,0.05631672,0.11586079,0.03506998,0.14146632,0.08178883,0.026129482,0.51647395,0.32115957,0.33524767,0.29305276,0.36702058,0.03854094,0.096130535,0.14801301,0.30906302,0.10477634,0.25277802,0.26189378,0.84395957,0.052576188,0.15713897,0.086577594,0.2215621,0.016382778,0.03639672,0.10216223,0.13399836,0.022040853,0.8590208,0.040985715,0.12602374,0.030035691,0.5786748,0.009271351,0.12966993,0.33471894,0.14861871
BC2026_Train_0005_S08_20250607_070007_20,0.0019155793,0.584678,0.0026862475,0.0020047019,4.621002e-08,0.052621447,0.0007485203,0.0012077981,0.0005050222,1.5745487e-05,0.005306508,0.006590973,0.00065159646,2.1826018e-08,2.9756015e-07,0.0074112504,8.453788e-05,7.552341e-05,0.0028079767,0.0029142746,0.0066488967,1.16183155e-05,0.007249929,0.0016027407,0.008218065,5.709894e-06,0.012025049,0.07558356,0.04087625,0.08352196,0.047504112,0.0010383249,0.6475604,0.0037592077,0.003377457,0.0030534025,0.044859584,0.10206693,0.0023706574,0.03539637,0.50298446,0.0018741225,0.09112154,0.0038665268,0.595433,0.595433,0.7657298,0.3510776,0.08077039,0.1370328,0.028604468,0.030016435,0.030016435,0.004683561,0.7174477,4.558225e-08,0.0011298048,5.6726e-06,2.8286657e-05,0.0076549193,0.004641646,5.150903e-05,0.0053286147,0.002692855,0.00092022144,0.00032859578,0.01208613,5.2644e-05,0.0001990396,0.023387708,0.0010719143,5.6359564e-05,0.078369655,0.041459687,0.15288225,0.07613393,0.07212994,0.6501607,0.061958503,0.090104945,0.36343408,0.019867606,0.372683,0.0075708325,0.08855631,0.20876876,0.2413425,0.14043978,0.36835918,0.10170418,0.054226976,0.26810873,0.041708175,0.022087382,0.052801732,0.07516255,0.21988305,0.6868409,0.11118712,0.10007535,0.21018961,0.05624173,0.24637626,0.45665106,0.27792516,0.16484055,0.082397416,0.013203948,0.57510716,0.08989553,0.073923156,0.2196556,0.03502001,0.14401083,0.047693636,0.49614128,0.055963896,0.054635383,0.03199877,0.5990722,0.42437068,0.5095218,0.22661129,0.95085526,0.050821885,0.27107826,0.07232094,0.5604507,0.072846524,0.14298622,0.19695829,0.271516,0.07874953,0.46798968,0.1841388,0.012337949,0.5663896,0.30517718,0.22291943,0.044318043,0.010347648,0.12511332,0.24744613,0.20684798,0.026767245,0.057674065,0.5154607,0.015843024,0.247331,0.11372777,0.16635041,0.049266394,0.28988034,0.07602027,0.40613976,0.12065754,0.025098197,0.02175251,0.11696949,0.06066081,0.026482372,0.22580695,0.014761506,0.14847209,0.17323133,0.12038726,0.025732044,0.22061692,0.05968579,0.81682724,0.39059985,0.0185259,0.06764073,0.13132584,0.25818366,0.06882248,0.17228286,0.17265247,0.37744787,0.355933,0.4262946,0.006670535,0.15641373,0.20094585,0.06110307,0.029384818,0.0076586637,0.30721486,0.036455464,0.08064308,0.19310203,0.4355948,0.03976722,0.41603312,0.40161026,0.25086525,0.33596778,0.10773104,0.086207554,0.027737595,0.1407204,0.07170556,0.023639409,0.5124153,0.35343173,0.33413658,0.2398108,0.48060235,0.026974225,0.10485563,0.18119973,0.31468984,0.1412888,0.1976494,0.27266908,0.71930397,0.069134496,0.1430556,0.073716946,0.116909966,0.016737225,0.027044175,0.07622277,0.14500564,0.021550056,0.8824005,0.04350278,0.15529828,0.03787339,0.5643838,0.006459955,0.048083954,0.36923844,0.20722206
BC2026_Train_0005_S08_20250607_070007_25,0.0014720638,0.51832956,0.00093285367,0.00061660324,3.9835957e-08,0.029359926,0.00069812936,0.001145092,0.00044273096,1.2316182e-05,0.0068910895,0.0019452965,0.00035920594,2.1344846e-08,2.4505078e-07,0.003924338,6.679038e-05,6.1837585e-05,0.0024740233,0.003154515,0.0071286736,8.666609e-06,0.0072857873,0.00042747543,0.005336352,5.5469236e-06,0.010014461,0.029775765,0.022534024,0.04479937,0.025382124,0.000637542,0.56929624,0.0025023776,0.0033098776,0.0017937548,0.025997546,0.091422744,0.0014910924,0.02115772,0.4237236,0.0011975435,0.05150688,0.0023651463,0.559407,0.559407,0.7050532,0.22751975,0.062034596,0.11445141,0.01508054,0.015945885,0.015945885,0.0030739752,0.67593616,3.7722824e-08,0.0011194635,4.964597e-06,2.412833e-05,0.005785868,0.0051432624,4.602011e-05,0.0034186263,0.0018899863,0.00032811335,0.00025476867,0.010150691,5.7337795e-05,0.00022977067,0.009689163,0.0010662493,4.927174e-05,0.08292688,0.072537065,0.14784123,0.13954651,0.05745962,0.55346066,0.086411074,0.08818284,0.4602578,0.024168683,0.5027068,0.006204557,0.07244255,0.15058571,0.14536946,0.2923424,0.20039727,0.09799956,0.05767334,0.16404687,0.018596109,0.027088843,0.075694606,0.06442183,0.15060018,0.540401,0.23095623,0.14500369,0.11679414,0.07725601,0.21777508,0.39234135,0.30199182,0.12537031,0.1136153,0.010645952,0.26952064,0.10917158,0.045003932,0.31236067,0.05517765,0.113321275,0.03798989,0.47645032,0.03600705,0.06980519,0.026562655,0.69066244,0.35620323,0.6240738,0.2778944,0.55453753,0.04449968,0.22736517,0.070056304,0.350743,0.045915335,0.13845877,0.09091295,0.28652886,0.049662307,0.32775426,0.1249062,0.014765856,0.25944108,0.26759824,0.19598632,0.02365236,0.007596891,0.29914716,0.17091186,0.13366432,0.029903814,0.045372885,0.5957857,0.017567057,0.2668591,0.09125542,0.08764891,0.049767636,0.19010347,0.051872995,0.7072025,0.16206717,0.07651147,0.029982237,0.11224535,0.050901383,0.037170187,0.22734915,0.017481938,0.24888597,0.15465745,0.080418564,0.10426652,0.22355056,0.089273505,0.6404132,0.25302646,0.09824894,0.088176385,0.24850914,0.2840723,0.0429424,0.2771673,0.15627433,0.20241886,0.22551279,0.4314335,0.0073610763,0.115792945,0.16534388,0.11438849,0.05170829,0.004730128,0.19894093,0.042788796,0.07659672,0.08782369,0.2569622,0.04615498,0.40940297,0.3920657,0.36947033,0.12561339,0.08868196,0.08716935,0.033036094,0.121138856,0.038227156,0.024240736,0.31867817,0.30885145,0.3688994,0.27086684,0.22166465,0.026854489,0.10616145,0.13547331,0.32646486,0.07389917,0.25979233,0.25835893,0.5165933,0.075767085,0.1513357,0.05001905,0.12438752,0.026171338,0.035106596,0.047727913,0.04513718,0.03564092,0.8264569,0.058425102,0.16478848,0.029069154,0.4071352,0.00402713,0.07719426,0.17567047,0.15123567
BC2026_Train_0005_S08_20250607_070007_30,0.0024812461,0.5666402,0.0016434313,0.0010316643,4.2033083e-08,0.03967931,0.0006522779,0.0010468343,0.000597083,1.5405793e-05,0.005100417,0.004702624,0.00037529442,2.2802489e-08,2.5832713e-07,0.006040569,6.178462e-05,6.668913e-05,0.004924558,0.0071753445,0.006185384,1.2009298e-05,0.004952445,0.0006723449,0.006449938,5.0699023e-06,0.015370935,0.047712095,0.051636837,0.073260404,0.03437533,0.0009593573,0.6163058,0.0035855132,0.0033683304,0.00266102,0.035067968,0.1130116,0.002259242,0.028887894,0.5036648,0.0016972668,0.07011949,0.003416045,0.58163655,0.58163655,0.7536544,0.30220634,0.0820954,0.14629932,0.021150064,0.02241873,0.02241873,0.004356973,0.7057992,4.276513e-08,0.001141379,5.2387527e-06,2.9201203e-05,0.006112539,0.008947726,5.1265946e-05,0.004809493,0.001833736,0.0005988563,0.0003191122,0.015992781,5.9791313e-05,0.00029862107,0.014928333,0.0010735209,5.31217e-05,0.09917081,0.037619084,0.21326673,0.056159593,0.074020304,0.53773445,0.05904688,0.072559126,0.54816186,0.014436582,0.4028643,0.0045882086,0.091256745,0.12400229,0.37188843,0.34389374,0.15027018,0.11546224,0.06756539,0.17950986,0.022805214,0.02608866,0.058395457,0.07244573,0.14153336,0.6760117,0.3750167,0.10295924,0.10480068,0.105142586,0.24446821,0.40798628,0.35230097,0.14339186,0.048676025,0.007048789,0.41501093,0.14547491,0.050980505,0.23797889,0.04322669,0.1090929,0.04179359,0.5569943,0.045307755,0.059860844,0.027021626,0.91915447,0.33268118,0.46439925,0.3784151,0.67430174,0.038995076,0.14499503,0.083627686,0.33453414,0.053295407,0.11350803,0.2258698,0.3606235,0.0584585,0.3597786,0.26337814,0.013509264,0.28676158,0.2381613,0.20387168,0.09039816,0.0093387235,0.19617654,0.1557524,0.16384947,0.038908426,0.033901487,0.46152923,0.012373886,0.3198541,0.10427734,0.12729836,0.041263316,0.2449403,0.041079447,0.6382435,0.18246198,0.041384254,0.023797438,0.065422855,0.04224908,0.055289615,0.19177182,0.014374773,0.17350045,0.20905036,0.088491224,0.08371724,0.19601841,0.0666464,0.70680517,0.3221235,0.050689194,0.08518128,0.1507978,0.43307325,0.048653655,0.11454902,0.12779616,0.34952146,0.34606844,0.45713803,0.0055182492,0.08612984,0.22118416,0.050517958,0.029392632,0.0027278236,0.27466923,0.043271303,0.07471049,0.1736234,0.32119888,0.049217515,0.5793008,0.437627,0.34909612,0.25412264,0.10625714,0.070009045,0.033803165,0.20342675,0.038878232,0.027692143,0.38572037,0.27777883,0.31133878,0.1816048,0.27263412,0.021871515,0.09666691,0.1785329,0.24970783,0.12055395,0.16709067,0.29513657,0.600738,0.044776335,0.12729415,0.054470263,0.15183048,0.016231712,0.018907385,0.07415341,0.04681623,0.044152893,0.8153153,0.0665344,0.123665825,0.02888036,0.49033022,0.0068063526,0.05176965,0.35718682,0.16187946
BC2026_Train_0005_S08_20250607_070007_35,0.0017250674,0.5618907,0.0010929314,0.0010394686,4.6802725e-08,0.03256856,0.0006837632,0.001004088,0.00060995674,1.5458238e-05,0.005197473,0.0012944442,0.0003272287,2.060121e-08,2.7446333e-07,0.0044327253,5.60022e-05,5.8916197e-05,0.0031408262,0.003634679,0.0053947447,1.0243355e-05,0.004929133,0.0005313575,0.0074338093,5.0485405e-06,0.012121671,0.021429643,0.027130594,0.04598376,0.035467084,0.0009348073,0.61543345,0.0038095727,0.0033372878,0.0027037745,0.036933556,0.12628491,0.0023023745,0.032200232,0.51311004,0.0017503637,0.070351325,0.003318964,0.5839752,0.5839752,0.76240695,0.2936026,0.09178455,0.16121773,0.0221297,0.02324235,0.02324235,0.0043282807,0.70888627,4.370855e-08,0.0011244552,5.8631585e-06,1.8820267e-05,0.0065826797,0.0040201824,4.591031e-05,0.005021447,0.002434962,0.0004004049,0.00033139312,0.014196296,6.227993e-05,0.00018930409,0.011707471,0.001065995,5.9727918e-05,0.08523756,0.081379764,0.22060065,0.23525923,0.09606718,0.63508886,0.053406186,0.07228199,0.5688156,0.020245247,0.37857234,0.007278068,0.10665695,0.120118015,0.14266086,0.44659075,0.28278396,0.06293327,0.052982014,0.14603266,0.025350176,0.031265676,0.050052874,0.06504584,0.13843618,0.61217535,0.3967009,0.21759099,0.12366043,0.04362414,0.15244296,0.34311938,0.33106765,0.28322762,0.060381103,0.006242178,0.5143044,0.08659251,0.0620032,0.20146903,0.0522844,0.14373818,0.058237385,0.5667831,0.0669561,0.075115494,0.029723056,0.91913277,0.35282388,0.38537422,0.1696358,0.6767144,0.037155744,0.18032484,0.08522648,0.5065134,0.050906654,0.10212079,0.1426505,0.31407192,0.063964896,0.24716003,0.22623405,0.020292101,0.30273902,0.22775985,0.18455675,0.058675777,0.007555653,0.37983233,0.18511645,0.23975402,0.021952411,0.048914082,0.38847804,0.018214894,0.21764837,0.11981327,0.15226,0.044175718,0.527382,0.048595604,0.559144,0.114199966,0.049565624,0.019496286,0.12798136,0.036936752,0.09117117,0.2549776,0.020464115,0.14304876,0.21496587,0.1300814,0.054819945,0.1597756,0.06385127,0.7385917,0.42240292,0.042054124,0.08816989,0.09752942,0.23873274,0.026221514,0.11644014,0.12610471,0.36328125,0.18502581,0.23510723,0.007978034,0.15421867,0.37923837,0.02280689,0.021135936,0.0046165697,0.15368524,0.044797312,0.08293499,0.1976346,0.41232932,0.05683245,0.42394033,0.42322254,0.29723465,0.51877064,0.095826514,0.10010419,0.02188182,0.118621774,0.054350693,0.08872724,0.24789551,0.27877817,0.34077373,0.4782201,0.21151257,0.039557792,0.14422394,0.14913046,0.31862718,0.07850619,0.28555003,0.27512875,0.63073504,0.07347434,0.16340184,0.0429802,0.3005108,0.027713358,0.018241957,0.04345701,0.075791426,0.020853614,0.79015064,0.05514826,0.10584394,0.09444843,0.51173055,0.0059191766,0.051424224,0.28857806,0.14264603
BC2026_Train_0005_S08_20250607_070007_40,0.001659116,0.5161329,0.00090216065,0.0007956273,4.8704425e-08,0.029530467,0.00092485157,0.0018775931,0.00045733596,1.9584126e-05,0.007460272,0.001311212,0.00046741002,2.076043e-08,3.2778595e-07,0.015330127,7.051156e-05,5.8071724e-05,0.0027104116,0.005008756,0.0038823553,1.1902287e-05,0.006233317,0.0005199617,0.005063427,5.5928986e-06,0.059848424,0.022426682,0.022209933,0.053482037,0.024365865,0.0006247632,0.55908453,0.002352419,0.0033974177,0.0020923202,0.02464188,0.0772557,0.0012274256,0.023778642,0.36493418,0.00096721406,0.056094363,0.002274935,0.54108804,0.54108804,0.7148978,0.22491631,0.053415664,0.10331124,0.016648082,0.017469428,0.017469428,0.0025895997,0.7192566,4.8811764e-08,0.0011253314,4.113131e-06,2.7088648e-05,0.007314159,0.0052174027,4.6468733e-05,0.004167205,0.0021107642,0.00050917116,0.0002840699,0.0062195477,5.173164e-05,0.0002494137,0.014710586,0.0010796222,6.088884e-05,0.07178623,0.035790794,0.2565486,0.05968405,0.07307648,0.53713095,0.02867307,0.068723135,0.47319666,0.01228051,0.45695192,0.0081633665,0.11313399,0.1793098,0.11529972,0.13380666,0.36021164,0.044809144,0.0492217,0.13010836,0.048299205,0.019486237,0.037193865,0.09097401,0.13538338,0.6871226,0.17221239,0.12558126,0.13468403,0.11102722,0.2124762,0.39856273,0.2925997,0.1501728,0.057871692,0.014010588,0.6913257,0.08966519,0.039712798,0.22520022,0.04514431,0.10061907,0.029413203,0.47389212,0.034591522,0.07256506,0.030782068,0.46715528,0.3626717,0.44115192,0.25144678,0.9300175,0.057387166,0.1823038,0.06238766,0.50555986,0.07081333,0.116894,0.1136679,0.27917224,0.043587226,0.40414518,0.25257307,0.010412513,0.59888834,0.26715553,0.23396145,0.027025137,0.0057852063,0.087626696,0.2728207,0.14550303,0.016903784,0.13759944,0.5978042,0.017289704,0.20774719,0.07609646,0.18500203,0.047329467,0.33094096,0.0600587,0.52596307,0.14083415,0.03836238,0.025988538,0.14748402,0.038806938,0.028651282,0.1682138,0.013971543,0.12295074,0.13106987,0.07864219,0.035997372,0.16374329,0.076488,0.83991414,0.27416652,0.03972911,0.046760183,0.07253228,0.33669627,0.07360334,0.22645652,0.11825577,0.54181224,0.23357081,0.54295903,0.007721068,0.08482459,0.3264395,0.036969434,0.033375014,0.0054883314,0.1758835,0.03301072,0.09533587,0.07004848,0.5301586,0.046452757,0.4423517,0.43696404,0.4406482,0.31348383,0.08912376,0.07052135,0.032363348,0.102936596,0.04134583,0.03766533,0.24532399,0.26762345,0.4161252,0.3498095,0.494073,0.03155117,0.110885434,0.13815466,0.2305732,0.09221453,0.1988956,0.17210042,0.5674251,0.07282884,0.18162961,0.068615735,0.33028165,0.021887844,0.027294092,0.14343396,0.21473327,0.02279855,0.7929938,0.038581572,0.12229531,0.03567396,0.4436934,0.012740444,0.02859754,0.60162264,0.14695354
BC2026_Train_0005_S08_20250607_070007_45,0.0021751001,0.53686225,0.0013335212,0.0013037903,4.4231502e-08,0.052803803,0.0018193898,0.0015710052,0.0005752539,1.7615966e-05,0.0044223717,0.0027194368,0.00042283486,2.2240997e-08,2.5177124e-07,0.010024959,6.3698964e-05,5.6625227e-05,0.00592288,0.0055086156,0.005687509,1.2815067e-05,0.004966752,0.00037428865,0.0061208755,5.1605894e-06,0.02806962,0.028934056,0.022199608,0.04932398,0.027088523,0.00056846475,0.5893346,0.0023756227,0.0033698413,0.0017814175,0.024916014,0.08643934,0.0015481884,0.018564593,0.4249001,0.0011710805,0.05312089,0.0023775669,0.56589204,0.56589204,0.73739743,0.2535876,0.063583784,0.113613084,0.015843727,0.01623758,0.01623758,0.0032797763,0.7050874,3.7076585e-08,0.0011232105,5.1712223e-06,2.8057919e-05,0.007291806,0.010695073,4.218579e-05,0.0037661612,0.002059916,0.00049252517,0.00022977986,0.007616328,6.178994e-05,0.00023745534,0.016743042,0.0010726074,5.385877e-05,0.056762077,0.04301966,0.13041136,0.063704856,0.06741774,0.5450109,0.052174766,0.101601176,0.46176517,0.020125091,0.43925008,0.009200092,0.12246595,0.13065739,0.19034073,0.22900064,0.20868807,0.05628517,0.04895706,0.11917917,0.050778195,0.016664047,0.051414207,0.10893574,0.15068498,0.73104376,0.13380256,0.13040882,0.10418074,0.0955679,0.18264095,0.33239117,0.29655284,0.09484408,0.121432655,0.014083441,0.5723414,0.08360766,0.03732773,0.19510685,0.04524622,0.11537319,0.0387611,0.42785257,0.039219096,0.0703279,0.025753634,0.5671218,0.5458435,0.42469296,0.2694605,0.809056,0.04112917,0.2838875,0.09966394,0.29269546,0.053311035,0.124716915,0.1487016,0.31761086,0.06628435,0.2076632,0.21073677,0.018469848,0.39811426,0.28460258,0.20166667,0.033933375,0.0057733753,0.097492434,0.14941381,0.11624743,0.02085598,0.061333925,0.42440838,0.0120384805,0.15846035,0.085459165,0.1527533,0.04906296,0.26128563,0.05983529,0.77188224,0.114916936,0.026761666,0.04765569,0.091808036,0.061865848,0.08344312,0.1935047,0.021990927,0.1332584,0.13736102,0.09260576,0.073246494,0.26799735,0.062317308,0.7361922,0.19480705,0.040003773,0.0781811,0.104163244,0.33343807,0.06430152,0.5194626,0.13937789,0.23921788,0.2948815,0.25779715,0.0060070297,0.11322848,0.2431406,0.058930103,0.032562844,0.004768845,0.18924767,0.04911869,0.105196826,0.08976328,0.29150772,0.026481604,0.40657148,0.3711483,0.295368,0.18989092,0.06341845,0.12768531,0.03306666,0.08551898,0.05297081,0.03044849,0.1961082,0.2427768,0.33703947,0.26738003,0.28532624,0.030106148,0.07092883,0.09208058,0.24557629,0.14790761,0.23856701,0.20388493,0.4470703,0.049945686,0.16563536,0.047828756,0.248724,0.021209713,0.019388005,0.062828384,0.22060408,0.02506465,0.7111874,0.03908215,0.1564553,0.04843166,0.44493026,0.0042644865,0.037785653,0.24664521,0.16519831
BC2026_Train_0005_S08_20250607_070007_50,0.0012539024,0.5471392,0.0007611824,0.000796834,4.3835506e-08,0.029424403,0.0007397422,0.0010269049,0.00054433325,1.685915e-05,0.00424621,0.0009912963,0.00038710356,2.0197007e-08,3.0551834e-07,0.004169987,6.6545006e-05,6.1324354e-05,0.0066352854,0.003719552,0.0069804084,9.316407e-06,0.0068122735,0.00053921,0.006532026,5.2354567e-06,0.013606682,0.019293573,0.019612504,0.045684963,0.03798784,0.0009046842,0.63239217,0.0041079847,0.003365152,0.002642736,0.037246983,0.11560743,0.0024319068,0.034215964,0.5056045,0.0017336168,0.068979226,0.00335315,0.5722386,0.5722386,0.74692094,0.30452695,0.08486749,0.14290832,0.021655813,0.02325139,0.02325139,0.0045608636,0.7124941,4.6513108e-08,0.0011318346,4.084197e-06,2.3748313e-05,0.0075662155,0.0050958544,4.590837e-05,0.004069075,0.0016869252,0.0003937015,0.0003021106,0.0074149296,5.0426388e-05,0.0001719497,0.010491919,0.0010658854,4.3926964e-05,0.07286966,0.038597938,0.13124974,0.12617037,0.060326833,0.6564929,0.06419729,0.15633826,0.21711029,0.013390625,0.41451055,0.010101117,0.12234586,0.2265029,0.18827644,0.24404167,0.19990236,0.08659259,0.053644765,0.16009256,0.017345704,0.028174765,0.026003895,0.074234106,0.11678412,0.7984103,0.1401884,0.082397304,0.14542878,0.06294094,0.27347684,0.38050994,0.29700372,0.118812256,0.06061527,0.008008367,0.66043514,0.16427265,0.063132346,0.26545814,0.05009461,0.15256679,0.035343092,0.564864,0.03291805,0.069882125,0.02788943,0.69564456,0.680683,0.5008672,0.3439344,0.8928337,0.029589256,0.29977024,0.08263729,0.6263627,0.06330474,0.23016696,0.0749291,0.30540785,0.055957377,0.53388476,0.17683153,0.014298699,0.4520005,0.27645227,0.21602894,0.045237668,0.0058937375,0.08008744,0.20954959,0.18464512,0.02462803,0.094508894,0.53851324,0.03660524,0.30631244,0.118903376,0.14941241,0.051780336,0.26102498,0.05241654,0.5189139,0.11341025,0.038209617,0.03082783,0.11104716,0.034167714,0.030529754,0.22856,0.018780472,0.13616817,0.23252177,0.16030566,0.10525388,0.23857635,0.117441274,0.79882205,0.183832,0.025860121,0.07198691,0.102892525,0.29922065,0.065113805,0.16770546,0.17522196,0.31337327,0.29516602,0.5381114,0.0067720315,0.16980447,0.17769419,0.032940857,0.020952385,0.008073864,0.26274312,0.047052186,0.15388475,0.11837112,0.341189,0.04823463,0.4416388,0.35458213,0.43068492,0.43840215,0.08115991,0.10678904,0.021254255,0.15339705,0.048501246,0.041907106,0.3455891,0.40402526,0.29128125,0.22131093,0.4866417,0.026968503,0.101461485,0.16850403,0.31668547,0.09946065,0.18034229,0.25043365,0.8412966,0.07776906,0.22906084,0.080863446,0.06940853,0.017069226,0.02634139,0.07819069,0.15924232,0.024103807,0.8646295,0.03725593,0.13373785,0.0411796,0.461072,0.009919968,0.055591382,0.25270376,0.1881536
BC2026_Train_0005_S08_20250607_070007_55,0.0022303774,0.5716708,0.0008131615,0.0017535677,4.3559513e-08,0.05303385,0.0008177041,0.0010160961,0.00056085846,1.7703414e-05,0.007942955,0.0014419425,0.00033251883,2.6477698e-08,2.3825201e-07,0.005310172,5.9955506e-05,6.6601606e-05,0.0059142304,0.0064867735,0.0054915906,1.3250097e-05,0.004115639,0.00074894814,0.007868669,5.0999583e-06,0.01288063,0.025821988,0.022148086,0.047786433,0.04136738,0.0010887663,0.65231735,0.003965201,0.003351092,0.0026936063,0.043406166,0.15737204,0.0030629816,0.037156224,0.53223383,0.002186775,0.07345437,0.003988477,0.5265813,0.5265813,0.76468515,0.33113444,0.12091896,0.19426642,0.023173992,0.024288027,0.024288027,0.00573329,0.7075324,4.192345e-08,0.0011348398,6.568011e-06,2.207716e-05,0.007736135,0.0058698817,4.9169026e-05,0.0045118905,0.002032577,0.0004930257,0.00033012568,0.013504441,7.663854e-05,0.00018514453,0.012552297,0.0010716231,5.45699e-05,0.07893897,0.040960208,0.16343825,0.059111133,0.08483878,0.65309817,0.046616282,0.20977373,0.35097083,0.013684442,0.3566924,0.007228045,0.061536502,0.11992348,0.11032827,0.32929292,0.15221135,0.08059845,0.054430544,0.1400789,0.015559092,0.030845787,0.04275595,0.038579036,0.34157202,0.84101737,0.31991026,0.14787556,0.13518696,0.04086522,0.24657594,0.4485276,0.25484383,0.23170057,0.061881106,0.006988268,0.46188226,0.14189152,0.0757097,0.2051917,0.03012577,0.10886122,0.042850826,0.5812134,0.06288237,0.067445435,0.029893389,0.9281347,0.6697378,0.51582587,0.33415058,0.47446465,0.036334135,0.39715177,0.17798305,0.807399,0.068393,0.17788723,0.0662051,0.26191634,0.15457985,0.43753895,0.19688842,0.018206125,0.47760838,0.32323596,0.18554357,0.06384297,0.0074652727,0.2246412,0.12940808,0.19082034,0.03385515,0.052852973,0.44565004,0.017712241,0.33746162,0.08642016,0.12652774,0.06988068,0.33950466,0.04822229,0.3199702,0.11213813,0.048721522,0.018186782,0.091285236,0.029505689,0.08936622,0.24638975,0.022991732,0.13279763,0.294133,0.16279262,0.056656312,0.16281813,0.08370633,0.7268471,0.44037062,0.06754869,0.07230864,0.069126435,0.18135259,0.06911479,0.25067562,0.12818602,0.2262861,0.2845601,0.30022657,0.0056713144,0.08158164,0.16410793,0.04154997,0.03724823,0.0042163366,0.14285557,0.044427305,0.055661436,0.14531916,0.3212837,0.03864009,0.5683082,0.35682523,0.2551594,0.32609668,0.09164249,0.080103785,0.013921889,0.14620115,0.036677636,0.025622278,0.3130145,0.311273,0.33371434,0.3020967,0.24768639,0.022487324,0.156054,0.21140961,0.20621921,0.16850233,0.16843474,0.22946145,0.62325597,0.08501662,0.19839907,0.039226536,0.12758736,0.015407099,0.027110523,0.07848231,0.050491504,0.03424501,0.8630818,0.034948688,0.09172849,0.055401247,0.33189178,0.004216412,0.053847585,0.2705082,0.16637139
BC2026_Train_0005_S08_20250607_070007_60,0.00096910563,0.35199377,0.0010674665,0.00045979075,6.053244e-08,0.021659965,0.000991179,0.0010538495,0.00048744387,9.958548e-06,0.0035406381,0.0016214455,0.00035838527,1.9308523e-08,2.8082295e-07,0.0067548803,9.7033604e-05,6.732446e-05,0.0024531367,0.010231033,0.0052156355,7.923974e-06,0.0045068595,0.0008277706,0.009981722,5.3541166e-06,0.011446783,0.029901057,0.013134261,0.047398604,0.016080873,0.00056186947,0.51492584,0.0015992995,0.0032299017,0.001397967,0.022540083,0.07211482,0.0010729188,0.019601773,0.27750117,0.0008914267,0.03987601,0.0021129355,0.5904178,0.5904178,0.6219308,0.14654976,0.04161111,0.080392934,0.01181968,0.012687247,0.012687247,0.002277843,0.65814376,4.5688132e-08,0.0011089782,6.7519627e-06,2.6149131e-05,0.027260073,0.006241961,4.2967156e-05,0.00391983,0.00306878,0.0015626912,0.0002979308,0.012640188,6.3701766e-05,0.00021775138,0.008759165,0.0010542892,6.3933054e-05,0.104704514,0.0619145,0.07658215,0.15348369,0.08914269,0.67579246,0.08903903,0.09990037,0.19484732,0.011206884,0.3815474,0.006138744,0.087383755,0.09588291,0.26891464,0.16034631,0.25084326,0.07607818,0.06662958,0.14304276,0.02328543,0.024631035,0.06886789,0.036549605,0.110362366,0.6015656,0.17467913,0.18622479,0.1396843,0.19901633,0.15735124,0.25335875,0.30427787,0.10821381,0.062470872,0.0062284563,0.32478735,0.07469069,0.054136306,0.21231258,0.047032405,0.110689454,0.08315679,0.52928466,0.044766754,0.05291268,0.025138441,0.6494961,0.3218745,0.54405534,0.16305687,0.37264347,0.043245625,0.29538074,0.08784825,0.8994849,0.062073108,0.2142359,0.12219973,0.28643292,0.0877295,0.2150344,0.08335395,0.012544932,0.5205129,0.24810655,0.19137126,0.029196022,0.006007759,0.2285301,0.12028705,0.15200469,0.01702265,0.2550222,0.7433586,0.01579293,0.20753542,0.1062844,0.14148718,0.04999456,0.18216752,0.034864046,0.54952127,0.0664387,0.0763335,0.034185078,0.06500863,0.036647804,0.035099648,0.38450706,0.016610116,0.16105735,0.14933261,0.08265714,0.10396879,0.2286287,0.09243425,0.58417207,0.19784075,0.13042259,0.039717194,0.20003903,0.39553073,0.031563073,0.46245655,0.24752711,0.21617334,0.35365474,0.4300376,0.007834881,0.19100557,0.12535761,0.023189023,0.030923257,0.003174485,0.17687108,0.029722188,0.07055119,0.08212295,0.21043624,0.055361453,0.41825253,0.32689428,0.2546554,0.19172893,0.07934598,0.13891685,0.02209038,0.12858549,0.053734824,0.02083674,0.32166052,0.43796995,0.2034683,0.28927726,0.25861484,0.05605585,0.109493345,0.10754724,0.24005426,0.14451975,0.1141362,0.16694756,0.5564829,0.05760575,0.1449402,0.07531596,0.09586925,0.015954804,0.019948319,0.09497398,0.09155906,0.01167497,0.88434637,0.04907808,0.0991347,0.03832813,0.32531762,0.005485385,0.06684198,0.29716963,0.15045197
BC2026_Train_0006_S09_20250828_000000_5,0.00033333193,0.024647603,0.0002152241,0.07375556,7.7722646e-08,0.03905872,0.00063991506,0.0007434925,0.0006245795,0.0006915963,0.01963644,0.00033325024,0.00013933156,1.2155849e-08,5.361419e-07,0.002367404,4.273571e-05,4.8900387e-05,0.008563029,0.0059224116,0.0018709344,2.1633196e-05,0.004246548,0.0014098577,0.023566602,4.9891214e-06,0.005717549,0.029600106,0.005601026,0.09752624,0.020665767,0.0017196758,0.06166594,0.07005794,0.0006599706,0.0069959634,0.078908816,0.0062602307,0.0043439777,0.059343506,0.06602714,0.004365389,0.043465815,0.0040861857,0.003031831,0.003031831,0.042184513,0.0021863275,0.0026278368,0.0032013627,0.009289056,0.010300392,0.010300392,0.015148302,0.18609312,1.1267447e-07,0.22981015,5.3671898e-05,2.4548357e-05,0.0031272983,0.006072018,6.5154425e-05,0.0045437138,0.003680146,0.0006652525,0.0011203125,0.008354629,9.4949326e-05,0.00019368909,0.010961422,0.0013554471,0.00010099063,0.04727066,0.10058728,0.08399046,0.08840659,0.066730365,0.31885824,0.044571023,0.06766047,0.01322643,0.021833494,0.08100889,0.0040535387,0.029367143,0.07951089,0.036860112,0.069293655,0.11946262,0.021122396,0.104476854,0.061371915,0.0062463763,0.099532925,0.035663094,0.12572382,0.015789606,0.5907238,0.037980594,0.016647788,0.20320524,0.028508466,0.5571553,0.6613085,0.83349824,0.045632314,0.017503642,0.00500105,0.06767805,0.07092558,0.033228643,0.73804766,0.009635535,0.31551653,0.04577354,0.30670097,0.017372666,0.110396996,0.020740764,0.494221,0.12259523,0.40746412,0.18892175,0.39618155,0.042752206,0.027858293,0.053074952,0.031365752,0.03079996,0.29340023,0.023164304,0.31966788,0.03681711,0.029604375,0.06286179,0.00709356,0.35402822,0.35388234,0.07889338,0.45940715,0.00532063,0.15418187,0.02211667,0.065298036,0.0807441,0.025817297,0.30111974,0.041742053,0.2818423,0.094840705,0.020413317,0.021005938,0.046785608,0.085576534,0.077483535,0.02081994,0.18021551,0.025385607,0.2385168,0.026420908,0.04584689,0.09901454,0.025102897,0.17278711,0.04520316,0.20012386,0.30168468,0.04991129,0.05803516,0.36658534,0.19996403,0.0032599063,0.020718928,0.18433164,0.14210337,0.026860753,0.011685575,0.12825465,0.14302236,0.2627182,0.16677107,0.017647706,0.17747198,0.047103636,0.021625303,0.008634069,0.014564165,0.040051784,0.04394528,0.27561083,0.08240394,0.07484735,0.1592211,0.14550275,0.2079985,0.30867314,0.43748456,0.17600296,0.032029785,0.020986432,0.09722749,0.06208883,0.023544649,0.2443188,0.1144733,0.120590486,0.10825093,0.25844646,0.016243927,0.054534875,0.095418945,0.38903472,0.03313816,0.09610272,0.72337925,0.94960296,0.12418071,0.05946213,0.06631191,0.012255432,0.03820072,0.013341571,0.0144972475,0.015319703,0.04252694,0.64278054,0.014252811,0.0718086,0.016575538,0.07462027,0.0028565347,0.019554254,0.047910135,0.17815511
BC2026_Train_0006_S09_20250828_000000_10,0.0003215139,0.022353178,0.00022345847,0.050761107,6.3690095e-08,0.054008182,0.00069083617,0.00058054575,0.0007431284,0.00067923445,0.044777416,0.0003942605,0.00019214358,1.2584174e-08,4.7781543e-07,0.0043988307,4.2663734e-05,4.9533388e-05,0.009139045,0.004505974,0.001251146,2.5010037e-05,0.0065416615,0.0021733842,0.02218248,6.0580023e-06,0.006739407,0.03416958,0.0054860413,0.1623803,0.01784536,0.0015057675,0.068748385,0.049645726,0.0006325332,0.0054727523,0.064762406,0.0056362795,0.0036229219,0.063056886,0.059351537,0.0041106115,0.03411371,0.0037718574,0.0033162993,0.0033162993,0.037859023,0.0018989617,0.0023878955,0.002837646,0.007474698,0.008133724,0.008133724,0.013498718,0.18318823,1.0858192e-07,0.22994664,6.033258e-05,2.1924758e-05,0.0015960576,0.0052901325,7.8104174e-05,0.005626684,0.0042689163,0.001070295,0.0008588892,0.009521505,6.7732995e-05,0.00021911637,0.0129908975,0.0013353027,7.983852e-05,0.050574668,0.04355519,0.113321856,0.15544143,0.0671522,0.21786825,0.15213744,0.13081545,0.014937034,0.02211856,0.064177535,0.005505858,0.019787403,0.11215551,0.05393765,0.044142857,0.108045824,0.026445957,0.10703962,0.07549075,0.008813086,0.14436418,0.049373645,0.21618511,0.01590952,0.8180132,0.051575948,0.02345661,0.14637522,0.13146926,0.5210664,0.6235423,0.7457201,0.101780966,0.018967226,0.006485217,0.044329204,0.06354162,0.02748588,0.58254886,0.009362157,0.22462894,0.066547565,0.13297473,0.021045296,0.19704127,0.023122953,0.31423134,0.089784265,0.28115672,0.13806531,0.35744944,0.06939813,0.02777923,0.022628095,0.017331872,0.021206226,0.6303292,0.04931501,0.37670913,0.040408444,0.030314434,0.030766463,0.0076177595,0.39950192,0.34173945,0.13488404,0.21340257,0.007937268,0.112553984,0.016507957,0.034000866,0.20190477,0.025081856,0.67701393,0.09019288,0.1870264,0.09881941,0.022698816,0.013996165,0.028070902,0.06837928,0.06328751,0.012971281,0.16570505,0.032402474,0.4970919,0.11888981,0.068685584,0.059043307,0.06724418,0.15082411,0.03664003,0.36587775,0.24870233,0.099970706,0.09765976,0.2322837,0.15277669,0.0017064055,0.023415707,0.17834756,0.2688506,0.047885876,0.01970936,0.07319804,0.066218026,0.1781403,0.16354404,0.010185407,0.161516,0.033299856,0.04566221,0.015532189,0.014676057,0.034562428,0.04155404,0.547795,0.04266146,0.042454176,0.07057835,0.22501121,0.1776856,0.2810546,0.25583997,0.11705548,0.034139503,0.07936815,0.061574873,0.046558063,0.025505869,0.47904596,0.08871397,0.09810515,0.09739702,0.27205393,0.016043982,0.07754317,0.07392413,0.43734223,0.035913955,0.1018063,0.7238325,0.93931234,0.12726639,0.13258778,0.039935783,0.008396359,0.027901428,0.014262754,0.015717873,0.009342845,0.1485862,0.6036416,0.020608978,0.13780215,0.0115876645,0.040009312,0.0049732863,0.016426086,0.047654465,0.13186108
BC2026_Train_0006_S09_20250828_000000_15,0.00025228292,0.021299008,0.00023193478,0.07726334,6.369417e-08,0.08192897,0.0006441064,0.00064698234,0.0005961978,0.00075526815,0.044315655,0.00033609866,0.00014848374,1.2449382e-08,5.0586027e-07,0.00603772,3.3507575e-05,4.5748107e-05,0.035398647,0.0035441264,0.0014156348,4.2836866e-05,0.0026720855,0.00060926616,0.01644174,5.2657397e-06,0.0055618314,0.049848232,0.004596421,0.1385456,0.017028939,0.00097253534,0.062336776,0.02520742,0.00067165657,0.0034945605,0.07005241,0.0033393027,0.0024304548,0.056742977,0.03940138,0.0029636142,0.031807803,0.0025764508,0.0015877042,0.0015877042,0.027622234,0.0012650036,0.0013584256,0.0017282547,0.0076491376,0.008153958,0.008153958,0.009581522,0.32733035,1.06343464e-07,0.23311116,5.2958658e-05,1.6934977e-05,0.0018700517,0.0070066405,8.003465e-05,0.0039006337,0.007961721,0.0011317031,0.0005891333,0.009307357,6.1342915e-05,0.000366694,0.0106227705,0.0013761224,9.107291e-05,0.03657975,0.03673738,0.06664051,0.1609633,0.08701021,0.20153634,0.16018291,0.20638572,0.011705353,0.025188422,0.052340362,0.0036223673,0.022148782,0.120508544,0.046494383,0.06952126,0.083952405,0.03277539,0.107486196,0.072000384,0.008942239,0.18162258,0.07733391,0.18833548,0.019560857,0.8880352,0.07862804,0.03555633,0.13725898,0.047604144,0.49759153,0.6060306,0.7143721,0.072534546,0.01736832,0.00264187,0.04939251,0.07530111,0.0298001,0.7158434,0.010042276,0.27095544,0.031895168,0.19776694,0.022656446,0.280262,0.022621574,0.37193632,0.058114145,0.31498268,0.17810686,0.37984207,0.07341719,0.031201499,0.022375612,0.01946343,0.021649824,0.6350236,0.0388952,0.33367693,0.06263194,0.0314895,0.045818847,0.009524484,0.36412954,0.40178385,0.05408707,0.15356183,0.0064459248,0.14891945,0.015031534,0.042332307,0.10523615,0.021775253,0.4023725,0.028507188,0.3096122,0.11048485,0.017615836,0.01507038,0.035103563,0.04970373,0.13316862,0.030350478,0.095340654,0.04398422,0.59046996,0.088188365,0.06750382,0.07492166,0.09454353,0.16412991,0.08850801,0.48082215,0.18035147,0.073085636,0.09676948,0.3216281,0.18785104,0.0016125587,0.038326573,0.2316714,0.11299532,0.026861897,0.010189865,0.09080674,0.069002666,0.45385784,0.18435203,0.011838497,0.15667406,0.035082508,0.028478298,0.023878602,0.013187302,0.035984203,0.06507675,0.29398903,0.04562301,0.068875596,0.06391686,0.16015898,0.15305631,0.20021997,0.3536312,0.20030235,0.03345021,0.096053354,0.076933995,0.051031597,0.026445324,0.2743357,0.108643435,0.10306243,0.16049285,0.35622677,0.018341392,0.0791133,0.0902281,0.37098232,0.078274004,0.11400322,0.66721106,0.4836274,0.059131276,0.1460224,0.06397251,0.011042463,0.027349498,0.013308668,0.014430545,0.0074716774,0.20252493,0.7258935,0.019518282,0.12025382,0.011964013,0.058111522,0.004660491,0.009294071,0.042266913,0.1636273
BC2026_Train_0006_S09_20250828_000000_20,0.000301425,0.023120519,0.00021678896,0.09527674,7.328656e-08,0.04744072,0.0007874191,0.0007967215,0.00080232206,0.00069462473,0.04746681,0.00033977162,0.00015666962,1.2371505e-08,4.774397e-07,0.0051520946,3.778235e-05,5.1833842e-05,0.028921308,0.0024773956,0.0016409961,3.867193e-05,0.006315959,0.0017575122,0.016375376,5.457671e-06,0.008246749,0.0624068,0.005733886,0.11337439,0.027405417,0.0014914098,0.06434455,0.03659439,0.00066837616,0.005224908,0.12904854,0.00485268,0.0038435457,0.043143492,0.0616541,0.004904709,0.05190715,0.0038388371,0.002349297,0.002349297,0.038605966,0.0018739363,0.0017276725,0.0022633583,0.011494909,0.012585823,0.012585823,0.016136633,0.2818784,1.0340001e-07,0.23313114,4.674417e-05,2.4058281e-05,0.0024540618,0.006009616,9.505583e-05,0.005000859,0.007140653,0.0011185218,0.0007317053,0.01696533,5.2396514e-05,0.00018278221,0.009269679,0.0013661401,9.0551366e-05,0.046366386,0.041669834,0.06571999,0.10828311,0.08296092,0.23000392,0.078171164,0.22911942,0.012881548,0.023007495,0.07198174,0.011215589,0.015825994,0.14241366,0.06962353,0.07931624,0.12868144,0.033096455,0.13467409,0.049963444,0.008911518,0.26534852,0.049566347,0.123952985,0.020007359,0.81235623,0.056964036,0.020879064,0.1905316,0.044456456,0.3635753,0.65242803,0.74209934,0.047454692,0.021753376,0.0036656584,0.06305892,0.10152947,0.023987956,0.3688023,0.008173617,0.39270413,0.04404481,0.24931216,0.03215007,0.12096814,0.026370274,0.35957006,0.060461905,0.2416834,0.24373409,0.39438155,0.048450444,0.03661213,0.018418131,0.022466036,0.023464756,0.32260138,0.020070828,0.33767903,0.050754048,0.030320369,0.09066789,0.013032148,0.27838343,0.2538454,0.055540092,0.19318902,0.009171332,0.21068467,0.021693451,0.044723008,0.10268835,0.039800018,0.40048334,0.019925706,0.3742126,0.11578941,0.020553725,0.015937394,0.034017917,0.06021465,0.09639707,0.022781942,0.039258666,0.029892206,0.42705625,0.054138258,0.068728104,0.1995156,0.06951539,0.18236606,0.04576277,0.33474737,0.21477437,0.112305254,0.072452314,0.4037245,0.17186134,0.0021869035,0.048621185,0.28702167,0.22916317,0.017754609,0.013015998,0.22489496,0.09548692,0.2731058,0.19819659,0.011211432,0.20753686,0.037113346,0.017262267,0.018048732,0.010408376,0.052089475,0.06428647,0.16731462,0.04699427,0.08765519,0.08491508,0.16114171,0.19387913,0.26763532,0.49116677,0.27631703,0.020347059,0.09363409,0.10282494,0.05716335,0.03380146,0.3733492,0.085024245,0.09874905,0.097032055,0.36660308,0.016607668,0.09130921,0.08276468,0.41803893,0.12069458,0.10569278,0.6987897,0.6403455,0.07304837,0.0533716,0.05981912,0.013111203,0.033673562,0.015783042,0.028703604,0.01143962,0.09077885,0.7399348,0.020397777,0.13919085,0.0084312875,0.08143661,0.0033993188,0.011974468,0.04590749,0.17968108
BC2026_Train_0006_S09_20250828_000000_25,0.0003344805,0.023240967,0.0002592497,0.020522177,8.8451216e-08,0.035704296,0.00075883535,0.0005864044,0.00071688765,0.0005923377,0.023587227,0.00040356445,0.00016499124,1.34538976e-08,4.1873975e-07,0.0025791915,3.7879716e-05,5.333683e-05,0.0076340414,0.002273668,0.0018189517,2.1785463e-05,0.0067723077,0.0019038129,0.020550895,6.172405e-06,0.0073755127,0.030051742,0.0049348064,0.11864428,0.02025948,0.0016559755,0.065486096,0.059090476,0.00064675644,0.006868131,0.08438884,0.0076383627,0.0045572254,0.055577677,0.072086774,0.004676207,0.041303273,0.004149759,0.004598593,0.004598593,0.050025128,0.0021956214,0.0027271982,0.0033772576,0.008741863,0.009705442,0.009705442,0.016792579,0.14198323,1.1639788e-07,0.2315851,6.290202e-05,3.121667e-05,0.0022842085,0.0049074506,8.800367e-05,0.004992556,0.0059003653,0.00058897334,0.00085170957,0.0071263686,7.460739e-05,0.00033281572,0.012772368,0.0013573865,8.758959e-05,0.08703516,0.058453433,0.06896507,0.061029516,0.058285963,0.25353992,0.112618335,0.05465343,0.023385588,0.02010286,0.07420389,0.003569681,0.034050055,0.10826197,0.057032447,0.061366413,0.14359584,0.057276305,0.110498354,0.051341012,0.0144630205,0.12869625,0.06841668,0.13529229,0.016088782,0.60091996,0.053464707,0.025304662,0.2120772,0.07726752,0.50353,0.6743663,0.6578091,0.029704524,0.017730772,0.0035153911,0.091762826,0.09478895,0.049643345,0.6147709,0.012770953,0.31683186,0.08315835,0.33774978,0.01982229,0.11998047,0.019352471,0.29103827,0.09299257,0.19855632,0.23883264,0.43085814,0.06662478,0.08401913,0.02295881,0.020288479,0.028738188,0.53095967,0.023348171,0.40131554,0.03680069,0.033805892,0.05846463,0.011241592,0.68037623,0.22199467,0.076606095,0.19938654,0.008052064,0.14946356,0.019837188,0.07133974,0.07347875,0.025261221,0.52125853,0.048349813,0.30049837,0.10666123,0.02631225,0.020015253,0.04015412,0.056803517,0.07383685,0.02437634,0.06404692,0.035114188,0.2934059,0.033986174,0.15679027,0.10968721,0.037771348,0.2579052,0.052672878,0.29744998,0.21681842,0.20654942,0.18118703,0.28848243,0.1515771,0.0035906495,0.033462487,0.44091007,0.38953632,0.017927779,0.015467156,0.14345719,0.10190722,0.15786324,0.21221355,0.012479951,0.11463112,0.055616055,0.017412616,0.016381571,0.012668115,0.054540325,0.04527476,0.53426534,0.04958489,0.078839675,0.058747545,0.14815058,0.42340794,0.3309236,0.35362533,0.1199827,0.026128648,0.04156827,0.061813273,0.05148937,0.025498368,0.32553542,0.11520851,0.09692884,0.12606709,0.2524989,0.014109347,0.06911845,0.09178344,0.6046113,0.03533886,0.11028989,0.69480175,0.93768084,0.12078852,0.08712525,0.08374239,0.029697474,0.028116658,0.019563599,0.0135883475,0.012125632,0.037053134,0.66182005,0.021980247,0.08915814,0.015492286,0.09359303,0.0026390727,0.027446244,0.05780111,0.17220554
BC2026_Train_0006_S09_20250828_000000_30,0.00035196004,0.032413404,0.00023838732,0.07217532,1.2893547e-07,0.039372906,0.00082828884,0.0007504412,0.0007699326,0.00081853213,0.045037355,0.00045951433,0.00017953136,1.3156892e-08,5.74703e-07,0.0064352616,4.2327334e-05,4.6188554e-05,0.013392065,0.0023168607,0.0021797991,4.3585347e-05,0.005570458,0.0030820463,0.023989912,5.0931158e-06,0.009701671,0.036838233,0.0052240863,0.13371117,0.028182741,0.0019768632,0.07845841,0.052427813,0.0006932431,0.0071947053,0.10943045,0.0064492025,0.0046550184,0.06460619,0.0813692,0.006082073,0.066713855,0.005012707,0.005334842,0.005334842,0.06169351,0.0027774533,0.002692592,0.0035766046,0.014451939,0.01566198,0.01566198,0.020094482,0.29153153,1.02414475e-07,0.23514019,5.3572945e-05,2.234501e-05,0.0021654516,0.0042748037,7.3639545e-05,0.0058305436,0.009989648,0.0011453675,0.00088795123,0.009980231,7.04696e-05,0.0002079538,0.010893205,0.0014005607,9.999273e-05,0.05284405,0.040051315,0.07688853,0.091683924,0.11466263,0.29904225,0.08658044,0.094489835,0.01976274,0.06756125,0.05594796,0.0045749,0.02493107,0.08397567,0.043989647,0.0744226,0.13226216,0.04059721,0.17275877,0.045647718,0.008118476,0.18127112,0.039224006,0.06634903,0.017454104,0.8402039,0.06172691,0.025037065,0.20930204,0.0953426,0.26332578,0.6668741,0.6321611,0.049902402,0.017746316,0.0063910093,0.06603858,0.055476792,0.023500986,0.38111714,0.016737651,0.1828962,0.17838246,0.17867035,0.024221053,0.07633663,0.023134112,0.3197347,0.049665526,0.15519498,0.18705061,0.40539163,0.033846714,0.042186547,0.024590695,0.015063976,0.03072166,0.12899533,0.033965584,0.43774694,0.041756768,0.0270661,0.06911104,0.014594832,0.19399205,0.21426532,0.051199425,0.262174,0.0048611127,0.11856612,0.014419296,0.04269352,0.09868237,0.06752468,0.32358924,0.022443708,0.31276026,0.0974173,0.03679915,0.014244499,0.047190513,0.03971975,0.07506303,0.029783405,0.059626084,0.041983947,0.23629647,0.038369957,0.06609937,0.08711594,0.03690631,0.12846887,0.101192236,0.2940553,0.11718611,0.07594262,0.06413172,0.3993285,0.14200856,0.0024790692,0.038724855,0.2028877,0.35979274,0.022957927,0.026024822,0.07287721,0.10123223,0.15377736,0.13545063,0.01352735,0.16025576,0.042270057,0.016384883,0.012412498,0.01033369,0.05696579,0.06795753,0.15386412,0.052000742,0.067325585,0.051228795,0.124502964,0.25605333,0.30043197,0.24283907,0.17352001,0.01907845,0.03631187,0.047089513,0.052276477,0.036613494,0.18595976,0.070074715,0.1000465,0.101629496,0.2922961,0.027331056,0.04292031,0.07574586,0.30485803,0.04062504,0.09803722,0.6790726,0.5922042,0.08734146,0.053001374,0.04217605,0.01939915,0.029344035,0.013501438,0.017666383,0.01124298,0.05010503,0.69930965,0.01719092,0.07477817,0.016384898,0.08737086,0.0031840736,0.017806685,0.07935693,0.21438429
BC2026_Train_0006_S09_20250828_000000_35,0.0004610861,0.032693572,0.00022910767,0.18060246,7.7732054e-08,0.04335521,0.0011774782,0.000993731,0.00086840324,0.0012527033,0.055256933,0.00041770822,0.00013938406,1.4129256e-08,5.02499e-07,0.004309304,4.033678e-05,4.3229855e-05,0.012169251,0.0030136565,0.0021434752,2.9750927e-05,0.0058477293,0.0017918566,0.026435994,5.3920426e-06,0.007917907,0.038685728,0.0050882576,0.115252115,0.02990824,0.0018534887,0.08110896,0.065799676,0.00067458116,0.0074548577,0.11527311,0.0074705896,0.0054176357,0.06682527,0.09760568,0.0063759005,0.054080993,0.0046828557,0.003068994,0.003068994,0.052363366,0.002557878,0.003141555,0.0039916094,0.01151219,0.0126533955,0.0126533955,0.02128558,0.31535545,1.13335055e-07,0.23529628,4.6544672e-05,2.5422163e-05,0.0020794477,0.005375341,8.541876e-05,0.0046819937,0.0053270413,0.0009376648,0.0008845586,0.0078172535,7.350451e-05,0.00022172753,0.009093509,0.0013932635,9.029504e-05,0.04163169,0.032051962,0.11415776,0.087595634,0.054247335,0.24042821,0.046559855,0.21894282,0.014103595,0.020812402,0.08172492,0.0034056478,0.026844535,0.16654432,0.041398425,0.09593397,0.14014564,0.026629208,0.13915317,0.053799868,0.0070695747,0.36139414,0.044530675,0.12984692,0.027476503,0.7715794,0.055231303,0.01680586,0.20318021,0.03593603,0.29320776,0.756626,0.7296771,0.048747905,0.018900588,0.0055530765,0.06510112,0.078504376,0.03473199,0.8141535,0.010400021,0.43477347,0.058111172,0.21322908,0.024282144,0.13235655,0.019630836,0.47409698,0.078560956,0.18558912,0.16517653,0.3646499,0.06018329,0.038464528,0.024222152,0.019103765,0.02344628,0.4065259,0.051250916,0.29431415,0.04434378,0.03202542,0.07004922,0.011653581,0.26813647,0.2947338,0.08136386,0.17731099,0.007006713,0.13989542,0.02464574,0.06790833,0.09633672,0.026409421,0.36071622,0.051617943,0.322739,0.08212298,0.017511899,0.027370045,0.043270417,0.06865476,0.086777724,0.022003172,0.04503236,0.027698966,0.22115088,0.037589546,0.052607268,0.101818874,0.032390617,0.24024215,0.06875201,0.18867564,0.43173793,0.082297936,0.0780878,0.3251114,0.21216744,0.0021207868,0.03034619,0.19669,0.14383142,0.03274708,0.011301129,0.06647713,0.12188583,0.18952252,0.22064358,0.013718472,0.16812038,0.046220906,0.020522429,0.010438278,0.016074292,0.049198862,0.04970525,0.4694032,0.083687544,0.075764515,0.097921275,0.1733299,0.17575519,0.21903269,0.411177,0.15991822,0.021751951,0.1292452,0.07536986,0.040844657,0.031648617,0.32448187,0.10573515,0.08983252,0.14831422,0.31620982,0.031636506,0.06655922,0.053952236,0.3685813,0.031544864,0.079870604,0.70442504,0.72104704,0.12686555,0.05522137,0.05271762,0.013256271,0.05079632,0.012421224,0.016755365,0.00746299,0.03960253,0.70389426,0.021880934,0.10609496,0.013638201,0.077598,0.0027594536,0.02044951,0.07387214,0.16352983
BC2026_Train_0006_S09_20250828_000000_40,0.0003101735,0.03344303,0.00022115586,0.08788134,8.830036e-08,0.030511737,0.0009537884,0.00092045206,0.0007477285,0.0005772727,0.028657112,0.00039983288,0.00012747182,1.24880755e-08,5.0872717e-07,0.0026399533,4.5379627e-05,4.970656e-05,0.041359212,0.0021911727,0.0015575732,2.7041822e-05,0.010361598,0.0024311892,0.017524365,4.8761253e-06,0.0074247015,0.039257206,0.0054985113,0.11960679,0.032120947,0.0021366263,0.09495496,0.08477375,0.00066045136,0.00840705,0.13423546,0.009487051,0.0062864055,0.07963311,0.09881571,0.0067219087,0.06312746,0.0053996886,0.0047686454,0.0047686454,0.062266037,0.0029807955,0.0037284472,0.0043964474,0.013679371,0.015018101,0.015018101,0.023142649,0.22694698,1.17651226e-07,0.23159863,3.8766935e-05,2.4893028e-05,0.0017408804,0.0042060493,6.949407e-05,0.0053780572,0.005179518,0.00061993446,0.0010163961,0.007129207,5.176578e-05,0.000224162,0.009476229,0.0013524384,9.076271e-05,0.084661454,0.031321585,0.106560834,0.072408885,0.08242618,0.27400306,0.060938366,0.058905415,0.026570989,0.024264066,0.057400554,0.004650048,0.015219737,0.103993274,0.055783376,0.07596171,0.19746788,0.060575653,0.109859034,0.0737419,0.0065211547,0.14409578,0.044255584,0.10315812,0.02081712,0.82626396,0.058461957,0.03526873,0.28216538,0.04550086,0.45490676,0.66126275,0.7153264,0.045846127,0.025145316,0.005064209,0.07175006,0.09536895,0.035802126,0.5001157,0.012206417,0.487792,0.067414165,0.3400869,0.026599199,0.114189215,0.03722574,0.48512504,0.055438563,0.23009066,0.23830122,0.427064,0.055693086,0.044992864,0.025426608,0.021959972,0.034366015,0.279462,0.02714425,0.28451508,0.04593356,0.049103796,0.05888133,0.00915241,0.24104933,0.23337449,0.05183689,0.22453862,0.006051446,0.16761188,0.040632207,0.06667443,0.10371505,0.021413336,0.5288004,0.06444388,0.38902083,0.10327038,0.025137916,0.013898813,0.04793319,0.082091145,0.091532,0.023499075,0.048691716,0.047030393,0.36358115,0.026237978,0.058528002,0.19444388,0.031512212,0.24507633,0.08120635,0.26857007,0.12586904,0.19324441,0.13328639,0.32865685,0.19169934,0.0022134823,0.03998757,0.22964334,0.18296567,0.020189019,0.013390145,0.09504434,0.09042595,0.21911635,0.23406272,0.016187739,0.20922494,0.048639238,0.024299312,0.021182109,0.01672094,0.056701597,0.051066816,0.4685742,0.06531523,0.076815635,0.09793017,0.27037907,0.33308145,0.30323485,0.4248997,0.2292556,0.02783546,0.060584202,0.09666824,0.04290913,0.034522496,0.33780637,0.11325482,0.07479966,0.113690116,0.29452813,0.017604286,0.063371435,0.084534906,0.44910625,0.03922044,0.08630652,0.7032146,0.9445274,0.081659295,0.06203294,0.08401263,0.015694965,0.025954511,0.020007584,0.012842026,0.014435492,0.039952964,0.71961284,0.015722776,0.092022695,0.015836347,0.08776063,0.0024662707,0.02391598,0.06571513,0.23351692
BC2026_Train_0006_S09_20250828_000000_45,0.00026735294,0.030201789,0.00020952214,0.120417155,8.881932e-08,0.041176237,0.000914018,0.0008350153,0.0007023304,0.00071811513,0.027921496,0.0003719991,0.00015844336,1.3095354e-08,5.102289e-07,0.002759212,3.905637e-05,4.5546123e-05,0.008776292,0.0030070979,0.0021784704,2.6534475e-05,0.004501238,0.0012156633,0.017976053,4.9506802e-06,0.0055002347,0.042610686,0.005097805,0.109958984,0.024237163,0.0018397006,0.06917768,0.06970105,0.0006578058,0.008063046,0.11330796,0.0072602388,0.0043022595,0.06813164,0.072675884,0.004617725,0.050816257,0.0047052614,0.0030684364,0.0030684364,0.050151847,0.0023050774,0.002693412,0.003388329,0.011281469,0.012307998,0.012307998,0.016618973,0.23565146,1.0876511e-07,0.23169029,4.1071773e-05,2.5711266e-05,0.0020466468,0.004398513,7.564403e-05,0.004101997,0.005651952,0.0007699781,0.00080257683,0.005632068,6.247856e-05,0.00022402457,0.009165435,0.0013428736,0.00011681961,0.033291243,0.0278617,0.09009293,0.09056167,0.06508133,0.27783272,0.054848917,0.059034087,0.018696582,0.01833904,0.05906566,0.004003416,0.017498204,0.12254904,0.047608335,0.08318303,0.13457967,0.0224325,0.13707775,0.0656595,0.008466505,0.088755734,0.018841822,0.18107261,0.016398542,0.67191255,0.047190767,0.016196957,0.2051557,0.019690242,0.5264942,0.70496225,0.6216889,0.043525346,0.01410651,0.0055138315,0.053563036,0.10683776,0.028662153,0.4543312,0.008980315,0.36783427,0.041477196,0.21816278,0.017910466,0.13158002,0.01786825,0.33165434,0.060361244,0.14711311,0.16455372,0.38882872,0.04255759,0.027054938,0.019250289,0.022901405,0.024512125,0.42204168,0.019540958,0.3642526,0.031348765,0.039794967,0.0721646,0.0085125,0.26158974,0.23616894,0.046751395,0.18325777,0.0071982467,0.12684761,0.017409991,0.04183389,0.09753654,0.021258222,0.36350518,0.049727354,0.23306748,0.099362776,0.012750785,0.019421415,0.03824151,0.0482608,0.07648189,0.015765559,0.07031017,0.025932679,0.28897503,0.036601488,0.06584425,0.108145714,0.028806254,0.16199411,0.0470658,0.25493324,0.19395983,0.07315179,0.08284519,0.40703845,0.18156916,0.0016425856,0.02486933,0.26632878,0.15571499,0.027643902,0.010605077,0.06978797,0.072398536,0.1592947,0.20509492,0.014363474,0.19462408,0.036928613,0.013855399,0.016906079,0.013698652,0.03958011,0.059126824,0.4063352,0.04745612,0.07076123,0.13156454,0.21075054,0.23332539,0.19242239,0.2930606,0.31971368,0.029553939,0.06393726,0.0935178,0.042197783,0.020153617,0.40461057,0.07651174,0.070278145,0.09529714,0.27437437,0.018509168,0.09618491,0.06788822,0.3711403,0.038890082,0.08743187,0.6716179,0.8807541,0.10061747,0.04025834,0.057305656,0.013917087,0.025854351,0.01408183,0.016385414,0.012025893,0.06353577,0.6707528,0.01678884,0.06480808,0.011591695,0.07855848,0.0027655961,0.017857807,0.042033896,0.1819957
BC2026_Train_0006_S09_20250828_000000_50,0.0002642352,0.036061425,0.00020303403,0.075404964,7.312487e-08,0.031691607,0.0009950838,0.0012895819,0.00088039617,0.00055509823,0.022206718,0.00038088788,0.00030094926,1.2617734e-08,4.9869743e-07,0.0028194117,4.5643264e-05,5.037974e-05,0.0057155676,0.0041757263,0.0016369453,2.0293273e-05,0.0054714154,0.0029166124,0.02566794,5.220214e-06,0.008212748,0.046781152,0.0064474284,0.19054218,0.035149146,0.002311217,0.106022626,0.09347158,0.0006568149,0.009997032,0.11743099,0.009537063,0.0066275815,0.091472276,0.108740374,0.007015104,0.060768645,0.0057582874,0.0051207137,0.0051207137,0.06177158,0.0030021437,0.0035740037,0.0045475126,0.012962122,0.014177591,0.014177591,0.02526326,0.18754096,9.273582e-08,0.23024298,4.3928412e-05,2.4370123e-05,0.0041984604,0.0025770343,6.627056e-05,0.005992096,0.0027160076,0.0006945754,0.0011336358,0.0074091055,6.63709e-05,0.00019562425,0.007334595,0.0013316304,7.5524214e-05,0.07554829,0.02625446,0.11523386,0.108114004,0.059802316,0.31008264,0.058866635,0.055104394,0.018702997,0.01949946,0.063895196,0.0032312714,0.020213086,0.23302723,0.06483628,0.0726631,0.13865262,0.036272984,0.09784864,0.07233116,0.0071710288,0.07948955,0.044766434,0.097709745,0.019837206,0.6208618,0.06163902,0.01831711,0.220815,0.08983044,0.47483152,0.6737963,0.7848136,0.045375686,0.021572705,0.0041329605,0.079455085,0.12413043,0.037325807,0.72932523,0.009638855,0.44204953,0.0846023,0.2727038,0.027921323,0.07865895,0.020975484,0.43011647,0.07070329,0.25233185,0.23141077,0.36088032,0.07377285,0.039776776,0.021940874,0.028229272,0.03236971,0.38313392,0.027580343,0.3265085,0.03851262,0.03147581,0.054679465,0.0070289583,0.17822358,0.301812,0.06558868,0.28022772,0.0039816084,0.18415545,0.023581864,0.058974825,0.099266715,0.032335497,0.62803006,0.058798656,0.29872885,0.090365335,0.026613029,0.019252168,0.033696245,0.11596792,0.10647638,0.022196641,0.08082428,0.023089312,0.24255122,0.04645636,0.04926586,0.07510436,0.02610302,0.24045253,0.0661526,0.23577738,0.292388,0.06614251,0.11488963,0.3466942,0.16975623,0.0026480714,0.034988932,0.28273746,0.3118044,0.0225678,0.018422188,0.15965721,0.06381572,0.17422475,0.21015885,0.022299502,0.16800138,0.035982877,0.02189871,0.00993182,0.013144649,0.048340864,0.037306283,0.44513762,0.057434507,0.07844511,0.08935587,0.19533277,0.2801578,0.2354833,0.37798977,0.30669767,0.024449084,0.024084779,0.115003705,0.04604012,0.034101263,0.3652175,0.14949524,0.11014349,0.12107811,0.2856851,0.021892736,0.09675821,0.09801653,0.44755113,0.030491455,0.09437142,0.66406214,0.97165275,0.13309902,0.060465112,0.11093853,0.011421686,0.048436783,0.018412475,0.022260923,0.01104751,0.044605207,0.6838755,0.023889437,0.08106765,0.014511925,0.08945616,0.0029171277,0.023017189,0.07427333,0.21225202
BC2026_Train_0006_S09_20250828_000000_55,0.0002939887,0.028975355,0.00022876885,0.04898078,6.042437e-08,0.08327248,0.0005887232,0.0011138248,0.0006975892,0.00082225434,0.05504811,0.00031815912,0.00014953381,1.2221145e-08,4.1374517e-07,0.0041245306,4.928856e-05,4.9997027e-05,0.013954713,0.009287701,0.003206448,3.6518457e-05,0.0044630617,0.0012793775,0.025406634,5.8014657e-06,0.008526277,0.060621306,0.006520679,0.11358251,0.023442775,0.002125695,0.06481597,0.05945206,0.0006672618,0.00818292,0.12650043,0.0057729725,0.003763419,0.06853001,0.06314853,0.0043701874,0.056602795,0.005164224,0.002201189,0.002201189,0.043740664,0.0021623105,0.0022395232,0.0028189616,0.012335088,0.013420717,0.013420717,0.015976312,0.28574434,9.03849e-08,0.22898336,4.0218103e-05,2.3806084e-05,0.0026255983,0.003972514,8.2704035e-05,0.0072107753,0.00796254,0.0011454485,0.0008527281,0.011050462,7.713007e-05,0.00024339456,0.009902183,0.0013544891,8.792859e-05,0.03238283,0.06618946,0.114248775,0.099994905,0.053309098,0.21789885,0.063369535,0.13895285,0.011405549,0.017247446,0.08165414,0.0044470713,0.019167474,0.12795478,0.045012083,0.093426935,0.13587375,0.02671877,0.10174606,0.062500715,0.0064664925,0.15971358,0.024008075,0.07971748,0.0255645,0.735893,0.07533413,0.015086992,0.20760514,0.024813326,0.5828953,0.6780703,0.8177731,0.054534204,0.018952928,0.004291342,0.06487021,0.0628249,0.024002682,0.7628816,0.007287598,0.31359532,0.070890546,0.29917523,0.023512932,0.0820716,0.030327633,0.26582503,0.114969894,0.3102707,0.20203464,0.31964353,0.07305309,0.026900673,0.012552559,0.023473019,0.034953117,0.41412646,0.020820897,0.30497035,0.046082195,0.037455443,0.0611166,0.008914666,0.48209956,0.31348738,0.05036817,0.2482812,0.00703135,0.2131804,0.02250247,0.06909049,0.094748266,0.021144811,0.4174834,0.043623984,0.29884347,0.09018903,0.027313454,0.016961958,0.035418063,0.05504783,0.08214208,0.020070607,0.06082664,0.047461413,0.30606297,0.03408197,0.05825417,0.12022246,0.04630793,0.18090287,0.047303427,0.38106033,0.3302972,0.081018746,0.11187429,0.39223406,0.11884838,0.0019624892,0.047355503,0.1883826,0.16489281,0.033035412,0.012283418,0.08427324,0.08432567,0.19796762,0.16311806,0.013353206,0.22478762,0.04187122,0.015989656,0.018966202,0.006673662,0.047896102,0.064945005,0.34221035,0.046851635,0.07499475,0.03762365,0.13653047,0.21656066,0.3160839,0.24524306,0.34755975,0.022641467,0.039765947,0.079919055,0.038416363,0.022351958,0.42153716,0.08362241,0.10896885,0.10382713,0.38360146,0.021325052,0.082896754,0.09167291,0.45336494,0.10759789,0.12682483,0.7384702,0.8881763,0.08001901,0.04871192,0.0592245,0.018281054,0.035251006,0.023246199,0.01309738,0.00827057,0.03541452,0.7205787,0.018113662,0.0808836,0.0071412735,0.068705715,0.0041643092,0.010660654,0.056460597,0.21237469
BC2026_Train_0006_S09_20250828_000000_60,0.00044947345,0.02481409,0.00022452929,0.038708325,6.3971854e-08,0.039254844,0.0007723823,0.00073600805,0.00082814274,0.00082567264,0.029665785,0.00051905547,0.00014261756,1.329642e-08,4.711061e-07,0.002913733,4.8082027e-05,5.2647283e-05,0.0128216185,0.0025399062,0.0015299679,2.6763813e-05,0.0041502547,0.00189403,0.018576058,5.687494e-06,0.006683959,0.046935666,0.004747044,0.10300996,0.025576727,0.0015494621,0.07097165,0.057593096,0.00064774917,0.0056933705,0.10239302,0.0064941393,0.0048382026,0.04199842,0.07620173,0.005585979,0.045794345,0.0040592873,0.0027628068,0.0027628068,0.04459988,0.0022079677,0.0025871638,0.0031232408,0.009770131,0.010766384,0.010766384,0.017630467,0.17115381,1.05648304e-07,0.23374519,4.7249996e-05,2.5202138e-05,0.0017959997,0.007454447,7.228369e-05,0.003965551,0.004860649,0.0007128005,0.0007189688,0.009849539,7.015146e-05,0.00019342452,0.009419424,0.0013748612,9.1410126e-05,0.035896447,0.06255187,0.07422782,0.09352472,0.056928933,0.16851623,0.1002803,0.066677794,0.017333303,0.015541772,0.03835087,0.004697189,0.01896078,0.12952985,0.046977654,0.07205509,0.12578617,0.030896254,0.1383904,0.05519161,0.009697808,0.091371216,0.040503133,0.15222543,0.019770348,0.72848475,0.0633197,0.017357623,0.15870857,0.0343201,0.4976733,0.6343524,0.73807234,0.058285244,0.01931874,0.0036984119,0.06477344,0.07420453,0.029958433,0.5103747,0.009151336,0.22020018,0.036910307,0.16929013,0.02196804,0.12457896,0.02340202,0.33832335,0.070627,0.18930179,0.16072379,0.2963348,0.048097286,0.03052544,0.018531952,0.01832942,0.04640813,0.57532066,0.022895787,0.35172534,0.028722968,0.032511953,0.052029286,0.014320609,0.34015843,0.23045295,0.05562692,0.21594185,0.008305393,0.14137357,0.014431368,0.04440867,0.094143905,0.018905064,0.27403027,0.04460019,0.27372435,0.08896226,0.022572549,0.014332847,0.036671065,0.04173765,0.062589884,0.016816707,0.04599077,0.031751793,0.35323834,0.033100102,0.053354513,0.059773516,0.025553647,0.13072343,0.039516978,0.25285202,0.12536977,0.12912427,0.070569515,0.30783457,0.16990142,0.0017689458,0.025763338,0.16421375,0.1254986,0.025685651,0.012097395,0.049270958,0.098486334,0.19234857,0.12318173,0.014882469,0.14302994,0.04096859,0.01901295,0.021254417,0.014172567,0.052739352,0.052390058,0.50264066,0.041824944,0.071729966,0.0641304,0.1090805,0.23157111,0.299457,0.3148556,0.24775103,0.021875361,0.051148575,0.055906817,0.19214813,0.04024216,0.2858303,0.08180879,0.074431315,0.10000235,0.2661767,0.021535639,0.064760104,0.058374844,0.31613484,0.044027176,0.10317847,0.6944568,0.92735,0.08941125,0.055502478,0.048712242,0.008843577,0.025950732,0.012868215,0.012391256,0.013512774,0.046832565,0.6280223,0.015287003,0.086555794,0.012652587,0.044034097,0.0038335791,0.020110214,0.05204252,0.15829873
BC2026_Train_0007_S09_20250829_000000_5,0.00036295794,0.028651588,0.0003609764,0.014490356,4.2853852e-08,0.04068232,0.0008239016,0.0020007207,0.0008861896,0.0009032132,0.08462547,0.00034446156,0.00015522515,1.2125203e-08,6.497946e-07,0.031150298,0.00016303419,7.591123e-05,0.08625455,0.019552175,0.002306899,8.0384474e-05,0.0712129,0.0003997469,0.048939075,8.32306e-06,0.0231988,0.0715081,0.005445106,0.11898633,0.012293179,0.0016875912,0.03416353,0.018717084,0.0006870355,0.0059193377,0.08865957,0.0042954725,0.0019987272,0.03847718,0.028266286,0.0022765624,0.046057202,0.0038042788,0.0026809643,0.0026809643,0.0430664,0.0022024217,0.0018213339,0.0024647873,0.011790307,0.012421001,0.012421001,0.0075459913,0.25038555,1.4656882e-07,0.23510073,0.000109202956,2.9096022e-05,0.0023361375,0.025697468,6.82228e-05,0.005378058,0.01703308,0.002559925,0.001375883,0.021257503,7.2913215e-05,0.00026014613,0.026198879,0.0013785374,7.6103e-05,0.08327341,0.014875717,0.10885645,0.23964572,0.08737548,0.5709978,0.049960174,0.20075226,0.34954196,0.020510547,0.091579534,0.024235466,0.034607984,0.18928619,0.14746687,0.087421,0.59504217,0.0178399,0.1678888,0.07594302,0.3394926,0.069687515,0.24886237,0.25163215,0.06259174,0.83868635,0.118350334,0.09831165,0.15378642,0.025694175,0.2585318,0.6711395,0.722986,0.10079097,0.10830091,0.0068045924,0.5302128,0.5606975,0.06346709,0.47115397,0.007144253,0.17315748,0.043162096,0.68003196,0.041540682,0.13442227,0.026441539,0.32986122,0.22193103,0.46886736,0.42721316,0.98994476,0.076420076,0.19776489,0.029368047,0.0526443,0.10622435,0.15746234,0.030698817,0.6097625,0.08206077,0.2978319,0.5026516,0.014117851,0.26434687,0.21409483,0.12911247,0.25807023,0.009341705,0.5150497,0.12347134,0.17011628,0.06804866,0.049332514,0.39208987,0.056281168,0.42019826,0.22429794,0.34222856,0.046759035,0.1027212,0.13966234,0.105329335,0.24666326,0.16581202,0.04354916,0.45623162,0.2519963,0.17246324,0.117950276,0.12370797,0.09638998,0.057032555,0.17991264,0.03351605,0.14625894,0.0335193,0.60012805,0.47300526,0.009360904,0.062046442,0.17674844,0.21712714,0.11000444,0.14366858,0.05758609,0.49990046,0.15129744,0.32032555,0.008601439,0.033509675,0.12758131,0.02832044,0.096734166,0.004540474,0.1873749,0.051107176,0.16151668,0.1972994,0.5709266,0.071733445,0.3797272,0.6515985,0.2721138,0.49359688,0.19971816,0.08291585,0.021220626,0.06671641,0.08482977,0.011067453,0.4028435,0.14843556,0.35355568,0.30664763,0.4089396,0.014136327,0.21373188,0.16235474,0.6305381,0.13186738,0.32092133,0.741473,0.5782237,0.13994715,0.09503691,0.08729098,0.102749884,0.098213345,0.022477133,0.107538156,0.4273757,0.023401007,0.88915575,0.028978212,0.18910342,0.03120891,0.31824923,0.09968201,0.018939909,0.44286695,0.49484426
BC2026_Train_0007_S09_20250829_000000_10,0.0003628511,0.027258715,0.00026686914,0.014950923,3.9391693e-08,0.051085405,0.0012234463,0.0011456094,0.0011822986,0.00093775144,0.096438564,0.00029874124,0.00015131303,1.51149e-08,6.5306176e-07,0.02108601,9.835866e-05,7.085225e-05,0.044519063,0.012514867,0.0027772498,6.162925e-05,0.016380541,0.0006303421,0.04757577,1.0039584e-05,0.033992454,0.07632181,0.0052260747,0.09090034,0.016642297,0.0020769169,0.034792088,0.03513831,0.0007464914,0.0075399885,0.09057561,0.0044972845,0.0025940186,0.04469901,0.051587842,0.003288894,0.06627906,0.00456893,0.0022159151,0.0022159151,0.04459767,0.0023444197,0.0020642767,0.00300209,0.013140555,0.014334058,0.014334058,0.013288392,0.22760808,1.3648304e-07,0.23699765,0.00015011788,1.8625586e-05,0.001994664,0.020991202,6.583973e-05,0.004234191,0.0076418994,0.0013663393,0.0019265973,0.01724199,6.406827e-05,0.00030913434,0.021770654,0.001423708,7.442646e-05,0.051166765,0.02313759,0.15370162,0.18132357,0.103539735,0.3287307,0.025164388,0.0913312,0.32087955,0.021044334,0.05783564,0.012915325,0.057787158,0.11918145,0.28908128,0.088628285,0.32672846,0.021620471,0.14066866,0.07969386,0.095140725,0.050493307,0.094024524,0.095072754,0.042604204,0.78463316,0.08904116,0.13688205,0.14440127,0.02008117,0.27362424,0.73065734,0.7763193,0.060180113,0.03511997,0.0077640316,0.4623176,0.2185465,0.036677912,0.5305153,0.006506579,0.11345304,0.042251818,0.36426008,0.039121766,0.16299021,0.027506288,0.18758819,0.16200355,0.45058614,0.2925391,0.8005604,0.124878444,0.09005486,0.048396688,0.04785926,0.07919687,0.12301612,0.040041205,0.36423165,0.031644307,0.18760796,0.22020185,0.011093199,0.1971306,0.25697893,0.12366239,0.33182138,0.01639722,0.59913677,0.07980273,0.17097536,0.09530354,0.024917299,0.3403928,0.02360482,0.36453754,0.22167331,0.22918312,0.027316147,0.06990565,0.1038463,0.10149097,0.33404434,0.13021077,0.028092613,0.5131333,0.091934584,0.10913639,0.089646816,0.051737707,0.1378898,0.04364234,0.11096556,0.033277,0.07685865,0.034859806,0.7607324,0.18999808,0.006126393,0.065117046,0.13184988,0.24561623,0.2702127,0.03918683,0.062010475,0.22068891,0.105659865,0.1760198,0.007902183,0.02913472,0.103707984,0.027461074,0.048860792,0.0042759,0.13721262,0.06097699,0.17332572,0.08019833,0.2843014,0.053973097,0.36192515,0.32233816,0.2225902,0.21117125,0.23340762,0.18320973,0.024092391,0.06001034,0.028029056,0.012600183,0.36634213,0.18144684,0.19218022,0.3057085,0.4537685,0.009450603,0.13153209,0.1524665,0.90646094,0.055951595,0.18412456,0.8071376,0.58831024,0.06554511,0.13336346,0.07409836,0.16457218,0.060433805,0.011354292,0.07595779,0.1167248,0.0448383,0.8227097,0.018648878,0.1363647,0.039530765,0.20039901,0.057979338,0.023551088,0.43476012,0.1928476
BC2026_Train_0007_S09_20250829_000000_15,0.0003657341,0.028253293,0.00036890668,0.037660684,4.0205858e-08,0.046738166,0.0009873343,0.0011920606,0.0012150642,0.00093181647,0.0774805,0.0005136058,0.000115558265,1.45286325e-08,6.675574e-07,0.02188497,8.472712e-05,7.4947886e-05,0.036438692,0.0073595173,0.0019785126,3.444884e-05,0.016074525,0.0006423392,0.04324289,1.0817607e-05,0.034575857,0.06692434,0.006172937,0.09905752,0.015641851,0.0026741042,0.04127985,0.033314627,0.00073435577,0.008951254,0.09987278,0.005656586,0.0030215625,0.057673246,0.04258019,0.0030905872,0.05958008,0.0053942357,0.0027079983,0.0027079983,0.043145224,0.002459962,0.0024109383,0.0032689532,0.012719517,0.014058902,0.014058902,0.0115872435,0.15574093,1.4307506e-07,0.23721422,0.00012615068,2.3717066e-05,0.002310684,0.017194709,8.941739e-05,0.005205259,0.0061361226,0.0017133286,0.002426359,0.020737886,6.304716e-05,0.00051660935,0.023440726,0.0014537348,7.28919e-05,0.06991754,0.028935025,0.16687457,0.3399767,0.08213655,0.4901789,0.0540081,0.0964609,0.19153471,0.022990722,0.062230412,0.0090257935,0.027997777,0.10424007,0.123747975,0.050635822,0.32064477,0.02058943,0.105011426,0.105177954,0.029589301,0.088093586,0.11050073,0.11929251,0.04485263,0.7006949,0.095990464,0.15523872,0.19455512,0.025893692,0.4405135,0.7272119,0.7431321,0.05146979,0.11287464,0.0063585527,0.2847768,0.13532597,0.08164942,0.4286089,0.012902642,0.17684738,0.034966573,0.45210642,0.03526652,0.46408537,0.044077963,0.2255573,0.17920938,0.4149815,0.2473171,0.6970171,0.11940668,0.075028345,0.030281093,0.054686878,0.085324995,0.62632316,0.079175256,0.33268112,0.041520275,0.08881103,0.08555397,0.01093115,0.2999861,0.28121167,0.28334966,0.50759745,0.014364178,0.54857033,0.19328268,0.1823992,0.14679153,0.027162883,0.48027575,0.13080658,0.5021554,0.36414465,0.06907592,0.043147724,0.075866304,0.05833651,0.06946685,0.42575115,0.10633374,0.082041256,0.53027624,0.16100138,0.067584716,0.10373141,0.07882424,0.111306444,0.054007992,0.23188694,0.08217172,0.048296556,0.04516056,0.558277,0.193051,0.0071697943,0.05792873,0.1992685,0.1655348,0.30372036,0.047731146,0.049076226,0.21592306,0.15650675,0.25543258,0.0064973435,0.028512532,0.17005864,0.019420428,0.024839973,0.005596362,0.07066358,0.073383264,0.44992405,0.040920842,0.20770821,0.058987763,0.34478047,0.27325928,0.36084962,0.28845987,0.36967865,0.28063577,0.053653553,0.056752082,0.02114706,0.016533313,0.40118787,0.13131799,0.20576149,0.2365413,0.4239142,0.015001714,0.14597751,0.23328045,0.8543154,0.032585554,0.21246262,0.8693984,0.9010899,0.14937665,0.48185977,0.050967965,0.21190314,0.044294007,0.030751223,0.026023457,0.08615927,0.084127635,0.8306775,0.023307318,0.08617605,0.017972521,0.1399134,0.0569551,0.011642643,0.16144562,0.25406185
BC2026_Train_0007_S09_20250829_000000_20,0.0002614056,0.02122029,0.00030789568,0.025124734,4.1649333e-08,0.05315468,0.00079650286,0.0010429459,0.0009615481,0.00096151605,0.13422997,0.0004036928,0.000122017416,1.2864098e-08,6.191219e-07,0.02867821,0.00011170749,7.7661156e-05,0.067891605,0.013720616,0.002464121,6.352081e-05,0.028487127,0.0004521717,0.039451912,9.818064e-06,0.017922252,0.044225488,0.0051824176,0.13441625,0.012537843,0.0015228721,0.039042894,0.012700933,0.00070463476,0.004502633,0.06415707,0.0028577745,0.0020390654,0.03443212,0.024958542,0.0023993647,0.038209584,0.0035610572,0.003586422,0.003586422,0.034212213,0.0018854381,0.0013702045,0.0018783022,0.009394709,0.010022017,0.010022017,0.0076049645,0.26871383,1.5228767e-07,0.23440988,0.000122314,2.4418818e-05,0.0023029472,0.024310628,8.500796e-05,0.0045535136,0.0153314145,0.002446858,0.0011553345,0.016083105,6.1392006e-05,0.0003374626,0.022482567,0.0013673101,6.8997324e-05,0.07539909,0.039401896,0.10345277,0.21185228,0.10016127,0.40473062,0.066047795,0.17491189,0.10783606,0.018783076,0.04107637,0.0075963507,0.029043343,0.10220464,0.08365633,0.06683503,0.39543408,0.01824062,0.119440176,0.069134355,0.028727198,0.0642606,0.16009079,0.18940094,0.0617364,0.85779643,0.12998687,0.29040945,0.1364134,0.06944328,0.3220458,0.5679579,0.5617309,0.07898825,0.068277426,0.0067940075,0.14269851,0.17912337,0.028000435,0.35367474,0.0071000094,0.115246184,0.12830843,0.2616549,0.09100098,0.2600391,0.03746653,0.2550974,0.16864313,0.5939827,0.17406857,0.6979633,0.06121922,0.118185095,0.026535736,0.04259388,0.11271491,0.7240967,0.088371925,0.34517723,0.050988637,0.09118532,0.11242993,0.009317459,0.5471479,0.2790542,0.22067499,0.34297007,0.015150394,0.3176709,0.0670335,0.11642943,0.09919452,0.045191523,0.82101136,0.034090545,0.34210294,0.17898954,0.16659157,0.027858617,0.12123023,0.06700152,0.07118848,0.08782221,0.25720337,0.039734464,0.45956838,0.30642885,0.06347428,0.23442012,0.13618377,0.24526559,0.031678736,0.27144685,0.09281697,0.17862727,0.05104524,0.40463328,0.2819551,0.019340787,0.033734173,0.24290599,0.5540993,0.09003251,0.17706035,0.099224046,0.15978032,0.123346254,0.25875726,0.0072888443,0.02592694,0.10862654,0.01858351,0.02797173,0.01037573,0.05654227,0.060741164,0.1319959,0.07697357,0.15382941,0.09263231,0.2237824,0.2764963,0.42957836,0.28405565,0.28687897,0.1864727,0.01891883,0.071527466,0.06318887,0.007837233,0.39333284,0.40773824,0.1288811,0.22825317,0.32352456,0.019199848,0.15389268,0.1894414,0.5266877,0.060933754,0.20531635,0.6167354,0.36173153,0.07454985,0.28367865,0.070744425,0.075163946,0.10405796,0.024196051,0.02400662,0.06359266,0.0791693,0.8105036,0.02040508,0.16888478,0.017726477,0.09853091,0.054789413,0.028340412,0.20422076,0.2357188
BC2026_Train_0007_S09_20250829_000000_25,0.00032233773,0.033722144,0.00030986854,0.020148443,4.5601343e-08,0.055402186,0.0013350613,0.0018762519,0.0008158132,0.0014044347,0.10576599,0.00042852227,0.00012391772,1.4932171e-08,8.303565e-07,0.04279286,0.00016133796,7.6382974e-05,0.039171513,0.013350329,0.003767144,5.095309e-05,0.035595186,0.00054466963,0.03639423,1.1149395e-05,0.033340074,0.06278237,0.00583641,0.12863773,0.017509082,0.0021095313,0.040264092,0.032270566,0.0007335364,0.008549909,0.11123884,0.0057487166,0.002938648,0.056904577,0.04243193,0.0032179444,0.062267993,0.0047062486,0.0036821072,0.0036821072,0.051803257,0.002562999,0.0021193624,0.0031866233,0.014259744,0.015788402,0.015788402,0.011291789,0.36237794,1.794655e-07,0.24260542,9.2325296e-05,3.0452602e-05,0.0020234515,0.012923018,8.170386e-05,0.004710296,0.009847272,0.0014979029,0.0015962566,0.016556015,9.398487e-05,0.0003607663,0.032996394,0.0014459909,9.046689e-05,0.08227782,0.034763306,0.18243119,0.17484508,0.11560276,0.5174749,0.049778804,0.121088445,0.28056455,0.060636364,0.05848286,0.0083544655,0.026635211,0.25962102,0.16111918,0.1105888,0.56551033,0.025024585,0.14954205,0.100670725,0.06533106,0.062836215,0.39657673,0.20756917,0.091969915,0.62750137,0.18396282,0.10188162,0.19765624,0.043191165,0.37733197,0.6480985,0.6280087,0.102031544,0.1808821,0.0073554385,0.23468032,0.20973092,0.054047033,0.6286142,0.008046668,0.15288551,0.043851238,0.46993297,0.09034547,0.14864239,0.040828645,0.32870093,0.10601361,0.4995215,0.24744116,0.80150574,0.08224376,0.061322197,0.052402705,0.06921382,0.21897689,0.46944493,0.09827551,0.37992156,0.040819563,0.10005699,0.11985256,0.021678075,0.26454774,0.36130536,0.16018426,0.1837171,0.017747205,0.3113362,0.200194,0.14608608,0.0918498,0.036905754,0.49733776,0.07360024,0.39889395,0.4400801,0.16372539,0.050125413,0.2588295,0.2087214,0.08471662,0.24653511,0.2326187,0.04767796,0.5088683,0.53135353,0.06624613,0.14663863,0.13338505,0.1629163,0.045575894,0.15275204,0.23874207,0.11260781,0.06065582,0.54231465,0.33659714,0.014383683,0.045579888,0.13610238,0.22932008,0.08894386,0.16051863,0.06647722,0.35977483,0.110294,0.22569439,0.008442169,0.030571809,0.18322705,0.022436298,0.06129122,0.0061112605,0.1161156,0.04624225,0.2455262,0.2134762,0.344534,0.11586436,0.79299545,0.44678035,0.33737183,0.16918603,0.11071041,0.113171294,0.02824684,0.0870063,0.14483824,0.014350251,0.34028685,0.3494658,0.23441333,0.21763977,0.32861248,0.026576068,0.15294568,0.18308643,0.6511035,0.050862152,0.25123736,0.7389042,0.59254533,0.1434864,0.09643597,0.07532092,0.17849143,0.2789119,0.018157039,0.038161375,0.09192007,0.035681374,0.825999,0.020873656,0.09647187,0.018837394,0.163882,0.038685244,0.021545751,0.46127287,0.27942827
BC2026_Train_0007_S09_20250829_000000_30,0.0003626579,0.023452986,0.00031887615,0.040084273,3.739001e-08,0.14134665,0.0017176958,0.0012625345,0.0010139755,0.002119742,0.10825124,0.0003403151,0.00013943638,1.591377e-08,5.9790653e-07,0.030434905,7.6313096e-05,0.00011719977,0.08403646,0.090035126,0.0049910527,8.6597094e-05,0.17491466,0.0003567105,0.042662077,1.7064525e-05,0.01893221,0.11981162,0.006065999,0.1301902,0.018160762,0.001963107,0.03537666,0.023147767,0.0007387179,0.0059748054,0.088300705,0.0042519774,0.002561392,0.03611579,0.043088287,0.003355935,0.05591726,0.0043427204,0.0016953402,0.0016953402,0.039507903,0.0018969727,0.0018617517,0.002639321,0.013312713,0.014319802,0.014319802,0.011252165,0.30807585,1.4282311e-07,0.23879027,0.00021376205,2.7807617e-05,0.0021866548,0.030714,9.027066e-05,0.005812431,0.013742415,0.002715891,0.0010572908,0.029844569,8.4152096e-05,0.0002708747,0.04232593,0.0014227718,7.4846896e-05,0.047469273,0.03055596,0.14894189,0.21031146,0.10399537,0.64196646,0.039757207,0.14915101,0.04792744,0.01654981,0.06728947,0.005298155,0.097476825,0.29770997,0.081043534,0.06543237,0.1624198,0.021032259,0.19250186,0.096701406,0.028757965,0.050517775,0.63327426,0.13280909,0.08371815,0.77390623,0.19800471,0.065864,0.11370347,0.01567686,0.29994687,0.75129914,0.81525624,0.055405233,0.04929023,0.0047981227,0.24046397,0.124119125,0.052737553,0.5247165,0.007670975,0.08749623,0.034170378,0.4021755,0.041719384,0.1768383,0.029262152,0.17934574,0.25978205,0.2847686,0.14014496,0.52987176,0.14521332,0.04578715,0.024406407,0.039825376,0.07912455,0.25680727,0.042845644,0.31881598,0.07614782,0.0697021,0.20164979,0.009720616,0.3066632,0.24274775,0.15415408,0.33146006,0.01045505,0.3453468,0.055230148,0.11070713,0.07083029,0.026851509,0.28813264,0.07460627,0.46742874,0.4809919,0.06803864,0.037845723,0.08218304,0.27088827,0.08051958,0.06340709,0.22109574,0.020740064,0.26569706,0.6279296,0.0567857,0.111983456,0.1318818,0.15195419,0.036617752,0.1897912,0.23942143,0.08491162,0.029344939,0.49006125,0.25531694,0.0073832823,0.043949243,0.19144216,0.16020758,0.11587233,0.049119774,0.059353024,0.12341464,0.16388972,0.20786631,0.005861304,0.025520697,0.06546561,0.01420437,0.038516715,0.004350238,0.08009456,0.065466024,0.26487732,0.10561328,0.20211162,0.08651735,0.37172726,0.20472999,0.13778754,0.07521125,0.18194604,0.11210407,0.03166653,0.053474583,0.031670522,0.019211018,0.35252032,0.20643528,0.28836152,0.19742368,0.4867028,0.019391524,0.12116356,0.22580455,0.57818294,0.08601383,0.17021465,0.82763857,0.5027947,0.16628464,0.1286408,0.06804219,0.023832921,0.13000381,0.01678738,0.030327354,0.057515524,0.030176243,0.7808738,0.017593795,0.13506813,0.01143377,0.13140213,0.04470388,0.015923496,0.18810292,0.20593661
BC2026_Train_0007_S09_20250829_000000_35,0.00041366954,0.030779282,0.00027811638,0.018208755,4.7923603e-08,0.049699374,0.0011649608,0.001393206,0.0010491195,0.00084997155,0.08209118,0.00036476782,0.00014356722,1.4996735e-08,7.924632e-07,0.01640683,0.00012137097,6.7709036e-05,0.062631056,0.015685435,0.004244505,5.855777e-05,0.026957583,0.00057635835,0.044477183,1.0864746e-05,0.020016903,0.07573581,0.0074186246,0.13220495,0.015532964,0.0022370429,0.044204585,0.024354875,0.00073707587,0.00723701,0.10424413,0.004689332,0.0025045369,0.04629101,0.042788204,0.002955351,0.06853698,0.0054298695,0.00532163,0.00532163,0.06072414,0.002823379,0.0022563236,0.0031812354,0.014924009,0.016085736,0.016085736,0.0113451835,0.25439373,1.7383289e-07,0.23905073,9.28004e-05,3.0023286e-05,0.0044460185,0.010402283,7.6937955e-05,0.0065412666,0.008647812,0.0019288141,0.0014877693,0.015334698,9.479435e-05,0.00027197084,0.024610296,0.001421052,8.805001e-05,0.16400014,0.03861801,0.1196071,0.2888795,0.14458597,0.7096003,0.026869979,0.12004322,0.18450724,0.014640855,0.08029051,0.008078356,0.056742206,0.16720478,0.09317689,0.09783112,0.46821848,0.029454425,0.16579995,0.066733226,0.06346677,0.09064533,0.15919793,0.08688954,0.037625626,0.70866716,0.111254714,0.23316462,0.18093337,0.0995692,0.27683416,0.7456837,0.73028386,0.081145845,0.123742834,0.005430025,0.29100168,0.16833508,0.046242476,0.47800225,0.008164196,0.12990066,0.106029265,0.62555516,0.05727726,0.13503908,0.030015614,0.36005065,0.14449012,0.5034091,0.20573692,0.78563565,0.09079315,0.08668741,0.046767134,0.04140815,0.08195375,0.26058593,0.044492204,0.32985798,0.06294484,0.26473704,0.17173988,0.0142993685,0.46736294,0.31145957,0.16292942,0.21824378,0.00793394,0.53521377,0.08029839,0.094623655,0.06354505,0.05830867,0.74080443,0.03557517,0.35400838,0.28353506,0.27527308,0.04520921,0.119070485,0.09953172,0.06348192,0.09863801,0.28016526,0.038094435,0.43625635,0.1256491,0.078629,0.25959194,0.066239744,0.19487,0.039747808,0.13713786,0.045221996,0.2574821,0.026260108,0.49660268,0.23835465,0.032635733,0.058266785,0.21664634,0.42486003,0.22052342,0.2155942,0.1321526,0.14744128,0.157508,0.42307618,0.008266353,0.04404866,0.15526368,0.010351513,0.075856484,0.004743027,0.14319216,0.07528795,0.1507056,0.107332796,0.18448934,0.09575076,0.4327322,0.49937278,0.24384639,0.26430905,0.19350176,0.049704097,0.015517001,0.09780175,0.13085185,0.008432521,0.4833207,0.4410003,0.22110195,0.33797294,0.4002677,0.018830242,0.12244365,0.10601009,0.75289303,0.0805926,0.17165057,0.7335375,0.62295645,0.1600699,0.18144082,0.092367426,0.04601986,0.11062711,0.024134409,0.06797341,0.10194786,0.035376992,0.7926572,0.02298463,0.20542537,0.01998673,0.14427768,0.07376139,0.03266528,0.23448527,0.28507417
BC2026_Train_0007_S09_20250829_000000_40,0.0004248484,0.03225955,0.00027511216,0.025469033,3.425927e-08,0.06268501,0.0010437361,0.0021480855,0.0010801164,0.0010804064,0.07322253,0.00041016453,0.00016623402,1.48923744e-08,5.1763226e-07,0.019711282,0.00011966654,7.3056304e-05,0.16132948,0.011913315,0.002953171,7.599908e-05,0.040661067,0.00055408984,0.03637249,1.091133e-05,0.023456132,0.076206446,0.0056175976,0.096970096,0.023414884,0.002428494,0.049586814,0.03733635,0.00072460814,0.008186682,0.124006495,0.0058976584,0.0032757036,0.059620753,0.059107363,0.004085471,0.07355068,0.005426845,0.0022441265,0.0022441265,0.052956518,0.002745811,0.0025629513,0.003664697,0.01669481,0.018019514,0.018019514,0.014624513,0.2995836,1.4638394e-07,0.23777704,0.00010427535,3.2544074e-05,0.0022329646,0.013915756,8.095699e-05,0.0074773408,0.009191574,0.0014473777,0.0015416672,0.015324495,6.3044805e-05,0.00024043808,0.024038449,0.0014122268,9.371615e-05,0.07430961,0.023809412,0.16488542,0.3992331,0.10001176,0.553261,0.047272768,0.23783651,0.045300063,0.014045032,0.07079558,0.009514494,0.03048171,0.16980618,0.14557794,0.08562722,0.32842106,0.030418647,0.1493429,0.108582646,0.2670111,0.08651231,0.33507463,0.1491758,0.04356915,0.87964296,0.12596539,0.14357263,0.20376451,0.025730032,0.28722945,0.6851575,0.8195822,0.078232,0.05720003,0.009935584,0.45531762,0.27163422,0.06197112,0.51540345,0.008573819,0.13498749,0.055301357,0.4870007,0.06140516,0.1257408,0.0351033,0.290579,0.25785312,0.45221338,0.32390973,0.86276495,0.10770117,0.11176045,0.027652405,0.056078453,0.065487534,0.27665725,0.030223172,0.28154787,0.08552711,0.17760743,0.25512385,0.017080337,0.2652067,0.29130882,0.1141663,0.25229892,0.007895639,0.5332301,0.062437385,0.11502836,0.088555634,0.039767064,0.3718985,0.03412488,0.44831714,0.18460691,0.08616823,0.023387702,0.0698367,0.10576539,0.069346994,0.10485981,0.16594964,0.030193066,0.39058775,0.15074466,0.08430271,0.12752278,0.17802548,0.14327514,0.045337904,0.31093034,0.077772066,0.075849205,0.05219544,0.68268543,0.28533757,0.006949254,0.0800793,0.16709791,0.18564403,0.19450341,0.06513477,0.072596185,0.13983947,0.16562524,0.24631393,0.008475292,0.032951515,0.104419336,0.017347597,0.040838547,0.007026121,0.1718529,0.055309065,0.20173053,0.0818801,0.28848055,0.053526208,0.43947488,0.43780565,0.20393038,0.1558798,0.39481282,0.065918244,0.021608997,0.10099004,0.042129483,0.0091236355,0.66075253,0.15475951,0.2263147,0.29173285,0.5024024,0.015147419,0.18592267,0.20764197,0.549346,0.12542446,0.1473474,0.7673389,0.6501507,0.16149893,0.18660209,0.07274042,0.052408163,0.083599165,0.021854188,0.05394775,0.1292586,0.017995428,0.90210396,0.028015913,0.17409848,0.019729894,0.2126366,0.26061976,0.011291466,0.48739278,0.290761
BC2026_Train_0007_S09_20250829_000000_45,0.00031962944,0.032027118,0.00028192892,0.028383764,4.085343e-08,0.07444851,0.0012702923,0.0010557311,0.0010551827,0.00086404214,0.08135261,0.0006366953,0.0001135,1.553675e-08,5.8107355e-07,0.016527167,0.00010099005,7.4902026e-05,0.17610008,0.017236784,0.0026950378,5.3046755e-05,0.029888118,0.00054863247,0.034437384,1.08695285e-05,0.02629876,0.098757714,0.0052858684,0.122698806,0.016315999,0.0023077533,0.047811568,0.04114594,0.0007489697,0.007546238,0.110521436,0.00885932,0.0030879688,0.06870576,0.056931604,0.0031843325,0.062959656,0.004993912,0.0026494272,0.0026494272,0.05763159,0.0027985785,0.0038336143,0.00496021,0.013626837,0.014954712,0.014954712,0.012543956,0.20384455,1.937635e-07,0.23881313,0.00010670783,2.597644e-05,0.0025049737,0.013462993,8.3880375e-05,0.0048933835,0.0074587064,0.0011215454,0.0026743195,0.016258417,5.9086542e-05,0.00032586197,0.033187132,0.0014420315,8.116326e-05,0.045926284,0.017963221,0.1604982,0.15231328,0.10271561,0.6517251,0.034522202,0.24085943,0.047737055,0.015204805,0.04889023,0.008660086,0.05293783,0.111051455,0.212541,0.12197611,0.21725415,0.01666851,0.12154126,0.11539669,0.077974334,0.0891807,0.13576362,0.16427292,0.046453007,0.8799054,0.24417055,0.09506803,0.16184407,0.023074178,0.6077089,0.6511837,0.7537891,0.08806451,0.08372715,0.005542215,0.33859575,0.13767959,0.06378811,0.5050433,0.00720763,0.16525203,0.035427626,0.45549402,0.04400595,0.18279523,0.02923574,0.44696763,0.308666,0.40973806,0.16794728,0.63275635,0.11055341,0.083277054,0.026031237,0.048786357,0.072313756,0.45325753,0.035658136,0.31486213,0.06965125,0.12583634,0.14873855,0.0124295335,0.3177345,0.29484493,0.12664123,0.30686405,0.008782508,0.5992594,0.100472,0.091524675,0.082092196,0.03711818,0.23202819,0.106441446,0.44971797,0.16401516,0.07700984,0.031989478,0.11729927,0.099983506,0.060297232,0.11485128,0.14042059,0.025238756,0.3377853,0.09299604,0.08642305,0.09762823,0.09620392,0.122359596,0.035149816,0.27817005,0.061111957,0.11501226,0.040956933,0.48870227,0.31337893,0.020600857,0.041349806,0.15682314,0.1834623,0.17518552,0.07498477,0.078203574,0.11756794,0.14760259,0.2077322,0.010431874,0.036731,0.09969432,0.019571247,0.044757716,0.009426364,0.075177684,0.06433732,0.50910026,0.15000787,0.1980632,0.06546975,0.40900356,0.38072687,0.22028853,0.27774763,0.21598184,0.06376746,0.030865474,0.07398575,0.04312519,0.014523221,0.55451125,0.16680501,0.16208266,0.29661435,0.46744627,0.0149950925,0.25952992,0.11800895,0.74259615,0.1011061,0.16562448,0.7557354,0.9261366,0.17458165,0.15124983,0.058965184,0.054928236,0.0663778,0.019072628,0.04232157,0.08754745,0.034211215,0.83328503,0.022706464,0.12293826,0.02711822,0.13021751,0.10258584,0.019662159,0.30463174,0.25585917
BC2026_Train_0007_S09_20250829_000000_50,0.00033035845,0.029032517,0.00030455476,0.014505022,3.4956695e-08,0.09851559,0.0009400764,0.0017636244,0.0007596183,0.0007854379,0.056885123,0.00040204814,0.00016961659,1.5981758e-08,6.464352e-07,0.08932652,0.0001202906,6.634369e-05,0.03249136,0.01794862,0.004133542,5.0094954e-05,0.025408616,0.00032704303,0.03853889,1.0757044e-05,0.05852407,0.12656294,0.006130806,0.09702096,0.011332008,0.0015659559,0.030988252,0.02244099,0.0007566617,0.005900433,0.09919997,0.004279957,0.0016832098,0.04729477,0.032786425,0.0019272085,0.052090637,0.0036244642,0.0021350663,0.0021350663,0.043882616,0.0019903854,0.0018018899,0.002612015,0.01149926,0.0125081185,0.0125081185,0.0076774214,0.3673683,1.3837429e-07,0.2389547,6.5370914e-05,2.4286921e-05,0.0034599234,0.012268789,9.602764e-05,0.0084146345,0.006513671,0.0012399206,0.0014894136,0.016314376,9.247991e-05,0.00027470937,0.049522556,0.0014666666,8.329806e-05,0.05447264,0.02192109,0.13238424,0.3051882,0.123158626,0.49598113,0.07779326,0.4337832,0.05410722,0.014467751,0.099859364,0.017475283,0.05203311,0.1681222,0.10093886,0.07631195,0.3444658,0.015731044,0.16775425,0.0869292,0.236358,0.07415305,0.16068,0.15890613,0.123353235,0.8399434,0.1476476,0.26229393,0.11316008,0.02772971,0.36391658,0.67021006,0.8416539,0.101950526,0.06625895,0.008771903,0.47592446,0.20691606,0.14029574,0.6211686,0.011121181,0.15625545,0.03933923,0.59694767,0.040296674,0.14676121,0.025939833,0.4282502,0.12342143,0.41763383,0.2592939,0.93951494,0.14348194,0.1661573,0.03334801,0.1657438,0.11092497,0.54203564,0.030086154,0.41723,0.089841776,0.108432874,0.2542354,0.0122397,0.21557075,0.39221722,0.10291175,0.16963293,0.009708414,0.45056283,0.06587184,0.12217352,0.06749958,0.04661519,0.36059266,0.044685595,0.4275827,0.24055812,0.082606465,0.108196326,0.090676464,0.09123654,0.13632092,0.15742628,0.09708124,0.036227748,0.4188302,0.13997664,0.10743576,0.12527119,0.32580492,0.14032109,0.05963864,0.27381942,0.2334363,0.27171683,0.056279406,0.800416,0.35115755,0.01588703,0.09063294,0.20154245,0.23424634,0.123764336,0.06694109,0.08140769,0.15253781,0.1457191,0.2513189,0.00900208,0.027943898,0.09782533,0.023972625,0.06899618,0.0043364083,0.14979841,0.07619298,0.24505346,0.09659676,0.35112053,0.07487558,0.6122587,0.38303736,0.18059912,0.13365439,0.29894668,0.16373685,0.013731048,0.11215228,0.029949203,0.011791045,0.63819075,0.34066403,0.22364685,0.24848114,0.5052034,0.013492945,0.2540821,0.18053174,0.66627145,0.06117396,0.15028876,0.7912204,0.75908446,0.20126727,0.107597396,0.075658746,0.062474634,0.10664522,0.020484217,0.07059934,0.073247716,0.018137585,0.91099274,0.026033118,0.12656087,0.025918342,0.34429187,0.52594465,0.015052006,0.45603788,0.28507763
BC2026_Train_0007_S09_20250829_000000_55,0.0005332419,0.05203422,0.0003183119,0.029608747,3.7171457e-08,0.07969613,0.0013895467,0.0024330236,0.0014466365,0.001091389,0.088778,0.00038291994,0.0001298706,1.5362902e-08,7.8769096e-07,0.038682878,0.000107796644,7.0966795e-05,0.02725697,0.016736558,0.0028058372,6.328644e-05,0.04503774,0.0006960743,0.066723466,1.6711774e-05,0.051267166,0.089287,0.007388993,0.13459992,0.02699047,0.00451584,0.054541733,0.0574079,0.0007388917,0.016922392,0.1506109,0.008179895,0.004601783,0.10045919,0.060781892,0.004878368,0.12417921,0.00906631,0.0051111146,0.0051111146,0.0932001,0.0045623793,0.004062153,0.0056358534,0.029194957,0.031888735,0.031888735,0.016927946,0.348819,1.4929866e-07,0.24179615,8.5181455e-05,2.2815379e-05,0.0028046148,0.0131587,8.674354e-05,0.0066015827,0.00993089,0.002355351,0.0025614572,0.013086452,9.40483e-05,0.00034906846,0.028377298,0.0014523567,8.9095374e-05,0.07158947,0.028842695,0.19189236,0.23017997,0.18164165,0.34392083,0.03887586,0.13736536,0.19792996,0.01755251,0.052563876,0.015351174,0.034293015,0.099437006,0.08295918,0.09224483,0.58431286,0.019360129,0.13511558,0.06345038,0.07762681,0.067983076,0.07289305,0.14321421,0.04967805,0.6894318,0.09584997,0.06533991,0.21295513,0.027473837,0.4461076,0.6553037,0.68073285,0.05254086,0.21692367,0.009282262,0.23646028,0.32024676,0.054719232,0.42886788,0.01195294,0.13098282,0.0310221,0.42536423,0.039534874,0.13672797,0.022415102,0.22572768,0.08701235,0.3177398,0.2720112,0.77283293,0.107968055,0.08936796,0.050477643,0.05595706,0.15796608,0.29321063,0.10174884,0.3325256,0.07340334,0.053512767,0.19878528,0.013655594,0.27485192,0.32075226,0.1644466,0.30806217,0.015420571,0.45388636,0.14599183,0.1644699,0.13158439,0.034398157,0.35329306,0.02435905,0.37820497,0.1315447,0.1607802,0.06922683,0.1699084,0.14754857,0.072093554,0.15136646,0.07252999,0.03285255,0.51534903,0.12822892,0.08779116,0.11818796,0.08326913,0.14267392,0.044459153,0.1996759,0.05619729,0.08576468,0.04431321,0.61439157,0.2830719,0.012303367,0.0299167,0.13470796,0.24233429,0.070217825,0.06142611,0.09010246,0.21056591,0.095056474,0.30347446,0.00768812,0.032788243,0.1924215,0.02436788,0.03397481,0.005744149,0.06565853,0.04248237,0.23208664,0.078374766,0.28173485,0.1988778,0.7766857,0.41191453,0.3140574,0.11291589,0.24082333,0.11155628,0.037389327,0.111165814,0.036432534,0.010896059,0.4761287,0.3285035,0.22310334,0.30618596,0.54344314,0.013941414,0.11427967,0.12351002,0.62709546,0.07524866,0.15356292,0.823181,0.75856423,0.09811577,0.0767402,0.049200524,0.086073235,0.076722026,0.012493678,0.039901324,0.063752495,0.0770007,0.84768474,0.015011478,0.13065079,0.01986566,0.13786751,0.088246725,0.028268808,0.57503533,0.24019763
BC2026_Train_0007_S09_20250829_000000_60,0.00044683908,0.028867837,0.0003082401,0.012030005,4.110552e-08,0.059038695,0.0011040277,0.0019702783,0.00077849766,0.0007383864,0.06653441,0.00038707035,0.0001864074,1.3756296e-08,7.528367e-07,0.043567587,0.00018255906,7.388632e-05,0.038184877,0.012158826,0.0054789255,4.5216402e-05,0.1244688,0.00033467155,0.06559736,1.1035065e-05,0.03118885,0.06492532,0.006038607,0.12934831,0.010976207,0.0017024524,0.0293694,0.020469656,0.0007312877,0.0064196354,0.0764653,0.004236557,0.0016822319,0.04478999,0.027920036,0.0018816381,0.05002786,0.003717021,0.0034058713,0.0034058713,0.045957133,0.0021735409,0.0018519736,0.0026409563,0.011800252,0.012746372,0.012746372,0.006990751,0.28653246,1.7286064e-07,0.23757033,9.3483104e-05,2.844038e-05,0.0016381916,0.016015634,8.8994275e-05,0.004449597,0.011298103,0.0016244255,0.0012179349,0.017767278,6.861087e-05,0.0003636475,0.03716412,0.0014318373,9.350372e-05,0.10397434,0.013935843,0.11715556,0.26964653,0.10376134,0.44542918,0.033886805,0.4308345,0.22345564,0.016892426,0.081624635,0.012614282,0.080749735,0.11626268,0.14754257,0.10249402,0.6888317,0.015417934,0.2076045,0.10222565,0.20792925,0.10157822,0.2043739,0.18850675,0.09278877,0.8222928,0.135629,0.20383684,0.17558576,0.032516908,0.3313299,0.66845995,0.6122727,0.12095368,0.06835079,0.010141205,0.55772394,0.22095954,0.092078105,0.5028582,0.009415005,0.17462322,0.04532522,0.6382561,0.05035204,0.21659578,0.05524799,0.3310607,0.13226657,0.35779694,0.3663057,0.99112743,0.060880966,0.24026304,0.027138285,0.05649001,0.13361254,0.22352862,0.04178478,0.6234926,0.08557563,0.24648865,0.36671245,0.014080311,0.28999048,0.31054255,0.17348236,0.23627503,0.011710752,0.5113943,0.14801687,0.24594884,0.06571752,0.02748545,0.31487587,0.048756603,0.50620854,0.4608533,0.36295262,0.07070983,0.12237181,0.123530075,0.0750513,0.15957461,0.0742699,0.0704407,0.5091107,0.16461286,0.07282584,0.09650877,0.22504517,0.117888324,0.06486451,0.20101808,0.03532291,0.08389128,0.045695998,0.65847826,0.32618675,0.012538512,0.06916342,0.29419893,0.26903513,0.0983714,0.15891531,0.058943428,0.4882073,0.16806349,0.37143257,0.009439381,0.03560031,0.154008,0.03474255,0.12032997,0.009925175,0.19322544,0.07255963,0.106631756,0.21615477,0.4417862,0.108239666,0.3225336,0.42554778,0.3008512,0.44603914,0.20104986,0.0755056,0.04426194,0.08747944,0.08492382,0.008920721,0.3126879,0.16832653,0.34805816,0.41029242,0.286453,0.0148053905,0.2064687,0.19622704,0.652926,0.10491368,0.23192544,0.6888068,0.57921004,0.11961015,0.14496914,0.076612316,0.122699164,0.10808344,0.027836144,0.045008376,0.39999455,0.037384544,0.8664509,0.02212205,0.23542842,0.07139125,0.28925654,0.25140327,0.033819757,0.45065024,0.29664344
BC2026_Train_0008_S09_20250831_000000_5,0.00011616202,0.014912068,0.00045556092,0.04773791,4.1555413e-08,0.02743648,0.00070032966,0.0018307638,0.00096839335,0.001096507,0.1336078,0.00045365698,0.00013347271,1.638768e-08,6.7367637e-07,0.011037167,6.9156835e-05,3.9256724e-05,0.015695926,0.0019429814,0.0020871651,4.8629045e-05,0.0027703533,0.00047209577,0.013261833,6.4760984e-06,0.016816353,0.015210527,0.0038320944,0.13516726,0.014402795,0.0010670655,0.023997014,0.017355945,0.0007488863,0.0048935264,0.052307248,0.0017862392,0.0017929451,0.027810216,0.026102796,0.0024872932,0.029662551,0.0025403218,0.0014205162,0.0014205162,0.016082471,0.0010443628,0.0006976366,0.0010227333,0.0064505427,0.0070389616,0.0070389616,0.008468665,0.27818164,9.719988e-08,0.244178,0.0001956226,1.8689889e-05,0.0014229349,0.005139919,7.88281e-05,0.0055961804,0.006201851,0.0017525675,0.0005211458,0.0044654943,3.1172676e-05,0.00046181318,0.024581322,0.0016055837,0.00033639363,0.060248926,0.023042135,0.06959183,0.15991804,0.068371,0.20199105,0.050741643,0.03074448,0.022093343,0.03588199,0.039699476,0.003162686,0.024922568,0.16932663,0.012747219,0.06486359,0.116506055,0.028494464,0.20590475,0.03246583,0.012564924,0.06021485,0.025369562,0.14270607,0.035432063,0.59552276,0.11228294,0.09316986,0.15467188,0.01187527,0.16495198,0.51242423,0.4102588,0.041511342,0.055005927,0.006917494,0.20770615,0.15956068,0.045419738,0.18437159,0.0054427753,0.17003097,0.022014089,0.22664934,0.01501838,0.04468199,0.029390942,0.13899007,0.024082663,0.17461766,0.21750459,0.5290334,0.032983676,0.053468898,0.09162262,0.031833336,0.09784633,0.19409214,0.090356514,0.2704287,0.02637771,0.016805297,0.049390864,0.017897254,0.14907819,0.21414526,0.054751366,0.088951066,0.0072797923,0.15708263,0.07648994,0.27683613,0.080079935,0.027628064,0.35465732,0.009906578,0.33943412,0.16859426,0.032152664,0.010970615,0.039866816,0.027295,0.09961713,0.46896613,0.037048303,0.05020147,0.36303517,0.026765421,0.021448702,0.0650118,0.042504743,0.19151919,0.016601231,0.19086842,0.034071296,0.03630991,0.14841081,0.4617867,0.24303423,0.0031354388,0.3921128,0.35160953,0.07643543,0.030516515,0.0137768425,0.060097408,0.200594,0.038921148,0.14367254,0.013256015,0.030995676,0.124563955,0.031091537,0.051879168,0.010680701,0.040735483,0.16555914,0.025257988,0.047226347,0.10127089,0.011662436,0.099185,0.66772205,0.12406462,0.07317474,0.5124971,0.08176622,0.03129669,0.15981488,0.017572543,0.023516066,0.26956648,0.051633876,0.090151876,0.111150846,0.20993757,0.0352331,0.08166061,0.09782112,0.364334,0.020214709,0.17982706,0.62390566,0.20010304,0.173581,0.114589736,0.050339676,0.026312003,0.06825864,0.056457065,0.020442383,0.017886346,0.036776423,0.67554665,0.016443688,0.119024724,0.009171752,0.06344453,0.0068285135,0.009188713,0.24389833,0.34471744
BC2026_Train_0008_S09_20250831_000000_10,0.0001116389,0.013480369,0.0006173807,0.035926428,4.2943533e-08,0.03892768,0.0008745542,0.0034410376,0.000943176,0.0009280094,0.100414455,0.0008786079,0.00013277862,1.7233681e-08,7.734826e-07,0.014919202,7.249721e-05,4.19299e-05,0.01837089,0.0009284528,0.001784439,5.0641458e-05,0.0032436934,0.00038548646,0.015820097,6.1216074e-06,0.012285108,0.014652198,0.0041517997,0.1334663,0.008772485,0.0008427414,0.018877026,0.012625748,0.00072638685,0.0040294956,0.045538526,0.0019271956,0.0012970669,0.024583556,0.018497668,0.0017600022,0.020350538,0.0020909992,0.0015992395,0.0015992395,0.016174143,0.0009465974,0.0006434956,0.0010357021,0.00492308,0.0052823373,0.0052823373,0.0054162173,0.23683372,1.188046e-07,0.24651141,0.00019886914,2.1283213e-05,0.0010653188,0.005803522,8.003752e-05,0.006010123,0.006902474,0.0021943012,0.00043821064,0.0047606695,3.2965065e-05,0.00075821846,0.026019897,0.0016653656,0.00033127068,0.061091077,0.05781743,0.06379144,0.3921468,0.08499206,0.40787387,0.05321763,0.015383833,0.03371812,0.032358814,0.021879243,0.0034625083,0.026102724,0.15187736,0.013389929,0.066926375,0.22726665,0.02609895,0.19053929,0.031122737,0.026128558,0.17523251,0.03635099,0.34772286,0.028512685,0.58666617,0.090185955,0.06270402,0.14104931,0.010139692,0.16421546,0.50633156,0.34597665,0.083763726,0.05503112,0.0073716417,0.2408794,0.1298931,0.057560045,0.18103929,0.011039806,0.13329364,0.024766216,0.27550966,0.015671909,0.051045846,0.04197041,0.114204735,0.03610955,0.38057396,0.41408548,0.7013666,0.032410853,0.06469398,0.1940268,0.02868676,0.06844705,0.24606675,0.21280676,0.3752817,0.02610815,0.025092127,0.041394092,0.019604217,0.14837384,0.22856876,0.07351469,0.08430822,0.0058929618,0.12213252,0.07726825,0.2380404,0.08719907,0.037717253,0.23677579,0.010487754,0.45273092,0.3220656,0.025077995,0.01585833,0.07491463,0.022525217,0.15773444,0.46805555,0.11397407,0.109811366,0.36023894,0.02346943,0.028531436,0.08113031,0.050859544,0.08469426,0.012899799,0.17033249,0.081775986,0.03416833,0.12165366,0.40661067,0.26857033,0.0041171866,0.23170052,0.16248357,0.06600915,0.034607254,0.02215876,0.037379317,0.53329843,0.036133647,0.1465592,0.014231955,0.039812475,0.17902431,0.054190915,0.03171565,0.015929375,0.048988186,0.12961729,0.038574565,0.07292648,0.1545614,0.01774154,0.09496215,0.6798818,0.19063447,0.06993809,0.31102052,0.347457,0.033277206,0.11230357,0.013115324,0.024980899,0.19823179,0.05683142,0.09361732,0.10303142,0.3571259,0.044863928,0.063505635,0.04728532,0.4779286,0.01550268,0.22826529,0.60525405,0.18446925,0.45644343,0.18638252,0.06316005,0.067693785,0.1829048,0.07058984,0.018853651,0.011409557,0.03880181,0.6809294,0.012951978,0.08592216,0.01183035,0.09234584,0.01023163,0.017591527,0.25349763,0.2718755
BC2026_Train_0008_S09_20250831_000000_15,0.00019585688,0.011491786,0.0005179,0.045269005,4.9959908e-08,0.04544452,0.0008607928,0.002411998,0.001071903,0.0010897111,0.1097352,0.00084858446,0.00022801454,2.3382865e-08,9.220909e-07,0.037507005,7.941927e-05,4.162958e-05,0.020139996,0.0013264827,0.0016903377,8.2656195e-05,0.0047951075,0.00030332556,0.013768882,6.6722537e-06,0.024856225,0.015342206,0.003939403,0.13973115,0.0058760764,0.0007260817,0.013378311,0.010042612,0.0007826461,0.0032466126,0.023117093,0.0014481209,0.00096923666,0.024752634,0.014359578,0.0012019733,0.017723557,0.0015778072,0.0013429568,0.0013429568,0.012844223,0.00070077355,0.00062598224,0.0009223572,0.0041238735,0.004444087,0.004444087,0.0040403483,0.33940464,1.3442668e-07,0.25733566,0.00034553875,2.7109892e-05,0.0014239001,0.010024613,8.7337554e-05,0.0045129037,0.012091487,0.0031057885,0.00044977124,0.003899873,3.9907907e-05,0.0009849643,0.04503584,0.0018371425,0.00031029075,0.05537642,0.061344918,0.07440334,0.102423295,0.122432515,0.21906501,0.04112385,0.026849404,0.064832844,0.030455763,0.055925496,0.005941815,0.08529652,0.06249569,0.016167779,0.041115824,0.21733354,0.044450115,0.6393947,0.029490156,0.04259727,0.08747053,0.027324226,0.36168745,0.03131038,0.5999009,0.18414131,0.24448198,0.14259884,0.010897464,0.11720856,0.42531133,0.21153314,0.107172295,0.14476965,0.013322732,0.32333574,0.11134719,0.12974885,0.14610454,0.0094497595,0.18980096,0.022311486,0.1379027,0.020572959,0.07818706,0.09149254,0.1599237,0.027342143,0.22541858,0.36676815,0.5931841,0.047471564,0.11655302,0.05784139,0.027132435,0.107876144,0.43633676,0.16322595,0.5230739,0.02252819,0.016495544,0.034294654,0.024329139,0.14085147,0.21637806,0.093582876,0.08661053,0.009050971,0.23617718,0.17865954,0.5881181,0.09823304,0.12900838,0.48038137,0.013015907,0.25216073,0.18349895,0.018086584,0.0081239715,0.13021298,0.016782872,0.08395372,0.19643931,0.09479227,0.0775485,0.30247495,0.025446314,0.025195798,0.05898009,0.063286066,0.11731024,0.017673356,0.24339575,0.046433818,0.034619853,0.1360368,0.2341356,0.23492749,0.0038995745,0.16632852,0.4447116,0.08229749,0.07044722,0.011436579,0.032430843,0.35011944,0.065991186,0.08967428,0.01785554,0.09824713,0.64163125,0.051065642,0.04228893,0.0515839,0.031332605,0.09301164,0.024921538,0.121587455,0.14269207,0.012216172,0.18861128,0.47002718,0.47963658,0.11434383,0.19842531,0.15151915,0.050739147,0.10132942,0.00924277,0.10809326,0.24787395,0.0286816,0.07900472,0.23413242,0.2760064,0.119369626,0.086039215,0.046546213,0.27684808,0.013823056,0.16990367,0.59111637,0.1099559,0.1686075,0.36984146,0.021527117,0.091455124,0.053219263,0.15858209,0.026746422,0.010560651,0.033423804,0.59543127,0.012005746,0.08175912,0.022059232,0.091746666,0.026903903,0.011252502,0.5487149,0.24919516
BC2026_Train_0008_S09_20250831_000000_20,0.00010889025,0.0145659465,0.00036114283,0.024378516,4.6754234e-08,0.02561741,0.00092620763,0.0036673285,0.000990161,0.001020856,0.108824715,0.00045825678,0.00017217826,2.1688276e-08,7.5621034e-07,0.017466664,9.274392e-05,4.1416195e-05,0.013921842,0.0012331048,0.0022235876,7.784503e-05,0.005099427,0.00028250692,0.008342468,6.0256993e-06,0.0110133765,0.014026892,0.0035259565,0.10248954,0.008622041,0.0008232016,0.016649311,0.016389946,0.00076408393,0.0054508983,0.02993065,0.0014455189,0.0012466979,0.03602147,0.016751898,0.001635096,0.019563422,0.0018797051,0.0014048698,0.0014048698,0.013466477,0.0008100086,0.00058616244,0.00087852555,0.004815419,0.0051532164,0.0051532164,0.004968552,0.3388926,1.1110603e-07,0.25219524,0.00023492088,2.7867418e-05,0.0012964496,0.0052023823,9.0793816e-05,0.0049335114,0.014898223,0.0019948368,0.0003640941,0.004048707,4.589836e-05,0.00083263527,0.020306215,0.0017364731,0.0003299002,0.23156594,0.028560422,0.0989054,0.12705317,0.067469366,0.22945708,0.048588302,0.01504893,0.14030865,0.030922009,0.04096245,0.0038013114,0.022290284,0.08021736,0.009573577,0.06341822,0.25006706,0.020389542,0.2599683,0.050418653,0.01582925,0.043230698,0.031431694,0.08338344,0.08152038,0.52994186,0.18062568,0.3783158,0.1439626,0.01639204,0.12795778,0.38259017,0.39196727,0.055132877,0.14414111,0.009023927,0.24694467,0.19462705,0.21646637,0.17463374,0.006905524,0.1366193,0.029071609,0.25707307,0.025434835,0.05359761,0.09087222,0.16200073,0.025083764,0.13476211,0.47093678,0.7094645,0.027063802,0.13974796,0.12863581,0.026801098,0.09192253,0.15147743,0.05761229,0.4089047,0.019455543,0.021425813,0.099907584,0.018601105,0.17465083,0.12140497,0.047818296,0.08077989,0.011191382,0.11099748,0.12303012,0.63834184,0.06324545,0.04468702,0.5482261,0.015736539,0.21391936,0.37919986,0.03853984,0.013106999,0.0771646,0.021100935,0.040567387,0.6126137,0.061843805,0.05739795,0.37792248,0.022700809,0.017563254,0.078497365,0.033710353,0.13707526,0.017735709,0.09069265,0.029516775,0.036085118,0.349976,0.2729138,0.42886722,0.0075735166,0.3230015,0.6119218,0.12678094,0.037604515,0.010595594,0.03149802,0.54307884,0.03123472,0.16894473,0.02322261,0.0515019,0.44151613,0.034441818,0.23435225,0.031699687,0.05321686,0.1872473,0.04038591,0.057432335,0.0688279,0.023678841,0.09852935,0.50426346,0.39261147,0.15781145,0.56196,0.06798333,0.024321783,0.07357791,0.008655244,0.083769724,0.25844222,0.032654718,0.101139426,0.099663064,0.17374729,0.042150058,0.047886323,0.055472363,0.2862164,0.020696133,0.24725829,0.5730628,0.12743028,0.14106734,0.105020404,0.032224245,0.16651814,0.055573624,0.058555767,0.019487454,0.02082671,0.032367997,0.63062274,0.017660925,0.06442275,0.013888236,0.15208566,0.009686219,0.015313779,0.19378139,0.5631006
BC2026_Train_0008_S09_20250831_000000_25,0.00013781492,0.02179578,0.00041396735,0.04889319,5.6187876e-08,0.029366154,0.00089491846,0.0020506543,0.001383512,0.001064426,0.11796229,0.0005214057,0.00015346693,1.9414374e-08,7.7381264e-07,0.016917422,8.140477e-05,4.8281843e-05,0.023690106,0.0014936856,0.0032944817,7.064272e-05,0.006288437,0.00059567974,0.012571961,6.6575903e-06,0.02501377,0.010870054,0.005170148,0.16187638,0.012798583,0.0016128551,0.0271722,0.02674485,0.0007742431,0.008370329,0.051788058,0.0030079365,0.0020175541,0.05285962,0.031455766,0.0027743373,0.033455115,0.003538428,0.003070129,0.003070129,0.02500062,0.0015829606,0.0011909681,0.0018224348,0.007626009,0.008288787,0.008288787,0.0089346925,0.3763287,1.5489182e-07,0.25087953,0.00020466046,2.1229645e-05,0.0015292595,0.0069887233,8.291283e-05,0.00814863,0.012218104,0.0022205706,0.0005968127,0.006052949,4.368789e-05,0.0014926386,0.0223759,0.0016994134,0.00025209226,0.11764027,0.049390744,0.10002738,0.13501275,0.058922082,0.3015544,0.050960116,0.030941518,0.057196524,0.048373964,0.05782342,0.003684167,0.026583683,0.07798573,0.013172533,0.09470824,0.15741959,0.038301952,0.21121842,0.0409636,0.011741823,0.18659581,0.029980125,0.17628041,0.048927516,0.5808371,0.09705544,0.11499246,0.17010649,0.011477363,0.20684144,0.5224444,0.34062284,0.053087126,0.11872715,0.012632136,0.30518675,0.17832544,0.12957942,0.18486938,0.009880137,0.1392161,0.066934764,0.25050566,0.01770942,0.034542486,0.03554036,0.14929584,0.04064747,0.22031496,0.4867707,0.65751547,0.045799054,0.060910083,0.110037155,0.025011113,0.07887434,0.3580415,0.12549827,0.31176385,0.026610147,0.038906574,0.07781117,0.029753307,0.21575864,0.19228354,0.081382066,0.10425616,0.007442881,0.16093045,0.09347692,0.37516725,0.118306875,0.025719477,0.33299783,0.008292886,0.32655936,0.15034634,0.05554569,0.014521246,0.050717723,0.024588775,0.09065536,0.563805,0.056357447,0.07131879,0.3722209,0.022948392,0.022565447,0.095567204,0.025344547,0.08612119,0.018923517,0.13848798,0.047044944,0.05109791,0.15875821,0.3554114,0.27974492,0.010691641,0.4567978,0.15307283,0.095840104,0.024790414,0.020036526,0.045269974,0.18567318,0.043593854,0.11275207,0.014207442,0.042525023,0.1632079,0.08766762,0.16526577,0.011354731,0.052940942,0.12263222,0.02384484,0.07413067,0.10604099,0.011393115,0.13279696,0.5923992,0.34083152,0.109342374,0.34188545,0.09858619,0.03009331,0.08340584,0.013447862,0.040003106,0.22999926,0.05327694,0.14684485,0.13660885,0.21972352,0.028968861,0.069877125,0.06281685,0.3738954,0.015881276,0.2496524,0.6246271,0.20456152,0.21988618,0.22383222,0.037738364,0.12516855,0.038419135,0.07707267,0.02364267,0.019743944,0.035596758,0.6777815,0.015294643,0.06235014,0.008676121,0.14679961,0.007941016,0.012886909,0.099775754,0.26091668
BC2026_Train_0008_S09_20250831_000000_30,0.00011295671,0.017857997,0.00058366684,0.044202007,4.4986876e-08,0.025723929,0.0008061562,0.002039929,0.0016793486,0.0012126735,0.084865995,0.0005125111,0.00013312178,1.7684458e-08,5.772366e-07,0.011024841,5.620339e-05,4.5153054e-05,0.018694557,0.0015825455,0.0014042099,5.2051015e-05,0.003514151,0.0008615439,0.01897234,6.2683134e-06,0.016504634,0.012989024,0.0040170914,0.1291121,0.016131938,0.0013468696,0.02806292,0.02173254,0.00074693584,0.0060897046,0.054253235,0.002275327,0.0021354954,0.03531231,0.031102309,0.0030655751,0.036416695,0.0031929957,0.0023383214,0.0023383214,0.021159548,0.0013921784,0.00093958684,0.001355744,0.008043505,0.0087258825,0.0087258825,0.0100924205,0.276453,1.09145425e-07,0.24653555,0.00026747095,2.048518e-05,0.0033347863,0.006379711,0.00010962773,0.006185345,0.0069193295,0.006459663,0.000572331,0.0060373433,4.3326003e-05,0.0004947157,0.022108896,0.0016125328,0.00036349162,0.06013444,0.033686593,0.0680226,0.14294566,0.07468638,0.24063987,0.062159717,0.027441403,0.029679233,0.13916485,0.04788016,0.0042994698,0.022579294,0.13346873,0.015443002,0.08209772,0.108769596,0.033403933,0.36909297,0.03082871,0.009100575,0.07389822,0.037474956,0.16408321,0.03456488,0.50548786,0.08243203,0.070344135,0.20188293,0.024613231,0.15740193,0.52452105,0.41459668,0.040298708,0.055603966,0.009147577,0.14254424,0.12814392,0.052585047,0.18927416,0.0049909153,0.16647148,0.02809859,0.22294165,0.020897856,0.052390307,0.031117065,0.07750909,0.020578956,0.24775197,0.23007849,0.5683826,0.039269358,0.060263902,0.07588544,0.038029093,0.19477642,0.21430542,0.03126355,0.34309128,0.041497916,0.020993924,0.06288207,0.061653133,0.17685342,0.17320527,0.06036054,0.13438675,0.0074885744,0.1302575,0.12959397,0.22931516,0.11452575,0.10833892,0.23557205,0.0088872835,0.22341935,0.16257086,0.03681385,0.015565908,0.09055584,0.0191049,0.073438495,0.18135038,0.101473995,0.033411127,0.31855375,0.03787982,0.023926288,0.10723391,0.02897708,0.12168968,0.017042842,0.18798348,0.028941644,0.08784763,0.15050301,0.4173621,0.24883977,0.004421893,0.19510178,0.34666774,0.20772424,0.023555545,0.022238206,0.061681334,0.15042534,0.04415343,0.16953574,0.023379864,0.03928572,0.12138937,0.030262146,0.059096627,0.010534021,0.037793726,0.14939393,0.023141455,0.14157762,0.10039626,0.009469913,0.10011736,0.5046635,0.2582781,0.047473416,0.44127792,0.12418486,0.024897814,0.117021315,0.022423483,0.016196659,0.24311088,0.063224114,0.09633644,0.14425917,0.18932277,0.047365177,0.08054917,0.09020178,0.38437596,0.022005923,0.18773876,0.60114443,0.21803601,0.19263487,0.08277789,0.057150185,0.034111686,0.048781198,0.056558404,0.02953745,0.01755584,0.05427055,0.6871736,0.026102694,0.19215664,0.0075190314,0.10068314,0.007221295,0.010106311,0.1272104,0.29076084
BC2026_Train_0008_S09_20250831_000000_35,9.962826e-05,0.015028586,0.00039216,0.099637926,5.000969e-08,0.023049906,0.0008250483,0.0034555395,0.001760676,0.001423109,0.10221121,0.00048605888,0.00017877952,1.7585958e-08,6.0592646e-07,0.012818956,5.579025e-05,4.3593074e-05,0.023168638,0.0010754119,0.0016794149,4.9868646e-05,0.0038997538,0.00050690793,0.012020035,5.9770387e-06,0.013124484,0.017446822,0.0036433511,0.13272706,0.015213557,0.0011158602,0.023788583,0.019391213,0.0007408556,0.0048756087,0.043193582,0.0017412559,0.0019108086,0.027330061,0.029054338,0.0029546102,0.031440873,0.0026593986,0.0015404787,0.0015404787,0.018205715,0.0011428325,0.00077988085,0.0011236218,0.0070062,0.0076880064,0.0076880064,0.00933477,0.22090378,9.916761e-08,0.24597053,0.00033734425,2.1164578e-05,0.0014901964,0.0060243914,0.00013190383,0.012947168,0.009846573,0.0030661114,0.00054442685,0.00486778,4.648371e-05,0.00039623585,0.026464937,0.001635917,0.00042201346,0.05157544,0.026371354,0.055242255,0.11235455,0.06438079,0.1890882,0.0928692,0.022758964,0.027379954,0.040298186,0.038544398,0.00819335,0.02783711,0.15332629,0.013017405,0.06945296,0.110294014,0.02733301,0.47110137,0.03024897,0.012989011,0.051418412,0.040152214,0.12386986,0.025783392,0.5128294,0.099983156,0.085050896,0.13979883,0.01172533,0.18587683,0.5393528,0.43641496,0.038369633,0.036741603,0.0077800713,0.13050248,0.06970275,0.053849556,0.1386356,0.005480698,0.16173016,0.0647632,0.12356752,0.02114371,0.041115735,0.03130347,0.07698373,0.02414177,0.21355854,0.10254738,0.5515707,0.032487728,0.041355256,0.050297394,0.027421167,0.0495849,0.14798373,0.058531694,0.35619965,0.029674238,0.015708847,0.05626797,0.026551846,0.08478703,0.16435805,0.07460439,0.093905434,0.007693998,0.14685845,0.04907626,0.19976072,0.09930183,0.06345355,0.29016575,0.011898308,0.23551701,0.13944241,0.028797429,0.014158033,0.036300797,0.023013745,0.047045767,0.09074747,0.0394981,0.028015574,0.215483,0.041375708,0.022795832,0.119746126,0.020947365,0.09596438,0.011728068,0.14623563,0.036708064,0.052735854,0.08421934,0.34444043,0.269852,0.0034350415,0.14996031,0.29069823,0.10972356,0.018970903,0.017001443,0.05760555,0.20188366,0.049615588,0.15827568,0.015236749,0.034692015,0.085295826,0.02826599,0.052336704,0.012510674,0.036762863,0.15213801,0.026782991,0.0614005,0.11285008,0.011897663,0.08299886,0.26723206,0.24698997,0.05128707,0.3339047,0.08610733,0.043449063,0.09460631,0.012556926,0.02730938,0.21147189,0.048401095,0.07029823,0.14489168,0.21946582,0.035959937,0.08380368,0.088939965,0.4000564,0.03463044,0.10661917,0.6427516,0.21512422,0.25320196,0.10152487,0.04566114,0.021522569,0.054298386,0.04601687,0.017473495,0.012623994,0.040816117,0.6118987,0.015539465,0.10469316,0.0065759383,0.05946125,0.00620961,0.019632153,0.13243972,0.13885549
BC2026_Train_0008_S09_20250831_000000_40,0.000108575,0.016120197,0.00034027256,0.044476543,3.8618676e-08,0.032690212,0.0007369198,0.0021124803,0.0011759604,0.0011449493,0.09269904,0.00046989485,0.0001426059,2.0012283e-08,6.5193774e-07,0.013718917,5.4621123e-05,4.196257e-05,0.020763237,0.0011713427,0.0017387298,7.319846e-05,0.0025921196,0.00056557416,0.011064465,5.664183e-06,0.017898701,0.016182296,0.0031867828,0.15686771,0.014376392,0.0011602929,0.024343569,0.020651776,0.00076393597,0.00513162,0.039347615,0.0021334125,0.0020206277,0.033155613,0.03135854,0.0027463012,0.03006414,0.0026179226,0.001652484,0.001652484,0.018557306,0.0011686938,0.0009599821,0.0013486248,0.0067318585,0.007250726,0.007250726,0.009179371,0.24827303,1.06976884e-07,0.2470331,0.00038079702,2.1172415e-05,0.0018128953,0.0047840136,8.710668e-05,0.0061080847,0.006790453,0.0023050772,0.0004812442,0.0060438137,3.507006e-05,0.0005212634,0.031844705,0.0016499696,0.0006835913,0.042662147,0.02148197,0.07355465,0.12802629,0.06269412,0.1639379,0.14405891,0.0285673,0.027088335,0.02999855,0.042486694,0.005310807,0.027784435,0.14569215,0.009892619,0.07762159,0.11764748,0.022606142,0.30957425,0.038133394,0.017754925,0.054290988,0.072423905,0.114333555,0.033313747,0.5140243,0.07863063,0.07216977,0.15621293,0.013595312,0.19877732,0.50007236,0.39083862,0.042582836,0.032963365,0.008239812,0.106834784,0.05944994,0.04706109,0.11755362,0.0066524586,0.1219469,0.019789545,0.15291709,0.0134086935,0.043126933,0.03963381,0.06597017,0.03808297,0.13014401,0.14455776,0.49595848,0.0756225,0.04169764,0.04540057,0.026662521,0.038950913,0.15853994,0.1117268,0.34348089,0.03335332,0.012873556,0.049940977,0.02308013,0.15275644,0.13519579,0.0640638,0.0904562,0.0076646684,0.14080551,0.034695372,0.23603915,0.08465704,0.041206013,0.17425627,0.010437446,0.21382956,0.18441916,0.027150283,0.011008581,0.026369382,0.022442805,0.05602273,0.13013837,0.030089827,0.024492003,0.39717975,0.025426999,0.017843137,0.07095153,0.025658568,0.0993622,0.008718094,0.1523821,0.028477104,0.06714372,0.060645297,0.34893677,0.14286962,0.002577175,0.20515665,0.18198709,0.09456658,0.025467725,0.013125888,0.035991564,0.14736083,0.052470863,0.12459276,0.011102509,0.03694598,0.10654382,0.030314758,0.039028082,0.016287996,0.032155838,0.12763852,0.024664609,0.045507845,0.11699034,0.01181842,0.07491757,0.2458285,0.1775262,0.04765026,0.42126766,0.093308695,0.020677287,0.07269756,0.01182008,0.027448565,0.15644583,0.041603677,0.058077466,0.25720575,0.16379283,0.03621882,0.07326421,0.08162895,0.27193758,0.022773765,0.118017,0.5768012,0.16424865,0.12188474,0.11565206,0.03011055,0.024237901,0.044349305,0.05338719,0.020711532,0.012896754,0.06759882,0.64426565,0.011333987,0.08247045,0.007524214,0.08686617,0.008193497,0.011123155,0.13641284,0.18301114
BC2026_Train_0008_S09_20250831_000000_45,0.00012981342,0.015165642,0.0004241398,0.07508367,4.4318757e-08,0.025277503,0.00083323417,0.0015547031,0.0010103657,0.00096682477,0.10013612,0.0005299302,0.00016345555,1.7139849e-08,8.2919235e-07,0.0133864265,6.342724e-05,4.650377e-05,0.01667087,0.0009909571,0.00208204,5.7755675e-05,0.0029548514,0.0004924618,0.013687559,6.6207717e-06,0.012221919,0.0124354735,0.0035446659,0.13115454,0.013391917,0.0010307531,0.023719965,0.017070489,0.0007344081,0.004540325,0.038678933,0.0021103171,0.0020504673,0.025519572,0.027072381,0.0028583682,0.024108855,0.0023480444,0.0020008732,0.0020008732,0.017850397,0.0011957735,0.00085967686,0.0012340689,0.0059056757,0.0063789007,0.0063789007,0.008043994,0.24090017,1.10315774e-07,0.24842156,0.0002930721,2.0964399e-05,0.0017068738,0.0050730812,0.00010259275,0.0069701443,0.009900628,0.0026708953,0.0004360245,0.0051286393,4.055345e-05,0.00083351927,0.028731398,0.0016905522,0.00033613807,0.054923024,0.033444062,0.09295108,0.19658475,0.07702268,0.20065793,0.08635418,0.022501469,0.039345544,0.04109999,0.038919017,0.00421648,0.024749335,0.11850882,0.014835598,0.052649233,0.13572183,0.027731651,0.20198663,0.04066564,0.013761232,0.10880436,0.027960742,0.16407582,0.020431139,0.5479623,0.11349777,0.1125026,0.2035941,0.01223645,0.11987075,0.53932124,0.28119752,0.058272183,0.093282245,0.026647585,0.15338017,0.062059786,0.040450003,0.15607949,0.00956366,0.12071813,0.025775807,0.1920835,0.010664972,0.10322242,0.03609798,0.13446581,0.025655577,0.18195261,0.3370366,0.47864002,0.04026793,0.04189359,0.094112076,0.020409955,0.057574004,0.4170272,0.09809409,0.45347086,0.031430773,0.017606992,0.031244026,0.016922405,0.21877506,0.20742932,0.13353433,0.0668474,0.0108775,0.23903856,0.040715627,0.27013883,0.089245446,0.02863329,0.18485078,0.011011515,0.22875175,0.26551148,0.04494459,0.009366544,0.05396086,0.02170962,0.09312745,0.5266578,0.028887738,0.08472795,0.31654075,0.025940217,0.019890856,0.06265638,0.033031147,0.08469942,0.013383426,0.21033868,0.053617973,0.03697006,0.10263288,0.32165068,0.18374483,0.003026409,0.5166813,0.15748607,0.057320375,0.044795655,0.017612414,0.04893399,0.28584725,0.058903605,0.11992586,0.012315483,0.055995412,0.16429137,0.059961893,0.031947166,0.022061903,0.025402967,0.11504633,0.037219115,0.056927934,0.10269125,0.012166353,0.09228084,0.66311127,0.2899681,0.14060804,0.29705173,0.25559938,0.057148475,0.07177762,0.015984382,0.0876598,0.22879258,0.03891738,0.06099108,0.139233,0.10498892,0.049195714,0.066430524,0.06728493,0.3789899,0.014501901,0.18239364,0.61193764,0.21982159,0.14164439,0.6249702,0.039814178,0.040042803,0.053811572,0.044783052,0.026291722,0.014998011,0.0606407,0.6352776,0.012561588,0.121716544,0.012074796,0.07300388,0.007755674,0.009727408,0.1777484,0.32534134
BC2026_Train_0008_S09_20250831_000000_50,0.00010655808,0.016251016,0.0005266877,0.04816657,3.78331e-08,0.040495593,0.00084838225,0.0016422746,0.0018922385,0.0011405076,0.1024174,0.00065721147,0.00012349735,1.5150507e-08,7.1747877e-07,0.030429967,6.431333e-05,3.865206e-05,0.022225829,0.001213652,0.0019450419,6.142656e-05,0.0028660633,0.00056161766,0.015298143,5.8629766e-06,0.019299608,0.013455322,0.0046929475,0.20146781,0.011457433,0.001344994,0.022298789,0.017214911,0.0006879193,0.0052032196,0.032524664,0.0020224662,0.0019576666,0.030013362,0.024759928,0.0026261257,0.02654556,0.0029456418,0.002111198,0.002111198,0.01906157,0.0012726221,0.000979537,0.0013547419,0.006446681,0.00686872,0.00686872,0.007994909,0.17174585,8.7298226e-08,0.24162179,0.0009243562,1.5420574e-05,0.0020103438,0.014207344,7.1100025e-05,0.009276176,0.009386044,0.0029520914,0.00060132757,0.0044507384,4.4046355e-05,0.00060513365,0.04657973,0.0016014891,0.0003768859,0.051546626,0.084902614,0.066980645,0.23506385,0.053411268,0.16349426,0.054380294,0.031204592,0.04064472,0.032838795,0.03662494,0.004233596,0.037599303,0.056364037,0.011736869,0.05397572,0.06934299,0.02189253,0.21447775,0.027877087,0.0229637,0.07313735,0.023941385,0.1910337,0.024597315,0.44853035,0.0901211,0.08184307,0.11614618,0.009894108,0.12061072,0.5231772,0.2201347,0.047138773,0.028085578,0.010319989,0.11268693,0.07163678,0.039644677,0.14579353,0.0043683015,0.06850839,0.019698517,0.12005521,0.01281904,0.058399986,0.02900453,0.082336985,0.037557114,0.123028755,0.1304381,0.4431978,0.029815089,0.02800046,0.11971162,0.020658195,0.047164664,0.40148145,0.07984249,0.371907,0.025770929,0.01704326,0.04283291,0.012601898,0.1619992,0.12553686,0.14161281,0.10898895,0.018781204,0.11602444,0.050603114,0.15943992,0.20571725,0.024211824,0.15017274,0.01052575,0.18921761,0.28479606,0.026022457,0.009445082,0.043804776,0.016532024,0.06762421,0.1055367,0.035760213,0.018511234,0.53122514,0.019725297,0.029004613,0.057419766,0.05125592,0.06999212,0.012306074,0.17537756,0.022772225,0.04091057,0.070053354,0.3392653,0.17284119,0.002375007,0.09282227,0.18482584,0.044032454,0.023338057,0.01339012,0.042785242,0.13255353,0.03670947,0.12183753,0.009023291,0.036484353,0.101114355,0.08567912,0.06634878,0.011722341,0.022639262,0.108209975,0.026668426,0.062258624,0.07495834,0.023391739,0.1002516,0.3237408,0.13501492,0.07526578,0.15822665,0.32624736,0.030885989,0.038925294,0.017015655,0.014827467,0.25184488,0.055365153,0.056603856,0.21578468,0.16443737,0.031016449,0.07424997,0.051804617,0.3571179,0.013978495,0.10596715,0.66376686,0.16565315,0.079409905,0.6980771,0.024572412,0.030223344,0.034005202,0.03721439,0.01747149,0.0086087985,0.15581448,0.5870299,0.010320402,0.18901171,0.007927438,0.043661408,0.013426902,0.016314605,0.1573849,0.12842198
BC2026_Train_0008_S09_20250831_000000_55,0.00011713609,0.014582835,0.00034111054,0.044566188,3.5534708e-08,0.023258474,0.001498241,0.0023835087,0.0015186191,0.0013968976,0.12925829,0.00045305488,0.00016280479,1.800996e-08,5.5254463e-07,0.014789813,5.9282327e-05,4.1841515e-05,0.042168614,0.0008003555,0.0015142858,4.7373345e-05,0.0026471561,0.0005207375,0.009961402,5.6035956e-06,0.018743318,0.01739033,0.0037702308,0.16056782,0.017345155,0.0011061261,0.026882859,0.021535955,0.00074208394,0.004660647,0.037042778,0.001724283,0.0024040327,0.029320212,0.039222255,0.0034937777,0.029859962,0.002567181,0.0013903065,0.0013903065,0.016741145,0.0010764968,0.0008171862,0.0011733891,0.006342377,0.0068311216,0.0068311216,0.011934622,0.1643193,9.5563315e-08,0.24579678,0.00039799968,1.9533269e-05,0.0013371846,0.007557162,9.1239934e-05,0.006644793,0.0073847403,0.0023465045,0.00056993344,0.004439027,3.4607347e-05,0.00044117938,0.027403813,0.001616992,0.00036443386,0.03878017,0.02924455,0.081617326,0.12263705,0.053557295,0.1334796,0.09355719,0.028876694,0.028812934,0.030957492,0.028593201,0.0036462867,0.024560405,0.119071044,0.01665966,0.068919316,0.09013406,0.022794796,0.49714902,0.025037507,0.022179889,0.045694157,0.028994692,0.14290789,0.02352685,0.5605364,0.081313476,0.052536417,0.12147402,0.01035143,0.15445618,0.5960285,0.46345717,0.03705362,0.036942653,0.0073141064,0.09814587,0.07793154,0.045661002,0.16625248,0.0061042598,0.15025054,0.018456355,0.18102713,0.013311807,0.029777449,0.027349237,0.06807006,0.026869183,0.16089343,0.110162385,0.41746527,0.035194676,0.056716736,0.08233186,0.028627487,0.053905282,0.14930648,0.031724576,0.34266713,0.04528333,0.013304971,0.052080154,0.021499105,0.096558765,0.13581072,0.04194095,0.12161625,0.0105282385,0.13663234,0.03346494,0.21830088,0.08592872,0.062320687,0.23615842,0.008552204,0.1761684,0.18714258,0.022477964,0.010832174,0.03229192,0.019634955,0.05508,0.14768723,0.03982327,0.025666637,0.3491241,0.01982363,0.026684422,0.07416536,0.024371998,0.10260578,0.009490493,0.11841961,0.021565352,0.03336802,0.08900035,0.38134176,0.1463232,0.002344343,0.13307017,0.20517153,0.109082885,0.0627164,0.011549224,0.049541574,0.15285511,0.033929028,0.1250804,0.011090269,0.032886907,0.11978217,0.030601727,0.04252183,0.01214358,0.032317918,0.13849054,0.04004877,0.048327148,0.0758917,0.011850246,0.07215851,0.21497717,0.14530697,0.030766806,0.50780517,0.086568,0.02277595,0.10538092,0.010444521,0.0133784,0.22130638,0.031583313,0.07304786,0.14670894,0.21351656,0.044468507,0.060474087,0.08211725,0.27923146,0.020234684,0.10800578,0.6302872,0.18010963,0.1115298,0.14751795,0.03388938,0.023397647,0.039682414,0.048198123,0.01606211,0.012282754,0.0426159,0.5950133,0.013639641,0.076639965,0.0067881225,0.06278351,0.012297016,0.008604967,0.1461099,0.1368639
BC2026_Train_0008_S09_20250831_000000_60,0.00012489037,0.015212627,0.00039323387,0.043062057,4.584565e-08,0.029997524,0.00076406327,0.0019464443,0.0020070819,0.0011227743,0.09868864,0.00039095074,0.00015013672,1.7420934e-08,6.307232e-07,0.016315587,6.573618e-05,4.506887e-05,0.019620132,0.0007722145,0.0029056198,6.0224163e-05,0.0033029367,0.00051655504,0.014356409,6.51398e-06,0.03223033,0.013081686,0.0036324726,0.18740627,0.013055408,0.0010452013,0.02272778,0.019255513,0.00074850617,0.0043794513,0.035775915,0.0020938497,0.0019068893,0.027054092,0.030007524,0.002886846,0.02681547,0.0023846456,0.0017601966,0.0017601966,0.018274426,0.0011409362,0.00087751134,0.0012795145,0.006037552,0.0065142787,0.0065142787,0.008939825,0.20534486,1.16624186e-07,0.24675824,0.000286158,2.3697517e-05,0.0013298279,0.0046224063,9.009025e-05,0.007512279,0.01198917,0.0023446248,0.00054570026,0.0052375947,4.330766e-05,0.00061035895,0.027969,0.0016348623,0.0003143868,0.046287585,0.022991657,0.062718056,0.18255408,0.064912826,0.18700077,0.069635876,0.023904657,0.032066092,0.027471751,0.029325813,0.0052649085,0.02274906,0.118394285,0.012954661,0.08435721,0.12060134,0.022361726,0.40169227,0.024845168,0.016344534,0.04600055,0.020867564,0.17812777,0.033969387,0.5236892,0.083696455,0.088098906,0.117323376,0.018666517,0.18301311,0.5128287,0.42578724,0.042252827,0.028825823,0.008670076,0.13112512,0.082310885,0.06651865,0.13365036,0.005385221,0.124157354,0.026175007,0.17748678,0.010919031,0.029935721,0.032466296,0.07322231,0.017154433,0.16311136,0.110763125,0.49034277,0.031229265,0.03658487,0.08784932,0.021798009,0.046587557,0.10153585,0.08576841,0.49492243,0.02855522,0.015756909,0.07371763,0.024918118,0.07958332,0.14182894,0.05515184,0.10191533,0.00967168,0.12095277,0.044020932,0.19428475,0.10754612,0.045183927,0.161365,0.008973546,0.16398887,0.23114836,0.030285405,0.010285323,0.04521249,0.020083148,0.06753685,0.110964596,0.028550128,0.017741123,0.31911707,0.027993957,0.018338043,0.09624951,0.034438796,0.098560415,0.010194967,0.18352327,0.020681018,0.03357899,0.06302024,0.26036906,0.24550888,0.0026452811,0.123959675,0.19766887,0.09942451,0.020867698,0.01018465,0.09099524,0.16012084,0.028543446,0.13441826,0.009909064,0.035501875,0.18760422,0.04177999,0.062390834,0.020644015,0.035308283,0.13476914,0.024671908,0.05460665,0.09509085,0.01130254,0.08253369,0.31108835,0.22298963,0.07495033,0.2221044,0.10393712,0.031294543,0.065714054,0.010948166,0.018461684,0.15057953,0.03363529,0.07485673,0.17127773,0.19208114,0.026497193,0.07370437,0.06496028,0.30061358,0.02422469,0.10685314,0.6435256,0.18396229,0.12757395,0.1003609,0.036628846,0.03032403,0.034850106,0.040244654,0.018293252,0.012472198,0.037512988,0.6147016,0.011438237,0.06731046,0.01113397,0.06883448,0.0067742537,0.011766847,0.12184435,0.15315153
BC2026_Train_0009_S09_20250828_000000_5,0.00067768677,0.01609967,0.00034238808,0.0927132,5.980711e-08,0.062325317,0.0017362697,0.004065492,0.0016130822,0.0019350643,0.5783459,0.0004372916,0.00027963618,1.1395143e-08,4.800684e-07,0.029525079,6.783702e-05,3.7502934e-05,0.01657163,0.0018107876,0.0142964255,7.571028e-05,0.0064222664,0.0014812705,0.041233163,6.334137e-06,0.034606844,0.03692612,0.005455587,0.14889216,0.012000047,0.0015833278,0.042917863,0.016529365,0.0006680193,0.00415551,0.053152997,0.002447275,0.0023132202,0.029248161,0.03618007,0.002453609,0.033807017,0.0036864001,0.0017678929,0.0017678929,0.024455309,0.0016471656,0.0013941843,0.0019250612,0.0068613943,0.00741281,0.00741281,0.010207598,0.30216,9.991001e-08,0.22528961,9.2048496e-05,2.3477027e-05,0.0018827501,0.042341255,7.782965e-05,0.0061549786,0.04860662,0.0034115734,0.0013639956,0.011089148,5.6016765e-05,0.0011540256,0.01322676,0.0013549394,0.00012453191,0.057667453,0.09648702,0.08110436,0.09913901,0.046390336,0.3401897,0.23408702,0.16260743,0.030024413,0.012783222,0.07834434,0.013148728,0.019621525,0.10215542,0.08659756,0.106443785,0.22409563,0.022785382,0.10434695,0.1308656,0.123640224,0.20822804,0.048004676,0.24553367,0.02681984,0.8662147,0.14871801,0.07500186,0.14754611,0.045361523,0.24709605,0.72426105,0.6410991,0.1384245,0.018640311,0.0060068937,0.20731229,0.10385216,0.03436054,0.45579225,0.022097483,0.13996841,0.0129706245,0.2510382,0.02303157,0.34437546,0.023943927,0.31286022,0.0819305,0.32695287,0.15473792,0.90456116,0.052120265,0.09857612,0.10826145,0.022222843,0.027765136,0.722346,0.05212814,0.27112487,0.060110528,0.10437446,0.07115369,0.0091748,0.49107403,0.24150404,0.3529016,0.16321987,0.030470267,0.19859134,0.043620296,0.081169926,0.19687161,0.031151509,0.30632776,0.086603515,0.52941877,0.18495348,0.05111412,0.104127854,0.054201767,0.022718549,0.054566927,0.09067987,0.0699702,0.0107715875,0.5226594,0.2554144,0.053134967,0.040002614,0.12456052,0.07522405,0.04227085,0.36670172,0.10852229,0.070472114,0.055561323,0.7047393,0.4534261,0.018803587,0.02778438,0.13082993,0.51063895,0.047938254,0.09130132,0.04043612,0.11050342,0.095764175,0.5016229,0.028161589,0.07645917,0.10085618,0.04873217,0.06076935,0.007916104,0.124441884,0.062203158,0.20857637,0.058373332,0.28718403,0.041736554,0.16186354,0.31563103,0.16600303,0.12782755,0.18264799,0.38128686,0.06805318,0.041760225,0.013779581,0.013268479,0.35190237,0.18182883,0.1490741,0.18161605,0.20552425,0.012556022,0.17450562,0.07501195,0.44689232,0.04473986,0.12717147,0.6882266,0.5479917,0.081387214,0.37990817,0.12461563,0.02320403,0.017639562,0.013092444,0.047717463,0.031640306,0.19460127,0.82326937,0.03158439,0.3885512,0.006402895,0.11519954,0.02346156,0.09158726,0.059311297,0.18546323
BC2026_Train_0009_S09_20250828_000000_10,0.0007140817,0.0191383,0.00032675246,0.024818217,3.9586038e-08,0.05418503,0.0012695962,0.021788996,0.001569322,0.0019407566,0.5805317,0.00028847007,0.0004552216,1.4222917e-08,4.625006e-07,0.015887877,4.5299887e-05,3.96561e-05,0.031960484,0.0016153264,0.0037634033,6.178181e-05,0.013626772,0.00052584446,0.0333859,6.907812e-06,0.036294382,0.05425454,0.006078336,0.13421978,0.01588975,0.0014091397,0.041470397,0.02497141,0.00074689504,0.005089737,0.05386565,0.0016238345,0.0022071276,0.04551408,0.037882645,0.0020689503,0.043496884,0.003312201,0.0011568295,0.0011568295,0.02219761,0.0013255022,0.0010851107,0.001469301,0.008198546,0.009190852,0.009190852,0.010867222,0.40738422,1.0521094e-07,0.23119277,9.265373e-05,2.7035694e-05,0.0015878136,0.019531425,6.4313426e-05,0.0055550938,0.011862615,0.0015122939,0.0013596585,0.00672043,5.176055e-05,0.00048820474,0.011484226,0.0013933743,0.00014708568,0.045718566,0.062446043,0.121259816,0.074468404,0.050189868,0.46648657,0.09041873,0.092739105,0.038690057,0.010940546,0.13685668,0.0060474016,0.02275896,0.17256741,0.08029154,0.28779408,0.16494152,0.033534758,0.10941145,0.0970551,0.027646948,0.1328759,0.026697475,0.08850819,0.08089239,0.76226294,0.07496075,0.18196705,0.1406073,0.014221546,0.3752265,0.6687149,0.5909459,0.060139306,0.023695974,0.005157088,0.48135692,0.24541748,0.049249623,0.57330304,0.020902814,0.18002737,0.017125724,0.37747654,0.043533355,0.118037954,0.021525359,0.43247664,0.12367551,0.36891255,0.33416894,0.90515167,0.07670566,0.17973413,0.17835627,0.03129282,0.04995471,0.30391902,0.046679914,0.22398959,0.034692355,0.17372839,0.11715664,0.008602469,0.3307886,0.27071714,0.18063204,0.17263517,0.016839437,0.14525227,0.09274038,0.13090098,0.08633326,0.029260995,0.3097436,0.07635602,0.51170385,0.21052592,0.046498884,0.11903131,0.09628201,0.062424693,0.0626529,0.58277655,0.04572274,0.02246157,0.38314423,0.067021966,0.047134623,0.0766133,0.053151958,0.143128,0.06024243,0.19114845,0.08608591,0.07714304,0.07710628,0.65868527,0.5385984,0.024845347,0.06490317,0.12866165,0.28964302,0.06884285,0.0639513,0.05160744,0.29403082,0.101352155,0.47673035,0.020461697,0.07316652,0.15177314,0.03530044,0.050157458,0.006807897,0.22884062,0.04808066,0.28839526,0.07383561,0.64995944,0.10391814,0.2729792,0.6450207,0.23512514,0.19547145,0.47757518,0.135791,0.039394967,0.07022185,0.018998753,0.014950764,0.29761335,0.20020361,0.3048054,0.12379644,0.23667249,0.01594199,0.08600434,0.13809818,0.4673105,0.026637878,0.13134567,0.73303103,0.6060008,0.12211228,0.116039604,0.18471834,0.029366942,0.02434372,0.01311708,0.060874496,0.071635544,0.06542282,0.8022944,0.030895336,0.18710357,0.0073770545,0.24714997,0.014982307,0.045386545,0.09816608,0.16326196
BC2026_Train_0009_S09_20250828_000000_15,0.0006059066,0.020591663,0.00033447292,0.016490264,4.0347803e-08,0.034877855,0.0019361499,0.007480111,0.0019526614,0.0023879327,0.7006071,0.0003557663,0.00034900015,1.30961375e-08,6.112152e-07,0.009983279,5.2475454e-05,4.226673e-05,0.015944539,0.0013076699,0.0035689187,3.506107e-05,0.0034759187,0.0009845798,0.048378866,6.715231e-06,0.03619607,0.035662513,0.007147473,0.09672543,0.021702858,0.0018444597,0.05987529,0.030938173,0.0007434402,0.0052764458,0.08635764,0.0034785536,0.0043745763,0.03133343,0.06501369,0.004246714,0.05101768,0.0044876505,0.0020902352,0.0020902352,0.03397093,0.0023809373,0.0019168775,0.0024972516,0.0097019905,0.010601527,0.010601527,0.01933458,0.20852576,1.2123427e-07,0.23169047,7.054252e-05,4.555724e-05,0.0014483838,0.025063964,6.586523e-05,0.004189819,0.011743843,0.0013214921,0.00310657,0.010246197,5.0352628e-05,0.0004914871,0.01071269,0.0014226023,0.00013753466,0.05551369,0.046520784,0.09302356,0.05701322,0.07400868,0.40053567,0.12672977,0.10129752,0.021508163,0.01418181,0.114453174,0.0072566043,0.0236024,0.19620712,0.12382233,0.34583092,0.22548902,0.038250357,0.106102034,0.15074448,0.023898514,0.14107664,0.0427257,0.07232743,0.06150611,0.7213062,0.08006395,0.0331531,0.2601353,0.026425136,0.4888022,0.74478185,0.60425323,0.06964768,0.029534994,0.0043153446,0.2842484,0.2070457,0.06712755,0.5222827,0.028792584,0.40531963,0.021822073,0.33850375,0.046564,0.14695196,0.018458843,0.4572478,0.13319467,0.2603487,0.25656927,0.8214491,0.116031654,0.0699692,0.10541095,0.03217322,0.06603342,0.46973768,0.0442599,0.2510173,0.027250497,0.14205539,0.10798184,0.012983422,0.44081193,0.31046414,0.45532396,0.28045914,0.017081445,0.115928404,0.05148822,0.12268757,0.15813412,0.03521636,0.27775478,0.14249393,0.53008413,0.21309535,0.05075991,0.15362522,0.109713666,0.039812107,0.07559145,0.17380811,0.028992293,0.02116167,0.5612937,0.15900089,0.049913988,0.07669408,0.08828855,0.1300969,0.12800482,0.27553922,0.08726515,0.10724191,0.071232595,0.6252384,0.6162116,0.010461386,0.04410187,0.16359338,0.23855127,0.040974583,0.05012989,0.062304366,0.1572742,0.17959243,0.5072741,0.09376761,0.16378294,0.21967924,0.0282927,0.0274683,0.019818548,0.15405023,0.041482784,0.55109924,0.119958945,0.87106276,0.029810248,0.22458073,0.30513415,0.25747585,0.38947803,0.35558492,0.18323994,0.073716156,0.089780405,0.020146325,0.03768539,0.3212052,0.19088946,0.27731767,0.2288363,0.21244249,0.03526866,0.10380454,0.12376542,0.3813288,0.032222647,0.10842613,0.7424615,0.78552437,0.13343573,0.27090958,0.281681,0.012623353,0.028405923,0.02224032,0.031780917,0.066640824,0.16083075,0.78144896,0.043416154,0.19409433,0.02022797,0.22511157,0.014712716,0.03230442,0.080694266,0.20653734
BC2026_Train_0009_S09_20250828_000000_20,0.00047984679,0.020329515,0.00026611023,0.018144203,4.6963248e-08,0.03772335,0.0011557584,0.0040633893,0.0012692875,0.0010310373,0.35726604,0.0003442627,0.00022400591,1.2016705e-08,5.565585e-07,0.011661777,4.8703132e-05,3.517e-05,0.008576633,0.0012213914,0.008208582,6.0897477e-05,0.0031046912,0.0008616312,0.03677074,7.484323e-06,0.028332444,0.04058006,0.0052987016,0.09615518,0.014821024,0.0017314535,0.039030895,0.031506244,0.00070930645,0.0056981966,0.096007496,0.0036112226,0.0026167359,0.03536089,0.045977063,0.0027827215,0.05046323,0.0041197385,0.0019367767,0.0019367767,0.032312736,0.0019960902,0.0017113776,0.002274793,0.009352893,0.010440687,0.010440687,0.012965376,0.31861082,9.651543e-08,0.2324102,5.2540152e-05,2.949938e-05,0.0018928436,0.019800583,6.911208e-05,0.00469195,0.014362221,0.0018071897,0.001954947,0.006330447,4.7597347e-05,0.00045789627,0.012321978,0.0014179926,0.00014311983,0.051184744,0.12306843,0.11137754,0.073008716,0.07190831,0.42134988,0.09201716,0.058390476,0.028219566,0.009812089,0.10541336,0.0064747627,0.018692754,0.15452188,0.067147866,0.19670302,0.25612482,0.03554605,0.1430017,0.10842746,0.02979963,0.07528694,0.016870182,0.14651908,0.058728717,0.6924183,0.0999365,0.054084327,0.2493921,0.017008968,0.5278045,0.7881418,0.7113954,0.08485858,0.030703463,0.0061804857,0.23625943,0.15077484,0.058366243,0.3037672,0.028611863,0.29817337,0.022155855,0.33261746,0.028780287,0.12961653,0.023481647,0.5657592,0.0902194,0.2695058,0.37868255,0.76052403,0.093769744,0.08206003,0.13004178,0.024617532,0.045914933,0.23855634,0.02452298,0.3580458,0.03256975,0.10236667,0.110912606,0.007044469,0.513253,0.29242933,0.29347882,0.21793322,0.01849656,0.14389037,0.08543427,0.078714006,0.106540866,0.035596903,0.22169107,0.069577694,0.52222204,0.17221595,0.067252405,0.17414482,0.13262989,0.03638593,0.051044874,0.12338546,0.037569437,0.015553597,0.34034875,0.06619483,0.07235378,0.065410204,0.036099456,0.14168307,0.07187683,0.18122374,0.03519304,0.10958056,0.05869271,0.5285895,0.36421025,0.011035383,0.032536935,0.2145501,0.34547362,0.087100714,0.038875505,0.044071462,0.19305605,0.14146756,0.35238054,0.042136606,0.066863336,0.17235222,0.045674335,0.0528554,0.013607692,0.19421035,0.05192898,0.3633198,0.24400893,0.3162882,0.035533063,0.21023744,0.34645447,0.43123236,0.35105687,0.333044,0.114850104,0.03893976,0.06158934,0.0155807445,0.06018383,0.37247404,0.1935203,0.2366801,0.1328227,0.2954146,0.049034715,0.10170784,0.13682815,0.43189514,0.024591235,0.14549552,0.734511,0.7475476,0.18525307,0.09161278,0.15502001,0.014447387,0.031032331,0.025072256,0.03329396,0.062583454,0.059825193,0.7828899,0.04287511,0.19662681,0.022802291,0.20988426,0.013565376,0.06123483,0.058989707,0.18230759
BC2026_Train_0009_S09_20250828_000000_25,0.0005345261,0.02149489,0.0003680725,0.03246292,4.3502602e-08,0.051400103,0.0011958365,0.004816674,0.0022926608,0.0018998656,0.77436316,0.00047052305,0.00023172522,1.4958324e-08,6.2977455e-07,0.011882629,5.473427e-05,4.095844e-05,0.009586242,0.0011272958,0.0103851175,4.5872395e-05,0.0047982973,0.0012415675,0.06947887,7.4365835e-06,0.04064925,0.045328192,0.008310582,0.10402696,0.015037665,0.0024664844,0.04937365,0.02998831,0.0007570223,0.0066569108,0.071258895,0.003667656,0.0032682877,0.04111303,0.057710536,0.0033364655,0.05570928,0.005347759,0.0023440495,0.0023440495,0.035893913,0.0025118354,0.0023243711,0.0031393063,0.010502062,0.0113526005,0.0113526005,0.01578114,0.22037154,1.1511952e-07,0.23305444,0.000101666825,3.226102e-05,0.0016653978,0.038288698,6.27907e-05,0.0052770996,0.020671185,0.0017296,0.002413747,0.0070105726,5.175699e-05,0.00052775064,0.01300868,0.0014346442,0.00013371695,0.04879173,0.061489534,0.12467921,0.074613504,0.062562965,0.29828915,0.22479187,0.2118757,0.029610429,0.019928765,0.15690894,0.019168364,0.014385605,0.083149165,0.061073273,0.4426018,0.3809854,0.027968466,0.1266001,0.13407311,0.08627041,0.1339221,0.04857765,0.09020572,0.06994131,0.8071954,0.0729114,0.034970894,0.19302255,0.05722865,0.43541452,0.7671125,0.7057214,0.09496537,0.026454344,0.005072461,0.27441058,0.111547485,0.05272826,0.5798248,0.027876694,0.19085565,0.017384475,0.30968165,0.043963436,0.21187912,0.018340271,0.42721888,0.08278723,0.213123,0.21690704,0.6941265,0.1343015,0.07246979,0.12409853,0.023167595,0.07659403,0.63851637,0.030415053,0.31520012,0.054559346,0.104633965,0.23327553,0.010996626,0.28880754,0.31939498,0.46845686,0.23952162,0.034471907,0.1847351,0.060090713,0.068361096,0.16876654,0.026050266,0.25297302,0.10993034,0.6040377,0.24854143,0.04739079,0.09897217,0.09890297,0.043866094,0.068994515,0.091228776,0.05615172,0.013568785,0.60976946,0.1896726,0.074906304,0.065006025,0.16122139,0.2038843,0.08348384,0.33076334,0.058963574,0.12992397,0.051062934,0.6245559,0.5316014,0.018879417,0.037767973,0.15991183,0.26476532,0.051890403,0.040162735,0.051813602,0.2559018,0.15155193,0.49010152,0.03724709,0.06486519,0.10564212,0.024982313,0.13569339,0.01827831,0.13557473,0.048439972,0.38721386,0.12258065,0.95349294,0.056909725,0.22152096,0.2190656,0.19719416,0.3656126,0.2865625,0.504935,0.04347961,0.07061054,0.029329496,0.021448422,0.35895017,0.17961259,0.24730894,0.20492516,0.27964333,0.042843103,0.16997054,0.09816132,0.520596,0.040114973,0.14813292,0.825413,0.8774555,0.14327285,0.37526476,0.29811385,0.018059347,0.014306645,0.018948527,0.035607558,0.13331209,0.15040477,0.754809,0.050458845,0.40271923,0.012821477,0.15353206,0.047520097,0.04305295,0.065088816,0.20974986
BC2026_Train_0009_S09_20250828_000000_30,0.00064762734,0.015927367,0.00030474726,0.02575983,4.1173706e-08,0.118311256,0.0015399228,0.006308191,0.0012661399,0.0011849602,0.5124097,0.00042815332,0.00021441437,1.2097967e-08,5.0691193e-07,0.0144553995,5.251403e-05,4.0618776e-05,0.022901539,0.0010766406,0.0044977795,3.8764512e-05,0.0054157227,0.00041547528,0.031834543,7.1631084e-06,0.021139883,0.063472845,0.005364687,0.143897,0.012948807,0.0012582098,0.054152906,0.015514897,0.0006982178,0.0033357725,0.059792332,0.002027179,0.0023087221,0.031561885,0.034796096,0.0023395843,0.027200282,0.0029546127,0.0011011178,0.0011011178,0.019911682,0.0013702005,0.0010892891,0.0013891602,0.005816865,0.0062567843,0.0062567843,0.01006772,0.21541475,1.3733091e-07,0.22846371,6.667287e-05,2.9017338e-05,0.0013912313,0.017320987,7.7729936e-05,0.0036078345,0.01238834,0.0020535265,0.0015126755,0.0092677,5.667336e-05,0.0006873503,0.01407002,0.0013811581,0.00012525264,0.047781195,0.06631373,0.076450825,0.10077319,0.0594141,0.46916953,0.20475256,0.30654106,0.025841199,0.00955658,0.075087644,0.021373529,0.014455739,0.10079568,0.10766312,0.13158068,0.27850842,0.030556716,0.10547947,0.16513674,0.10281996,0.1221938,0.033221368,0.1197443,0.035422195,0.8911202,0.14977333,0.049533118,0.1819899,0.026138788,0.29383585,0.5977083,0.6653623,0.16154167,0.027142616,0.006091006,0.21117963,0.14422354,0.049364023,0.52108294,0.026536882,0.1835355,0.017550996,0.45242292,0.044702835,0.32781512,0.024330357,0.29890656,0.08215808,0.34634614,0.2209174,0.7971059,0.12643175,0.05674579,0.2145416,0.03843998,0.04126944,0.665533,0.059980687,0.2667877,0.055239823,0.060285825,0.09760217,0.0074326335,0.37340564,0.28557062,0.40844148,0.1512826,0.034804,0.17781629,0.040121958,0.061171133,0.11773342,0.06986185,0.17257844,0.13840091,0.47657984,0.18588978,0.034407213,0.1374553,0.059790142,0.033580847,0.0853692,0.20250964,0.059593797,0.013512834,0.625193,0.24547121,0.047987442,0.06882533,0.16354099,0.13398717,0.12228961,0.34276384,0.0793265,0.058070626,0.06529628,0.5453488,0.5716794,0.019882819,0.036913984,0.15760197,0.21333855,0.035494223,0.029940799,0.043785084,0.094657905,0.1275002,0.36425963,0.018595427,0.06905686,0.08793721,0.067467295,0.08490022,0.00938105,0.25940078,0.052057996,0.39361885,0.07611232,0.3388178,0.044644117,0.22764008,0.2883389,0.14958282,0.1362446,0.35310265,0.39173752,0.09925001,0.08322082,0.013977478,0.015894467,0.34277797,0.22392808,0.3330148,0.15321526,0.19425361,0.016307397,0.16007908,0.16662939,0.38679662,0.041900083,0.14964157,0.85900164,0.7021477,0.096540436,0.5069737,0.14628619,0.030027304,0.016599657,0.01726186,0.03330199,0.031546,0.15861826,0.8266287,0.07776327,0.26296088,0.01253036,0.1589673,0.03052779,0.039553273,0.06112481,0.20655197
BC2026_Train_0009_S09_20250828_000000_35,0.0005056835,0.017932434,0.0003344201,0.020548495,5.8235514e-08,0.03615493,0.0017104759,0.013272002,0.0017191337,0.0011550339,0.6094753,0.00047747497,0.00023571082,1.2526511e-08,4.187748e-07,0.022529872,7.777012e-05,3.6462654e-05,0.016679231,0.0016029264,0.0046080723,6.4391024e-05,0.008249236,0.00066933647,0.0607622,8.965731e-06,0.088253625,0.043547083,0.00650126,0.12861212,0.017603485,0.0018039929,0.04075134,0.021035412,0.00072634575,0.005202274,0.089673035,0.002349434,0.0025333453,0.025493158,0.04285689,0.0027830603,0.053731672,0.0042724865,0.0015419454,0.0015419454,0.025781846,0.001847253,0.0013164781,0.0018168337,0.009886894,0.010986372,0.010986372,0.013152934,0.2628332,1.00798914e-07,0.22764775,7.157144e-05,2.4489407e-05,0.0030480316,0.026760962,5.9553466e-05,0.00521291,0.020074842,0.0019800907,0.002295151,0.007754736,5.6524168e-05,0.00050736207,0.010966119,0.0013702445,0.00015388642,0.12105323,0.039986037,0.07439479,0.050666105,0.056916576,0.41688606,0.088293225,0.08927199,0.06345468,0.01467233,0.0948535,0.01424935,0.013162963,0.17963055,0.14635052,0.12814106,0.36512822,0.090567194,0.1347726,0.12557569,0.037185542,0.06340645,0.033961814,0.0913236,0.036551237,0.71787417,0.11716828,0.13838594,0.25094151,0.025025032,0.30063322,0.6592611,0.66286,0.0707114,0.046251334,0.009841803,0.32129008,0.2641042,0.13918075,0.5444962,0.02004814,0.27894223,0.03601887,0.4160215,0.049381718,0.1011079,0.031219197,0.36393553,0.05885075,0.33648363,0.2983627,0.9080763,0.07014814,0.2577213,0.09854533,0.044780444,0.05930279,0.2880588,0.024810232,0.274487,0.027149016,0.12101381,0.17109977,0.011387847,0.4103691,0.27264082,0.13363554,0.2634394,0.02164888,0.18226816,0.048780546,0.13499331,0.07945307,0.04254278,0.326088,0.037818227,0.54249316,0.1315394,0.075192645,0.16131252,0.053326167,0.037410736,0.0639114,0.16281122,0.03412975,0.010259646,0.39664644,0.0972177,0.059659902,0.08138157,0.036523785,0.13561858,0.12181563,0.17987953,0.053619914,0.059028435,0.09756639,0.6151035,0.33290148,0.019849226,0.058050632,0.2142465,0.70204294,0.04212507,0.15696977,0.049300347,0.24175158,0.102701955,0.44375074,0.021219736,0.052395575,0.12312848,0.04489804,0.0740775,0.009411709,0.27322423,0.055438455,0.17286064,0.10744645,0.25646043,0.0549895,0.22885473,0.4208347,0.36758876,0.254945,0.41348293,0.15127736,0.03865891,0.07111337,0.01353539,0.01725023,0.2695668,0.26064909,0.25607014,0.11497716,0.28706682,0.0140848495,0.097766794,0.18673278,0.4448783,0.037959874,0.15325563,0.73684824,0.55534923,0.12069984,0.08649905,0.20500046,0.03513648,0.020756783,0.016771631,0.042566873,0.04413543,0.0711716,0.81517744,0.041257046,0.18190847,0.010416729,0.31570897,0.0127091,0.05527957,0.061105844,0.2538704
BC2026_Train_0009_S09_20250828_000000_40,0.00066093385,0.020534657,0.00034665051,0.050859027,3.973142e-08,0.040471543,0.0025199093,0.014553376,0.0022929725,0.0012640397,0.39689052,0.00029006117,0.00027812133,1.2530013e-08,4.4039254e-07,0.030185228,4.347562e-05,3.7892933e-05,0.022537753,0.00092929055,0.006295683,6.979567e-05,0.0054945117,0.0010521559,0.038757894,6.207173e-06,0.051982485,0.03851704,0.007401269,0.12512028,0.017947469,0.0023297493,0.04220985,0.028169643,0.0006863996,0.0067085926,0.074433796,0.0024893328,0.0031211604,0.038294695,0.040192597,0.003151782,0.054493453,0.0050455024,0.0020044725,0.0020044725,0.029566804,0.002363234,0.0016481847,0.00223778,0.011227487,0.012381473,0.012381473,0.012788877,0.32161438,9.926633e-08,0.22995104,0.00011705202,2.3839373e-05,0.001802114,0.05739316,6.362017e-05,0.004187041,0.022103708,0.0019405533,0.0015864955,0.008263907,5.0562332e-05,0.00042308966,0.011991523,0.0013707661,0.00015848447,0.059243508,0.08432215,0.09858934,0.08158731,0.051989734,0.23606941,0.048477672,0.05433091,0.05694084,0.010837803,0.09311923,0.008297264,0.029369352,0.12796627,0.11232512,0.21633051,0.23637615,0.021276277,0.19039823,0.12760879,0.031855203,0.10185451,0.035304826,0.14565122,0.06594417,0.68453723,0.08177479,0.12831049,0.17177184,0.039910864,0.32689375,0.68604743,0.64653677,0.10445835,0.021355994,0.0047523296,0.1730136,0.38133162,0.061354805,0.47541165,0.07159613,0.10678221,0.013849586,0.36839852,0.02230987,0.10631462,0.02483832,0.23902363,0.046708904,0.22566098,0.16321373,0.50639504,0.08384851,0.21397415,0.44196355,0.029832294,0.04242295,0.26564506,0.020987509,0.25779247,0.027689384,0.12635684,0.115699135,0.009216478,0.18376738,0.34089786,0.16523406,0.21222597,0.024189308,0.12395921,0.03702131,0.107092775,0.12299134,0.048989527,0.18628389,0.034125715,0.6338998,0.51414526,0.037484083,0.8959847,0.06627052,0.033170003,0.056763764,0.2406025,0.033210322,0.008859708,0.32056323,0.074348174,0.0714387,0.07458993,0.043385793,0.14723597,0.050185036,0.19853081,0.03857674,0.08487489,0.049123123,0.71931654,0.21747072,0.018433869,0.032030962,0.15930818,0.7923984,0.061929245,0.026806375,0.053985633,0.29190558,0.11862937,0.6319413,0.023106126,0.061507285,0.061861075,0.0229454,0.09004192,0.00480665,0.54559726,0.06496965,0.33519796,0.10262735,0.27218455,0.02880853,0.17831904,0.53193766,0.34620374,0.14187804,0.36749822,0.55120283,0.028545382,0.07974488,0.010753311,0.02258064,0.40482444,0.49658078,0.14008677,0.10066823,0.24439308,0.03339014,0.1465266,0.11642539,0.45073044,0.02643241,0.120979585,0.75972307,0.6028511,0.06844343,0.1235727,0.729947,0.011376587,0.019671252,0.01899997,0.07592983,0.058108643,0.045114703,0.7343582,0.03699916,0.17004895,0.008660888,0.12849723,0.014390757,0.17586812,0.09161962,0.21273875
BC2026_Train_0009_S09_20250828_000000_45,0.0003706461,0.014389988,0.00037530923,0.019758929,4.3869253e-08,0.039734438,0.0011945558,0.023026507,0.0011985302,0.0020860073,0.39897308,0.00049354794,0.00028288775,1.319242e-08,4.5600305e-07,0.013542086,4.960377e-05,4.1919546e-05,0.015701713,0.0013025743,0.003844163,6.0180344e-05,0.0067392304,0.00047817052,0.022363521,6.593628e-06,0.033012565,0.02482382,0.0047029434,0.077135354,0.009871439,0.0013513,0.027805006,0.018290482,0.0007004182,0.0036587878,0.042666405,0.0019425856,0.0021281564,0.025816726,0.026283244,0.0020208631,0.033672348,0.002959223,0.0013822584,0.0013822584,0.022359984,0.0015119358,0.0011533799,0.0015057009,0.0069693364,0.0077548786,0.0077548786,0.008087707,0.21506993,9.211364e-08,0.2348242,0.00011275114,3.0587136e-05,0.0013206486,0.039180186,7.870606e-05,0.003521087,0.017071767,0.0016563933,0.0015369884,0.008466028,3.667504e-05,0.00039998905,0.0120442035,0.001442191,0.00014019017,0.10009654,0.043051615,0.106069215,0.043078568,0.038416814,0.2744951,0.04916635,0.057477016,0.044115826,0.011740468,0.095572434,0.025618589,0.027469942,0.11247473,0.059268307,0.47954077,0.51309097,0.022920998,0.15492368,0.13069083,0.085155345,0.1513235,0.025051106,0.22526139,0.10931229,0.63115,0.13434118,0.06367799,0.15484457,0.025570963,0.47804245,0.5252312,0.27647102,0.05910297,0.014446051,0.0038734388,0.14802061,0.23357894,0.06804163,0.37900105,0.027551113,0.18117309,0.014178223,0.33855554,0.026455252,0.14197426,0.027625553,0.14778098,0.047839355,0.25099626,0.16064395,0.7131228,0.034222662,0.29728565,0.7108623,0.026193969,0.034978397,0.34731725,0.03966719,0.30458346,0.021796176,0.12562516,0.086311616,0.007650131,0.4776293,0.22026087,0.118126206,0.12123969,0.044854864,0.07860293,0.036649324,0.0748614,0.08235152,0.13300507,0.34927952,0.06378343,0.61517316,0.42033494,0.044693287,0.9526465,0.058069948,0.043922693,0.071356855,0.23106512,0.028272906,0.011054934,0.42883694,0.08364654,0.10151962,0.1096691,0.05190314,0.09288245,0.05400318,0.18911153,0.11003577,0.13604099,0.03696234,0.53886825,0.3741022,0.06628687,0.020728825,0.12575443,0.75604904,0.02216385,0.032971665,0.05520758,0.15916343,0.07157595,0.46573943,0.023277437,0.08149213,0.052553274,0.033369865,0.06754218,0.0055955052,0.39311174,0.08049506,0.3466085,0.059698373,0.2421239,0.0578283,0.18756649,0.32743776,0.29438803,0.086820394,0.19819362,0.69247895,0.082572624,0.08392062,0.013504763,0.013654179,0.3816829,0.53206044,0.15058802,0.094198614,0.10577895,0.027120363,0.119904675,0.09385638,0.29537344,0.022708438,0.1385641,0.55750495,0.7182476,0.1724786,0.07216744,0.46403325,0.029038047,0.013013136,0.013936269,0.114448436,0.051848568,0.07985811,0.709795,0.02860683,0.18171808,0.009348084,0.3156381,0.02349278,0.100451924,0.06692128,0.13799757
BC2026_Train_0009_S09_20250828_000000_50,0.0005805983,0.018021606,0.00044699674,0.04708429,4.1479282e-08,0.034774687,0.0013918818,0.0048167375,0.0018485187,0.0014929465,0.46499822,0.00049995055,0.00025479018,1.2898169e-08,4.3071125e-07,0.013951762,6.614548e-05,3.249725e-05,0.018270805,0.0009357253,0.013593252,0.00010637853,0.004171035,0.0012455893,0.041741263,5.770616e-06,0.024824567,0.050006546,0.0047504064,0.0836461,0.011426582,0.0015473901,0.03488222,0.019148594,0.000699995,0.0042723306,0.060266614,0.0020645522,0.0023334103,0.03060613,0.029398333,0.0022654247,0.041066367,0.003541844,0.001755652,0.001755652,0.025129436,0.0019683477,0.0013034423,0.0017063563,0.008191833,0.009046348,0.009046348,0.009598837,0.2356126,9.602137e-08,0.2289747,0.00012420841,2.3021203e-05,0.0021999367,0.035075296,5.578393e-05,0.0044543543,0.01904307,0.0023698062,0.0011740648,0.0056915125,5.4701617e-05,0.00035899522,0.0126337465,0.0013911247,0.00029662822,0.046560902,0.049108867,0.103118025,0.068641864,0.036029574,0.26669437,0.06212311,0.054319415,0.036357284,0.016092613,0.124972954,0.03449799,0.020188319,0.12549946,0.062439512,0.47308856,0.25423154,0.022151023,0.15087213,0.24250369,0.08435244,0.21514599,0.039448805,0.11340336,0.074378334,0.6638069,0.16429691,0.044746667,0.19419135,0.014332031,0.2942394,0.5981229,0.58787835,0.06810226,0.038555548,0.0051835524,0.13087228,0.15778753,0.030947026,0.4599913,0.032286864,0.18603614,0.011493491,0.34504396,0.036185298,0.1164463,0.023648247,0.18394206,0.04798981,0.43065524,0.17270282,0.60513127,0.10962497,0.18999635,0.72389024,0.027345605,0.06937044,0.2698837,0.03112567,0.29621702,0.037650324,0.06283941,0.09007678,0.009123516,0.30330294,0.21361712,0.12826334,0.13856536,0.035498507,0.17112018,0.06845667,0.059038594,0.08760838,0.06975963,0.24522753,0.037786193,0.698663,0.40889993,0.03976635,0.8553057,0.066868044,0.03373716,0.065690905,0.1691133,0.047201145,0.010940813,0.3411533,0.0558907,0.15226549,0.13808593,0.06755424,0.11315778,0.045344375,0.1142856,0.08777758,0.08063366,0.050499815,0.6394027,0.2330827,0.078621544,0.04391441,0.15553387,0.6313009,0.038064703,0.064861804,0.08020641,0.305925,0.08790597,0.38552913,0.019423764,0.07407048,0.1128889,0.02715266,0.08683246,0.008889792,0.2874461,0.0664492,0.19456849,0.08012458,0.21444984,0.08621083,0.1437163,0.22275469,0.5070621,0.16656063,0.56098455,0.7990613,0.024637302,0.06302192,0.013303587,0.032271683,0.24987282,0.59201944,0.14594465,0.173794,0.23850527,0.03670248,0.1611287,0.23641671,0.33614123,0.04344091,0.11127969,0.6454989,0.5681063,0.091810934,0.07260157,0.41734412,0.031024301,0.030784586,0.01223197,0.04001623,0.030865338,0.10888903,0.7617073,0.03178484,0.20067172,0.012436266,0.26223847,0.021080144,0.064146966,0.093351774,0.18634456
BC2026_Train_0009_S09_20250828_000000_55,0.0003776128,0.022281814,0.00029749016,0.021333797,4.4901952e-08,0.043569274,0.0010552586,0.002870272,0.0013574626,0.0009868891,0.2674502,0.0004600304,0.00015702599,1.1979152e-08,4.4936877e-07,0.014107666,4.880853e-05,3.961315e-05,0.009176523,0.0010435074,0.0034108346,4.076717e-05,0.0035636853,0.0010030238,0.040275406,7.8680805e-06,0.06416934,0.045289066,0.0069371792,0.10562986,0.018156072,0.002382966,0.04313163,0.045685507,0.0007088757,0.0086991,0.10469825,0.0035523365,0.0033636203,0.048500855,0.04602892,0.0031968644,0.053861666,0.0054363827,0.0016341957,0.0016341957,0.032448478,0.0021508026,0.0019115194,0.0022924426,0.010771855,0.011981028,0.011981028,0.014046244,0.3159523,9.4327994e-08,0.22742786,7.899018e-05,3.2749333e-05,0.0013385777,0.018568024,6.0539925e-05,0.004512711,0.010817544,0.0016173797,0.002025762,0.006096329,5.77275e-05,0.00040010826,0.008658,0.0013592764,0.00019903416,0.06828429,0.054852683,0.12447347,0.058279533,0.05800958,0.32522303,0.17048979,0.0981948,0.06439159,0.013243398,0.094654925,0.006076228,0.02065374,0.09623058,0.15691899,0.15508826,0.26421848,0.026837211,0.11864131,0.124025024,0.03240912,0.06901355,0.020549364,0.10372702,0.054067418,0.61862695,0.10554107,0.051182687,0.19905789,0.014873371,0.43756253,0.6750728,0.67958957,0.06298827,0.03379525,0.006355776,0.14732485,0.18315814,0.057747506,0.6134269,0.08589305,0.29998034,0.015564345,0.27014074,0.048464816,0.08066053,0.027877856,0.3384565,0.08933011,0.29708412,0.2467076,0.5565594,0.1452476,0.058417965,0.09726017,0.032045078,0.088132076,0.6557754,0.03789571,0.39275312,0.035511386,0.06656333,0.1067123,0.00819661,0.22595033,0.31584632,0.14768235,0.17682007,0.014717662,0.18247625,0.07492136,0.1455728,0.089500755,0.03202603,0.20060594,0.04864857,0.4323784,0.12212581,0.030994613,0.12674823,0.07193791,0.06382711,0.090147525,0.45448145,0.030382505,0.017445082,0.31535444,0.032719865,0.060913462,0.06997033,0.055047885,0.1152531,0.08305067,0.20494457,0.14516152,0.062246826,0.100533694,0.42330062,0.26005757,0.013584053,0.05846236,0.19138132,0.22538695,0.041113615,0.045133185,0.043723296,0.4680555,0.123096146,0.25331515,0.04873566,0.060591523,0.13730447,0.026913535,0.023795117,0.0059667416,0.19394031,0.06457738,0.5306764,0.09088421,0.48995477,0.025376257,0.22969817,0.42407322,0.35562256,0.1674392,0.49648333,0.22599202,0.04260697,0.07650442,0.013568854,0.01644911,0.3475419,0.2088796,0.23490787,0.120993614,0.29303378,0.039981015,0.084775254,0.12876323,0.36030027,0.028048113,0.2280818,0.7354766,0.908059,0.10730741,0.07686805,0.1681583,0.037993737,0.023779994,0.017526584,0.024524467,0.035930462,0.04169507,0.7736809,0.034662213,0.16329655,0.0077464413,0.16655038,0.015864486,0.039342284,0.080036715,0.28063655
BC2026_Train_0009_S09_20250828_000000_60,0.00029653878,0.0228616,0.0003508936,0.01537914,5.937312e-08,0.044576302,0.0028400756,0.0052639237,0.0032330279,0.0016384784,0.51070046,0.00046656444,0.00036617866,1.3434569e-08,4.968707e-07,0.006966436,6.350134e-05,4.2477946e-05,0.01281919,0.0020340125,0.0067466036,3.9388662e-05,0.0103213675,0.002022027,0.05737137,6.3940865e-06,0.053147096,0.030981874,0.009380978,0.12562409,0.021352101,0.003465091,0.060237,0.05423484,0.00073197985,0.0097943405,0.10425304,0.003882344,0.0048611113,0.050024964,0.070962444,0.004491359,0.07453134,0.0073098363,0.0026823226,0.0026823226,0.03997478,0.0031058243,0.0026362294,0.0033339183,0.013159183,0.014679709,0.014679709,0.022183051,0.18345268,1.1758356e-07,0.22980586,8.3054794e-05,2.9336743e-05,0.0011070347,0.03549555,7.654724e-05,0.006148512,0.016072577,0.0014231472,0.0038456204,0.009455609,4.2750693e-05,0.00037480536,0.008196303,0.0014013246,0.0002233218,0.12100034,0.03885665,0.19859399,0.062461615,0.062417407,0.3395106,0.040891953,0.1154609,0.024352673,0.0089743985,0.1546021,0.030876484,0.020828597,0.18005021,0.18179311,0.3439779,0.42523834,0.030516287,0.07505853,0.1235183,0.1534621,0.24880697,0.032488406,0.1581481,0.08647577,0.7492247,0.090649694,0.04430091,0.21769731,0.056530375,0.5280141,0.7049178,0.6489167,0.12302247,0.032173913,0.012089546,0.31454137,0.11021575,0.03571702,0.486577,0.028396048,0.18655567,0.017404638,0.41325298,0.077053934,0.17268151,0.032066114,0.47627127,0.074946396,0.26951042,0.18043892,0.82911456,0.0844839,0.075157225,0.0964419,0.026084607,0.06580036,0.32259282,0.018256882,0.27002352,0.0638095,0.09578462,0.1654307,0.006881733,0.36563045,0.2988388,0.14099745,0.36401883,0.027731284,0.21513782,0.0343621,0.0706847,0.15466641,0.043565203,0.2152938,0.0867989,0.65949833,0.15450744,0.0683329,0.13195314,0.058960542,0.041782014,0.059949514,0.12668246,0.03723866,0.012563529,0.29619873,0.08355898,0.07073249,0.08384061,0.13825452,0.19223274,0.03580371,0.18970478,0.033497687,0.064619556,0.060019463,0.62179565,0.5550115,0.016131118,0.045526654,0.16167824,0.23081918,0.08811135,0.05036435,0.048949137,0.1687206,0.1345127,0.43182477,0.026712798,0.044875387,0.10191259,0.020737873,0.054957036,0.0078261895,0.38167578,0.072331615,0.4708942,0.08036046,0.90238047,0.033516124,0.15087026,0.3366846,0.20371294,0.09271373,0.45849964,0.15404113,0.05105007,0.07435323,0.019824075,0.014211317,0.29743567,0.18343511,0.14273219,0.14859334,0.16291063,0.029895784,0.10936916,0.12822254,0.3849768,0.040281728,0.13022439,0.68646365,0.9306384,0.12959345,0.08409882,0.2583931,0.015192781,0.025182895,0.017555514,0.07989592,0.1624667,0.04174201,0.745387,0.055322863,0.30489296,0.012587188,0.17226546,0.06599088,0.07737963,0.067466035,0.21132578
BC2026_Train_0010_S09_20250828_000000_5,0.0004735168,0.015800996,0.00034459846,0.078902915,3.9676703e-08,0.042949878,0.0013370741,0.001127901,0.0006717381,0.005951688,0.13450332,0.00047217333,0.0001550719,1.4724636e-08,5.9929073e-07,0.005727368,0.00013696004,8.329125e-05,0.016016329,0.0031396977,0.0026632966,4.278048e-05,0.0026957346,0.0007856546,0.022750515,9.964779e-06,0.008902128,0.036586866,0.0063891867,0.20014349,0.013654154,0.001416873,0.030209322,0.02297666,0.0006675177,0.0031405727,0.055479124,0.0034899183,0.0032972104,0.030858167,0.03793778,0.0030873842,0.039252702,0.0034546754,0.0010414856,0.0010414856,0.032295123,0.0015866606,0.0019794647,0.0024493744,0.009479343,0.010287639,0.010287639,0.010173097,0.13778554,9.307407e-08,0.23346527,0.00016682307,2.86051e-05,0.002218325,0.013428705,7.865496e-05,0.005339484,0.010259151,0.0013242707,0.00069492555,0.015532798,0.000108467146,0.00051165116,0.040492523,0.0014203427,7.370925e-05,0.019036159,0.03487618,0.083988056,0.18881138,0.066468686,0.5232287,0.05638866,0.039493985,0.03859993,0.011801136,0.04828767,0.010736259,0.017811585,0.09314309,0.07922794,0.44268498,0.14682057,0.010979863,0.2000477,0.09852777,0.0063568815,0.34755927,0.055620898,0.40786037,0.0280552,0.61043626,0.5246085,0.0118323,0.08167939,0.0076421923,0.47438547,0.6274432,0.5616941,0.11571006,0.05267781,0.0037117288,0.03358953,0.090890504,0.01680683,0.5764397,0.019777965,0.20957868,0.026712522,0.52694106,0.013668615,0.10351498,0.024279842,0.1380913,0.1894125,0.46351165,0.080850355,0.40163794,0.06641823,0.039382502,0.10107747,0.039102145,0.02428929,0.567239,0.023411205,0.22483428,0.033684324,0.03366529,0.04225942,0.004857619,0.4599839,0.40667513,0.44397894,0.20728579,0.011629106,0.1376366,0.029322648,0.068636715,0.10796509,0.038394097,0.25878143,0.06319023,0.34097138,0.20275933,0.045196194,0.7302452,0.105684906,0.114885114,0.092770725,0.13901182,0.1314847,0.022465155,0.2934057,0.02948858,0.042726435,0.1121562,0.11362598,0.13195388,0.014194849,0.4713723,0.51802504,0.014152318,0.023780044,0.2976766,0.27471474,0.007919726,0.023342652,0.10121234,0.18003882,0.15509564,0.023101907,0.058752216,0.18381216,0.07812218,0.20874947,0.011691992,0.024038278,0.05877024,0.059617255,0.005058469,0.0025124745,0.0588317,0.03499512,0.42947394,0.076160036,0.090593606,0.17307192,0.21467623,0.15317534,0.15573753,0.038101092,0.10627098,0.15498717,0.18570162,0.15247805,0.016393367,0.013430597,0.45880783,0.40710282,0.21235627,0.11586328,0.14776377,0.018016791,0.26537398,0.35392147,0.3130389,0.01726393,0.16323632,0.79297745,0.84994406,0.17944917,0.054372877,0.15725861,0.029089745,0.068904035,0.037169304,0.012868679,0.01402359,0.018906299,0.6353076,0.014843441,0.060246468,0.0048731,0.0923947,0.006689378,0.020814618,0.11527331,0.15127787
BC2026_Train_0010_S09_20250828_000000_10,0.0003626776,0.018233865,0.00040909537,0.079124816,5.3092613e-08,0.038055632,0.0009519616,0.001161372,0.00056746555,0.0030835283,0.069221646,0.00053003913,0.00014612201,1.4998928e-08,5.5504773e-07,0.004422569,0.00016211036,6.783445e-05,0.016496493,0.01073991,0.002018357,4.5874567e-05,0.0027836505,0.0006541371,0.040892433,1.068272e-05,0.009704902,0.031468734,0.0064687026,0.14329526,0.010457827,0.001552024,0.029687516,0.02969602,0.000681291,0.004682029,0.056816906,0.0045029623,0.0026405472,0.04352673,0.03633836,0.0025582092,0.033949032,0.003627638,0.0011314653,0.0011314653,0.031666256,0.0013517082,0.0018269266,0.0026010792,0.007952764,0.008663509,0.008663509,0.00832386,0.16496207,9.52444e-08,0.2338743,0.00010248356,2.5510031e-05,0.00705143,0.007988527,9.819484e-05,0.0052113878,0.009912993,0.0011449356,0.00083877303,0.014580711,0.000101847974,0.0006147085,0.02815706,0.0014231018,6.80999e-05,0.024620987,0.03999755,0.1356608,0.11731918,0.064340204,0.47746226,0.057201613,0.04288601,0.1347572,0.010961444,0.046000887,0.0077537736,0.020227686,0.100689456,0.034876592,0.13221289,0.14200015,0.010965537,0.1353457,0.08355928,0.0074878572,0.3646316,0.037795685,0.14250563,0.02367662,0.611189,0.19905907,0.0171162,0.096536025,0.0045822538,0.58158034,0.6876108,0.8177431,0.070274994,0.23491457,0.003508473,0.03966555,0.046522904,0.014156087,0.73110086,0.008908375,0.15129915,0.038420524,0.35672387,0.00864604,0.14027677,0.039457846,0.20615834,0.24775335,0.42581096,0.18870646,0.5241696,0.06120392,0.020685125,0.07232517,0.028152145,0.031757325,0.69517785,0.04389238,0.25431523,0.0625317,0.02825758,0.03717303,0.0060072755,0.48613206,0.43375015,0.3928007,0.16020064,0.017275661,0.1098138,0.08589737,0.122618124,0.08687075,0.028497387,0.27537104,0.05715647,0.5026038,0.20737028,0.06576063,0.0922251,0.24319741,0.06581681,0.08718009,0.20537668,0.13972172,0.10210643,0.34383875,0.023178225,0.038168088,0.08772298,0.05183997,0.20659187,0.01743241,0.45908782,0.5085267,0.026841205,0.016876735,0.3368701,0.18231495,0.006524752,0.016475648,0.07341233,0.083865054,0.17427692,0.021207504,0.049549468,0.5023006,0.14367247,0.17545918,0.005928209,0.028546391,0.20441876,0.07914641,0.0050901277,0.00500091,0.030358877,0.046205845,0.28088537,0.11593609,0.09408569,0.083974205,0.16163121,0.27037212,0.17091145,0.1045413,0.14061439,0.2271124,0.11341099,0.07582424,0.011603838,0.03692769,0.36906046,0.116186514,0.23641309,0.1857067,0.37360734,0.014528609,0.13463883,0.14660627,0.34610185,0.011168396,0.28044373,0.72519505,0.81436217,0.23603775,0.06921165,0.0774441,0.13861217,0.14437836,0.029331384,0.011690143,0.007046424,0.043448403,0.6423804,0.02582989,0.06833629,0.0067198467,0.043942448,0.006558298,0.03335672,0.3497056,0.25146526
BC2026_Train_0010_S09_20250828_000000_15,0.0005122854,0.024281722,0.00038480465,0.048749723,4.3958284e-08,0.03270881,0.0009361981,0.0008917747,0.00075817277,0.0031937268,0.08409577,0.00039104698,0.00015383799,1.5940842e-08,5.382684e-07,0.0033404492,0.00019260673,9.129243e-05,0.0114103025,0.0039202916,0.0018832356,6.0596263e-05,0.0032985709,0.0009514935,0.073008664,9.121081e-06,0.016165528,0.025990685,0.00569999,0.17043799,0.017358854,0.00196348,0.034336545,0.0760023,0.00067831954,0.0059643663,0.06261642,0.006803468,0.0048242,0.052462462,0.0611097,0.0042337137,0.05972957,0.0047744145,0.0014870875,0.0014870875,0.047898687,0.002257928,0.0035062218,0.0041515743,0.01298361,0.014160191,0.014160191,0.015804457,0.13780977,9.501246e-08,0.2287634,0.00014640759,3.1303385e-05,0.003849294,0.016843824,7.892426e-05,0.007878931,0.011805454,0.0007984194,0.0013113738,0.014567061,0.00012147721,0.00037358125,0.03635909,0.0013710778,7.940418e-05,0.017154776,0.028040528,0.11592757,0.06956424,0.038950164,0.29943052,0.031200131,0.02944509,0.06790018,0.029175024,0.101362586,0.0071269916,0.02489108,0.07641784,0.032293063,0.14807835,0.09485327,0.015594213,0.18983616,0.05573154,0.0060286094,0.10196717,0.033453908,0.40829954,0.027989734,0.5103154,0.12137285,0.020442754,0.13173312,0.0043385956,0.64346504,0.78089345,0.8070522,0.058912404,0.048590742,0.004895309,0.05325774,0.036646552,0.016161382,0.5962756,0.007923255,0.1301507,0.103265785,0.27525985,0.010042145,0.09244516,0.021346722,0.22457063,0.19237612,0.22360288,0.13591714,0.42007226,0.10085033,0.03409038,0.12012075,0.02073253,0.020931605,0.24292055,0.042474493,0.3481574,0.030102868,0.02045303,0.058969676,0.00808044,0.39409488,0.29015234,0.25449902,0.1788482,0.010237337,0.09829103,0.07797158,0.09793655,0.16539453,0.016709385,0.16639136,0.06952398,0.26805595,0.14763235,0.29571095,0.12355813,0.061840042,0.10271657,0.069968075,0.052318055,0.06038706,0.02628968,0.2049783,0.011691631,0.040348526,0.055248015,0.027705625,0.11933432,0.018705666,0.27333835,0.21929346,0.010426553,0.026154842,0.2660529,0.22935946,0.003939455,0.015662482,0.058537263,0.10575025,0.07229836,0.019761216,0.03680439,0.15150912,0.14980058,0.16675101,0.0066081043,0.02606678,0.0896863,0.03730302,0.004897008,0.0042480375,0.024860755,0.033849046,0.81599855,0.2432478,0.11745717,0.043153636,0.24923253,0.14833722,0.10297456,0.06933643,0.13442115,0.10818255,0.062705025,0.040943597,0.03452575,0.015448555,0.1674201,0.1287094,0.26631567,0.2186695,0.2466378,0.012265236,0.1507364,0.09652011,0.30477557,0.012641413,0.140736,0.7674536,0.9775636,0.15300702,0.033798173,0.08240638,0.039236244,0.11363457,0.026691867,0.008318181,0.021712443,0.029474096,0.6273932,0.013248546,0.10928106,0.006686277,0.056307685,0.004249367,0.073892675,0.09523847,0.13493672
BC2026_Train_0010_S09_20250828_000000_20,0.00048719844,0.029568784,0.00033534467,0.17510018,5.2327714e-08,0.021404043,0.0011162824,0.0014511963,0.0009359268,0.0033032994,0.135089,0.00058227865,0.00013327677,1.3705143e-08,4.747011e-07,0.004180382,0.00016083314,6.754194e-05,0.010027727,0.0024122978,0.0016661487,7.867812e-05,0.0048131202,0.0018210267,0.03627961,7.696337e-06,0.01881895,0.028406823,0.0079247635,0.19805188,0.024666533,0.0033568407,0.042701755,0.07198233,0.00067543885,0.0080181435,0.116662435,0.007736213,0.006502235,0.05644502,0.07282111,0.005865735,0.096688785,0.0078011253,0.0017715913,0.0017715913,0.062537074,0.0034507774,0.00435155,0.0052191336,0.021417467,0.023585672,0.023585672,0.021705396,0.1940483,1.0616711e-07,0.2321003,0.00020574835,3.2277585e-05,0.0039017654,0.023557516,6.520745e-05,0.013275963,0.012289816,0.0009153106,0.0014206987,0.010860768,8.6861175e-05,0.00026119503,0.015410122,0.0014063817,7.6517405e-05,0.014429493,0.069933265,0.13010968,0.06533175,0.034887556,0.36392945,0.050893933,0.031759154,0.03179195,0.018612497,0.069855765,0.0071576317,0.02148531,0.06674711,0.048947606,0.37874827,0.10922269,0.011624376,0.19205983,0.07508028,0.005287053,0.10660593,0.027117904,0.15841356,0.03944196,0.5453635,0.52795994,0.00895735,0.13985865,0.0053763166,0.48125768,0.7436705,0.72455156,0.09207758,0.063938335,0.0052017737,0.044268206,0.06616008,0.022225209,0.64939004,0.010605975,0.37399736,0.03339311,0.51769924,0.008075718,0.08985443,0.027574679,0.18726729,0.13480458,0.2547169,0.07726784,0.39321578,0.10325705,0.049015593,0.17697527,0.022414496,0.027275566,0.34124935,0.021589972,0.21010302,0.046953153,0.047254857,0.061768837,0.0060838265,0.24317949,0.27557772,0.13796647,0.26224494,0.010176593,0.13769472,0.02400739,0.051970363,0.13238244,0.03195472,0.17615177,0.11740584,0.41810498,0.32500038,0.07581123,0.65575975,0.07294071,0.09354367,0.049328897,0.06886886,0.064617544,0.033687547,0.24270959,0.024008509,0.14059448,0.06900005,0.028939327,0.08054549,0.023071818,0.2594593,0.12996478,0.029968806,0.026881319,0.37121606,0.22090892,0.0064077973,0.016319577,0.07776336,0.16827741,0.037685804,0.009047799,0.07269849,0.12244516,0.07079979,0.10313517,0.010220746,0.025293926,0.07808826,0.03570541,0.006221863,0.0029129246,0.05585186,0.025827935,0.80945057,0.063303895,0.06157121,0.092721745,0.4576126,0.16060184,0.111304924,0.031971797,0.14829265,0.12908237,0.04625726,0.08732424,0.024383318,0.012536707,0.17944607,0.3285406,0.12034963,0.12838885,0.19379225,0.014618615,0.22403856,0.1962369,0.26976794,0.01142286,0.17488801,0.7558582,0.9579107,0.15387894,0.041184086,0.18386522,0.030135922,0.04732369,0.0962428,0.008119715,0.014028706,0.02250946,0.61469454,0.028718892,0.061089795,0.005302034,0.061259963,0.0058075027,0.026290685,0.13988316,0.13091028
BC2026_Train_0010_S09_20250828_000000_25,0.0006291971,0.022505272,0.00043054135,0.122022636,4.3184695e-08,0.026325237,0.0010203461,0.0011267572,0.0010159962,0.0050910143,0.10922752,0.0005376516,0.00019134894,1.6316568e-08,5.1619185e-07,0.003897746,0.0005902764,6.7022855e-05,0.010469045,0.003309601,0.0050059524,6.120662e-05,0.0029004943,0.0012383864,0.057904392,8.456349e-06,0.018717831,0.020038202,0.0071854265,0.16619134,0.016595334,0.0025037199,0.033644736,0.046704255,0.0006922485,0.0057991217,0.07831528,0.006315397,0.00469154,0.03886648,0.057605837,0.0041570812,0.061310556,0.005515291,0.0015539748,0.0015539748,0.043800663,0.0022009318,0.0031032732,0.0037591225,0.012704506,0.013975003,0.013975003,0.0155222,0.15301774,9.8730276e-08,0.23344333,0.00013471059,3.1696854e-05,0.004554462,0.015755903,0.00011013765,0.00730985,0.0193528,0.0010722572,0.0012484837,0.012484822,0.00012112294,0.00047973235,0.018228399,0.0014257928,9.7882774e-05,0.01968971,0.04269906,0.0990718,0.07665389,0.05804734,0.36088827,0.05930689,0.023040405,0.04188578,0.01746304,0.05893571,0.03264966,0.025706187,0.07212489,0.030324519,0.22232082,0.32203764,0.014142967,0.27551386,0.13118567,0.0080878455,0.080611944,0.035797015,0.55394083,0.03762483,0.5114938,0.15791,0.014103082,0.11734899,0.006807992,0.6278874,0.7617387,0.7630406,0.11721241,0.061816428,0.0089436425,0.047435947,0.068132035,0.03253952,0.48094517,0.017624361,0.2026282,0.08633539,0.41178823,0.012648688,0.13966528,0.026409712,0.15301947,0.18954529,0.14957114,0.13224003,0.540647,0.09249242,0.059506662,0.065202825,0.020728054,0.04203244,0.49770126,0.027213227,0.3607884,0.028547078,0.03898461,0.059506807,0.0057193525,0.43084818,0.2582627,0.11508455,0.15385523,0.028917314,0.10894996,0.07596509,0.07252306,0.15584612,0.087814905,0.16470525,0.0420089,0.25254244,0.20849943,0.13687178,0.17557813,0.12482891,0.041737627,0.08423488,0.07294256,0.052105352,0.04685039,0.24081522,0.016840968,0.06626265,0.1429751,0.028158842,0.09104852,0.024022669,0.3112725,0.16991733,0.017056443,0.032052618,0.24700959,0.22596166,0.0070364326,0.01818902,0.12867108,0.15880635,0.058386583,0.02910483,0.060827736,0.26326755,0.12625983,0.113426805,0.012548819,0.04370572,0.112497985,0.04634289,0.0101624895,0.0036441209,0.027961839,0.033523172,0.8486261,0.07290234,0.09042266,0.056350734,0.23376319,0.20831665,0.21188316,0.07078786,0.24087365,0.13643722,0.08731808,0.07548011,0.04572571,0.010472335,0.25128022,0.17591636,0.14375286,0.16029382,0.374317,0.012620013,0.10394916,0.104008384,0.30842888,0.014795815,0.19170651,0.7961965,0.90805805,0.12358087,0.04349516,0.102217466,0.040241506,0.042565737,0.047536038,0.023591267,0.015522869,0.045632046,0.58918226,0.016880548,0.08935779,0.0055670054,0.06280439,0.0080175195,0.056143086,0.1642524,0.19474213
BC2026_Train_0010_S09_20250828_000000_30,0.00043144752,0.025876537,0.00032129633,0.024893444,4.7910234e-08,0.03143085,0.00095351203,0.0009946228,0.00083774276,0.0020809302,0.09004564,0.00060136296,0.00019040718,1.593909e-08,4.6367495e-07,0.0032025704,0.00012746679,6.6335626e-05,0.012187241,0.0030116271,0.0032192506,4.2130356e-05,0.0036467756,0.0027696951,0.050042752,8.33986e-06,0.017064495,0.032024644,0.00705175,0.18101457,0.02335567,0.0024370982,0.038725425,0.080955274,0.00069124927,0.007044624,0.098876625,0.0060235984,0.005108124,0.055055223,0.06367351,0.005191993,0.074365474,0.0057861223,0.0012902057,0.0012902057,0.048332796,0.002386362,0.0031818268,0.0036876062,0.016524514,0.018084722,0.018084722,0.017727336,0.12244419,9.9302284e-08,0.23105915,0.0001403501,2.9218774e-05,0.0046560504,0.009141892,8.118051e-05,0.007829062,0.0071325228,0.0007375994,0.0012329586,0.011679528,0.00015080156,0.0002985284,0.020367999,0.0013945246,8.302892e-05,0.016733933,0.08319784,0.16399246,0.0938419,0.044691816,0.33412704,0.052813016,0.03132306,0.030504249,0.019397834,0.05227845,0.0045698355,0.017790286,0.15310009,0.07357448,0.20232128,0.1203538,0.01694888,0.15933587,0.10010318,0.006808697,0.12564155,0.022181273,0.20722707,0.035711743,0.56947714,0.13214514,0.010512227,0.12453211,0.008470676,0.6769454,0.70834863,0.70812917,0.06855149,0.07229771,0.0047237324,0.04399955,0.05721211,0.019370718,0.7819178,0.013141109,0.20305951,0.032312937,0.31578103,0.011756531,0.16867563,0.037482664,0.15610585,0.10038231,0.25874647,0.12974238,0.36656684,0.09299044,0.023233665,0.06100733,0.024908554,0.024799421,0.35911188,0.01585148,0.28178424,0.041735083,0.021132752,0.058352802,0.0072521647,0.32722253,0.5845435,0.11592885,0.17334124,0.0109021505,0.15729658,0.026760716,0.06697238,0.12609023,0.032667547,0.17511061,0.06750238,0.2912075,0.13955018,0.08550866,0.1284728,0.052070934,0.09874326,0.053091176,0.061731227,0.06367195,0.026283337,0.27613994,0.009987329,0.050317343,0.05764304,0.035655886,0.16724607,0.020252697,0.31994098,0.2933646,0.024695106,0.04102573,0.3199619,0.17658538,0.0054977485,0.021930808,0.09780914,0.107765056,0.046403702,0.012996813,0.077858075,0.19559206,0.1343241,0.14690736,0.0067540077,0.02489461,0.07196167,0.037432354,0.0069212047,0.00548963,0.052025337,0.03937144,0.74719495,0.06543438,0.0625848,0.06430941,0.23211077,0.20657091,0.15415986,0.035330538,0.30843517,0.069772944,0.06465919,0.098970175,0.019352302,0.01256006,0.34509975,0.18426096,0.20692551,0.11944473,0.2903639,0.009104185,0.15176927,0.15589076,0.36640412,0.013654323,0.1253551,0.72444206,0.9621632,0.25092372,0.02832751,0.11541231,0.034051042,0.0891249,0.048791915,0.014862432,0.016901957,0.029040845,0.63014776,0.021119135,0.06916604,0.005742254,0.04935236,0.004348941,0.030489285,0.109667495,0.24796107
BC2026_Train_0010_S09_20250828_000000_35,0.0002992406,0.038866367,0.00033038884,0.04276231,4.572233e-08,0.030325629,0.0021225929,0.0020676577,0.0009844596,0.0046955114,0.18750836,0.00041957258,0.000269361,1.726326e-08,4.6289006e-07,0.0035583733,0.00021778475,7.397477e-05,0.03193717,0.011522124,0.0025767211,0.00012238993,0.0066902232,0.0012631933,0.06040534,7.767052e-06,0.02224743,0.03232224,0.0077857445,0.16913651,0.025932897,0.0030150318,0.04737807,0.07251434,0.00068182935,0.00796722,0.10099296,0.007844018,0.006722779,0.07738953,0.07586958,0.0058303755,0.10263492,0.0069511356,0.0016052531,0.0016052531,0.072857305,0.003451321,0.004598382,0.0053754603,0.02327208,0.025419386,0.025419386,0.021302454,0.20083322,9.8525916e-08,0.23182298,0.00019990915,3.1592444e-05,0.008930021,0.03298234,8.656502e-05,0.008200885,0.011226815,0.0010679254,0.0014741016,0.029611938,0.0001697891,0.00025340196,0.021673243,0.001406587,8.212321e-05,0.011520541,0.024363322,0.16921647,0.07607821,0.04059125,0.20941749,0.09808493,0.06670981,0.037324507,0.012815221,0.05576129,0.010349047,0.029646967,0.11605354,0.042410452,0.3972064,0.11329696,0.009172878,0.2788207,0.100969054,0.005203773,0.09453483,0.05771123,0.17177427,0.05479399,0.57717526,0.28605658,0.009969518,0.12187378,0.0050999667,0.50027335,0.65848154,0.778465,0.17869903,0.04937733,0.006130128,0.034532204,0.056593988,0.017266624,0.79116166,0.008361928,0.18581122,0.02234011,0.42901653,0.014128878,0.062483236,0.024572114,0.15480995,0.4192816,0.24735846,0.105874635,0.4021062,0.15063828,0.048762612,0.22200027,0.025826937,0.021739539,0.5604827,0.015602043,0.21055742,0.055467926,0.019795172,0.074409775,0.0045115976,0.4575546,0.36182284,0.12589034,0.17817792,0.017553909,0.12415429,0.023528961,0.060275733,0.1677646,0.053664993,0.14298484,0.04596221,0.41336173,0.27452353,0.09818883,0.72828925,0.053284813,0.06921259,0.055833284,0.07408516,0.037789352,0.028566737,0.2573244,0.024339361,0.16905004,0.072826274,0.052671883,0.10251641,0.01740566,0.311983,0.34910935,0.015124841,0.019216081,0.34172952,0.24917343,0.013305611,0.021659879,0.061266165,0.11968328,0.055336088,0.010278396,0.09774602,0.142766,0.09874856,0.0966081,0.0075131925,0.016747613,0.058051836,0.040294044,0.006717635,0.0029045115,0.039617762,0.024960272,0.60170627,0.05767204,0.0844466,0.21905413,0.17828237,0.13230444,0.088489905,0.040984765,0.11936443,0.22088692,0.06280059,0.073502794,0.024777075,0.016587282,0.26409474,0.40367827,0.1706407,0.15814295,0.29530427,0.011051265,0.13907251,0.19070832,0.2926245,0.028131114,0.11227552,0.75980675,0.9466171,0.123375356,0.02287559,0.12170757,0.03550249,0.05203896,0.032993875,0.01715188,0.013722198,0.023364,0.6982804,0.028710045,0.122016706,0.0046021463,0.067321695,0.004838939,0.033416644,0.111724444,0.13508609
BC2026_Train_0010_S09_20250828_000000_40,0.00048602358,0.039181873,0.00034937772,0.0589246,4.283211e-08,0.024339141,0.0013747748,0.002394218,0.0010389276,0.0037955157,0.102915585,0.0004657015,0.00018223278,1.41510315e-08,4.947755e-07,0.0065447176,0.00015175935,6.194987e-05,0.012427886,0.0032037585,0.002862031,6.8212954e-05,0.003937208,0.002296472,0.052167237,8.054001e-06,0.026541092,0.024951823,0.011230939,0.2777863,0.02988666,0.004201821,0.050170835,0.07822907,0.00067415123,0.009507681,0.14856562,0.010692706,0.007577533,0.06601826,0.08810062,0.006572393,0.1275217,0.009745133,0.0023932094,0.0023932094,0.09008153,0.004185794,0.0057711606,0.0069277664,0.02883261,0.031372447,0.031372447,0.025517749,0.18063515,9.6622614e-08,0.23084721,0.00017640671,4.1031715e-05,0.0029930058,0.022967843,7.639737e-05,0.009922591,0.009696708,0.0013408444,0.0012306825,0.025019426,9.3269635e-05,0.00029767878,0.024885258,0.0014266204,7.4914824e-05,0.009270481,0.0782466,0.21974953,0.18536712,0.055288702,0.25339806,0.11710929,0.025914365,0.028619723,0.012692409,0.046016365,0.012548242,0.017366868,0.11713217,0.041412782,0.2670645,0.074533015,0.008895149,0.22457157,0.08839158,0.0066777617,0.15594646,0.0739241,0.3996425,0.043647185,0.53889287,0.32860598,0.017233504,0.15132286,0.0059565306,0.390153,0.80616647,0.7526007,0.27130875,0.046662465,0.0052615213,0.04682841,0.085049815,0.03942842,0.55275947,0.010712092,0.26427135,0.023351349,0.41373587,0.011900028,0.18805975,0.026720295,0.10763522,0.38159335,0.5727871,0.09310998,0.40799022,0.08556146,0.037463605,0.14465967,0.027766801,0.021394327,0.38771832,0.03867382,0.25382787,0.043141007,0.024552533,0.089794226,0.004494495,0.73236316,0.5367948,0.18206488,0.21271119,0.00927184,0.12169049,0.03300499,0.05759338,0.378326,0.044628337,0.17769374,0.10627289,0.5107877,0.3371224,0.07420259,0.57763636,0.10863099,0.104991436,0.055251162,0.100412525,0.07587145,0.028783865,0.42328572,0.01896977,0.12131247,0.08814415,0.036407694,0.11942137,0.020491613,0.3537743,0.22169806,0.02386649,0.024014583,0.31150347,0.25577202,0.00509242,0.018463725,0.112385124,0.13723059,0.14586759,0.020269804,0.05999228,0.13905652,0.11178486,0.1130541,0.0073490096,0.024880452,0.06283212,0.18829298,0.0073342407,0.0046688206,0.056644224,0.045593943,0.644226,0.095504686,0.09059442,0.14946552,0.3874395,0.12069531,0.09600866,0.039344683,0.14087442,0.15853745,0.07813584,0.08092229,0.016819112,0.019451492,0.16429526,0.25159588,0.1560899,0.29761937,0.35493612,0.014106913,0.13661411,0.21513608,0.41730267,0.012341495,0.09110216,0.811184,0.8919204,0.122533515,0.023277786,0.18941636,0.022627125,0.056669332,0.03984189,0.01927224,0.01476898,0.057430398,0.65605336,0.017135203,0.07978153,0.005062883,0.07251003,0.013816372,0.021690708,0.11084554,0.17195413
BC2026_Train_0010_S09_20250828_000000_45,0.00040312094,0.025898226,0.00029068775,0.019312833,4.502491e-08,0.025217595,0.00087942206,0.001160738,0.00075788196,0.0021593822,0.08321642,0.00044514477,0.00013305839,1.7328274e-08,4.902051e-07,0.003664792,0.00018987658,6.799766e-05,0.007400492,0.0038107228,0.0024112912,4.225126e-05,0.008740949,0.0015370304,0.043384846,9.13633e-06,0.024036063,0.032021735,0.010890649,0.22672564,0.019857073,0.0026697214,0.035268277,0.08350144,0.00071638986,0.0075670993,0.08971096,0.006127339,0.0044528334,0.055880155,0.06301807,0.0045810067,0.08408324,0.0060994565,0.0014860894,0.0014860894,0.057163488,0.0024793055,0.0032869193,0.0039873673,0.01719274,0.018983714,0.018983714,0.017053558,0.14715058,1.0169165e-07,0.23233382,9.670628e-05,2.7663693e-05,0.004495269,0.009109239,7.378023e-05,0.008304281,0.0075732344,0.00087725086,0.0013054326,0.015439041,0.00013870576,0.00032317854,0.02457492,0.0014205078,9.1062866e-05,0.017321503,0.030414794,0.14938901,0.13009778,0.048348516,0.20395966,0.054202367,0.053387724,0.029473208,0.009000482,0.066515125,0.011723111,0.015667548,0.08432022,0.028169155,0.1835485,0.10008184,0.009648587,0.16753465,0.05303869,0.0064372015,0.18080558,0.036371153,0.093818314,0.036641795,0.55327356,0.15124781,0.017402662,0.13739856,0.004845371,0.37336862,0.6785254,0.7337685,0.08602367,0.06208818,0.005927928,0.05102899,0.04803595,0.01874561,0.8184065,0.007413207,0.13333377,0.03597445,0.2537066,0.0121193575,0.06271719,0.022206638,0.12216174,0.24024785,0.20911059,0.08155272,0.35466355,0.11467679,0.022787938,0.07317428,0.04154262,0.023293922,0.41103113,0.023505758,0.21571104,0.03998069,0.029661369,0.053751443,0.0059417244,0.60220784,0.33843437,0.09271638,0.16392015,0.012022044,0.098659135,0.022602502,0.107039064,0.19280611,0.041020814,0.16355984,0.05467794,0.39204183,0.13206096,0.11211415,0.06962522,0.04404408,0.09017027,0.07892038,0.069387235,0.034079477,0.046607375,0.30202022,0.012787576,0.03919498,0.051807463,0.046485856,0.08686997,0.01773059,0.32750008,0.32142764,0.031050254,0.025565395,0.36507395,0.142663,0.0039072833,0.023106268,0.06865195,0.0998061,0.051583283,0.012171758,0.06215674,0.12223619,0.10437492,0.112136625,0.009677243,0.019840373,0.05916761,0.060955886,0.0052114264,0.0031636807,0.049802277,0.032853875,0.36267534,0.054316152,0.107119545,0.036867786,0.226795,0.14161722,0.07948686,0.039057948,0.117871664,0.08662853,0.07134387,0.061530847,0.01609394,0.01216025,0.24244845,0.16406876,0.13910767,0.19157885,0.3270544,0.014112245,0.118430875,0.116440855,0.3268442,0.009723562,0.12532106,0.77234405,0.9571943,0.08971458,0.043302763,0.07926108,0.025618255,0.041977707,0.027199252,0.017984638,0.0111224605,0.021302229,0.6807182,0.019207409,0.08198536,0.00528891,0.058641713,0.0047136173,0.04620805,0.12023562,0.09821575
BC2026_Train_0010_S09_20250828_000000_50,0.0003589534,0.025289644,0.0003539537,0.025314797,4.7639976e-08,0.021727417,0.00088359206,0.001059652,0.0008020147,0.0023814419,0.084535845,0.00058971264,0.00011890655,1.3898206e-08,4.445413e-07,0.0026467058,0.00014651389,6.239712e-05,0.0107742995,0.0033469687,0.003824536,3.878727e-05,0.004701705,0.0010040619,0.03604241,6.8607324e-06,0.014382196,0.032926492,0.0064055114,0.16635226,0.018893639,0.002373669,0.036114417,0.08381889,0.0006746625,0.007742584,0.079756066,0.0065362696,0.004724835,0.062659405,0.06187896,0.0040660426,0.06956104,0.0056892224,0.0014405668,0.0014405668,0.05053544,0.002368087,0.0032509384,0.0039351345,0.014622761,0.01609005,0.01609005,0.017069748,0.10779112,9.073352e-08,0.2286835,0.00015807347,3.3787022e-05,0.005746196,0.008432974,7.5031305e-05,0.0069456166,0.0060697612,0.0009203671,0.0012564235,0.012224951,9.176116e-05,0.000298828,0.018008668,0.0013459066,7.587339e-05,0.017460238,0.028388925,0.124483354,0.10459284,0.047504004,0.33885214,0.045762,0.029724471,0.022977453,0.0156235825,0.064997554,0.004221599,0.017053837,0.08221899,0.037622288,0.1270446,0.067574576,0.010027375,0.17821151,0.09507258,0.005648666,0.12483726,0.0423975,0.11802795,0.031374976,0.5395793,0.13789463,0.017980356,0.12114466,0.005646801,0.7463799,0.6914138,0.7277295,0.059142113,0.05936521,0.004630854,0.030700888,0.06210687,0.017886836,0.6053634,0.013031917,0.14788687,0.023861203,0.22714423,0.010896107,0.07420635,0.016624963,0.12733501,0.10694175,0.2200669,0.087461665,0.3061857,0.0915818,0.017583251,0.08745694,0.020132408,0.029699745,0.26131392,0.015998445,0.21785586,0.033209294,0.021527905,0.04320305,0.0045232917,0.24815841,0.42305508,0.16919352,0.13658448,0.0135873,0.109719485,0.020729339,0.087587036,0.11916336,0.018131934,0.21445684,0.071106546,0.28312555,0.12238225,0.063210815,0.09444872,0.048377965,0.08339129,0.04372809,0.0411294,0.058524214,0.025249593,0.2512507,0.017021706,0.036513235,0.04264049,0.039440222,0.15515597,0.023139372,0.24520282,0.3011081,0.0158308,0.030488212,0.28602836,0.1893024,0.0046381294,0.01799142,0.07137587,0.06648194,0.056832314,0.009758357,0.054447982,0.09050841,0.12211696,0.26226506,0.006448102,0.020324841,0.061684318,0.033243615,0.005090389,0.0031742165,0.034182508,0.038686607,0.5367229,0.06849441,0.072288774,0.04847426,0.22070563,0.14022517,0.08132016,0.034442905,0.21673766,0.0850493,0.05105375,0.07789016,0.0148770185,0.013327493,0.26112828,0.15901,0.15741141,0.2174795,0.2825457,0.013245865,0.14507176,0.14610985,0.36657563,0.01749213,0.11370321,0.7242454,0.9614539,0.20216703,0.028915882,0.10081041,0.026299631,0.096067205,0.025023144,0.008603281,0.011508724,0.035259333,0.6042874,0.023285417,0.06817707,0.005808534,0.04056745,0.0037219117,0.036836457,0.09596824,0.16486578
BC2026_Train_0010_S09_20250828_000000_55,0.0004947444,0.023477508,0.00033477048,0.02957227,5.1463644e-08,0.025529727,0.0010876822,0.0016766977,0.0008548455,0.0042636916,0.13197994,0.0006175292,0.00013342909,1.5156125e-08,5.674415e-07,0.0030706346,0.00017738149,6.6693916e-05,0.025231691,0.0024245088,0.003235074,6.551366e-05,0.004210099,0.0010497693,0.049756244,7.6136453e-06,0.015686113,0.036321674,0.0060923886,0.17241715,0.02236069,0.0022195915,0.034609735,0.051364206,0.00067874155,0.0053026536,0.10126942,0.006112731,0.005370014,0.039774932,0.06548929,0.004880092,0.07008802,0.0053232755,0.0010895637,0.0010895637,0.049285125,0.0023285986,0.0033559604,0.0040717586,0.015711121,0.017225817,0.017225817,0.018232837,0.16236827,1.129096e-07,0.23288609,0.00020634905,2.8695367e-05,0.0028115865,0.020502176,8.008052e-05,0.0066377036,0.009856557,0.00080811314,0.0011601954,0.014102418,9.0202535e-05,0.0003040542,0.020208504,0.0014049539,8.8819164e-05,0.012594681,0.025289774,0.100586936,0.07165939,0.039834857,0.2342896,0.08649874,0.038642507,0.032181025,0.012760938,0.038936704,0.0080504455,0.029227301,0.10933253,0.06596599,0.47400534,0.07937917,0.01009989,0.35086438,0.111285485,0.007775649,0.086789176,0.030927397,0.20086855,0.06994245,0.5486036,0.40392873,0.011342003,0.10350565,0.0053683245,0.62639827,0.6677047,0.70665747,0.084132135,0.053892434,0.0047021876,0.03933089,0.085866995,0.01812018,0.599275,0.009709536,0.18339181,0.024631115,0.5625928,0.010035438,0.1566556,0.022344781,0.2158505,0.103876196,0.32583618,0.07689345,0.406688,0.13735989,0.050751865,0.21410827,0.022968348,0.01772725,0.5704012,0.033748563,0.22394717,0.030749189,0.053491294,0.047659457,0.007529854,0.40600488,0.27825385,0.09676449,0.1945245,0.009619154,0.14927186,0.024241406,0.060292635,0.13655202,0.044156875,0.33086318,0.045086358,0.5137005,0.25820538,0.06889434,0.77233315,0.05026723,0.05314069,0.047168367,0.080014385,0.039525602,0.025508905,0.25196,0.015058501,0.17940888,0.08204478,0.02600065,0.11375871,0.014659703,0.31846082,0.25563526,0.017164137,0.030770361,0.41851565,0.2348039,0.008727845,0.019938465,0.079962336,0.2214112,0.055557095,0.014773046,0.04770884,0.17686257,0.10544446,0.13916825,0.009294734,0.018185005,0.050788607,0.02378666,0.008791001,0.00369009,0.03742959,0.03416999,0.8235289,0.064834714,0.07951488,0.101365045,0.19802706,0.13501832,0.09224861,0.030148167,0.13015741,0.21951497,0.14418337,0.08327957,0.027413802,0.0110392915,0.26345986,0.44608468,0.13647181,0.13517945,0.30565563,0.012706198,0.23649739,0.28013748,0.34959978,0.019660817,0.1547078,0.7127548,0.94253516,0.2824223,0.051960386,0.25137085,0.028006751,0.082077436,0.03134271,0.016333735,0.017152946,0.03860908,0.599455,0.015951404,0.081152655,0.0060531665,0.07063723,0.004119233,0.027972335,0.12515697,0.23420063
BC2026_Train_0010_S09_20250828_000000_60,0.0004876646,0.021809574,0.00035636552,0.028394414,4.422658e-08,0.028145235,0.0019137688,0.0011869984,0.0007995697,0.004237449,0.090801015,0.00076113536,0.00014012288,1.8582611e-08,5.166815e-07,0.0045076716,0.00014763247,7.513508e-05,0.020950615,0.002794193,0.0021637576,7.3497555e-05,0.0063897395,0.0010188438,0.03025074,7.9160345e-06,0.021021713,0.02729411,0.011346911,0.1741911,0.017880393,0.0024019177,0.033561904,0.03858338,0.00064727647,0.0052367477,0.09113766,0.0066822157,0.004857076,0.03156711,0.05147108,0.004404885,0.059792917,0.0055901897,0.0015618863,0.0015618863,0.048627984,0.0026297362,0.003344221,0.0039068637,0.014362602,0.015705656,0.015705656,0.014598224,0.13646936,9.605528e-08,0.2295058,0.00021614609,3.9135935e-05,0.0033312729,0.015354973,6.729319e-05,0.007720376,0.009928261,0.0010772492,0.0012147676,0.021812279,0.00010792324,0.0003829534,0.025804276,0.0013859035,8.72081e-05,0.012736066,0.06769449,0.11020665,0.070481375,0.03864625,0.2505881,0.040556356,0.023315378,0.039514948,0.017311538,0.038095128,0.007649707,0.017264485,0.08973807,0.056891315,0.48231995,0.13021055,0.01500472,0.13829692,0.09818392,0.00461123,0.089052685,0.06091982,0.23233156,0.030406117,0.5501548,0.6300295,0.013677648,0.11181624,0.004211685,0.38284066,0.7417381,0.72052467,0.1350372,0.08075217,0.008713891,0.04647534,0.07882806,0.028894125,0.37212113,0.006162166,0.16765411,0.025898186,0.554721,0.009837518,0.07001805,0.024476215,0.26871443,0.3163012,0.25810337,0.08949646,0.3867872,0.08085634,0.048817694,0.101063415,0.02343573,0.021054674,0.49231058,0.048288345,0.21985868,0.029969964,0.046948723,0.048637394,0.0047581117,0.7031892,0.26740742,0.14238712,0.15129484,0.00827636,0.11863037,0.025441794,0.07061806,0.18709399,0.042960107,0.13845283,0.06593857,0.35468534,0.28679672,0.06027785,0.6063313,0.10832634,0.048191816,0.059024997,0.08981841,0.03889345,0.022853777,0.21815997,0.019521236,0.07861511,0.05821746,0.027546674,0.066617325,0.019038625,0.38407117,0.21919975,0.020556264,0.030309135,0.28149602,0.24982396,0.0045558014,0.019579094,0.0709132,0.110165134,0.037838574,0.009389911,0.040810872,0.15926372,0.087360054,0.09278697,0.007952183,0.022756472,0.05041409,0.034742933,0.008434258,0.0054139993,0.05720951,0.028726574,0.63467735,0.06838847,0.078074105,0.09055821,0.26680282,0.14899269,0.11959061,0.051920947,0.17504644,0.10991118,0.07940963,0.068301104,0.01928073,0.022489987,0.23320346,0.28323123,0.111620076,0.18544488,0.25027382,0.02786602,0.28722847,0.19393738,0.36810383,0.020111097,0.114951916,0.74421996,0.94341207,0.10877244,0.038483243,0.21779455,0.029940836,0.051846795,0.03072505,0.016250446,0.013527026,0.017725963,0.60933805,0.019726707,0.08796793,0.0069953217,0.07707728,0.005659566,0.019323783,0.1028244,0.15557562
BC2026_Train_0011_S03_20211114_200000_5,0.0011723883,0.0045389566,0.00052973634,0.8580441,3.6041694e-08,0.020291263,0.010436275,0.022251263,0.015539852,0.6313884,0.9841144,0.0019356671,0.0005146464,8.696179e-09,1.155779e-07,0.0043165972,0.0007215054,5.6029883e-05,0.08317979,0.009415159,0.030055612,2.5813191e-05,0.012507092,0.03202988,0.51175416,5.16786e-06,0.013869392,0.04431981,0.0051959166,0.15035468,0.011949986,0.0010925295,0.03932802,0.012740782,0.0017844831,0.0015718823,0.013677596,0.00089892687,0.007153005,0.00379815,0.05433401,0.00479875,0.025258949,0.002748439,0.00048119042,0.00048119042,0.008637546,0.000883064,0.0005775463,0.0009463134,0.0019921346,0.002032043,0.002032043,0.020857854,0.0008434754,2.4299382e-08,0.0017785731,0.011162835,1.0800747e-05,0.0058405176,0.034374084,9.341705e-05,0.048407678,0.15648328,0.00069621636,0.0011566534,0.0057231714,0.00017901615,0.0001439959,0.0056902235,0.001085548,3.435725e-05,0.016012896,0.041732214,0.05477977,0.03657797,0.032012705,0.2016108,0.05746381,0.06504272,0.0524895,0.007801242,0.5939136,0.0036126473,0.045533393,0.08363563,0.08481545,0.061591297,0.08099522,0.017820926,0.2712506,0.086131245,0.014043365,0.14673804,0.11215637,0.19135273,0.25896809,0.14800404,0.04230489,0.07978436,0.035297178,0.080749325,0.17742713,0.73812115,0.71111137,0.09619352,0.010102317,0.0033686964,0.08038323,0.08404652,0.021585852,0.72460574,0.013314873,0.04484521,0.05752496,0.06458751,0.027872488,0.11480097,0.020008832,0.19951622,0.34928593,0.099411204,0.024808781,0.08326447,0.16947527,0.040733203,0.03568373,0.023415321,0.029270468,0.5234525,0.046134,0.22323821,0.044049315,0.028795628,0.04097919,0.006204032,0.09945038,0.6587995,0.080115974,0.55913705,0.024298964,0.024307124,0.03296328,0.031115355,0.07456544,0.01560779,0.06861806,0.012821996,0.49548417,0.048355516,0.041908152,0.009888721,0.06872814,0.0412557,0.014520991,0.06611646,0.026503341,0.015005157,0.04318412,0.0568533,0.0037000517,0.098344035,0.13761523,0.13777548,0.03371115,0.1939132,0.2530625,0.10519391,0.019111302,0.30839774,0.1288281,0.0009539976,0.033507716,0.03313711,0.017494176,0.14982025,0.0065642,0.21125476,0.058843985,0.18189225,0.10484374,0.00455178,0.013276129,0.029955348,0.016282909,0.010613516,0.0013956295,0.06736134,0.027409956,0.46149835,0.059227888,0.40617293,0.034643866,0.22121784,0.06411225,0.1250409,0.011008333,0.024880111,0.02169923,0.014173602,0.10182391,0.03163045,0.0070623425,0.13656303,0.076662235,0.23580451,0.22069533,0.34317297,0.010285375,0.027881479,0.06254424,0.21592744,0.047020838,0.14451125,0.7577878,0.46700644,0.08418878,0.11206819,0.022952985,0.012302832,0.004668133,0.01166949,0.022563528,0.022078535,0.010296799,0.1298625,0.08678478,0.13491452,0.0039625447,0.11138221,0.0059949243,0.011728917,0.057581708,0.18521735
BC2026_Train_0011_S03_20211114_200000_10,0.001271149,0.0035719997,0.00068857154,0.8896419,4.4208818e-08,0.01656227,0.011498133,0.016777,0.010391436,0.6195824,0.959828,0.0014107114,0.0006493824,8.417538e-09,1.03478385e-07,0.0029242595,0.0003651398,5.545255e-05,0.03179549,0.005838248,0.0338178,1.5309559e-05,0.00820692,0.0229495,0.29065824,5.065229e-06,0.007924778,0.04069366,0.0043696826,0.098980404,0.010757817,0.00085252017,0.03372154,0.010794842,0.001810097,0.0013219063,0.0112094125,0.00073369895,0.0061015235,0.0029057662,0.05086206,0.0042205057,0.02085643,0.002230484,0.00037138784,0.00037138784,0.0073602446,0.0006186262,0.00043686578,0.0007742838,0.0015501877,0.001576452,0.001576452,0.018465567,0.0010754712,2.6532957e-08,0.00178226,0.013733899,1.0231195e-05,0.006510103,0.023767985,9.570221e-05,0.040349018,0.084706604,0.0006676441,0.0007849369,0.005088568,0.00018930479,0.0002044984,0.0050288998,0.0010916158,3.7275728e-05,0.03005664,0.032636806,0.04270903,0.039285176,0.03645044,0.2142498,0.034867708,0.030049317,0.058662195,0.005839291,0.5503892,0.0035589777,0.043987196,0.09553786,0.042932995,0.07084701,0.15193032,0.017239105,0.30878317,0.070244685,0.017028764,0.17554654,0.10784659,0.18506834,0.17900741,0.10711597,0.042499878,0.08907764,0.032703623,0.037735153,0.17602631,0.67633045,0.6137679,0.10993291,0.02123767,0.0027748733,0.07151655,0.054915424,0.021401834,0.83717006,0.020557856,0.047244143,0.034782216,0.082154706,0.04798249,0.10265599,0.029109735,0.116651475,0.29022878,0.11497771,0.024249487,0.10528118,0.17360377,0.043015726,0.029406874,0.020826792,0.037301812,0.5559269,0.038455628,0.2409919,0.036999673,0.032656655,0.03470064,0.007853915,0.06786999,0.5499838,0.08536908,0.36277467,0.01971224,0.030576888,0.039287668,0.035579808,0.064812645,0.014546922,0.10732275,0.007880433,0.5044562,0.06303561,0.02865403,0.014006748,0.072188005,0.03586791,0.011375385,0.04766154,0.03241256,0.019251738,0.0266414,0.050559968,0.0029424937,0.09253949,0.12844703,0.12804517,0.03059102,0.19083264,0.24062677,0.08985542,0.022416804,0.33890405,0.14572263,0.0011538804,0.0392355,0.024717486,0.015615169,0.18395813,0.008103011,0.14140655,0.057323724,0.116928644,0.14731851,0.004815948,0.026342034,0.025561824,0.029286737,0.010665816,0.0017892837,0.04563491,0.032611165,0.63839006,0.059613194,0.48290345,0.041797984,0.14961697,0.055257443,0.101867534,0.014845199,0.025234897,0.0223735,0.0155757,0.13129048,0.023851732,0.006351697,0.14617065,0.09879067,0.22309855,0.24244191,0.35141724,0.0150593165,0.028398193,0.07304462,0.19066247,0.01877243,0.148857,0.74195254,0.4035056,0.07177934,0.10324789,0.022691395,0.011100915,0.0072076707,0.011661865,0.016851917,0.025639992,0.008100404,0.0768376,0.46655533,0.061105873,0.006232951,0.06365663,0.004304896,0.009091285,0.050813008,0.2589164
BC2026_Train_0011_S03_20211114_200000_15,0.0013341372,0.0039783497,0.00080551626,0.89035547,3.810151e-08,0.018368855,0.012492195,0.019475738,0.010426695,0.64960825,0.97333914,0.002516898,0.00047712933,8.406661e-09,9.610151e-08,0.0036624928,0.0005271079,5.4922435e-05,0.07548667,0.0056376345,0.024708647,1.5266058e-05,0.013102088,0.023581833,0.4319166,5.3792614e-06,0.009512701,0.054101832,0.004950567,0.13337399,0.011799779,0.00089126214,0.03689491,0.010934076,0.0017997596,0.0012910347,0.010947728,0.00080604054,0.006801715,0.0029571655,0.054648966,0.004495954,0.021491313,0.0022806884,0.00038156542,0.00038156542,0.0077175032,0.0007027463,0.00050282443,0.00084909966,0.0016725141,0.0017165615,0.0017165615,0.019717777,0.00095311523,2.4852785e-08,0.0017738979,0.015482545,9.812703e-06,0.006028072,0.03498508,9.3599796e-05,0.035527017,0.1078804,0.0007827356,0.0008999783,0.004982989,0.0001811257,0.00021294212,0.0053304275,0.0010898099,3.727461e-05,0.012837616,0.03395592,0.055817444,0.063770264,0.045549944,0.2398464,0.0393755,0.06566193,0.041205563,0.0072231237,0.6748349,0.0030640068,0.047338985,0.082379565,0.057657655,0.067458354,0.055766877,0.01801131,0.17336562,0.09040772,0.019323371,0.25109574,0.070558466,0.21933737,0.18764946,0.16598974,0.034841854,0.11580516,0.031260755,0.032184552,0.18339059,0.7408,0.66317236,0.1334684,0.009983623,0.00324203,0.04978714,0.05686525,0.027119534,0.7997893,0.01538998,0.037136145,0.044159792,0.09837816,0.033431835,0.15160988,0.026985338,0.13245748,0.39822033,0.120625995,0.027949456,0.0703042,0.16169049,0.034771267,0.0272644,0.022143703,0.04263953,0.68884885,0.0652945,0.1817425,0.026978787,0.034817632,0.03641513,0.0073124226,0.12502739,0.53695166,0.07996313,0.5191254,0.01771252,0.02575605,0.028539693,0.031272482,0.063307256,0.01573141,0.08338189,0.00913427,0.5265539,0.05041801,0.036771365,0.011848115,0.046518885,0.045921076,0.015874723,0.083755985,0.052587517,0.01941868,0.024091663,0.045249593,0.0043680985,0.14031635,0.13166812,0.104128845,0.032669224,0.21433972,0.29051164,0.1048712,0.021767307,0.24803042,0.106300056,0.0010498144,0.050248973,0.034186125,0.014789235,0.1770854,0.005834272,0.21350019,0.092235215,0.22968689,0.124120586,0.0048775934,0.01598749,0.027462156,0.01837925,0.011893727,0.0016914329,0.04681382,0.025098134,0.7102613,0.04875732,0.2792062,0.035309892,0.1922897,0.048399355,0.12842222,0.017656239,0.022877783,0.03418381,0.029620675,0.13161406,0.026588015,0.009008361,0.22823736,0.10147592,0.250009,0.21716204,0.4036749,0.011768362,0.029733261,0.05196203,0.21197149,0.019572131,0.09960315,0.7631571,0.5210332,0.048305765,0.13647752,0.021045867,0.011455404,0.0069984165,0.0118363295,0.020694075,0.018958101,0.0076469467,0.09175007,0.09405832,0.08242544,0.006824934,0.094720684,0.0042928983,0.007912037,0.078507505,0.16471367
BC2026_Train_0011_S03_20211114_200000_20,0.0015264287,0.004511731,0.0007216066,0.88713217,4.5283198e-08,0.019500302,0.021358341,0.025834119,0.01750031,0.6032337,0.94314444,0.00169672,0.0006262597,7.785092e-09,1.07097016e-07,0.004228537,0.00044583154,5.835066e-05,0.10223418,0.005486615,0.035966616,2.0195126e-05,0.0167966,0.02066856,0.5122882,4.943059e-06,0.01058477,0.051793836,0.004962606,0.134414,0.012412075,0.0009593265,0.038215443,0.012752892,0.0017773033,0.0014915081,0.012788473,0.00076954375,0.0070449403,0.0037204637,0.051676072,0.0048095803,0.023861611,0.0024911044,0.0004492979,0.0004492979,0.007920954,0.0007689142,0.0004990199,0.0007993242,0.0018348694,0.0019165534,0.0019165534,0.020598413,0.0010653861,2.6358034e-08,0.001773238,0.015063438,9.782141e-06,0.007826853,0.044358775,0.0001148383,0.049314987,0.13542949,0.0008855804,0.0009786508,0.004183817,0.0001850937,0.00015650339,0.0048328163,0.0010830569,3.084943e-05,0.019555418,0.036418274,0.049598906,0.04187363,0.043546893,0.25662968,0.03866589,0.030761108,0.065510504,0.0063566784,0.6001727,0.003450413,0.04814857,0.11197614,0.12464069,0.0691939,0.08963497,0.012462269,0.21682604,0.15018664,0.011911452,0.16324602,0.105314404,0.14766009,0.23117921,0.07455083,0.046577882,0.08386219,0.032881144,0.071039125,0.2769462,0.746052,0.7366184,0.1457423,0.016577367,0.0028621429,0.06989962,0.10917505,0.027584199,0.81115,0.027787875,0.053902667,0.026090877,0.12443908,0.022321377,0.12814566,0.02261283,0.16260195,0.34088406,0.13459837,0.0314692,0.08791274,0.21355067,0.0337804,0.03587436,0.02455764,0.054542977,0.66631263,0.044745754,0.24659373,0.044455722,0.033470955,0.041557375,0.012038723,0.05840415,0.69622415,0.09482142,0.5606676,0.024158707,0.032189745,0.044044375,0.04044234,0.058784693,0.010872038,0.15776098,0.012632972,0.32289824,0.047710128,0.037773095,0.014447754,0.036135644,0.04437308,0.018528374,0.079530366,0.058704913,0.014780715,0.02236456,0.036471378,0.002908284,0.100265786,0.05206634,0.14477849,0.036385633,0.17067853,0.24379042,0.09521883,0.027158687,0.2606688,0.14652583,0.0009485247,0.03742676,0.040899195,0.018718187,0.24034566,0.006188796,0.28655344,0.10851705,0.14257777,0.13632329,0.004569187,0.017383665,0.03454895,0.010551438,0.008155068,0.0017622053,0.06795653,0.022597551,0.65951043,0.06515956,0.2991859,0.03300667,0.18284906,0.062491592,0.116719306,0.022185298,0.02416527,0.03810193,0.010940423,0.15241776,0.035467684,0.0076762047,0.183425,0.13036071,0.22028597,0.25308314,0.39524826,0.011925297,0.028443271,0.08298352,0.2698087,0.04021683,0.14617659,0.75315183,0.46400678,0.06054492,0.12418319,0.025708439,0.013206204,0.0077926763,0.012658867,0.016972927,0.02703682,0.009947454,0.11261385,0.13529526,0.08061613,0.0050822385,0.09432509,0.0034325263,0.008750667,0.11944435,0.22115123
BC2026_Train_0011_S03_20211114_200000_25,0.0019331776,0.004831607,0.0005960216,0.86726797,5.4436306e-08,0.019386396,0.018566987,0.012201846,0.014768411,0.64015186,0.9581488,0.0021746105,0.00050702447,8.059121e-09,1.202418e-07,0.004177238,0.00035486667,5.5412947e-05,0.08659951,0.00575995,0.04675296,1.7590808e-05,0.009301033,0.023755882,0.30773094,3.843408e-06,0.009357566,0.03881153,0.0059078187,0.13469833,0.014774696,0.0010814857,0.0454689,0.013354375,0.0017654157,0.0015435402,0.014761365,0.00097055576,0.008128322,0.0035728796,0.05924462,0.005792672,0.025328258,0.0027098716,0.00047655645,0.00047655645,0.009103997,0.00087165757,0.00060025655,0.00095009146,0.001995272,0.002065638,0.002065638,0.023163013,0.0010416191,2.4749225e-08,0.0017749585,0.025632925,1.0952081e-05,0.00714658,0.05566504,7.2099814e-05,0.032591175,0.11129342,0.0006358832,0.0010240017,0.0039169774,0.00016689993,0.00013965716,0.003982293,0.0010857313,4.4071538e-05,0.012241221,0.054107375,0.03468131,0.036131285,0.05129982,0.26586545,0.049741533,0.034552265,0.029196834,0.005904226,0.5679314,0.0047375713,0.041054234,0.0990005,0.092836,0.11777052,0.06412554,0.010691502,0.11017651,0.09207471,0.026723335,0.33301634,0.19506937,0.23458561,0.16541703,0.11304441,0.04828645,0.17578152,0.03617406,0.0362304,0.1522467,0.77775383,0.6214528,0.15521823,0.016822096,0.003668933,0.04234233,0.05255515,0.024659127,0.79097515,0.019024614,0.050136033,0.024227653,0.08282113,0.041022837,0.11248647,0.023316965,0.08882646,0.43434617,0.11301858,0.024987543,0.05695243,0.1434611,0.052119162,0.040963747,0.020497646,0.07991027,0.5913966,0.04535773,0.21906954,0.043301348,0.02074466,0.023511691,0.008220244,0.23465157,0.5611155,0.09636181,0.5294286,0.020310821,0.050878488,0.037788976,0.039521717,0.06410874,0.013670962,0.105249494,0.0070802597,0.54513454,0.059806406,0.034181964,0.013860906,0.03034602,0.027761616,0.014217025,0.047861837,0.06539416,0.011750542,0.029818784,0.041940585,0.0039031869,0.18069594,0.087373845,0.112529136,0.02601721,0.19139613,0.21164137,0.070484094,0.026916036,0.23148382,0.08563537,0.0011432436,0.028422793,0.027164312,0.011863715,0.27467862,0.005241504,0.3470687,0.056389987,0.10027714,0.116975404,0.012520725,0.01718808,0.022302173,0.010429204,0.012825659,0.0016741436,0.03266674,0.029946998,0.7025037,0.043675613,0.32445994,0.042844813,0.1755367,0.042935677,0.07079382,0.015834818,0.029335381,0.05847662,0.020360157,0.22776392,0.028130934,0.005301392,0.2041971,0.17822902,0.17618206,0.36164466,0.29884794,0.017754288,0.032948647,0.101034366,0.25613752,0.035892628,0.12918213,0.6917512,0.38597527,0.100989915,0.12300488,0.026182428,0.011581553,0.004977863,0.0086516775,0.023691075,0.01959196,0.009315843,0.08657466,0.24681403,0.10494864,0.0045401007,0.07663506,0.0062858807,0.009772474,0.062971234,0.17737244
BC2026_Train_0011_S03_20211114_200000_30,0.001657229,0.0038068683,0.0005261429,0.8816428,4.0592564e-08,0.023283029,0.008514288,0.013625827,0.011042799,0.61537373,0.96703935,0.0026410678,0.0005392317,7.825687e-09,1.08318986e-07,0.0041028857,0.00043319858,6.060463e-05,0.055281766,0.003684596,0.05182342,1.3060811e-05,0.015237287,0.017207026,0.2985221,4.955262e-06,0.008310984,0.04118286,0.003967215,0.1326394,0.009516202,0.00081048656,0.029359909,0.009361816,0.0017626791,0.0011511067,0.009362748,0.00066722446,0.0051216558,0.0029045795,0.037882466,0.0037748318,0.01952486,0.0019812991,0.00035621342,0.00035621342,0.0065473653,0.00061264273,0.0004292386,0.0006892548,0.0014060416,0.0014658127,0.0014658127,0.016131174,0.0007901789,2.5307981e-08,0.0017806744,0.03560983,8.116669e-06,0.006145776,0.026577255,9.588333e-05,0.043572407,0.10425404,0.0006516143,0.00077032205,0.0045553655,0.00015627568,0.00018494498,0.0042793564,0.0010857959,3.7907972e-05,0.016191177,0.04585425,0.038905244,0.037408363,0.03342702,0.24210434,0.08039396,0.020315466,0.024887616,0.0061672004,0.48764545,0.003926189,0.055528715,0.072500885,0.07924982,0.138463,0.067003615,0.010341002,0.119242884,0.14478375,0.012433379,0.122963995,0.35359228,0.19063942,0.12319644,0.0909509,0.04435585,0.2633816,0.026896577,0.052999068,0.20087573,0.70023996,0.6712034,0.11297653,0.010239451,0.0031753671,0.052406397,0.07244322,0.038334146,0.6932649,0.04375881,0.05709446,0.031417593,0.063108504,0.03087923,0.08067851,0.017249634,0.11436876,0.41430005,0.11957266,0.017638646,0.068493135,0.1823916,0.0363145,0.02680393,0.025598854,0.041163355,0.6197047,0.06592033,0.20505188,0.03607361,0.0278147,0.022593852,0.0074835788,0.15960227,0.75078523,0.086419724,0.510092,0.013692631,0.08551667,0.03135316,0.041380834,0.05565861,0.012109065,0.111589454,0.0075874603,0.24503702,0.0655404,0.03907799,0.012927401,0.03380792,0.043655872,0.010640222,0.058252648,0.0566823,0.012872592,0.021908807,0.052493162,0.0023066169,0.15496513,0.06833099,0.11502143,0.02039594,0.17634149,0.18943289,0.072814964,0.027982624,0.24515198,0.091391385,0.0010598453,0.025505947,0.03293434,0.014570232,0.2231367,0.0065564807,0.5420082,0.05828672,0.15594697,0.09524751,0.0067295637,0.01333424,0.023383208,0.011048565,0.0075806757,0.001474572,0.049819656,0.018993694,0.6981824,0.040374108,0.318018,0.05616002,0.1860649,0.04398077,0.081436545,0.013433427,0.017753297,0.022889953,0.013536462,0.12293616,0.017010598,0.006931729,0.15597837,0.13269645,0.1764351,0.44574153,0.31404296,0.009401155,0.026030662,0.07523399,0.23353027,0.034845937,0.1047409,0.72703993,0.49497628,0.051771823,0.22070603,0.03019082,0.016068049,0.0044969344,0.008294939,0.019261185,0.023929542,0.008562893,0.08174028,0.22484979,0.118098095,0.005222496,0.051080838,0.0024242168,0.008147824,0.07428376,0.18879214
BC2026_Train_0011_S03_20211114_200000_35,0.0010843137,0.00335527,0.00054847193,0.8630694,3.515958e-08,0.017244933,0.010346895,0.007941952,0.008461904,0.54525626,0.92431384,0.0019271076,0.00040671547,7.562369e-09,1.174315e-07,0.0039855107,0.0003241601,8.0016776e-05,0.0707055,0.0034108697,0.024564253,2.1161091e-05,0.0070287874,0.0107985595,0.2595359,4.31097e-06,0.006641083,0.04722729,0.003540759,0.10317884,0.008631888,0.00068573636,0.027256532,0.009220437,0.0017400038,0.0010407328,0.008623341,0.00051427505,0.0048756343,0.002517153,0.035575442,0.0033560288,0.016910614,0.0016869586,0.00032930332,0.00032930332,0.005716739,0.00054048275,0.00035074778,0.00055688247,0.0012105791,0.0012742302,0.0012742302,0.014582049,0.00082002836,2.4678663e-08,0.0017809174,0.031541526,7.798633e-06,0.0061448626,0.032432646,9.002636e-05,0.04856293,0.10792242,0.0007632351,0.0006790354,0.003929247,0.00014892488,0.00017088567,0.004010221,0.0010809187,4.7537935e-05,0.014672663,0.078900605,0.044544168,0.052154236,0.037697684,0.17319222,0.10548334,0.026690131,0.041565325,0.0052170632,0.5559266,0.003158817,0.045156565,0.06253813,0.11544459,0.21899523,0.079327516,0.017517608,0.12668222,0.090423256,0.013003701,0.10708602,0.19074674,0.16486439,0.057537127,0.046190057,0.09882168,0.1234296,0.026167393,0.034997642,0.21934664,0.74811494,0.6534287,0.13292763,0.024280474,0.0027432132,0.064487875,0.060522296,0.02546601,0.74775255,0.03545156,0.045364182,0.037314817,0.06406411,0.01887043,0.057169538,0.021833949,0.09667276,0.26540112,0.12979275,0.02944993,0.102035955,0.14885595,0.031012438,0.03580082,0.02523629,0.052951217,0.681439,0.055816296,0.23378651,0.020541316,0.02049068,0.019667434,0.006691483,0.16070041,0.54731494,0.10006551,0.36665377,0.027335562,0.09058301,0.063670576,0.049502566,0.05455727,0.009274006,0.115258716,0.011648097,0.25674215,0.05539318,0.02149715,0.020702284,0.033404578,0.03979849,0.012953821,0.076263025,0.05466465,0.015695823,0.024516836,0.07482498,0.0028180971,0.14535585,0.05054116,0.1414619,0.021439241,0.15899974,0.16715029,0.085308865,0.025304617,0.2789223,0.07758149,0.0016469791,0.026497787,0.04477587,0.020108564,0.25311995,0.0053135017,0.44229493,0.07205434,0.122843936,0.09484806,0.0060046036,0.010643378,0.02003387,0.011873456,0.015860792,0.0024114978,0.05853118,0.02790491,0.77932537,0.07492949,0.15448487,0.08748299,0.18455644,0.05757152,0.14910446,0.0137520535,0.02215262,0.02078911,0.010969253,0.12660827,0.014083229,0.008606454,0.15307514,0.16199654,0.16278988,0.30528727,0.31907585,0.017243491,0.03518329,0.09414773,0.37111294,0.033419117,0.26302624,0.6999356,0.48254836,0.04156908,0.17632705,0.03460571,0.012145851,0.004668934,0.011456768,0.014171625,0.025035487,0.011563547,0.106139794,0.120273136,0.09546416,0.0050659743,0.062311713,0.003083273,0.00971548,0.09917982,0.4757224
BC2026_Train_0011_S03_20211114_200000_40,0.0023852563,0.0041957255,0.0004806844,0.8783214,4.029812e-08,0.020239573,0.011068417,0.008055032,0.012824806,0.59820044,0.9229225,0.001470269,0.0005629092,8.187324e-09,1.0996451e-07,0.0034986797,0.000590454,0.00010137261,0.077501066,0.0035648933,0.063693255,1.4652206e-05,0.0060707508,0.018750332,0.30029938,5.2515397e-06,0.007557933,0.04548555,0.003514559,0.10288921,0.009194089,0.0008628867,0.030674536,0.010053127,0.0017331466,0.0012500958,0.009945859,0.0006021051,0.0051275683,0.0032071904,0.03540889,0.003847251,0.019843856,0.0021828357,0.00036549955,0.00036549955,0.007090353,0.0006901751,0.00042999256,0.0006801949,0.0015406611,0.0015770355,0.0015770355,0.015020204,0.0005453351,2.3483349e-08,0.0017752612,0.034733076,9.194842e-06,0.0053864457,0.042858932,9.7339485e-05,0.03855432,0.09432616,0.00059669797,0.000820963,0.0047537824,0.00018624253,0.00015687085,0.0045971144,0.001074975,3.6025263e-05,0.02160361,0.059971772,0.034059078,0.04350283,0.033537105,0.19196741,0.09853473,0.03202311,0.046797898,0.004355642,0.5090874,0.0038876934,0.0407325,0.06895554,0.08614844,0.116726704,0.11895034,0.015473474,0.19089377,0.112060145,0.013837536,0.112818845,0.115835264,0.15247029,0.09520401,0.06522984,0.047877558,0.07786888,0.029423088,0.05521077,0.20147441,0.7134417,0.60824454,0.1450068,0.012208171,0.003130254,0.05974423,0.049891137,0.02197423,0.75885713,0.02741704,0.07063467,0.03392371,0.05549205,0.021877257,0.061766908,0.01688092,0.0726461,0.41821107,0.11585362,0.022680081,0.09792465,0.22873954,0.04156264,0.031346615,0.025119446,0.035243526,0.5881589,0.031544317,0.20016658,0.03973883,0.030570159,0.021640431,0.006645376,0.2099116,0.625868,0.13983668,0.36914396,0.027151626,0.07661047,0.042975247,0.04906037,0.056959458,0.0087051205,0.0752893,0.0072478233,0.2508816,0.062910244,0.034360163,0.017166143,0.040165626,0.04171801,0.016214557,0.05474039,0.041201606,0.013790636,0.023495082,0.0338449,0.0028891996,0.14441352,0.049819577,0.1090676,0.028232114,0.17072682,0.22197765,0.05234164,0.02194392,0.3386757,0.077265695,0.0013756754,0.029783135,0.03315034,0.008865846,0.14434974,0.0057511623,0.50306165,0.07243744,0.11682489,0.09380888,0.00663033,0.0149048,0.024217658,0.011560493,0.011628305,0.0012122056,0.05840644,0.042470142,0.73636276,0.11079154,0.1486905,0.05276672,0.1438748,0.065274395,0.09715377,0.015038574,0.015168784,0.030949825,0.015374246,0.16205658,0.01462178,0.008166301,0.17247826,0.093977496,0.12008854,0.35509202,0.38324237,0.009694918,0.022964325,0.059180163,0.29111275,0.052618697,0.12661469,0.7162355,0.5081816,0.055948753,0.24613798,0.025126684,0.010023421,0.0041999836,0.0117386505,0.022795524,0.021815881,0.008754236,0.07783942,0.09029322,0.088365294,0.0043074316,0.06349778,0.0032049513,0.0062490767,0.05898748,0.24309841
BC2026_Train_0011_S03_20211114_200000_45,0.0016434608,0.0037685228,0.00046407658,0.8891076,3.210099e-08,0.020177413,0.011916242,0.013229088,0.009100616,0.5495439,0.92726207,0.0019410802,0.0006140446,8.410637e-09,1.1101128e-07,0.005840065,0.00036165176,6.3761516e-05,0.115715235,0.008600244,0.029543417,1.9256107e-05,0.010098538,0.01303627,0.2870189,5.1014013e-06,0.0077700755,0.04435456,0.0035536676,0.108505934,0.009084372,0.0007074021,0.028972292,0.009170482,0.0017397711,0.0010567633,0.008360043,0.00063444435,0.0048462246,0.0026190374,0.040517334,0.0034949218,0.01661482,0.0017368296,0.00028729273,0.00028729273,0.006086402,0.0005506542,0.00041169603,0.00068597303,0.0012675703,0.0013242568,0.0013242568,0.014776407,0.0010211519,2.528129e-08,0.0017666682,0.035999503,9.333529e-06,0.008406078,0.0688506,9.266059e-05,0.035464946,0.117327906,0.00092543976,0.0008736533,0.004555735,0.00017697876,0.00014334153,0.004216956,0.001077406,4.103633e-05,0.017577825,0.07234588,0.040737722,0.03867324,0.03978392,0.24385318,0.095918365,0.024954077,0.028741745,0.004938882,0.4721838,0.0038769,0.044897653,0.07621258,0.08901125,0.08164845,0.064136736,0.011102802,0.18509415,0.113334656,0.020214869,0.13109091,0.17266993,0.19161224,0.088383906,0.085062,0.03887319,0.1699929,0.024521729,0.04417004,0.17979468,0.6942382,0.62151563,0.09322005,0.010529638,0.0032266395,0.043271918,0.050916135,0.02504368,0.75957906,0.028614018,0.05635142,0.030805735,0.08449185,0.025153687,0.096278064,0.021352585,0.1405425,0.3603702,0.177447,0.025624027,0.06569419,0.21358362,0.05233945,0.028826114,0.026589064,0.052564047,0.6535309,0.04523897,0.18826374,0.031246986,0.027389333,0.034967065,0.010695358,0.1703658,0.6077312,0.09090424,0.44308704,0.01681149,0.08771606,0.03243026,0.04106561,0.05191686,0.013052988,0.10614985,0.010952989,0.3170771,0.048670046,0.027830414,0.017306486,0.032613017,0.050468173,0.016545463,0.07068992,0.060700398,0.010465948,0.030653605,0.040013168,0.002842668,0.09486274,0.05210391,0.10549142,0.020849882,0.15768711,0.27537397,0.060630087,0.034662534,0.26981196,0.093349576,0.0009826284,0.022781692,0.04522196,0.015956204,0.20413314,0.0058155665,0.2901994,0.07509643,0.13976347,0.12735708,0.008346089,0.012219367,0.018342705,0.016073843,0.006816965,0.0022353514,0.059016753,0.028895197,0.71158844,0.06067287,0.15403171,0.10071401,0.14319888,0.052658595,0.105255336,0.015002107,0.022480518,0.023597807,0.018053962,0.12551,0.01786852,0.007491237,0.15100372,0.09360067,0.21526961,0.37838575,0.3714069,0.013269566,0.043227296,0.1450509,0.4473021,0.060203567,0.09202844,0.7336968,0.518554,0.057068247,0.1363886,0.027360234,0.009365048,0.005845477,0.010675163,0.020773182,0.017323816,0.008773733,0.095305555,0.10654049,0.104182795,0.0040037353,0.062493015,0.0035671147,0.0063948836,0.091769226,0.16221042
BC2026_Train_0011_S03_20211114_200000_50,0.0010521559,0.0029394869,0.0010317253,0.9058777,4.7996657e-08,0.01727115,0.026105275,0.012366735,0.014461309,0.64075565,0.9768446,0.004195324,0.00054152386,7.75098e-09,1.0192372e-07,0.005688609,0.0005170871,6.249107e-05,0.08514522,0.006039765,0.03554981,2.4542926e-05,0.014211943,0.016900735,0.2818318,4.7516914e-06,0.007809353,0.06378292,0.004383029,0.14367658,0.007319342,0.0006144455,0.02282356,0.008271768,0.0017788345,0.00090289774,0.007322093,0.00057522196,0.0045736986,0.0019481733,0.03941584,0.0029417027,0.01409847,0.0014803216,0.00025047304,0.00025047304,0.0050890204,0.00045144762,0.0003579283,0.0005943083,0.0010130606,0.0010498691,0.0010498691,0.013442374,0.0009134609,2.363177e-08,0.0017757729,0.028203906,9.395072e-06,0.0071230754,0.038955193,8.6604e-05,0.02793732,0.16582668,0.0005607343,0.0006854541,0.003558193,0.00021068437,0.00017032218,0.004560212,0.001084877,4.4589688e-05,0.012349876,0.029006727,0.04034249,0.03266984,0.04979706,0.17572436,0.116092764,0.028332852,0.06334043,0.006712527,0.5744554,0.0035656167,0.03787994,0.054157358,0.07368019,0.14029555,0.07716707,0.00978462,0.1634374,0.18103504,0.01199736,0.13092417,0.26389846,0.17843857,0.15236534,0.08271949,0.05833062,0.12709872,0.02541104,0.02881804,0.22929366,0.71731687,0.66834074,0.10356829,0.009423176,0.003154885,0.054416697,0.071754895,0.020103816,0.7993931,0.045336004,0.036079958,0.022274034,0.05196181,0.028206265,0.079749726,0.021050857,0.06956862,0.22312006,0.1118848,0.01987522,0.09991578,0.16540393,0.027812399,0.026332092,0.017827032,0.04427321,0.5799517,0.077416405,0.2203429,0.030334963,0.027586715,0.025057219,0.0054282765,0.1713005,0.51296246,0.06657906,0.284226,0.025069006,0.09412762,0.035620324,0.042112816,0.044283375,0.011366976,0.09524971,0.011469844,0.24824801,0.060302056,0.05299914,0.018906742,0.04957717,0.035510305,0.010353177,0.062841445,0.037483506,0.009927516,0.03242709,0.0527948,0.0020849777,0.11374866,0.06251167,0.095335245,0.024246125,0.13337272,0.30684167,0.04346229,0.016842555,0.3470588,0.07654728,0.0011580965,0.02848525,0.030569976,0.012188952,0.15945551,0.0079638325,0.2563951,0.067139454,0.1023464,0.09108712,0.006827867,0.016833069,0.025391499,0.014681265,0.012925849,0.002038878,0.05753431,0.02634922,0.70879644,0.056371782,0.31144682,0.040991303,0.16039486,0.04717019,0.09186359,0.00973664,0.019370418,0.028348334,0.019715767,0.11539401,0.011796981,0.0067137047,0.20725545,0.102380134,0.111942664,0.3227232,0.30827263,0.0107163815,0.045309376,0.03758287,0.24981023,0.036599893,0.10011921,0.7005402,0.43296465,0.04150873,0.13414358,0.027654463,0.013783627,0.003974306,0.011344049,0.027350634,0.024272695,0.009183117,0.09080648,0.06443456,0.0920342,0.0058591547,0.058299717,0.0033274968,0.0071686534,0.05842678,0.25830355
BC2026_Train_0011_S03_20211114_200000_55,0.0014889359,0.003892883,0.00057996786,0.8950954,3.6065885e-08,0.018884694,0.013918192,0.010708932,0.012750164,0.60133606,0.9714614,0.0017655742,0.0006094174,9.0973415e-09,1.0553873e-07,0.004661655,0.0005876368,5.7215555e-05,0.04970335,0.0045553227,0.034965467,1.7091119e-05,0.0060716374,0.01890987,0.3473453,4.4447747e-06,0.008087087,0.051037632,0.0033038019,0.12745161,0.008893142,0.0007582888,0.028493853,0.010061758,0.0017556578,0.0011300003,0.008532105,0.00061114965,0.005363424,0.0027994763,0.039199043,0.003589665,0.018354697,0.0018375412,0.00034924145,0.00034924145,0.0060323486,0.00061248796,0.00042034825,0.0006716243,0.0013156201,0.0013947929,0.0013947929,0.016202554,0.00079697877,2.3807344e-08,0.0017580931,0.030769126,9.125359e-06,0.013482792,0.042066712,9.804658e-05,0.03186193,0.12261067,0.00083731674,0.0008409193,0.0054727383,0.000246966,0.00017887446,0.003925644,0.0010779928,3.995344e-05,0.017586822,0.05825592,0.048471957,0.059592474,0.03883998,0.18417262,0.12797159,0.053505037,0.037455816,0.005073964,0.58665514,0.004458097,0.039498977,0.07333486,0.08514869,0.16493766,0.07027601,0.009558111,0.13587613,0.13561378,0.011923342,0.098390505,0.22152705,0.22564429,0.112852335,0.0955439,0.05818844,0.10287413,0.029972572,0.025549913,0.1752341,0.75606716,0.6415375,0.18751176,0.011676487,0.0030772951,0.047988247,0.06431371,0.025733454,0.81311613,0.061755244,0.04422369,0.024045527,0.05841761,0.02222519,0.073101915,0.017063607,0.094426066,0.2505943,0.12051178,0.017236767,0.09690607,0.19766682,0.053528894,0.026155178,0.02309736,0.057219796,0.51771826,0.057387393,0.17576271,0.05667104,0.021318397,0.01925392,0.0065198704,0.18517143,0.5582678,0.075178444,0.48279065,0.02443822,0.07429362,0.033191163,0.03715858,0.06055843,0.0133172665,0.16565533,0.016146878,0.25096408,0.050679587,0.029617665,0.019421987,0.033019878,0.042658634,0.010033273,0.08656129,0.059104808,0.013837435,0.02918859,0.042949773,0.002307668,0.109956235,0.09014405,0.09165604,0.028257059,0.17997104,0.27680004,0.07272023,0.017051391,0.27709907,0.09009452,0.0013296653,0.023728937,0.026949968,0.01691794,0.21935819,0.0061934316,0.37789205,0.06074219,0.11572327,0.099851266,0.006459529,0.014082079,0.022594994,0.013028103,0.008484836,0.0013485792,0.07343008,0.020794833,0.7441177,0.046819758,0.34560776,0.09514016,0.23356828,0.043045904,0.06779478,0.0091677755,0.02015388,0.03091602,0.013626938,0.13970187,0.02195814,0.0063007083,0.23634441,0.1024486,0.15213776,0.32578185,0.32432386,0.021602368,0.047801714,0.09461699,0.33294478,0.036735557,0.1090153,0.7302222,0.45252892,0.045411874,0.19084269,0.02207235,0.011888573,0.004111354,0.016360898,0.013723958,0.021955747,0.01416349,0.08753099,0.076887384,0.13514213,0.005176603,0.06028915,0.0038229804,0.007089701,0.074888416,0.15621306
BC2026_Train_0011_S03_20211114_200000_60,0.0010187596,0.0035068532,0.0006335312,0.8787285,3.974204e-08,0.01619187,0.020345265,0.013137268,0.013333679,0.55779785,0.9551657,0.003105413,0.0004968167,7.875439e-09,1.0287376e-07,0.004305077,0.00051414466,6.212321e-05,0.087585896,0.007897276,0.042127486,2.0221149e-05,0.011382419,0.038568683,0.5038386,5.3679623e-06,0.006813218,0.039819892,0.0045576124,0.10448646,0.009509321,0.0007846338,0.030972738,0.010949643,0.0017493656,0.0012207011,0.009784078,0.00062830857,0.0050688507,0.0032178792,0.041131373,0.003525365,0.018497301,0.0019692723,0.00035157858,0.00035157858,0.006423926,0.00057172537,0.0003957065,0.0006469042,0.0013900473,0.0014364152,0.0014364152,0.015717143,0.0011329136,2.4796678e-08,0.0017510493,0.022355089,7.868036e-06,0.0050907247,0.029135382,0.00010013621,0.038430553,0.14518997,0.00074706646,0.0008508165,0.0054966114,0.00017282784,0.00013199002,0.0043711266,0.001073722,4.515531e-05,0.018115047,0.03972242,0.043310132,0.060476843,0.06588225,0.19744205,0.10542817,0.02831315,0.053416315,0.0056048124,0.42348272,0.0032493859,0.04428863,0.10001939,0.05857169,0.11871093,0.053593446,0.012232497,0.16102374,0.12636134,0.009215242,0.15398763,0.15708661,0.1509769,0.31479764,0.13004601,0.046769183,0.16834424,0.029556982,0.036917847,0.20665005,0.6725389,0.6124457,0.2603733,0.013394251,0.0041741887,0.06010476,0.08689147,0.034862448,0.84182465,0.030762967,0.048260342,0.03346317,0.09407676,0.017213723,0.08283927,0.018707037,0.11728845,0.40293595,0.16244848,0.024901805,0.07449851,0.1826144,0.029377868,0.037451133,0.03251852,0.048303783,0.69063795,0.064571016,0.20417657,0.029919771,0.029639887,0.03469099,0.00654412,0.1558383,0.5231949,0.08792954,0.36255273,0.021165835,0.054000016,0.03195118,0.034822073,0.059379745,0.010246819,0.09181304,0.008629796,0.3775275,0.06450929,0.025415268,0.013416145,0.041719973,0.03095402,0.01575232,0.049236767,0.08777488,0.010314392,0.03172164,0.0445355,0.002697504,0.14895698,0.05723174,0.09506695,0.0214094,0.13293777,0.27557173,0.066615686,0.0253159,0.2660461,0.097665824,0.001129367,0.022173222,0.031290874,0.013168122,0.18753691,0.008688748,0.27317816,0.06270994,0.27849546,0.10041149,0.009556229,0.01878915,0.020122377,0.014927567,0.0067184307,0.0014149685,0.06940999,0.022710668,0.7399066,0.035629902,0.29349536,0.061945792,0.14366725,0.049917318,0.09547713,0.016227806,0.026737247,0.029160036,0.015994871,0.1268976,0.02337495,0.007883215,0.14089525,0.094142735,0.23751485,0.3096356,0.36255884,0.011103967,0.03298328,0.07229481,0.20222051,0.027191276,0.12973161,0.7263849,0.5105538,0.062651426,0.10241068,0.027431065,0.00947522,0.0059584808,0.012613092,0.015528101,0.021688202,0.010283241,0.106433004,0.06994101,0.07961518,0.005060292,0.056352925,0.002669655,0.00701174,0.071056105,0.261652
BC2026_Train_0012_S03_20220211_233000_5,0.0010390306,0.001146462,0.00050514156,0.70163,3.312556e-08,0.00966678,0.004047485,0.061395478,0.003093841,0.00077853724,0.16029519,0.0005392909,0.0005413466,7.57626e-09,1.5373027e-07,0.0028525435,0.00022484874,4.1462456e-05,0.0120652085,0.002386675,0.023584958,1.532053e-05,0.0063490123,0.001257694,0.08678044,4.4766807e-06,0.0011124541,0.026134918,0.0017918498,0.07584521,0.0008494945,0.00031061593,0.0018331495,0.00043951045,0.00036581425,0.00046926405,0.0035186906,0.00010016888,0.00017947522,0.00060901366,0.0011345857,0.0001908409,0.0028862252,0.00084212795,7.017348e-05,7.017348e-05,0.0014116875,0.00016368595,9.644278e-05,0.000110550696,0.0007932664,0.00077378395,0.00077378395,0.00072981894,0.0011526487,2.1095447e-08,0.009162411,0.052790333,9.457192e-06,0.014379294,0.020623714,5.7042675e-05,0.058708776,0.08895259,0.001458199,0.000106650536,0.008561369,7.236804e-05,6.261151e-05,0.006028181,0.0010483766,4.303906e-05,0.017227745,0.019071922,0.016999304,0.020552475,0.03819947,0.16982843,0.11914202,0.01732903,0.017091472,0.004048794,0.21374047,0.004484584,0.021496639,0.06686624,0.29475775,0.23398551,0.08067906,0.008321747,0.11694942,0.11415473,0.020862566,0.004103004,0.27925938,0.16606702,0.02394377,0.020519448,0.04283731,0.01740379,0.019624079,0.004459157,0.102508664,0.64872164,0.72624904,0.07167833,0.01295079,0.0014399067,0.02222837,0.049278423,0.018114826,0.16011596,0.031008227,0.13098928,0.012460699,0.045416646,0.015877666,0.009301086,0.016409762,0.10648657,0.16177449,0.12580487,0.043011717,0.10214547,0.16328546,0.024978198,0.046273563,0.029206479,0.046755053,0.057103097,0.014646593,0.40739986,0.016938904,0.01123606,0.021217918,0.004794684,0.101788804,0.1828364,0.08096513,0.31553015,0.013517064,0.036579084,0.034566883,0.07717891,0.030975513,0.011718967,0.033956043,0.0073760645,0.028695537,0.04643848,0.004321502,0.040500276,0.023907661,0.1115748,0.030761832,0.03601625,0.015503446,0.010819096,0.052744646,0.054374885,0.0019808635,0.13284095,0.009804808,0.0717904,0.057857238,0.136672,0.0035627712,0.035416916,0.030369088,0.24315204,0.10039532,0.0014316819,0.030830683,0.06458327,0.024328316,0.044834074,0.0059751123,0.59902644,0.019524248,0.19824384,0.039293937,0.012016669,0.027654562,0.041615877,0.0061867037,0.011192207,0.0019557085,0.042499498,0.013117372,0.47448966,0.02343491,0.040320765,0.2667917,0.16917056,0.050695337,0.0436331,0.0143873375,0.028135609,0.06201809,0.0047750934,0.04573055,0.011285994,0.005903661,0.09202215,0.08866428,0.1223038,0.3984369,0.34870648,0.004693705,0.053393964,0.30341497,0.32673806,0.05138214,0.057036646,0.7727171,0.17569333,0.021077141,0.1352129,0.08319462,0.009301313,0.01388345,0.018080525,0.010240087,0.0048296326,0.031719748,0.0877926,0.01243504,0.07051276,0.00724714,0.071152315,0.0031556035,0.005820011,0.027388494,0.22578387
BC2026_Train_0012_S03_20220211_233000_10,0.00073343725,0.0012562695,0.0004913883,0.67032796,3.07704e-08,0.0152197685,0.0057317186,0.014043375,0.0026011541,0.0008470348,0.121002175,0.0006560511,0.00037426414,7.715791e-09,1.3375632e-07,0.0032341701,0.00042462355,5.418059e-05,0.011845854,0.0034325633,0.022694148,1.8787774e-05,0.0067820977,0.001269436,0.09524833,5.113872e-06,0.0012163926,0.030397516,0.00184989,0.07495215,0.0009773242,0.00033765752,0.0020987613,0.00046241705,0.0003675657,0.0005258441,0.0038012064,0.00010705974,0.00017514902,0.00075426034,0.0012037016,0.00018656281,0.0032468264,0.00094035116,7.294016e-05,7.294016e-05,0.0015489109,0.00016582938,0.000107816995,0.0001253525,0.00087319897,0.0008604688,0.0008604688,0.00072502065,0.0019781303,2.0484741e-08,0.009164114,0.042413697,1.1668413e-05,0.009458385,0.025029475,6.4031665e-05,0.046586927,0.10364376,0.0013636289,0.000104556595,0.007271973,8.9543915e-05,5.723935e-05,0.0073106093,0.0010487454,5.278623e-05,0.015978143,0.016599698,0.015004333,0.02576683,0.045947533,0.20314208,0.13910872,0.021401156,0.038120717,0.0042622797,0.26188308,0.006174826,0.03047627,0.09014276,0.12233869,0.17466758,0.120751426,0.007562427,0.08640909,0.08365732,0.019604014,0.0040681097,0.15816987,0.13784456,0.034772895,0.026682058,0.038799785,0.02680479,0.023754982,0.0059580863,0.09088479,0.5944346,0.6076306,0.051203646,0.02844594,0.0013565144,0.023890683,0.06155108,0.022906944,0.1809818,0.026099818,0.1113717,0.010609308,0.04766079,0.012978917,0.01100927,0.013057416,0.110666476,0.24119115,0.09161477,0.06533898,0.13703886,0.11519772,0.02802672,0.07771334,0.020737572,0.056294195,0.04755231,0.011653483,0.36002472,0.018885856,0.013188399,0.024826193,0.008778446,0.13835876,0.25522545,0.058565434,0.2278617,0.008336831,0.035285473,0.028427921,0.13132425,0.025719773,0.01081873,0.038647056,0.008208247,0.040086757,0.05297463,0.006380441,0.050563727,0.02288528,0.071489766,0.032044563,0.03400977,0.013165824,0.017270414,0.10180184,0.05089874,0.0021079155,0.14867644,0.010179969,0.08214453,0.11369732,0.12164704,0.0040673036,0.04916533,0.03141352,0.24886207,0.15129444,0.0025871757,0.0383054,0.086993955,0.024382629,0.02758708,0.0077434,0.53450817,0.022927685,0.18061493,0.040562913,0.01328943,0.031013817,0.043339573,0.005592334,0.022957427,0.0013626026,0.0522702,0.014060254,0.4477525,0.03307317,0.04969597,0.23492208,0.1802582,0.053187963,0.054743115,0.019155944,0.028195864,0.05771972,0.00490877,0.04420403,0.014218484,0.005823299,0.16466632,0.07084761,0.11237465,0.363849,0.27910253,0.005615883,0.06253289,0.22915535,0.24640721,0.07998742,0.10456276,0.72278714,0.18413743,0.017833227,0.15633431,0.06645439,0.014269604,0.010426981,0.017235832,0.018716602,0.0044025914,0.057031438,0.10498199,0.020923775,0.09977197,0.010601097,0.08322573,0.0032261105,0.007921486,0.018582204,0.23583485
BC2026_Train_0012_S03_20220211_233000_15,0.0006092797,0.001054964,0.00039493243,0.6995943,2.9512604e-08,0.010880989,0.003451318,0.011519787,0.0024452338,0.00067405123,0.09245131,0.00055439025,0.00037055893,7.8212e-09,1.2335937e-07,0.0022999528,0.00041487807,3.813566e-05,0.011109282,0.002032101,0.024080275,9.30849e-06,0.006339762,0.0013090364,0.06683951,4.1524586e-06,0.0009928164,0.030624934,0.001613547,0.069593936,0.00065153884,0.00032167853,0.0015640609,0.00045146042,0.00036459428,0.0005045597,0.0032685676,9.490664e-05,0.00014620731,0.00063425594,0.0010605119,0.00016453065,0.0030243618,0.00089135993,6.9888214e-05,6.9888214e-05,0.0015404243,0.00015802449,0.000103275066,0.000120761106,0.00075321394,0.0007758932,0.0007758932,0.0006296607,0.0009757849,1.959871e-08,0.009189043,0.078993656,1.1017443e-05,0.010279301,0.020974878,5.4721248e-05,0.06718229,0.08733417,0.0016657973,9.555947e-05,0.006067356,7.617066e-05,6.5595385e-05,0.0057303007,0.0010512149,4.677049e-05,0.014694814,0.021372259,0.015422946,0.048908755,0.040919416,0.15114413,0.08109246,0.017638499,0.030849963,0.004120522,0.3094362,0.005129103,0.021702884,0.062982686,0.15658124,0.18624924,0.044701688,0.009632933,0.089725636,0.09655135,0.024485007,0.0034140253,0.2597838,0.1592846,0.02017767,0.019062143,0.05434269,0.030597307,0.020696478,0.005797733,0.07366892,0.5934768,0.62769043,0.039413817,0.024305308,0.0014198396,0.020478135,0.037044864,0.016671196,0.18630677,0.027276786,0.14776532,0.014368946,0.038703233,0.015354111,0.007361548,0.011511672,0.12603635,0.13313758,0.12020951,0.03570163,0.1188623,0.13105828,0.020086337,0.0852102,0.029873224,0.04241618,0.05088259,0.013503539,0.45413294,0.01802573,0.01522213,0.02309032,0.0062416787,0.092357695,0.12894854,0.07074385,0.21579318,0.007423393,0.05810678,0.029991746,0.08588256,0.021420809,0.01436113,0.029713042,0.007303375,0.028081862,0.03934389,0.0060213604,0.029933188,0.03526034,0.105369486,0.038348954,0.033148043,0.016079029,0.01914064,0.061817612,0.037454918,0.0019296114,0.12891537,0.008789774,0.061813533,0.06558666,0.12744507,0.0052195615,0.034867026,0.01790537,0.24569584,0.10435592,0.0013221799,0.019229542,0.053440224,0.016688725,0.027766054,0.007636913,0.6440081,0.028067932,0.18725277,0.029034529,0.016743537,0.040015448,0.025757967,0.0066118143,0.013557444,0.0017266483,0.03376876,0.011210682,0.36494276,0.018912606,0.05136663,0.20883328,0.16972436,0.059889477,0.047193408,0.035229933,0.02122617,0.060653232,0.0041027516,0.04006081,0.017074982,0.005552282,0.09860363,0.07033385,0.109269775,0.5349854,0.28088415,0.005113153,0.092669636,0.23968785,0.37701613,0.031834505,0.18239552,0.7592977,0.1871121,0.01654825,0.13497424,0.0524936,0.016944075,0.008526204,0.018308312,0.007311085,0.0045296727,0.035375293,0.051086396,0.016049162,0.069105275,0.011227304,0.066427246,0.0032674372,0.01140518,0.018233152,0.15776108
BC2026_Train_0012_S03_20220211_233000_20,0.0008275776,0.0010791906,0.00039906235,0.59319305,3.2587437e-08,0.016700823,0.00379266,0.0048211217,0.0029625474,0.000775218,0.13353865,0.0004616751,0.0004311394,9.162504e-09,1.1900226e-07,0.0026558805,0.00017462761,5.4515334e-05,0.011703498,0.0034047398,0.03497605,1.4193288e-05,0.007505405,0.0014944957,0.06946558,4.436136e-06,0.0007868108,0.03444066,0.001621862,0.06031404,0.0006394106,0.000291061,0.0015771803,0.00044194076,0.00036332893,0.00045507448,0.0030029556,0.00010140337,0.0001505561,0.00058127404,0.0011076775,0.00017045203,0.0026734069,0.00079587515,6.42935e-05,6.42935e-05,0.0014678175,0.00015706531,0.00010305537,0.00011852579,0.00069998275,0.0006996389,0.0006996389,0.0006306678,0.0008160051,2.182267e-08,0.009205751,0.08308007,1.0378881e-05,0.014786643,0.01685064,5.7959143e-05,0.035820425,0.114036575,0.0018520312,0.00010049165,0.015649097,7.7298784e-05,5.5979956e-05,0.0074140145,0.0010514256,4.6225934e-05,0.020875175,0.023036998,0.008656072,0.040347483,0.044531595,0.15652117,0.13604127,0.026099397,0.028140094,0.0031819015,0.28929678,0.005725056,0.030974781,0.0614279,0.18861076,0.2567327,0.057452094,0.009497462,0.11283234,0.1303682,0.0346099,0.0032935068,0.3960155,0.1591372,0.014662689,0.0264084,0.062136583,0.02643022,0.015581333,0.00588726,0.08935682,0.5870958,0.71302557,0.038370166,0.014803711,0.001523101,0.019816991,0.04862806,0.016553769,0.17958389,0.023664426,0.14394519,0.01350496,0.03814011,0.015919192,0.009321767,0.011566171,0.12258728,0.19838543,0.11546141,0.04684457,0.109970614,0.15942508,0.029281037,0.06864881,0.02340171,0.036750905,0.052453816,0.01636212,0.41678458,0.015616167,0.015643314,0.05592481,0.0061526154,0.108663104,0.20834789,0.091136225,0.1693283,0.00687407,0.04392713,0.030321095,0.080671765,0.027280195,0.035485134,0.025219867,0.008133177,0.026357908,0.039166074,0.00720882,0.028406281,0.025722692,0.12099975,0.031774137,0.028832875,0.016483665,0.008661708,0.05646283,0.04955116,0.0021790268,0.11185332,0.013184921,0.08345531,0.05656821,0.13626409,0.006589183,0.030225689,0.026816793,0.22831485,0.12209979,0.001785964,0.028299931,0.060301505,0.014263622,0.035578486,0.008324626,0.5927172,0.026209606,0.25026628,0.024595827,0.013315059,0.025469689,0.026695311,0.005050296,0.010402015,0.0016883094,0.03056553,0.0150240185,0.3422037,0.014907833,0.04165239,0.22614521,0.1604042,0.055296753,0.033011958,0.013649537,0.017718911,0.06429181,0.005498288,0.054795723,0.014938387,0.0083772,0.09681793,0.08188603,0.12707336,0.56915355,0.37534016,0.0049329335,0.058617916,0.35967654,0.36761692,0.06050026,0.06781958,0.75341856,0.16818228,0.019320799,0.17178497,0.054578897,0.019493945,0.013818477,0.01570208,0.011267332,0.0052049416,0.03873082,0.058224853,0.015128034,0.06080287,0.013473304,0.06609155,0.003862205,0.0073894914,0.023466839,0.16694553
BC2026_Train_0012_S03_20220211_233000_25,0.0009826194,0.0011031559,0.00054805184,0.57011867,2.9726074e-08,0.015260497,0.006107258,0.0046992633,0.0029364822,0.00078434264,0.12913226,0.0005901981,0.0005027727,1.0012874e-08,1.3764863e-07,0.0028168273,0.00022368184,4.6785735e-05,0.009208526,0.0033831531,0.028024726,1.2206638e-05,0.0071178637,0.002744645,0.06464487,5.437798e-06,0.00091372564,0.042205844,0.0017717968,0.067356646,0.00061894476,0.00028058412,0.0015288965,0.0004698132,0.00036364145,0.00044634572,0.0029387483,0.00010222382,0.00014803394,0.0005744309,0.0011161402,0.0001720158,0.0026676515,0.0007696093,6.423629e-05,6.423629e-05,0.0014783822,0.00015873878,0.000105121646,0.000120323704,0.00070256746,0.00069489586,0.00069489586,0.0006246302,0.00074377627,2.2529692e-08,0.009261187,0.09042389,9.44255e-06,0.016127853,0.02014535,5.5591583e-05,0.0302433,0.1365487,0.00221303,0.0001042841,0.015252156,8.3463456e-05,5.5349436e-05,0.007669143,0.0010529127,4.4778073e-05,0.024745112,0.022917587,0.0085658915,0.030320078,0.04539306,0.122815214,0.10502967,0.02490366,0.042583838,0.003200865,0.21633624,0.00832282,0.016262176,0.058018744,0.14613192,0.20296076,0.07104795,0.01011665,0.08166927,0.11069871,0.051242158,0.0036017355,0.16768461,0.17880161,0.008864304,0.032745264,0.05709223,0.018444672,0.014882436,0.0059534097,0.07842783,0.632459,0.7269909,0.048450876,0.0109334225,0.0013473938,0.02203086,0.05580779,0.011385668,0.20171459,0.02880894,0.13137183,0.010712766,0.03311758,0.01218709,0.009592727,0.011715108,0.085051924,0.14369738,0.09890223,0.027014129,0.09038909,0.19348411,0.017611068,0.05154513,0.022339197,0.03252932,0.034532435,0.011364954,0.37390566,0.01439527,0.0119722,0.028063735,0.005677429,0.084735654,0.14351743,0.09459338,0.17903735,0.009108894,0.04585374,0.023395251,0.101946875,0.024839152,0.021341769,0.028174447,0.0057903854,0.01990885,0.036171284,0.0073755565,0.031406518,0.03445219,0.09160363,0.0342236,0.02059547,0.013768174,0.0060011866,0.028263431,0.037681416,0.001583477,0.09100153,0.013703121,0.07421893,0.04764319,0.10734389,0.004336224,0.018867837,0.031070145,0.2517379,0.096980534,0.0015013288,0.016483424,0.057883807,0.011503426,0.042883445,0.007614066,0.5981891,0.021851027,0.22496924,0.024178335,0.009939871,0.026191412,0.03012572,0.0046208915,0.012400979,0.0014108232,0.037467945,0.012631989,0.3732633,0.018866945,0.045302786,0.22641352,0.10161781,0.035738915,0.034421552,0.013852385,0.02219068,0.067639366,0.0051699704,0.045707982,0.011087303,0.0064772367,0.14161916,0.059099644,0.120392114,0.34826362,0.3193179,0.0038235157,0.06357359,0.31665835,0.28652275,0.05663153,0.0663241,0.7771225,0.18056431,0.019287033,0.21090199,0.062160663,0.018071868,0.007745524,0.017800283,0.010004793,0.0052300394,0.01926646,0.043322384,0.011818158,0.062105726,0.029490616,0.047027398,0.0055087293,0.008709803,0.050393067,0.13536607
BC2026_Train_0012_S03_20220211_233000_30,0.0011041485,0.0015129284,0.0006710951,0.5000062,3.6247005e-08,0.014709594,0.020733556,0.0069150585,0.004456051,0.00091489125,0.31162202,0.0013305412,0.00045481985,7.547902e-09,1.3347207e-07,0.0032846946,0.00016760058,5.264033e-05,0.009131205,0.0016915207,0.018577715,1.2566721e-05,0.012310756,0.0018582975,0.08746563,4.8615248e-06,0.0013362723,0.04087145,0.002013798,0.10732059,0.0008998873,0.00040600018,0.0019768751,0.00063398114,0.00036621265,0.0006364982,0.0040160175,0.00015186665,0.00020876747,0.0008012039,0.0015524473,0.00024389267,0.0037767736,0.0010436454,9.386333e-05,9.386333e-05,0.0020151536,0.00021641626,0.00014020501,0.00016890472,0.0010012096,0.0009712126,0.0009712126,0.00088719156,0.00069895614,2.4531198e-08,0.009216885,0.0867705,1.1223573e-05,0.018409133,0.029249612,5.65695e-05,0.02640726,0.11328997,0.0021153965,0.00011768701,0.009663587,7.922927e-05,6.8788155e-05,0.0072417944,0.0010528874,4.716409e-05,0.014438393,0.026660817,0.011657532,0.047783278,0.046927556,0.14768174,0.11742568,0.026362263,0.045468226,0.0032378198,0.23813312,0.00430534,0.025263878,0.08876725,0.24369735,0.2724092,0.036898747,0.0065044956,0.11322798,0.21089761,0.022049665,0.003999721,0.26319155,0.15355754,0.016412688,0.021216331,0.056409605,0.025651485,0.015550357,0.00526584,0.09843309,0.61903024,0.71846724,0.07406897,0.013796892,0.001973666,0.017439205,0.045963604,0.019611392,0.19439766,0.030912107,0.072504,0.0124534555,0.041284755,0.0114119705,0.007706564,0.010439304,0.07061944,0.17229654,0.10931492,0.027121494,0.09372755,0.21865994,0.014125243,0.054625608,0.021816514,0.037506137,0.033193823,0.035188884,0.32548717,0.01592912,0.012760445,0.025448002,0.005607448,0.100404374,0.13341525,0.09681111,0.2017694,0.005822002,0.11622772,0.030476943,0.15623884,0.028563283,0.014776067,0.038612403,0.013828548,0.03525985,0.039298777,0.005761239,0.047023818,0.029089816,0.13420269,0.05840515,0.026974883,0.017042857,0.0068773595,0.04451445,0.031787362,0.0024404684,0.073156245,0.01568023,0.067410566,0.041633442,0.16844983,0.0074302168,0.04203499,0.030506467,0.21347582,0.14295198,0.0017765429,0.015174183,0.064530216,0.0103672445,0.0385476,0.0057614623,0.5803874,0.017514568,0.5423698,0.04293822,0.0074046534,0.02577045,0.040739413,0.0041019768,0.008867131,0.0015869677,0.031850804,0.01514298,0.50665313,0.014137877,0.05199089,0.22869503,0.111947834,0.045369714,0.03956504,0.01782549,0.018387597,0.086586274,0.007820982,0.053460773,0.015795251,0.0053909663,0.11333212,0.061680645,0.07708344,0.42819393,0.35585076,0.0042713056,0.075217634,0.5392207,0.26138932,0.08377823,0.08572274,0.76874995,0.22482783,0.019918872,0.22456121,0.05552482,0.024465796,0.008879965,0.016138382,0.011438992,0.0060248827,0.02775633,0.06222369,0.0115125,0.07468885,0.014531186,0.04763869,0.00323025,0.00518577,0.03721944,0.16914421
BC2026_Train_0012_S03_20220211_233000_35,0.0011107618,0.0013833725,0.00071804534,0.507861,3.3897432e-08,0.016730454,0.007267927,0.0060967235,0.0044298954,0.0008013631,0.09888957,0.0014801333,0.00047057754,8.823659e-09,1.2159222e-07,0.0025210907,0.00024588095,4.379912e-05,0.012533605,0.00186107,0.024955451,1.236035e-05,0.015337112,0.0013608023,0.0992468,5.1426396e-06,0.0011566604,0.037470825,0.0019773187,0.090798244,0.00077699334,0.00039183148,0.0018089872,0.00054173166,0.00036479437,0.000594994,0.003544956,0.0001265139,0.00018505164,0.00068368827,0.0013771163,0.00021128725,0.0033650983,0.0010064191,8.466978e-05,8.466978e-05,0.0018353161,0.00020222414,0.00012748182,0.00014771786,0.0008945693,0.000865815,0.000865815,0.00078362774,0.00052647584,2.360888e-08,0.009194053,0.09562785,1.0392092e-05,0.01197335,0.028681431,6.0978873e-05,0.03011785,0.1480601,0.0012036113,0.00013298758,0.010681972,9.549357e-05,5.9843627e-05,0.008589206,0.0010485265,3.9701234e-05,0.012615575,0.020713883,0.008842398,0.039567295,0.047488324,0.10973172,0.10927493,0.028425977,0.043105397,0.0032055064,0.21390958,0.0049304212,0.02376642,0.047904655,0.19227743,0.24786903,0.047777217,0.007071284,0.12122577,0.2980919,0.025473602,0.00410782,0.28098303,0.24157043,0.012130448,0.01290828,0.061116483,0.028788298,0.013709618,0.0072392956,0.09420305,0.6217765,0.7000517,0.039789297,0.0118827475,0.0016786718,0.02000864,0.04478439,0.017534107,0.18147843,0.020522822,0.10684685,0.010593676,0.040816247,0.013757315,0.00729365,0.009181875,0.08170108,0.20139985,0.097867146,0.031292718,0.09463894,0.19007505,0.01810688,0.062417522,0.023442242,0.027532779,0.049604334,0.026227519,0.35954258,0.017905146,0.014164579,0.024168048,0.012028101,0.10010662,0.14567874,0.103158645,0.15387446,0.005639523,0.078527816,0.023411404,0.08764643,0.025364222,0.025047533,0.035818335,0.0055197915,0.0343752,0.042152923,0.0049513658,0.058564045,0.025356265,0.09212,0.045016617,0.026035082,0.013927444,0.007188467,0.035804793,0.04295913,0.0020279735,0.08524212,0.014247713,0.07387316,0.04658841,0.15710743,0.0069615887,0.03742171,0.025129573,0.20999518,0.080491886,0.0018868339,0.023167487,0.045310408,0.012047024,0.037441045,0.006997807,0.55280274,0.019230139,0.44156766,0.03103131,0.010557415,0.019080633,0.03490973,0.0037808407,0.010017586,0.0020085492,0.036165103,0.014115427,0.3484992,0.017667389,0.037866052,0.24069728,0.122429915,0.03548141,0.04012214,0.0168788,0.020936199,0.08598843,0.0068668984,0.033014882,0.014543256,0.00561326,0.08151806,0.073500514,0.07619011,0.5398712,0.34788212,0.004211274,0.08057107,0.3233845,0.31740952,0.053100694,0.08283735,0.76372164,0.20026411,0.015841361,0.16328251,0.045446504,0.02392628,0.0070143347,0.0146301985,0.011424004,0.005460394,0.019071814,0.046224996,0.009063921,0.09428309,0.013559358,0.052297533,0.0032096081,0.0069693583,0.03335878,0.16193657
BC2026_Train_0012_S03_20220211_233000_40,0.0011994932,0.0011946952,0.00044272564,0.48429748,3.1666502e-08,0.01587382,0.0067368993,0.00864978,0.003998117,0.0010678836,0.1321888,0.00046992314,0.0005353327,8.666423e-09,1.284336e-07,0.0024983215,0.00021001161,5.224499e-05,0.01131513,0.0020889787,0.0167803,1.3611148e-05,0.018480282,0.0013276862,0.09233051,5.5717846e-06,0.0009137659,0.034260094,0.0014629771,0.07062118,0.0006555601,0.00031509582,0.0015156077,0.00046629857,0.0003647541,0.00047764825,0.0029680775,0.0001101872,0.00015494818,0.0005900745,0.0011392776,0.00018660285,0.0027497981,0.0008148482,7.2642106e-05,7.2642106e-05,0.0015704026,0.00017470718,0.000105515785,0.00012714442,0.00076706713,0.0007345842,0.0007345842,0.0006549353,0.000516825,2.132854e-08,0.009218801,0.11203485,1.1528276e-05,0.016582707,0.028424455,6.7918816e-05,0.038070608,0.15465868,0.0013851948,0.00011391844,0.009029285,9.097474e-05,5.551973e-05,0.007871577,0.0010505414,4.2041316e-05,0.013543604,0.020514397,0.008656509,0.041759327,0.033108205,0.12671106,0.093817346,0.023526877,0.038162045,0.003177165,0.20114973,0.0047084074,0.021451596,0.052505713,0.20597684,0.17674117,0.05609037,0.006758951,0.11118052,0.13271812,0.033946708,0.004225312,0.22393024,0.15731877,0.016703319,0.013410532,0.06366284,0.030743338,0.014322411,0.0065889508,0.10238682,0.6167605,0.70590574,0.048846126,0.013634666,0.0018858812,0.01901743,0.04165565,0.017436579,0.21600062,0.027245056,0.12520921,0.010800753,0.04307464,0.013811289,0.008088968,0.007875175,0.07922211,0.20509323,0.11617862,0.037074346,0.0959861,0.16797225,0.012763409,0.053076647,0.025891833,0.028429028,0.043647185,0.011637781,0.3742617,0.0134534,0.010480615,0.031123985,0.007411636,0.088878356,0.14638713,0.10007819,0.16852008,0.0060132523,0.08314046,0.02672857,0.061736044,0.020939663,0.014089583,0.030869236,0.006424466,0.023932464,0.037993945,0.0048010875,0.04719431,0.029484058,0.11068424,0.033959053,0.028981837,0.018537011,0.0072174063,0.04418827,0.036632385,0.0018190022,0.08090965,0.014058829,0.07460219,0.05032992,0.1753285,0.00733568,0.03839308,0.024760757,0.20632213,0.0898005,0.001964079,0.01849617,0.050488945,0.011521005,0.037867434,0.0056998087,0.49422845,0.02139211,0.21997093,0.03066428,0.007816605,0.025283841,0.036865845,0.0047976864,0.010615564,0.0018573266,0.040853295,0.013768028,0.3793285,0.024840768,0.03724096,0.20674463,0.1336541,0.043491133,0.03166736,0.024490073,0.019272016,0.07528667,0.008100342,0.040327244,0.01322362,0.005464235,0.103844,0.07672403,0.088219196,0.34260803,0.3490801,0.0046709874,0.07759612,0.4064888,0.29967037,0.053583026,0.069738,0.7690963,0.21163395,0.016411077,0.16866371,0.039210152,0.020530745,0.008458735,0.020160869,0.008763542,0.005653447,0.016281137,0.051997986,0.010007377,0.090412624,0.0122817345,0.057522196,0.00377172,0.0060236845,0.024355734,0.14728957
BC2026_Train_0012_S03_20220211_233000_45,0.0015654927,0.0013602106,0.0005026899,0.439522,3.330327e-08,0.013910656,0.005373856,0.020276083,0.0044422452,0.0019683607,0.29663718,0.0007767745,0.00041986207,9.376587e-09,1.2107839e-07,0.0042853425,0.00015479651,5.6255965e-05,0.012187617,0.002748402,0.040817544,1.2083405e-05,0.014374916,0.0006750618,0.09094636,4.1380827e-06,0.001198537,0.02631108,0.0017567077,0.08704761,0.0009229555,0.00038970975,0.0018853927,0.0005993414,0.0003670756,0.0005404277,0.0036212478,0.000125465,0.00021850035,0.0005987923,0.0014086083,0.0002807968,0.0031978483,0.00095179596,8.767621e-05,8.767621e-05,0.0016904036,0.0002224889,0.00012920063,0.00016056126,0.00092914223,0.0008813438,0.0008813438,0.00084070355,0.0008993241,2.1649681e-08,0.009285086,0.0714967,1.1466835e-05,0.014067599,0.022678591,5.308627e-05,0.03696819,0.12179148,0.0020357,0.00012308989,0.014204118,9.3948234e-05,6.1903746e-05,0.0088155065,0.0010534511,4.9700215e-05,0.012450391,0.013037497,0.010204624,0.03840971,0.035977546,0.0918601,0.08601635,0.013782447,0.04153101,0.0034584398,0.122671194,0.0045159007,0.019174598,0.054363914,0.09383645,0.18074259,0.06350029,0.006942309,0.09493166,0.12929557,0.029855173,0.0036217219,0.24912655,0.123238616,0.014083646,0.03915035,0.04269114,0.026276793,0.014313712,0.0063993386,0.10174146,0.63531977,0.64055574,0.034044474,0.023649221,0.0013876499,0.01656421,0.032933418,0.011633246,0.16193691,0.024663338,0.062113803,0.010825488,0.02450618,0.008482984,0.009816044,0.0075633293,0.075672604,0.17605056,0.09175433,0.026205875,0.1056708,0.12913692,0.018866159,0.050713435,0.015986666,0.02792992,0.04913117,0.011528122,0.35117722,0.01581012,0.011147963,0.019975452,0.0046483446,0.09450305,0.15415038,0.06307143,0.22685662,0.004941191,0.06295725,0.015999185,0.0678132,0.025331585,0.012644161,0.02076658,0.014474328,0.026394177,0.028344914,0.004965531,0.03058884,0.023719653,0.1517264,0.020056231,0.020213705,0.020163141,0.010019272,0.05279634,0.034665026,0.0018170286,0.041519806,0.01055674,0.08301595,0.044410035,0.20107044,0.0063676527,0.02446851,0.028011728,0.24165927,0.086893894,0.0018090628,0.02038316,0.05059274,0.014413369,0.029357405,0.007045952,0.37052813,0.026509423,0.16066001,0.030813036,0.006143436,0.029343244,0.04516642,0.005410531,0.01123185,0.0026674012,0.032446235,0.015177247,0.3036706,0.016225398,0.03983552,0.17321736,0.08861488,0.04068728,0.04409455,0.01755029,0.016707232,0.07094639,0.007012088,0.034098454,0.014391437,0.004661116,0.057036646,0.04363397,0.08247335,0.1859153,0.31796584,0.0032385855,0.06665434,0.53593034,0.2699613,0.0674792,0.091857575,0.735882,0.18571274,0.019882135,0.11108421,0.04079511,0.017445974,0.011486591,0.014753589,0.010365087,0.0066692345,0.036876705,0.050443016,0.011554145,0.063372254,0.012676479,0.03628915,0.003021311,0.004721012,0.028373197,0.24551092
BC2026_Train_0012_S03_20220211_233000_50,0.0010935119,0.0013943914,0.00050895486,0.5083883,3.141223e-08,0.016175594,0.012946781,0.009381409,0.0047388296,0.0014609409,0.14595824,0.0006872687,0.0004970797,8.348874e-09,1.3215853e-07,0.0044047083,0.00030011666,5.446509e-05,0.012459488,0.0018775447,0.016671307,1.4233955e-05,0.018531624,0.00078841776,0.11331448,4.6118503e-06,0.0012380002,0.02753947,0.0017896077,0.0761813,0.00085602625,0.0003867821,0.0018266233,0.0006141239,0.0003652875,0.0005731567,0.0035544122,0.00012538552,0.00019066989,0.0006583579,0.0013072421,0.00025188387,0.0033869294,0.00097129954,8.8951674e-05,8.8951674e-05,0.0017500531,0.00022556949,0.00012305558,0.00015729653,0.00097404805,0.0009158065,0.0009158065,0.0007789307,0.000777704,2.169667e-08,0.009238661,0.07180019,9.781128e-06,0.013735625,0.024642957,5.8027916e-05,0.04053976,0.13384311,0.00279653,0.00012258398,0.010129678,8.661163e-05,6.4052154e-05,0.008051146,0.001052461,4.8337904e-05,0.012832441,0.017106676,0.008564567,0.024160964,0.05121479,0.08056739,0.1506089,0.021607528,0.047404177,0.004088106,0.1414659,0.004171707,0.024316456,0.055415235,0.14790884,0.28875914,0.07194656,0.008857299,0.12801465,0.097204804,0.03030272,0.0039242385,0.3136116,0.13039522,0.013470081,0.023710724,0.03700599,0.032113202,0.015081753,0.0060776332,0.08880144,0.6125198,0.6061869,0.06308166,0.013493763,0.0014173918,0.016279208,0.040841643,0.012826495,0.16628568,0.02183706,0.066773444,0.012113863,0.023242617,0.007924166,0.0069565596,0.00886631,0.060846843,0.16337803,0.06496612,0.02258049,0.117557265,0.09513479,0.015902944,0.045076545,0.016800016,0.02897523,0.050872635,0.0113751395,0.31764713,0.01919725,0.010965984,0.03085869,0.0068788338,0.116296425,0.1423761,0.0519445,0.23061031,0.007773193,0.06334333,0.018095575,0.06684415,0.03305988,0.01757839,0.019887567,0.0052872133,0.03333582,0.036901377,0.00574219,0.023190929,0.02269984,0.111541316,0.024911884,0.020442558,0.027346326,0.008076467,0.052005216,0.048894875,0.0016933709,0.06066357,0.011799464,0.079997145,0.039185923,0.20694847,0.005860815,0.019526137,0.027154265,0.22675121,0.077381596,0.0012390637,0.015718836,0.053455684,0.013415799,0.03206971,0.0059781163,0.52458215,0.02423118,0.15309782,0.023131672,0.0076126074,0.02607844,0.03134979,0.004307828,0.009898128,0.001755148,0.035333987,0.014501057,0.4060114,0.016119631,0.040811546,0.16851813,0.08100478,0.029674575,0.044388883,0.01132494,0.016821014,0.05124666,0.00756686,0.035733636,0.012510495,0.006197503,0.05468229,0.04505399,0.07952691,0.24337575,0.24348505,0.0032171651,0.06768066,0.4090778,0.21861665,0.08284741,0.09343936,0.70664465,0.1800738,0.017266946,0.1724644,0.056350958,0.01780263,0.007913668,0.01745857,0.012506949,0.006126511,0.031207962,0.050679535,0.010145662,0.08513217,0.012786983,0.042870257,0.002759166,0.007222744,0.034862794,0.17204449
BC2026_Train_0012_S03_20220211_233000_55,0.001854812,0.0010492355,0.00057749444,0.53311497,2.9725712e-08,0.015220746,0.009584294,0.007200475,0.0039359555,0.0013805338,0.1548108,0.00056248426,0.0005304571,7.713763e-09,1.264846e-07,0.0031327342,0.00021731853,5.19473e-05,0.009067584,0.0025344426,0.015993278,1.58422e-05,0.014249111,0.00086504343,0.091140896,4.0717996e-06,0.00086963695,0.030227156,0.0014827962,0.07302297,0.00071205763,0.0002750878,0.001402595,0.0004423312,0.00036458278,0.0004377634,0.002799918,9.188754e-05,0.00014143722,0.0004645853,0.0010408338,0.00018157529,0.0025924633,0.00072521216,6.135647e-05,6.135647e-05,0.0012177504,0.0001549413,8.2070444e-05,0.00010897695,0.0007284367,0.0006754378,0.0006754378,0.00059167336,0.000775984,2.0433308e-08,0.009152561,0.07684278,1.0535893e-05,0.016367242,0.023107596,5.0200368e-05,0.033630908,0.10859858,0.0018577685,0.00010622626,0.009713963,8.593733e-05,5.2921656e-05,0.008363423,0.0010465159,4.2299893e-05,0.01516675,0.022564428,0.0075184796,0.055676296,0.12676357,0.114967234,0.16512422,0.019243034,0.042438094,0.0033785873,0.11117982,0.0051100235,0.022381071,0.06142468,0.14689833,0.4524326,0.10043132,0.006576565,0.06467743,0.11022209,0.022719339,0.003400168,0.29821032,0.116309635,0.0155922305,0.058940817,0.039939165,0.048117217,0.020806696,0.005984224,0.08987323,0.6038878,0.6602678,0.07841974,0.016760549,0.0014503909,0.016536538,0.0505849,0.013400674,0.19016586,0.02631961,0.074874505,0.009927328,0.03698848,0.007191856,0.0074137035,0.00752939,0.051950347,0.1386222,0.0912278,0.026554648,0.11883244,0.10381636,0.016041802,0.0587175,0.019807946,0.08009906,0.093524374,0.010069765,0.2975288,0.025941547,0.013863048,0.018823285,0.0044553964,0.10409189,0.15548019,0.07586641,0.22063336,0.0072883493,0.053532604,0.02155588,0.08146023,0.021222498,0.012338122,0.03633999,0.008396948,0.030538915,0.033941537,0.0048811445,0.035392907,0.022340316,0.09254655,0.02144422,0.0386974,0.016501531,0.007615421,0.0396116,0.044296738,0.0023196205,0.09804011,0.014256526,0.0708211,0.053100843,0.18527217,0.0058827233,0.034093004,0.025884688,0.22286212,0.08905903,0.0012737546,0.012932064,0.047747552,0.018734168,0.042933308,0.0053953687,0.42326415,0.020203017,0.19511084,0.0497371,0.009973884,0.023244385,0.043577295,0.0038952068,0.008714527,0.0018514162,0.043492097,0.012493305,0.54383755,0.017795267,0.036737632,0.3413668,0.092856064,0.03684012,0.03966148,0.012120621,0.023486026,0.045761187,0.008838977,0.04121307,0.01613508,0.0065803253,0.1350856,0.06044745,0.07039852,0.24272199,0.27686968,0.004094379,0.045968354,0.3493237,0.19723262,0.07157772,0.12544142,0.68270826,0.18273464,0.023203325,0.12197465,0.056145135,0.013821968,0.008607941,0.020538747,0.015589239,0.0054317913,0.01774991,0.060720928,0.012200314,0.12636478,0.008570111,0.05072149,0.002448875,0.0055220136,0.039000295,0.2006369
BC2026_Train_0012_S03_20220211_233000_60,0.0019630683,0.001673409,0.0006066523,0.30897877,3.5931258e-08,0.014087417,0.005235764,0.010200614,0.004780417,0.0020269987,0.15233058,0.0008447037,0.0005077092,8.914663e-09,1.2855344e-07,0.005126518,0.00017486271,5.9099777e-05,0.010544489,0.0024551614,0.019169312,2.0900288e-05,0.01438746,0.0009795068,0.1295883,3.9105407e-06,0.0016160646,0.02733945,0.001839461,0.07451604,0.0010137714,0.0004500419,0.0021649865,0.00069543254,0.00036307465,0.00064548635,0.004342156,0.00015422615,0.00022483058,0.00076574273,0.001548886,0.00030020747,0.003729619,0.0011115876,0.00011995286,0.00011995286,0.002062497,0.00026721688,0.00014858377,0.00018802877,0.001093629,0.0010420759,0.0010420759,0.0008862439,0.0013972966,2.022317e-08,0.009119105,0.052789096,1.1617265e-05,0.027403481,0.041378472,4.414456e-05,0.03394471,0.17712542,0.0030770462,0.00013925358,0.011546504,8.7339795e-05,5.7344692e-05,0.007754392,0.0010419693,4.2088588e-05,0.011129718,0.013981255,0.009541988,0.032592278,0.050490804,0.10944465,0.07196608,0.0208712,0.03564724,0.0031684663,0.09168862,0.0037498376,0.024753409,0.052410305,0.110918015,0.2573491,0.062140886,0.0074005057,0.075466625,0.12106124,0.024083681,0.0045567704,0.1670568,0.11405886,0.0141975805,0.061694536,0.051751476,0.03508398,0.020754699,0.0060437256,0.085341014,0.59017634,0.5632058,0.03824519,0.021859877,0.0020060188,0.020321663,0.039235637,0.013818876,0.1570945,0.016007928,0.06083882,0.011729396,0.029137144,0.010530411,0.0071389093,0.008849446,0.075709276,0.29979986,0.062263962,0.024967767,0.11346898,0.1327264,0.029978184,0.045228068,0.015505841,0.03618635,0.07571416,0.011476774,0.33169532,0.03245493,0.012520075,0.028007163,0.006272103,0.11239836,0.1116201,0.050230242,0.20511484,0.0051943213,0.109747246,0.016258264,0.06275427,0.03160527,0.013072649,0.024271626,0.004815212,0.0387952,0.050160963,0.0049108337,0.050714623,0.019201586,0.08495436,0.019891163,0.03153158,0.026643999,0.008462268,0.047568906,0.021955706,0.0029721372,0.106088355,0.011881186,0.0684992,0.031202046,0.22183265,0.0068350546,0.042743444,0.02684318,0.25992614,0.070481904,0.003580462,0.012892341,0.06514464,0.01573629,0.024637131,0.0063526942,0.46528667,0.02516929,0.16115826,0.033151824,0.007483784,0.03451098,0.034836415,0.0055834884,0.009421985,0.0017497642,0.036776815,0.015064851,0.33724964,0.013610359,0.039141618,0.13985127,0.09067483,0.043671668,0.036470626,0.014596483,0.015257839,0.09837024,0.0058734515,0.038875718,0.03329231,0.0053184247,0.087542504,0.08844604,0.09143687,0.38285515,0.2785745,0.005258731,0.067758806,0.33986402,0.19288813,0.105023354,0.19417338,0.689647,0.19964576,0.015740044,0.112287045,0.044406544,0.015958395,0.006986116,0.01792248,0.008436406,0.0041703824,0.030642329,0.053801477,0.016716493,0.06835186,0.008620696,0.041171644,0.0033381379,0.0062513635,0.031619735,0.19923398
BC2026_Train_0013_S13_20220217_233000_5,0.00016942936,0.0018751061,0.0010478094,0.8650001,3.5153747e-08,0.010271129,0.0014662207,0.0025394773,0.0077222693,0.00010192039,0.2965716,0.0010205047,0.0007651126,8.064089e-09,1.1906752e-07,0.0070070387,5.797577e-05,2.8450053e-05,0.058086444,0.0021358836,0.015936546,2.2088685e-05,0.016770395,0.00015721253,0.014987927,3.868674e-06,0.0015625574,0.049760796,0.0040970226,0.04902833,0.0008533796,0.00032539366,0.0032812525,0.00081303064,0.0003267782,0.00065492303,0.004135663,0.00011327371,0.00021857813,0.0009159339,0.0023183366,0.00022827779,0.0034486745,0.001038719,0.00013603737,0.00013603737,0.0025877713,0.00029610956,0.00012011492,0.00015143814,0.00095948303,0.00093612674,0.00093612674,0.0010655241,0.0010807867,2.64983e-08,0.008950881,0.008383365,1.0719268e-05,0.0043356987,0.019781016,5.0248247e-05,0.047479965,0.048878975,0.0019116716,0.00048977014,0.0029173759,6.30342e-05,8.1936916e-05,0.0035362814,0.001036704,8.280173e-05,0.013378943,0.035096843,0.011949865,0.06004931,0.09327979,0.21472697,0.06027256,0.02861816,0.037328947,0.006280114,0.11964678,0.0069416948,0.017460102,0.087235905,0.21617089,0.5123537,0.023861814,0.012895574,0.20878237,0.45884627,0.0076116025,0.002854869,0.31640497,0.043147914,0.0395149,0.0118747195,0.23356271,0.034027584,0.039500665,0.0040353527,0.207886,0.5879011,0.6526281,0.038891833,0.008634268,0.0025079364,0.080386385,0.06936536,0.050655663,0.2230866,0.066516265,0.23692016,0.008150243,0.15011781,0.051519956,0.0107002165,0.03738024,0.16055782,0.07173153,0.2143906,0.05960799,0.10669716,0.18199389,0.020186342,0.060540657,0.044936188,0.11465581,0.037470337,0.04760226,0.435388,0.010904476,0.047178145,0.022057364,0.0062545226,0.031207504,0.38469738,0.042541653,0.19924434,0.0063381176,0.024879143,0.033571806,0.05560939,0.035642855,0.02264526,0.09475911,0.0054031224,0.018781668,0.038336504,0.012038797,0.054422308,0.048402984,0.067938894,0.03824038,0.07657625,0.01387891,0.0028630367,0.054650992,0.05135354,0.006928384,0.123839356,0.010377537,0.14245063,0.056396447,0.05192298,0.003183746,0.07294458,0.024016194,0.43037248,0.051525313,0.0024466768,0.021886565,0.031701643,0.031215893,0.07656361,0.02234789,0.82950574,0.017103745,0.09595589,0.05334528,0.038534313,0.056937505,0.02192302,0.005903287,0.0040089116,0.0041821892,0.039755195,0.01703369,0.17224966,0.03251137,0.09211638,0.1210961,0.39079824,0.064781785,0.040293943,0.012594117,0.060277134,0.11456677,0.0055381632,0.1352817,0.011643403,0.006002915,0.15827028,0.1646736,0.07730983,0.47718352,0.4042872,0.005080192,0.30053687,0.23749927,0.575574,0.029198296,0.057637326,0.6959659,0.32318023,0.019636886,0.12778667,0.11803868,0.01204118,0.016897786,0.025665715,0.020597234,0.003543939,0.10292133,0.2173158,0.029619759,0.045240585,0.003191357,0.1270372,0.0017836919,0.006311064,0.023184147,0.22500347
BC2026_Train_0013_S13_20220217_233000_10,0.00018863367,0.0025020477,0.0007596658,0.8659288,3.955699e-08,0.008788763,0.001372331,0.0022856304,0.0069476,0.000111649504,0.20750616,0.000664236,0.00062193064,8.467344e-09,1.236882e-07,0.007357738,4.524023e-05,2.6240496e-05,0.059211724,0.002043579,0.012585045,2.2499318e-05,0.016577547,0.00022049734,0.013784101,3.825333e-06,0.0015610902,0.04251343,0.0032067737,0.056185286,0.0011999574,0.00045170018,0.004355402,0.0011561968,0.0003260688,0.00086867885,0.005374591,0.00015748586,0.0003023645,0.0013037176,0.0031727958,0.00032673925,0.0047309813,0.001357114,0.000209539,0.000209539,0.003582151,0.00040222117,0.00017785425,0.00022255233,0.0013371242,0.0012916102,0.0012916102,0.001433987,0.0013285861,2.830333e-08,0.008954006,0.007893506,1.0176749e-05,0.00462808,0.015961993,4.9099435e-05,0.048905794,0.04321568,0.0020444,0.00063044677,0.004003554,5.955327e-05,8.238203e-05,0.0031751606,0.0010290961,8.299133e-05,0.011297439,0.033704918,0.013373556,0.053269427,0.15752092,0.17588381,0.08046546,0.020859929,0.03480505,0.0086773615,0.11699646,0.0053601875,0.020554487,0.09498231,0.134981,0.37374544,0.024701366,0.013343346,0.13123374,0.29693785,0.006234281,0.0026262824,0.25503418,0.048057597,0.027865324,0.0112249805,0.19004239,0.057456825,0.04704937,0.0039744824,0.19783843,0.62009543,0.6958333,0.029138241,0.008452529,0.0023602452,0.07199486,0.06453412,0.051758148,0.23573843,0.06268171,0.24677718,0.00657731,0.11136728,0.08943661,0.01468395,0.03894655,0.14129175,0.09070131,0.19749302,0.06183541,0.12226024,0.16429701,0.023365915,0.04502842,0.037689663,0.17972957,0.037257254,0.023452062,0.38260266,0.010002798,0.049989242,0.027340662,0.0066423053,0.042340796,0.24685143,0.040195957,0.19435984,0.00463556,0.03794807,0.03674695,0.062493723,0.039579622,0.013858239,0.08221959,0.0048368773,0.01835775,0.028022304,0.014411946,0.059111312,0.06129073,0.06841825,0.02978266,0.08047449,0.0131318215,0.0024491842,0.048440516,0.04119871,0.0069669564,0.07963567,0.007148536,0.12489895,0.0685897,0.058892798,0.0035418319,0.08340049,0.025221411,0.45051777,0.04623264,0.0023479576,0.03248169,0.04022203,0.029773397,0.0853505,0.022602271,0.7191707,0.022078486,0.10808225,0.067547455,0.04119116,0.07829885,0.022332216,0.005067454,0.004101793,0.0039187456,0.050049562,0.019112943,0.18121804,0.031657413,0.066965856,0.16860928,0.32844573,0.055678636,0.045802444,0.012833411,0.092511594,0.08591555,0.0045658723,0.14122722,0.011032691,0.0041750898,0.16320588,0.11606304,0.0876899,0.5504697,0.3769153,0.0036610817,0.2775764,0.2220109,0.59926134,0.031468086,0.058168657,0.70627856,0.3582246,0.019937025,0.14464499,0.08349003,0.012528088,0.016091045,0.02286118,0.016556803,0.0032837617,0.07015694,0.174478,0.046247784,0.057359952,0.0032142617,0.09764425,0.0019895218,0.0073698983,0.025309492,0.22911769
BC2026_Train_0013_S13_20220217_233000_15,0.00017375239,0.001995662,0.0009820933,0.9020829,5.282154e-08,0.00829479,0.0007078032,0.004134448,0.0064928993,0.000102147475,0.21383448,0.00070960174,0.00096970116,9.06955e-09,1.1554017e-07,0.007887749,6.371099e-05,2.5888905e-05,0.06820925,0.002597205,0.016857494,2.0459875e-05,0.026688198,0.00022082655,0.021117633,3.6284428e-06,0.0025089532,0.05887128,0.0033249347,0.061874684,0.0009921734,0.0003887847,0.003552702,0.0009620601,0.000327465,0.0007354163,0.004673562,0.000134667,0.00025399795,0.0010827754,0.0026366138,0.0002578149,0.004014536,0.0011863778,0.0001615231,0.0001615231,0.0029998994,0.000322044,0.0001482087,0.00018769666,0.0011381664,0.0011058714,0.0011058714,0.0012168047,0.0013490081,2.8434425e-08,0.008930016,0.005967532,1.099196e-05,0.004497766,0.0162762,5.1248826e-05,0.05567134,0.04454546,0.001993805,0.00068412104,0.002736944,7.320135e-05,0.000108824934,0.0031350427,0.0010305949,9.996831e-05,0.01440805,0.021165987,0.013175735,0.06297038,0.12701067,0.20138165,0.047141764,0.016611554,0.03752421,0.007677356,0.11030109,0.00698472,0.022667656,0.10682265,0.17889051,0.30731544,0.02386649,0.016578255,0.2080363,0.38514692,0.007759309,0.0025280593,0.35258272,0.07340574,0.025151417,0.011882059,0.25085866,0.035424747,0.035059437,0.003667158,0.1952148,0.6253576,0.7625657,0.03803329,0.0071222754,0.002938136,0.07410525,0.04822382,0.053883947,0.19587289,0.060586732,0.25939456,0.0063058184,0.10339089,0.06140597,0.014402342,0.03778496,0.1477967,0.053964026,0.20674226,0.0543473,0.16023926,0.2245641,0.022251453,0.04602132,0.04634741,0.1458542,0.030750897,0.022738423,0.39237994,0.010884459,0.03313444,0.04113324,0.0062490744,0.034845613,0.2503311,0.035834875,0.27307793,0.0051138173,0.044022225,0.030307582,0.06468949,0.04508548,0.018215396,0.08917708,0.0071898582,0.016010867,0.036838185,0.016521584,0.079984024,0.04682889,0.07841942,0.061950047,0.083228104,0.014703075,0.00278439,0.06435781,0.053200316,0.006215444,0.095322244,0.008015215,0.102822125,0.06489396,0.07337321,0.0027962152,0.07301016,0.02359509,0.47022086,0.05068388,0.0030696606,0.027102362,0.047075644,0.03605769,0.11516754,0.023432361,0.6550927,0.025033012,0.088354684,0.043546543,0.03756526,0.055502683,0.025191108,0.009766398,0.003680794,0.0036169984,0.04601391,0.017827265,0.14408472,0.040866308,0.06490251,0.1375536,0.30627358,0.049881343,0.050124794,0.011974455,0.07629705,0.09598305,0.0054754857,0.14293821,0.01336699,0.004950422,0.2354943,0.13634034,0.066040784,0.5494181,0.38990068,0.0044747335,0.2888893,0.37636214,0.5864446,0.027421823,0.0824699,0.7408897,0.3109313,0.03286733,0.14302164,0.0799041,0.015708549,0.020125702,0.020039087,0.028980473,0.0032481106,0.09901836,0.14799863,0.0383083,0.07012449,0.003423409,0.12680738,0.0018106077,0.005524271,0.02780889,0.23120537
BC2026_Train_0013_S13_20220217_233000_20,0.00021436991,0.0035228613,0.0017839028,0.9117845,4.1298748e-08,0.00788333,0.0009088084,0.007008625,0.0055280556,8.437365e-05,0.540071,0.0024090004,0.00076327776,9.0881e-09,1.0995794e-07,0.011405741,8.05485e-05,2.4995808e-05,0.17443334,0.0025271797,0.013986339,3.923342e-05,0.027512074,0.0002676253,0.023323584,2.7748245e-06,0.0033653397,0.0478707,0.0040917895,0.067297705,0.0012286175,0.0005548672,0.0059686275,0.0020845581,0.0003355894,0.0012625708,0.007568325,0.00022086856,0.00037595214,0.002852839,0.0039548595,0.00029280438,0.005966282,0.0015712541,0.00023782138,0.00023782138,0.0048130793,0.0004564351,0.00021697194,0.0002708658,0.001811085,0.0015180473,0.0015180473,0.0016948215,0.0056721545,3.0859095e-08,0.00886307,0.0018784142,1.44985415e-05,0.00470153,0.028412268,5.106703e-05,0.06368284,0.04974457,0.0010770974,0.0019138005,0.0031936485,7.1759656e-05,7.833616e-05,0.0027900257,0.0010220723,7.7611534e-05,0.015010378,0.029357491,0.024875447,0.0369616,0.13726665,0.23417225,0.03457878,0.028699044,0.01766323,0.009439895,0.16358303,0.011382863,0.0127807185,0.12737902,0.11809281,0.2929533,0.0328539,0.009122493,0.18753876,0.7009902,0.0060196123,0.004777832,0.07104882,0.037381716,0.054021522,0.02091643,0.098577425,0.02218583,0.05052092,0.0041286526,0.23781684,0.69973993,0.7875793,0.049821045,0.013220402,0.0031614245,0.08041755,0.09772511,0.067634486,0.2668218,0.07944,0.21531191,0.009493538,0.13431258,0.105580434,0.018318094,0.062677465,0.1833432,0.060423147,0.23736855,0.13229421,0.14348617,0.24287638,0.035786636,0.06507518,0.08000623,0.31216723,0.045278385,0.045744717,0.24907824,0.01866056,0.043707237,0.041203786,0.013530701,0.03080578,0.30628964,0.026204305,0.52280575,0.005183017,0.013979668,0.036124784,0.0431734,0.09446212,0.032088876,0.19804753,0.005923303,0.038153723,0.04599487,0.055032104,0.07696731,0.044758707,0.042078722,0.07575903,0.15061831,0.01928806,0.0027772589,0.06217342,0.060799804,0.007781126,0.056341987,0.012409073,0.099931516,0.08456405,0.096732244,0.0033641066,0.038287602,0.017478382,0.47920638,0.053410213,0.0029377064,0.029455798,0.038487192,0.031102013,0.15920475,0.016428484,0.2098133,0.031832285,0.11351049,0.084392674,0.049256437,0.08961471,0.018372422,0.0064964746,0.003861,0.00533865,0.07836885,0.022827432,0.14033273,0.047244735,0.07809712,0.0684721,0.32688075,0.06697228,0.03784591,0.012673613,0.13914406,0.14107297,0.013939042,0.21358278,0.019356722,0.0059853024,0.12005286,0.15050694,0.0675735,0.16440508,0.4843022,0.0043463693,0.30360535,0.29481605,0.31279978,0.053982202,0.060058873,0.74272275,0.45363557,0.021934278,0.10868225,0.067910455,0.00962289,0.020734705,0.024820417,0.06569117,0.0041428725,0.034021847,0.50692356,0.0784849,0.044958908,0.0031324378,0.16112098,0.0039111753,0.006060431,0.031689364,0.4692625
BC2026_Train_0013_S13_20220217_233000_25,0.00022126456,0.0029644645,0.0008026771,0.9026089,4.0338332e-08,0.010020069,0.00060471334,0.00285667,0.008060266,0.00010422343,0.12433447,0.00074962416,0.00075185345,8.594339e-09,1.1734734e-07,0.008951991,5.1107945e-05,2.5742393e-05,0.090018615,0.0021886728,0.0140983965,2.395404e-05,0.018577611,0.00024596648,0.016459709,3.2518233e-06,0.0018719229,0.057544332,0.0038271195,0.06571549,0.0015978657,0.00059515354,0.005919276,0.001460293,0.00032763364,0.0012065584,0.008622598,0.00020535284,0.00039290954,0.0018210622,0.0038901845,0.00039162431,0.0063339407,0.001896072,0.00022908629,0.00022908629,0.0048513245,0.00050493807,0.00023471634,0.00028767277,0.001879113,0.0017987988,0.0017987988,0.0018125428,0.0023528622,3.0847467e-08,0.008943576,0.0030393167,1.049842e-05,0.0033735703,0.017578589,5.253681e-05,0.06746388,0.030271377,0.001427791,0.001001514,0.0024886178,7.17999e-05,7.589595e-05,0.0034216132,0.0010374628,7.7580444e-05,0.013920903,0.021553094,0.020972257,0.045471884,0.24606983,0.24349466,0.054833576,0.022542426,0.024888346,0.00860664,0.125031,0.007627718,0.0133631695,0.10049845,0.20235097,0.41016757,0.025879513,0.015834218,0.18383154,0.332912,0.0068779816,0.0034833485,0.21330898,0.031682312,0.028638843,0.016640712,0.27529356,0.037370566,0.08229419,0.0020630201,0.22207466,0.63557935,0.6962588,0.050396148,0.011291522,0.0026154076,0.08817377,0.06259855,0.06250121,0.24922408,0.07212167,0.252312,0.008814812,0.14072958,0.119367965,0.0120440805,0.07096791,0.21235631,0.07406954,0.21035694,0.08611639,0.11017824,0.13309948,0.031128895,0.06646524,0.042862024,0.2419067,0.040535852,0.034766953,0.47709337,0.012745936,0.049312282,0.04522075,0.00651218,0.035491407,0.27709818,0.043049853,0.25659132,0.00782886,0.035830446,0.03979416,0.06191176,0.049835477,0.017401246,0.0921633,0.005652293,0.02825267,0.03143416,0.017702373,0.055327494,0.06256845,0.07517337,0.03355821,0.13005036,0.019491712,0.0029614295,0.049641393,0.044914953,0.0057774996,0.10096553,0.008892568,0.114237346,0.13565664,0.0782115,0.003494768,0.05909938,0.029032405,0.4516235,0.058260538,0.0044778027,0.037665665,0.033413406,0.031736944,0.09373461,0.022335954,0.82750624,0.023090713,0.09963937,0.051620748,0.09893221,0.06498556,0.023901941,0.005893019,0.003968501,0.011543972,0.05937085,0.026546972,0.16155194,0.036976613,0.08350439,0.10850672,0.39817008,0.06363544,0.044682063,0.014233072,0.107941575,0.10763819,0.005580269,0.15822758,0.009728358,0.005142548,0.18383862,0.15779999,0.092830256,0.35736185,0.37787548,0.005108751,0.28285447,0.29240295,0.5903557,0.032843962,0.05482955,0.7399191,0.35856447,0.02692245,0.09092881,0.12220007,0.008271597,0.02171071,0.029552069,0.02340992,0.0033435521,0.059730113,0.20271072,0.060706496,0.036468584,0.0029865443,0.14498785,0.0016382954,0.0061295237,0.024060726,0.25424236
BC2026_Train_0013_S13_20220217_233000_30,0.00025074504,0.0035567342,0.0016667728,0.9003309,5.3844673e-08,0.009097045,0.0005245394,0.005981345,0.008977537,9.352022e-05,0.38055876,0.0013679123,0.0006422257,8.603642e-09,1.2100867e-07,0.009070036,7.4348e-05,2.5696423e-05,0.10939448,0.0024596646,0.019597167,3.1277705e-05,0.022497946,0.00026850085,0.023564177,3.1287404e-06,0.0025196758,0.03717436,0.0044129756,0.06910156,0.0014835518,0.00065011997,0.0059395498,0.0019219014,0.00033001884,0.001310502,0.008095787,0.00023443605,0.00047049322,0.0022140054,0.0039854827,0.0003862107,0.00579982,0.0018419111,0.00026294758,0.00026294758,0.004857456,0.0005245691,0.00024930135,0.00030938143,0.0018241828,0.0016683076,0.0016683076,0.0019046873,0.0026404972,3.4447112e-08,0.008947385,0.005382121,1.0989369e-05,0.005990805,0.024175895,6.623398e-05,0.0594193,0.03713363,0.0019226307,0.0026097118,0.0028381045,6.370667e-05,9.1671696e-05,0.0032016542,0.0010324436,8.3172046e-05,0.01564748,0.018810745,0.020270256,0.052593123,0.07408019,0.27952692,0.05515312,0.023316814,0.03206727,0.008757908,0.17394078,0.004274444,0.023928916,0.13721,0.29702383,0.29476392,0.018668266,0.014322476,0.23970944,0.6729277,0.005323112,0.0046246345,0.2443528,0.042952124,0.04323632,0.017590068,0.22532643,0.018155305,0.058374316,0.002709507,0.23062922,0.6377114,0.7960607,0.04060699,0.010653199,0.003291017,0.07788405,0.062269174,0.060973316,0.23273878,0.13118191,0.24397987,0.01148036,0.12390009,0.1021754,0.013135152,0.07979412,0.24321014,0.10437098,0.29594842,0.07646147,0.11404301,0.2975583,0.052061915,0.053202264,0.04968515,0.1168353,0.040656082,0.051399685,0.39431897,0.013557077,0.06359321,0.029361827,0.012660648,0.046395004,0.23982257,0.042104494,0.5101627,0.0053196694,0.027220288,0.036151104,0.047051642,0.08942387,0.024023669,0.1397737,0.004845678,0.036490746,0.044228125,0.013920351,0.061857894,0.0625652,0.07157074,0.07141267,0.07727037,0.027347006,0.0029773128,0.06465575,0.067167,0.006631693,0.12605378,0.010361842,0.14442201,0.061648898,0.12310475,0.0043881494,0.047636412,0.024084006,0.43684685,0.046512254,0.0036194157,0.034610346,0.032557994,0.03615018,0.094425865,0.023219353,0.79701304,0.025292188,0.14474644,0.060011208,0.050138585,0.07100215,0.027706658,0.005675613,0.004155157,0.0069045154,0.049670108,0.024637375,0.19203773,0.042485084,0.07691139,0.11877132,0.4113558,0.06775954,0.0428924,0.013950251,0.064560324,0.106614776,0.0087207975,0.15851744,0.011022064,0.0046201185,0.1392805,0.15205172,0.08350492,0.36815855,0.45952633,0.004320376,0.24994525,0.3154123,0.479597,0.04820963,0.04595378,0.7461103,0.34526545,0.021463625,0.12363276,0.09268675,0.011629274,0.015588054,0.023262186,0.030157667,0.0032946642,0.06708446,0.2877367,0.061526798,0.051457323,0.0031596727,0.1408316,0.0018058147,0.0049523227,0.025450908,0.22395232
BC2026_Train_0013_S13_20220217_233000_35,0.00021418238,0.001940757,0.0008659047,0.88049865,8.168362e-08,0.010401574,0.00069093803,0.0044548116,0.0072300322,0.00012700193,0.63658994,0.0009328944,0.00074642967,8.656414e-09,1.2715253e-07,0.0146328695,6.3150634e-05,2.6015814e-05,0.06743792,0.0021886465,0.022703037,2.092345e-05,0.014203313,0.0001815258,0.017934585,2.9643359e-06,0.0030822237,0.03962957,0.0032706368,0.045867015,0.00096494856,0.0003692529,0.0034914012,0.0010151531,0.0003288022,0.0007207654,0.0046537286,0.00012924628,0.00025805383,0.001094229,0.0025244053,0.00025965762,0.0037537059,0.001093051,0.00015069943,0.00015069943,0.0027991082,0.00031253256,0.00014491657,0.00018425049,0.0010478839,0.001040685,0.001040685,0.0012026023,0.0017947019,3.8677985e-08,0.008987647,0.0066743046,1.1192183e-05,0.005619518,0.02216745,6.111094e-05,0.044635214,0.037789516,0.0023199066,0.0014869835,0.0024345843,6.986378e-05,0.00012725535,0.0030988324,0.0010393172,9.1246344e-05,0.015598545,0.024060449,0.014864138,0.044561125,0.13241905,0.20099825,0.045318805,0.022934377,0.035374995,0.009650041,0.1542114,0.006755911,0.019374968,0.09360149,0.21742696,0.36741146,0.017140973,0.013628514,0.18330376,0.35149026,0.0055806357,0.0027032907,0.26731145,0.05240026,0.019814298,0.030188011,0.2252442,0.030135205,0.0449634,0.0040431144,0.19155183,0.57207143,0.7519019,0.032293838,0.0071999873,0.0030205196,0.11258226,0.05529056,0.062299352,0.21862665,0.08639851,0.25580817,0.0107233515,0.11081546,0.30009478,0.0118809715,0.16914065,0.14513923,0.06905935,0.26517582,0.053757995,0.09125715,0.27055466,0.032025583,0.053414013,0.04648011,0.11340846,0.024939146,0.028670972,0.43681836,0.010245997,0.04629676,0.03492759,0.007457855,0.031452853,0.2660512,0.034654766,0.28059086,0.005481625,0.023051813,0.03578208,0.066425584,0.049845267,0.026562314,0.14749104,0.0070242714,0.022134908,0.039054435,0.036789086,0.062268794,0.052360658,0.078013174,0.036825206,0.07206554,0.016592814,0.003996964,0.06295486,0.0725077,0.0050012413,0.09858693,0.009843509,0.11475471,0.07126393,0.07261107,0.0035323738,0.060343593,0.021753056,0.5134359,0.053741816,0.0036886667,0.029609196,0.035676476,0.09202931,0.1362919,0.02446787,0.7764353,0.02394247,0.10972344,0.08317867,0.039816063,0.083265655,0.027925264,0.0076251454,0.003405619,0.004588292,0.03774413,0.02163927,0.17120984,0.042137526,0.10503279,0.124995984,0.31373468,0.04849401,0.037326787,0.016536923,0.07408994,0.10658541,0.0055076876,0.15897499,0.015683575,0.005465883,0.2040592,0.12186446,0.075914055,0.45918036,0.34361473,0.0047805086,0.28825837,0.2668192,0.57085,0.038114827,0.045296755,0.70574987,0.29279268,0.024761287,0.13472609,0.09927775,0.01075972,0.015365312,0.021642594,0.027278416,0.0038143108,0.12748206,0.20256975,0.047175232,0.076245494,0.0038218542,0.09847799,0.001623251,0.0040556868,0.022149935,0.2402082
BC2026_Train_0013_S13_20220217_233000_40,0.00025935622,0.0019374817,0.0009845565,0.89972144,3.831119e-08,0.011144164,0.00055736117,0.0017980709,0.006745971,0.000104906896,0.12709244,0.00065645535,0.00070145767,8.546663e-09,1.336491e-07,0.010404359,4.070537e-05,2.8485661e-05,0.05677209,0.0019088661,0.025074484,1.97626e-05,0.021798857,0.00018843084,0.013838445,3.522904e-06,0.0020902667,0.04284871,0.0025433586,0.048555534,0.0009025247,0.0003450588,0.0032967387,0.0008712333,0.0003273141,0.00067394966,0.004742664,0.00012968677,0.00023251046,0.0009579151,0.0022637,0.00025172782,0.0035519993,0.0010580698,0.00015073351,0.00015073351,0.0027917628,0.0003046612,0.00013598888,0.00017301035,0.0010539147,0.0010252304,0.0010252304,0.0010815675,0.0017234936,3.8282714e-08,0.008984003,0.0063852416,1.0453209e-05,0.007788012,0.015854029,5.112398e-05,0.062119994,0.03493722,0.0019097434,0.0008603233,0.003287522,6.8399466e-05,0.0001353944,0.0033453703,0.0010327577,8.474065e-05,0.017377984,0.018729363,0.014261728,0.039576437,0.14655855,0.21555074,0.062393706,0.018469263,0.027422143,0.0072129313,0.13417603,0.006997779,0.023823578,0.071472116,0.34810314,0.27304673,0.024195082,0.009419836,0.26223496,0.37940267,0.0046657403,0.0026686864,0.2868127,0.047602866,0.028793154,0.020987429,0.23582962,0.03935278,0.041467704,0.002614619,0.20198916,0.591547,0.70360094,0.035063274,0.008459559,0.0028443479,0.07249633,0.06556845,0.087556645,0.20102142,0.112535946,0.23991397,0.0073382016,0.118014894,0.22876863,0.013994508,0.13556679,0.19979692,0.06808192,0.24909377,0.0649261,0.09112684,0.19632652,0.022070205,0.047982536,0.041683093,0.18895926,0.024568798,0.021511432,0.36950687,0.007996326,0.047069162,0.024853757,0.0065760827,0.03567182,0.2737128,0.042624507,0.24814397,0.005681581,0.025233036,0.038622394,0.07601035,0.045120366,0.01226504,0.097869925,0.006209444,0.015053461,0.031813804,0.018781003,0.033569366,0.057400055,0.07050857,0.029161239,0.07146349,0.016715147,0.0031293673,0.06988771,0.045539107,0.0051841894,0.10966604,0.007585075,0.09830217,0.053294275,0.061441485,0.0026174511,0.055287294,0.032776244,0.39330328,0.061922938,0.0039957436,0.039967474,0.037356857,0.0329798,0.10024517,0.029045092,0.7931317,0.031302985,0.11856748,0.051186755,0.04287888,0.078790456,0.022371497,0.0077251354,0.0031515579,0.004093436,0.06216614,0.022708027,0.1571383,0.04010026,0.06988789,0.19449575,0.39038345,0.052811664,0.04438479,0.015661318,0.09146432,0.08930107,0.006134786,0.12725243,0.010836346,0.0055926954,0.12787308,0.12893991,0.088820964,0.40710914,0.39444187,0.0044961045,0.26127645,0.3202843,0.57674706,0.055395085,0.051635135,0.721115,0.31579286,0.030585796,0.16525534,0.11047093,0.0099621825,0.018190587,0.02095692,0.023550203,0.003873312,0.11143451,0.18715706,0.063572206,0.051838346,0.0036159924,0.11446682,0.0015216565,0.0046280636,0.022432078,0.2535104
BC2026_Train_0013_S13_20220217_233000_45,0.0002079758,0.0032671625,0.0011852566,0.8957934,4.7931035e-08,0.009180034,0.00096800405,0.0035959338,0.005248624,9.014573e-05,0.6077267,0.0021449493,0.0007192025,8.744202e-09,1.1799347e-07,0.0112321,5.496502e-05,2.6710724e-05,0.10759619,0.0024634814,0.015799843,3.382609e-05,0.008179982,0.00023817303,0.022729762,2.7814351e-06,0.0043676533,0.04223258,0.003525739,0.06427307,0.0013111839,0.00051798846,0.0058672195,0.0018270802,0.0003374533,0.0010820183,0.0068526603,0.00023768173,0.000385552,0.0022472767,0.004286247,0.00031141247,0.005376615,0.0014044946,0.00026171983,0.00026171983,0.0047317846,0.0004517721,0.0002322997,0.0002930754,0.0016776201,0.0014156848,0.0014156848,0.0016890645,0.004742577,3.6651414e-08,0.00887438,0.001448108,1.7624703e-05,0.0054136734,0.01823279,6.072282e-05,0.05565792,0.03873071,0.0011794784,0.0019846277,0.003222957,8.962621e-05,0.00010190638,0.0035823835,0.0010219781,9.3126706e-05,0.014080757,0.025106644,0.03601053,0.04231095,0.18622997,0.2296773,0.042698897,0.03381401,0.025212053,0.016883347,0.13200389,0.007540871,0.013785614,0.16624443,0.10711936,0.2313737,0.028139224,0.010016541,0.14535792,0.7083911,0.0067858524,0.0056733415,0.06728088,0.054000817,0.06829927,0.022128772,0.08971765,0.017651878,0.049320284,0.0028994207,0.25325087,0.6768362,0.7345592,0.03916534,0.009341913,0.0049984204,0.101317056,0.072635114,0.052779824,0.23444922,0.07732284,0.2293981,0.009844802,0.13419668,0.16085936,0.01665767,0.062301062,0.22579554,0.07148872,0.29410526,0.12261871,0.13237026,0.1972965,0.030536411,0.111528985,0.05822943,0.24091324,0.049927205,0.052648306,0.25350642,0.014332807,0.058273423,0.045789972,0.007975354,0.041772187,0.3244206,0.038322285,0.24992728,0.004151089,0.01691443,0.026067676,0.04555091,0.095721,0.029313572,0.11399352,0.007610433,0.036410745,0.05684825,0.033622853,0.04289196,0.08478362,0.05035148,0.109358534,0.093006894,0.023295764,0.004091004,0.06590464,0.09488405,0.00677014,0.059910536,0.013872962,0.117407925,0.08044562,0.10230044,0.0033656028,0.054384,0.023964254,0.43572527,0.051623855,0.0037557136,0.030388389,0.043605436,0.033595856,0.11635958,0.019803574,0.1423967,0.029835694,0.08810985,0.073998205,0.10573866,0.070110574,0.02277877,0.010859936,0.0034092932,0.005114826,0.063790016,0.032234672,0.1295232,0.048136532,0.15586108,0.048258606,0.27010357,0.0694492,0.052083354,0.010818183,0.14866047,0.11402801,0.013230302,0.14333802,0.010223608,0.0049988893,0.15773785,0.14812352,0.087468095,0.21521328,0.42299718,0.004185912,0.116189204,0.19424237,0.3574393,0.03792869,0.05850181,0.75156987,0.48318177,0.025370698,0.11042689,0.059340615,0.010145327,0.021957722,0.020498928,0.06705346,0.0033557303,0.039835997,0.42321342,0.06514471,0.054497454,0.004135549,0.18274608,0.0025162792,0.00652437,0.033900376,0.40196142
BC2026_Train_0013_S13_20220217_233000_50,0.0002954844,0.0033301853,0.0009875057,0.89008546,3.6521815e-08,0.006538639,0.00076077745,0.0034530282,0.0049005696,8.564214e-05,0.6923209,0.0011245857,0.0006538914,7.638574e-09,9.682853e-08,0.007764539,6.012971e-05,2.4523373e-05,0.07260286,0.0017662256,0.011638515,3.4562177e-05,0.013739199,0.00027775965,0.028449854,2.8144887e-06,0.002664441,0.053174153,0.002951482,0.057961408,0.001600884,0.00046166085,0.0060836524,0.0015122809,0.00033740784,0.0009370787,0.0072961436,0.00023241629,0.00038503148,0.0019083427,0.0046789437,0.00033242485,0.005721674,0.0013146735,0.00025084347,0.00025084347,0.0050447616,0.00047621655,0.00022022262,0.00028634272,0.0017477615,0.001536317,0.001536317,0.0017983445,0.0043528965,2.9142916e-08,0.008893597,0.00096570345,1.14065215e-05,0.0054474,0.022559863,5.078388e-05,0.036378264,0.04111318,0.0011101868,0.00095064635,0.0027296322,7.0957496e-05,7.516123e-05,0.0026523564,0.0010266665,6.460848e-05,0.02085958,0.020244472,0.04260314,0.04456406,0.23261607,0.30045938,0.057473022,0.014710037,0.025195332,0.011795881,0.20516506,0.0064787953,0.014880066,0.16974275,0.14845483,0.36074442,0.029855356,0.01132883,0.12277288,0.33744603,0.0038691815,0.0025833333,0.045602296,0.034359194,0.07164672,0.02967336,0.1423006,0.017924393,0.07937698,0.0035190026,0.33959484,0.6928054,0.7687254,0.049680516,0.009514221,0.005218937,0.13346466,0.060116377,0.082374655,0.26508695,0.10403343,0.28495273,0.009874335,0.13111365,0.30449426,0.017691942,0.12438419,0.32193646,0.085729614,0.32952166,0.12390874,0.14184007,0.21206972,0.040226668,0.05074859,0.042602807,0.26239192,0.050301515,0.027924173,0.30253017,0.009134504,0.08634648,0.059458394,0.0067545474,0.034318633,0.4223837,0.03566742,0.21620557,0.0049331575,0.02029446,0.03865462,0.047927234,0.057830866,0.020380938,0.14114013,0.017893488,0.024433272,0.039503362,0.03421615,0.043975342,0.08403047,0.054989334,0.052260853,0.17744184,0.027870424,0.0031530214,0.036277097,0.040895022,0.007128374,0.06466544,0.007584924,0.20392628,0.10501355,0.046353105,0.002737856,0.0582554,0.032954477,0.5109636,0.08502345,0.0039704377,0.058438573,0.053905606,0.035738662,0.1250018,0.021190004,0.22301427,0.026312882,0.11310987,0.0782773,0.08481496,0.23274182,0.024973389,0.0062140664,0.0037730036,0.009002416,0.09981136,0.027907604,0.1414988,0.070981964,0.18672635,0.06851707,0.21667522,0.10268122,0.061302617,0.01309486,0.15603998,0.1020124,0.007298104,0.19563279,0.011763402,0.006935892,0.29850814,0.12919499,0.07999166,0.1511894,0.35683283,0.005756029,0.18112685,0.2773119,0.36024088,0.04420958,0.059233975,0.7548906,0.518247,0.03845698,0.11077578,0.08288116,0.0074181603,0.030786978,0.039622005,0.044508163,0.004695399,0.026572887,0.52000797,0.092588186,0.05100975,0.003761428,0.14464122,0.001815661,0.0057988423,0.028066,0.30685937
BC2026_Train_0013_S13_20220217_233000_55,0.00018592835,0.0034061135,0.0011434152,0.8880098,4.462968e-08,0.009509664,0.0006067985,0.0037069444,0.0059930775,9.401379e-05,0.22969031,0.0015060038,0.000658909,8.089484e-09,1.1929488e-07,0.015044246,4.9335085e-05,2.9447792e-05,0.06968383,0.0019584792,0.0188002,3.685699e-05,0.017137587,0.0002089484,0.018723346,3.3502156e-06,0.0044318754,0.044600382,0.004578212,0.08638018,0.0015985405,0.00064939074,0.006051262,0.0015126785,0.00033015254,0.0013458085,0.008813373,0.0002010945,0.0004452637,0.0017895508,0.003782653,0.00037938665,0.006427078,0.0019466922,0.00025769853,0.00025769853,0.005077815,0.0005294118,0.00022391687,0.00028289962,0.0019485634,0.0017981054,0.0017981054,0.0018968064,0.0031658246,3.0483907e-08,0.008914568,0.0028905955,1.143705e-05,0.0041793445,0.015093022,5.3542528e-05,0.05304036,0.040230323,0.0012876015,0.0020173753,0.0028824299,6.804227e-05,0.00011183229,0.0037889432,0.001024234,8.1015234e-05,0.014138303,0.01953562,0.03244707,0.040140234,0.1853755,0.2290537,0.04829161,0.020982454,0.0279927,0.009104042,0.15735434,0.005586457,0.021822844,0.1276786,0.21314457,0.46291605,0.030502703,0.010002584,0.1694602,0.44777617,0.0059261024,0.0039102267,0.22082657,0.046846777,0.022901095,0.023455463,0.39208224,0.028683346,0.092240416,0.0033857827,0.24137378,0.6671427,0.68470323,0.041013997,0.011539746,0.004129213,0.0655413,0.09643647,0.05178641,0.27727124,0.06682265,0.19269593,0.009778916,0.18193005,0.09465719,0.011944921,0.062383525,0.23070851,0.0710019,0.29367042,0.09101775,0.127946,0.21114373,0.022430953,0.058737293,0.061808173,0.23890996,0.04563413,0.037257276,0.3216579,0.01160753,0.10206843,0.04018985,0.009495192,0.035375994,0.24886942,0.041754063,0.48772818,0.004064428,0.046775058,0.03686986,0.04677674,0.080000915,0.01902214,0.13695402,0.005753046,0.021834306,0.056736413,0.018440684,0.050325066,0.06604541,0.059779823,0.06478321,0.13598579,0.023833139,0.0034131815,0.08276583,0.07754689,0.0049922545,0.15591347,0.0097023,0.09947169,0.09934116,0.09454724,0.004175837,0.045757335,0.026996305,0.39364326,0.05705042,0.003622164,0.037820484,0.030856429,0.02582318,0.08923408,0.021109682,0.6266387,0.021454947,0.11084969,0.06800004,0.03895143,0.0715591,0.024558108,0.0073639276,0.0041724998,0.0075806,0.06154827,0.025408324,0.10275861,0.044742793,0.06548526,0.17051515,0.39971736,0.06127838,0.039027628,0.014137499,0.1078817,0.074723944,0.0064857136,0.15674579,0.010781989,0.005529073,0.2286542,0.20479394,0.06392367,0.41531393,0.3766984,0.0053617,0.44449273,0.35898924,0.4952519,0.034448538,0.068817325,0.74985933,0.42787182,0.025291562,0.099907994,0.082477674,0.015783373,0.019718494,0.022847319,0.02948201,0.005238384,0.073295146,0.3476047,0.06413647,0.06714573,0.0031456198,0.15451409,0.002607374,0.0052225892,0.03595156,0.27016827
BC2026_Train_0013_S13_20220217_233000_60,0.00014494304,0.00366617,0.0026535501,0.8662896,4.16539e-08,0.009530428,0.0008443639,0.007959692,0.0068786372,9.788827e-05,0.6158028,0.0030187813,0.0005596002,8.152005e-09,1.3540127e-07,0.006020283,6.478204e-05,2.742436e-05,0.07362408,0.002692286,0.014551945,3.4421813e-05,0.01059938,0.00026049605,0.019937694,2.7181648e-06,0.0029584565,0.046187866,0.004449475,0.082438886,0.0022668855,0.0007390992,0.00849979,0.0019976518,0.00033780446,0.0015042266,0.010515097,0.00026264507,0.00061923394,0.0021168045,0.005658191,0.00048897223,0.0073205223,0.0020414088,0.00034604143,0.00034604143,0.0058641233,0.0006246785,0.00025388825,0.00033712704,0.0023042841,0.0020258413,0.0020258413,0.0025786695,0.0036243098,2.9442084e-08,0.008908372,0.0014233809,1.21335015e-05,0.0032893247,0.011801096,5.1315514e-05,0.054102797,0.028469974,0.0009023232,0.0015726137,0.003213374,6.2796506e-05,7.180107e-05,0.0033400161,0.0010231386,8.657028e-05,0.013580106,0.017758064,0.02132004,0.055034008,0.12008841,0.2691701,0.027893748,0.028570889,0.028306777,0.009395681,0.2675086,0.004126234,0.013793702,0.22804764,0.2075407,0.64539844,0.026288664,0.011603156,0.13633408,0.59030116,0.0062994338,0.0047896365,0.110768735,0.0382662,0.07675999,0.03685642,0.32985225,0.023296539,0.11725252,0.0035178817,0.23041281,0.69796604,0.6105686,0.0482154,0.011754819,0.0021790548,0.08397714,0.11288154,0.1061667,0.18929532,0.046033055,0.17908698,0.00985808,0.1572561,0.089205116,0.014497423,0.052787438,0.4099578,0.09039344,0.331502,0.083807014,0.09050908,0.197524,0.032522254,0.059004337,0.05113014,0.27003977,0.060590625,0.075126484,0.34808338,0.011106974,0.1663165,0.05528438,0.012701866,0.03332281,0.31508115,0.035918012,0.50691235,0.004389037,0.032142308,0.042379618,0.0334219,0.081681095,0.01635251,0.1264276,0.009458281,0.035265956,0.07632048,0.026281085,0.056146666,0.061543018,0.111978106,0.07117527,0.13239576,0.019417426,0.0033366226,0.083551265,0.056296352,0.009095983,0.11711115,0.008863086,0.27256355,0.07068594,0.13473445,0.0027050623,0.07267159,0.021935454,0.40227988,0.08428335,0.0052757217,0.031645074,0.036212023,0.032843523,0.047566313,0.022077201,0.42181197,0.021878153,0.1861098,0.07274329,0.07394993,0.0910815,0.029763833,0.0074153948,0.005706107,0.0073812967,0.09550049,0.020483358,0.13974142,0.0433412,0.11885906,0.1582339,0.3800208,0.057399154,0.04870279,0.01507355,0.11152009,0.0815119,0.0054867454,0.18545632,0.016178036,0.005479177,0.2370608,0.34074152,0.08429046,0.22018959,0.43782404,0.0061410526,0.4997095,0.55409867,0.39651307,0.038848903,0.074570194,0.7005455,0.45081913,0.03429038,0.1473127,0.17025773,0.011312192,0.044234015,0.018185962,0.02396153,0.004849484,0.08965825,0.3326129,0.034516625,0.06314638,0.003603166,0.22851375,0.0028344453,0.007434577,0.03502253,0.30181038
BC2026_Train_0014_S13_20220228_214500_5,0.00047524832,0.0013677671,0.00073763094,0.3373995,8.3427466e-08,0.013048934,0.001278301,0.0025485614,0.69922686,6.423878e-05,0.03979308,0.00437759,0.00093081134,9.651917e-09,1.8941178e-07,0.9833435,0.0028235137,4.421227e-05,0.24798775,0.0041782456,0.14247523,0.00019197883,0.034692883,0.00030831716,0.15990593,9.225198e-06,0.3687986,0.0073948842,0.004025357,0.08876689,0.0009863774,0.00024965906,0.0034628622,0.0010902022,0.0010157827,0.00047411353,0.0028945997,0.00012715462,0.00033611472,0.0006916807,0.003297158,0.0002911536,0.0042288196,0.00071885844,8.624258e-05,8.624258e-05,0.0013911393,0.00016765717,0.00010582198,0.00013395048,0.00037967952,0.00044322768,0.00044322768,0.0016640761,0.0010678594,3.5009784e-08,0.0029557666,0.0012860702,1.2704665e-05,0.009826594,0.06799604,0.000116613126,0.81948066,0.996073,0.0045816605,0.00018312629,0.0022730043,7.597753e-05,9.591555e-05,0.012943372,0.0010620703,9.598008e-05,0.006570465,0.1756897,0.018017225,0.03624933,0.033724405,0.12165449,0.031044355,0.05293851,0.054728635,0.008461695,0.05666299,0.004309932,0.14061351,0.040412143,0.09753192,0.7874819,0.08260126,0.05337499,0.23525843,0.06120711,0.024162654,0.008655144,0.04979754,0.10847226,0.052000474,0.005670167,0.17620441,0.009110236,0.025912782,0.010784483,0.2948281,0.37137356,0.20048365,0.052928776,0.0034780477,0.0025023038,0.11334536,0.025346579,0.036886696,0.09458983,0.03789248,0.2911692,0.82019943,0.06276539,0.00922431,0.02453332,0.035480045,0.052513406,0.064007975,0.12600987,0.037354268,0.09908954,0.06791597,0.017743897,0.047297593,0.26557893,0.03012038,0.041403968,0.033658333,0.39507073,0.024060791,0.026844008,0.015311275,0.007387328,0.08172052,0.2894578,0.18298587,0.042222403,0.028010335,0.040795177,0.19499056,0.049321175,0.009638067,0.0094555225,0.084437035,0.0016236118,0.079501934,0.06424954,0.026098955,0.019823303,0.040491607,0.011284511,0.15000112,0.012115748,0.025202654,0.009063501,0.13151094,0.057490066,0.0069698584,0.16569918,0.21225314,0.02592479,0.01843134,0.096761785,0.0062578497,0.018180292,0.16075076,0.22435372,0.04321257,0.0011383395,0.0060252235,0.061299022,0.02217271,0.011634603,0.020685297,0.7290074,0.070641756,0.08972,0.036378037,0.0022663458,0.031358104,0.012334823,0.011006363,0.14580853,0.00262578,0.06956972,0.02098129,0.26845026,0.18429631,0.06635307,0.01847542,0.26878223,0.023919994,0.021051707,0.040521674,0.01957429,0.03887942,0.0058748736,0.08156089,0.010642491,0.023245819,0.298047,0.046335094,0.043814164,0.05899677,0.36322844,0.02665053,0.15226613,0.014979666,0.27415535,0.043563664,0.38820982,0.5910665,0.048069064,0.107284956,0.13356943,0.24102333,0.0106931655,0.005706064,0.013388008,0.071440496,0.005831197,0.05513018,0.18153845,0.004894111,0.03980266,0.0035197125,0.029428348,0.01756113,0.03070506,0.19258764,0.12723511
BC2026_Train_0014_S13_20220228_214500_10,0.00033165817,0.0016609982,0.0006631512,0.16667055,7.068868e-08,0.017005611,0.0010364687,0.002718791,0.71942145,5.7121903e-05,0.029147653,0.0022817422,0.0010281098,9.065111e-09,1.9710737e-07,0.98373246,0.004984353,4.302065e-05,0.2962538,0.0063494686,0.22026946,0.00020968515,0.045299057,0.00035610402,0.1329002,7.1031577e-06,0.30614913,0.011045494,0.0050643575,0.120038316,0.0011302539,0.00028027792,0.0039251167,0.0013473267,0.0010186222,0.00055714045,0.0028845386,0.00015020765,0.00041028718,0.0009333035,0.0037394334,0.00032165073,0.004637065,0.000776719,0.00010698893,0.00010698893,0.0016127595,0.00019166472,0.00012399945,0.00015818056,0.00042336382,0.0004903226,0.0004903226,0.0018776107,0.0011207866,4.132791e-08,0.0029672415,0.00122244,1.4755714e-05,0.009393987,0.0758114,0.00013411473,0.676643,0.9972763,0.004847212,0.00019523721,0.0014604888,6.112453e-05,7.940038e-05,0.020602217,0.0010668691,9.130036e-05,0.006155427,0.11634234,0.017998783,0.03012752,0.030626908,0.06644347,0.03326307,0.05484246,0.051871628,0.007435604,0.04364923,0.0040743854,0.12372688,0.056773655,0.046691503,0.74939793,0.08813316,0.033907257,0.3575335,0.09134728,0.020457683,0.007456408,0.053163465,0.070962936,0.049818814,0.006878847,0.084695466,0.010718493,0.031565472,0.0060732453,0.23065934,0.31587294,0.19996613,0.03616505,0.0035959734,0.0034923858,0.061149463,0.03848538,0.034696247,0.11217874,0.020717634,0.24223967,0.7466955,0.039582837,0.009817426,0.019958602,0.052792393,0.029589744,0.041509315,0.086475,0.03151107,0.07737839,0.07362416,0.02074825,0.054446302,0.23491298,0.024530377,0.031831216,0.04727286,0.5009073,0.019301882,0.015825257,0.014823813,0.008232058,0.11136948,0.23571141,0.23167811,0.04502077,0.02191158,0.023356542,0.15054508,0.055863414,0.008816605,0.008438046,0.047067363,0.0014233255,0.05960884,0.07065738,0.02049306,0.022513643,0.031949967,0.013516816,0.08670534,0.0109453825,0.013635476,0.008796139,0.13572615,0.056917436,0.005323676,0.20186684,0.194943,0.02455155,0.016096886,0.08811177,0.005946787,0.022456829,0.166379,0.24919532,0.04038051,0.0010958794,0.005781134,0.05578399,0.01723122,0.01673959,0.01825871,0.6798098,0.05196432,0.10878685,0.025079258,0.0025785305,0.033207573,0.012220955,0.0071615,0.1536254,0.0023722323,0.062052164,0.026105894,0.31097445,0.15263714,0.06259076,0.017974837,0.16624227,0.019583385,0.024216643,0.04848914,0.024205098,0.04484249,0.0059089786,0.056174215,0.00812404,0.016476056,0.21114771,0.036451556,0.039978202,0.057804227,0.3958352,0.026471253,0.101151556,0.013411595,0.1524298,0.03222321,0.3227187,0.5568938,0.0542936,0.066465296,0.13706538,0.22446646,0.014277607,0.0057922765,0.0096338065,0.10259908,0.0029379867,0.052088853,0.15306592,0.0057934946,0.056980375,0.0037400308,0.022926068,0.009285561,0.024180733,0.18320759,0.1270955
BC2026_Train_0014_S13_20220228_214500_15,0.00042735448,0.0013081267,0.00071131997,0.12881278,8.2564824e-08,0.013087626,0.0019973258,0.002805189,0.68014663,6.660396e-05,0.03467837,0.0013974037,0.00088075444,1.05101865e-08,1.6930066e-07,0.7911985,0.0057337657,4.462604e-05,0.27936932,0.0050171665,0.19584097,0.00024117444,0.05805126,0.0003047033,0.13236712,8.848336e-06,0.050226744,0.009362766,0.0027330148,0.05799308,0.00090116553,0.00019604468,0.0032518671,0.0009533927,0.0010081233,0.00038059172,0.0020662441,0.00011451063,0.00031424584,0.000610481,0.003116459,0.00024291001,0.0031410912,0.0005744831,6.7684276e-05,6.7684276e-05,0.0012437998,0.00014160055,0.000100525,0.00012798444,0.0003088509,0.00035169427,0.00035169427,0.0014451508,0.0009587049,4.0843172e-08,0.0029374547,0.0012404632,1.42210965e-05,0.010169217,0.102931015,0.0001450558,0.7298739,0.9980502,0.0071462686,0.00015291949,0.0021992966,6.3921965e-05,7.414632e-05,0.011306935,0.0010568892,9.3303526e-05,0.005722923,0.055795666,0.015264472,0.047737457,0.024621906,0.0659073,0.09881918,0.07979706,0.06937504,0.005894187,0.03645268,0.004518537,0.10225776,0.03868456,0.057700157,0.5849416,0.05159739,0.107974775,0.34253496,0.09269138,0.03499016,0.015563429,0.034906875,0.07705589,0.07045923,0.008497225,0.10765845,0.007504513,0.019403907,0.0071816896,0.13945071,0.30163875,0.20477088,0.029185275,0.0031865737,0.0036447076,0.06925582,0.034030207,0.032474175,0.05700108,0.025251554,0.16158362,0.86648846,0.04717389,0.009630223,0.032562908,0.059570756,0.035310704,0.042806942,0.07752439,0.025983222,0.16117011,0.039456487,0.011385317,0.055896543,0.07409953,0.027123025,0.031730287,0.013245339,0.49380514,0.019788777,0.019623464,0.014659323,0.011554151,0.17869833,0.16592073,0.11407795,0.037393022,0.018799944,0.0117215505,0.19985016,0.047756974,0.008802408,0.018682463,0.04518099,0.0015683736,0.03438846,0.042932637,0.01495481,0.019987367,0.037841268,0.013356596,0.046495467,0.011673198,0.017692534,0.0057994453,0.1039754,0.09678684,0.0037398282,0.18599784,0.28097543,0.02496256,0.015818454,0.08683832,0.003398271,0.018797625,0.19751152,0.2552421,0.040381327,0.0010848526,0.004645006,0.104080275,0.023552988,0.010714233,0.027669987,0.6889607,0.049580928,0.09616738,0.03389377,0.0023724602,0.029716142,0.01590437,0.0063584056,0.14303724,0.0027121394,0.0507717,0.028357977,0.23063572,0.21485083,0.054748476,0.037849173,0.1680071,0.020256247,0.026411662,0.027852872,0.031676993,0.032595586,0.007635927,0.027552882,0.0054875766,0.0124153895,0.2620552,0.033345684,0.07875042,0.05676768,0.28191048,0.028249476,0.08929807,0.01583923,0.14431843,0.038375117,0.29556778,0.48324782,0.027493592,0.1027737,0.14702617,0.21330509,0.012679726,0.0049621332,0.0075763813,0.073342115,0.0030658392,0.055585645,0.08039685,0.0037213736,0.040272344,0.0030865772,0.021733621,0.040434867,0.027930487,0.14390302,0.11200516
BC2026_Train_0014_S13_20220228_214500_20,0.00052332575,0.0018365682,0.0006365273,0.22716352,7.553391e-08,0.011254166,0.0011419202,0.0026458541,0.71040004,6.1505285e-05,0.032319665,0.0012157332,0.0011315898,9.535907e-09,1.6321074e-07,0.5518838,0.006381235,4.2947173e-05,0.49782413,0.0064830855,0.17418805,0.00030855965,0.05484223,0.00051526766,0.15364487,7.882043e-06,0.023774922,0.010878132,0.002906023,0.07451018,0.0013555519,0.00029246855,0.004755746,0.0015086285,0.0010129962,0.0006270893,0.0030957754,0.00015837928,0.00046824644,0.0010417186,0.0045053614,0.00034490108,0.004951327,0.0008447676,0.000112959984,0.000112959984,0.001785168,0.00021457755,0.0001480306,0.00018602837,0.00046810618,0.0005385387,0.0005385387,0.0020533993,0.0015934185,4.044677e-08,0.0029362747,0.0014357361,1.3801539e-05,0.018691761,0.0640499,0.0001517847,0.95615464,0.9981269,0.0075520133,0.00020613542,0.0014851635,5.963059e-05,7.999072e-05,0.011057388,0.0010557013,0.00011746814,0.0067282477,0.07877017,0.017548317,0.029062724,0.032674395,0.059878636,0.056699622,0.024962828,0.055799726,0.0076982747,0.04190824,0.002814021,0.18026453,0.034547176,0.07567089,0.66146564,0.0304741,0.032275774,0.4711434,0.07684179,0.022238381,0.007105213,0.054827657,0.03429409,0.05532058,0.010182785,0.12833029,0.008958148,0.03228768,0.023887469,0.12553063,0.32195562,0.29214838,0.050312996,0.0034352995,0.0029137223,0.066313975,0.034664027,0.031392135,0.079496115,0.036121953,0.1513018,0.8180633,0.063522115,0.0077064508,0.040959682,0.049304865,0.035172947,0.083198786,0.08377089,0.022934629,0.06847796,0.056435227,0.012644173,0.050961092,0.062304307,0.028953455,0.039646346,0.01671987,0.46014968,0.013726222,0.018114893,0.010969637,0.011838505,0.08078423,0.30239674,0.1274657,0.05392596,0.025061512,0.020206533,0.19503978,0.056754414,0.008920305,0.013043889,0.044628706,0.0013313256,0.041552056,0.053809293,0.022769067,0.017383223,0.04315773,0.013996335,0.043892052,0.01155575,0.011044863,0.006515561,0.08579828,0.08513661,0.00663595,0.21293908,0.054816365,0.025802126,0.018073587,0.048656113,0.0048167985,0.035424564,0.1807147,0.1535658,0.05259365,0.0012839345,0.004745473,0.0784466,0.02274078,0.014707505,0.028462462,0.6877197,0.043949317,0.14129739,0.03109785,0.002565064,0.041831598,0.013063935,0.006267128,0.123469844,0.0037150574,0.07070999,0.029387146,0.47146615,0.13757865,0.044828832,0.026824143,0.182781,0.01851218,0.025225194,0.036943864,0.01999078,0.030668916,0.004528824,0.035351068,0.01083451,0.014915049,0.15126802,0.03747863,0.05627729,0.059191294,0.2636019,0.038324308,0.09552314,0.026563853,0.4031446,0.05123615,0.30769047,0.5261151,0.065663435,0.044745583,0.14273338,0.2337149,0.013719719,0.005341262,0.008008541,0.15256846,0.0068011847,0.14683093,0.082480565,0.003914511,0.044220734,0.0034415044,0.029747695,0.008561517,0.02398935,0.07072717,0.104957566
BC2026_Train_0014_S13_20220228_214500_25,0.0005545297,0.0016723904,0.0007439285,0.37057954,7.364752e-08,0.016938603,0.0010244839,0.003321311,0.73318243,5.8994694e-05,0.033431776,0.0029753023,0.001067488,8.968021e-09,2.0884322e-07,0.9787682,0.003958454,4.0037965e-05,0.41572753,0.00414937,0.22838746,0.00022571663,0.058579177,0.00040953018,0.18433096,8.267492e-06,0.32686886,0.010160024,0.0041477787,0.10762487,0.0011503028,0.00029198942,0.0041294256,0.0013962352,0.0010256325,0.0005505175,0.0028319007,0.0001430433,0.0004023613,0.0010012392,0.0037252146,0.0003333008,0.004773807,0.0007689479,0.00010370543,0.00010370543,0.0016089393,0.00019738509,0.00012432903,0.0001572923,0.00044725827,0.00051426515,0.00051426515,0.0018642041,0.0011196584,4.0006707e-08,0.0029715232,0.0012028684,1.1820321e-05,0.007724866,0.07145555,0.00017155234,0.9324215,0.9973648,0.0047806045,0.00022308188,0.0015903416,8.155274e-05,9.037244e-05,0.02046124,0.0010692644,0.00012587977,0.007928778,0.20026383,0.019297214,0.03249471,0.024100441,0.08745939,0.039922986,0.03529214,0.0724979,0.008796279,0.059941307,0.003411389,0.1959867,0.04075602,0.07622451,0.71455604,0.068574905,0.021402823,0.48091406,0.08039252,0.018976536,0.009946392,0.050730895,0.06601723,0.14125459,0.008162171,0.15136537,0.010213665,0.025040098,0.0105274515,0.29388565,0.33873612,0.20350161,0.04683132,0.0038902278,0.0030156414,0.12782519,0.026938312,0.03495658,0.08962292,0.024927273,0.15243371,0.7629334,0.06297087,0.009353252,0.024366567,0.04050284,0.06276361,0.05042762,0.10973735,0.041509453,0.07536316,0.08416464,0.020277243,0.044694275,0.28433248,0.029612828,0.03176434,0.03298176,0.48101428,0.01736614,0.013517202,0.010732363,0.0076767537,0.07795037,0.27822092,0.14933674,0.045257043,0.12522063,0.016717175,0.21366028,0.06031022,0.010062825,0.010015004,0.043501507,0.0013170518,0.06406182,0.08029719,0.018641498,0.053148996,0.039455235,0.0152656045,0.089040965,0.008170049,0.018129012,0.007976958,0.16458437,0.055114985,0.0077162483,0.19370507,0.19587998,0.019024046,0.015061426,0.10500992,0.0051309816,0.027904766,0.198446,0.22159922,0.046679486,0.0013466396,0.005488212,0.07172065,0.03333715,0.012865622,0.01798399,0.61514246,0.0616122,0.12152433,0.03827055,0.002455496,0.029885948,0.013785788,0.009015393,0.12664735,0.0028019524,0.068935595,0.041708175,0.35145357,0.20403555,0.06460474,0.03361046,0.23696949,0.02051767,0.025301265,0.054397624,0.022773307,0.032525923,0.005594293,0.06582798,0.008198821,0.01232639,0.35345572,0.03884853,0.04282571,0.14912482,0.41590732,0.03198624,0.10826957,0.017867506,0.3364991,0.029742993,0.20908046,0.5937599,0.061758086,0.079253644,0.08892879,0.24420205,0.011977931,0.0056171673,0.010969511,0.07411662,0.0035996241,0.11942535,0.1631414,0.0051739183,0.039314453,0.00312957,0.023313707,0.014321363,0.1556178,0.19057664,0.08631616
BC2026_Train_0014_S13_20220228_214500_30,0.00062926987,0.0021123216,0.00065564463,0.48397958,7.028154e-08,0.012659825,0.0011361726,0.0056694373,0.7079208,5.0369086e-05,0.047161426,0.0010630423,0.0009754809,9.981842e-09,1.838819e-07,0.63609135,0.0033116736,4.0212053e-05,0.5287895,0.009026485,0.29301256,0.00036482612,0.042332392,0.00056844676,0.14971562,7.073706e-06,0.036553588,0.009467677,0.0042892,0.07686861,0.0016104659,0.0003352546,0.0054518483,0.0017874346,0.0010068982,0.00068423187,0.0034067687,0.00018165875,0.000546375,0.0010572213,0.0053681484,0.0004422092,0.005585704,0.0009233553,0.00012611948,0.00012611948,0.0020753983,0.00025710635,0.00016790196,0.0002165847,0.0005126981,0.0005822131,0.0005822131,0.0024211807,0.0015600292,4.0943572e-08,0.0029238968,0.0015092291,1.3328852e-05,0.008350358,0.08699867,0.0001905413,0.9741984,0.996611,0.005611628,0.00023266545,0.0022204472,9.542258e-05,7.8157216e-05,0.010094044,0.0010488871,0.000100474565,0.007799215,0.041041933,0.01816239,0.030944861,0.028492313,0.051302638,0.036672678,0.02649256,0.1011681,0.0076266075,0.048732627,0.004131884,0.12299153,0.036075197,0.07225985,0.6076383,0.04397797,0.024691405,0.47413942,0.08585202,0.02983991,0.009273155,0.05132946,0.037381418,0.085626446,0.014172476,0.1840235,0.009121428,0.030698122,0.0071587805,0.13189083,0.395779,0.344259,0.047526404,0.004322956,0.002958042,0.07887467,0.03205066,0.02699781,0.08022685,0.041415684,0.3448037,0.77401936,0.067403495,0.006372721,0.034229815,0.03627257,0.045911465,0.052702993,0.108355336,0.022236072,0.07997445,0.09754811,0.014869223,0.05264315,0.11749592,0.02581464,0.044865966,0.016413076,0.42352057,0.022971528,0.020886747,0.010730144,0.012155079,0.058394868,0.20406744,0.07608526,0.08435926,0.034313038,0.015265406,0.17495677,0.060807418,0.008638121,0.024198828,0.049147002,0.0015030545,0.044710062,0.072853096,0.013616371,0.03204275,0.06003573,0.0133315865,0.11355663,0.011980579,0.011590952,0.0068237227,0.06873051,0.06709447,0.0060136225,0.2385834,0.057755046,0.024617737,0.016676998,0.054234672,0.0040456005,0.032181956,0.20862412,0.17594393,0.038951162,0.0014166047,0.0057623535,0.057335045,0.034373425,0.011805139,0.029533215,0.7179644,0.057635445,0.10197264,0.03954403,0.0023436889,0.033452813,0.015951108,0.005921455,0.21277082,0.0022256013,0.073142596,0.030743685,0.40357912,0.21850175,0.06470405,0.023668244,0.17109191,0.015873928,0.021569135,0.04833625,0.028926414,0.04245541,0.0058915457,0.056531142,0.006180317,0.021633608,0.19830386,0.056124784,0.061802488,0.047467664,0.27359226,0.023832548,0.15970074,0.020198787,0.33387974,0.043297727,0.19312002,0.5554052,0.064989835,0.043494016,0.09140818,0.21062255,0.010981976,0.005313465,0.0080937585,0.09664448,0.0045253458,0.060707085,0.091859475,0.0035845088,0.030256849,0.0040675546,0.032248735,0.0075254464,0.034429356,0.06431369,0.1273467
BC2026_Train_0014_S13_20220228_214500_35,0.0006623965,0.0031996118,0.0006833162,0.62180513,6.4339275e-08,0.021048965,0.001117345,0.0040484536,0.68987393,8.446229e-05,0.054096565,0.0014057576,0.00090198364,9.4054275e-09,1.5437521e-07,0.5727251,0.0020161872,4.23587e-05,0.46807092,0.006185349,0.18478519,0.00045225996,0.02567442,0.0006732909,0.14738443,8.091119e-06,0.03545089,0.008409322,0.0041701505,0.17424653,0.0025339613,0.00052365544,0.0083080465,0.0029188907,0.0010113652,0.0011450695,0.0051635806,0.00030855686,0.00089365395,0.0021280856,0.008396308,0.00073030166,0.008341543,0.0014683594,0.00021981001,0.00021981001,0.0033322703,0.0004137511,0.0002986586,0.0003603783,0.0008648454,0.000997313,0.000997313,0.0035671103,0.003076927,3.8290814e-08,0.0028958162,0.0015475923,1.4082991e-05,0.007965445,0.14203802,0.00013751679,0.9787829,0.9962206,0.006356188,0.00025154112,0.0026812926,6.0955183e-05,8.6763896e-05,0.009334525,0.0010461046,8.835775e-05,0.008653452,0.060584445,0.030473463,0.027315458,0.024862202,0.064134456,0.0350228,0.016408915,0.10815329,0.012396777,0.047383726,0.0020278564,0.13820396,0.043935154,0.040808663,0.51340276,0.049582604,0.030995779,0.40680906,0.04520616,0.016746994,0.011864391,0.05332338,0.048551884,0.10562482,0.018195435,0.11632652,0.008636194,0.03017179,0.009624637,0.12109077,0.511075,0.24605894,0.03808726,0.0059486604,0.0034267236,0.09276181,0.026511632,0.023493266,0.07220398,0.025572335,0.38323987,0.8769027,0.052896693,0.009245358,0.050015442,0.053106476,0.06436454,0.04698548,0.111224115,0.020053329,0.06837739,0.05694915,0.019954823,0.058880392,0.05133781,0.027153263,0.038350206,0.028430795,0.42027947,0.022455271,0.013426301,0.00840544,0.011772063,0.08330442,0.1569395,0.15685636,0.07746017,0.06119802,0.019068034,0.35374302,0.060903203,0.011410401,0.0108748935,0.07559616,0.0011351061,0.055334743,0.06216777,0.029860461,0.041629694,0.08390955,0.011136905,0.0529552,0.015847316,0.010978178,0.0069042165,0.062315375,0.0697362,0.010698227,0.24465592,0.065842964,0.017103154,0.020469818,0.08229995,0.0036127283,0.022920188,0.13058318,0.20682533,0.033944424,0.0011718433,0.004430136,0.075357564,0.029155938,0.012297259,0.030655818,0.6488839,0.04527509,0.122803584,0.031500332,0.0022555334,0.03793274,0.0128941685,0.005340639,0.09826324,0.0028582392,0.050284274,0.046392553,0.30134222,0.3348595,0.05188379,0.030495932,0.12196121,0.023919914,0.02755397,0.075061865,0.016541366,0.039630074,0.0056275777,0.045016028,0.01032476,0.013916616,0.24038382,0.035183635,0.071283735,0.10131745,0.24417248,0.02419674,0.11988591,0.015118274,0.43209484,0.024557732,0.23309293,0.65425354,0.071385875,0.048179112,0.1754343,0.2711047,0.015069172,0.0055270777,0.008949355,0.06746934,0.0035475187,0.07373256,0.106097795,0.0054806233,0.032283988,0.0048844824,0.0306044,0.0075653736,0.059573114,0.0724881,0.10024996
BC2026_Train_0014_S13_20220228_214500_40,0.00065874803,0.00226511,0.0005528264,0.2741319,6.3394104e-08,0.020754805,0.001469297,0.002430341,0.71454537,5.1659303e-05,0.034207292,0.0012616955,0.0008634391,9.368922e-09,1.810057e-07,0.98341477,0.0042181034,5.6037e-05,0.5477413,0.0124795055,0.2421586,0.00029617854,0.050299477,0.00040277647,0.18127543,6.9231896e-06,0.30169362,0.0075709233,0.006115534,0.22119671,0.0015779419,0.0003941617,0.0056691277,0.0019235169,0.001020976,0.00074803294,0.003986517,0.00022900042,0.000575449,0.0012365067,0.0059382413,0.0005038354,0.0063736453,0.001066113,0.00015391351,0.00015391351,0.0024636146,0.00028770557,0.00019704756,0.0002505325,0.0005980402,0.0006821936,0.0006821936,0.002623142,0.0014176908,4.032378e-08,0.0029519927,0.0015940554,1.2722966e-05,0.012321654,0.2410753,0.0001504854,0.66008824,0.9975025,0.005310246,0.00022715442,0.0032973522,8.363692e-05,0.00010878579,0.018527377,0.0010636962,9.2446615e-05,0.007873089,0.15325695,0.022501582,0.025633631,0.02668917,0.08252994,0.03918729,0.05549791,0.0790093,0.0073351916,0.06468007,0.0032987003,0.11642331,0.03235514,0.043914564,0.60011685,0.07322454,0.03691623,0.2683916,0.065351814,0.019228294,0.009433529,0.040995028,0.066527225,0.04149991,0.015469964,0.09230721,0.00839449,0.03417045,0.007929052,0.16575924,0.4252588,0.3751674,0.042891484,0.004240485,0.002490133,0.069014356,0.032899063,0.02567722,0.0883105,0.02459156,0.22925885,0.7961044,0.065433785,0.0077333758,0.03476682,0.043714423,0.05131652,0.0762807,0.10774122,0.036047306,0.07469015,0.07374107,0.013572446,0.06185166,0.233754,0.02251807,0.045913912,0.030456616,0.40826502,0.02626794,0.014745232,0.014883004,0.010324744,0.12241919,0.27962247,0.26668003,0.0682351,0.015057312,0.01919222,0.1528462,0.05491707,0.010537837,0.012836201,0.03625819,0.0011099739,0.067542136,0.09543171,0.01832053,0.021627987,0.043164395,0.012658632,0.11164384,0.010128372,0.023848945,0.0060723163,0.10769641,0.075721845,0.011824753,0.11866815,0.17179723,0.020466466,0.016502395,0.0759431,0.004167743,0.021188216,0.1318022,0.2786437,0.052801155,0.0009853496,0.004623202,0.055533905,0.020964168,0.013394551,0.010055601,0.7337434,0.106487855,0.18406545,0.024156056,0.0022767677,0.030661203,0.012626017,0.011277847,0.16234946,0.0026910743,0.05076137,0.023570366,0.38616693,0.2498571,0.051807627,0.02592145,0.20062278,0.015497984,0.022587627,0.055355158,0.023852821,0.044970553,0.0072516636,0.077881016,0.0050523537,0.01373052,0.19116725,0.05216332,0.054249555,0.049073514,0.39289266,0.025508873,0.11034452,0.015206474,0.13171248,0.038453255,0.18589956,0.63642234,0.080446765,0.07537183,0.18464114,0.18794651,0.009879724,0.0043441476,0.010025819,0.09355047,0.0031782307,0.03929583,0.17322887,0.005082175,0.043242842,0.004478877,0.0280652,0.015104609,0.024484029,0.17936839,0.07328284
BC2026_Train_0014_S13_20220228_214500_45,0.00049683364,0.0018160511,0.00064867176,0.27448347,7.5329226e-08,0.016630901,0.0012480918,0.00436997,0.67217684,6.3261934e-05,0.03953315,0.0020306436,0.0006667286,1.2294731e-08,2.049812e-07,0.97863543,0.0037229757,4.0073264e-05,0.4983977,0.0046100863,0.237875,0.00020778332,0.03631094,0.00043928655,0.14837989,5.98353e-06,0.34004995,0.013115507,0.004847824,0.15304501,0.0013486943,0.0003459029,0.004410555,0.0014316133,0.0010130616,0.0006077518,0.0036835412,0.00018147731,0.00047359924,0.0008702104,0.004381487,0.00042865932,0.0054158266,0.00091898016,0.00012005826,0.00012005826,0.0019492039,0.00023566453,0.00015671471,0.00019020612,0.0005265325,0.0006093719,0.0006093719,0.0021518099,0.0011973983,3.771374e-08,0.002944051,0.0023727063,1.3680737e-05,0.012211695,0.09663952,0.00013413467,0.9437914,0.9976498,0.00604775,0.00019525544,0.0036968584,7.29307e-05,9.31826e-05,0.029489186,0.0010564857,0.000112786096,0.004880596,0.15423311,0.022450069,0.038601026,0.026726166,0.07444403,0.04348962,0.047646265,0.043822944,0.009883405,0.05472352,0.0037650068,0.12634517,0.02354805,0.07957494,0.27048972,0.08286594,0.022664463,0.39419553,0.05178189,0.01436472,0.008360405,0.04291833,0.080139026,0.055534676,0.00724076,0.14227961,0.0069192834,0.032726962,0.008796509,0.25849476,0.35161343,0.21179068,0.033942167,0.004042596,0.0031667838,0.10478602,0.034815565,0.020522263,0.08662971,0.034225028,0.3287429,0.7547392,0.067589045,0.009595793,0.027048139,0.034241363,0.04268457,0.08096422,0.09682579,0.06025949,0.072849475,0.12001324,0.018069914,0.03470746,0.26864278,0.022553006,0.03374828,0.027500026,0.39058453,0.01918539,0.012428223,0.010996669,0.009709031,0.107984215,0.1827659,0.13746718,0.07093842,0.027105106,0.06260782,0.202166,0.044293273,0.012676064,0.014078622,0.0397521,0.0014011927,0.0925446,0.06827697,0.020601999,0.022443304,0.04786064,0.015266901,0.20337588,0.008545757,0.014729229,0.0061287214,0.16379721,0.07204058,0.0059669777,0.20842114,0.20647156,0.021923097,0.018560754,0.09305741,0.014062704,0.024255026,0.16684598,0.24443404,0.035587374,0.0012696116,0.009532174,0.05147628,0.030552957,0.013969111,0.018110434,0.69297427,0.0982216,0.22861403,0.036976434,0.0024967447,0.026896236,0.01059122,0.012460424,0.1642767,0.0028834045,0.037616175,0.032069746,0.20469657,0.2641995,0.090498485,0.021871127,0.30056688,0.01718963,0.027863024,0.064315364,0.032069433,0.045138553,0.0069065425,0.080514945,0.0072300965,0.013802845,0.3448202,0.042276613,0.05453216,0.07500229,0.44296825,0.03504787,0.25851226,0.020146789,0.4068906,0.049424786,0.2221795,0.6218542,0.08150878,0.08390209,0.14159398,0.14993116,0.0092478255,0.0056991144,0.009035483,0.06289945,0.0032789712,0.068599805,0.19261321,0.0042030877,0.037596073,0.003259713,0.02718238,0.009912142,0.027761912,0.14404494,0.11355442
BC2026_Train_0014_S13_20220228_214500_50,0.00050170673,0.0020373147,0.00067193934,0.13542907,6.47988e-08,0.012163699,0.0011627865,0.004617715,0.6861694,4.8084807e-05,0.028632533,0.0013427314,0.0007648207,1.0117828e-08,1.7618294e-07,0.541825,0.0039734226,3.9190407e-05,0.5093048,0.0062635657,0.19737838,0.00031154716,0.034187008,0.0003382196,0.1309143,6.4636574e-06,0.028584851,0.008539372,0.003532852,0.0698759,0.001515735,0.00029298998,0.0053915847,0.0017349308,0.0010133467,0.0006267871,0.0029841964,0.00017692403,0.00051709,0.0010976528,0.0054616565,0.00039367573,0.0049315454,0.0008415651,0.00010030121,0.00010030121,0.0019672115,0.00022247132,0.0001571658,0.000204096,0.0004788488,0.0005381095,0.0005381095,0.0023075985,0.0014470918,3.7742776e-08,0.0029226334,0.0013461513,1.5868889e-05,0.011161135,0.091924615,0.00014922986,0.56654155,0.9970958,0.0052865306,0.0001707266,0.0025301212,6.958592e-05,7.4738e-05,0.007898162,0.0010480101,7.8140765e-05,0.0061017065,0.09042632,0.015215951,0.029912213,0.030902494,0.050080266,0.03859954,0.023097083,0.07450761,0.00655801,0.039962597,0.003909404,0.049028058,0.04266119,0.04542386,0.74005073,0.03436082,0.03288519,0.41511852,0.07526166,0.025252132,0.009753879,0.05060481,0.03595047,0.06401039,0.016752224,0.09849313,0.011121583,0.029642321,0.009444578,0.12869202,0.42908013,0.33659807,0.04214885,0.0055462057,0.0026357584,0.08292301,0.027365955,0.035005104,0.08138126,0.022997113,0.19550508,0.75216895,0.08253856,0.007523015,0.038155034,0.035421442,0.03732842,0.0417844,0.11320547,0.022282965,0.059779365,0.059182506,0.015026102,0.062028054,0.07269508,0.036368344,0.030882189,0.013090662,0.40839773,0.01737828,0.01559294,0.010751542,0.013237814,0.050827015,0.22731778,0.082085595,0.08208936,0.015263506,0.012898271,0.19032261,0.051937826,0.011846065,0.02244198,0.039745785,0.0013302712,0.05769122,0.07757495,0.014548107,0.05290814,0.029895136,0.017126847,0.04298753,0.010631362,0.011401146,0.00553307,0.06272823,0.06794643,0.006438481,0.12234144,0.048690185,0.028661104,0.022376299,0.047103964,0.0038121971,0.022130338,0.19503886,0.27718407,0.048411805,0.0014636656,0.0067780484,0.05840058,0.050759465,0.015041708,0.013023437,0.6522661,0.053897835,0.08378909,0.023860624,0.0025372247,0.029217804,0.018952189,0.0080476925,0.22595814,0.003552943,0.0566304,0.017663391,0.40886375,0.18079893,0.054522954,0.020667693,0.20138888,0.019366851,0.01567693,0.05479666,0.026931874,0.034316286,0.0058685807,0.041215222,0.006020763,0.015839448,0.114543006,0.028870974,0.06492549,0.04597992,0.27174583,0.025659252,0.10066582,0.026383936,0.1294314,0.049656995,0.17603864,0.54472846,0.053289574,0.04041146,0.11864009,0.22743316,0.017440557,0.004835473,0.007852437,0.1172183,0.003054587,0.063840784,0.095153935,0.0037331462,0.040557534,0.0032188087,0.042244203,0.0071376665,0.022940544,0.054387163,0.05983327
BC2026_Train_0014_S13_20220228_214500_55,0.00054655503,0.0022919031,0.0007083119,0.45149535,5.889101e-08,0.019098932,0.0011718243,0.00801298,0.7021028,6.0459224e-05,0.047221772,0.0023488149,0.00081751565,1.0414209e-08,1.7962873e-07,0.98546267,0.0037651046,4.1809843e-05,0.45652065,0.006199714,0.14961687,0.0002740341,0.08470371,0.000584092,0.21575935,7.5205135e-06,0.31109375,0.009462701,0.0052868323,0.22709109,0.0015452538,0.0004272443,0.005450302,0.0019419532,0.0010159407,0.0008007647,0.004198186,0.00023780025,0.0005819143,0.0012651598,0.0056500193,0.00051238964,0.006504771,0.0011230864,0.0001562818,0.0001562818,0.0024993808,0.00029545336,0.0002030981,0.0002547691,0.00063258846,0.0007226663,0.0007226663,0.002567295,0.0015041477,4.0007652e-08,0.002938355,0.002006547,1.0314422e-05,0.010735031,0.1729591,0.00013102432,0.9663573,0.9964308,0.008857728,0.0002908806,0.0048846155,7.083552e-05,0.00012001198,0.019359097,0.0010587189,0.0001075757,0.0065829144,0.19021194,0.022710849,0.03675428,0.024414629,0.07109812,0.030935591,0.03725451,0.051470146,0.007903748,0.03942985,0.0037065677,0.20612857,0.036644954,0.096500285,0.6018439,0.06319904,0.029432215,0.37335047,0.06990349,0.019901475,0.010188521,0.055685353,0.055621136,0.05539099,0.011028711,0.084623136,0.014098056,0.03662077,0.011638611,0.25023258,0.4139066,0.33350444,0.036744703,0.005730082,0.0036760168,0.11098937,0.024370983,0.02569642,0.08936467,0.022369668,0.26242387,0.77981097,0.09906882,0.008526124,0.030733107,0.030921092,0.05190052,0.06317269,0.14570932,0.025601242,0.08816653,0.10051387,0.02526252,0.05727696,0.2797343,0.024392363,0.04338943,0.027700853,0.3991664,0.023125852,0.015540461,0.013370743,0.014772348,0.10307963,0.27514675,0.2105162,0.10498085,0.03998323,0.036630407,0.21381736,0.039710797,0.00949879,0.028555254,0.047479156,0.0010778708,0.07771471,0.11125997,0.02456799,0.052323435,0.036804374,0.014270974,0.11359858,0.010917394,0.021025352,0.00846742,0.124870166,0.06505216,0.010588036,0.13838771,0.16411422,0.01681303,0.014510331,0.0985873,0.004984311,0.02897732,0.17672755,0.27441302,0.044055842,0.0019541548,0.005254279,0.06514929,0.043127373,0.010480236,0.019394081,0.5276205,0.0649342,0.15709409,0.035965573,0.0023320096,0.028365156,0.010680972,0.011000152,0.18236399,0.0031062097,0.059450693,0.024364823,0.35677424,0.2828322,0.058290612,0.022564957,0.28162768,0.01665177,0.018010601,0.07528836,0.028583195,0.03653315,0.005844447,0.07446494,0.0089414,0.01570013,0.27711764,0.0664868,0.054244105,0.064741954,0.39263257,0.06575683,0.12504861,0.021438932,0.34661907,0.038960867,0.19275619,0.60366064,0.08318829,0.07980382,0.11854068,0.20131016,0.0100964615,0.0046188035,0.009494404,0.104613274,0.0040050065,0.072965,0.1875122,0.004297519,0.03346632,0.0041407156,0.033374637,0.012189008,0.037346903,0.1837123,0.086596355
BC2026_Train_0014_S13_20220228_214500_60,0.0006059913,0.0026463089,0.00057911075,0.48673794,6.4066484e-08,0.012020471,0.0012387453,0.0021679974,0.69228077,6.178982e-05,0.044782825,0.0012188846,0.0008770084,8.275689e-09,1.5667516e-07,0.54201674,0.004127917,4.235236e-05,0.25384754,0.004595708,0.19681348,0.0002902987,0.025032176,0.00068084465,0.1723919,8.071729e-06,0.03298082,0.008905706,0.003938812,0.10007266,0.0022080059,0.0004525816,0.007203626,0.0024047391,0.0010046792,0.0009294558,0.0047603813,0.00025310353,0.0007367049,0.0013027291,0.0071257697,0.00065557373,0.0076221866,0.0013657706,0.0001637503,0.0001637503,0.0028297638,0.0003788684,0.0002402827,0.00030546624,0.0007497131,0.00087646476,0.00087646476,0.0032091683,0.0016051829,3.7008654e-08,0.0028984135,0.0022843566,1.2358641e-05,0.007608144,0.07052634,0.00015338571,0.96856266,0.99459815,0.0046069664,0.0002180321,0.0017945765,5.7561185e-05,8.373091e-05,0.00994473,0.0010399963,0.00010013667,0.009427497,0.064578705,0.02075767,0.0235121,0.031353652,0.060375925,0.03514888,0.022146972,0.089347266,0.009597259,0.04023113,0.0032713623,0.0763863,0.034141578,0.04948388,0.6185236,0.03752487,0.056087255,0.4633887,0.058265854,0.016897364,0.008717113,0.04866388,0.029451456,0.05405386,0.011605137,0.117681935,0.0062420317,0.03651878,0.009733023,0.16466916,0.5241403,0.24921735,0.04294467,0.0051858053,0.0037714907,0.08436608,0.029447548,0.025967332,0.077978164,0.022384545,0.2669965,0.80323803,0.08693553,0.0119584175,0.04426215,0.063812606,0.040093575,0.04803459,0.09784673,0.026967896,0.067793235,0.04957339,0.02291501,0.06668111,0.06999916,0.028658446,0.030032171,0.020399818,0.4865679,0.020726992,0.030535199,0.009501293,0.012739827,0.06907149,0.15409082,0.10958215,0.0662651,0.03027651,0.02778426,0.15836304,0.04543384,0.009878536,0.014869434,0.035798185,0.0011064812,0.053545147,0.08421168,0.02579993,0.024728132,0.043186963,0.015996603,0.042074222,0.010979024,0.011163899,0.007729099,0.06971119,0.06557014,0.007782014,0.29876074,0.05624672,0.021436403,0.018851237,0.057366926,0.004800252,0.022844609,0.23795035,0.23390974,0.047146488,0.0014503129,0.0059840186,0.06985161,0.026850982,0.014182077,0.032511506,0.71780944,0.038418572,0.103925474,0.03747853,0.0023568487,0.05949781,0.012650018,0.0060878834,0.14674968,0.0026918575,0.08120031,0.021443063,0.3083204,0.32343233,0.041030444,0.018658875,0.16117178,0.023371657,0.017441235,0.038687155,0.03629948,0.038208082,0.0058240956,0.037204213,0.009046333,0.01622825,0.15095977,0.035793565,0.09488801,0.04714098,0.23987636,0.041664183,0.11812799,0.021720864,0.19505557,0.038696945,0.3455776,0.61272585,0.09614603,0.038698956,0.1275956,0.24724744,0.014126462,0.0054237014,0.0073378147,0.102255,0.0053876955,0.05331784,0.1035047,0.005549322,0.042607393,0.0045783366,0.04031991,0.011827894,0.030134838,0.07050185,0.07555915
BC2026_Train_0015_S18_20211016_011500_5,0.00031072847,0.00771848,0.00024088428,0.6016106,2.1847983e-08,0.010852962,0.00046057889,0.0005771562,0.0021942924,0.0012304785,0.27942795,0.0003893401,0.0003166013,6.0533534e-09,1.2826115e-07,0.0048163254,8.070923e-05,2.9710514e-05,0.029891172,0.0016034959,0.014062154,3.7764286e-05,0.0055618295,0.00037797453,0.22422381,2.7346869e-06,0.0014705616,0.036911167,0.003236633,0.06672823,0.0044762474,0.0010369122,0.011582978,0.0070083546,0.0012080871,0.0024336944,0.013594074,0.00073220505,0.00035843588,0.011429911,0.0057571703,0.00042671137,0.013579791,0.0028074952,0.0002638108,0.0002638108,0.0076614087,0.0004419288,0.00021747069,0.00042338873,0.0040824506,0.0043086377,0.0043086377,0.0018895741,0.034075584,2.5017025e-08,0.015446891,0.0044807964,1.2541529e-05,0.0025960414,0.02861042,5.867652e-05,0.009919714,0.029220678,0.0014697387,0.0004404401,0.0037839292,0.00013570074,4.6345864e-05,0.004867125,0.0009292081,0.000114244496,0.01091713,0.015738845,0.032849308,0.028034544,0.07221191,0.1444934,0.01004127,0.010979747,0.013442285,0.0613425,0.073399335,0.0020116407,0.032539006,0.09075475,0.06949004,0.22181185,0.054179247,0.007057155,0.19597243,0.20469914,0.004512493,0.0061815996,0.049298454,0.059747335,0.009016616,0.09921967,0.068737,0.034357242,0.24396537,0.0024495493,0.17575727,0.6585509,0.71191263,0.044601846,0.11478541,0.03478057,0.06291392,0.07051172,0.031201806,0.21018304,0.010890502,0.19628194,0.0067358376,0.09497169,0.08970289,0.011261379,0.086528935,0.11274548,0.03107072,0.08513401,0.21842551,0.19424595,0.1595795,0.01091474,0.023268446,0.07980548,0.19584396,0.03596794,0.0094090905,0.28543457,0.006452445,0.027794128,0.053410143,0.011060653,0.055262163,0.122949615,0.047074888,0.14394413,0.003751509,0.033267185,0.02521266,0.046936676,0.04522729,0.010366685,0.15524603,0.008203006,0.044241346,0.032245576,0.023853047,0.031097256,0.0900472,0.13733737,0.042681094,0.04356802,0.010707921,0.05576246,0.02588081,0.03879059,0.0036064372,0.10390453,0.0070670927,0.11466363,0.033375163,0.0900316,0.007563317,0.04761185,0.08156121,0.3720983,0.12694639,0.0017860254,0.10238926,0.09096388,0.047042686,0.3360459,0.011414793,0.19912685,0.122523636,0.08631503,0.0737674,0.05663139,0.05376769,0.029238498,0.0042599747,0.011878153,0.0057932814,0.041473668,0.06395936,0.15999576,0.035964433,0.08800181,0.07447276,0.06814897,0.06668744,0.091941856,0.0091551645,0.3813909,0.02668217,0.00417169,0.21776938,0.022672731,0.0042732223,0.18963836,0.057351734,0.08662168,0.18839686,0.2817774,0.027015528,0.05086103,0.2748037,0.27711153,0.023062501,0.13017698,0.65443206,0.37800312,0.032535072,0.06529636,0.048586324,0.017521827,0.014984081,0.18026915,0.008406346,0.0033026799,0.0139247095,0.52147007,0.0872344,0.09699401,0.0026171086,0.043864124,0.0013252652,0.0025897424,0.06113204,0.628608
BC2026_Train_0015_S18_20211016_011500_10,0.0003576718,0.009273851,0.0002611693,0.6532465,2.0760817e-08,0.008841995,0.0003755202,0.0004269329,0.002390116,0.001338379,0.30288345,0.0006159279,0.0004460922,6.016574e-09,1.18689364e-07,0.0050195856,5.5718912e-05,3.721856e-05,0.037702546,0.0014503923,0.014172518,3.7495105e-05,0.005536256,0.0007713173,0.2736161,2.9244384e-06,0.0018994692,0.04828617,0.0037157566,0.072894804,0.005301097,0.0012469749,0.014163907,0.008278504,0.0012140147,0.0029964703,0.016085735,0.0009494081,0.00041827452,0.01395036,0.0075111617,0.0005162387,0.016378302,0.0034366099,0.00032173423,0.00032173423,0.0095619615,0.0005372621,0.00027861676,0.00056142843,0.0049326136,0.00515916,0.00515916,0.002318565,0.032282405,2.74627e-08,0.015411926,0.0037887406,1.3841641e-05,0.0027689647,0.029859442,5.125394e-05,0.012518301,0.03568249,0.0012597411,0.00048464732,0.0033628822,0.00014394696,4.425037e-05,0.004455756,0.00093055266,7.045512e-05,0.01008977,0.014108837,0.05036021,0.023617724,0.09699685,0.15990354,0.008574197,0.012276998,0.020456882,0.021714127,0.113479555,0.0015714144,0.033871733,0.10007995,0.06875855,0.14903072,0.048565153,0.0059301965,0.22251967,0.3236075,0.0046347454,0.0066467337,0.04652934,0.057897575,0.009235826,0.12706412,0.04422351,0.031151459,0.117180765,0.00267516,0.1574405,0.7339059,0.75195396,0.05163376,0.09185032,0.020919342,0.057563253,0.05792103,0.03291893,0.21436076,0.011955052,0.19680196,0.008494623,0.07995673,0.1035992,0.0098692635,0.110961206,0.08958969,0.037577182,0.0999821,0.1668578,0.23350248,0.21503414,0.0117203435,0.025094435,0.07777183,0.16173072,0.024005132,0.014723464,0.22772495,0.0075963796,0.029438907,0.04559333,0.007050503,0.051570546,0.13449967,0.040531255,0.17066686,0.0052379454,0.032859206,0.03434177,0.031348836,0.049887456,0.010562268,0.21059209,0.008301799,0.04951845,0.04189076,0.029529497,0.015684824,0.066233315,0.16457409,0.040729668,0.050713602,0.009413246,0.1380412,0.022035519,0.028696718,0.0030733685,0.06111516,0.0062239175,0.0921685,0.023810666,0.13251552,0.008083583,0.061810013,0.062438827,0.3651568,0.1493739,0.0033858125,0.0765868,0.089613385,0.049225956,0.34891218,0.019281752,0.09823817,0.08625301,0.08171983,0.049259145,0.022471642,0.038359974,0.038453247,0.003782366,0.011549576,0.0063171634,0.038327083,0.045746826,0.16517286,0.04692411,0.101398975,0.088491164,0.06680824,0.07975333,0.08460274,0.013237553,0.3494903,0.025202822,0.0037446585,0.20714045,0.026743747,0.0065930807,0.21082242,0.07384977,0.104734406,0.1201314,0.30055034,0.0207824,0.037129547,0.16101238,0.24408112,0.012745832,0.19230926,0.6714534,0.44165736,0.027902165,0.06500352,0.03695214,0.014129911,0.010693777,0.14226745,0.0076573384,0.003028193,0.014219146,0.5205134,0.124466956,0.08634266,0.002283736,0.06069865,0.0013051291,0.0029846637,0.047088668,0.58974934
BC2026_Train_0015_S18_20211016_011500_15,0.00037525088,0.009727948,0.00029509395,0.56957626,2.7317537e-08,0.009325734,0.0004511869,0.0006701057,0.0023128018,0.0012035915,0.34662992,0.0006733414,0.00041323568,6.4653727e-09,1.197661e-07,0.0045848265,5.7430374e-05,3.3323762e-05,0.02858004,0.0008681806,0.013185874,3.92619e-05,0.0070805876,0.0006472108,0.27242395,2.9281105e-06,0.001867427,0.034053527,0.0031273067,0.06951711,0.0050520627,0.0013164636,0.0141423475,0.008991871,0.0012116672,0.0031505814,0.01485493,0.0009105737,0.0004188171,0.015659988,0.007404374,0.0005129161,0.01718107,0.0035725615,0.00033880994,0.00033880994,0.009981062,0.00055779045,0.00029004927,0.0005675199,0.005077255,0.0053256922,0.0053256922,0.002343611,0.03608693,2.9574194e-08,0.015487548,0.004052155,1.7351755e-05,0.002557331,0.03380958,6.329077e-05,0.01921915,0.02568917,0.0013148283,0.0005940963,0.0035739117,0.00014910613,4.5933324e-05,0.0045953724,0.00092655304,6.627147e-05,0.008902708,0.0121635925,0.03768767,0.022763506,0.06382014,0.11881526,0.008615049,0.012873901,0.01966311,0.016211724,0.08704544,0.003738901,0.029189667,0.1349973,0.058914546,0.13554394,0.04546875,0.0048805526,0.19345106,0.22657582,0.00788741,0.0058256066,0.039840832,0.038299516,0.007192734,0.09281602,0.052156642,0.022635126,0.10418372,0.0032299908,0.17326881,0.6796462,0.66737175,0.04380741,0.15533036,0.034203947,0.046076316,0.07482696,0.026359593,0.25604296,0.009696592,0.19739428,0.006365207,0.09679678,0.12660354,0.008824898,0.09217463,0.07358898,0.052594125,0.08654201,0.32331973,0.17833644,0.16441666,0.011925645,0.030456789,0.09138283,0.13084012,0.026876416,0.013195581,0.21035098,0.0071529136,0.01820751,0.04315513,0.0050732642,0.045824353,0.17452626,0.045217805,0.15748574,0.0033358617,0.029435774,0.022029158,0.03946428,0.09510418,0.007498284,0.13930984,0.009739877,0.047552533,0.038044587,0.024129769,0.019034123,0.07097616,0.16299435,0.04717895,0.055264693,0.009516182,0.11270854,0.030909419,0.032258835,0.0031622925,0.05863964,0.0062719653,0.13893557,0.018574484,0.12997022,0.011030638,0.0578625,0.041306984,0.40335912,0.11945094,0.0019171252,0.08851293,0.09634201,0.028786052,0.32451096,0.009709841,0.11805232,0.07118485,0.07426563,0.058057953,0.02599217,0.045066852,0.0418,0.005052472,0.009506588,0.006656583,0.05000459,0.06370343,0.15783961,0.029282907,0.07918128,0.07231299,0.066328704,0.04396172,0.09061203,0.008149977,0.1776422,0.045455113,0.004499738,0.23034637,0.020885237,0.005521871,0.16109467,0.055328377,0.081374966,0.10239146,0.27885628,0.019750882,0.039544944,0.189415,0.23950055,0.015888534,0.3094812,0.65704817,0.4208397,0.033245154,0.07303304,0.029697336,0.025283633,0.010534735,0.10106626,0.007954963,0.0034090902,0.010992747,0.51181215,0.09574732,0.07778966,0.0022469896,0.03885551,0.001787286,0.0028297738,0.056807697,0.7793548
BC2026_Train_0015_S18_20211016_011500_20,0.00043986677,0.00842989,0.00027033876,0.5944623,2.412319e-08,0.008523988,0.00044698291,0.0007089195,0.0019637493,0.0011627433,0.23208113,0.0004957054,0.00034676853,6.148079e-09,1.12013396e-07,0.0047550905,5.65932e-05,3.215442e-05,0.025997616,0.0013354543,0.012311898,3.1679363e-05,0.007615788,0.0006630832,0.2778142,3.246188e-06,0.0017265658,0.03784025,0.0032179388,0.071346134,0.0049357023,0.001079431,0.013015466,0.0067121605,0.001220216,0.0025121882,0.013200491,0.00079827156,0.00037824418,0.011915227,0.0066935993,0.00047371822,0.01454474,0.0029978985,0.0002928226,0.0002928226,0.008668872,0.00047573488,0.0002484519,0.0004886177,0.0043402333,0.004618807,0.004618807,0.002062012,0.03148644,2.777774e-08,0.0155145535,0.004741383,1.4611711e-05,0.0022064557,0.02421588,4.6292113e-05,0.010235882,0.023961214,0.0016355488,0.00040224777,0.00356098,0.0001373021,4.9198065e-05,0.00497454,0.0009316742,6.634987e-05,0.009335746,0.009131633,0.0652739,0.038130008,0.081104256,0.12676397,0.008338109,0.018266184,0.013474616,0.01667335,0.11498002,0.0016323527,0.03810494,0.11700502,0.0604529,0.11493979,0.041308858,0.0056950864,0.11423358,0.21106315,0.004349435,0.006191108,0.045152504,0.03484115,0.009873306,0.0821569,0.03345878,0.033699464,0.1263848,0.002934582,0.16859198,0.72636163,0.675275,0.030574402,0.109195285,0.025237907,0.04231898,0.077674,0.04438216,0.2580051,0.011423284,0.19166791,0.008583128,0.07730597,0.16422403,0.008715468,0.1411695,0.08784251,0.0348662,0.08933216,0.1776742,0.15452588,0.17299631,0.009337132,0.018277237,0.09915731,0.111097306,0.032681346,0.015928332,0.2066676,0.007895719,0.021692133,0.0578186,0.0057181246,0.05123535,0.122062795,0.050324664,0.13536647,0.003167352,0.04124384,0.021489205,0.03972791,0.048717774,0.0078060753,0.14731377,0.008406214,0.056482878,0.040122896,0.018415298,0.020736773,0.053847183,0.1667021,0.03697561,0.04518675,0.010402565,0.16175543,0.05154817,0.03096568,0.0040978095,0.10840815,0.008835654,0.12080103,0.028205615,0.12672448,0.008912389,0.13122122,0.054497827,0.3301402,0.13730375,0.0021943708,0.07718614,0.104618244,0.05245141,0.31866652,0.010548934,0.20868291,0.08554063,0.0668451,0.05655509,0.052476756,0.04797506,0.041301366,0.0044185477,0.017772404,0.006603678,0.043564938,0.04895425,0.16159947,0.02827761,0.0920012,0.06899105,0.0544289,0.0488754,0.123462714,0.01075356,0.2736603,0.031634025,0.00486714,0.19485347,0.014127242,0.005964659,0.22171965,0.085725084,0.0989707,0.13475917,0.2843676,0.0267108,0.048519973,0.15036592,0.35772973,0.017965782,0.3438234,0.6289666,0.39241084,0.030969892,0.052014634,0.033849988,0.01265133,0.008477939,0.1521646,0.006238,0.0044933064,0.010879076,0.50027585,0.11373474,0.093112655,0.0024084018,0.04122704,0.0011575335,0.003244542,0.061957452,0.5340785
BC2026_Train_0015_S18_20211016_011500_25,0.00035616767,0.008623984,0.0002584537,0.5723809,2.6022677e-08,0.0112315435,0.0005123664,0.0005386479,0.0023342087,0.0012554566,0.32432017,0.00048827386,0.00037816385,6.110021e-09,1.01269414e-07,0.004367862,5.195091e-05,4.0432908e-05,0.028446883,0.0016904358,0.010427253,3.4280372e-05,0.0042075347,0.00067167473,0.20008956,2.7591666e-06,0.0016635745,0.03339506,0.0032959725,0.07888351,0.005798396,0.001181984,0.014554831,0.007438407,0.0012144566,0.0026456711,0.013788509,0.0007336271,0.00044524917,0.012668841,0.0070607075,0.00054613367,0.01555888,0.0032191318,0.00031665555,0.00031665555,0.008698346,0.000535389,0.0002599716,0.00048783727,0.0047096135,0.0049518337,0.0049518337,0.0023921034,0.037211843,2.6240434e-08,0.015524753,0.0045597125,1.5895632e-05,0.0028356411,0.029706484,4.597863e-05,0.0101265125,0.02022271,0.0014920958,0.0005632869,0.004173044,0.00013797985,4.702594e-05,0.0048915087,0.0009293018,7.9655474e-05,0.011495361,0.014670352,0.04406337,0.034347374,0.056659672,0.1230484,0.0075439056,0.0125756655,0.016465504,0.015058623,0.11336301,0.0031187197,0.037545353,0.099946685,0.07815987,0.14493802,0.048717514,0.0060204994,0.16794902,0.23325202,0.0045465133,0.0102188215,0.061949216,0.053737946,0.012691171,0.13041279,0.040832303,0.036248192,0.107819654,0.0038169692,0.1908753,0.72658575,0.7057531,0.071936555,0.12440678,0.025672887,0.046150185,0.067480735,0.030629477,0.18526042,0.010026546,0.21451941,0.0068042716,0.0695144,0.09612542,0.014374452,0.11606745,0.08748421,0.03884578,0.102361664,0.19054955,0.1939564,0.16768558,0.01196531,0.019979721,0.07809325,0.1898231,0.037210576,0.010763808,0.20564035,0.007736353,0.034140207,0.041829064,0.0060563213,0.058652367,0.14791968,0.05113522,0.171569,0.0037813426,0.029816188,0.025115708,0.029498069,0.051242955,0.009078854,0.2029352,0.007844139,0.05056295,0.036585525,0.017535023,0.020956755,0.062135153,0.16467729,0.05842327,0.061316796,0.01165731,0.07442558,0.038741816,0.05319062,0.00328849,0.07470235,0.008578246,0.11482562,0.020841852,0.12624912,0.011427763,0.07840132,0.054795343,0.35539243,0.15128072,0.0026873907,0.08897358,0.11200964,0.04900078,0.3913416,0.014850878,0.19533965,0.20558621,0.06934767,0.085485585,0.034073006,0.04192596,0.050868906,0.003402309,0.008554403,0.008163489,0.047523513,0.0662558,0.13558891,0.029034773,0.0850396,0.091197535,0.056694925,0.06253109,0.13002947,0.00960129,0.28247833,0.02505114,0.004641539,0.18171296,0.02024155,0.0066171377,0.20473479,0.066012144,0.10428584,0.16576833,0.2888371,0.026069758,0.042124048,0.14431727,0.3114004,0.013350208,0.14121686,0.6699041,0.3967507,0.038068693,0.052278817,0.043357506,0.013832332,0.011835141,0.17199343,0.0051420666,0.0037489512,0.008563444,0.5032989,0.10244277,0.09957763,0.0024216028,0.051927093,0.0011398012,0.0020691387,0.0781628,0.581022
BC2026_Train_0015_S18_20211016_011500_30,0.00037353457,0.0071520363,0.00023415244,0.5457439,2.6409051e-08,0.016685816,0.00084068184,0.0006849674,0.001934154,0.0016120069,0.6641641,0.0006639356,0.00039150793,6.2539014e-09,9.760854e-08,0.0037776516,6.0168575e-05,5.1687246e-05,0.056452174,0.0013370329,0.011314677,3.68945e-05,0.0057342583,0.00053570926,0.1972922,3.2314192e-06,0.001989609,0.041279007,0.00445852,0.08965738,0.004666705,0.0008719115,0.011365905,0.0063596787,0.0012346358,0.0021118564,0.011203664,0.0006322203,0.0003423558,0.009759331,0.0064139673,0.0004110162,0.012777546,0.0025552027,0.00021110992,0.00021110992,0.006958065,0.00036248952,0.00019054135,0.00037242883,0.0036380144,0.0038726197,0.0038726197,0.002031359,0.045215704,2.6428298e-08,0.015508535,0.005482106,2.3444034e-05,0.0018585254,0.04080843,5.1346527e-05,0.008824354,0.019798651,0.0013374585,0.00053639134,0.004018605,0.00014406076,5.705235e-05,0.004116471,0.00092838233,6.0902476e-05,0.009829022,0.02552806,0.046463516,0.031423673,0.042456437,0.15298417,0.0065104826,0.009914449,0.01581951,0.015782928,0.15852824,0.0033290558,0.054146748,0.10479899,0.054189462,0.29864228,0.050808996,0.0080321925,0.11905015,0.41115102,0.0052711214,0.0053339787,0.07327289,0.032958873,0.010563571,0.15464443,0.043119803,0.030977044,0.11119027,0.0020437574,0.18483491,0.74793303,0.76332587,0.068050146,0.11524035,0.028289532,0.08145406,0.048037767,0.04594517,0.26461595,0.008855419,0.16634041,0.010833964,0.07191216,0.122327045,0.017339967,0.08793805,0.10498108,0.045249738,0.09146715,0.16776747,0.2756143,0.17398816,0.012416251,0.01835927,0.06995272,0.14920597,0.066115595,0.014733428,0.20827591,0.0063483017,0.082288615,0.0843296,0.007699786,0.038051162,0.13743979,0.041627333,0.12896256,0.0054351822,0.03145076,0.019236555,0.040080607,0.10931184,0.009774968,0.15315798,0.013016073,0.041374374,0.031919073,0.027122825,0.018317482,0.09787503,0.14298187,0.05920187,0.0516201,0.011377109,0.08706987,0.029588217,0.03616775,0.0029089244,0.0853795,0.005139176,0.10741826,0.028914675,0.12773493,0.010640914,0.05520537,0.03729796,0.434475,0.1672758,0.0024895223,0.07641576,0.10419841,0.064514376,0.32345665,0.01110005,0.23987255,0.09459968,0.091118164,0.09210122,0.027272407,0.06935148,0.03883148,0.0051332857,0.007503671,0.005892712,0.055958968,0.043220345,0.14164938,0.0360025,0.20069021,0.07497291,0.07064735,0.074857496,0.09493998,0.014101031,0.2067758,0.025797427,0.0048293546,0.12107851,0.019858532,0.0067548566,0.18454416,0.041313022,0.1230557,0.2528915,0.29433188,0.025122378,0.051733308,0.14733554,0.2670889,0.033545952,0.25428095,0.6289033,0.35126972,0.043781184,0.053776294,0.05078523,0.012526562,0.016964804,0.1763065,0.00676721,0.0035307351,0.009436582,0.5387612,0.08504044,0.15260534,0.0030774395,0.044141944,0.0012193698,0.0040599527,0.058113858,0.49243537
BC2026_Train_0015_S18_20211016_011500_35,0.00049616274,0.008639387,0.0002138406,0.5890931,2.4376869e-08,0.010904564,0.00058217626,0.0007473424,0.0021072538,0.0011766714,0.41751972,0.00067096454,0.00042041767,6.0597083e-09,9.797799e-08,0.00370445,4.4956316e-05,3.2781703e-05,0.03923033,0.0011935604,0.008349512,3.2965654e-05,0.008427674,0.0005397218,0.23102628,2.854266e-06,0.0017850354,0.037153147,0.003177511,0.06752952,0.005986919,0.0011731841,0.015066878,0.008110683,0.0012251021,0.0026962291,0.014156578,0.00076511106,0.00043655562,0.013290626,0.007658064,0.00055361295,0.016453603,0.003352268,0.00027809606,0.00027809606,0.008831102,0.0005085936,0.00025623117,0.00049152237,0.0048250295,0.0051146164,0.0051146164,0.0025123104,0.043981303,2.4938313e-08,0.015438288,0.004807771,1.456081e-05,0.0019573683,0.029136555,4.6192745e-05,0.010427342,0.020813,0.0012671062,0.0010603954,0.0040770434,0.0001328135,4.9146503e-05,0.004757819,0.0009261113,5.5013028e-05,0.007599171,0.012273466,0.03785012,0.018101875,0.08584362,0.118160166,0.007359401,0.011109273,0.020154381,0.012324965,0.11585273,0.0030335565,0.03605495,0.0882237,0.05908357,0.16970389,0.04994005,0.0059715966,0.14027524,0.2581915,0.0045707957,0.0072860173,0.041311257,0.04198575,0.009504884,0.11658357,0.050480034,0.032094017,0.13728985,0.002777513,0.17776893,0.6965327,0.7707977,0.05732505,0.15963869,0.023927428,0.0551345,0.057998363,0.023332218,0.22055389,0.010460027,0.18494608,0.007432335,0.08491342,0.14142865,0.015220037,0.078716196,0.14258097,0.040040407,0.1209054,0.22384612,0.20844176,0.18330064,0.012083693,0.017778227,0.064196885,0.15878162,0.033759788,0.01193003,0.21762982,0.007790217,0.023853427,0.04251099,0.008639555,0.05363844,0.13099419,0.04398844,0.19469881,0.005008334,0.030031327,0.02621275,0.04438946,0.05267636,0.0061783334,0.13456494,0.007675398,0.04137593,0.04862604,0.02241232,0.01772452,0.08298826,0.17159253,0.04328456,0.055970047,0.0077683423,0.07978837,0.03146329,0.037176877,0.0028133031,0.057614584,0.0052791005,0.11634517,0.018791452,0.121326186,0.0088575855,0.07971826,0.041503794,0.35767755,0.12520505,0.0025723213,0.099779375,0.08063944,0.04674964,0.3767113,0.01637467,0.13092001,0.1347791,0.06674721,0.055713605,0.02826405,0.061875455,0.04262431,0.003432218,0.007978202,0.0047198143,0.056523763,0.052658856,0.202741,0.03513512,0.096763834,0.07976658,0.073550366,0.058680624,0.08815867,0.0077236556,0.22173141,0.028126093,0.004486356,0.18929887,0.032413304,0.007073988,0.19792616,0.06298839,0.09649894,0.13785005,0.3389563,0.019821089,0.048198428,0.15456738,0.28690237,0.015169036,0.18040766,0.64821446,0.40207687,0.03402686,0.08699169,0.05166311,0.011810632,0.012790588,0.16946322,0.005057795,0.0046014776,0.011811051,0.5010986,0.08215127,0.09997191,0.0025619618,0.037316106,0.0012001812,0.003580569,0.055254668,0.5980758
BC2026_Train_0015_S18_20211016_011500_40,0.00049173215,0.008750318,0.00022370985,0.58008236,2.154369e-08,0.008782482,0.00044375635,0.00052264973,0.0019192174,0.0012461123,0.26842684,0.0003363393,0.00032676785,6.251869e-09,1.2320189e-07,0.003401814,7.7421304e-05,3.2948406e-05,0.031173963,0.000841933,0.020377925,3.2831565e-05,0.0058297385,0.00064462825,0.2641291,2.7537742e-06,0.0015947168,0.03152987,0.0028804068,0.05979073,0.005338864,0.0010983868,0.01413753,0.007851274,0.0012247215,0.0026402588,0.01417606,0.0008187378,0.00040255042,0.013522933,0.0072211525,0.00051950745,0.015132777,0.003111928,0.00027361867,0.00027361867,0.008688248,0.00048562273,0.00025497857,0.0004951914,0.004545825,0.004792556,0.004792556,0.0022300796,0.037331957,2.4037535e-08,0.015541437,0.0035612152,1.3715726e-05,0.0019538032,0.023687165,4.9839946e-05,0.010338053,0.020491233,0.0010054621,0.00056348176,0.003481916,0.00017364453,5.0408882e-05,0.00571371,0.0009277743,6.886282e-05,0.012441997,0.012106649,0.038380396,0.020776788,0.07744123,0.13090746,0.009541616,0.0141666755,0.017934341,0.012879487,0.11293289,0.003081081,0.034614477,0.0884359,0.06813896,0.2257391,0.060807504,0.006710168,0.11801626,0.22331448,0.0053005912,0.005501363,0.04647179,0.035769008,0.008662166,0.10699869,0.046813488,0.029028414,0.10298371,0.0032781875,0.15721187,0.70212394,0.71696454,0.0556536,0.21003398,0.04351194,0.048826806,0.0629451,0.030209942,0.23253034,0.010729586,0.16045335,0.007556801,0.07931732,0.10640724,0.015049126,0.09145804,0.09786746,0.0284146,0.08718058,0.1935916,0.15236482,0.16575368,0.010800943,0.026473429,0.064615354,0.16619201,0.036484197,0.01267359,0.18836339,0.007811307,0.042350113,0.04379092,0.0070060366,0.050554078,0.12592079,0.039830778,0.12275803,0.0035191404,0.027524587,0.027252462,0.042325757,0.044753306,0.009251612,0.18059671,0.008912921,0.036871873,0.03011304,0.026238587,0.016330933,0.08367846,0.15986237,0.04125032,0.07807724,0.010413832,0.17576279,0.046134587,0.03623432,0.0026306042,0.064909644,0.005402696,0.12997316,0.020008089,0.1000506,0.01489606,0.053824414,0.05948786,0.33657604,0.14310297,0.0019008077,0.09931572,0.09276132,0.041125584,0.42058995,0.015577741,0.10423895,0.16595516,0.063932136,0.07254223,0.02386238,0.03623963,0.04016506,0.004620166,0.008347411,0.012666176,0.056612782,0.072354466,0.13808711,0.04996034,0.108827636,0.075951174,0.047267437,0.08615455,0.13193174,0.009546849,0.32646817,0.025323892,0.004594759,0.18697132,0.020939624,0.0052933455,0.26151928,0.06005576,0.09531673,0.11338398,0.26802996,0.027220981,0.044672906,0.17376108,0.24335936,0.010510003,0.23346277,0.6378566,0.3774621,0.03769016,0.04784628,0.044510897,0.017810665,0.016046863,0.20678826,0.006722345,0.0031058236,0.009700098,0.50914353,0.10747973,0.089198485,0.002165166,0.044622127,0.001973807,0.003516955,0.07392285,0.6505965
BC2026_Train_0015_S18_20211016_011500_45,0.0002746507,0.0071097324,0.00024941628,0.5745157,2.3023516e-08,0.011304693,0.00036190375,0.0005794078,0.0020795385,0.0013192553,0.29580334,0.00045300956,0.00034504346,6.0759224e-09,1.18945366e-07,0.0038188088,9.3099625e-05,3.2132903e-05,0.044418447,0.0011399261,0.012595166,3.5213314e-05,0.0045780847,0.0006843053,0.22431879,2.7365545e-06,0.0014244227,0.059936173,0.0027323542,0.07027957,0.004260772,0.0009385709,0.011724117,0.0058485363,0.0012235759,0.0022103125,0.011636813,0.00063742005,0.00032786935,0.010302087,0.005693749,0.00040596703,0.013058827,0.0027160097,0.00024142822,0.00024142822,0.0072176363,0.000410513,0.000198468,0.0003824286,0.0037687938,0.003983301,0.003983301,0.0018599173,0.031511176,2.3251383e-08,0.015536593,0.004147307,1.3538588e-05,0.0032589603,0.030789636,4.6661655e-05,0.010748125,0.02258447,0.0016309454,0.000566157,0.0050165197,0.0001376333,4.5182303e-05,0.0041119587,0.00093645457,7.049396e-05,0.008429731,0.009299984,0.035712846,0.025853492,0.09645215,0.12845296,0.007905939,0.015094153,0.0123912105,0.014938783,0.07556526,0.0027987494,0.026371239,0.08992303,0.09872726,0.12951277,0.05063754,0.005789644,0.17684856,0.23451838,0.004401899,0.0050968397,0.045684244,0.03486172,0.010158541,0.09344209,0.043071695,0.029858053,0.09806784,0.0024988367,0.18823634,0.7218572,0.75169206,0.036321457,0.23373167,0.020199392,0.042290233,0.06778223,0.03299521,0.25049695,0.010876729,0.17691837,0.011632316,0.074585274,0.083539106,0.010844237,0.099025734,0.09374647,0.036640383,0.108298145,0.2701307,0.14840174,0.19978479,0.015991358,0.017184023,0.090530545,0.20549485,0.030535841,0.012577348,0.19816023,0.0073724496,0.029342392,0.03020154,0.0058675813,0.039117865,0.13792785,0.054646246,0.1345089,0.0036326256,0.020194637,0.02598308,0.039261643,0.04911534,0.006724019,0.20081268,0.010229303,0.039685715,0.03340335,0.024353389,0.019252365,0.07056331,0.20366116,0.04139621,0.07376754,0.008918167,0.102858864,0.03330089,0.036575764,0.0027692865,0.06929565,0.006146212,0.17088702,0.02137074,0.10634961,0.00863255,0.11553505,0.063675374,0.34855568,0.13949114,0.0049182354,0.08250825,0.074792646,0.056501497,0.32996777,0.011437956,0.18295921,0.09763604,0.060162496,0.07953048,0.037713774,0.03736772,0.043687426,0.003668263,0.009436832,0.006071455,0.05911926,0.057342872,0.16328967,0.030556273,0.08417258,0.05545775,0.06805956,0.086397395,0.117899865,0.009842577,0.29129726,0.02757951,0.004148526,0.25269157,0.02399862,0.007424434,0.22596852,0.06714643,0.088596135,0.118770406,0.2896535,0.037792988,0.04563093,0.12749287,0.32200813,0.012785094,0.2423424,0.69035584,0.41794968,0.027140237,0.033019997,0.038257718,0.013206545,0.01133066,0.25304514,0.0046644937,0.0035222226,0.010352458,0.51858765,0.079745986,0.108619414,0.0022499969,0.044973828,0.0011707111,0.0022476977,0.07419084,0.6829581
BC2026_Train_0015_S18_20211016_011500_50,0.0003901056,0.007314372,0.00024762793,0.59482425,1.954032e-08,0.01026705,0.0006064695,0.00069402147,0.0022097286,0.0010245634,0.2127948,0.0004371175,0.0003803902,6.68813e-09,9.219806e-08,0.005819138,6.516629e-05,3.5446286e-05,0.03305845,0.0009842839,0.015412184,3.4711768e-05,0.0065049324,0.00045112465,0.27394518,3.4579596e-06,0.0016134296,0.046051674,0.002755115,0.06396573,0.0043904167,0.0009519968,0.011119623,0.0060125026,0.0012118771,0.0022643164,0.012442312,0.00066460576,0.00033369247,0.010322553,0.005511129,0.0004198891,0.013212175,0.0026824975,0.00024675753,0.00024675753,0.007276985,0.000418384,0.00020494388,0.00039131255,0.003956066,0.0042118924,0.0042118924,0.001848335,0.03264516,2.4198926e-08,0.015493093,0.0036131402,1.7507076e-05,0.002636724,0.034523506,4.2781186e-05,0.011470612,0.023662562,0.0013856824,0.00044241906,0.004894197,0.00014551867,4.7886282e-05,0.0049269707,0.0009302276,6.0951254e-05,0.011844458,0.011588446,0.037720744,0.019992644,0.07248849,0.13156775,0.0086908415,0.014484847,0.013352961,0.012177765,0.10182139,0.0034150116,0.026828257,0.077778056,0.094106086,0.16031362,0.0503722,0.0051849815,0.13627099,0.276913,0.004124892,0.0064743925,0.04846968,0.045683857,0.0104198605,0.08953832,0.059495583,0.039879162,0.09063447,0.0030666313,0.186354,0.72159076,0.7185662,0.053904712,0.23856668,0.023709645,0.047604382,0.066655375,0.049606875,0.21729757,0.0134764705,0.1761379,0.008060622,0.08481323,0.17093058,0.01515032,0.12650445,0.12183443,0.03647043,0.118769154,0.22126074,0.1732094,0.26191592,0.010530035,0.021043828,0.09053546,0.18718551,0.030283231,0.010109626,0.2291652,0.006466715,0.034857646,0.032753076,0.00852543,0.03444401,0.14051327,0.04882336,0.13247155,0.0035614278,0.030743478,0.03280494,0.031707242,0.04937252,0.0099410955,0.15757833,0.013691716,0.0420336,0.03915046,0.012615762,0.020712309,0.17194395,0.13903937,0.04682676,0.07949652,0.010137754,0.08313981,0.040333003,0.025342429,0.0030429317,0.05956129,0.0064660897,0.15120004,0.020484433,0.08952483,0.013284327,0.08675426,0.05518484,0.36224154,0.17133817,0.0018294642,0.054239154,0.09624631,0.035325788,0.3397763,0.0096167745,0.13731238,0.11174467,0.06894604,0.07077686,0.05032055,0.04866936,0.11329481,0.00433982,0.0073241354,0.010497347,0.05257861,0.09592903,0.16869664,0.04377907,0.09151342,0.06196069,0.06261783,0.05983552,0.15209688,0.0065719243,0.28805363,0.04069368,0.0042403974,0.17139639,0.016322171,0.0067061614,0.26754606,0.05811683,0.08334761,0.13681938,0.25681245,0.02483488,0.044112604,0.14393213,0.3471625,0.014700942,0.20624535,0.65656376,0.39710963,0.03638932,0.054864444,0.046082355,0.013788271,0.015596251,0.18988217,0.008129633,0.004258038,0.009667733,0.51933074,0.07181675,0.08602164,0.0020936944,0.04638061,0.0013828487,0.0035390477,0.08367197,0.79549456
BC2026_Train_0015_S18_20211016_011500_55,0.00042301771,0.008838809,0.00022602025,0.58666456,2.3115714e-08,0.008627078,0.00042158068,0.00048479033,0.0029710634,0.0017680646,0.2712924,0.00037919736,0.0006637859,6.4087007e-09,1.2007324e-07,0.004703734,5.675688e-05,3.2124655e-05,0.028494272,0.0009450585,0.0096196495,4.25869e-05,0.008710804,0.000575119,0.27431217,2.9174298e-06,0.0017830915,0.032101624,0.004375012,0.07157125,0.005193873,0.0013350855,0.013151697,0.0075714504,0.0011893943,0.0031962655,0.017208392,0.0008910514,0.00038817737,0.0134188505,0.0065046144,0.00050644134,0.01783526,0.00401182,0.0003213952,0.0003213952,0.009995953,0.00055032934,0.0002617578,0.0005425811,0.0054218704,0.0058982484,0.0058982484,0.0022393921,0.028157534,2.6435812e-08,0.015454722,0.012835037,1.3855841e-05,0.0019735764,0.027137473,5.098372e-05,0.018831387,0.0238451,0.0011756255,0.00037440736,0.003474108,0.00012821131,4.806129e-05,0.0043552313,0.0009299318,7.625204e-05,0.01361676,0.019010037,0.040233687,0.02347368,0.07510103,0.1515057,0.011305977,0.016126417,0.013840102,0.013666075,0.09994888,0.0024452328,0.047727298,0.11350139,0.070144236,0.44922003,0.07376842,0.005311163,0.14293161,0.2572276,0.007384938,0.0072220312,0.2521896,0.0412506,0.016511122,0.14439449,0.06881708,0.09224718,0.12069892,0.0022616463,0.18628228,0.68469846,0.66818315,0.045653112,0.1440572,0.0220586,0.049032632,0.085176416,0.030604953,0.23979805,0.017155116,0.16396287,0.0072870133,0.09078744,0.09112294,0.0114031825,0.08501438,0.1009956,0.038367584,0.08416408,0.26989022,0.14169888,0.14685433,0.011839277,0.017656377,0.086383514,0.11820382,0.028811257,0.011447125,0.22773647,0.0061653517,0.057376724,0.032212533,0.006130621,0.038649302,0.11308231,0.042992532,0.1251319,0.003665873,0.054704405,0.029320698,0.052884508,0.058138795,0.0097322855,0.12522109,0.0071829613,0.039793584,0.058969695,0.01716236,0.025414584,0.08865461,0.12822376,0.046277083,0.0602664,0.016812472,0.0894996,0.039354116,0.039758746,0.002581934,0.08521826,0.007286158,0.10142594,0.019128606,0.11274036,0.010935938,0.051131357,0.05730304,0.37660682,0.12516782,0.002254493,0.061388697,0.08691288,0.02561752,0.35818928,0.010392764,0.28788644,0.10330387,0.06956818,0.07800635,0.02178019,0.040972404,0.042185068,0.0046293796,0.008529863,0.007540823,0.041363873,0.059200957,0.17089939,0.033756625,0.09730973,0.29666975,0.06536038,0.06849917,0.098796524,0.009640139,0.23747632,0.024774473,0.0035154256,0.18199901,0.015821004,0.004619807,0.23591425,0.07441373,0.09849943,0.5353654,0.30641994,0.036554735,0.05738103,0.1622307,0.275601,0.012313424,0.1858896,0.65523,0.41980416,0.040236548,0.053595126,0.032488517,0.014421033,0.009846814,0.091402955,0.0052939774,0.0028571698,0.020737331,0.46116394,0.09399516,0.09809649,0.0022583369,0.04677994,0.0012370601,0.0023937086,0.07019068,0.7423284
BC2026_Train_0015_S18_20211016_011500_60,0.00044445682,0.009495356,0.00026587496,0.6628213,2.1697565e-08,0.011661083,0.0004881294,0.00073023536,0.0026883045,0.0016600774,0.55554384,0.0007687328,0.0005109659,5.9942633e-09,1.2293793e-07,0.004406081,6.565227e-05,3.6361427e-05,0.032561366,0.000933867,0.0124221025,3.6732472e-05,0.0069074347,0.0008285205,0.28083187,3.2021123e-06,0.0016178566,0.036032,0.0043295445,0.09196495,0.0057529183,0.0013699362,0.01423528,0.007448139,0.0011885427,0.003152655,0.016021743,0.00088710757,0.00043894016,0.013412344,0.0072971126,0.00055989646,0.018481107,0.003964059,0.00036400047,0.00036400047,0.010462665,0.00059271033,0.0002694479,0.0005540744,0.0054853754,0.005992962,0.005992962,0.0024837162,0.029858219,2.486653e-08,0.015475832,0.012095586,1.4634864e-05,0.002008309,0.028521312,4.8245434e-05,0.018647252,0.025325632,0.0018114825,0.0004684421,0.003899102,0.0001460692,4.710231e-05,0.0047041783,0.0009297483,7.471556e-05,0.01126711,0.011764555,0.04527427,0.019680636,0.05582507,0.10265105,0.009803592,0.016134284,0.017651357,0.01494767,0.09561149,0.0023128446,0.034081344,0.10134131,0.12014135,0.35784382,0.05345218,0.0056701354,0.17373945,0.34178546,0.008079231,0.0072199865,0.18545742,0.037301388,0.010323549,0.088472284,0.07530707,0.04625816,0.13091743,0.003303341,0.22186837,0.70688677,0.70542496,0.039986078,0.22921312,0.018672092,0.061475176,0.08359371,0.03437101,0.2024705,0.015433362,0.17574608,0.00934521,0.10525317,0.09989517,0.012416759,0.14321995,0.08952637,0.043678958,0.08403659,0.18043914,0.14780742,0.14843838,0.009435286,0.02116366,0.08559456,0.19082272,0.035432037,0.015307726,0.25157544,0.007558807,0.037993383,0.02833622,0.006169604,0.054048646,0.12658639,0.043934338,0.14328356,0.003978846,0.08175233,0.024806919,0.041498564,0.058500975,0.012971118,0.18149433,0.0070863673,0.044684965,0.029719183,0.016957868,0.024596307,0.07274032,0.16810511,0.036416464,0.046369288,0.0128037855,0.07475656,0.03570523,0.030746905,0.002971705,0.096887805,0.0055399626,0.118124075,0.015869917,0.10722892,0.013711838,0.053474795,0.06549623,0.3158807,0.12322363,0.0025654524,0.1038774,0.09088407,0.033481117,0.36853394,0.011960691,0.37302265,0.15833776,0.05681934,0.059009276,0.037056424,0.04502167,0.05153428,0.0033965083,0.010080334,0.019641124,0.051686697,0.06259329,0.14170018,0.036082868,0.10692236,0.18503623,0.06058007,0.0651371,0.1264382,0.009623636,0.2955775,0.019738901,0.0040379143,0.182406,0.019809823,0.0054939413,0.2871118,0.08727494,0.065825954,0.47971252,0.28425002,0.028843412,0.06411176,0.16761817,0.34749866,0.009934529,0.20624653,0.6279899,0.3883022,0.028775916,0.046126023,0.03920602,0.022584746,0.015414875,0.1309263,0.0052215303,0.0026028026,0.015375591,0.46240884,0.07898403,0.080656365,0.0025338847,0.043027923,0.0013123711,0.0028159407,0.060954344,0.4318879
BC2026_Train_0016_S18_20220204_221500_5,0.00093232805,0.0035074018,0.00036176876,0.044000823,2.2533781e-08,0.015669584,0.023006957,0.010343546,0.0043636444,0.32280335,0.6941665,0.0021093395,0.00049976923,7.4502298e-09,1.07382455e-07,0.01608423,0.00069629494,5.014342e-05,0.6719723,0.004127637,0.03828591,3.7906637e-05,0.13332304,0.0031887349,0.053975075,4.369953e-06,0.004382374,0.04069517,0.0029788164,0.07270538,0.0032998326,0.0005392966,0.013036825,0.0052613025,0.00060445606,0.0013699044,0.0065119523,0.00030997416,0.0012929491,0.004196937,0.011070532,0.0011370663,0.008054711,0.0018833448,0.00017397669,0.00017397669,0.005689,0.00043577317,0.00027858684,0.00032449674,0.0014016011,0.0014031349,0.0014031349,0.0050315172,0.0030153496,2.3598238e-08,0.0070313513,0.0015046707,8.951156e-06,0.011118287,0.050577197,5.228769e-05,0.087034635,0.11490274,0.0009332679,0.00052431994,0.006717807,0.00014202588,0.0001070679,0.0091858,0.0009675205,3.4832265e-05,0.014913123,0.018775513,0.03685733,0.02629502,0.054658998,0.21334578,0.03669337,0.048005424,0.033732787,0.005960372,0.65803283,0.01060284,0.07161169,0.09426265,0.28607044,0.14244814,0.03339875,0.037712652,0.19019452,0.12604287,0.008118514,0.037319124,0.2586838,0.11670841,0.09962928,0.116392374,0.09392117,0.016118733,0.044726763,0.019775981,0.17688723,0.7911775,0.7961788,0.05933449,0.012561808,0.005317415,0.03981301,0.023275398,0.024954353,0.73298776,0.021183059,0.06627929,0.042694744,0.14079894,0.040070154,0.2047221,0.04165471,0.096609816,0.26893905,0.21789414,0.04590765,0.09195973,0.2753234,0.018726397,0.024853434,0.03579936,0.084634945,0.40998375,0.063973255,0.18142948,0.023682056,0.03834625,0.030736001,0.00975163,0.13174999,0.5152259,0.09607199,0.19016811,0.011126962,0.027479112,0.068405725,0.046628103,0.032574084,0.017896716,0.08577557,0.013670473,0.067468666,0.046772234,0.033695117,0.025985288,0.010870904,0.03503003,0.044209518,0.05437518,0.04351653,0.0071613193,0.014531494,0.06591846,0.0044889525,0.067765884,0.014329132,0.08474286,0.026526723,0.19647895,0.3017213,0.046121623,0.009119274,0.34838897,0.105752856,0.0018081651,0.014685746,0.02752578,0.017003596,0.20685057,0.008915755,0.18825215,0.027187873,0.18722312,0.061644875,0.027249878,0.0315801,0.02004531,0.007982931,0.015536394,0.0027816268,0.035453774,0.028048763,0.5663806,0.063510284,0.17782262,0.041511316,0.17661425,0.0514398,0.062354866,0.013579563,0.018842507,0.060313325,0.059104595,0.07041226,0.050821636,0.0140690245,0.1085504,0.09341288,0.09491013,0.22739883,0.3278304,0.011309164,0.0465201,0.14859442,0.28707993,0.047436807,0.1956683,0.78266996,0.4738018,0.0586419,0.13602692,0.04090549,0.019572359,0.010748499,0.0362806,0.0474445,0.008444537,0.0079522645,0.10322257,0.021000322,0.19070376,0.0024146657,0.08831802,0.0013038067,0.009105678,0.051428862,0.21652655
BC2026_Train_0016_S18_20220204_221500_10,0.0019214203,0.0042945435,0.0003368645,0.0652242,2.0573513e-08,0.016596396,0.017572774,0.012468989,0.0059828158,0.32889336,0.72110665,0.0020610348,0.00055330415,5.967688e-09,1.1762763e-07,0.015977887,0.00039519666,4.2360683e-05,0.71633804,0.009127033,0.05563598,3.2283388e-05,0.050369743,0.004252884,0.08782088,3.4484558e-06,0.0061541228,0.032949165,0.0033796362,0.075521596,0.004189553,0.00072091614,0.017452551,0.005434288,0.0006050095,0.0016459298,0.009208419,0.0003506679,0.001456849,0.0053313635,0.012283745,0.0014558404,0.01087392,0.002628165,0.00022772801,0.00022772801,0.0067804484,0.00059716334,0.0003277794,0.0003839978,0.0018953321,0.0019527071,0.0019527071,0.0059836255,0.002739994,1.9148409e-08,0.0070391623,0.004037266,9.734539e-06,0.006014524,0.09147122,4.6155343e-05,0.0638977,0.13668281,0.0015644265,0.00079871557,0.005885664,0.00013967573,0.000118425734,0.009360444,0.00097295764,3.880507e-05,0.016929442,0.018552996,0.04922832,0.030881694,0.0452831,0.22653568,0.04816456,0.029629659,0.025346315,0.0072370884,0.65940917,0.0058810115,0.14408374,0.13360494,0.22362778,0.32251862,0.041203003,0.017468527,0.13825,0.11633702,0.007807034,0.027370097,0.21350785,0.09354913,0.05894304,0.094014876,0.057664014,0.017184243,0.047393028,0.02985722,0.12938133,0.7926974,0.69129395,0.039143924,0.017358145,0.004081474,0.043031607,0.026101729,0.021428911,0.6872709,0.023907065,0.08057991,0.024265647,0.118760966,0.04116987,0.21873137,0.030320745,0.083919756,0.20631978,0.1806603,0.040406246,0.083818756,0.24095438,0.023118524,0.02668145,0.03669143,0.036693655,0.39818907,0.07595849,0.24951153,0.03761501,0.05211531,0.01802101,0.015202956,0.12440877,0.28056332,0.08590459,0.23756437,0.008743833,0.032164585,0.05487064,0.039280955,0.032242686,0.016573621,0.0692705,0.01496832,0.076213494,0.066928625,0.021720981,0.02132813,0.018004917,0.04551264,0.047579132,0.027080692,0.039010156,0.009173496,0.02391223,0.055217266,0.009149738,0.13406017,0.011936419,0.05559054,0.026096154,0.13177504,0.15441786,0.041640934,0.01423543,0.29656547,0.11190692,0.0017289848,0.025617205,0.036690474,0.02474875,0.19843344,0.008878004,0.661668,0.02506284,0.16035807,0.057844114,0.011160613,0.032702092,0.031656533,0.008677039,0.012245361,0.003217043,0.033899844,0.026300386,0.6209275,0.046757862,0.28216222,0.09563203,0.1576087,0.04288501,0.0705052,0.014653045,0.020469096,0.050869852,0.030056845,0.09227199,0.113338605,0.011939239,0.11536859,0.10132362,0.0768311,0.47510332,0.21775974,0.014135631,0.11964326,0.0829791,0.29173005,0.073925085,0.13808508,0.7365307,0.49892953,0.028166756,0.15475076,0.055629414,0.025670324,0.007925021,0.021954834,0.031812225,0.007444373,0.016081898,0.15987982,0.015017812,0.30192596,0.0028584152,0.07770582,0.0011177598,0.0075006727,0.04561124,0.22898135
BC2026_Train_0016_S18_20220204_221500_15,0.0016116444,0.0049156765,0.00033947526,0.08908413,2.118895e-08,0.013372112,0.012925742,0.006744008,0.007606111,0.25102058,0.6362538,0.0017381683,0.00047074075,6.3459242e-09,1.02670946e-07,0.012730307,0.00047402555,3.2820833e-05,0.5034647,0.0040201857,0.0742623,2.4186229e-05,0.023917757,0.005338556,0.06598919,3.464723e-06,0.006568632,0.0444947,0.0037600843,0.08870338,0.00434911,0.0008143894,0.018686363,0.007460953,0.0006037401,0.0021525456,0.00951059,0.00036589752,0.0015138919,0.007511214,0.013626971,0.0015229678,0.012728472,0.0029836395,0.00023336845,0.00023336845,0.007556907,0.00062013866,0.0003525875,0.0004141289,0.0020760896,0.0021868676,0.0021868676,0.006625177,0.0031738344,1.7530855e-08,0.0070191664,0.0028620162,8.872762e-06,0.0061302404,0.035257913,4.7005535e-05,0.0547753,0.10840178,0.00092423894,0.0008171091,0.003050106,0.0001636271,0.00012638737,0.010256211,0.0009751076,4.354986e-05,0.018157225,0.018984875,0.047614112,0.03533272,0.027326997,0.20134687,0.096226886,0.0522897,0.025848497,0.0048075663,0.61569285,0.009711609,0.06772755,0.11557508,0.13170695,0.46289518,0.04923654,0.01838346,0.12227062,0.12999736,0.01363389,0.02748796,0.19396506,0.106955014,0.0626202,0.07149066,0.06066446,0.031591054,0.06648334,0.022836389,0.15731928,0.76351225,0.78320247,0.050601024,0.02073901,0.005364972,0.03917925,0.031285178,0.02201067,0.848681,0.020565867,0.08397297,0.028871993,0.109633714,0.05557397,0.17507474,0.057157002,0.07492259,0.18454894,0.17250745,0.030073643,0.096339285,0.3792281,0.017269796,0.041427113,0.05077765,0.05062955,0.31180742,0.061334126,0.23308344,0.04076556,0.029862102,0.01424772,0.0063567916,0.117462546,0.3153264,0.079607554,0.25505805,0.012008933,0.02813239,0.06581641,0.04286955,0.033985447,0.018078808,0.06810214,0.016114678,0.07033821,0.075929575,0.04420645,0.020231318,0.017229592,0.049719006,0.03600441,0.05070428,0.04549899,0.0066124685,0.023166837,0.053075753,0.006440503,0.17528488,0.016601732,0.0644364,0.022933632,0.08835764,0.25202495,0.05550244,0.013886948,0.36443695,0.12372719,0.0017303214,0.015635865,0.026090864,0.028302854,0.30854243,0.011645998,0.67185897,0.027053474,0.14709806,0.051600028,0.011307667,0.03398965,0.021100886,0.0074351784,0.015160801,0.0027638227,0.036801662,0.018174665,0.77772444,0.03337523,0.16294986,0.08485914,0.17761417,0.07075688,0.08146343,0.012147985,0.020046115,0.082669325,0.024763187,0.12571491,0.039540045,0.01014073,0.2181046,0.21314925,0.095428765,0.488764,0.29032767,0.010492732,0.10057752,0.1244704,0.37314966,0.02395226,0.12876093,0.7747321,0.52371836,0.03411252,0.18764812,0.06448614,0.035808392,0.007930602,0.015628569,0.024752704,0.007463487,0.012655475,0.10230318,0.015270706,0.08868995,0.0031539095,0.08098843,0.0010516626,0.006985381,0.04481034,0.17726229
BC2026_Train_0016_S18_20220204_221500_20,0.0021416682,0.004640288,0.00037442753,0.056439437,2.1800567e-08,0.016646396,0.014375085,0.014965182,0.007065593,0.3822351,0.7104288,0.0020948104,0.00057253154,6.6776353e-09,1.2841521e-07,0.039252304,0.0004792469,3.7096757e-05,0.33238944,0.0038036592,0.07867119,2.3576527e-05,0.031373054,0.004644295,0.08503903,3.5215085e-06,0.008582983,0.047317687,0.0049480186,0.1091891,0.004004518,0.00075186545,0.018045168,0.005753063,0.0006065891,0.0016982037,0.009580718,0.00037466528,0.0015113956,0.006283984,0.012192587,0.0014984162,0.011573072,0.0026752506,0.00027318238,0.00027318238,0.0077943294,0.0006484218,0.00034531395,0.00039765405,0.0020322616,0.0020779397,0.0020779397,0.006096648,0.0023202687,1.868222e-08,0.007068315,0.0031762943,1.0581622e-05,0.005681435,0.032116607,4.7132013e-05,0.07734888,0.123218186,0.0011557936,0.0007520811,0.0041954005,0.00018505515,0.000106256804,0.016410336,0.0009800862,3.3266944e-05,0.01629288,0.014772889,0.04815895,0.021441894,0.044358242,0.22776099,0.077580184,0.06393861,0.02105558,0.0072784997,0.60290015,0.00576809,0.1363192,0.07839502,0.21440406,0.22209741,0.041817266,0.011876875,0.11869236,0.08521153,0.0054289326,0.045987353,0.19324423,0.15939975,0.10512897,0.095886484,0.06483362,0.021886662,0.078780636,0.03217596,0.19367798,0.7064426,0.7885911,0.057024404,0.015546008,0.0042544133,0.038241774,0.02997445,0.021100555,0.6221318,0.034168378,0.09755108,0.02447062,0.10650322,0.06310844,0.27643076,0.05932,0.10037522,0.20964554,0.19462042,0.034663163,0.0914411,0.42262012,0.02638248,0.022766558,0.125976,0.038731605,0.51663506,0.05073764,0.20668305,0.04468072,0.044418354,0.014470159,0.006862626,0.15767495,0.44243553,0.084272124,0.23928495,0.011699223,0.024112618,0.06176943,0.04703268,0.032146536,0.023232227,0.0883721,0.009588738,0.07038307,0.068829566,0.027325556,0.02233839,0.016142117,0.043212827,0.11796119,0.048224345,0.05639707,0.008340503,0.01611692,0.048218977,0.004839399,0.14471637,0.020432118,0.067073755,0.024590142,0.08767631,0.23665255,0.02933569,0.009335981,0.3447151,0.12471926,0.0016159957,0.015203256,0.03904853,0.026802916,0.17801994,0.012142788,0.65131086,0.035044294,0.30245197,0.06521088,0.013703541,0.062166337,0.027839487,0.0077373064,0.011539236,0.0034357412,0.023098573,0.026028482,0.6208904,0.038827267,0.19503203,0.107615374,0.14017662,0.045010988,0.08470629,0.01200657,0.018836701,0.05040089,0.036247276,0.083956,0.0777884,0.011540291,0.15332894,0.100989744,0.07081261,0.39709,0.29437965,0.013113096,0.07581599,0.09875208,0.29805386,0.043128252,0.12751438,0.7520702,0.47427192,0.04329198,0.14464672,0.046812262,0.018609226,0.0080249915,0.016349476,0.039126184,0.0132566765,0.0108201215,0.1251967,0.01777117,0.13467851,0.0028314267,0.09277888,0.00084637833,0.007875387,0.051382147,0.14296168
BC2026_Train_0016_S18_20220204_221500_25,0.0016234142,0.0053407415,0.00028751732,0.060734827,2.1444901e-08,0.012205512,0.023556396,0.012397669,0.006461704,0.321582,0.67911255,0.003457689,0.0005951853,6.964178e-09,1.2733642e-07,0.022984825,0.00035936615,3.81427e-05,0.47160804,0.0050024353,0.037428427,2.4000718e-05,0.025140882,0.0066934107,0.11284626,3.7420564e-06,0.009648488,0.044580452,0.004102475,0.08671353,0.0046323384,0.00082111097,0.021147273,0.0070934775,0.00061351067,0.0020344073,0.01015752,0.00037305226,0.0016264388,0.007927084,0.014186953,0.0016528561,0.013686115,0.0030507483,0.00028535526,0.00028535526,0.008998993,0.0006536022,0.00037379484,0.000412677,0.002274248,0.0022942396,0.0022942396,0.0070671653,0.0054047466,1.8611102e-08,0.007097678,0.0010683305,1.0494286e-05,0.005672262,0.036240082,5.4402324e-05,0.07786292,0.08346199,0.0010438402,0.00084238034,0.0029993937,0.00015917,0.00010301638,0.012470374,0.0009813843,3.6610087e-05,0.016128074,0.023343503,0.047900632,0.032527573,0.047735766,0.18474528,0.05362899,0.0257844,0.030400451,0.0071504763,0.35447833,0.0058413544,0.13311085,0.0998405,0.063749894,0.17464153,0.042225175,0.016999163,0.19288316,0.10338042,0.0059371884,0.026064752,0.06964259,0.08711905,0.082362175,0.102639824,0.03951854,0.01807004,0.05768701,0.033856176,0.1564546,0.7747476,0.83809865,0.04874575,0.016420882,0.003542869,0.033259083,0.025128134,0.01949102,0.53045696,0.019412115,0.072788835,0.018628014,0.111571305,0.032679684,0.2342797,0.03199499,0.09177606,0.22240399,0.13963665,0.032681767,0.1297688,0.40961695,0.026443888,0.03580288,0.053211145,0.036784645,0.5062759,0.05629893,0.225743,0.0337498,0.029354427,0.02282472,0.0076435953,0.08122131,0.32371894,0.07406838,0.20154485,0.015596181,0.018685639,0.040412277,0.041145355,0.035572343,0.01229631,0.07024122,0.014791376,0.13865499,0.070609674,0.039779212,0.01804078,0.018462762,0.03515671,0.050088152,0.07032173,0.06475726,0.008248435,0.016361162,0.041305624,0.005634767,0.08483945,0.012301694,0.065628566,0.021498209,0.11556937,0.141563,0.04542415,0.010367375,0.3270416,0.12492233,0.001151013,0.01698903,0.028643515,0.022201456,0.40831545,0.00960347,0.23330034,0.03976846,0.1353274,0.07891981,0.015006573,0.048348293,0.02446704,0.008480187,0.014611344,0.0022869399,0.028465288,0.025250247,0.8346897,0.042350415,0.17260286,0.036386877,0.09469373,0.04580601,0.076426946,0.017160326,0.019757876,0.05536674,0.034745663,0.082900025,0.07122794,0.012829886,0.102569304,0.10104783,0.08565438,0.26208177,0.3279969,0.008034711,0.041539975,0.057156492,0.25291386,0.042259544,0.16748115,0.79724103,0.4038787,0.04343951,0.112634175,0.036793526,0.02037501,0.006763169,0.025469104,0.045358792,0.013908714,0.0075956387,0.13197711,0.02195563,0.14611553,0.0028299384,0.06445105,0.0011808889,0.015614024,0.059024207,0.14411326
BC2026_Train_0016_S18_20220204_221500_30,0.0015361405,0.0045977095,0.00028792923,0.044373665,2.0954706e-08,0.018097281,0.044545185,0.007084682,0.005418132,0.3358618,0.6456667,0.0024764645,0.00041591524,6.1980034e-09,1.3130945e-07,0.013707261,0.0005457158,3.4677614e-05,0.33137128,0.003785985,0.06719871,2.6172047e-05,0.016330153,0.0055707195,0.07996071,3.7148868e-06,0.0075735818,0.05538855,0.0032571189,0.08219605,0.0040670834,0.0006664462,0.01853168,0.00635737,0.000611991,0.001796296,0.008737164,0.00036943966,0.0014524417,0.006655227,0.013769126,0.0013473749,0.011190101,0.0025387327,0.00022284288,0.00022284288,0.008050815,0.0005374161,0.00034062428,0.000390794,0.0018252209,0.0018386837,0.0018386837,0.0063234386,0.0046944916,1.917132e-08,0.0070595653,0.0011720201,1.0621213e-05,0.0046624374,0.028913053,5.2229105e-05,0.051111802,0.071150474,0.00093190535,0.0010052742,0.0026481024,0.00020495958,9.6687276e-05,0.010173487,0.0009743202,3.2657324e-05,0.02006097,0.019692019,0.053708397,0.03061939,0.044224236,0.21783134,0.057757307,0.036813065,0.021268636,0.006762865,0.5009404,0.0057305326,0.09008533,0.09292937,0.108488485,0.1648007,0.053915776,0.022393802,0.13963509,0.10395773,0.005739343,0.025199814,0.06359833,0.08514474,0.14318743,0.090362355,0.038032055,0.021705095,0.051041096,0.024744583,0.18104409,0.7906583,0.842942,0.07416467,0.013943178,0.005897522,0.037678946,0.030467309,0.020041611,0.6899865,0.018319473,0.0929757,0.020277586,0.08500973,0.026755247,0.22861344,0.055698976,0.08375739,0.24237107,0.19619852,0.056975406,0.13465081,0.42038837,0.029121306,0.023863852,0.0388401,0.03602595,0.36393496,0.06356221,0.20194834,0.0325125,0.030419532,0.017346345,0.006797647,0.14032269,0.36233127,0.096495286,0.11447687,0.010486769,0.015950318,0.09096847,0.036584947,0.025231712,0.014712716,0.072683305,0.008271723,0.064075306,0.071565986,0.042804077,0.01974023,0.019763585,0.032970235,0.046810392,0.052085884,0.040683217,0.0072183567,0.015805485,0.026983738,0.004246564,0.08982544,0.02134143,0.06131401,0.020935586,0.08251873,0.20371552,0.04069281,0.010907966,0.3313457,0.10089897,0.0014728451,0.021641921,0.032018334,0.019658204,0.3242992,0.008711523,0.20531864,0.042358305,0.15219043,0.08327256,0.008957073,0.04052302,0.021249339,0.00709985,0.014459623,0.003578232,0.030628879,0.026528165,0.69942695,0.071087964,0.2043859,0.041007888,0.09855688,0.04549821,0.09018862,0.027287893,0.028479557,0.04659397,0.0828863,0.09455198,0.08894931,0.016370352,0.12767614,0.11780031,0.08163391,0.22755434,0.28927743,0.015304677,0.046742957,0.048528895,0.27698758,0.030692818,0.12818694,0.7614917,0.50685287,0.043155223,0.12424524,0.027334029,0.018408261,0.007292572,0.018345863,0.028425425,0.011286861,0.007057289,0.110204786,0.019791229,0.12543166,0.003913941,0.07808261,0.0010219525,0.009805138,0.058907006,0.2477269
BC2026_Train_0016_S18_20220204_221500_35,0.0010561743,0.0036471817,0.00036868485,0.04928341,2.0557692e-08,0.015549392,0.024270434,0.009828192,0.00468981,0.32199454,0.7306907,0.0028445462,0.0005236143,6.442897e-09,1.2812202e-07,0.01931319,0.00044935447,3.452912e-05,0.5459737,0.0048733875,0.061706062,2.7762266e-05,0.018574163,0.0035246983,0.068098016,3.8774915e-06,0.0077145393,0.046991307,0.0031236373,0.07773139,0.002951343,0.000524281,0.014216424,0.004632224,0.00061878323,0.0012757957,0.0068754014,0.000251423,0.0010356063,0.0055703563,0.010473345,0.0009975975,0.00931699,0.0020056188,0.0001634029,0.0001634029,0.0059886,0.0003873053,0.00023877968,0.00026889512,0.0014819885,0.0014977547,0.0014977547,0.0049708774,0.0050733555,2.1709726e-08,0.0070832614,0.0011728129,1.0423368e-05,0.005559263,0.04111097,5.122893e-05,0.079362735,0.0995618,0.0010951215,0.0007288657,0.0024939703,0.00015780008,0.000105546234,0.010115385,0.0009843925,3.219556e-05,0.010433593,0.02481404,0.044016752,0.026071131,0.028904134,0.16231942,0.04169137,0.031095373,0.02193005,0.007824943,0.54657197,0.007135824,0.10901053,0.113104805,0.045027673,0.15615202,0.0301114,0.016064871,0.10852068,0.11800301,0.0064755743,0.021929557,0.07233123,0.09020477,0.061904594,0.10203798,0.040950347,0.015220711,0.050430182,0.044144966,0.1490699,0.7737739,0.80370235,0.051444616,0.021059342,0.0046043363,0.030461282,0.022189295,0.018530892,0.5166028,0.01678112,0.065438144,0.018926688,0.096164994,0.027919078,0.27255663,0.016427893,0.08491369,0.22287051,0.13384339,0.029771548,0.09509101,0.40577668,0.034998655,0.034580063,0.04162004,0.029067272,0.47283006,0.065837756,0.19107763,0.026067253,0.026401296,0.018989317,0.007611619,0.12593621,0.2872305,0.088752516,0.15593825,0.008216756,0.0145835355,0.042208042,0.03298608,0.034467712,0.019060574,0.083340615,0.012731523,0.05822552,0.053552933,0.038559634,0.017539984,0.013478716,0.027980518,0.07129446,0.04442104,0.04800497,0.008381735,0.0142981075,0.04685494,0.0030342499,0.13278532,0.015083606,0.06491044,0.027292052,0.094208956,0.19545792,0.030016998,0.008896701,0.34277406,0.13769048,0.0012123516,0.018319655,0.029300658,0.025526661,0.3048582,0.00879395,0.17565039,0.03355904,0.16687544,0.06012581,0.0129260495,0.024398077,0.025727456,0.009440242,0.00974423,0.0038182654,0.026378255,0.022592911,0.78139025,0.035346758,0.17454445,0.035668217,0.098475344,0.05139286,0.07012974,0.017552821,0.021012165,0.06127541,0.038120985,0.08896206,0.15679054,0.0143137695,0.11105429,0.10787647,0.07613709,0.23021752,0.35601407,0.008464779,0.029397821,0.049936607,0.1956994,0.019808719,0.13219982,0.7434555,0.3601563,0.037290376,0.17661953,0.03302079,0.021475969,0.0056135654,0.024092821,0.042556014,0.011088826,0.008037994,0.11326538,0.019403415,0.10771289,0.0029554372,0.070769206,0.0008776954,0.009882907,0.04971765,0.15719435
BC2026_Train_0016_S18_20220204_221500_40,0.0019792444,0.0046298536,0.00029440143,0.051099196,1.9423933e-08,0.01649549,0.014088539,0.012494798,0.0050731227,0.47855675,0.698242,0.0021502902,0.00042774985,6.664407e-09,1.00393905e-07,0.015329859,0.00045459275,3.2977434e-05,0.3181879,0.0047315266,0.048259553,2.4400004e-05,0.018541312,0.0058470853,0.0813484,3.6806046e-06,0.0077822045,0.044403385,0.003409974,0.09160307,0.0042034136,0.00071006216,0.018709697,0.0064194812,0.0006170894,0.0017782947,0.008961264,0.00036550447,0.0015344823,0.006283142,0.013379841,0.0014888659,0.011470559,0.002687785,0.00023137723,0.00023137723,0.0075548245,0.0005635914,0.00032479453,0.00037233043,0.0018856578,0.0018922067,0.0018922067,0.006493482,0.004040885,1.8742215e-08,0.0070826695,0.0009480938,9.971344e-06,0.0056257164,0.05155326,4.4641973e-05,0.058758717,0.0798597,0.00073625287,0.0006896952,0.0021858718,0.00012939905,0.00013568715,0.009669841,0.0009814703,3.6960893e-05,0.01756426,0.02679556,0.049460005,0.021029834,0.036362525,0.19466415,0.035796553,0.037541162,0.024555795,0.008175028,0.6571337,0.008985598,0.091122635,0.1122961,0.071236745,0.21548875,0.040143784,0.023153517,0.13246557,0.10895013,0.006204906,0.054649666,0.07347368,0.079625666,0.07953253,0.09153868,0.03259126,0.01411906,0.055595417,0.050889805,0.18106003,0.78244376,0.830691,0.042656045,0.0161296,0.0032819698,0.029787209,0.022840546,0.019226175,0.5346629,0.020500585,0.067503415,0.01954833,0.09866546,0.049584143,0.20291434,0.028035732,0.09270464,0.19308434,0.24532843,0.02413092,0.10764763,0.42163005,0.023593072,0.020698026,0.046901643,0.04239366,0.46146512,0.053244945,0.21085435,0.036417272,0.026077583,0.01587157,0.0074751396,0.10817251,0.41992173,0.09362033,0.16650851,0.011099145,0.016625449,0.050384734,0.032174006,0.036898892,0.014841384,0.085125566,0.010926487,0.13921426,0.06779415,0.033311598,0.01576164,0.012790419,0.032635458,0.047739834,0.04649839,0.107901104,0.011057579,0.013647206,0.04242334,0.0068805683,0.08226428,0.014341109,0.07441235,0.019512422,0.116220765,0.18695092,0.03832417,0.011255276,0.28947616,0.08617635,0.0013063754,0.015380353,0.033404097,0.025814109,0.36860785,0.007626042,0.26188213,0.029747922,0.14318654,0.06780831,0.010917881,0.028061701,0.026743049,0.0131670255,0.00922088,0.0023881334,0.031788174,0.027670216,0.71386945,0.04052925,0.15303081,0.04457014,0.12690142,0.03882858,0.074358344,0.017459566,0.01685342,0.044469535,0.033642903,0.09367642,0.06883554,0.011118932,0.1421702,0.122964635,0.09349328,0.20251764,0.24041893,0.007309239,0.035366222,0.07895397,0.2536798,0.05748047,0.10064386,0.7425959,0.4927224,0.05646069,0.15837914,0.029562885,0.020050485,0.013383474,0.016283808,0.044512518,0.009071375,0.008875402,0.11633677,0.020483261,0.15215202,0.0027157215,0.06397661,0.0011297611,0.009968366,0.05086326,0.17542523
BC2026_Train_0016_S18_20220204_221500_45,0.0013057948,0.0046943203,0.00034175251,0.078378186,1.901997e-08,0.018110756,0.018704074,0.008817938,0.0045176083,0.3859555,0.58088714,0.0017784606,0.0006082339,7.1789055e-09,1.0975036e-07,0.019519325,0.00029950048,3.4324912e-05,0.42811888,0.004049875,0.065017134,2.5527599e-05,0.019861713,0.004574026,0.08901577,3.737628e-06,0.010899749,0.056991927,0.0037048163,0.09304426,0.004004103,0.0006547402,0.018204976,0.0060693477,0.0006178314,0.0016489665,0.008898508,0.00038125782,0.0014441774,0.0060972623,0.013642493,0.0014613221,0.011042761,0.0025103989,0.0002175164,0.0002175164,0.0077839554,0.0005485144,0.00035565245,0.00039871738,0.0018120891,0.0018223482,0.0018223482,0.006240367,0.004496246,2.0620183e-08,0.007045493,0.0011068375,9.124892e-06,0.0060934694,0.036414318,4.981921e-05,0.07984511,0.08231989,0.001091058,0.000802997,0.003923606,0.00017294248,0.00012148173,0.01111818,0.0009811211,4.3250933e-05,0.015769659,0.019962538,0.043552686,0.027488986,0.04354325,0.21346486,0.06812684,0.040048677,0.025657939,0.00716874,0.5369578,0.00547177,0.12076604,0.118162,0.079235256,0.13781276,0.025272973,0.01895898,0.20934433,0.10730116,0.007865773,0.026733892,0.058261547,0.13720948,0.048482675,0.13943061,0.036517505,0.011938638,0.041801892,0.033734575,0.20214032,0.8163417,0.8489964,0.0473767,0.016428648,0.006660013,0.031984746,0.027972074,0.01976274,0.7463105,0.021179773,0.066577435,0.026138175,0.11253464,0.03224056,0.32244557,0.025751099,0.07870839,0.20380457,0.15680937,0.038817603,0.102901414,0.44701967,0.032278117,0.029206531,0.059040934,0.038665663,0.52270067,0.06758243,0.24068823,0.031098235,0.026037147,0.01775815,0.007972499,0.14511386,0.3353206,0.086789206,0.12770638,0.012566468,0.017827688,0.052824706,0.039902497,0.03665293,0.017677382,0.091809414,0.009123342,0.066944614,0.06082619,0.038765676,0.03140724,0.019765401,0.034245558,0.07010846,0.038002744,0.03684845,0.007948109,0.017502857,0.029800145,0.0054892497,0.09022551,0.013353656,0.07638982,0.022455666,0.08670391,0.2596932,0.032921568,0.013336599,0.34442565,0.11071388,0.0015503241,0.021279722,0.029246356,0.02078609,0.42105368,0.009324949,0.24802838,0.038407568,0.15617453,0.070196025,0.011277793,0.042999644,0.030778924,0.007081252,0.015049136,0.0041580694,0.034345523,0.025385257,0.74154544,0.042943876,0.14451844,0.040275615,0.120661795,0.06137291,0.11037412,0.02175036,0.019710546,0.046263706,0.04664034,0.077637896,0.07007352,0.010296871,0.14149916,0.17066704,0.0734706,0.19960313,0.34537375,0.008272105,0.034200072,0.059435163,0.29199842,0.028814055,0.12710465,0.77882624,0.5000226,0.027286628,0.14696898,0.03764468,0.022048533,0.009033057,0.011154731,0.032670792,0.010283894,0.0063440986,0.14743938,0.01851216,0.116300225,0.0034276783,0.094253056,0.0011349944,0.012416992,0.05587751,0.22126208
BC2026_Train_0016_S18_20220204_221500_50,0.00086518395,0.004832655,0.0003451653,0.09490993,2.0608033e-08,0.017124828,0.041548267,0.013411016,0.005866887,0.2796463,0.66192025,0.002439412,0.00074828736,6.9385333e-09,1.2157115e-07,0.017809983,0.0005498187,4.3101547e-05,0.24871194,0.012257017,0.041302584,2.9587174e-05,0.03627217,0.006427233,0.0692286,3.3266851e-06,0.008270098,0.039830197,0.0034156712,0.08675992,0.0042122826,0.00064445054,0.019443644,0.0066866213,0.0006172257,0.0017893445,0.008721293,0.0003524516,0.0014788904,0.0073295375,0.014254656,0.0013046539,0.01151611,0.0024812643,0.00022592822,0.00022592822,0.007716465,0.00051767053,0.0003303614,0.0003827401,0.0018023058,0.001791588,0.001791588,0.006736451,0.0050486587,1.988969e-08,0.0070212493,0.0011588275,9.486222e-06,0.007497297,0.09742165,4.6077304e-05,0.12105096,0.11752613,0.0012703335,0.00090611755,0.0035741986,0.00015941064,9.394927e-05,0.009717418,0.0009793276,3.508709e-05,0.013278692,0.016246267,0.049681883,0.023945075,0.038210087,0.15876041,0.077648975,0.03358725,0.028239248,0.0075944234,0.44881007,0.0051548625,0.1165798,0.119245894,0.0981329,0.15386386,0.044609584,0.029568188,0.14523736,0.13169964,0.010909135,0.030651616,0.18584238,0.09276455,0.076625265,0.09112156,0.044568863,0.03290528,0.046563257,0.047311474,0.15602523,0.80972433,0.8376206,0.070442155,0.0108549055,0.004794913,0.030297775,0.036862154,0.023648178,0.63212454,0.020088295,0.0828309,0.035270546,0.11474984,0.034846805,0.21752849,0.018637525,0.0978103,0.17028347,0.22070925,0.032312516,0.079356,0.363326,0.025036983,0.04508386,0.045190603,0.053336848,0.44905102,0.06860438,0.22840834,0.029829295,0.04304652,0.021348018,0.008825812,0.12667173,0.40098813,0.10097437,0.18725024,0.007934505,0.019026395,0.07143069,0.03412328,0.029083032,0.01648441,0.07387769,0.0091053555,0.13656676,0.13033374,0.048038505,0.020690829,0.015773078,0.032899085,0.05610283,0.037106954,0.07753475,0.0075842016,0.013839215,0.03566692,0.008745286,0.09733739,0.012667561,0.09887214,0.022842288,0.10511433,0.30226266,0.04946814,0.013076483,0.3442772,0.11312378,0.0016728957,0.01803234,0.023965714,0.025676034,0.39432094,0.012890687,0.2481501,0.03568075,0.14868695,0.049131963,0.021249292,0.02549779,0.017841747,0.0072934553,0.015604576,0.0028462147,0.034766827,0.023492511,0.686631,0.08139404,0.15917926,0.15548456,0.15322122,0.054869186,0.11439862,0.017336566,0.018885272,0.050216585,0.026032846,0.08152598,0.07709945,0.013534186,0.118943475,0.1201386,0.119101636,0.2343377,0.34779674,0.01247305,0.03708614,0.050873667,0.20269772,0.052248858,0.12017121,0.7643809,0.42253765,0.027512988,0.10662578,0.030189456,0.034801096,0.0109002935,0.018774174,0.034307476,0.008777721,0.009187484,0.12296326,0.01770937,0.109950095,0.0037077318,0.07692397,0.0015240337,0.007946861,0.049102496,0.21673113
BC2026_Train_0016_S18_20220204_221500_55,0.0015046615,0.0046353033,0.0002847569,0.057729393,2.134632e-08,0.016743796,0.027425768,0.007271108,0.006698517,0.3187995,0.56419647,0.0019259693,0.00061220827,7.279758e-09,1.3877276e-07,0.015601298,0.00035087534,3.451387e-05,0.25650725,0.010929418,0.053272255,2.9787672e-05,0.026262535,0.0075492575,0.09002499,3.6203223e-06,0.008426616,0.0526048,0.0036232788,0.08387896,0.0040949946,0.0006998237,0.018958881,0.005888066,0.00061576086,0.0017294047,0.009505252,0.00039535202,0.0014449174,0.0059061493,0.014268843,0.0014238552,0.011631059,0.0027072616,0.00023125419,0.00023125419,0.007838784,0.000532479,0.00035135495,0.00040601095,0.001835965,0.0018278636,0.0018278636,0.006776219,0.004777112,1.9505585e-08,0.0070379796,0.0010869491,9.3098415e-06,0.005736988,0.041969106,4.752825e-05,0.07555492,0.13665411,0.0011677821,0.000972409,0.0027653219,0.00018076216,0.00012819153,0.011644625,0.0009811711,3.6988993e-05,0.015734298,0.017496055,0.035544354,0.03347244,0.03797586,0.13535506,0.08227842,0.03800795,0.02177793,0.006849804,0.40832615,0.010622714,0.09440681,0.086163886,0.062995575,0.15264173,0.039054185,0.024961345,0.15135539,0.13044216,0.013997103,0.026868787,0.1268535,0.10155227,0.05540105,0.097196475,0.051917918,0.01771382,0.052181464,0.027864361,0.18007328,0.7850034,0.8454103,0.05720596,0.011718655,0.0046135657,0.04600025,0.032111462,0.020295212,0.55836195,0.023054115,0.06975534,0.031077784,0.15996294,0.055326913,0.16661926,0.032474548,0.0702828,0.21205483,0.21460624,0.030372867,0.16008459,0.43992838,0.03143914,0.028699825,0.045435447,0.06738692,0.42657772,0.062212825,0.24890818,0.034592997,0.04759012,0.019157076,0.0063616,0.20831396,0.23449504,0.053819407,0.13349912,0.012013837,0.02306055,0.05249162,0.04258155,0.038343318,0.023711266,0.062458105,0.007514407,0.088808976,0.0653884,0.028295107,0.02255033,0.016145699,0.03943614,0.05889703,0.027898446,0.04460894,0.006758509,0.016229775,0.03331482,0.005325074,0.111142345,0.019074965,0.07172161,0.024367882,0.10751452,0.16508818,0.038914062,0.011340632,0.3320746,0.08486643,0.0018785829,0.018168855,0.036681365,0.017468559,0.4279701,0.010359879,0.2475581,0.030123848,0.09567012,0.0807234,0.02515795,0.033319697,0.042812154,0.0070356345,0.015659448,0.002180528,0.026371941,0.026289493,0.68110543,0.04385212,0.16107954,0.04567996,0.11344585,0.042380314,0.078917004,0.01257263,0.017936125,0.047004167,0.027784629,0.078156225,0.08982906,0.012786141,0.10811444,0.117251635,0.11184914,0.26571622,0.33604982,0.0079123955,0.0462996,0.06731227,0.24672796,0.02719177,0.16701262,0.7770597,0.43413386,0.033436332,0.119242325,0.026677646,0.030916901,0.007253404,0.018491164,0.046595186,0.008078742,0.012356829,0.13133456,0.029066712,0.1443435,0.0026042468,0.081889786,0.0012664008,0.008778534,0.046738006,0.14523663
BC2026_Train_0016_S18_20220204_221500_60,0.0014375874,0.004699117,0.00030177966,0.05649189,1.8754873e-08,0.020294722,0.051147465,0.0052585914,0.00401572,0.28558108,0.54091597,0.0032595992,0.00041913323,7.02903e-09,1.2118075e-07,0.020245723,0.00040590696,3.7787202e-05,0.3586432,0.012859667,0.039944198,3.069372e-05,0.02336547,0.0032981494,0.054905098,3.355875e-06,0.0075635766,0.03312891,0.003255634,0.07661215,0.003636793,0.00060486695,0.01588202,0.0055426494,0.00060421386,0.0015316616,0.008168598,0.00034254233,0.0012961784,0.006741954,0.01108176,0.0012313211,0.010101555,0.002180826,0.00021098222,0.00021098222,0.006966779,0.0004911126,0.00031521774,0.000338527,0.0017581182,0.0017805777,0.0017805777,0.0051573487,0.006906534,1.9856737e-08,0.0069689997,0.0013628468,1.300897e-05,0.005536822,0.12344497,4.4776018e-05,0.06760377,0.087237716,0.0011251388,0.00051616214,0.0026160292,0.00013244234,0.00012373115,0.00987597,0.0009657052,3.53271e-05,0.015961448,0.025406506,0.043498322,0.028039025,0.043269712,0.15326424,0.15885115,0.07135142,0.023336653,0.0061722095,0.4094331,0.0109161325,0.08128489,0.08147201,0.087198645,0.22289573,0.03527327,0.014530252,0.11584125,0.07932214,0.0078030583,0.060241465,0.07455497,0.1167739,0.055777613,0.10732035,0.0511559,0.016034557,0.07971575,0.026115138,0.19500187,0.7849488,0.7515205,0.057633396,0.04037502,0.008566854,0.028858934,0.024930062,0.02058785,0.71923673,0.017093968,0.057623263,0.023016162,0.09115086,0.05391578,0.27892983,0.05082703,0.08672567,0.22027363,0.12623866,0.05161518,0.10079794,0.32889986,0.017115666,0.02076862,0.034219146,0.04119346,0.4863465,0.07324871,0.2075923,0.035231665,0.030275047,0.021365404,0.0054242597,0.20057453,0.3550315,0.07223899,0.121910304,0.009902201,0.047938526,0.040515564,0.031808317,0.031241734,0.013111926,0.077816166,0.020416996,0.1583713,0.065088645,0.03474916,0.01470237,0.0176665,0.07367498,0.04009909,0.03122771,0.04002919,0.008002904,0.019113349,0.0416026,0.012037681,0.061554905,0.021140225,0.063724704,0.029529914,0.1077918,0.31331566,0.033436798,0.011578588,0.30932915,0.11014984,0.0017619738,0.017772991,0.030069636,0.016885739,0.18741858,0.0076042404,0.21969837,0.045396097,0.1221239,0.05922533,0.016362209,0.05768581,0.042959865,0.01652406,0.020018877,0.0052966396,0.029098276,0.023828074,0.666268,0.03647817,0.1409129,0.048474014,0.15364484,0.049334485,0.082920864,0.015825994,0.018358303,0.055962443,0.026692221,0.0818575,0.051467292,0.011146173,0.14169449,0.10813258,0.10289967,0.2379195,0.2606127,0.007669612,0.049972452,0.09769821,0.23985247,0.07155832,0.11877975,0.71398306,0.5217461,0.03213456,0.1201767,0.027079184,0.031226162,0.010488588,0.02920246,0.030391665,0.010200323,0.007924354,0.15231225,0.021943852,0.07393035,0.0029210863,0.0886966,0.0009271636,0.0102223465,0.049770173,0.14292692
BC2026_Train_0017_S22_20211026_233000_5,0.0028914819,0.0059265825,0.001756219,0.21760689,4.9900482e-08,0.039460305,0.0026629572,0.03278963,0.0064727864,0.24341144,0.98906064,0.007535082,0.00050858135,7.562697e-09,1.4216953e-07,0.045471452,0.0002659306,3.2192653e-05,0.10116466,0.010288325,0.010368031,7.440836e-05,0.0052385814,0.00171026,0.071288906,3.6682216e-06,0.005596721,0.08348932,0.023539886,0.7480595,0.0022367851,0.0009735936,0.009318555,0.0019374595,0.00043654692,0.0011676057,0.007051863,0.00085607544,0.0013773134,0.0016176705,0.0076937545,0.0012495741,0.0050820163,0.0024222282,0.00046065034,0.00046065034,0.0039960737,0.00090991484,0.0005662999,0.0008689133,0.0013110058,0.0014497165,0.0014497165,0.003153586,0.0023298888,3.8837555e-08,0.001204865,0.0067633563,1.3856906e-05,0.0379913,0.37866265,5.545624e-05,0.026707038,0.2513209,0.020971186,0.00083867443,0.013912687,0.00013922721,0.0001731964,0.0932065,0.0011901591,5.1873605e-05,0.012615921,0.09507884,0.12139898,0.051222872,0.027722977,0.21819983,0.01283538,0.2260638,0.06808389,0.0056057833,0.7414409,0.010172233,0.04695905,0.23409069,0.095306195,0.5979155,0.10125701,0.012513055,0.07952165,0.18567155,0.016676866,0.13781218,0.113145694,0.16952658,0.21571356,0.61874515,0.23152006,0.055474117,0.048750103,0.025715537,0.22229648,0.9741867,0.6580772,0.11441901,0.019751087,0.0069018328,0.11587356,0.030725585,0.026131593,0.59806174,0.019257424,0.048656918,0.021377603,0.12732713,0.04120001,0.085726544,0.036210485,0.43278834,0.2506779,0.159227,0.07423141,0.1144677,0.3413621,0.034788445,0.033121478,0.14996116,0.016038068,0.20383038,0.24858382,0.29118654,0.2420766,0.576254,0.06457914,0.0064076004,0.19094183,0.612281,0.22661376,0.93246984,0.017190084,0.08753609,0.03279267,0.027984036,0.6100415,0.020895652,0.059380103,0.029477337,0.34818786,0.069361284,0.02339238,0.023557343,0.09140148,0.023591304,0.31218028,0.046342295,0.06845921,0.018432612,0.019096157,0.04456209,0.0044795545,0.4094556,0.12666368,0.11274361,0.027573545,0.260713,0.10169081,0.06047612,0.02283119,0.37989256,0.22382943,0.0023394825,0.02277233,0.08086956,0.03804765,0.45336664,0.013795501,0.74053717,0.093894884,0.37153658,0.06634765,0.0035252112,0.032543316,0.045654837,0.028547993,0.013462718,0.0036902186,0.02882191,0.019647945,0.31786084,0.028705534,0.60737836,0.23789024,0.45606416,0.07336817,0.11003079,0.019631276,0.017170133,0.07974705,0.09861714,0.034658648,0.01646992,0.012690754,0.21493597,0.10956543,0.16788734,0.7062488,0.26160455,0.01013894,0.3120339,0.08040536,0.24434215,0.10541474,0.08857271,0.88525134,0.578672,0.051933542,0.34832644,0.026103942,0.03221967,0.0072887125,0.015262029,0.044589095,0.011879968,0.015544963,0.50299704,0.055872597,0.25911543,0.017881447,0.16126806,0.011364517,0.017828008,0.051854286,0.13591933
BC2026_Train_0017_S22_20211026_233000_10,0.003541184,0.0068049766,0.0012449273,0.19117154,5.4506835e-08,0.048123974,0.0012971235,0.050086927,0.005005439,0.28937826,0.9901117,0.0036717516,0.00059537834,7.687002e-09,1.5559704e-07,0.05351726,0.00018084077,4.066622e-05,0.14618371,0.01821509,0.011550803,7.74125e-05,0.0059747077,0.0017493357,0.083300166,3.718749e-06,0.011110785,0.075323485,0.014370724,0.7637556,0.002504415,0.0011452374,0.010057523,0.0023961598,0.00043555885,0.0013811007,0.0072731166,0.00103606,0.0015923601,0.0020018676,0.009347697,0.0014960398,0.006016388,0.0026943379,0.00066123117,0.00066123117,0.004982175,0.0010929432,0.00072935794,0.0010785081,0.0015410456,0.0017127007,0.0017127007,0.0035424181,0.0017336592,3.9172086e-08,0.0012054652,0.006783427,1.1062308e-05,0.21084319,0.3991185,6.307198e-05,0.04149995,0.24355787,0.045055073,0.00097362767,0.02021285,0.00015217674,0.00026179946,0.11174931,0.0011899906,4.5563913e-05,0.016534105,0.080490015,0.18017359,0.067086175,0.028163332,0.22121127,0.02046099,0.20698759,0.06865182,0.00692101,0.58154666,0.011322352,0.052384853,0.2879092,0.11050801,0.5300611,0.09724682,0.013010238,0.04739563,0.13327767,0.006993864,0.07899467,0.14880933,0.22404933,0.20508152,0.5153391,0.20601426,0.060713544,0.04354958,0.02305478,0.2570224,0.99462456,0.703698,0.08686916,0.02736816,0.0076986225,0.108191565,0.017392794,0.027004883,0.5842139,0.026737679,0.05468409,0.022816999,0.121240355,0.0236693,0.06811226,0.03155284,0.4842413,0.20332347,0.26040524,0.055069093,0.17295823,0.23818018,0.05423161,0.026420312,0.09078168,0.014521226,0.122769445,0.21511514,0.2758797,0.3429619,0.50401366,0.098413914,0.007415769,0.38151672,0.76658356,0.29357877,0.86181825,0.015590986,0.11311816,0.023828834,0.023776503,0.4926191,0.014952258,0.046148542,0.050131153,0.27079108,0.06823848,0.020907944,0.06123422,0.055207793,0.024023782,0.15633626,0.05667899,0.051552325,0.009585089,0.019646151,0.055409905,0.0045482484,0.1823391,0.047792673,0.2014902,0.017040022,0.31711802,0.08874621,0.056211673,0.020658713,0.30582672,0.28703246,0.0033826237,0.015383676,0.1213045,0.07011643,0.2577079,0.014403867,0.6573525,0.06551212,0.28317237,0.03358736,0.0048131538,0.025872989,0.032369528,0.0268827,0.0066072857,0.0034897078,0.023882728,0.033745863,0.34901536,0.02107991,0.61681956,0.20318085,0.4346462,0.085169025,0.088674866,0.02009443,0.014632788,0.07941777,0.09082758,0.024589472,0.033225954,0.024582207,0.13356619,0.10294947,0.16602878,0.65273863,0.2222572,0.014364144,0.29944605,0.05375674,0.19849029,0.14608714,0.111773506,0.89487374,0.59719753,0.042537265,0.37835667,0.01955038,0.027615199,0.0067394283,0.014049302,0.027026072,0.012639387,0.022124974,0.3761959,0.03479348,0.5155782,0.007952779,0.11705865,0.007975336,0.017109735,0.0463429,0.09887481
BC2026_Train_0017_S22_20211026_233000_15,0.004351727,0.0037492262,0.0026929972,0.20605212,7.7152535e-08,0.036149267,0.001751799,0.085759394,0.002856346,0.24672721,0.98555243,0.006742184,0.00055059174,7.8715e-09,1.4433954e-07,0.049435306,0.00035386917,3.3258297e-05,0.12686452,0.0049309074,0.012263337,5.0446506e-05,0.004145254,0.0010613261,0.069850974,4.0136747e-06,0.00557956,0.07179143,0.013552928,0.666251,0.0014129479,0.0005386341,0.0058300095,0.0010441232,0.00044791953,0.0006344475,0.003959924,0.00051201764,0.00080987357,0.00085467903,0.005854364,0.0007574771,0.0028455176,0.0013630437,0.00028194566,0.00028194566,0.0026181967,0.00052186754,0.00034026842,0.00051413086,0.00075800513,0.0007874397,0.0007874397,0.0020484217,0.0028307242,4.289428e-08,0.0012070385,0.0016345162,1.5391312e-05,0.027028125,0.30464718,6.7307614e-05,0.01389067,0.21230592,0.015057885,0.0005679712,0.01766448,0.00014097644,0.0002753777,0.10850739,0.0012060577,4.1871725e-05,0.010769568,0.08831483,0.067218244,0.0749649,0.022832848,0.27774742,0.015207472,0.14730386,0.06895738,0.0069179903,0.6556265,0.012539609,0.048513863,0.2429411,0.044337694,0.35561615,0.11429199,0.014251326,0.09457309,0.21488398,0.008257986,0.10819503,0.05581558,0.21428835,0.24459012,0.52136546,0.07426816,0.035119735,0.031095436,0.032262944,0.33226973,0.93851304,0.5891758,0.08497271,0.0148641085,0.0052024666,0.093127824,0.016888956,0.023665294,0.5187497,0.019320998,0.059157755,0.05081693,0.06749287,0.046047296,0.14100541,0.048662122,0.558631,0.24464037,0.20485699,0.053816892,0.13464749,0.27690747,0.05427692,0.026656963,0.16622224,0.013275309,0.292638,0.32798988,0.21820012,0.18952174,0.16199332,0.06348364,0.008741666,0.32623386,0.71549934,0.20932731,0.96809185,0.020029295,0.026006173,0.022634484,0.020265898,0.6115311,0.029943338,0.0635835,0.06541059,0.18968903,0.07252989,0.026597856,0.030294424,0.07738563,0.025440848,0.18169324,0.059664566,0.04685385,0.013527147,0.028352208,0.04296986,0.0033732818,0.13099751,0.053157315,0.36078578,0.026931373,0.25774553,0.10525319,0.071747065,0.034590177,0.36074844,0.24555735,0.0023425897,0.023738882,0.08141022,0.040161747,0.20627892,0.01822192,0.2696958,0.076461405,0.29300836,0.04566176,0.0034350934,0.025065059,0.03552383,0.059744574,0.0069993134,0.0023281449,0.032881092,0.021966193,0.2754134,0.03356113,0.63311625,0.1428418,0.3957068,0.10183214,0.09868394,0.02373798,0.022931067,0.0877461,0.13192038,0.02363887,0.028524121,0.016360113,0.18849379,0.08216902,0.1832918,0.525694,0.28815717,0.009748704,0.04900441,0.09088241,0.17723435,0.078681126,0.124486476,0.9238519,0.6518011,0.07784049,0.29785347,0.020121014,0.034858096,0.0074894903,0.014305712,0.056162413,0.009527865,0.014751072,0.42076543,0.03617633,0.23461166,0.0094869165,0.13394175,0.013316191,0.015519206,0.053962864,0.14807212
BC2026_Train_0017_S22_20211026_233000_20,0.0059155896,0.005184475,0.0025315394,0.19516107,6.031908e-08,0.025542822,0.0020133853,0.07815842,0.003915954,0.4062951,0.9872463,0.010720784,0.00045802828,7.136658e-09,1.4037222e-07,0.04361979,0.0002775947,3.644281e-05,0.21151198,0.00764033,0.011389215,3.9586776e-05,0.004577215,0.0010114262,0.10721945,3.850225e-06,0.0059145032,0.096184775,0.015857466,0.6531158,0.0020150405,0.000676877,0.007933031,0.0017432054,0.00045292574,0.00082995725,0.004674242,0.00065546855,0.0013340533,0.0010118044,0.008295871,0.0010268296,0.0038656546,0.0017445853,0.00034376406,0.00034376406,0.0035440817,0.00071227684,0.00049729686,0.0006919411,0.0009939093,0.0010443567,0.0010443567,0.0030270475,0.0029763742,4.9270806e-08,0.001210385,0.0015096595,1.2250043e-05,0.027849749,0.27079278,7.565368e-05,0.016280267,0.28042832,0.013567461,0.0012308941,0.012700299,0.0001226205,0.00015234125,0.12468685,0.0012061913,4.1619776e-05,0.009396636,0.0538258,0.12808466,0.08488246,0.025445024,0.26955512,0.014210591,0.0674373,0.075731985,0.0059992988,0.6077211,0.011865749,0.060258787,0.6062261,0.05983431,0.3558405,0.14819558,0.016421711,0.08206876,0.3953828,0.012234619,0.059055313,0.058718916,0.16278078,0.19207244,0.54078066,0.13337427,0.02527695,0.031400423,0.024400083,0.2866754,0.9949834,0.58919257,0.13384263,0.018547699,0.0055793556,0.077318564,0.022584636,0.021711223,0.5461594,0.02195393,0.052550618,0.027787762,0.07849814,0.04279821,0.08829966,0.039994482,0.4566584,0.22229473,0.24931939,0.108657084,0.11281025,0.29706228,0.037294745,0.01983722,0.13480727,0.015368345,0.19176315,0.26601553,0.2586037,0.070664294,0.8047628,0.13819133,0.008316175,0.20241813,0.5614286,0.23698731,0.94836414,0.031555895,0.020966774,0.03131294,0.019445175,0.66921836,0.021243364,0.051701512,0.052721526,0.27751836,0.05367475,0.037105024,0.02767899,0.038937517,0.025011841,0.4163146,0.10797749,0.037617184,0.013451834,0.043657504,0.043301605,0.004898863,0.119516924,0.041952036,0.20487478,0.029805273,0.2339068,0.12861094,0.04642914,0.017101625,0.31822744,0.23284458,0.0015965628,0.021823432,0.07453265,0.03677166,0.3628498,0.015924627,0.16693513,0.076901056,0.4175122,0.04749652,0.0031730016,0.02515243,0.024820471,0.022637367,0.010942489,0.0037600754,0.027254822,0.025245966,0.40843913,0.028318005,0.6657968,0.08488799,0.38017392,0.05830976,0.12297443,0.06045125,0.016932597,0.07996074,0.049946282,0.02524749,0.027038682,0.023044819,0.2372237,0.071852684,0.18741016,0.6472964,0.36636803,0.011715374,0.05931597,0.043554332,0.1181866,0.04170777,0.11056729,0.9055191,0.64349276,0.053977516,0.2929614,0.015153737,0.0376669,0.0067693545,0.013761936,0.10822946,0.02250319,0.03270167,0.49490765,0.04823696,0.16801083,0.008886732,0.23345833,0.015840184,0.01249061,0.058412965,0.16488251
BC2026_Train_0017_S22_20211026_233000_25,0.002759962,0.005249656,0.0022395083,0.25683066,4.738752e-08,0.045306057,0.0020253884,0.044915676,0.004462705,0.23717259,0.97717977,0.006377598,0.0006046302,8.167048e-09,1.6557938e-07,0.12477771,0.0001897811,3.466275e-05,0.13580124,0.008983796,0.013903732,5.835979e-05,0.0076318253,0.0013916189,0.08811101,3.8523126e-06,0.011036635,0.09502257,0.016318833,0.69630396,0.0015671501,0.000708498,0.006812301,0.0015422509,0.00045263497,0.0008990766,0.0053124847,0.0006544356,0.0010099356,0.0012709412,0.0066197575,0.0008869836,0.0039155358,0.0017380489,0.00045414863,0.00045414863,0.0034105724,0.000718619,0.00043661863,0.0006410631,0.0009774504,0.0010310882,0.0010310882,0.0024267067,0.0033552179,3.7981263e-08,0.0012085428,0.0012134291,1.3479003e-05,0.033499856,0.20825002,7.669942e-05,0.024219733,0.2307219,0.01487625,0.00072273135,0.016301835,0.00014904603,0.00022903795,0.27739266,0.00120811,5.3456813e-05,0.0147025725,0.04657814,0.22886355,0.036106534,0.039066046,0.23817319,0.013558078,0.071698494,0.046377838,0.0056483215,0.53071666,0.01556097,0.060838725,0.5699028,0.06388947,0.2968817,0.090879835,0.013895958,0.07074837,0.182207,0.01088359,0.06965101,0.046314374,0.136831,0.20642544,0.5198642,0.162451,0.038561914,0.03318488,0.053876318,0.27505648,0.99656427,0.6520378,0.14325802,0.022699606,0.007876878,0.09966711,0.025371082,0.017572796,0.48271447,0.017927695,0.045828708,0.020703908,0.13299744,0.031935897,0.079882555,0.026236564,0.34540254,0.23323876,0.1785909,0.10370148,0.14799425,0.41607442,0.06928685,0.022288032,0.44675782,0.016449379,0.21589056,0.25591308,0.23949277,0.09560576,0.71959937,0.21391425,0.0072067417,0.2967208,0.6127838,0.25360405,0.9092747,0.022507401,0.029960163,0.018442702,0.01782208,0.46162787,0.026508573,0.04078983,0.042512298,0.20610113,0.05730475,0.030525327,0.032281123,0.03958204,0.025948564,0.51798034,0.051999193,0.037845276,0.010046142,0.02650903,0.04017128,0.003941746,0.14345239,0.047596317,0.20359914,0.019299718,0.2083829,0.09001782,0.07121635,0.01784099,0.29353696,0.33738452,0.00234064,0.017503303,0.092275485,0.049971692,0.39581186,0.021367695,0.21094544,0.16441697,0.66862744,0.042772733,0.004417177,0.023765428,0.022248542,0.031762943,0.010363735,0.0024737047,0.030448189,0.024435949,0.4284455,0.02043999,0.6385952,0.08988901,0.40934893,0.081584394,0.104793414,0.023287036,0.02256776,0.097267024,0.095316745,0.0318702,0.019952644,0.030087061,0.1914212,0.15912083,0.13287722,0.52856183,0.4670037,0.010309549,0.11963187,0.052926507,0.15184942,0.06320067,0.086289816,0.87278235,0.6896744,0.06887762,0.39585015,0.018313978,0.026501149,0.005858394,0.021224124,0.041079413,0.014249742,0.027006209,0.62949634,0.037667144,0.19288908,0.008922114,0.13752726,0.009303484,0.013131887,0.048547786,0.110792235
BC2026_Train_0017_S22_20211026_233000_30,0.0030740988,0.0045695356,0.0027525534,0.23542318,4.414531e-08,0.02515413,0.0026785373,0.05791495,0.0037927986,0.37769482,0.9829873,0.012795972,0.00075033715,7.75038e-09,1.3031399e-07,0.042153373,0.0002684705,3.4853998e-05,0.13984701,0.008918272,0.0063128774,4.5723984e-05,0.005100204,0.0005307183,0.10625586,3.8498515e-06,0.0048566437,0.09975378,0.014916982,0.5105789,0.0018048796,0.00056509697,0.007086928,0.001877813,0.00045441525,0.00074309093,0.003581743,0.00049148547,0.0012432429,0.0011505295,0.006746305,0.0009395674,0.003171582,0.0013727014,0.00032914526,0.00032914526,0.002733812,0.00063630845,0.00040361262,0.0005519025,0.00081780954,0.00087181554,0.00087181554,0.0025285203,0.0034529313,4.1502638e-08,0.0012182612,0.0019427481,1.238791e-05,0.04154669,0.32199833,6.5434215e-05,0.01785889,0.22539838,0.015585443,0.0005329786,0.020437427,0.00013065188,0.00017680485,0.13020384,0.0012154495,4.5198172e-05,0.012778268,0.075074695,0.12597704,0.028802216,0.028528707,0.2677373,0.015455335,0.07201941,0.06672998,0.0056041963,0.7626196,0.013213537,0.054234207,0.55599797,0.05334315,0.41232112,0.10693209,0.012549061,0.066853955,0.1595504,0.008452373,0.060104724,0.059865747,0.18555474,0.19245836,0.57789016,0.10170416,0.025243865,0.027967108,0.042425834,0.39023685,0.9959248,0.6910793,0.08725586,0.018539209,0.006672577,0.07062463,0.016588582,0.023685545,0.72741336,0.020725276,0.059425194,0.015789606,0.09568144,0.03391524,0.10508143,0.033458948,0.43207166,0.22036405,0.2092331,0.15761638,0.14192294,0.23636112,0.046359524,0.028852219,0.099758424,0.017254865,0.4343164,0.39027053,0.19051665,0.093855746,0.70810133,0.14160521,0.00624021,0.21585725,0.7824234,0.23876329,0.9765767,0.023052076,0.030424733,0.033271957,0.02642776,0.6595148,0.014351336,0.07389646,0.08940522,0.24298269,0.06618377,0.032641314,0.027069494,0.059203632,0.026271496,0.13983007,0.090096965,0.035881136,0.015578825,0.030998882,0.036986083,0.0040198793,0.14379771,0.034427267,0.16834603,0.01991762,0.2234047,0.22919632,0.057855636,0.029196182,0.3294962,0.28227934,0.0025869154,0.02199649,0.08690343,0.04399497,0.30697694,0.019558122,0.15892702,0.07233203,0.3618269,0.04283778,0.0041666594,0.023924956,0.01794627,0.044411,0.0059000673,0.0026311893,0.031995784,0.02117485,0.40777072,0.032446243,0.37286344,0.1580702,0.360385,0.07598729,0.109482616,0.026617568,0.019880628,0.12052274,0.060443163,0.02556219,0.019935578,0.021792796,0.20746645,0.075919844,0.22724679,0.42905086,0.25268486,0.012294523,0.054947924,0.07981386,0.16629727,0.061945595,0.095705986,0.8793101,0.77814394,0.043758966,0.3670548,0.016284205,0.03679369,0.006187998,0.012108457,0.083759174,0.015721396,0.02191502,0.4695773,0.06869903,0.2132922,0.009793151,0.3117793,0.01968097,0.013778577,0.0717497,0.10691567
BC2026_Train_0017_S22_20211026_233000_35,0.0047187284,0.0051196255,0.0021883945,0.16965075,4.159155e-08,0.01899244,0.002237429,0.046745505,0.0038356674,0.3434316,0.988392,0.0072408454,0.00034888336,7.423953e-09,1.4506485e-07,0.04371123,0.00023452657,3.0329626e-05,0.18060324,0.005731684,0.0076824483,8.190404e-05,0.005243155,0.00057295215,0.083290964,3.605e-06,0.006443286,0.07452855,0.012611413,0.5326939,0.0018618226,0.00068790704,0.0076256143,0.0019680508,0.0004568224,0.0009100135,0.004472723,0.0006223676,0.0012131874,0.0013359089,0.007793306,0.0009832233,0.00396181,0.0016832877,0.00039049226,0.00039049226,0.0034045975,0.00071876374,0.0004821078,0.00067226554,0.0009926618,0.001046745,0.001046745,0.0027877588,0.003879668,3.989312e-08,0.0012217911,0.0011986083,1.1858092e-05,0.02553551,0.23241314,6.290836e-05,0.015551191,0.17989096,0.014880595,0.0006600289,0.016958438,0.00011942958,0.00017450869,0.08860036,0.0012238403,4.4833476e-05,0.0117856525,0.094991215,0.25123793,0.05356129,0.020624697,0.21765892,0.015070625,0.12282093,0.055146046,0.00695369,0.5154719,0.014855204,0.043306187,0.59513897,0.046523586,0.28438506,0.10086226,0.0141466595,0.10620493,0.12893775,0.010264941,0.08965388,0.045785006,0.17473121,0.18852697,0.5422972,0.121726334,0.02563193,0.036515407,0.038642514,0.45128784,0.997133,0.6645361,0.11551257,0.020466609,0.0058681504,0.091364,0.018435685,0.018408936,0.60263383,0.009602936,0.07056287,0.033051863,0.11789356,0.042900275,0.12995583,0.069701895,0.41391632,0.248164,0.16121063,0.13326974,0.17593,0.1992558,0.070160985,0.026996698,0.08633973,0.011343232,0.3826992,0.38633287,0.23815711,0.17502226,0.7932593,0.18592682,0.00942904,0.3057294,0.74804586,0.32768023,0.9495357,0.042182203,0.03491437,0.023479706,0.017727027,0.57986903,0.022438794,0.04510855,0.03379539,0.32923397,0.05449865,0.046787385,0.054561343,0.043436207,0.024823634,0.15126206,0.06593994,0.069559656,0.015925331,0.038662165,0.04816153,0.0046047424,0.11375463,0.058142893,0.23743595,0.026999785,0.3004483,0.11250622,0.05831763,0.02634279,0.26330423,0.397719,0.0032261019,0.02165986,0.12670428,0.10261634,0.30104697,0.015014745,0.1392645,0.084483534,0.35948434,0.037736103,0.0039786687,0.032446474,0.027162172,0.025237355,0.01140972,0.0020553104,0.020587306,0.02542589,0.3955147,0.023749165,0.5156737,0.04383139,0.48508993,0.08156199,0.10279399,0.026069434,0.023458099,0.08762363,0.11245278,0.028334346,0.030176068,0.031668905,0.20498715,0.0845579,0.22420065,0.46977547,0.26614445,0.01209899,0.19213516,0.066275746,0.13141231,0.04420188,0.09344824,0.8343949,0.6389906,0.07720765,0.34141845,0.017276118,0.032150574,0.006981701,0.018210446,0.07560428,0.010751824,0.02677664,0.4165141,0.060378432,0.27572772,0.009790864,0.19027843,0.017819976,0.016399758,0.05967575,0.09207269
BC2026_Train_0017_S22_20211026_233000_40,0.0040345713,0.0045262296,0.0039436664,0.24670446,4.797164e-08,0.021798873,0.0019506009,0.052466813,0.004010952,0.35122827,0.97756565,0.017606514,0.00063690764,7.997007e-09,1.4297369e-07,0.033683654,0.00024952515,3.1351505e-05,0.088632636,0.0063947714,0.009626828,5.1993873e-05,0.0032003697,0.0006753421,0.07865868,3.4077016e-06,0.0055934894,0.13519746,0.018171508,0.50296116,0.0018253096,0.00058659096,0.0067147994,0.0017905929,0.00045778017,0.0007665554,0.003989249,0.0005241058,0.0011654352,0.0010825727,0.0070070857,0.000933894,0.0033789552,0.0014110204,0.00032430308,0.00032430308,0.0027693408,0.00061814033,0.00039326152,0.0005514092,0.0008505381,0.00091046235,0.00091046235,0.0026188705,0.0026224612,4.0159367e-08,0.001222273,0.0014891521,1.3394501e-05,0.03716966,0.22347902,7.180897e-05,0.021515982,0.20575142,0.01588749,0.000496704,0.013029707,0.0001972738,0.00020955269,0.10379347,0.001223556,5.7585894e-05,0.013931165,0.065131396,0.21183692,0.058570735,0.020399595,0.17323662,0.011135014,0.066712454,0.055954833,0.006881732,0.579329,0.011774064,0.033662118,0.43843028,0.052695647,0.38311696,0.09905125,0.01395984,0.073430344,0.22237751,0.0061409627,0.054937754,0.048358116,0.24162127,0.18790424,0.37996122,0.1174885,0.039805993,0.031577937,0.03095324,0.3848606,0.9966217,0.7855281,0.08654636,0.017442178,0.006849034,0.09247493,0.021037778,0.015514531,0.68552977,0.015099901,0.04280788,0.01755456,0.07569732,0.033326916,0.07942997,0.034057707,0.35291064,0.19564179,0.14715986,0.10690459,0.09622127,0.35321692,0.059925426,0.021703405,0.09627697,0.019877532,0.21647096,0.46391195,0.21861464,0.06976315,0.67486626,0.152845,0.005493358,0.25380364,0.5844906,0.23155567,0.9450067,0.02575133,0.026684266,0.022473468,0.02469161,0.65162873,0.014993722,0.048841838,0.063527934,0.21649352,0.04348702,0.043526534,0.03192475,0.050467256,0.027246626,0.120841786,0.03670695,0.031673275,0.009688629,0.040151715,0.04369086,0.006464924,0.13468459,0.027096871,0.14579952,0.025075201,0.23840658,0.09322191,0.085649416,0.018515585,0.23336977,0.36747482,0.002581105,0.02173884,0.079382904,0.0638728,0.45100695,0.020230202,0.21853544,0.066628896,0.2557015,0.033633064,0.0036205591,0.027837135,0.033268925,0.028824775,0.01030137,0.0020275416,0.024329571,0.029958408,0.41913134,0.027469538,0.4533694,0.13946807,0.44801956,0.066944346,0.071008325,0.029072015,0.024521714,0.09822192,0.087343365,0.02777889,0.021101478,0.023634627,0.16801882,0.07689228,0.18017906,0.5134101,0.29379472,0.009106013,0.12181153,0.0714745,0.1752141,0.047006104,0.06997218,0.8708715,0.6848566,0.038665827,0.29747412,0.01236955,0.038247216,0.006668342,0.013825583,0.06437095,0.008492803,0.036283445,0.47004473,0.058389693,0.2882852,0.012325938,0.18429811,0.007400285,0.014444959,0.06056906,0.08394602
BC2026_Train_0017_S22_20211026_233000_45,0.0024133385,0.0055228435,0.0032434294,0.1811552,5.021418e-08,0.05067558,0.0015072938,0.06488823,0.0037051176,0.30192405,0.9818459,0.018936887,0.00071160594,7.879533e-09,1.5168366e-07,0.04358176,0.0003171773,4.210325e-05,0.17782623,0.01646103,0.011161097,7.67798e-05,0.004324112,0.0011565195,0.10704534,3.4417367e-06,0.0059656664,0.08026688,0.02051556,0.547401,0.00167004,0.0007845874,0.007826357,0.0019188819,0.00044819733,0.00096303393,0.0048858183,0.00070333725,0.0011315899,0.001468447,0.006941221,0.000965312,0.0037807703,0.0017609651,0.00040423372,0.00040423372,0.0036075306,0.00077903795,0.0005504924,0.0007639662,0.0010360981,0.0010891415,0.0010891415,0.0023988634,0.0027936595,3.9976783e-08,0.0012150146,0.0012393721,1.4571262e-05,0.20988168,0.35051194,6.292254e-05,0.017905468,0.31022158,0.056406856,0.0009289786,0.022345759,0.00019774372,0.00022909093,0.11179574,0.0012104253,5.079635e-05,0.013315476,0.12235728,0.29367676,0.04350297,0.03395333,0.26299533,0.018699337,0.3168827,0.06671143,0.0059106885,0.69809437,0.009498535,0.059380695,0.44701785,0.07122722,0.20890236,0.09682543,0.0155888805,0.07814838,0.18365413,0.0063600275,0.09188769,0.051830858,0.23174378,0.158924,0.5435766,0.10415081,0.023482967,0.038771514,0.03044943,0.31534255,0.9954493,0.6840055,0.120200776,0.018306721,0.010500793,0.087699816,0.022474954,0.02291044,0.53410095,0.016477926,0.048420183,0.026003132,0.08593336,0.024375595,0.12868032,0.030453807,0.34691858,0.22607215,0.23013973,0.050016712,0.17775175,0.26027167,0.05659036,0.020838417,0.12849322,0.013141606,0.34111395,0.52298397,0.18624039,0.46669987,0.7286636,0.131108,0.0066713737,0.46143532,0.48261434,0.24530782,0.95563614,0.023540685,0.026108095,0.024167879,0.01875084,0.63432866,0.024009816,0.037541036,0.0712662,0.18619728,0.08640819,0.037428733,0.03208036,0.05506588,0.024952361,0.1280802,0.057486054,0.047877993,0.011214211,0.033655036,0.044211045,0.0050191837,0.13505322,0.07363757,0.13513894,0.02191661,0.26031128,0.12753676,0.04007347,0.022085885,0.34681675,0.21449564,0.002354052,0.016067283,0.09510391,0.04885697,0.511011,0.029268596,0.20831619,0.057169706,0.3262099,0.034405667,0.0035836936,0.031770118,0.024573663,0.03324418,0.008827173,0.003181277,0.019066494,0.019554522,0.34287372,0.028221365,0.49537906,0.18123378,0.4543841,0.0725459,0.08663085,0.024738591,0.01823249,0.10533512,0.15292813,0.032782562,0.025330445,0.019766234,0.23150279,0.09280673,0.19228126,0.46129927,0.33682698,0.008564386,0.11161653,0.03286036,0.15934101,0.13269037,0.080226436,0.8270776,0.65545267,0.04294305,0.32023048,0.016082013,0.041737657,0.009312395,0.012553805,0.058920264,0.009758748,0.03251963,0.41148686,0.050949,0.64894897,0.00748614,0.13487233,0.012797955,0.0142989345,0.058100276,0.08923645
BC2026_Train_0017_S22_20211026_233000_50,0.0066398084,0.004174108,0.0018953938,0.16778313,4.895431e-08,0.032353207,0.001396548,0.042348206,0.0030514176,0.43454802,0.98637396,0.004469887,0.00045186863,7.676456e-09,1.6108518e-07,0.057128914,0.00021361509,3.471693e-05,0.14298546,0.006170869,0.014756469,4.4890807e-05,0.006253456,0.000560453,0.07665737,3.7928664e-06,0.0063089053,0.078563675,0.011855049,0.51670665,0.0017410035,0.0005414632,0.0077074287,0.0015475799,0.00045608208,0.00065654586,0.003974378,0.0005555324,0.0012209201,0.0009577902,0.007645884,0.00089069834,0.0029427763,0.0014015639,0.00023392611,0.00023392611,0.002834342,0.00059251534,0.0004078307,0.0005651493,0.00077073724,0.0007974069,0.0007974069,0.0026107777,0.002190263,4.1564277e-08,0.0012165384,0.001451418,1.22564525e-05,0.03658786,0.2708642,5.654718e-05,0.012373241,0.19477446,0.012008614,0.0006262298,0.018471485,0.00017674685,0.00021455705,0.08218976,0.0012126537,4.624822e-05,0.020451257,0.06751618,0.103874095,0.049441814,0.029749976,0.25703728,0.02514937,0.23971033,0.073760286,0.0054051834,0.75647765,0.022989158,0.05300172,0.19191565,0.06515294,0.261609,0.1427837,0.017671226,0.07729635,0.17504753,0.017044522,0.15723826,0.07765345,0.27513254,0.18243375,0.56210935,0.079882674,0.02927503,0.023385022,0.035994336,0.46674296,0.96628165,0.6621645,0.107876204,0.02339606,0.004606735,0.07587189,0.018527862,0.020924127,0.65692836,0.012939173,0.044079863,0.02082819,0.098240696,0.045635052,0.12760708,0.032113604,0.46834758,0.25851607,0.16444977,0.062007193,0.1709314,0.4098987,0.0669612,0.028608656,0.13900164,0.019135145,0.35633627,0.27198386,0.18724109,0.10524206,0.1499977,0.058749758,0.009066213,0.22922327,0.60927194,0.1720201,0.8627068,0.01872246,0.020102885,0.020723145,0.02046458,0.54018945,0.033947833,0.052037407,0.05118286,0.5211993,0.0779629,0.053094383,0.02812046,0.07107949,0.023648085,0.16194433,0.049569186,0.044235256,0.013324909,0.04037257,0.06051106,0.005505563,0.16919944,0.07356685,0.26729396,0.019880436,0.28402644,0.17535625,0.11360454,0.021724595,0.24788271,0.28903085,0.0023351577,0.023553288,0.08150841,0.043189064,0.313611,0.021113819,0.22015652,0.05409613,0.26266137,0.04500571,0.002884164,0.034526054,0.032723777,0.019594142,0.011245244,0.0019223131,0.021335108,0.02660699,0.55290216,0.026064657,0.678473,0.055630557,0.57127213,0.084583364,0.08137027,0.022734532,0.018357556,0.10266808,0.063963525,0.03824355,0.040647067,0.034344614,0.18767713,0.1342045,0.16634473,0.5692628,0.32139954,0.008287005,0.05429065,0.048596993,0.212046,0.15335423,0.08609779,0.85410476,0.68192786,0.048429932,0.31157222,0.017838025,0.03066306,0.0055590607,0.013196537,0.10776636,0.012389277,0.021914894,0.49221647,0.03318467,0.36528853,0.00989541,0.12884843,0.027332982,0.012264714,0.09721463,0.0872882
BC2026_Train_0017_S22_20211026_233000_55,0.0029809962,0.0040496904,0.0018890122,0.22459356,4.4898293e-08,0.03881524,0.0023522938,0.056830663,0.00323958,0.37611502,0.9849989,0.006058853,0.0004591586,7.571236e-09,1.4438758e-07,0.058645237,0.00042910234,3.4596487e-05,0.24901932,0.004493922,0.01071159,5.4382326e-05,0.015776064,0.0006143207,0.06434294,3.1861553e-06,0.00715615,0.08415306,0.01299459,0.5044809,0.0015127936,0.00058053486,0.0064544883,0.0015314568,0.0004555504,0.0007341508,0.003973014,0.0005446593,0.0010771673,0.0008626794,0.0074905423,0.0008292301,0.003160856,0.0014387538,0.00029232018,0.00029232018,0.0028556644,0.00059563905,0.00038996228,0.00055729307,0.0007625062,0.00079602835,0.00079602835,0.0025414634,0.0023036632,5.4543285e-08,0.0012101984,0.0012875209,1.3688324e-05,0.025148638,0.22666718,7.2992785e-05,0.012908128,0.23520572,0.0131445,0.0017773516,0.037951782,0.00013446703,0.0001934985,0.21262386,0.0012119267,4.6589328e-05,0.020713182,0.060235664,0.20540285,0.04746819,0.020852504,0.2733702,0.016402932,0.12647004,0.13244829,0.0075857546,0.70345503,0.024073346,0.043590523,0.21569164,0.06584312,0.29556343,0.16658215,0.018899163,0.051305525,0.1143074,0.0133291865,0.058145244,0.048737362,0.1417575,0.22477023,0.57526547,0.15596278,0.024222588,0.025154414,0.049825065,0.37623087,0.99354184,0.6593186,0.10334167,0.019187497,0.0043544886,0.084234335,0.021322038,0.024009975,0.58742976,0.017097842,0.047931224,0.029987512,0.07196037,0.04162309,0.11105345,0.03559775,0.44624972,0.2614767,0.21862079,0.06856711,0.21318816,0.3882018,0.06158493,0.030692825,0.11646315,0.016459221,0.4023003,0.3112078,0.22158645,0.095285915,0.17798708,0.09764557,0.009308121,0.22371459,0.63389426,0.30553392,0.98595166,0.04678874,0.03031554,0.0315242,0.02792183,0.5329102,0.019241018,0.050209604,0.062359966,0.23713133,0.09741453,0.026700765,0.028503539,0.09123759,0.025428351,0.2180064,0.060652956,0.022206422,0.014212542,0.030007014,0.06252984,0.0031888166,0.18313761,0.0640798,0.17645872,0.028771317,0.22465259,0.114202954,0.052003194,0.020418052,0.42173132,0.36574718,0.0020641936,0.020666117,0.07852352,0.07736677,0.50055236,0.01719386,0.23044594,0.06134411,0.5684387,0.066550255,0.003482602,0.022441147,0.025039876,0.014852474,0.0058521978,0.0022234397,0.036031313,0.027809234,0.53106135,0.031795748,0.7335558,0.11589473,0.4627939,0.083577186,0.09629263,0.033315584,0.020244801,0.12214218,0.07027361,0.040325377,0.023833584,0.0318993,0.1735895,0.09372728,0.17632928,0.4789354,0.25588933,0.014806782,0.12754366,0.10703309,0.24505438,0.06865541,0.08595175,0.88222146,0.7315488,0.045006257,0.4542915,0.0220169,0.036720477,0.0071094804,0.0136701185,0.08458368,0.010983544,0.021014394,0.52045447,0.03557766,0.15271118,0.013834776,0.1061118,0.017000807,0.016990839,0.05733157,0.10752658
BC2026_Train_0017_S22_20211026_233000_60,0.002728724,0.0055591976,0.0012870043,0.13671799,4.7587758e-08,0.02567032,0.0009765659,0.014942021,0.0037233063,0.17453122,0.96954644,0.0034136176,0.00057295366,7.424444e-09,1.5596642e-07,0.1430797,0.00017002731,4.0174637e-05,0.12552649,0.0070605786,0.0064412146,5.2826836e-05,0.010771975,0.0009934577,0.085058816,4.172281e-06,0.013251065,0.057003707,0.016940277,0.64195204,0.0020596504,0.00080726965,0.009859178,0.0016488978,0.0004309238,0.0009656829,0.007276658,0.00072742155,0.0012896342,0.001294318,0.006520394,0.001240737,0.0043703876,0.002094353,0.0004846184,0.0004846184,0.0040518246,0.0009974441,0.0005212671,0.0006998799,0.0012365083,0.0013002749,0.0013002749,0.0027074257,0.0012971866,3.5127798e-08,0.0011906822,0.0060168495,1.1756649e-05,0.038607158,0.28668156,5.796874e-05,0.024361609,0.17086644,0.018965887,0.0006516991,0.023783736,9.8355886e-05,0.00016121806,0.2548692,0.0011809005,5.106123e-05,0.018001536,0.1081901,0.12670666,0.027010582,0.023711627,0.27056205,0.025715401,0.069629915,0.06398358,0.006642321,0.601896,0.00912135,0.07381078,0.43708155,0.089124046,0.4554798,0.08837937,0.014919973,0.09281209,0.12995163,0.0130133405,0.09264491,0.14384595,0.10444867,0.0960004,0.5109145,0.11723727,0.05137346,0.03903058,0.013216686,0.29443267,0.9290236,0.70381564,0.10599454,0.02000816,0.005260133,0.103326015,0.032802075,0.019720979,0.47342485,0.029668888,0.058337513,0.025447803,0.14489096,0.035492253,0.048974004,0.033532258,0.37907463,0.22835155,0.24172819,0.10381957,0.14338969,0.34802905,0.05277744,0.034166295,0.5295656,0.0128092095,0.35241687,0.16746287,0.30655578,0.07823173,0.803234,0.094086945,0.0052209795,0.37159622,0.3989489,0.19313686,0.88867354,0.029569536,0.0644284,0.02484852,0.02518177,0.42689082,0.017082533,0.05495849,0.057438903,0.19642873,0.06862137,0.02353359,0.044433042,0.105562076,0.036902335,0.48852342,0.059703097,0.032480855,0.012776994,0.022823447,0.05022267,0.0076978453,0.32953835,0.048579026,0.15465596,0.020059096,0.22353272,0.22729504,0.07884847,0.030290643,0.36979124,0.29607433,0.0021689145,0.028290058,0.08218725,0.042750333,0.13627309,0.018858157,0.781372,0.16463491,0.6449752,0.036949437,0.0049081985,0.029579464,0.0362155,0.030186499,0.008058038,0.002462134,0.03557975,0.018815117,0.30606025,0.0338615,0.6104299,0.24300022,0.37706888,0.076303,0.094030574,0.02015041,0.018403515,0.069766045,0.03671991,0.03629559,0.015552303,0.014640493,0.22382285,0.17317094,0.19650923,0.6818494,0.31465816,0.011692859,0.07681113,0.09266945,0.20879501,0.062149175,0.08396331,0.8560866,0.76794016,0.08835176,0.33978102,0.022343013,0.038717076,0.010744553,0.014435301,0.058812484,0.012237663,0.035091974,0.61137325,0.040621165,0.25302216,0.008597711,0.23258193,0.013057449,0.01296823,0.05485591,0.1083521
BC2026_Train_0018_S22_20211028_234500_5,0.0010122741,0.004810622,0.0006182881,0.5235671,1.7937301e-08,0.05505649,0.0041819233,0.023516396,0.012100291,0.67183816,0.99625146,0.0048961877,0.00043361488,7.3852426e-09,1.309451e-07,0.005754477,0.000204647,4.4980574e-05,0.1312998,0.004717868,0.014477636,2.1210373e-05,0.008258946,0.001935841,0.14881779,3.445277e-06,0.0020734777,0.12942727,0.013316119,0.32012966,0.0017785818,0.001364933,0.007701601,0.0026866363,0.00041330306,0.0015332336,0.008228953,0.0007957081,0.0014647471,0.0018843559,0.006816177,0.0013704575,0.0056874934,0.003402496,0.0004609655,0.0004609655,0.0059882407,0.00106694,0.0007093185,0.0010716555,0.0015759724,0.0017587584,0.0017587584,0.0031770465,0.0007480858,2.4619752e-08,0.0011912588,0.00507982,8.7593e-06,0.0029690901,0.046836697,3.8887232e-05,0.07333246,0.1742501,0.0017393859,0.00058991817,0.005424523,0.00010564712,0.00023674413,0.12442949,0.0011495246,5.1982563e-05,0.011239722,0.035700668,0.05140605,0.021401502,0.026463784,0.23799075,0.029510213,0.057216387,0.17231148,0.013357362,0.88391393,0.034001272,0.15501288,0.040739894,0.102748066,0.49193364,0.08893241,0.031237083,0.25306746,0.06210665,0.016189056,0.029652521,0.38682163,0.124655984,0.21816353,0.7139133,0.24547115,0.14677732,0.036938757,0.008450235,0.114441976,0.83066106,0.7383169,0.05167961,0.021522406,0.0023160598,0.113334596,0.026335953,0.03879546,0.41123262,0.025195763,0.1078764,0.012597203,0.13161658,0.051721368,0.0813857,0.040563844,0.2891138,0.37272653,0.12518607,0.017898604,0.19008435,0.36740735,0.045326807,0.075171106,0.01907937,0.014073537,0.19101107,0.09548149,0.30816737,0.03009991,0.047301862,0.026808672,0.0067936247,0.19637452,0.47800887,0.1401201,0.74258614,0.011935944,0.05239788,0.035703536,0.05734213,0.22382925,0.013317717,0.10105741,0.086304836,0.12588596,0.069864675,0.017352441,0.031077962,0.08781056,0.043828696,0.017058576,0.037298143,0.014055815,0.010642657,0.051968426,0.08148692,0.011226106,0.18484932,0.024377408,0.051112402,0.0604891,0.25019693,0.06362843,0.102052696,0.011111744,0.50568485,0.17028011,0.0025511498,0.02865633,0.02033173,0.03290819,0.066868044,0.018666055,0.7499861,0.043578144,0.31005192,0.08860556,0.015914435,0.042556494,0.047644448,0.009150995,0.0065408642,0.003776552,0.02985212,0.022066932,0.37866512,0.036820915,0.535759,0.15969329,0.36281276,0.06093199,0.097089745,0.011587548,0.014801887,0.14641549,0.017471632,0.04092893,0.0066501843,0.008092001,0.19697902,0.06190165,0.15023898,0.8478026,0.2621148,0.007984932,0.13292402,0.028388137,0.37673527,0.02862504,0.0796182,0.96165764,0.6069005,0.048334416,0.44499046,0.028286394,0.031410426,0.0036601464,0.018289352,0.020218506,0.01039857,0.05753113,0.13807793,0.010822328,0.078517094,0.008438535,0.12932512,0.006283212,0.017586784,0.028522195,0.18583734
BC2026_Train_0018_S22_20211028_234500_10,0.0011493381,0.004942582,0.0005578309,0.4692049,1.6800549e-08,0.083317906,0.0040361444,0.019552862,0.011243868,0.59253025,0.9949466,0.004862456,0.00048524406,7.757064e-09,1.481752e-07,0.0061006523,0.0003024795,4.8132482e-05,0.17416392,0.01293177,0.020914933,2.3173236e-05,0.011863557,0.0031386064,0.15174142,3.7469065e-06,0.002323183,0.08905891,0.01796711,0.30362776,0.001783663,0.0013758673,0.007635719,0.002432646,0.0004124645,0.0015402366,0.007614138,0.00082023616,0.0012962916,0.0018571832,0.006482969,0.0012751429,0.005728236,0.003498621,0.0004543252,0.0004543252,0.0059220735,0.0010586461,0.00076323823,0.0011436382,0.0016107286,0.0018055695,0.0018055695,0.0028937657,0.0009628211,2.4108012e-08,0.0011896207,0.004039037,9.061991e-06,0.002762978,0.05974454,3.7132326e-05,0.06301843,0.21633497,0.0020524566,0.0004320564,0.0043461514,0.0001300123,0.0001369864,0.09835059,0.0011488969,4.6389276e-05,0.0074220886,0.035494555,0.05687242,0.019826362,0.024198513,0.22441068,0.028725443,0.06784197,0.15253593,0.012987863,0.86153734,0.02934906,0.09422027,0.055181075,0.07135481,0.35031894,0.082854,0.032651305,0.19184835,0.05368544,0.016931219,0.035580937,0.44177982,0.12850994,0.23309097,0.7923093,0.25242698,0.15639998,0.032730527,0.013326353,0.11606555,0.8143229,0.6591437,0.05570454,0.0145899225,0.0023581134,0.107852384,0.028335745,0.027253741,0.39653212,0.022143725,0.09099061,0.014302291,0.10274842,0.03129046,0.14616121,0.037362695,0.28301904,0.3557097,0.092333,0.014597217,0.13622127,0.2954671,0.060164195,0.036309417,0.016464729,0.014321441,0.26536223,0.09684306,0.31079352,0.02832922,0.03773726,0.028537368,0.006841419,0.13237704,0.543311,0.12810893,0.7213823,0.010377194,0.055965595,0.03757621,0.05974221,0.24737777,0.01263327,0.10624251,0.083989084,0.11055169,0.06832579,0.02668877,0.030641664,0.097158246,0.039367717,0.014909281,0.024164818,0.015981626,0.008296671,0.035278104,0.07185335,0.008448612,0.15740524,0.025197448,0.04139953,0.028329045,0.30735356,0.10450039,0.08550672,0.00966437,0.46298486,0.14650863,0.0018762806,0.023622941,0.019759865,0.04742833,0.06704233,0.018756403,0.6603468,0.044555645,0.24819697,0.06022649,0.014664604,0.034385934,0.04124253,0.0057543716,0.01046302,0.0045375424,0.019284442,0.016709166,0.31333816,0.041798852,0.59842867,0.20156237,0.3797193,0.057939418,0.117342405,0.011806369,0.013822164,0.096842505,0.024742628,0.04005409,0.0066673476,0.008027475,0.15750115,0.054510996,0.1711191,0.8538829,0.19762452,0.009152948,0.109742865,0.023345284,0.26564118,0.05523812,0.08507077,0.9140593,0.55947334,0.06356384,0.40275273,0.026750926,0.056672204,0.0053611873,0.02112833,0.018319355,0.01282782,0.058071204,0.11794879,0.009472791,0.11595489,0.010521913,0.09664853,0.0055919653,0.015566243,0.022435823,0.1661881
BC2026_Train_0018_S22_20211028_234500_15,0.0023194293,0.0028488967,0.00060101756,0.5153831,1.6491198e-08,0.027554968,0.004912135,0.017763034,0.0056082336,0.63474,0.9975699,0.0051234383,0.00034207993,8.170461e-09,1.04459694e-07,0.0057039848,0.00039481098,4.007769e-05,0.118944526,0.00576215,0.020217502,2.242753e-05,0.0063808816,0.00080457894,0.10071911,3.5974854e-06,0.0017308475,0.061387274,0.005105154,0.22495995,0.00097419537,0.00052654144,0.0042775157,0.0015832238,0.0004207178,0.00063820067,0.0034651547,0.00043113244,0.0007772587,0.0007967694,0.004283849,0.0005867194,0.0025701867,0.0013926803,0.00017687718,0.00017687718,0.003193085,0.0005119832,0.00037090157,0.0005596129,0.000726947,0.0007437957,0.0007437957,0.0017561403,0.001346269,2.2881208e-08,0.0011874594,0.0016941467,9.412381e-06,0.0029447891,0.050570887,3.774766e-05,0.029852606,0.17839992,0.0012172537,0.00025634782,0.005278936,9.776583e-05,0.00016306281,0.079270765,0.0011510903,3.7502105e-05,0.014976866,0.031204741,0.044121005,0.032373037,0.019753478,0.25885886,0.028045809,0.08405156,0.22826105,0.01679705,0.92153794,0.026276553,0.096325114,0.038569864,0.0424615,0.25583276,0.1003647,0.042828493,0.17885672,0.038895126,0.020402266,0.032841362,0.11899062,0.16938236,0.26715967,0.66387,0.09277265,0.062259465,0.02432177,0.018366866,0.14741248,0.87396824,0.6758207,0.067386955,0.019736864,0.0022001863,0.09734597,0.02965022,0.028750995,0.5142894,0.010399738,0.08879256,0.018201912,0.05855399,0.06427385,0.09737712,0.039631438,0.32548732,0.43333077,0.10203116,0.024060216,0.26507697,0.30799803,0.10417657,0.04906976,0.01754582,0.015018696,0.22247623,0.08617244,0.24434213,0.02247954,0.030162193,0.0537136,0.00909991,0.1855032,0.59859943,0.101232685,0.78721416,0.012865724,0.02207415,0.032471363,0.045074776,0.17238903,0.01499897,0.16419259,0.13220727,0.20515548,0.086137034,0.034243096,0.015657607,0.1294984,0.034962658,0.013080276,0.027566593,0.012198872,0.010410171,0.0503085,0.05830366,0.004432342,0.10666089,0.025587792,0.060475927,0.042569555,0.20930183,0.07145209,0.07327209,0.012384475,0.6287674,0.17360686,0.0018200579,0.03669063,0.023821766,0.052130215,0.078599654,0.017564487,0.24605362,0.04138508,0.14846884,0.11873333,0.0060524163,0.043614022,0.07085239,0.0074402033,0.008202742,0.00290322,0.03390089,0.02327901,0.33946875,0.04033865,0.68087494,0.09274467,0.3320965,0.12671758,0.120981194,0.013693217,0.019906493,0.13762145,0.040333245,0.04523619,0.006581001,0.009172923,0.16141813,0.0514433,0.20267119,0.56426054,0.2545033,0.008926109,0.04951508,0.031344384,0.18280047,0.043860547,0.117468424,0.9286606,0.5704102,0.056486182,0.42543942,0.020786138,0.05279045,0.0061363946,0.016130097,0.04611623,0.020638898,0.040190294,0.20098653,0.013181538,0.1367861,0.011637716,0.1677185,0.0052392925,0.016383631,0.03174439,0.3159847
BC2026_Train_0018_S22_20211028_234500_20,0.0012298356,0.0039736247,0.00081871246,0.36556047,1.634271e-08,0.03249597,0.0037172053,0.024817895,0.01051637,0.59566784,0.9971821,0.0033676636,0.00036335544,7.597528e-09,1.3347487e-07,0.0052469727,0.00024969704,3.3899036e-05,0.20790897,0.004804888,0.018536735,2.0271442e-05,0.015294601,0.0013619222,0.15685014,4.210601e-06,0.00204089,0.05693313,0.008725553,0.28164604,0.0014476595,0.0010392412,0.0055616247,0.002120657,0.00041377786,0.0011620014,0.0059334217,0.0006053765,0.0011209996,0.0011981515,0.0052846833,0.0010982599,0.0044881343,0.002537551,0.00036288783,0.00036288783,0.004510743,0.00083065394,0.0005589677,0.00081203756,0.0012691785,0.0013746585,0.0013746585,0.0024610036,0.0005664264,2.456607e-08,0.0011941196,0.0059448676,9.249074e-06,0.003464979,0.052093137,4.386357e-05,0.06573095,0.1925482,0.002015238,0.0003954898,0.0040552528,7.8557314e-05,0.00015337252,0.068801664,0.0011520981,5.1040242e-05,0.010634523,0.029647015,0.053159136,0.025946682,0.025778174,0.21808246,0.04684889,0.03428922,0.15254104,0.018482214,0.84929484,0.026537705,0.101347595,0.049601063,0.07267817,0.44994885,0.11269676,0.033336967,0.19912307,0.04575058,0.03816334,0.024638038,0.4807426,0.11788074,0.21374999,0.6079124,0.2934685,0.106428586,0.036350794,0.008977262,0.13651307,0.85551286,0.71955496,0.054895446,0.01867608,0.0021538301,0.12934116,0.024382165,0.032667875,0.35322046,0.025871849,0.12156332,0.014274831,0.10579642,0.06889714,0.06177143,0.057219382,0.25431588,0.2534075,0.11018415,0.016085738,0.16099933,0.26810563,0.057355456,0.04595813,0.014263681,0.013207894,0.12549196,0.06150095,0.3901625,0.024194872,0.04865857,0.034212556,0.006542403,0.12657022,0.4133661,0.1267893,0.7953342,0.0103179375,0.06259677,0.03142831,0.051249266,0.21126781,0.013051192,0.11576815,0.11294775,0.0932445,0.068720154,0.016519815,0.036429852,0.10566428,0.0447899,0.014243513,0.024821606,0.013109368,0.009498534,0.048333295,0.085390404,0.008064509,0.1959998,0.020408215,0.042283088,0.045608375,0.23787503,0.043022424,0.09222146,0.010643064,0.49319303,0.10806176,0.0021079436,0.026636336,0.024979083,0.042204756,0.048138585,0.014357003,0.6898279,0.044298977,0.17183991,0.05399294,0.019908657,0.048692577,0.046432246,0.0069258283,0.0104685975,0.004129128,0.03994356,0.017965155,0.31414443,0.034132283,0.6077414,0.2309159,0.36125198,0.06463523,0.12736273,0.012271884,0.012910495,0.12201975,0.014251382,0.03349973,0.0070402273,0.006973726,0.16982116,0.05767627,0.1528523,0.86230665,0.2655956,0.012691236,0.11226663,0.026038973,0.2681573,0.025337476,0.096169576,0.92804885,0.5577696,0.057492718,0.3547694,0.031292506,0.051500596,0.004122363,0.024890888,0.024329584,0.013118723,0.08832847,0.12969348,0.009239186,0.14848824,0.01008572,0.13445316,0.008236802,0.016727101,0.029379645,0.18943474
BC2026_Train_0018_S22_20211028_234500_25,0.0014681836,0.0032103495,0.0005421272,0.38527784,1.5979568e-08,0.07570758,0.0038228596,0.02109479,0.0075290347,0.5992377,0.99651086,0.002303393,0.0004085241,7.910927e-09,1.5011817e-07,0.0062114564,0.0003903884,3.6976115e-05,0.073621735,0.004118744,0.018279,1.6821576e-05,0.018110247,0.0011042047,0.21284112,4.405254e-06,0.0017503935,0.053651903,0.009117082,0.273984,0.0011224272,0.00085532235,0.004480528,0.0016319702,0.00041316304,0.00096620596,0.0046525127,0.00047958217,0.0008577384,0.0010259723,0.003965257,0.00085518486,0.0035195441,0.0021038572,0.0002766142,0.0002766142,0.0036583531,0.00065309665,0.00044448648,0.0006604313,0.0010223859,0.0011194391,0.0011194391,0.001832261,0.00059430895,2.8228447e-08,0.0011986702,0.006763489,8.589944e-06,0.003037064,0.055905953,4.0663203e-05,0.045944773,0.19525115,0.002750285,0.00038811108,0.0038000594,0.00012446185,0.00017925857,0.0552185,0.0011568313,6.697236e-05,0.010835771,0.026509961,0.036519803,0.02393485,0.026867045,0.23037843,0.046673518,0.048289664,0.14631289,0.017073458,0.84405273,0.05231913,0.17061128,0.052627463,0.07883661,0.3358538,0.10444956,0.03601556,0.37228712,0.09507969,0.059924643,0.019436855,0.5548735,0.17516986,0.22629952,0.65734446,0.22077206,0.15899637,0.028476708,0.007971141,0.12709112,0.8110573,0.64344406,0.043719128,0.022575188,0.0018637299,0.106007956,0.025049256,0.0234379,0.37623814,0.02730842,0.10393391,0.011277445,0.10633067,0.047491197,0.08050643,0.03296344,0.21579824,0.24087165,0.14955504,0.016654842,0.13556485,0.23322262,0.04751092,0.057089135,0.020372132,0.013983903,0.21364684,0.046771377,0.35401422,0.021452699,0.022599576,0.031907924,0.008077752,0.12685283,0.3720353,0.11314285,0.74211794,0.012675282,0.06179749,0.039726615,0.07147915,0.16181503,0.022633657,0.11796532,0.09747383,0.11498721,0.08862842,0.015058297,0.031836953,0.06761282,0.04547689,0.018103743,0.026719263,0.022866493,0.009378185,0.08181369,0.074183956,0.018285355,0.15174332,0.025533065,0.04813391,0.03636406,0.2970173,0.04980613,0.14918616,0.011288473,0.4349793,0.12600502,0.0019438408,0.023172382,0.016990934,0.029850006,0.06306972,0.013618791,0.6659943,0.04993376,0.16216734,0.07580109,0.021155838,0.037904218,0.03690476,0.008001179,0.014497631,0.0033096115,0.023644753,0.025711888,0.3128914,0.03655483,0.5326656,0.18276092,0.380505,0.08928104,0.107100815,0.0142653845,0.01878242,0.1312317,0.015442369,0.03464545,0.005229496,0.0067615723,0.1652441,0.05538229,0.13188598,0.8908257,0.29592064,0.009811754,0.08656028,0.032833822,0.35481957,0.026908858,0.08359373,0.91126275,0.56095445,0.045813974,0.37090263,0.019459663,0.03368449,0.003732104,0.034182213,0.016164273,0.008257057,0.11899774,0.11596439,0.0085621895,0.14231096,0.010328038,0.119197235,0.014415826,0.019045483,0.049858753,0.18459587
BC2026_Train_0018_S22_20211028_234500_30,0.002122427,0.0036173174,0.0007697698,0.3552543,1.6723016e-08,0.040840447,0.0054931846,0.025897278,0.010106857,0.5975486,0.99715596,0.0023867113,0.00042609253,7.973839e-09,1.2841934e-07,0.0054758014,0.00044045635,3.3816243e-05,0.12556334,0.006978166,0.04636483,2.1106669e-05,0.010657891,0.0012846902,0.31296417,4.0912814e-06,0.0016722599,0.055998802,0.008091455,0.25379,0.0013776496,0.0009896711,0.0054999245,0.0020245274,0.00041529926,0.0011528317,0.0060688797,0.0005612179,0.0010810451,0.001251224,0.0048467596,0.0009984043,0.004332097,0.002542624,0.0003178925,0.0003178925,0.00438914,0.0007717423,0.0004997558,0.00074235536,0.0012322685,0.0013468891,0.0013468891,0.0023508144,0.000624747,2.4095119e-08,0.0012030614,0.0072801607,9.488848e-06,0.0028687513,0.04442752,4.4524695e-05,0.08295691,0.25926977,0.0017400777,0.00042014374,0.0037136932,0.00014672762,0.00017200151,0.06302332,0.0011601015,4.8753718e-05,0.01059031,0.041997325,0.03661654,0.022704042,0.02782576,0.23190485,0.036632255,0.04059632,0.14679475,0.01221818,0.8882323,0.036837757,0.10415185,0.057309147,0.10650841,0.5194261,0.12516537,0.030789414,0.26087654,0.054891758,0.022629343,0.023640167,0.42028803,0.1981513,0.2578295,0.6336901,0.27475822,0.1774127,0.03420306,0.010620969,0.1543025,0.8384576,0.7099629,0.042201217,0.01895321,0.0020347876,0.12648146,0.02618477,0.025970861,0.49154085,0.02367774,0.09979704,0.012430581,0.13260378,0.035828646,0.059096012,0.035459325,0.26343536,0.24924985,0.124436945,0.018857067,0.12651248,0.34631005,0.052970532,0.047564782,0.021122497,0.01343492,0.19510539,0.05703917,0.37626627,0.024319462,0.04706871,0.03256677,0.008397026,0.1001789,0.54934776,0.13509807,0.7644174,0.011584866,0.052416496,0.032397266,0.049779397,0.1821603,0.020409966,0.116007335,0.122959636,0.09614524,0.07798702,0.0152784325,0.04690461,0.07970459,0.038566496,0.017517297,0.03317685,0.010719389,0.011478036,0.04480762,0.07302523,0.009332597,0.2436433,0.023691664,0.040402044,0.037784565,0.29501107,0.04919314,0.09296333,0.011285153,0.43816644,0.12181119,0.002842035,0.025568211,0.017076034,0.05577978,0.07734594,0.012613879,0.6269843,0.048818868,0.17015494,0.05603774,0.012231564,0.037755236,0.04748486,0.005198459,0.010175048,0.00414805,0.03316494,0.020305555,0.38957265,0.03345241,0.4368648,0.25257245,0.40534288,0.07402548,0.12179816,0.012071094,0.010997781,0.10464771,0.016736548,0.04294772,0.0064102355,0.009504336,0.21615013,0.0898529,0.1480373,0.8645995,0.28244942,0.0083218645,0.11811247,0.024738379,0.3059509,0.028820995,0.09150473,0.92485523,0.5582636,0.03353587,0.3052043,0.026536383,0.049197063,0.0044238344,0.018099926,0.018412214,0.012829063,0.06580872,0.10839977,0.0073128953,0.118005164,0.010368645,0.1788046,0.0067592394,0.02105553,0.036622208,0.20497526
BC2026_Train_0018_S22_20211028_234500_35,0.0016077933,0.0036040477,0.00060876756,0.34181324,1.5403963e-08,0.035807382,0.0057028723,0.02027077,0.011876621,0.6808369,0.9963849,0.0022697903,0.00049049297,7.8091e-09,1.3945943e-07,0.0053280303,0.00034620686,3.2831733e-05,0.113854334,0.005777031,0.023838751,1.9034404e-05,0.014297283,0.0012538626,0.1363857,4.660252e-06,0.0016606072,0.045747887,0.0073791137,0.2599111,0.0012917204,0.0009557611,0.005140542,0.0020402959,0.0004129384,0.0011210488,0.005795921,0.0005545165,0.0010302897,0.0011596308,0.004528537,0.000997927,0.004206745,0.0024942942,0.0003207202,0.0003207202,0.004338408,0.00075946026,0.00048055075,0.0007172665,0.0011857576,0.0013084902,0.0013084902,0.0022436855,0.0005091959,2.4846479e-08,0.0012001412,0.0072189975,7.868674e-06,0.0029866067,0.033875477,4.2518826e-05,0.058537636,0.219396,0.002696677,0.00033705772,0.0037817303,8.832688e-05,0.00016141069,0.06560963,0.0011557721,4.5200963e-05,0.01556863,0.03816086,0.04495946,0.023470812,0.02229039,0.2090306,0.034090336,0.035069764,0.16262347,0.016863931,0.9339196,0.061064646,0.12271944,0.040209785,0.07059922,0.42110494,0.09024822,0.030889366,0.26481485,0.06071957,0.023519106,0.024429558,0.48439625,0.15532666,0.19789842,0.5924716,0.20317553,0.14841443,0.03443888,0.009220918,0.12496785,0.8098769,0.6765222,0.04473531,0.015043142,0.0019467715,0.11907002,0.02339101,0.02132501,0.5834956,0.023022393,0.11012239,0.011963948,0.09903335,0.037776314,0.07048938,0.034719814,0.26461887,0.20105973,0.11052482,0.014803303,0.19836049,0.2363038,0.05037958,0.04855736,0.018101756,0.012022201,0.14626203,0.04485083,0.3768631,0.026210982,0.044364274,0.028832309,0.0070651527,0.12819959,0.40242738,0.0938667,0.72151136,0.01789413,0.06305601,0.032713592,0.07448036,0.17329378,0.01154762,0.16442336,0.10243334,0.06995933,0.09667785,0.017987575,0.04052008,0.07505515,0.03871307,0.0148803005,0.024199924,0.015366435,0.010092919,0.055707008,0.07365143,0.009691537,0.21337686,0.019671174,0.04342551,0.045949426,0.26959497,0.07212976,0.06995213,0.0128102,0.48480257,0.101326644,0.0023447427,0.022575317,0.02395121,0.05669147,0.07340935,0.0159902,0.73938483,0.078429066,0.1570468,0.06046076,0.020302035,0.046466053,0.04285373,0.0061770864,0.007549178,0.0036681972,0.020832304,0.015983239,0.34897977,0.023850936,0.5009264,0.22097674,0.41262123,0.06596369,0.11796036,0.0121986745,0.011056513,0.1253833,0.01112778,0.034337208,0.006010699,0.0071088653,0.14747193,0.06349006,0.16693465,0.86677516,0.20014623,0.0075631677,0.078177065,0.019589191,0.25320742,0.01798786,0.08129792,0.8907113,0.5773655,0.046563394,0.34319583,0.02976981,0.041226525,0.003909294,0.02644541,0.02132383,0.014151448,0.097976565,0.11642508,0.007720657,0.09545824,0.009618205,0.15154773,0.008572735,0.014711677,0.03314413,0.18588105
BC2026_Train_0018_S22_20211028_234500_40,0.0010972264,0.0034376634,0.0006118744,0.37361708,1.5649794e-08,0.04468367,0.00785413,0.027906325,0.010505748,0.6126055,0.99687207,0.0039203274,0.0004271843,8.051332e-09,1.3475248e-07,0.0050843577,0.00065342884,3.4606994e-05,0.12323465,0.005668826,0.03542622,1.8163597e-05,0.009602898,0.0011236606,0.24380162,4.1525855e-06,0.0019174139,0.05584964,0.008712225,0.23109807,0.0012695269,0.0009145197,0.0049582855,0.0018701226,0.00041565983,0.0010641462,0.0049932506,0.00052182336,0.0009663645,0.001145536,0.0046583638,0.00091312244,0.0039291764,0.0022835115,0.00028233504,0.00028233504,0.003911946,0.00070519873,0.00047892035,0.00072478433,0.0011070647,0.0012052015,0.0012052015,0.0021311068,0.00055399665,2.8064347e-08,0.0012003423,0.0051715234,7.911343e-06,0.0034826077,0.04764433,3.6642723e-05,0.04116493,0.24660575,0.0020853637,0.0005607843,0.003793456,0.0001349955,0.00022866347,0.060919203,0.0011598467,4.290724e-05,0.013795745,0.03493222,0.02975294,0.016705219,0.026558332,0.21776699,0.031108804,0.04392447,0.17374752,0.011292774,0.88840836,0.031160465,0.0985509,0.057733413,0.08886243,0.39429224,0.11383315,0.040302787,0.22252117,0.058608636,0.024069991,0.024213066,0.44993642,0.14932157,0.23594286,0.62576175,0.21407318,0.16331881,0.03204142,0.009928869,0.11302802,0.84263754,0.7450822,0.05811928,0.014496036,0.0022028058,0.10766367,0.019978471,0.027161097,0.40933722,0.019555116,0.07528757,0.01603707,0.10490459,0.035934746,0.06758468,0.03688081,0.28070006,0.2980057,0.16317783,0.01301074,0.1518342,0.18104728,0.047462173,0.04280622,0.015536043,0.01413359,0.2123716,0.059591305,0.31195003,0.027026407,0.02621391,0.03949765,0.0078089004,0.1570742,0.51076365,0.09724097,0.73583376,0.0179884,0.067714676,0.024277093,0.046704624,0.17746921,0.019216934,0.09031408,0.08021208,0.09038442,0.07313494,0.019156232,0.026986878,0.05684714,0.04046642,0.015394508,0.03290434,0.024354078,0.008144453,0.036029514,0.07215245,0.007008623,0.12766492,0.021117577,0.041560963,0.026678735,0.23480816,0.05784018,0.09524642,0.010470457,0.4559448,0.08984727,0.0019337318,0.019680995,0.0147372205,0.04209925,0.057180256,0.012344316,0.70877767,0.03559792,0.18626721,0.05231906,0.018064773,0.044118796,0.036810603,0.007719992,0.008825369,0.0033323693,0.02172878,0.023843374,0.3261846,0.026922487,0.50100064,0.15842514,0.34989634,0.087190114,0.11300403,0.0132442545,0.013191949,0.11236806,0.0152947595,0.0324276,0.004444841,0.0067785177,0.16435711,0.061325446,0.15384261,0.8691601,0.22048639,0.007352031,0.06599407,0.030656926,0.26641804,0.030358192,0.08852215,0.9390155,0.55154747,0.039412323,0.39383334,0.029741917,0.04981595,0.004503679,0.031231651,0.015380403,0.012371851,0.04671914,0.10217498,0.006459928,0.09734825,0.011400998,0.13246515,0.008810911,0.018358601,0.03520866,0.2090403
BC2026_Train_0018_S22_20211028_234500_45,0.0026947327,0.0023050027,0.0005514588,0.3321069,1.6876415e-08,0.027747108,0.007861173,0.028266737,0.006097311,0.60768837,0.9981091,0.0023380318,0.0003608606,8.338727e-09,1.2165717e-07,0.0056046504,0.0004241765,3.456937e-05,0.1381396,0.0034290624,0.018505106,1.8496497e-05,0.005521753,0.0010639112,0.13192385,4.4163735e-06,0.0016535083,0.05394299,0.0052505624,0.17295562,0.0010360992,0.0004832698,0.0038670844,0.001725942,0.00042629533,0.0006016032,0.002956034,0.00033593498,0.0008373847,0.0006363935,0.0042566913,0.00063909596,0.0024102698,0.0012597925,0.0001596504,0.0001596504,0.0026601679,0.00044098045,0.0003136566,0.00046112397,0.00066212536,0.0006841529,0.0006841529,0.001875186,0.001041831,2.2054405e-08,0.0011988754,0.0015038201,8.962626e-06,0.0028768308,0.05239103,3.686519e-05,0.034358677,0.24284577,0.0013172253,0.0002574119,0.004443727,0.00010176202,0.00019022792,0.05667057,0.0011633143,4.162226e-05,0.014985772,0.037138242,0.04928039,0.030239299,0.032272834,0.25104845,0.03805276,0.05165143,0.1569264,0.018884981,0.94421756,0.029838413,0.1249362,0.061744742,0.08804676,0.19479118,0.08573202,0.059101097,0.2105076,0.070219636,0.03336547,0.03904341,0.118848585,0.17438051,0.3458313,0.6545641,0.09451415,0.058236722,0.024681378,0.015284301,0.16508196,0.84125036,0.7575661,0.053982593,0.012362094,0.0019668604,0.10315084,0.044077806,0.03113789,0.52008635,0.01878754,0.06555189,0.018963723,0.088650174,0.06851208,0.082700245,0.043492984,0.35571045,0.2473171,0.1008918,0.018508261,0.17974904,0.3343613,0.07368314,0.061700575,0.021777075,0.014385688,0.20652622,0.06853405,0.22999549,0.020488733,0.03388817,0.036444828,0.013273516,0.11505319,0.6295927,0.13375606,0.74876624,0.018415712,0.013552023,0.040728074,0.05311778,0.15227698,0.022412142,0.32674018,0.12112176,0.18546683,0.0838332,0.03872036,0.03358684,0.073420644,0.03372354,0.019458707,0.043533113,0.017235633,0.008865771,0.06608456,0.054708607,0.005008967,0.09312868,0.0328718,0.06138338,0.056287467,0.25580353,0.08957274,0.11501748,0.0176121,0.6131931,0.117559604,0.0017446724,0.036360692,0.019428134,0.061482057,0.112814315,0.0154582355,0.25508857,0.048483297,0.14877735,0.12343762,0.010211831,0.039600495,0.03805406,0.007344291,0.009183796,0.002941223,0.04248097,0.021393437,0.3122721,0.046967298,0.6361663,0.059096787,0.33357435,0.10678522,0.09797037,0.010188307,0.018830454,0.12998521,0.04353357,0.073663235,0.005452222,0.008685664,0.19408639,0.08168365,0.15378508,0.65532213,0.1944686,0.009440898,0.04895766,0.023262678,0.26841483,0.03019953,0.14135678,0.9183656,0.54840446,0.076573074,0.3445403,0.024245866,0.030951677,0.007075024,0.020087112,0.029666854,0.016485965,0.03384173,0.169869,0.0142942965,0.18731967,0.013228629,0.16695106,0.009179015,0.018734109,0.044013437,0.3217222
BC2026_Train_0018_S22_20211028_234500_50,0.001188544,0.002058197,0.0007157849,0.38907218,1.5499634e-08,0.027369227,0.0061333836,0.018806193,0.0052519683,0.6369364,0.9973382,0.0052082767,0.00037542917,7.272349e-09,1.1050369e-07,0.004826236,0.0004952994,3.406106e-05,0.093039505,0.0042478745,0.027182812,1.5224604e-05,0.00474639,0.00053539255,0.102317676,4.1780386e-06,0.001441255,0.04103432,0.0041118027,0.19677292,0.0008814782,0.00041186842,0.0034483038,0.0014325639,0.0004239304,0.0005220931,0.0027787173,0.00029883964,0.0007137071,0.0005588939,0.0035265784,0.0005438121,0.0020276988,0.0011220098,0.0001469347,0.0001469347,0.0022857548,0.00038406413,0.00026579926,0.00038611863,0.0005628793,0.000570107,0.000570107,0.0015869263,0.0008292244,2.12444e-08,0.0012014164,0.0011038097,1.00463285e-05,0.0032928574,0.04229856,3.992883e-05,0.037550192,0.17636989,0.0012554507,0.00023415979,0.0047833123,9.915228e-05,0.00017747146,0.07482396,0.0011611448,3.9241477e-05,0.009284448,0.044558052,0.04621128,0.031116864,0.02265392,0.24724118,0.029295992,0.042118832,0.24812055,0.0152336005,0.92426705,0.0207523,0.11767969,0.034215063,0.05171145,0.1648283,0.08483576,0.033607602,0.17371754,0.038824487,0.019069897,0.02191618,0.09738408,0.16721873,0.3947979,0.5575153,0.10401168,0.06912389,0.024813049,0.015454863,0.13181289,0.79454005,0.71205574,0.048059393,0.018079696,0.0020170158,0.08793275,0.025238851,0.0306703,0.50032043,0.01074013,0.06054831,0.014686579,0.07520996,0.042175017,0.102378905,0.039326474,0.3338274,0.24075297,0.12538497,0.013666922,0.15877041,0.22835469,0.09479893,0.041092515,0.016923908,0.011500453,0.2342749,0.06349961,0.18785162,0.023532638,0.02823922,0.043615907,0.010324806,0.1281525,0.60859704,0.14672662,0.7414403,0.018068861,0.015201878,0.03237239,0.04476432,0.14300993,0.015296569,0.12003508,0.14340286,0.12105466,0.07198456,0.032723803,0.019133653,0.09693255,0.026969349,0.017153667,0.045132875,0.02028571,0.0103756385,0.046697594,0.04969196,0.006468837,0.11217407,0.023337152,0.046782013,0.04200424,0.247909,0.06771473,0.09991383,0.011815598,0.5720433,0.13944069,0.0022979425,0.025609715,0.023888072,0.08544745,0.0792346,0.022151763,0.186634,0.045083717,0.15313603,0.09124642,0.0070912153,0.045163173,0.045760356,0.009511433,0.00814714,0.0031228235,0.031479944,0.02392225,0.35192406,0.03622242,0.6033245,0.054865453,0.36257306,0.09658959,0.16174424,0.011996131,0.016924525,0.14254874,0.025689134,0.03520284,0.0052836267,0.010608773,0.19478798,0.06021265,0.17476353,0.6407759,0.19155726,0.009075312,0.036107473,0.032174915,0.24048539,0.03483798,0.080558196,0.9131,0.58850616,0.05013103,0.4353521,0.025431769,0.038050722,0.004983856,0.017953735,0.027059875,0.017535016,0.039903026,0.14032255,0.012049757,0.12214781,0.012034034,0.13843215,0.0054462617,0.020011038,0.031965144,0.19097169
BC2026_Train_0018_S22_20211028_234500_55,0.0020885265,0.0023124914,0.00064174936,0.35185784,1.6340014e-08,0.03858883,0.0058590067,0.02287763,0.005982304,0.5986597,0.9977553,0.005036457,0.00049779017,7.564251e-09,1.1204055e-07,0.005685829,0.00068635284,3.4500415e-05,0.08220002,0.0038374348,0.015930867,1.6226337e-05,0.0035512387,0.000843656,0.1357134,4.2369297e-06,0.0016839019,0.04817982,0.0053513846,0.22104345,0.00085642276,0.00048668004,0.0033511855,0.0013993684,0.00042480748,0.0005765651,0.0031056828,0.00031132827,0.0007017577,0.0005657193,0.003952223,0.00056647346,0.002561301,0.0013527956,0.00015216092,0.00015216092,0.0025163218,0.00043067866,0.00030155375,0.00042757345,0.00066594395,0.00067847455,0.00067847455,0.0017028685,0.0008722706,2.2446564e-08,0.0011928275,0.0015767838,9.466778e-06,0.0031492952,0.046378423,3.9575985e-05,0.03697588,0.19330896,0.0012273007,0.00047568392,0.0050332854,0.00017775745,0.0002965725,0.06223163,0.0011614343,3.802118e-05,0.008413717,0.040756315,0.03584154,0.033588722,0.020550292,0.21898551,0.034308136,0.040323064,0.1541763,0.015076058,0.9089257,0.03043259,0.09412887,0.044392556,0.04439455,0.19222766,0.065420315,0.07755075,0.15828012,0.028346026,0.010933991,0.02329538,0.11060125,0.12971748,0.39245218,0.6167479,0.10882039,0.051535755,0.024696205,0.015481741,0.14490591,0.83134085,0.6778428,0.058832146,0.021877043,0.0020394505,0.13135871,0.037586868,0.021771183,0.51915354,0.009542906,0.062110342,0.0140017085,0.059779573,0.06708262,0.08013888,0.045080416,0.34565973,0.2642041,0.098686054,0.017173367,0.17836945,0.2812683,0.05259273,0.046527635,0.016223986,0.01673311,0.13815168,0.076634325,0.24020866,0.025544638,0.025548214,0.029843058,0.008938032,0.1758822,0.7541938,0.1663636,0.7866021,0.010796364,0.01448638,0.02518566,0.035850756,0.18368281,0.019978903,0.1336611,0.14217691,0.114665866,0.07230919,0.03133527,0.021039179,0.082333654,0.026807759,0.018367432,0.041382,0.01165512,0.01113189,0.055066757,0.06249711,0.003657291,0.12755582,0.031754512,0.051256567,0.04006354,0.22147302,0.09640918,0.08078075,0.009337918,0.5091642,0.13617913,0.0022416816,0.03526192,0.015798,0.03169831,0.06007697,0.01054694,0.24316263,0.033631925,0.1538117,0.07288714,0.007933219,0.037906796,0.035236638,0.009517,0.008592068,0.0028597645,0.023098283,0.020591741,0.3200028,0.039508075,0.74981254,0.06531211,0.2854032,0.09228862,0.12379715,0.010932649,0.016984198,0.0939518,0.017508978,0.034982476,0.0065215416,0.007913696,0.183543,0.05939995,0.13129745,0.6527785,0.23379037,0.008094295,0.0367814,0.022732107,0.1820063,0.02438656,0.10965757,0.9677667,0.50049436,0.05288489,0.39329,0.018737141,0.029062923,0.0051639043,0.020321686,0.0317628,0.017437104,0.045690384,0.11746004,0.01414173,0.12004723,0.017208874,0.105432115,0.006356931,0.013533596,0.02937606,0.16020241
BC2026_Train_0018_S22_20211028_234500_60,0.0016152657,0.003122014,0.0006697258,0.34593686,1.595292e-08,0.039422747,0.008042129,0.019458182,0.00960181,0.5815017,0.99453807,0.0035933366,0.0004899261,8.443667e-09,1.3436744e-07,0.0044877515,0.0003633895,3.653137e-05,0.08946213,0.0057199867,0.034918644,2.0111793e-05,0.006788052,0.0011665354,0.18286696,4.039111e-06,0.0017145687,0.052865725,0.007973596,0.2722552,0.0012717614,0.00082412286,0.0050644013,0.0018926086,0.00041377792,0.000907808,0.0046206904,0.00040891653,0.0009569049,0.0008751292,0.004504514,0.00085887354,0.0036795808,0.0021319715,0.0002331413,0.0002331413,0.0033985407,0.00066644186,0.00041189007,0.0006020071,0.0009795468,0.0010658916,0.0010658916,0.0021322663,0.00051107525,2.4032762e-08,0.0011845703,0.0052083163,8.6488e-06,0.0026173594,0.05580386,3.6587386e-05,0.051991206,0.17697057,0.0020808314,0.00032333878,0.0038575123,0.00010617365,0.0001851572,0.05705868,0.0011470572,4.7414454e-05,0.011640732,0.06435037,0.03908614,0.054330405,0.024204299,0.18111248,0.06247677,0.03377556,0.12295817,0.012384342,0.80155957,0.027577056,0.06972809,0.054783497,0.051829685,0.32728836,0.07186699,0.026967756,0.21362516,0.074944556,0.052239235,0.027072811,0.5138237,0.16308421,0.20923822,0.6307899,0.1113474,0.12024284,0.03404782,0.01670462,0.13914905,0.83905196,0.7482739,0.046518497,0.012577427,0.001710933,0.08354621,0.02325965,0.021353904,0.42674512,0.01850961,0.10066038,0.011723769,0.0955908,0.03335993,0.122003175,0.04061923,0.2499251,0.2877965,0.13720673,0.017719425,0.13146454,0.33543578,0.05579745,0.061863318,0.016136926,0.012555983,0.20873171,0.07537428,0.32529032,0.024921881,0.027095236,0.024771208,0.009150124,0.1606368,0.47642583,0.09325757,0.82037544,0.00905165,0.056128006,0.025247242,0.060443584,0.20461886,0.016591342,0.113797724,0.10450521,0.0827173,0.07455222,0.019140383,0.026973633,0.093648374,0.03992487,0.016262554,0.021990905,0.021386897,0.009517251,0.09997971,0.08728291,0.00918646,0.19319981,0.021607604,0.032856934,0.03395447,0.27809793,0.050923157,0.07150817,0.01260677,0.5611382,0.0642601,0.0018490453,0.025531584,0.018548844,0.05588252,0.08918726,0.009437066,0.7114946,0.028121185,0.21432869,0.05798345,0.01477647,0.038358767,0.034947596,0.0055579436,0.013209644,0.0035988928,0.024464885,0.015644463,0.36770254,0.027211346,0.47269633,0.2963491,0.35861218,0.072260745,0.09711245,0.009672722,0.010856495,0.10352718,0.020168584,0.035825085,0.0067327945,0.0070338133,0.16315952,0.06950452,0.14807184,0.8929793,0.22772814,0.0077850665,0.067298345,0.037267044,0.3030587,0.017703295,0.06896386,0.92815286,0.5501417,0.037317295,0.33156747,0.026009409,0.03386731,0.0037469266,0.021533946,0.03201963,0.01799989,0.12992509,0.106405854,0.00863792,0.0957285,0.010930216,0.128907,0.00961885,0.016319705,0.03623319,0.21410362
BC2026_Train_0019_S22_20211104_200000_5,0.00029028798,0.0029733612,0.00056126295,0.037349448,3.1609993e-08,0.03073978,0.00133429,0.020583533,0.033283588,0.0008772943,0.9812498,0.0010673135,0.00046694366,6.9676447e-09,8.004638e-08,0.03261918,0.00305638,1.980982e-05,0.04954603,0.004910951,0.20564847,0.00012008858,0.02782226,0.0008568516,0.40382415,3.327444e-06,0.0041487585,0.054487363,0.009429335,0.29701313,0.0010116918,0.00042867186,0.0064949985,0.0009757889,0.00036436738,0.0006667416,0.0033211943,0.00027163778,0.0005583904,0.00088946806,0.0047645955,0.0003753035,0.0029170814,0.0017213788,0.00012707325,0.00012707325,0.0032872956,0.00043461114,0.0003134605,0.0003990176,0.0006031059,0.0006576094,0.0006576094,0.0019356714,0.0003386158,1.7103016e-08,0.0009996766,0.0009953582,1.0970297e-05,0.0024405045,0.031658333,0.00018504348,0.06489765,0.9935539,0.001421927,0.00017378641,0.0037426336,8.808192e-05,7.884917e-05,0.008052934,0.0010105607,3.2700846e-05,0.009959905,0.032606006,0.030412469,0.011085953,0.020173522,0.27029186,0.054600716,0.025346946,0.24731877,0.0092015965,0.66530436,0.011968069,0.045932606,0.032177243,0.034846786,0.11951197,0.13480082,0.1605459,0.11619853,0.15287085,0.042663395,0.02124594,0.18590836,0.12642673,0.29175553,0.0331302,0.25435582,0.014802998,0.027502934,0.047570053,0.2668776,0.6838807,0.6780473,0.027813105,0.008966191,0.0021482285,0.16971388,0.026141334,0.047230735,0.35862353,0.034959476,0.42000708,0.8146319,0.10179778,0.007779717,0.022864196,0.018797768,0.5586745,0.18389241,0.12548049,0.10850734,0.072001256,0.21965246,0.13847676,0.018127177,0.035368707,0.009674876,0.044393547,0.104119875,0.2507083,0.014297736,0.019910123,0.036707032,0.020256111,0.05710885,0.29789364,0.17949468,0.43530464,0.0064394423,0.010994454,0.09768711,0.08068081,0.041960493,0.004783295,0.058709927,0.05936999,0.15672418,0.030104278,0.02672317,0.010038529,0.068716414,0.03461524,0.02133439,0.044549197,0.009151256,0.009749778,0.012026737,0.1291455,0.0022578177,0.061227296,0.015579102,0.11798282,0.028463505,0.10893883,0.03295759,0.041365422,0.066669025,0.39692765,0.044036984,0.002942214,0.020309132,0.104205035,0.018241052,0.09521663,0.05157539,0.0252214,0.073015265,0.19527394,0.12266436,0.0024746447,0.03571221,0.02851178,0.029652672,0.18312652,0.003084699,0.023675442,0.0106378645,0.23667696,0.20334151,0.55027246,0.029635038,0.3281084,0.15221187,0.19241919,0.023129456,0.013684313,0.04846261,0.008111666,0.012278484,0.0979915,0.017304419,0.049753435,0.036055107,0.10495034,0.0885795,0.15451562,0.012752481,0.020798732,0.04976855,0.13950662,0.014463221,0.16452436,0.69589776,0.6381936,0.015094928,0.25723827,0.026587155,0.10619233,0.0021253738,0.020293701,0.007644361,0.0077700387,0.0076786326,0.23732397,0.010824119,0.07671196,0.0064627575,0.100063436,0.0034450456,0.017630985,0.076627664,0.2766098
BC2026_Train_0019_S22_20211104_200000_10,0.00024813935,0.002815798,0.00063061336,0.03405946,3.1818182e-08,0.023762915,0.0009746445,0.026264768,0.030859541,0.00066146656,0.9755226,0.0011573854,0.00038945168,6.73187e-09,7.363882e-08,0.03699887,0.0040250435,2.0140029e-05,0.0758446,0.004678682,0.28295833,0.0001287276,0.027463175,0.000672916,0.31864068,3.1138331e-06,0.0027646893,0.03985298,0.0076106614,0.3141618,0.00092671544,0.00041611615,0.0057246666,0.0009283092,0.00036276106,0.0006420825,0.0032524527,0.0002899211,0.0004821165,0.0010360624,0.004445851,0.000327684,0.0029092096,0.0016090473,0.00011938411,0.00011938411,0.0030603302,0.00038347993,0.0003087159,0.00040245077,0.000597009,0.00065195665,0.00065195665,0.0017172418,0.00029176314,1.8911393e-08,0.0010025739,0.001629331,9.7269185e-06,0.003398157,0.03619541,0.00017072861,0.065384686,0.9967112,0.0020033193,0.00016402385,0.0025497891,7.629881e-05,7.628775e-05,0.007061638,0.0010100754,3.2208864e-05,0.009412005,0.022287283,0.024206186,0.010357307,0.020141259,0.18606743,0.035995524,0.02755704,0.21917431,0.008151295,0.5590956,0.020974357,0.031864192,0.046261735,0.034920637,0.14373629,0.11514639,0.18833159,0.10128742,0.14074022,0.05421686,0.023803448,0.16947484,0.11055288,0.2996267,0.04028584,0.3495923,0.019816082,0.025934163,0.02918371,0.15703623,0.638828,0.65671897,0.032473497,0.008564845,0.0024265917,0.19943602,0.024235599,0.05910584,0.35688192,0.042285107,0.35164544,0.86383533,0.08110956,0.007979275,0.014386307,0.02530554,0.4977693,0.171599,0.097971335,0.058360536,0.07985744,0.24337049,0.103932366,0.018179854,0.020610536,0.010848338,0.03658645,0.068711445,0.23013794,0.014886252,0.017268606,0.03014025,0.027011704,0.040643968,0.28460833,0.12238578,0.35186675,0.0055634277,0.01543088,0.10707498,0.06843599,0.035688102,0.0058674226,0.09897797,0.03870828,0.16837366,0.045181107,0.039684094,0.010256249,0.054913398,0.041765288,0.01921277,0.055408042,0.009841144,0.007860747,0.011998036,0.18105732,0.002390318,0.06266237,0.016185023,0.105174646,0.026999647,0.109286204,0.03232383,0.04460811,0.07665323,0.34549895,0.039113604,0.004788559,0.02235551,0.118042685,0.027188124,0.11434008,0.04225259,0.025107227,0.054951604,0.19041823,0.11363039,0.002386492,0.030206079,0.030825755,0.033176888,0.2099575,0.003136459,0.024034223,0.018942202,0.20758997,0.18720406,0.4815212,0.030221187,0.21431378,0.10139705,0.14552888,0.023176817,0.015471936,0.036396615,0.0078065298,0.013029774,0.06510755,0.019604135,0.061707187,0.046067443,0.09736675,0.11080536,0.21567921,0.010667503,0.02108808,0.028600408,0.12217192,0.010130919,0.1735423,0.7325916,0.53665686,0.021269165,0.22199497,0.025516674,0.10310061,0.002737242,0.0149520105,0.007501988,0.0065049906,0.009086796,0.13765939,0.010907225,0.08758341,0.0073809824,0.09887363,0.0044608093,0.025746226,0.06757387,0.17528567
BC2026_Train_0019_S22_20211104_200000_15,0.00017942135,0.0031815243,0.0008494665,0.05801005,3.0605236e-08,0.03603133,0.0009916241,0.018456439,0.027885793,0.000991025,0.98520017,0.0018948285,0.0003723948,6.0294054e-09,8.3699604e-08,0.047831833,0.0025213254,1.9886756e-05,0.047789853,0.0037368503,0.21208322,0.00014401993,0.021290427,0.0011230387,0.37969398,3.4324046e-06,0.005592698,0.045284327,0.008698825,0.3526271,0.0011998775,0.0004878939,0.0069839377,0.0009959106,0.00036847487,0.0007222481,0.0038358457,0.00026486785,0.000627946,0.00095115456,0.005065616,0.00044126782,0.0034581416,0.0018431246,0.000153833,0.000153833,0.003520355,0.0005020734,0.00031207598,0.00040307647,0.0007136576,0.0007887709,0.0007887709,0.0022291339,0.00037705805,2.141693e-08,0.0009986041,0.0013868308,8.583295e-06,0.0024495912,0.03395508,0.0001386037,0.09102463,0.99243,0.0014177557,0.00020460054,0.0035545002,7.718654e-05,8.269992e-05,0.0070292084,0.0010108125,3.6651356e-05,0.013258308,0.033340573,0.032544263,0.010557655,0.022018133,0.2059008,0.03868763,0.023759296,0.31563866,0.0102670165,0.64085084,0.013114961,0.040116742,0.036782637,0.047899332,0.12375729,0.1609728,0.23645335,0.09253288,0.19156054,0.054196212,0.022222236,0.192148,0.08910341,0.29079378,0.04462343,0.4031774,0.025297297,0.027407119,0.023383534,0.21831283,0.74113137,0.6237876,0.029138716,0.011804758,0.0037414592,0.2189335,0.025877576,0.05085599,0.34975007,0.041000735,0.39427513,0.8549046,0.1356484,0.012447225,0.015767133,0.02413509,0.4645911,0.15750812,0.15823844,0.17233336,0.11620915,0.24190156,0.11105312,0.018126044,0.030850451,0.010719867,0.05466521,0.12657622,0.21253608,0.015066731,0.040279306,0.03798,0.028378192,0.05912369,0.29770112,0.23229766,0.5036698,0.006045555,0.019895379,0.19841352,0.17514707,0.053909995,0.008120599,0.118348844,0.016253281,0.15077378,0.02935954,0.05709216,0.009938184,0.09969505,0.019460844,0.023674203,0.086296864,0.011045121,0.02251125,0.010554268,0.13777977,0.0026304661,0.054081917,0.013617318,0.09627019,0.034321994,0.14364798,0.022596987,0.04946974,0.058337823,0.42634663,0.043958403,0.0035542294,0.040538386,0.18652195,0.022509826,0.14849688,0.039793614,0.024893166,0.12035631,0.20345971,0.07400493,0.0031505323,0.03748956,0.034975905,0.039600436,0.18404503,0.0037548924,0.034333844,0.017074304,0.13249457,0.34390718,0.49765953,0.022527145,0.20770453,0.36235616,0.45578483,0.045554176,0.018207246,0.04373824,0.011181214,0.017283808,0.16208206,0.025600683,0.060360774,0.041654058,0.1268662,0.094311774,0.16927089,0.016313616,0.021605207,0.036251374,0.1962093,0.009681363,0.17922403,0.7106146,0.4685527,0.018405002,0.24883446,0.029938929,0.11676898,0.003072709,0.037137836,0.008544233,0.006472749,0.00437034,0.29095313,0.013065032,0.14914198,0.0103121465,0.15584032,0.004483448,0.021739379,0.14605345,0.43675822
BC2026_Train_0019_S22_20211104_200000_20,0.00016346418,0.002854022,0.00071616145,0.031507168,3.563377e-08,0.029214516,0.00091403007,0.017616037,0.03619188,0.0007513433,0.9688677,0.0013223481,0.00036127053,5.85487e-09,7.3044426e-08,0.06841184,0.0036464669,1.9849957e-05,0.035148434,0.0035036511,0.3075933,0.000101076555,0.02826516,0.0008143578,0.3076099,2.9972903e-06,0.0042991797,0.052576937,0.01142237,0.3728166,0.0007815,0.0004500516,0.004276202,0.0008454261,0.00036490514,0.00068575656,0.0031173748,0.00022944034,0.00043962357,0.0008478884,0.003358434,0.00030202328,0.0025955802,0.001529902,0.00013571673,0.00013571673,0.002720732,0.00038930547,0.00026622883,0.000329645,0.0005494781,0.0005821337,0.0005821337,0.0015245748,0.00034776388,2.024686e-08,0.0009972005,0.0007744509,9.32755e-06,0.0038189627,0.03357611,0.0002094856,0.052614726,0.99587864,0.0016752714,0.00020971191,0.0031662125,9.501471e-05,7.657082e-05,0.01501153,0.0010087573,2.9425863e-05,0.015508917,0.040596712,0.024192953,0.0068924185,0.01974629,0.24276435,0.035619073,0.028525058,0.18140864,0.009294627,0.6157807,0.019723354,0.035720006,0.039710347,0.040016927,0.14105089,0.10608942,0.20403372,0.11504644,0.33198065,0.060361885,0.020676207,0.19808896,0.08756835,0.22729059,0.028731678,0.26919404,0.01443011,0.022608265,0.01838857,0.1984957,0.63941026,0.61297774,0.036369823,0.008633736,0.002612797,0.21316247,0.027015874,0.05602983,0.4889171,0.055159915,0.25494605,0.8505791,0.09693276,0.009058947,0.011435454,0.018796334,0.48763934,0.19133875,0.14975227,0.061,0.097396925,0.23732406,0.05360845,0.016409462,0.036817763,0.0106066875,0.04713919,0.107409224,0.21347183,0.015722368,0.021626914,0.032787167,0.034363557,0.0541913,0.32034293,0.22333938,0.3136835,0.0069603217,0.013850808,0.1192093,0.08544684,0.056819353,0.0072155194,0.15872143,0.025656553,0.11996824,0.03597083,0.038268346,0.0068552056,0.09037743,0.020783346,0.031195391,0.041815016,0.008400709,0.008731296,0.011979691,0.15632097,0.001983601,0.04853242,0.014300215,0.11803435,0.04490331,0.12079051,0.030769994,0.032517824,0.060648087,0.47182888,0.040286794,0.0035884785,0.018709648,0.090672955,0.017205292,0.081058845,0.028843436,0.028727835,0.05477481,0.31695482,0.11682642,0.0018833432,0.042776294,0.028711785,0.028441267,0.17178598,0.0036782771,0.039792035,0.010056881,0.14044231,0.21418805,0.5679214,0.024691524,0.26126748,0.18062703,0.13367164,0.042605154,0.015798023,0.04019919,0.008351229,0.017789384,0.07329472,0.01845076,0.07909825,0.053640135,0.12606189,0.08982383,0.20861822,0.021110898,0.016122013,0.034268096,0.1949754,0.015263993,0.17277116,0.63427144,0.4253942,0.018457584,0.23338728,0.020034064,0.07845031,0.0028569784,0.022190552,0.0077992636,0.0050978716,0.0067617325,0.2974803,0.016038075,0.09916715,0.009248178,0.13669045,0.004540481,0.012385329,0.08613505,0.23302598
BC2026_Train_0019_S22_20211104_200000_25,0.0001928086,0.0033563736,0.00051075546,0.03799625,3.453329e-08,0.028568143,0.0013766562,0.032349873,0.038512543,0.00118239,0.9891064,0.001275798,0.000481912,6.2309677e-09,7.034301e-08,0.043628365,0.003655356,2.1731617e-05,0.04148728,0.004387161,0.19696006,0.000105606516,0.03374204,0.0013071687,0.49276185,3.4237323e-06,0.004955961,0.044028215,0.0070027043,0.41561863,0.0011484976,0.00055780687,0.0057619154,0.0010942441,0.0003670201,0.00080024183,0.004076005,0.00034742773,0.000605554,0.0009675778,0.0054563577,0.00045280467,0.0039166757,0.0020260687,0.00017316344,0.00017316344,0.0038395338,0.00051537895,0.00035911688,0.0004934475,0.00076751626,0.00084507593,0.00084507593,0.0022923152,0.00034403117,1.9524228e-08,0.000999967,0.0008971969,9.029506e-06,0.0038390893,0.037742253,0.00025511516,0.05031615,0.99628305,0.0016335112,0.00020821828,0.0028258432,9.6293115e-05,7.4589225e-05,0.010121159,0.0010090026,3.2825854e-05,0.014137827,0.029472785,0.034782007,0.009917825,0.024493342,0.2260227,0.038638692,0.02787551,0.20534974,0.010539332,0.7042976,0.009445683,0.040721033,0.042938564,0.052607335,0.10368374,0.13262258,0.13140097,0.117025025,0.17102346,0.04313839,0.03735676,0.18848643,0.07138201,0.27891117,0.0528373,0.26456085,0.017321791,0.026119035,0.04195808,0.22085854,0.7491025,0.7111735,0.04191691,0.008807467,0.0026605618,0.19833149,0.021552721,0.056147967,0.41986808,0.04887887,0.5027437,0.82995063,0.10210435,0.009142433,0.018840048,0.02316254,0.52526325,0.21907456,0.12954465,0.08154871,0.07245771,0.29392397,0.11319726,0.017165573,0.025587596,0.011284857,0.04466712,0.09008965,0.25822544,0.015059534,0.0239966,0.038971186,0.038562644,0.050061665,0.33811003,0.17185792,0.41151312,0.0066806697,0.017239746,0.12551114,0.06565307,0.053731408,0.0065161684,0.16326448,0.03521598,0.22886106,0.04420456,0.042204756,0.012883369,0.06333186,0.03403071,0.02964369,0.05499792,0.008393075,0.008715112,0.01670305,0.12112733,0.0027047829,0.05824041,0.01606709,0.13458513,0.0375916,0.12472249,0.037516568,0.037263393,0.070810154,0.43359303,0.043430034,0.0039875535,0.022004155,0.05308352,0.020777302,0.14506887,0.03451564,0.03140851,0.03762222,0.26018602,0.1245028,0.002129568,0.039171785,0.023962626,0.042318866,0.14639483,0.0031479422,0.028012417,0.013655167,0.18022496,0.18519291,0.59143996,0.033789262,0.20106143,0.19913284,0.12730563,0.019651415,0.013702141,0.03137201,0.013832066,0.015536143,0.078512326,0.017991997,0.083986774,0.049993843,0.085367255,0.100377694,0.20513533,0.013850737,0.019443026,0.038861096,0.1339075,0.010622815,0.1520593,0.73482656,0.407187,0.02551206,0.23800911,0.022295902,0.13521984,0.003177188,0.015296615,0.00866046,0.0045653656,0.005888924,0.27056265,0.01169325,0.09171691,0.0074667474,0.103092335,0.0032962866,0.020765048,0.058351506,0.26031068
BC2026_Train_0019_S22_20211104_200000_30,0.00021553614,0.0035905854,0.0006201999,0.06722863,2.80218e-08,0.02726487,0.0010292913,0.0135478275,0.030195571,0.0011343164,0.9882911,0.0014658669,0.00034323434,5.6709495e-09,7.577414e-08,0.057434093,0.008433759,1.8760851e-05,0.06209121,0.002941264,0.17370617,0.00012761608,0.019690478,0.0013837008,0.35691705,3.0090816e-06,0.005768572,0.037407033,0.0069134287,0.3705449,0.0012372889,0.0005471341,0.0073724804,0.0010702409,0.0003671649,0.0007886099,0.0039574294,0.00037826202,0.0006447348,0.0011173653,0.006048233,0.0004554041,0.0038068274,0.0019790782,0.0001786218,0.0001786218,0.0042793085,0.00052119145,0.00039930246,0.0005466256,0.0007641141,0.00086529885,0.00086529885,0.0022866405,0.0005738756,2.1653165e-08,0.0009993188,0.0010791121,1.1937141e-05,0.0031078695,0.053126875,0.00021387162,0.1590742,0.995672,0.0017158268,0.00019417392,0.0027191006,8.4164974e-05,8.328172e-05,0.010571026,0.0010089203,3.513561e-05,0.014797086,0.053270433,0.042456925,0.008575964,0.019696126,0.22794344,0.040804103,0.025576511,0.20235409,0.01305421,0.69986147,0.010786394,0.051958796,0.031872507,0.040674053,0.10432958,0.1355351,0.18364301,0.07906571,0.14360934,0.036001448,0.026295375,0.24714187,0.10266283,0.21908553,0.052102394,0.38064784,0.01265644,0.025160091,0.017501712,0.24869171,0.7703086,0.6752746,0.03515271,0.009981865,0.0032868085,0.14783938,0.022484763,0.04096677,0.3496638,0.062765226,0.30641142,0.8284937,0.06955192,0.0139161125,0.018661285,0.037867013,0.46195677,0.26508695,0.1223525,0.08766555,0.097798675,0.28884017,0.109172605,0.015457536,0.027295908,0.009664198,0.14489278,0.07235709,0.2744697,0.016523318,0.02245899,0.05026721,0.032222785,0.03729156,0.26883215,0.1790193,0.44142473,0.010879331,0.017054984,0.10496204,0.07679759,0.07033346,0.0053348546,0.096047334,0.029143196,0.16401006,0.042997003,0.035602763,0.010832163,0.069525,0.02851439,0.034357402,0.03987135,0.013744612,0.01167902,0.011915172,0.2180561,0.0029028768,0.062199134,0.014269323,0.09411614,0.028839411,0.116122305,0.04195817,0.050141927,0.042707454,0.44479084,0.043416504,0.0037558498,0.02370344,0.107028835,0.027244363,0.13925837,0.06880564,0.028323935,0.035712656,0.28675592,0.09246701,0.002004683,0.03126319,0.02134457,0.05071386,0.14901493,0.0039991857,0.025335276,0.02068062,0.18497008,0.21025725,0.5908942,0.034734786,0.22157869,0.11795353,0.16646649,0.01610933,0.012487427,0.047968287,0.011333913,0.01432832,0.047678515,0.014976635,0.05559749,0.045485504,0.09666742,0.121180974,0.1929324,0.015265347,0.018590607,0.05440559,0.20585677,0.0119588,0.17778485,0.7810166,0.493054,0.017801825,0.2517001,0.02454134,0.07416718,0.0025525405,0.014327613,0.011106855,0.006671841,0.0059114615,0.38410142,0.011174692,0.13976276,0.007648088,0.10542071,0.0036326176,0.014529298,0.053160343,0.2571935
BC2026_Train_0019_S22_20211104_200000_35,0.00028408505,0.004068675,0.0008470854,0.0335957,2.9562194e-08,0.038892448,0.0008300702,0.016656367,0.0391668,0.0007628793,0.9560571,0.0017282699,0.00040561127,6.3031362e-09,8.084174e-08,0.11604019,0.0032341375,2.2026146e-05,0.052204132,0.0039155693,0.19324432,9.530181e-05,0.02708534,0.00090145407,0.34959868,2.559793e-06,0.007052493,0.032980923,0.010941202,0.4615124,0.0014545668,0.00063643785,0.008692079,0.0012106901,0.00036195596,0.0008735553,0.004369646,0.00040410494,0.0007857664,0.00133484,0.0054991073,0.0005998574,0.0031978248,0.0020775537,0.00025410493,0.00025410493,0.0040878397,0.0006029078,0.00042907952,0.000535868,0.00077579037,0.00083648256,0.00083648256,0.002259697,0.0005633389,2.1867526e-08,0.0009969654,0.0007525577,1.0038322e-05,0.0042015193,0.034792516,0.00014843856,0.05967947,0.9942943,0.0017715874,0.0002770096,0.002975819,7.2463e-05,9.578883e-05,0.013091453,0.0010066641,3.121571e-05,0.013897158,0.031619616,0.025791945,0.016343888,0.027771987,0.285101,0.027037704,0.02235868,0.11718487,0.008096917,0.51929253,0.011316709,0.051339507,0.047270402,0.03439982,0.10388059,0.15850818,0.29355553,0.09790515,0.27050725,0.045582674,0.028132945,0.26676807,0.11271852,0.22553457,0.044728477,0.2995134,0.015645655,0.024157949,0.0225654,0.15955731,0.65417814,0.67982227,0.026337273,0.011417616,0.002045711,0.15724997,0.014698941,0.0394053,0.24071178,0.04344913,0.21057647,0.84323335,0.10849821,0.007635666,0.017038865,0.018481031,0.42045894,0.32528642,0.13275643,0.07813545,0.088380195,0.2673897,0.06913163,0.014050979,0.056264125,0.010398223,0.080581635,0.07186674,0.23323421,0.020320812,0.021937374,0.042173836,0.033730894,0.06998374,0.24003471,0.21269813,0.5375033,0.006798012,0.02241518,0.08978851,0.096751004,0.049821436,0.0049879258,0.092554644,0.022499528,0.1710367,0.035641033,0.03902299,0.012700529,0.07737285,0.02220707,0.03519945,0.062685296,0.017237714,0.009547313,0.013562139,0.2767792,0.0034850815,0.057073344,0.017444313,0.0771728,0.034458406,0.12945688,0.039377373,0.03954372,0.04366324,0.36727974,0.048925478,0.008154808,0.019772494,0.099981725,0.030134164,0.13035733,0.02677784,0.034129396,0.059120707,0.40437832,0.09043882,0.0014680087,0.03218046,0.025875458,0.035504125,0.13701442,0.0030969821,0.036361296,0.0130369,0.18214552,0.18908142,0.40843332,0.035402942,0.26392698,0.13297941,0.17885838,0.01855895,0.015731288,0.043206226,0.010025614,0.01684926,0.046831444,0.014282064,0.05241902,0.066562176,0.10542175,0.10359445,0.1683388,0.01599985,0.016893346,0.11372174,0.14941163,0.011981927,0.14043792,0.7333676,0.45732233,0.031152362,0.35356927,0.02346564,0.05703992,0.0033132953,0.014839531,0.010761952,0.007014111,0.005715093,0.29725027,0.014449252,0.07484073,0.0072773704,0.11813565,0.0042839996,0.009214214,0.066439986,0.22483592
BC2026_Train_0019_S22_20211104_200000_40,0.00020507941,0.0027595216,0.00049232907,0.030017171,3.7703586e-08,0.071155384,0.0012201552,0.01617345,0.030535812,0.0006628168,0.9720026,0.0011018788,0.00052354793,6.205179e-09,7.938141e-08,0.09804292,0.0042997557,2.1200989e-05,0.09735516,0.007909057,0.26129067,0.00013941666,0.014512506,0.0010226246,0.26256806,3.3162175e-06,0.009410615,0.05504689,0.008237354,0.581864,0.0008220964,0.00046932237,0.0040049776,0.0008693588,0.00036433997,0.0006643691,0.0031552217,0.00030338136,0.0004523839,0.0008385737,0.0033367334,0.00032297504,0.0026015062,0.0014908963,0.00013529792,0.00013529792,0.002687059,0.00040252408,0.00030688453,0.00038378092,0.000603306,0.00062987633,0.00062987633,0.0014360015,0.00030810895,2.104895e-08,0.0010008422,0.00078118267,1.1495174e-05,0.0037243522,0.07125634,0.000183686,0.06859415,0.99611294,0.0017658197,0.00023774579,0.0032384533,0.000103511455,0.00014095893,0.006871128,0.0010095501,2.9754921e-05,0.010512306,0.05358892,0.030914338,0.03069889,0.032149337,0.22202352,0.029768402,0.038885128,0.17198147,0.010068513,0.5219419,0.013512663,0.05977299,0.04433191,0.037890945,0.10242932,0.120152086,0.18422005,0.073049724,0.14828832,0.030700067,0.02672399,0.15675697,0.17296635,0.22585645,0.044670526,0.12849355,0.013372431,0.019924896,0.034734633,0.2191202,0.69190985,0.60421807,0.026877152,0.006849294,0.002247422,0.16705377,0.026907993,0.050414108,0.304267,0.034281984,0.18909934,0.8635457,0.08164162,0.00817381,0.013960088,0.035222817,0.38530812,0.3220327,0.11802883,0.06851197,0.099390425,0.28553724,0.061033536,0.024776366,0.03405423,0.010346867,0.060067564,0.1747897,0.22435127,0.01781365,0.020326236,0.034105882,0.04757972,0.04650553,0.2764704,0.1511728,0.24829267,0.0076557472,0.01711512,0.107386604,0.087953955,0.06624785,0.005701403,0.08570796,0.020919016,0.11598346,0.044426013,0.0336859,0.012768063,0.08388864,0.022408089,0.037989166,0.043177,0.0108195115,0.0072164023,0.011689711,0.1556764,0.0033162567,0.036449414,0.018204724,0.14646049,0.0229199,0.12955233,0.021389494,0.028319104,0.05181831,0.35905847,0.040659428,0.0031690542,0.017617786,0.07572501,0.016401445,0.09067571,0.027036993,0.02854945,0.0710528,0.16625482,0.13544503,0.0019467308,0.028110972,0.024242908,0.100198634,0.15885285,0.004651399,0.019635009,0.013858517,0.13283725,0.19588012,0.5202806,0.02555632,0.22178736,0.12207452,0.16182363,0.020308115,0.014899332,0.07078122,0.0072696423,0.015567212,0.041431878,0.013957846,0.07077959,0.041375175,0.11179182,0.17048334,0.18809736,0.014906746,0.0173627,0.03796487,0.17723083,0.0089246025,0.15852809,0.735917,0.37083957,0.022510484,0.2597044,0.019374063,0.08313248,0.0024303019,0.015419267,0.0069397436,0.0052463356,0.006952496,0.22814816,0.009644373,0.080550574,0.005831582,0.101343,0.0030302133,0.015634645,0.060230996,0.21591815
BC2026_Train_0019_S22_20211104_200000_45,0.0001490887,0.002482811,0.00062321144,0.02791089,3.5645083e-08,0.047355134,0.0012343058,0.021681054,0.045057192,0.0005773226,0.9858482,0.0017637193,0.00034734537,6.0929346e-09,7.7889325e-08,0.049990937,0.005327889,1.9766478e-05,0.04541622,0.0034617807,0.23546335,9.7538206e-05,0.021295728,0.0005953875,0.24450338,3.211233e-06,0.006491658,0.05640335,0.00681836,0.4649344,0.000697396,0.00037959593,0.0036079264,0.0007431848,0.0003664072,0.00058740895,0.0028873854,0.00024689882,0.00037075655,0.0007097248,0.0029551596,0.0002722705,0.0023036283,0.0013020703,0.00011061966,0.00011061966,0.0023465394,0.00033243708,0.00023387783,0.0003016836,0.00050093513,0.00052442297,0.00052442297,0.0013080562,0.00027527922,1.8496234e-08,0.0010009285,0.0005290992,1.1944797e-05,0.0030785103,0.035878316,0.00020457809,0.063105576,0.99412656,0.0015570364,0.000247712,0.0038156763,9.008089e-05,0.00013506347,0.0142630655,0.0010104921,3.5297595e-05,0.01049811,0.03220742,0.025347866,0.0091538,0.022009706,0.18885835,0.022809895,0.04746204,0.21287736,0.012191881,0.63203573,0.014164573,0.03676183,0.035796836,0.02964383,0.10639918,0.11035321,0.085969895,0.12546025,0.11803501,0.047708146,0.024760207,0.18747573,0.13463849,0.20439033,0.077446796,0.13639346,0.019644247,0.023393633,0.022092666,0.15021406,0.6199115,0.60503507,0.03573836,0.007505264,0.0023413242,0.20564024,0.028535867,0.049619447,0.30193117,0.036119938,0.28982663,0.8166151,0.0700474,0.0103654545,0.022256915,0.020279309,0.50900596,0.19908452,0.13565604,0.05040545,0.07810416,0.16852345,0.071847856,0.019302772,0.037083164,0.009435555,0.06328552,0.12508968,0.2211425,0.014880761,0.023190783,0.030624142,0.06793421,0.06795764,0.2747069,0.17553827,0.30031052,0.0054301047,0.054004285,0.13098645,0.086919405,0.052809734,0.0084013585,0.06580523,0.030417658,0.12288474,0.043242477,0.035251044,0.0078037577,0.0756866,0.024169968,0.035758834,0.039579656,0.0099436315,0.008700564,0.013922965,0.16885832,0.0031569295,0.0514837,0.015574735,0.08930742,0.0252062,0.10858079,0.02538726,0.054539274,0.08465548,0.52448004,0.047877286,0.0046635675,0.018921874,0.05723125,0.025323171,0.07968759,0.05727677,0.023872161,0.0534674,0.20769437,0.075391546,0.0017615273,0.040148906,0.034831323,0.04665635,0.23575142,0.0039121252,0.019886887,0.01061587,0.12662074,0.23935692,0.52983034,0.04334728,0.22783285,0.1289784,0.1456358,0.022095561,0.011887322,0.04895732,0.013682831,0.015792405,0.030232808,0.018862823,0.06921049,0.035155308,0.12403691,0.09523925,0.20172253,0.019930579,0.023513427,0.06243684,0.18586107,0.014674084,0.13849661,0.7473348,0.33204386,0.017841145,0.28259093,0.020777568,0.092383,0.0029410012,0.017081954,0.006068227,0.006564422,0.005832189,0.25993496,0.0098242415,0.07459654,0.009620588,0.12437509,0.0033330491,0.017276792,0.06832453,0.25854808
BC2026_Train_0019_S22_20211104_200000_50,0.00015866515,0.0018947091,0.00045604887,0.03045761,3.2480173e-08,0.02605431,0.0010894102,0.014786453,0.031794462,0.0005504478,0.94263697,0.0012626776,0.00038303097,5.9525003e-09,7.619767e-08,0.09062244,0.0047933464,1.8184059e-05,0.080294706,0.0068432163,0.33835357,9.9009085e-05,0.04547717,0.0004606187,0.30244887,3.3052559e-06,0.0033581525,0.023815073,0.0048462832,0.34240684,0.00061405037,0.00029317444,0.002807658,0.00067909126,0.0003633197,0.0004986333,0.0018310244,0.00016296706,0.00029039726,0.00066927716,0.0021868548,0.00020899769,0.0015600515,0.0008764444,8.139436e-05,8.139436e-05,0.0015321333,0.0002309595,0.0001708821,0.00021135976,0.00036867053,0.0003889533,0.0003889533,0.0009348491,0.00049565436,2.2359211e-08,0.000997519,0.00068652414,1.3725047e-05,0.003841682,0.04647388,0.0003098843,0.056704823,0.99248224,0.002267364,0.00015147508,0.0033493047,0.00011386367,0.000109490466,0.006467199,0.0010058553,3.9533785e-05,0.016641142,0.07140338,0.017594399,0.012971316,0.021156186,0.22087644,0.01780604,0.029795554,0.18238328,0.0077453135,0.5728311,0.011169551,0.038511038,0.05417513,0.037439086,0.19350478,0.13341151,0.07719351,0.14594495,0.12141524,0.037478987,0.043243963,0.18889974,0.12290038,0.24593537,0.032208927,0.1461656,0.019749688,0.014849996,0.045027595,0.21676232,0.61854726,0.5727348,0.035795968,0.008066128,0.002945905,0.100703254,0.021878377,0.0703344,0.40103915,0.03044726,0.16503567,0.74022603,0.080860086,0.008835179,0.017161513,0.022994736,0.45763224,0.20406535,0.14369999,0.04206244,0.07037416,0.27071333,0.054648273,0.017137228,0.026136482,0.008735951,0.05413975,0.117602184,0.25739366,0.010865906,0.02158745,0.033915956,0.0725033,0.0431475,0.3471313,0.16492015,0.29595914,0.00771846,0.016001696,0.12193746,0.104032196,0.032412026,0.0051363343,0.073075235,0.020371076,0.18716177,0.026531726,0.045113113,0.011315631,0.06096188,0.022463234,0.019539254,0.051299475,0.010590535,0.0064236713,0.0123327635,0.22324827,0.0032644977,0.04366978,0.013893632,0.10502191,0.022991754,0.11545168,0.032323048,0.035797946,0.045906376,0.35832927,0.043347996,0.0032834138,0.01820407,0.07386789,0.021741863,0.13465606,0.06685028,0.026991637,0.036951546,0.17892349,0.06691592,0.0016687574,0.030278508,0.017720278,0.07870385,0.21469659,0.0032508995,0.027648091,0.016988812,0.21507668,0.14659716,0.6047627,0.021282498,0.21085365,0.13505545,0.14661664,0.02380364,0.015449862,0.04913706,0.010071308,0.011656542,0.09445107,0.01164674,0.08812068,0.037232436,0.118104234,0.14751488,0.15217228,0.026756773,0.024333244,0.046622034,0.19894938,0.009763446,0.08168093,0.6506764,0.35912532,0.022805762,0.27933747,0.023470817,0.10030559,0.0027333614,0.010185421,0.008807888,0.010375674,0.004755235,0.23599634,0.014974955,0.11680162,0.0068207085,0.111074455,0.004081007,0.018106842,0.069386296,0.21573278
BC2026_Train_0019_S22_20211104_200000_55,0.00027879205,0.0023051694,0.000561161,0.06028401,2.0178796e-08,0.049942814,0.00094072276,0.012187421,0.013199665,0.0014187392,0.9848159,0.0010751479,0.0004924461,6.030784e-09,6.994815e-08,0.05665479,0.0038762437,1.8319923e-05,0.0480834,0.003557032,0.09271782,0.00012826652,0.009617714,0.00055864337,0.19069396,3.5449432e-06,0.0043068966,0.052778576,0.007874216,0.49145636,0.0006069922,0.00027382758,0.0039331,0.0005361411,0.00037675796,0.00040382383,0.0019612918,0.00021234652,0.0003136196,0.0006180076,0.0031144645,0.00022287379,0.0015937764,0.00085809093,8.824958e-05,8.824958e-05,0.0019158692,0.0002758197,0.00020603005,0.0002663208,0.0003565235,0.0003700912,0.0003700912,0.0010714855,0.00070313306,1.7728638e-08,0.001002729,0.000661299,1.102926e-05,0.0042485422,0.07773194,0.00011981452,0.040143866,0.6934064,0.0014281175,0.00015367565,0.004290637,0.000103203296,0.0001435968,0.007909224,0.0010027089,3.3450375e-05,0.013021936,0.036325246,0.027777605,0.023862524,0.029038927,0.18718897,0.017642109,0.045829132,0.3039307,0.011113486,0.6799628,0.007668624,0.047955953,0.045507926,0.03851965,0.10391061,0.10712045,0.058445245,0.06774262,0.15516849,0.016860489,0.021491688,0.16610807,0.16885526,0.30367637,0.08348006,0.12466591,0.023814896,0.018915381,0.024055565,0.27169868,0.7374593,0.65885335,0.049925424,0.00968717,0.0028671252,0.105485335,0.030243231,0.03200397,0.42150044,0.028909553,0.15933721,0.121350266,0.061595142,0.01828804,0.034986615,0.02919285,0.49684012,0.40155235,0.14699812,0.056032732,0.12513833,0.36634326,0.035959926,0.015255125,0.037789192,0.012047239,0.0373149,0.12176302,0.21169537,0.014686263,0.023151284,0.050328933,0.016574305,0.087738596,0.42982036,0.14180875,0.41739818,0.00837172,0.010383141,0.059118856,0.055263586,0.07495126,0.007865369,0.13764372,0.04056639,0.10300985,0.039310567,0.06753555,0.008462634,0.082181886,0.025155753,0.027816234,0.07302631,0.015903834,0.0086740125,0.01604676,0.12930755,0.002034013,0.052032158,0.017387394,0.110116795,0.026649997,0.116504475,0.064417966,0.051866006,0.023611056,0.43404382,0.04523841,0.005840284,0.031668376,0.09570096,0.024091216,0.23567842,0.04076344,0.039361387,0.060962465,0.30188635,0.08659834,0.0020925093,0.030637255,0.030318487,0.19736311,0.047851227,0.0022473226,0.022201303,0.0190525,0.104936264,0.14519352,0.53991467,0.03244811,0.29730156,0.19842164,0.21869646,0.018557344,0.016839024,0.040563274,0.014370214,0.013313124,0.045631368,0.013324401,0.06679217,0.04374516,0.1288881,0.13965383,0.22154158,0.018355235,0.016706217,0.04248497,0.20508145,0.014464484,0.08881858,0.7870326,0.4240551,0.019461416,0.2827927,0.021681167,0.27518108,0.0026435307,0.016844632,0.009997715,0.010108483,0.006864426,0.31412163,0.022070821,0.16797873,0.0073103174,0.14833073,0.0028937666,0.027536225,0.08561668,0.2150451
BC2026_Train_0019_S22_20211104_200000_60,0.0002768117,0.0022069875,0.00056213804,0.056093298,1.8902215e-08,0.046941925,0.0011286517,0.018784093,0.01960758,0.0014246742,0.9669707,0.0022904365,0.00041923684,6.0504157e-09,7.288886e-08,0.039775006,0.0026267979,2.4364666e-05,0.022569193,0.004311036,0.06720338,9.7861506e-05,0.009873171,0.0006873194,0.3028302,3.3215388e-06,0.0026884265,0.06567192,0.0055480534,0.4118197,0.00057439564,0.00022926687,0.0036840867,0.00062801613,0.00037183473,0.00036306062,0.0016194652,0.00020538384,0.0002949812,0.0005992544,0.0033467768,0.00020699514,0.0014025461,0.0007631532,7.945744e-05,7.945744e-05,0.0019194811,0.00025095078,0.00021017535,0.00026506404,0.0003140262,0.00032432043,0.00032432043,0.0009926913,0.00070071203,1.6169672e-08,0.0010002643,0.0006063611,1.0514866e-05,0.0027065405,0.04336382,0.00013303586,0.031979818,0.6729196,0.0013089734,0.0001461696,0.0051072347,0.000100126934,0.00011345807,0.010630281,0.0009979637,2.989147e-05,0.013117588,0.033837512,0.02360126,0.016312357,0.01659171,0.21914317,0.018220289,0.03617489,0.2564939,0.010801136,0.6675178,0.0071136034,0.052520663,0.054220095,0.049862962,0.19577268,0.09366008,0.09212761,0.09517192,0.21341859,0.012483974,0.015097563,0.12419861,0.13689557,0.33203992,0.11218769,0.09233886,0.015519192,0.014984166,0.030088527,0.29029304,0.6876327,0.6826061,0.030765396,0.0091166785,0.002343719,0.10408922,0.044578213,0.05358871,0.47911796,0.02753414,0.17366296,0.13502909,0.057998743,0.012768893,0.021949366,0.036393836,0.549104,0.25299028,0.13053335,0.056336153,0.11703865,0.36052415,0.046970364,0.018607322,0.034668177,0.012992345,0.051678363,0.09569235,0.19642873,0.0129117435,0.021277068,0.035254933,0.018492708,0.054083433,0.38782343,0.12511197,0.43662643,0.0054161227,0.011736937,0.07018556,0.060668107,0.045959875,0.006189551,0.12545708,0.042391524,0.102806434,0.04265673,0.06260871,0.010312717,0.095077075,0.02908114,0.026690533,0.05788959,0.0151409125,0.009692761,0.013949757,0.1159206,0.0017040907,0.05012902,0.01512823,0.11704864,0.029086415,0.101881415,0.07191985,0.05703741,0.02728311,0.4938448,0.04547252,0.004512962,0.02648516,0.066406555,0.017541977,0.11210867,0.034801967,0.037132535,0.056303293,0.2273236,0.1294654,0.0023513972,0.0310622,0.022910764,0.05721215,0.041711606,0.0023753848,0.0274846,0.0132344635,0.20474637,0.12737781,0.5666961,0.02574806,0.24519394,0.21207175,0.17281929,0.021578945,0.013152636,0.042357918,0.009446456,0.016826855,0.04217924,0.016200362,0.092431724,0.05479826,0.123359375,0.16730738,0.16357496,0.0144072855,0.016887298,0.03231366,0.23411025,0.017464047,0.07749036,0.74632835,0.51435125,0.03788537,0.2199254,0.019758806,0.17344055,0.002696027,0.016561896,0.010552539,0.007967919,0.004368267,0.3104264,0.013034829,0.10183277,0.007118202,0.13151298,0.0023818219,0.022997964,0.07055423,0.15887219
BC2026_Train_0020_S22_20211104_231500_5,0.002041881,0.004814939,0.00044304648,0.27930057,1.45705e-07,0.009612984,0.006159505,0.0046347375,0.0055737235,0.007247802,0.9445535,0.0023702525,0.00030040025,6.226377e-09,1.2819294e-07,0.020132594,0.00041355565,2.700602e-05,0.08177756,0.0021185107,0.03882363,3.6103684e-05,0.0061264182,0.0009484549,0.14103645,4.452613e-06,0.009117236,0.031272486,0.0053536375,0.24636763,0.0022254663,0.0008093609,0.0071348716,0.003764213,0.00037472064,0.0013187506,0.0056067207,0.0005555272,0.0012852736,0.0012137538,0.0077156695,0.00095653516,0.0037189994,0.0025193074,0.00030453553,0.00030453553,0.0048036654,0.0007555388,0.00046025848,0.0006704879,0.0011646455,0.0011433683,0.0011433683,0.003151704,0.00096412696,2.2695167e-08,0.0011307064,0.0018893352,1.1355205e-05,0.0031297063,0.038474794,9.199073e-05,0.048876215,0.96716636,0.0024378372,0.0014058732,0.012409632,0.0002812669,0.00020411909,0.039225385,0.0011047536,4.4173878e-05,0.007882509,0.07937585,0.098238885,0.03613493,0.025459813,0.28974202,0.030990092,0.0123940855,0.13655546,0.011893487,0.69594127,0.005744674,0.058892097,0.036632195,0.0549268,0.42492834,0.070777796,0.09788594,0.09040612,0.050769195,0.022619575,0.022279687,0.086276636,0.07759783,0.11578664,0.16453488,0.17236342,0.08010615,0.028949834,0.016470203,0.25993794,0.9359143,0.7810618,0.07883953,0.008018478,0.0035220897,0.31157726,0.014544581,0.01681783,0.38397244,0.013791419,0.16099954,0.7307858,0.06775951,0.01682766,0.10814717,0.021425914,0.46373478,0.14460833,0.35231233,0.07838851,0.109908864,0.34193692,0.244821,0.10333917,0.02983098,0.013928407,0.06462739,0.06854822,0.21609867,0.02679609,0.053839147,0.08911941,0.033567708,0.08125843,0.21899496,0.19779737,0.5471199,0.008437519,0.117160305,0.05280903,0.036083452,0.11414438,0.0063155643,0.052994315,0.040478088,0.100017644,0.08901134,0.03612981,0.03328265,0.075905144,0.013730058,0.14318818,0.017479843,0.014441001,0.01129726,0.038602248,0.12143096,0.0041024284,0.16140807,0.011624874,0.033286195,0.050836727,0.12496941,0.044728667,0.052807212,0.087055854,0.5069812,0.2266873,0.013033306,0.013302163,0.07739987,0.059319828,0.109775476,0.052204777,0.21093816,0.022573898,0.16243777,0.10995492,0.005416201,0.054212388,0.020387556,0.029634615,0.10094448,0.0061807856,0.03744177,0.018058587,0.36067516,0.3722404,0.2761587,0.07997736,0.28765318,0.051001873,0.09399226,0.025835846,0.016757507,0.103156425,0.014597601,0.06501038,0.013618696,0.029607866,0.124185495,0.07050533,0.16591562,0.52501863,0.33177337,0.024390599,0.1827391,0.05034617,0.15401238,0.022390833,0.33305433,0.94697106,0.8525593,0.08225687,0.34133688,0.04300259,0.029815158,0.0056612124,0.025067579,0.018210651,0.04277943,0.025562964,0.26436898,0.016259404,0.061837215,0.01579189,0.07791487,0.0034561213,0.011263089,0.027061246,0.3063892
BC2026_Train_0020_S22_20211104_231500_10,0.0020278792,0.0070737004,0.0003906678,0.29453367,1.3127934e-07,0.011003882,0.0075434605,0.014961936,0.007886213,0.010193951,0.98623824,0.0031173562,0.00041566085,6.391191e-09,1.4462113e-07,0.034853328,0.00044539425,2.8652048e-05,0.08726898,0.0014420012,0.0424588,4.3903314e-05,0.0077978037,0.0016309625,0.17370373,5.464246e-06,0.011219773,0.027633194,0.005478935,0.2588948,0.0026429233,0.0013892049,0.009822897,0.00511534,0.0003741749,0.0020822147,0.008808616,0.0010915435,0.0016443684,0.002374586,0.009244529,0.0014621085,0.0066169305,0.00399091,0.0006843175,0.0006843175,0.008021451,0.0013009821,0.0009159273,0.001285004,0.0020630227,0.0020888364,0.0020888364,0.0037405002,0.0008976044,2.2793714e-08,0.0011433621,0.010120727,1.0849802e-05,0.0029817775,0.07490613,6.784959e-05,0.1132513,0.96597165,0.005408018,0.0019300816,0.011485081,0.00019351642,0.00024001724,0.03628052,0.0011138406,5.1356634e-05,0.008698069,0.05830615,0.08477671,0.029577734,0.017106596,0.21123862,0.034110207,0.018627081,0.15355225,0.010382749,0.615669,0.008137611,0.059415113,0.05343903,0.076695465,0.56132394,0.0543263,0.05803854,0.15046962,0.05359448,0.018694824,0.027114285,0.31395742,0.07432405,0.08659393,0.27728367,0.2821703,0.12325937,0.044049826,0.017216811,0.19757849,0.91038156,0.68750674,0.06828845,0.010764808,0.003023122,0.326442,0.01631174,0.015473172,0.24313217,0.026460225,0.28340477,0.5948004,0.07673421,0.016656395,0.09694205,0.017344506,0.30534863,0.12222078,0.2517109,0.0812747,0.096648924,0.24324594,0.15011984,0.06308662,0.040783793,0.012159284,0.06639677,0.037520703,0.30683577,0.038659543,0.06808975,0.06635271,0.027737912,0.101643905,0.21026933,0.1908918,0.6315988,0.009187685,0.13978863,0.08873182,0.04101923,0.12804765,0.007597217,0.054012794,0.07839918,0.057631228,0.05872671,0.04028086,0.047769934,0.06604086,0.017849136,0.23496483,0.02273348,0.025542509,0.009017513,0.03659082,0.10838975,0.0056838053,0.17172438,0.01107943,0.049265716,0.041057315,0.15324426,0.028610652,0.059547,0.0769474,0.40968028,0.17756996,0.004817939,0.01522667,0.10031433,0.025754368,0.11287343,0.033416573,0.50493914,0.029370062,0.17155005,0.08829759,0.005922253,0.043807212,0.01999205,0.031089462,0.09065588,0.004666022,0.015477689,0.014459438,0.25964656,0.343973,0.2668139,0.3667616,0.26997435,0.042683657,0.07108898,0.016535116,0.014293792,0.04067991,0.010970903,0.07252218,0.013401677,0.029748335,0.13579132,0.06352935,0.13728471,0.7756922,0.28050965,0.028074626,0.1494935,0.031045185,0.21841422,0.018662728,0.22503689,0.9370296,0.7782616,0.07222701,0.4168381,0.029014902,0.04550488,0.0039381823,0.022474514,0.013353617,0.034128837,0.050118268,0.19297925,0.017086875,0.098162815,0.025732826,0.07638182,0.0032675294,0.01940623,0.021381829,0.21398218
BC2026_Train_0020_S22_20211104_231500_15,0.0011692018,0.005138672,0.00031127385,0.27489918,4.3229088e-07,0.015090437,0.003788594,0.0070302067,0.0053978236,0.012526103,0.9608071,0.0012836546,0.0004759838,5.9610654e-09,1.5101317e-07,0.019404981,0.00037998107,3.1131705e-05,0.07102373,0.0015682959,0.050322756,3.6950176e-05,0.009101258,0.00095750066,0.11693602,4.841969e-06,0.0035842492,0.028151462,0.004418381,0.19435279,0.002059386,0.0010221575,0.007688341,0.004451506,0.000372419,0.0015266847,0.0060790563,0.00080523407,0.001412744,0.0020087704,0.006267168,0.0011428589,0.0044686436,0.0026502747,0.0004851714,0.0004851714,0.005541837,0.00096078054,0.00068447087,0.00090797595,0.0014920939,0.0015217329,0.0015217329,0.0025089018,0.000977134,2.3439485e-08,0.0011436825,0.015161118,1.3151835e-05,0.004060941,0.071211636,8.4322644e-05,0.067560144,0.9683696,0.0052967244,0.009747627,0.00730557,0.00027283203,0.00026088342,0.035624083,0.0011085327,5.4129054e-05,0.007841762,0.08614781,0.054364357,0.041104052,0.020271609,0.2817773,0.03999969,0.014327873,0.087829694,0.0072059627,0.6911758,0.004693291,0.057197098,0.06079732,0.05988573,0.5737397,0.04736151,0.04699026,0.12266519,0.0604411,0.012790193,0.02201519,0.27907348,0.08095366,0.04570824,0.17893144,0.2188881,0.08049474,0.030588413,0.010533886,0.23408873,0.8914894,0.7572557,0.057399932,0.006745579,0.003905344,0.1965582,0.014130798,0.01687257,0.3572325,0.021255432,0.23672579,0.6952497,0.062034335,0.015276175,0.08587522,0.020675767,0.203127,0.12416916,0.18469642,0.03723208,0.077722885,0.28359547,0.072662674,0.09741712,0.032909792,0.009996966,0.0967748,0.037652954,0.2806319,0.03316128,0.06529462,0.064411014,0.036694,0.07719734,0.22041585,0.2773576,0.62721926,0.0069745723,0.08386146,0.05414839,0.04554672,0.15419453,0.007559205,0.035380945,0.19775356,0.05073445,0.10183149,0.022499885,0.03664041,0.073074475,0.022464167,0.053317763,0.030866329,0.017779335,0.0074638305,0.03375212,0.09943729,0.0038545944,0.30899918,0.013865628,0.055947885,0.022429414,0.14493094,0.06491294,0.039330717,0.052208863,0.41037443,0.16996852,0.0057640164,0.0118911145,0.06671585,0.024344357,0.12958884,0.026368236,0.5734352,0.042932484,0.1794933,0.07801032,0.008045979,0.03593787,0.024441713,0.01820277,0.038535524,0.0053042285,0.022129321,0.01216306,0.574948,0.19565871,0.18176483,0.38599315,0.26625672,0.038823817,0.06172026,0.012939028,0.011078904,0.06415598,0.015189962,0.08952617,0.009229927,0.030105753,0.104576804,0.0940108,0.12286986,0.7999987,0.27599934,0.029267551,0.15594307,0.04106937,0.1712692,0.01525488,0.1525316,0.9940238,0.9074013,0.0759598,0.43496972,0.03647091,0.029190434,0.004598881,0.024804158,0.0141918985,0.033922765,0.05160674,0.13903788,0.021675978,0.04949875,0.009959804,0.07101594,0.003919467,0.016010597,0.023842096,0.2614972
BC2026_Train_0020_S22_20211104_231500_20,0.0018562992,0.0037798174,0.0003374714,0.3133919,1.6722771e-07,0.016765527,0.0023728672,0.005674306,0.0057586185,0.009583789,0.6731588,0.0010306397,0.00062978006,6.654011e-09,1.4035787e-07,0.0218786,0.0002582494,3.595796e-05,0.048386414,0.0023893283,0.04044739,4.2124102e-05,0.009710475,0.0010336653,0.11130651,4.931484e-06,0.0026392317,0.031489644,0.0049746176,0.21081376,0.001428712,0.0007288831,0.0051560844,0.0028559607,0.00037178348,0.0011285081,0.004743424,0.00046746797,0.0008225627,0.001544038,0.003983768,0.0008158373,0.00350946,0.0021886623,0.000320009,0.000320009,0.0038997354,0.0006391909,0.00042624064,0.00058793684,0.0011096826,0.0011686578,0.0011686578,0.0018213476,0.00057152373,2.3764132e-08,0.0011499115,0.02406925,1.0693003e-05,0.004681134,0.03833394,9.2486036e-05,0.08950419,0.93859327,0.0039775246,0.001504705,0.008399818,0.0004277328,0.00016404864,0.0399515,0.0011128376,5.5028853e-05,0.0076165786,0.063490175,0.04421533,0.024723038,0.019112505,0.15364398,0.02986104,0.016939078,0.07429968,0.006837124,0.48494047,0.009211332,0.058951467,0.030103166,0.0442619,0.38986427,0.06112199,0.03862124,0.14854345,0.05930755,0.016672676,0.023355559,0.36433682,0.0897991,0.048346564,0.1434327,0.21315594,0.1495463,0.040575035,0.015318573,0.22104414,0.8983593,0.8137196,0.050088007,0.0067884484,0.0042139646,0.1762012,0.01484896,0.018142432,0.26392666,0.04090141,0.29686663,0.77094793,0.087240666,0.014907644,0.091916636,0.01880211,0.19876379,0.120078616,0.15758036,0.061839424,0.079701774,0.43371794,0.1328147,0.057016093,0.029049173,0.0122259455,0.07618864,0.037198745,0.29383627,0.025471509,0.053083424,0.04250281,0.021931684,0.099944785,0.12949583,0.14471224,0.5584101,0.00601452,0.11972596,0.0367464,0.0431365,0.117053844,0.009543828,0.04557294,0.026749052,0.05855775,0.056371342,0.014260695,0.038431037,0.04000125,0.02052398,0.07145687,0.023133507,0.015464031,0.006663414,0.022457607,0.08321635,0.0023544882,0.29984298,0.012572767,0.03325644,0.02820309,0.09767658,0.032914653,0.041863415,0.06158,0.36291832,0.14573301,0.0041006017,0.013609856,0.044334155,0.027271558,0.14955083,0.04248017,0.47789067,0.036839854,0.141528,0.053098273,0.0057274587,0.046461444,0.031588808,0.012647364,0.039633613,0.0057492736,0.021886727,0.014079801,0.32325014,0.11637221,0.118204445,0.31023544,0.2144864,0.038172845,0.071497075,0.014135824,0.015096054,0.057599615,0.015353311,0.07077818,0.008889696,0.041927278,0.106061324,0.056789033,0.13573094,0.7746364,0.35516298,0.030908443,0.12609772,0.03844163,0.17175871,0.015579726,0.16450614,0.9378463,0.72758746,0.053884763,0.43473074,0.043431487,0.036685076,0.0035857586,0.038828805,0.012807735,0.047512542,0.04362147,0.106165014,0.013461596,0.04791881,0.011677446,0.07047625,0.0026708033,0.0123649975,0.024194397,0.20978165
BC2026_Train_0020_S22_20211104_231500_25,0.001371024,0.0047730166,0.0003500019,0.40543014,3.777662e-07,0.017981902,0.0027503152,0.0034084301,0.0066757747,0.005293478,0.6220104,0.002121739,0.00043337521,6.1550227e-09,1.5394285e-07,0.0297607,0.00026677508,2.9738932e-05,0.051285066,0.0013363241,0.032292522,3.9157192e-05,0.008486184,0.0013387244,0.15003179,4.584978e-06,0.0038725194,0.027043184,0.004534087,0.20502825,0.0018404896,0.0009196048,0.006892293,0.0036773572,0.00037440134,0.001522263,0.0058531524,0.0006235868,0.0010480315,0.0021715958,0.005570442,0.0009636036,0.004269434,0.0026134967,0.00041128523,0.00041128523,0.004767346,0.0007903765,0.0005431713,0.00075975707,0.0013859783,0.0013762376,0.0013762376,0.0022880195,0.0007892772,2.3853936e-08,0.001153161,0.014195439,1.1294375e-05,0.0034802551,0.03944309,0.00011488553,0.060544524,0.9126941,0.004500236,0.008279817,0.0067108506,0.0006873259,0.00020163046,0.03810155,0.001116382,5.2837753e-05,0.008834864,0.10585824,0.09062584,0.051521145,0.029661773,0.24961211,0.070728496,0.019534905,0.08259405,0.0072995513,0.4110092,0.0065011815,0.046625193,0.03787144,0.11095076,0.5079896,0.050568804,0.06353492,0.13302301,0.09715278,0.015257016,0.024724727,0.25482154,0.07736747,0.06295617,0.11412693,0.2198454,0.13868615,0.03181208,0.013446596,0.153688,0.9044008,0.6736438,0.06172013,0.0075940555,0.004030957,0.22334157,0.01789582,0.017512765,0.34139332,0.032339416,0.13942164,0.5773692,0.10577556,0.010866739,0.11102248,0.019276539,0.18610047,0.105050266,0.1615522,0.06338937,0.08513404,0.3030974,0.07964821,0.06645597,0.03884145,0.016632756,0.053389467,0.052767884,0.2762659,0.024570294,0.08253145,0.06465259,0.025044976,0.095178954,0.36330217,0.4029419,0.5384164,0.00675216,0.11941463,0.056609496,0.038159814,0.1296836,0.0072133774,0.0325092,0.024867661,0.07418472,0.05425498,0.019336049,0.03293392,0.043042812,0.02611306,0.0833459,0.03326559,0.02000375,0.013341731,0.04935633,0.07143122,0.0027188747,0.13911155,0.014695279,0.05959015,0.023641733,0.14009458,0.030996915,0.06523807,0.03150668,0.35257342,0.18252195,0.005192806,0.012828832,0.052775636,0.035742998,0.12859634,0.041880786,0.5394936,0.049201943,0.110658266,0.060847983,0.004378363,0.05592524,0.019756304,0.037955806,0.049303275,0.00679461,0.019444184,0.011712448,0.31723344,0.1427261,0.08858721,0.13671242,0.21554819,0.07057294,0.06885792,0.0207968,0.014611302,0.070404135,0.014574076,0.081704475,0.010126391,0.042427287,0.17382307,0.089024246,0.11651353,0.6695333,0.30261016,0.027591415,0.10143475,0.039641332,0.20575342,0.027822431,0.2941569,0.9954024,0.7348788,0.04667803,0.38415447,0.05343304,0.023358162,0.0040438143,0.029472584,0.018009834,0.04103179,0.046138864,0.1575782,0.03621937,0.056376714,0.010056424,0.07674645,0.004246673,0.011184911,0.027215721,0.17898889
BC2026_Train_0020_S22_20211104_231500_30,0.001964112,0.006624857,0.00040455247,0.40078965,5.5767873e-07,0.014105064,0.0024572937,0.0030404106,0.005393394,0.012090553,0.7078269,0.001935077,0.00046605006,6.1447674e-09,1.6385934e-07,0.044661466,0.00020770537,3.1337535e-05,0.07207106,0.0014073043,0.02756004,4.1932057e-05,0.00996109,0.0013367601,0.090464845,5.488919e-06,0.0046180375,0.025772348,0.0042809276,0.1916409,0.0023687326,0.0011043963,0.008872955,0.0057049557,0.00037457168,0.0017502742,0.0068277,0.0008123705,0.0015173309,0.0029002696,0.006769404,0.0013061938,0.005181997,0.002951721,0.00055681216,0.00055681216,0.0063968813,0.0010551331,0.00077991636,0.0009774449,0.0017638031,0.001755177,0.001755177,0.0027528736,0.0013393034,2.5766578e-08,0.001158496,0.017446673,1.7786066e-05,0.0055238116,0.058403634,6.9116526e-05,0.12665762,0.68388045,0.0061625084,0.01087609,0.007897877,0.00043617855,0.00041227398,0.034384497,0.0011209185,5.7479887e-05,0.010176519,0.16010109,0.08770831,0.08195471,0.025045209,0.22269204,0.052375775,0.0098575335,0.062269084,0.008185313,0.4403089,0.008512162,0.06974134,0.026057204,0.08140714,0.31288946,0.042791933,0.030056749,0.12016787,0.07569926,0.010252105,0.02273646,0.4656252,0.08935565,0.028922614,0.2145754,0.17838012,0.11767716,0.024580294,0.032144558,0.17207578,0.84815955,0.66425925,0.0614592,0.007976868,0.0074556065,0.10373125,0.012574797,0.009646873,0.33601123,0.036251787,0.20468901,0.094233826,0.06802261,0.016033579,0.21721227,0.027978897,0.1865504,0.11453326,0.182108,0.051446304,0.09352255,0.47489688,0.075525746,0.09391854,0.04373242,0.014341265,0.20728832,0.045613296,0.27825016,0.045545943,0.03632361,0.05784542,0.0250038,0.11590702,0.27433255,0.30234304,0.58407617,0.010622083,0.15332015,0.04459099,0.053955972,0.11997889,0.014862668,0.039072495,0.05907622,0.072438955,0.079476304,0.017627867,0.045788534,0.03460366,0.025958523,0.10108628,0.02479591,0.0207157,0.0076464014,0.032173667,0.06859046,0.003983896,0.14880666,0.012618768,0.037358068,0.021234568,0.15475707,0.09553391,0.047253374,0.024644427,0.31008598,0.22636488,0.005849423,0.0134812705,0.060771484,0.03376992,0.15113616,0.048037898,0.44289494,0.042264335,0.1397936,0.077841654,0.011284451,0.03986702,0.018110704,0.029081995,0.025176339,0.004684464,0.027139716,0.013207612,0.8390656,0.08934025,0.15340506,0.45343393,0.33221957,0.071654394,0.059603006,0.017581914,0.010327556,0.047391817,0.02015834,0.118545175,0.0077562956,0.014712976,0.10646143,0.06902289,0.16626313,0.8275102,0.28444046,0.028308658,0.15607892,0.037454445,0.17449148,0.024286864,0.14109696,0.995123,0.8463602,0.17094555,0.540423,0.06523468,0.020266593,0.005685532,0.041206818,0.01380936,0.12523691,0.10042517,0.13375372,0.02928541,0.057135787,0.008357458,0.074796446,0.003417281,0.012452586,0.024594389,0.13279077
BC2026_Train_0020_S22_20211104_231500_35,0.0015925299,0.006870586,0.00041631065,0.38628963,1.4501643e-07,0.020209447,0.006269587,0.0036993444,0.0072016595,0.018738635,0.80166924,0.0025702654,0.00057280133,6.3639325e-09,1.4992783e-07,0.03821016,0.00028613274,3.081514e-05,0.08175786,0.002061637,0.024535744,5.332157e-05,0.013810237,0.0010824912,0.1459145,6.2598237e-06,0.005332203,0.03230532,0.0040889685,0.23533279,0.0030625693,0.0009215816,0.010446263,0.0068502882,0.00037571302,0.0014464803,0.0063322484,0.0007267843,0.0018900188,0.0025289652,0.00827698,0.0014402189,0.004840998,0.0027250876,0.00042920295,0.00042920295,0.005863074,0.0010542297,0.0007288445,0.0008451743,0.0016397585,0.0015873928,0.0015873928,0.0033840355,0.0011662965,2.326658e-08,0.0011574152,0.016481085,1.5005171e-05,0.004405859,0.06735648,8.220631e-05,0.088565096,0.7308232,0.006607229,0.0024152687,0.009713601,0.00024333384,0.00025325583,0.041135654,0.0011150566,5.9587317e-05,0.008217929,0.06305179,0.0689919,0.027454663,0.022726208,0.1924856,0.041591156,0.015897742,0.12231751,0.0068566184,0.41227186,0.0073517896,0.08550199,0.03261256,0.13219257,0.3746127,0.057229217,0.027976237,0.14072633,0.092076,0.011364674,0.01919149,0.41968253,0.1122224,0.029616997,0.21534762,0.1880738,0.07740266,0.023546876,0.03932899,0.15498254,0.9117656,0.738707,0.050114565,0.008003212,0.0073684496,0.09789116,0.013259816,0.01604414,0.3460009,0.03183831,0.17852177,0.09087545,0.08921823,0.019386465,0.29453972,0.017822903,0.18285044,0.12612537,0.15405719,0.051361196,0.11094772,0.3709101,0.08463464,0.047853693,0.030375361,0.013203619,0.15213396,0.04068159,0.28035566,0.04037397,0.029455386,0.042490292,0.0214171,0.10361584,0.2036011,0.17801699,0.5205296,0.010500749,0.117491044,0.041842118,0.038571853,0.12992689,0.013965388,0.03354455,0.07231973,0.066594735,0.06588497,0.029072039,0.045384653,0.043101735,0.02367394,0.07279709,0.021467421,0.011271509,0.009812425,0.037706893,0.083365075,0.0033573622,0.1479098,0.015259,0.036612056,0.024061523,0.10644323,0.0688147,0.049960677,0.03298371,0.32642817,0.35330817,0.0050109904,0.011648206,0.040086396,0.03246665,0.15938124,0.0266421,0.37452644,0.030417651,0.11952248,0.04033848,0.007919362,0.036676466,0.018343056,0.018022997,0.023074321,0.004768072,0.031823307,0.01796611,0.9519843,0.13930647,0.25447014,0.38751236,0.23883264,0.060799595,0.07344399,0.025937773,0.011427397,0.0862018,0.028491188,0.081627406,0.014634164,0.019102443,0.08449593,0.08071903,0.12275616,0.72510785,0.27761516,0.027883444,0.13364974,0.04000998,0.11716242,0.028314061,0.11776643,0.9330206,0.7517183,0.15517476,0.28544912,0.040247396,0.0240295,0.004389548,0.029885992,0.023312967,0.22973993,0.036697984,0.13352028,0.015921153,0.048900664,0.010206885,0.11314166,0.0028087243,0.0147497505,0.028825082,0.19367243
BC2026_Train_0020_S22_20211104_231500_40,0.002057728,0.0068818214,0.00044270008,0.28620014,3.1014224e-07,0.013713022,0.0050439727,0.005045952,0.0067733526,0.015199187,0.9089923,0.00502934,0.00032562605,6.438907e-09,1.5365062e-07,0.034161307,0.0002789763,3.12206e-05,0.052683894,0.0014162688,0.035035033,3.2824297e-05,0.0043857507,0.001194792,0.15017986,5.153157e-06,0.006109092,0.02458966,0.004893059,0.20306058,0.0028051648,0.00091171794,0.011335463,0.007146956,0.00038769734,0.0016552333,0.006976827,0.0008047018,0.0017535068,0.002884159,0.009236291,0.0012827938,0.005142365,0.002883932,0.00040921505,0.00040921505,0.0059725833,0.00096117065,0.0007004502,0.0008476567,0.0015762325,0.0014893353,0.0014893353,0.0036261817,0.0010366539,2.4794875e-08,0.0011618448,0.0023291868,1.6572538e-05,0.004426883,0.046728306,9.1588074e-05,0.056783,0.9045093,0.0032850637,0.005721633,0.006917374,0.00032012162,0.0002433461,0.034643076,0.0011238931,4.5950088e-05,0.011175293,0.051383503,0.062770426,0.025013922,0.029935177,0.20776153,0.029088175,0.010090662,0.098797046,0.0070058457,0.55894053,0.00659176,0.066835016,0.029379545,0.034953326,0.1838372,0.045287393,0.035877097,0.11587092,0.1100687,0.009291064,0.021690127,0.05977,0.08702743,0.04652763,0.20744964,0.0924484,0.038164884,0.026581245,0.04006044,0.19621453,0.9221524,0.7485926,0.06550387,0.006900468,0.007106486,0.17625134,0.013649869,0.013393251,0.3774067,0.024746684,0.27021196,0.35039386,0.06237316,0.020725103,0.28315988,0.02181587,0.18951549,0.09886166,0.19974545,0.03391978,0.08600099,0.35037094,0.09879459,0.06243726,0.04465437,0.012294989,0.14061396,0.06582047,0.26597765,0.051190864,0.051928435,0.07967009,0.02968614,0.08706972,0.24732529,0.29505458,0.5219142,0.015625803,0.0445852,0.05584568,0.034533884,0.12594904,0.0071173194,0.032539494,0.15401776,0.053766537,0.05560588,0.040346794,0.022651182,0.04162357,0.014185218,0.08017932,0.021295853,0.0141223855,0.015289703,0.037813097,0.048287604,0.0037324356,0.10134428,0.0138330255,0.043777347,0.027450552,0.07485075,0.041585185,0.06182686,0.031535532,0.3808243,0.49091598,0.0032286204,0.016959053,0.06909287,0.03716933,0.12699859,0.020016301,0.13123153,0.027949344,0.1708486,0.04475418,0.007849307,0.038912486,0.020501478,0.034649525,0.031824626,0.002902247,0.026583038,0.012921546,0.95479214,0.11213272,0.20822223,0.11654853,0.2907674,0.049411345,0.07982611,0.018486995,0.011806977,0.10121951,0.017490195,0.12962505,0.015139749,0.04480631,0.10730797,0.07493703,0.13233231,0.442633,0.30675876,0.031585906,0.059724502,0.02580156,0.08041278,0.029119011,0.16954492,0.98750764,0.7063914,0.1461057,0.29826143,0.041024867,0.022277853,0.005502694,0.03935913,0.026005432,0.22136241,0.027404228,0.14716777,0.03731802,0.04812761,0.016905159,0.07610618,0.0032673248,0.010562935,0.03546023,0.14544776
BC2026_Train_0020_S22_20211104_231500_45,0.0035064965,0.00983349,0.00053176173,0.19481067,1.3489289e-07,0.015447325,0.0058418754,0.0075827776,0.010959378,0.0141971065,0.9601984,0.0064872354,0.00039633774,5.918925e-09,1.5237639e-07,0.022806937,0.0003205847,3.079219e-05,0.056877617,0.0012980867,0.028911944,3.9488852e-05,0.0044646966,0.0017736377,0.22801027,4.911459e-06,0.006690624,0.019780116,0.004789254,0.23407306,0.0037102047,0.0012273219,0.014598729,0.009828121,0.00038304614,0.0022053553,0.008322482,0.0012983633,0.0023957377,0.0037837508,0.013546524,0.0015814909,0.006587056,0.0038165927,0.0006026863,0.0006026863,0.008445927,0.0014651734,0.0010802647,0.001402521,0.002148845,0.0019785578,0.0019785578,0.004748202,0.0011138655,2.4465558e-08,0.0011528103,0.0022121072,1.7007525e-05,0.0033744448,0.05334285,7.308108e-05,0.05759325,0.947549,0.0031364507,0.0018199378,0.009016449,0.00027949156,0.00016068705,0.031541687,0.0011213433,4.4782955e-05,0.010321304,0.048871346,0.09849325,0.031007499,0.017474407,0.24507944,0.051354382,0.01401324,0.1249956,0.007921869,0.6472792,0.010865053,0.05890814,0.033223286,0.035760075,0.17444244,0.060964294,0.12774542,0.070568606,0.09627274,0.016575111,0.024981977,0.07587821,0.14121294,0.07560857,0.26394403,0.22678863,0.046940666,0.033800963,0.03810039,0.13220699,0.96066535,0.60735255,0.095066614,0.00860988,0.0035476056,0.2803319,0.023103375,0.021790747,0.32874748,0.020276656,0.35965687,0.6591742,0.09833843,0.02712337,0.5175413,0.023868637,0.23643291,0.13398112,0.19324213,0.1277833,0.097929575,0.31528527,0.18014872,0.079321645,0.03055039,0.009566194,0.15032695,0.08224408,0.285701,0.045265827,0.07239677,0.13445431,0.020671254,0.10991928,0.2606169,0.23282675,0.60828054,0.009032249,0.044919796,0.054912385,0.03128514,0.17478953,0.0077345157,0.042767122,0.21882261,0.07396793,0.056538664,0.041127864,0.020051852,0.035588562,0.013238919,0.09976168,0.023942854,0.0120928,0.009480235,0.055327248,0.06873477,0.004412085,0.11278353,0.012181238,0.032435838,0.02708317,0.10409317,0.052458167,0.088751614,0.04804709,0.27256328,0.5340676,0.0047767665,0.011474184,0.062923364,0.041547652,0.15756737,0.031571887,0.14026341,0.027389538,0.1544777,0.048348144,0.004587078,0.04842159,0.018833833,0.04926244,0.086948045,0.0042333747,0.034658138,0.015190498,0.9561708,0.31478176,0.27928,0.14258072,0.42471984,0.050592523,0.08151525,0.018682541,0.013943555,0.074529365,0.02178264,0.08348563,0.010380794,0.05040335,0.08286581,0.061262015,0.124905474,0.47016996,0.29314554,0.030495673,0.0780299,0.024999268,0.085430786,0.029924097,0.32392347,0.93226516,0.61053276,0.13368815,0.34482497,0.026454244,0.028394923,0.0056724437,0.026392367,0.04976246,0.21346352,0.056354128,0.16052064,0.016645916,0.074616805,0.024756419,0.09257655,0.004513637,0.013441435,0.028807798,0.3070763
BC2026_Train_0020_S22_20211104_231500_50,0.0013853564,0.0038718237,0.00037595507,0.51359904,1.1392836e-07,0.011536199,0.020545492,0.003642195,0.0054651024,0.014757649,0.98309326,0.002368338,0.0005052324,6.5360224e-09,1.3512481e-07,0.016685244,0.0005557982,2.6843814e-05,0.06841126,0.0017486974,0.06110065,4.9312952e-05,0.007771833,0.0013689444,0.14066878,5.4800216e-06,0.0035546706,0.024864363,0.004127091,0.21688649,0.0010414531,0.0005425774,0.004565826,0.003314701,0.0003874866,0.0010900717,0.0035776338,0.00048712912,0.00066342566,0.0012684386,0.006524145,0.00047457428,0.0035293123,0.0019200173,0.0002403207,0.0002403207,0.004132042,0.000491218,0.00037041292,0.00059682893,0.00083388045,0.00085814914,0.00085814914,0.0021162403,0.0013879344,2.253089e-08,0.0011411447,0.00245277,1.0325196e-05,0.0025691134,0.058662318,6.6374065e-05,0.055402994,0.954852,0.005268479,0.0014319856,0.0073882774,0.00031289583,0.00023755095,0.03675276,0.0011309622,4.912307e-05,0.007924969,0.052232195,0.214515,0.028244844,0.021184087,0.2699879,0.03865053,0.01163721,0.060441747,0.010519895,0.7568293,0.0074934745,0.048928227,0.038050264,0.077452265,0.251682,0.09369199,0.1407159,0.10500869,0.067904346,0.017294288,0.030677026,0.12151971,0.12796561,0.08073815,0.16920787,0.19171472,0.06712733,0.029177617,0.012492825,0.1551014,0.9768293,0.6372065,0.10966498,0.009455781,0.0031613852,0.31279063,0.014279899,0.026488122,0.41207853,0.025848584,0.23761076,0.43483943,0.115452655,0.02560478,0.45009336,0.022774694,0.3923552,0.19936998,0.22954388,0.09012197,0.13311648,0.32287508,0.16984546,0.0631656,0.03560129,0.015439729,0.13924085,0.057851452,0.34750262,0.026761191,0.049852397,0.10996502,0.020609649,0.10779564,0.27688575,0.34457865,0.50060564,0.0068984656,0.06588828,0.05882921,0.04007304,0.14651749,0.012105205,0.045597777,0.07689555,0.091730386,0.06954481,0.04105141,0.02456617,0.069097355,0.013548015,0.08637793,0.020497046,0.01463222,0.010118525,0.036168933,0.06528497,0.0018775685,0.130527,0.011187008,0.055282947,0.051108383,0.10690799,0.08990781,0.030221378,0.036791123,0.44214806,0.19968516,0.0046881274,0.009437914,0.12590802,0.032611735,0.41917586,0.10832219,0.144293,0.037394315,0.17949656,0.14603503,0.004537823,0.06405343,0.016570028,0.035027657,0.05702107,0.007642337,0.031011296,0.017796036,0.53882015,0.5337207,0.32135564,0.08382002,0.34584957,0.06607465,0.07993261,0.019383924,0.016230822,0.044477228,0.025773458,0.03961511,0.0076435385,0.021671472,0.10296115,0.0497483,0.124609485,0.37572527,0.16266486,0.026730658,0.08094721,0.045600995,0.16541585,0.03594574,0.2643547,0.84660995,0.86998713,0.04582774,0.4252627,0.031562462,0.022609074,0.0057280385,0.0194928,0.027131187,0.06253127,0.022343077,0.18986641,0.021466175,0.04993692,0.026465558,0.07587575,0.003467471,0.008874666,0.030119054,0.38055584
BC2026_Train_0020_S22_20211104_231500_55,0.0025187125,0.0064698095,0.0005744423,0.4173857,2.1001595e-07,0.016397925,0.0148928035,0.006015825,0.014779988,0.012539025,0.97776186,0.0022711665,0.00060285337,6.6298527e-09,1.2585124e-07,0.042736154,0.0004359712,3.051852e-05,0.11692014,0.001814854,0.054808453,5.2720246e-05,0.009496729,0.0014615062,0.32685563,4.5824327e-06,0.008973931,0.022874188,0.0062956093,0.22826329,0.002034825,0.0011404551,0.00736012,0.004914448,0.00037642845,0.0018180304,0.007898963,0.0008798425,0.0013569766,0.002084372,0.007886733,0.0010568879,0.0064654523,0.0034187762,0.0004795079,0.0004795079,0.005867723,0.0011101855,0.00070785254,0.0009959847,0.0017176477,0.0017736091,0.0017736091,0.003244535,0.0007239989,2.446786e-08,0.0011373055,0.012408345,1.1636487e-05,0.004263164,0.09180747,7.751152e-05,0.07295487,0.9844558,0.011231516,0.005372179,0.010797745,0.00034140598,0.0003932612,0.040478837,0.001113874,5.4530865e-05,0.008288992,0.06820327,0.24138747,0.033653643,0.01953703,0.21730374,0.036149222,0.016694833,0.070831776,0.010757589,0.75104076,0.0053818612,0.060896058,0.038330827,0.08052805,0.425842,0.056524817,0.09785117,0.12898341,0.09401997,0.02246702,0.048176732,0.19805436,0.08822658,0.13392991,0.17584428,0.21627581,0.059905387,0.040871322,0.011658056,0.13269262,0.98263335,0.6037631,0.12296228,0.007529947,0.0040554926,0.22806257,0.015992917,0.0183805,0.3442699,0.021175161,0.20803553,0.7727858,0.092013046,0.02202196,0.39607635,0.020702658,0.31304592,0.13946578,0.248864,0.05643043,0.092940986,0.25748947,0.15250972,0.22682278,0.05035346,0.016876562,0.11315138,0.046127405,0.28385136,0.024194004,0.05232074,0.061819352,0.025319198,0.12370039,0.28406563,0.27562705,0.63002294,0.008218546,0.14894515,0.053309023,0.04782895,0.15459199,0.011729953,0.03958886,0.07834248,0.09747549,0.066385776,0.022328105,0.034569085,0.043543424,0.018406397,0.11027803,0.029208414,0.013410402,0.0074269855,0.026486661,0.10988734,0.0043467097,0.24289714,0.021592686,0.036967997,0.034630448,0.13614836,0.08368997,0.06615287,0.080299854,0.4475416,0.17251754,0.0076282797,0.014710723,0.09244792,0.0380261,0.37282044,0.06244741,0.6985745,0.03806574,0.16413605,0.076262295,0.00667275,0.037415788,0.018359415,0.024187068,0.07795106,0.0051620626,0.02646054,0.015783202,0.542911,0.1804897,0.3104467,0.24531983,0.2730257,0.04545679,0.06598892,0.011429571,0.014529439,0.049677037,0.019342978,0.05465935,0.00820317,0.025453404,0.11276664,0.055129547,0.10872709,0.6457511,0.23311107,0.0776895,0.10220844,0.04414426,0.09628281,0.030991506,0.2546402,0.9878754,0.72246957,0.0612331,0.46421567,0.060101338,0.022669083,0.004090483,0.029790523,0.016995577,0.043954466,0.039994404,0.22619432,0.022697024,0.07544654,0.011062972,0.076804705,0.003681109,0.008563554,0.02665194,0.2268803
BC2026_Train_0020_S22_20211104_231500_60,0.0012517696,0.0055748634,0.00053601083,0.2752058,2.1002569e-07,0.019245148,0.006474522,0.006685704,0.0117798615,0.012885189,0.97716427,0.0029740375,0.00041041593,7.2034765e-09,1.3548961e-07,0.033912115,0.00030142206,3.6311263e-05,0.08377364,0.0018032592,0.05473552,5.186259e-05,0.011428537,0.002378905,0.2577613,6.260975e-06,0.0072983215,0.028687641,0.0051606838,0.307563,0.0019817976,0.0010447929,0.0067198845,0.0039289203,0.0003770627,0.0015354024,0.006885189,0.0006828823,0.0012751655,0.0019023037,0.006117344,0.0010472239,0.004855638,0.0028357487,0.00042609006,0.00042609006,0.004700498,0.0009469475,0.00060856855,0.00079757714,0.0014875954,0.0014738053,0.0014738053,0.0028358223,0.0007748938,2.158739e-08,0.0011374666,0.01350857,1.0632646e-05,0.0037729477,0.06682872,8.649283e-05,0.083615825,0.9791727,0.011714779,0.0016745774,0.026896264,0.00024240244,0.00022500343,0.062474042,0.0011113532,5.7745397e-05,0.0094554555,0.04483314,0.18767084,0.015530341,0.025847182,0.1949623,0.024128182,0.014459264,0.1164958,0.011747059,0.74301815,0.008339604,0.09313692,0.0387678,0.13173975,0.44238105,0.07040773,0.07540015,0.15663312,0.068809725,0.026270816,0.02305091,0.2764991,0.090353005,0.09596848,0.21430978,0.24451174,0.11762277,0.040881325,0.023541821,0.17270195,0.97503245,0.6819432,0.06759788,0.009927838,0.0037932172,0.2569206,0.017595166,0.017366009,0.2741035,0.030405987,0.19724411,0.84164625,0.11446004,0.014953285,0.3049098,0.02058741,0.39255488,0.16104923,0.29696834,0.06930398,0.07790247,0.26835597,0.12775418,0.06850852,0.03038258,0.0117033,0.07129453,0.061384525,0.27060163,0.04251537,0.038803462,0.089092545,0.025020974,0.11408054,0.24327478,0.16965905,0.6099664,0.0074780853,0.27221248,0.048959803,0.036116663,0.15677688,0.013954454,0.043558147,0.041258104,0.070876695,0.043062232,0.0425752,0.034023523,0.059693877,0.02034354,0.05194028,0.018101566,0.011201426,0.008294877,0.026410861,0.10672666,0.0039952896,0.20694627,0.016004182,0.06456866,0.044114593,0.1386653,0.07395696,0.057044066,0.112647414,0.50276744,0.19064072,0.0044616885,0.014507034,0.082120195,0.037758373,0.48388058,0.038045503,0.57158047,0.05362784,0.18558545,0.08748973,0.0065590525,0.08835949,0.022487499,0.020249126,0.10487451,0.0072202813,0.029611694,0.017974632,0.36734244,0.27459148,0.28074142,0.10302638,0.20681933,0.061474223,0.06990707,0.011386555,0.013988277,0.0781465,0.017267756,0.056960665,0.014013515,0.022332285,0.11060412,0.051020008,0.13382958,0.64075917,0.30142766,0.028937666,0.14036259,0.06973218,0.15965675,0.057271607,0.3515829,0.9431815,0.7117672,0.051496197,0.5607953,0.052782744,0.033660542,0.005079211,0.024905754,0.022682795,0.04025665,0.018059002,0.19265589,0.024520565,0.05647325,0.01424271,0.087417334,0.0031322544,0.013706259,0.03171521,0.27609682
