row_id,1161364,116570,1176823,1491113,1595929,209233,22930,22956,22961,22967,22973,22983,22985,23150,23154,23158,23176,23724,24279,24285,24287,24321,244024,25073,25092,25214,326272,41970,43435,47144,47158son01,47158son02,47158son03,47158son04,47158son05,47158son06,47158son07,47158son08,47158son09,47158son10,47158son11,47158son12,47158son13,47158son14,47158son15,47158son16,47158son17,47158son18,47158son19,47158son20,47158son21,47158son22,47158son23,47158son24,47158son25,476521,516975,517063,555123,555145,555146,64898,65377,65380,66971,67107,67252,70711,738183,74113,74580,760266,ashgre1,astcra1,bafcur1,baffal1,banana,barant1,batbel1,baymac,bbwduc,bcwfin2,bkcdon,bkhpar,blchaw1,blheag1,blttit1,bncfly,bobfly1,brcmar1,brnowl,bucmot4,bucpar,bufpar,bunibi1,burowl,camfli1,chacha1,chbmoc1,chobla1,chvcon1,cibspi1,coffal1,compau,compot1,crbthr1,crebec1,dwatin1,epaori4,eulfly1,fabwre1,fepowl,ficman1,flawar1,fotfly,fusfly1,gilhum1,giwrai1,glteme1,grasal3,greani1,greant1,greela,grekis,grepot1,gretho2,greyel,grfdov1,grhtan1,gycwor1,horscr1,houspa,hyamac1,larela1,lesela1,lesgrf1,limpki,linwoo1,litcuc2,litnig1,mabpar,magant1,magtan2,masgna1,nacnig1,ocecra1,oliwoo1,orbtro3,orwpar,osprey,pabspi1,palhor3,paltan1,phecuc1,picpig2,pirfly1,plasla1,platyr1,plcjay1,pluibi1,purjay1,pvttyr1,ragmac1,rebscy1,recfin1,redjun,relser1,rinkin1,rivwar1,roahaw,rubthr1,rufcac2,rufcas2,rufgna3,rufhor2,rufnig1,ruftho1,ruftof1,rumfly1,ruther1,rutjac1,sabspa1,saffin,saytan1,scadov1,schpar1,scther1,shcfly1,shshaw,shtnig1,sibtan2,smbani,smbtin1,sobcac1,sobtyr1,socfly1,sofspi1,souant1,soulap1,souscr1,spbant3,spispi1,sptnig1,squcuc1,stbwoo2,strcuc1,strher2,strowl1,swthum1,swtman1,tattin1,thlwre1,toctou1,trokin,trsowl,undtin1,varant1,watjac1,wesfie1,wfwduc1,whbant2,whbwar2,whiwoo1,whlspi1,whnjay1,whtdov,whwpic1,y00678,yebcar,yebela1,yecmac,yecpar,yehcar1,yeofly1
BC2026_Train_0001_S08_20250606_030007_5,0.74050164,0.7805337,0.6989243,0.5564144,0.9111792,0.3959456,0.5273224,0.8817508,0.81826437,0.3737678,0.6732087,0.69064254,0.9287676,0.5555494,0.25280625,0.3354355,0.912682,0.57341933,0.7899612,0.9053096,0.8932924,0.24300456,0.6774218,0.45415488,0.88791585,0.56080455,0.507497,0.9609716,0.3278491,0.21560356,0.57675725,0.24690221,0.80810416,0.29783654,0.42471707,0.39179254,0.47955173,0.8979937,0.72050655,0.43098986,0.58652353,0.59464335,0.93038714,0.7049133,0.20406115,0.29475236,0.6830901,0.13251983,0.17694303,0.6258342,0.7958756,0.7011399,0.7596338,0.5003481,0.26090086,0.5276432,0.1821104,0.65713185,0.81623983,0.9674758,0.98065907,0.8322668,0.9710115,0.9569366,0.9902688,0.9248096,0.803071,0.9758078,0.16000225,0.20554541,0.13851418,0.19331583,0.42621636,0.4553687,0.062760375,0.24400842,0.079544246,0.2828037,0.7692293,0.38129795,0.52003545,0.16153443,0.48992187,0.87652147,0.5505612,0.5498101,0.52607167,0.38308945,0.10519892,0.5212723,0.9437947,0.6785865,0.3913309,0.06051415,0.30816293,0.44115195,0.6085041,0.16459483,0.52056354,0.5976083,0.22728786,0.29159024,0.6994071,0.9758822,0.9526589,0.4383635,0.30430657,0.9311358,0.24721664,0.5025538,0.3402633,0.8633163,0.72412694,0.36497986,0.3984946,0.35159272,0.3790254,0.31019494,0.051099896,0.14806134,0.39177167,0.43636978,0.40692037,0.27462536,0.9009001,0.43253738,0.89397705,0.31435844,0.43211022,0.09883417,0.48500228,0.19949251,0.64632463,0.38704658,0.70287716,0.9139358,0.3717392,0.34358826,0.34246427,0.4990406,0.12465413,0.10844464,0.34847286,0.23896587,0.82109547,0.9922208,0.64908004,0.18992665,0.08056542,0.7524605,0.41175008,0.82001126,0.57465,0.87612414,0.032258004,0.23265418,0.10359575,0.16659665,0.35843608,0.44942164,0.42867666,0.2914909,0.77340126,0.65262616,0.28554368,0.6187179,0.4325974,0.34843606,0.28539133,0.3657141,0.47529536,0.33647186,0.7498356,0.39784163,0.2682787,0.9350821,0.36473083,0.5721179,0.25473803,0.7480575,0.5971986,0.5096661,0.13551503,0.15454078,0.1395074,0.1878888,0.276599,0.3238386,0.8361342,0.74094427,0.53881943,0.5469824,0.6323745,0.39870977,0.218005,0.14526924,0.3158937,0.39614016,0.7034801,0.44584644,0.2711813,0.8032632,0.5073934,0.18075728,0.44552267,0.904585,0.2980759,0.9317424,0.37702602,0.45580336,0.61210036,0.5317949,0.4615373,0.078308,0.9349239,0.595425,0.21976888,0.43129498,0.53705317,0.5913725,0.4460935,0.40786123,0.28376395,0.43605727,0.16286312,0.23470661,0.43489605,0.31978357,0.42435098,0.51399046,0.46218258,0.24891128,0.15993413,0.6500138
BC2026_Train_0001_S08_20250606_030007_10,0.7817246,0.6593559,0.45696378,0.2567219,0.87306046,0.2733425,0.39789307,0.9396556,0.7706052,0.6320951,0.8357395,0.45806456,0.9601314,0.5628747,0.08420037,0.31144103,0.7500217,0.59284055,0.70442367,0.8526448,0.8594731,0.2019597,0.65798736,0.5926031,0.833007,0.39671707,0.5823986,0.9738451,0.41664112,0.38426733,0.4369306,0.10758746,0.5765067,0.21211481,0.46140206,0.28619316,0.1006515,0.8571136,0.505994,0.50287926,0.39457148,0.6737039,0.83703744,0.6762574,0.122699834,0.28106737,0.21389377,0.11922056,0.12797882,0.6093019,0.6980741,0.44455877,0.41333959,0.41937673,0.23399383,0.41791105,0.10959041,0.47893715,0.58550394,0.97022533,0.992558,0.93695605,0.97442925,0.86297786,0.8682679,0.9149588,0.7431328,0.92997694,0.23454744,0.120459035,0.12489042,0.64496267,0.42931804,0.45451933,0.09972452,0.2701165,0.20965925,0.12695137,0.8563715,0.45696926,0.3818155,0.11483941,0.52813315,0.8504044,0.37812287,0.6127322,0.6270369,0.22627851,0.2591434,0.46754944,0.9193125,0.72920597,0.44874352,0.119416825,0.43665415,0.7789081,0.25563306,0.059838686,0.16075817,0.30164683,0.17232439,0.21252456,0.77548337,0.99807507,0.94485605,0.1547931,0.16178125,0.94296515,0.08599429,0.5264065,0.3125052,0.946188,0.68787086,0.5164742,0.16705865,0.23790339,0.6157932,0.45317394,0.098231986,0.13598177,0.32741886,0.24411678,0.09024836,0.2356895,0.95620394,0.39280725,0.79162234,0.42992452,0.61003363,0.19531992,0.43325293,0.11740956,0.5583475,0.23565,0.44812924,0.6744031,0.3423311,0.20724902,0.18904242,0.48249775,0.045387186,0.049548604,0.21588624,0.11095482,0.86600816,0.9278514,0.4637301,0.06119173,0.2200225,0.39187545,0.12434347,0.6664325,0.124881,0.8218113,0.060460504,0.25012016,0.109793246,0.15888959,0.4827799,0.42261982,0.2688525,0.15036769,0.54950035,0.712047,0.19811633,0.25581104,0.3230093,0.15797126,0.26630306,0.47615367,0.18249264,0.10794982,0.67709804,0.34925407,0.08720034,0.94708204,0.33459556,0.46871588,0.22545478,0.7353958,0.47077882,0.18588571,0.2584219,0.051492043,0.16479662,0.11658928,0.10399446,0.47157714,0.84678745,0.85568523,0.45979926,0.502445,0.5688853,0.2614615,0.18295774,0.04384575,0.12800463,0.6085728,0.55574757,0.5733088,0.66987395,0.5712151,0.44433463,0.094605476,0.3357479,0.8427161,0.18332046,0.9638663,0.20884603,0.37789112,0.5082756,0.38463044,0.36745948,0.055304818,0.99845326,0.6033335,0.37818587,0.47472233,0.51329625,0.59388673,0.26956847,0.34855145,0.09479615,0.26065296,0.22205658,0.2349256,0.63000643,0.23632148,0.09891647,0.26237306,0.39308843,0.16531807,0.2682907,0.494685
BC2026_Train_0001_S08_20250606_030007_15,0.77501607,0.6171173,0.5476637,0.28273526,0.8562039,0.21325913,0.2625627,0.8555945,0.71864885,0.6937914,0.61739576,0.539363,0.9139651,0.41622573,0.051600084,0.36325127,0.8323506,0.4883094,0.68802106,0.8263353,0.8859422,0.098009534,0.8193599,0.6375987,0.83886313,0.54862833,0.77631056,0.9265627,0.37623054,0.4275512,0.5314931,0.15175498,0.6932076,0.2816468,0.562854,0.20527247,0.26866537,0.8371155,0.52717334,0.5286313,0.28851318,0.7803401,0.8724439,0.45780933,0.2224786,0.42237127,0.2575916,0.21006897,0.1447067,0.6830405,0.7511524,0.54981,0.58233935,0.36723346,0.4174629,0.42428032,0.12153092,0.51488024,0.34343624,0.9137559,0.9978199,0.9414699,0.9451875,0.8835717,0.8196784,0.72994035,0.69440806,0.9162858,0.43050885,0.114960335,0.26512724,0.72985184,0.23101166,0.48867905,0.128877,0.51156044,0.11452794,0.17964059,0.8481567,0.3514828,0.3161111,0.08363991,0.5908807,0.79149175,0.35760552,0.68289316,0.62594604,0.40576118,0.11696408,0.42480838,0.87173307,0.7282928,0.43862945,0.22349408,0.25170243,0.77589417,0.26896492,0.054046243,0.23253334,0.38136232,0.30689752,0.34837198,0.70881236,0.9314078,0.93946594,0.20194216,0.2513341,0.9568991,0.12679242,0.47076887,0.5805459,0.95352733,0.6669018,0.51348126,0.18458852,0.35233098,0.57122695,0.23393862,0.17223275,0.29734766,0.28551987,0.24871212,0.069016166,0.2553708,0.95276105,0.5726273,0.8732356,0.37263644,0.6726495,0.18342751,0.38970196,0.12536666,0.3361745,0.29584694,0.5149442,0.879195,0.40382934,0.21358062,0.20841438,0.5882293,0.05348804,0.04568682,0.28565562,0.26469314,0.78157276,0.9355657,0.47551167,0.092375666,0.25913852,0.3030429,0.09460808,0.688969,0.06617462,0.71211994,0.08131623,0.17644402,0.09908973,0.18802825,0.55598426,0.25766218,0.63446015,0.24316673,0.74365056,0.7115649,0.2850052,0.17854892,0.4988242,0.18545473,0.6217101,0.47081703,0.30481473,0.1539328,0.8200333,0.6483443,0.09411648,0.93525934,0.40065116,0.73159003,0.22922492,0.7680373,0.44294804,0.23210317,0.09864287,0.110577404,0.30067092,0.3245104,0.095451266,0.27622283,0.72284174,0.832113,0.40820962,0.41895843,0.56044793,0.36753953,0.07382041,0.0143755,0.05248844,0.6562141,0.6038356,0.6337322,0.5885454,0.64700735,0.6214654,0.19625929,0.35441762,0.81185853,0.1850563,0.9538414,0.27260658,0.63620675,0.6211418,0.33728248,0.5187074,0.12526107,0.9874294,0.62764907,0.6242286,0.46489275,0.5329907,0.6892901,0.28489894,0.39902854,0.13566434,0.090349436,0.2583591,0.24973166,0.65137017,0.23266381,0.11621076,0.40627444,0.4915732,0.22071838,0.29754034,0.26536512
BC2026_Train_0001_S08_20250606_030007_20,0.84035724,0.91262156,0.7297505,0.49561167,0.85094976,0.24564405,0.32534158,0.9176482,0.660208,0.5189746,0.6115275,0.6948967,0.938488,0.37520528,0.021988835,0.18683973,0.91396177,0.19212213,0.67189705,0.8883062,0.95649326,0.18430774,0.76650107,0.72143805,0.88332,0.6558453,0.40504998,0.9413371,0.39986128,0.4724599,0.6361288,0.20958056,0.76855844,0.60937524,0.65880835,0.40761754,0.42462653,0.91370285,0.6831509,0.6213601,0.47689176,0.63530636,0.97199464,0.70918465,0.3829854,0.5607054,0.39505664,0.31949508,0.21009907,0.8470991,0.88951623,0.7491671,0.7700484,0.4399652,0.36214334,0.3617586,0.14494842,0.40182894,0.39445955,0.86952525,0.982013,0.94442546,0.9930259,0.8868849,0.8853543,0.75636494,0.7319575,0.9557886,0.2967032,0.23901331,0.418909,0.32297847,0.33590597,0.6502544,0.16550152,0.42390114,0.06854161,0.23211744,0.7734029,0.448486,0.3108378,0.18345624,0.6173146,0.8099955,0.563478,0.63725483,0.7975999,0.30345356,0.21816838,0.574965,0.7578815,0.92231023,0.5416125,0.23225826,0.32701415,0.67747855,0.25930056,0.2086272,0.3778084,0.4604847,0.1748307,0.37354064,0.70152724,0.96723014,0.9200865,0.16844845,0.4375191,0.96087563,0.17321867,0.54604155,0.62710416,0.913275,0.89849424,0.5462276,0.26400745,0.40559125,0.44737923,0.21580487,0.10921982,0.10727419,0.4197471,0.2411861,0.2153137,0.3028581,0.97063446,0.51549315,0.85672677,0.30664343,0.58068687,0.05872,0.5279198,0.09569237,0.51583004,0.41073352,0.61880994,0.9292021,0.32523334,0.11680754,0.47858232,0.6759752,0.089360744,0.05643805,0.5263667,0.3618031,0.86814964,0.9519019,0.69130087,0.10697681,0.18764555,0.3123167,0.2116396,0.7343203,0.24022803,0.87029934,0.09250294,0.3539394,0.114784196,0.24055173,0.63037336,0.34800476,0.7586893,0.4086346,0.84333384,0.7555475,0.40724134,0.38421065,0.47635674,0.34504318,0.66651154,0.5751145,0.23393878,0.19194031,0.74349093,0.54737353,0.12669203,0.9844005,0.54969937,0.7261219,0.4202406,0.7682344,0.3420304,0.24663582,0.034324422,0.19192398,0.15509304,0.36471307,0.1552464,0.23588201,0.7052541,0.86022365,0.5283113,0.50407517,0.7296264,0.41738653,0.09255858,0.028367124,0.09122451,0.5438125,0.68634784,0.41336834,0.41355562,0.80487037,0.52231014,0.1729506,0.30566245,0.87125033,0.27786618,0.9238701,0.21176076,0.52415454,0.77202237,0.42914045,0.59120595,0.100042015,0.96477824,0.6049471,0.5200228,0.5184432,0.5397473,0.58564794,0.26405388,0.2304089,0.24870217,0.09137287,0.36645335,0.3736092,0.40084141,0.108694546,0.24073583,0.49357325,0.5283992,0.36395025,0.26255673,0.37337488
BC2026_Train_0001_S08_20250606_030007_25,0.8908875,0.724547,0.6734463,0.30220574,0.905324,0.21937972,0.3372519,0.93898225,0.88315,0.6613741,0.63753176,0.37839383,0.94141865,0.5197435,0.048939914,0.28033102,0.8556691,0.22649685,0.62474155,0.82019615,0.9633568,0.13886072,0.76879835,0.67853445,0.89633256,0.5039333,0.4476068,0.9694054,0.3914984,0.45278096,0.44872704,0.14014526,0.4993825,0.2674231,0.39516032,0.2817899,0.21705921,0.9262042,0.4454775,0.6978097,0.25799596,0.6697512,0.9314772,0.6658993,0.23820138,0.31526804,0.2322709,0.13287151,0.103224605,0.72052175,0.73241645,0.67190397,0.5024129,0.289978,0.2910532,0.3089132,0.109920755,0.5802214,0.45018196,0.9163531,0.9221529,0.9281929,0.9990603,0.83519876,0.8465172,0.8608382,0.6322639,0.98183537,0.2821806,0.44541,0.23853448,0.18453321,0.5438154,0.45441696,0.18023491,0.39856595,0.1402229,0.25996676,0.61395097,0.41086245,0.22595283,0.060023725,0.5196202,0.74157965,0.5942701,0.7515178,0.69209635,0.19395241,0.32237917,0.49467504,0.8252679,0.9328904,0.46903133,0.08205797,0.15618917,0.4973237,0.21452077,0.24146569,0.15600237,0.41798517,0.12823626,0.25017315,0.7236402,0.9889051,0.97447085,0.18307996,0.4283753,0.89658916,0.09165536,0.51515055,0.53842473,0.89183235,0.88200706,0.46556067,0.23769595,0.3069651,0.4227654,0.29999387,0.06036982,0.12442744,0.39227456,0.30788612,0.37861314,0.16686448,0.99069846,0.26621234,0.78029984,0.52652776,0.7368448,0.055183858,0.34529293,0.037225336,0.6328963,0.30648893,0.6395364,0.8895496,0.21958864,0.31101683,0.41565442,0.44669107,0.039665855,0.036504958,0.49962655,0.21979177,0.855179,0.91725606,0.64732665,0.2831733,0.16925895,0.2518232,0.26606232,0.7865628,0.3971917,0.89993733,0.09545156,0.49612477,0.15470341,0.3666432,0.51309705,0.25907463,0.44647944,0.3414259,0.6810857,0.77734673,0.3348003,0.2251668,0.2283763,0.14604008,0.608712,0.37934488,0.33072048,0.110479094,0.5730021,0.41644132,0.095437035,0.9873961,0.5740513,0.5572438,0.47118226,0.75294363,0.31221506,0.18906954,0.06992927,0.1455509,0.07744332,0.25052953,0.15522134,0.26913053,0.80805516,0.86136,0.5380125,0.40330625,0.76667035,0.39157265,0.088707775,0.09392291,0.06860021,0.61410654,0.59678465,0.44620973,0.5670522,0.80412996,0.47249117,0.15303296,0.50018907,0.8395363,0.14457953,0.9375417,0.07819389,0.56309384,0.5792607,0.5900561,0.35797685,0.12562792,0.98521477,0.69818807,0.32251942,0.38895088,0.57709,0.39366502,0.3181945,0.3176756,0.11595035,0.2276393,0.16320387,0.35367078,0.46484733,0.065067,0.13062833,0.4150977,0.4338957,0.18528977,0.30796954,0.6179745
BC2026_Train_0001_S08_20250606_030007_30,0.7885101,0.7458409,0.66717196,0.40548855,0.86880624,0.2447193,0.56921303,0.9292044,0.9099244,0.68625486,0.80993974,0.38077247,0.8812405,0.49556327,0.11491133,0.43679017,0.8247585,0.18452626,0.54134697,0.83297604,0.89919674,0.16438974,0.4785545,0.60725147,0.9254316,0.70997095,0.7752086,0.9556444,0.2600919,0.4740501,0.59869546,0.22558765,0.62968147,0.4155058,0.24906342,0.4649002,0.4989934,0.8954592,0.56011015,0.5677451,0.53532267,0.8382478,0.9541899,0.64149535,0.27487782,0.4387917,0.651368,0.14761858,0.16916817,0.704686,0.77927804,0.6902504,0.73675823,0.36292988,0.31307003,0.23718339,0.1812166,0.33116373,0.47506732,0.88262606,0.90394187,0.9131595,0.9830296,0.8495232,0.9327136,0.78554845,0.78753686,0.93835443,0.32085204,0.34482622,0.19780317,0.16629818,0.6150728,0.6376116,0.33337796,0.43393856,0.12002686,0.40800518,0.71319616,0.15316123,0.30307937,0.052945085,0.56625223,0.8393313,0.53619623,0.759326,0.70163536,0.4641776,0.261352,0.4978791,0.86814225,0.88047177,0.49293318,0.16510639,0.20272017,0.5492907,0.53820205,0.07607485,0.27157018,0.5603653,0.27749583,0.3378194,0.71795774,0.9772167,0.99037725,0.3553706,0.28924847,0.9455713,0.26172817,0.57540673,0.47886008,0.92291975,0.79507196,0.6384406,0.4253242,0.29074824,0.68759966,0.23599023,0.107596666,0.34549272,0.41329956,0.36889046,0.3567751,0.3630547,0.9373292,0.46355554,0.80798066,0.672318,0.4987713,0.13051043,0.44208962,0.121125415,0.49575394,0.37991208,0.749663,0.88694715,0.29607195,0.49935743,0.26154077,0.42803478,0.061921004,0.09054731,0.67437756,0.15813076,0.7652476,0.94227517,0.75363946,0.164154,0.37796265,0.47379375,0.33907092,0.83892965,0.18876162,0.8367582,0.21728095,0.37730002,0.21603274,0.39002538,0.52315885,0.3693357,0.68051136,0.46669036,0.70720696,0.8154602,0.5062984,0.45342797,0.26811686,0.24623626,0.7158786,0.5041384,0.4690147,0.21080062,0.72099984,0.5091727,0.28800887,0.931821,0.61746764,0.51155424,0.52780426,0.7493038,0.5978167,0.44814885,0.1397543,0.085213065,0.21787408,0.38741928,0.2060585,0.44915274,0.79023015,0.84398645,0.6020245,0.44996494,0.71543086,0.46757028,0.25279218,0.13168469,0.22876075,0.6926005,0.6522858,0.43654227,0.67076445,0.8671828,0.65947104,0.08667721,0.4704024,0.8993151,0.15771179,0.9279861,0.18217751,0.6179367,0.65481436,0.5903828,0.56432086,0.08808046,0.9588594,0.605825,0.48686922,0.30991784,0.5834762,0.5260929,0.5243609,0.5552491,0.35752213,0.4155844,0.08479197,0.4515862,0.69203234,0.19943443,0.28125125,0.5978958,0.5848999,0.13572824,0.548223,0.7345339
BC2026_Train_0001_S08_20250606_030007_35,0.7391366,0.6826745,0.52447367,0.40711015,0.77820444,0.21260855,0.8619437,0.94395244,0.864586,0.7669834,0.9633155,0.6124405,0.90418476,0.3738894,0.10762642,0.2697099,0.8178953,0.3572714,0.43463805,0.6902453,0.9023962,0.16378193,0.5666349,0.3959937,0.81343204,0.60710603,0.7160114,0.88581896,0.21524367,0.548188,0.6558083,0.25277048,0.72413707,0.40346503,0.34009683,0.3433453,0.32390934,0.8327856,0.33949625,0.6063071,0.20547372,0.75263625,0.8846891,0.4900626,0.24754718,0.4648294,0.2893678,0.17468202,0.17970586,0.73903775,0.7628579,0.61673415,0.42276797,0.1818349,0.4680826,0.2683804,0.14511575,0.5387497,0.45429745,0.92662215,0.93080163,0.95548975,0.9050398,0.8452924,0.78281754,0.70342344,0.74584115,0.85896873,0.16600224,0.15397388,0.2940716,0.20138448,0.26516104,0.7790071,0.36049736,0.34057653,0.10155627,0.2641955,0.86281717,0.11580907,0.30042243,0.048311874,0.59974563,0.78093624,0.4300642,0.56201494,0.7123307,0.39276737,0.13819835,0.24338835,0.8373009,0.91695285,0.52028036,0.118021876,0.14490288,0.66162103,0.56206775,0.08867778,0.45096117,0.4830371,0.20165956,0.27984896,0.63054335,0.97829103,0.9784584,0.46790892,0.19236544,0.9832103,0.25403604,0.32087114,0.3951931,0.9840765,0.81180406,0.48040166,0.57823384,0.15937817,0.805431,0.41817242,0.031170081,0.24170634,0.29577947,0.29888988,0.27823305,0.3763063,0.9138744,0.5698611,0.80432284,0.59658086,0.35038793,0.19532612,0.31843054,0.41805732,0.41045344,0.48396245,0.81326985,0.7238803,0.37563866,0.53780055,0.33394414,0.63768196,0.060709752,0.08462837,0.6613904,0.18908301,0.9527756,0.8713585,0.5121629,0.08271809,0.18156764,0.4602127,0.4523242,0.7159252,0.10127357,0.6055281,0.26402688,0.27774435,0.16524911,0.3757131,0.36880368,0.21111895,0.7521966,0.3152613,0.56999665,0.66377175,0.29579806,0.5797054,0.42613038,0.19718081,0.5133511,0.39298803,0.3219753,0.18774828,0.52582264,0.34445095,0.1374707,0.9383544,0.57573557,0.42784908,0.45407325,0.65659916,0.5051425,0.46722466,0.12912565,0.19416267,0.11199014,0.29106462,0.11080599,0.21690887,0.55931056,0.8852334,0.5275798,0.5465462,0.6415539,0.36994356,0.14937867,0.14974952,0.16312274,0.55195564,0.6179507,0.5748903,0.41444677,0.6620891,0.6810235,0.05942127,0.22664958,0.9208151,0.2511248,0.9627135,0.119496085,0.500292,0.42662865,0.43888593,0.63122976,0.16826543,0.9702712,0.5692577,0.302218,0.3200028,0.389614,0.36431658,0.26905584,0.62606454,0.4306708,0.12887064,0.07159367,0.19454697,0.49939227,0.29211354,0.100014836,0.45927775,0.674924,0.100473344,0.58350885,0.60247976
BC2026_Train_0001_S08_20250606_030007_40,0.7938748,0.72478247,0.5772298,0.26110756,0.81514215,0.36504972,0.47332555,0.84282744,0.64906657,0.66327596,0.72692466,0.4797022,0.83172536,0.42089164,0.08602067,0.31183308,0.8902066,0.59843135,0.6310952,0.8036321,0.91835856,0.13992365,0.79547656,0.51564604,0.9218387,0.621313,0.5286385,0.92446715,0.36709434,0.48663366,0.5362247,0.121658936,0.70552635,0.25658682,0.326931,0.11229153,0.18244609,0.8286333,0.5942302,0.7308178,0.31967264,0.69781256,0.8405385,0.3854332,0.19625834,0.31852096,0.31803256,0.15018909,0.13565256,0.7021347,0.78260887,0.56215906,0.49138314,0.24521682,0.3975455,0.37028897,0.097800165,0.7792975,0.5710442,0.9089712,0.97493076,0.9383327,0.9784796,0.92942286,0.79283273,0.8151673,0.5281797,0.93554056,0.122755006,0.27009526,0.34056425,0.28602415,0.24933535,0.5322029,0.19063151,0.30166054,0.07713193,0.13043737,0.83943844,0.1494326,0.33732653,0.11828315,0.555966,0.7237827,0.48317656,0.5599069,0.544744,0.22700953,0.11428374,0.1919595,0.85231566,0.6835967,0.43599886,0.084697306,0.29798555,0.51191664,0.32292187,0.1360127,0.2613657,0.28223747,0.1858427,0.21077424,0.5669118,0.96948016,0.94783294,0.22247143,0.15990612,0.96926475,0.14264801,0.25019324,0.36939186,0.93974364,0.7162522,0.37580442,0.29549697,0.17355645,0.5950866,0.20642188,0.040390916,0.08729854,0.25007343,0.2157116,0.21295115,0.29955176,0.91901815,0.4183836,0.80042696,0.4659982,0.3079883,0.11195339,0.28176025,0.3672517,0.3478884,0.32330024,0.67239034,0.8258209,0.33684665,0.19940776,0.19305772,0.40542048,0.096000835,0.036891725,0.33794266,0.2215029,0.7862609,0.8422637,0.4470995,0.18387902,0.25201252,0.5293979,0.23863181,0.56398344,0.11249542,0.8311231,0.1793814,0.28301105,0.120709874,0.26561522,0.21400571,0.24484274,0.7394477,0.14144087,0.57462025,0.5521689,0.25872785,0.41892195,0.34668452,0.18885583,0.41371667,0.40119362,0.28567225,0.1366452,0.44043374,0.32902038,0.11479229,0.89745545,0.4433129,0.32751536,0.44155157,0.6614672,0.4894252,0.17167467,0.10458226,0.091524795,0.10352202,0.13827619,0.090408266,0.19434601,0.753052,0.7683128,0.3789795,0.5403236,0.49437344,0.24159712,0.055211794,0.08893044,0.10586234,0.42619646,0.51551396,0.38992846,0.34342474,0.5731632,0.50358605,0.06721401,0.13739526,0.903123,0.42914897,0.97124434,0.16487435,0.24156019,0.22858271,0.35054344,0.45600665,0.30571988,0.96935415,0.49112594,0.22329931,0.33979404,0.337043,0.45430177,0.17667311,0.3426594,0.1420888,0.14988877,0.059205174,0.098347455,0.48298955,0.22741514,0.035476085,0.19838876,0.500502,0.21499011,0.40897685,0.36436415
BC2026_Train_0001_S08_20250606_030007_45,0.7882098,0.7318018,0.67263734,0.52767056,0.784973,0.17041796,0.5375613,0.8597477,0.84118426,0.49591535,0.49205554,0.5238017,0.97157776,0.32973635,0.05364369,0.52470315,0.8917644,0.57540554,0.6579033,0.86780465,0.8391589,0.32681963,0.758324,0.60978436,0.85849833,0.6718799,0.3425985,0.89799225,0.2957309,0.5205318,0.73279387,0.42487597,0.60340816,0.48891968,0.33114094,0.35732207,0.5144003,0.8778155,0.5415154,0.71778893,0.23662072,0.5682981,0.9242966,0.7841015,0.37353987,0.52129877,0.5908605,0.31636816,0.11430754,0.7952014,0.87250054,0.77527696,0.6597198,0.286534,0.2130925,0.29329485,0.1668095,0.87304056,0.5545603,0.97305775,0.86689854,0.96979696,0.9620316,0.84720314,0.8564774,0.84758186,0.4835689,0.8187853,0.2929436,0.34863013,0.4746146,0.41058898,0.54691833,0.6456394,0.32355338,0.417077,0.08241084,0.3077734,0.696825,0.19892257,0.27451807,0.08782023,0.6421703,0.44302875,0.65863955,0.7973074,0.6855886,0.27659655,0.18498889,0.16428584,0.84489346,0.8443198,0.31910592,0.16196543,0.37998927,0.39875,0.41650772,0.18265966,0.124618575,0.41873717,0.41553658,0.18034515,0.73190725,0.93165416,0.94977033,0.2943747,0.39508784,0.90658236,0.15560251,0.5213591,0.6437937,0.8833078,0.9151046,0.3656519,0.22032723,0.44889012,0.64691496,0.12347117,0.13685216,0.12260619,0.5951547,0.39193064,0.45826042,0.18751784,0.94944984,0.28837106,0.65782523,0.5969798,0.6336044,0.16479051,0.50796723,0.40462327,0.33221275,0.416968,0.5528436,0.8235111,0.6323589,0.31227696,0.37577224,0.3824454,0.15124637,0.07377884,0.42784554,0.21733573,0.9518152,0.845318,0.71473885,0.4573099,0.3560685,0.45637727,0.30355656,0.7554587,0.07968129,0.9604987,0.31303906,0.6134448,0.24560887,0.5089984,0.3001783,0.4541211,0.42016256,0.29760563,0.61697733,0.8234304,0.5396022,0.7830277,0.32216275,0.39737654,0.6211555,0.64321876,0.5721234,0.24008694,0.5906458,0.5298541,0.07729052,0.8848448,0.5966605,0.5713154,0.6430906,0.667225,0.6010387,0.33728772,0.28054065,0.05815994,0.39273542,0.22415361,0.19203708,0.42046577,0.7681,0.66026175,0.36296105,0.6877172,0.5273701,0.41723734,0.12261379,0.14059812,0.12454394,0.41997635,0.5285884,0.30548948,0.5366266,0.7418854,0.31156653,0.1923931,0.38632667,0.9148073,0.37876832,0.9091382,0.10594236,0.24748099,0.36136854,0.63721824,0.24983084,0.16462305,0.94368064,0.6869538,0.54192597,0.50902975,0.5893375,0.44995308,0.2602397,0.3725314,0.058077753,0.39226276,0.14002126,0.15530866,0.64862424,0.3638627,0.09875508,0.33086413,0.4317756,0.2825377,0.46923435,0.6171943
BC2026_Train_0001_S08_20250606_030007_50,0.8294611,0.79449725,0.42401418,0.44380224,0.83077407,0.2830048,0.6989827,0.8968594,0.9582933,0.6678529,0.6720537,0.2900976,0.93728685,0.43406114,0.10215175,0.35324448,0.8749738,0.152947,0.6854179,0.7657937,0.85481095,0.2274873,0.53897655,0.43175578,0.87413454,0.60771316,0.53100014,0.92514026,0.26159596,0.5063857,0.5005642,0.19235459,0.43211237,0.30920535,0.24193516,0.35837373,0.19648689,0.9191459,0.47492555,0.58384717,0.32660404,0.68791294,0.8927275,0.6056283,0.24392083,0.37376273,0.45959175,0.22975665,0.12645502,0.64696634,0.67456174,0.62182957,0.51956505,0.32858846,0.277802,0.48663267,0.10537675,0.36362544,0.23313242,0.9489583,0.84141195,0.9717529,0.9413942,0.9357562,0.76613,0.89458525,0.46433032,0.8704581,0.37765342,0.22574416,0.26245415,0.16271406,0.431848,0.7872386,0.20134124,0.46143138,0.25743908,0.16938958,0.6573905,0.2012212,0.25499886,0.030125584,0.59473646,0.5633999,0.510509,0.74711615,0.46148294,0.2149601,0.31244373,0.22395988,0.7927083,0.84939873,0.34172368,0.15255077,0.19625866,0.76134956,0.42887998,0.06358107,0.14695707,0.42449284,0.23240317,0.19604948,0.7952379,0.9723065,0.9699694,0.2771253,0.28133017,0.8360538,0.09256749,0.40721905,0.5568748,0.92904854,0.75024545,0.48062512,0.2946161,0.31064883,0.40820295,0.19791642,0.08863044,0.17217141,0.51262987,0.32408386,0.303282,0.21865673,0.9743454,0.29406777,0.7497018,0.5357437,0.5757542,0.15500078,0.44898555,0.25601578,0.49494666,0.29440692,0.56669307,0.5968274,0.48301408,0.47161293,0.27440137,0.54777277,0.09643026,0.052714907,0.33102182,0.16947132,0.90509653,0.8730467,0.55492055,0.25197276,0.18534806,0.4825803,0.27391312,0.69906974,0.047731504,0.79785776,0.1776754,0.5459179,0.22330888,0.37841868,0.4942031,0.26033735,0.2517832,0.16410637,0.7486,0.78131074,0.45953232,0.46289355,0.33061016,0.17910007,0.53259325,0.45000523,0.47562653,0.15365823,0.63475513,0.6043507,0.043015562,0.9361531,0.43073952,0.42828816,0.44622624,0.72696424,0.33691657,0.5525182,0.14884001,0.09014067,0.24830063,0.23130164,0.1734267,0.23409078,0.64491737,0.8469477,0.2211554,0.58530104,0.6143937,0.43822998,0.088887855,0.1815573,0.11781911,0.5216949,0.39396048,0.5464245,0.46792275,0.7842829,0.537058,0.15562683,0.38213637,0.74852836,0.15452349,0.9383117,0.08328219,0.30114347,0.296698,0.5359478,0.1562989,0.3056512,0.9938247,0.56408274,0.44588488,0.48854494,0.37971348,0.47914666,0.33540863,0.22372027,0.06255581,0.1842056,0.2211695,0.14631662,0.3985349,0.14746982,0.06241475,0.2827331,0.52447873,0.24238434,0.32233608,0.724337
BC2026_Train_0001_S08_20250606_030007_55,0.88088584,0.80752075,0.6098578,0.1740319,0.8248751,0.32162058,0.46569347,0.9605682,0.61296636,0.63739645,0.7126596,0.3557924,0.90657735,0.4291348,0.10786349,0.30189955,0.8115144,0.23864932,0.58868146,0.7152021,0.90778786,0.08890946,0.5883531,0.566045,0.8380406,0.534697,0.6096902,0.9369993,0.37946162,0.61462235,0.3865751,0.073775254,0.42999017,0.39372373,0.23674518,0.1176431,0.09909034,0.87092936,0.60928106,0.49862438,0.1654264,0.584672,0.8613192,0.5665589,0.22363861,0.28354904,0.17410813,0.17484778,0.13222837,0.7158773,0.65978575,0.424352,0.28778207,0.1220957,0.32459015,0.5980133,0.10578599,0.25469914,0.33056325,0.894967,0.8941736,0.9765307,0.88937783,0.8388914,0.6342933,0.7865211,0.41373014,0.92113686,0.3717665,0.35930592,0.2878871,0.345792,0.3383225,0.50855196,0.16985002,0.22645131,0.17542033,0.12803441,0.7085248,0.29166794,0.23485352,0.06432691,0.48994702,0.76079214,0.4024667,0.63067806,0.35706902,0.17193341,0.24904971,0.2147504,0.7503232,0.88716435,0.32657945,0.122799486,0.08152901,0.7864171,0.44947112,0.026854794,0.36786002,0.30654952,0.23675543,0.13053557,0.55695033,0.9260874,0.92775106,0.21450073,0.40660256,0.9330076,0.2182926,0.37345225,0.56841826,0.9626751,0.7668024,0.44321042,0.2422731,0.14505115,0.5749641,0.15523133,0.12236651,0.16090935,0.28744572,0.22020698,0.17231637,0.3406794,0.965309,0.4270063,0.8098924,0.47872856,0.4823051,0.078520775,0.41648316,0.34402817,0.35869634,0.35727745,0.5327233,0.7346779,0.2126934,0.19569463,0.20664674,0.36328208,0.027242333,0.046478294,0.3198883,0.23733628,0.8027363,0.8478402,0.46240532,0.107017845,0.08954963,0.35539564,0.23859924,0.6043253,0.10890466,0.7333144,0.0948945,0.45621395,0.09344025,0.2743802,0.28235394,0.19616681,0.2445633,0.16910401,0.5899763,0.5429977,0.43981302,0.5233434,0.29552773,0.16941217,0.59260684,0.39868718,0.5251659,0.055327706,0.3786146,0.46544832,0.089463994,0.9719725,0.50236934,0.32774997,0.3668477,0.74293923,0.2711599,0.35380268,0.07144505,0.13886426,0.09034355,0.15525976,0.20490873,0.26647937,0.510198,0.7991874,0.36656874,0.5293601,0.62883925,0.21757042,0.061467394,0.09399901,0.10712567,0.56555593,0.5402832,0.36675453,0.40532804,0.42853633,0.6042912,0.23845053,0.2433134,0.7500037,0.15373331,0.9805249,0.14972666,0.16959065,0.17208049,0.35091186,0.34031904,0.31410676,0.9589303,0.51931006,0.21582928,0.31646964,0.2201955,0.38927895,0.23374622,0.4565288,0.2040875,0.036268022,0.07269351,0.25289533,0.33894914,0.1743066,0.06478579,0.29749477,0.4860432,0.2539451,0.18193465,0.5807378
BC2026_Train_0001_S08_20250606_030007_60,0.83507204,0.6553061,0.9415041,0.53983045,0.86794335,0.653551,0.5994433,0.9113817,0.7261311,0.5367913,0.6666743,0.9094479,0.97902083,0.66925836,0.15637791,0.48615348,0.7668537,0.81560206,0.8354813,0.83147025,0.90862393,0.5170268,0.87720597,0.63797903,0.93331826,0.6923344,0.8187931,0.9935,0.8810172,0.9763589,0.9422561,0.6060641,0.6433604,0.48231983,0.5947092,0.28840557,0.2357609,0.7572228,0.7563646,0.99374366,0.81654274,0.77751887,0.8990482,0.7685634,0.378403,0.5604677,0.31944337,0.50226116,0.25837815,0.7157321,0.5670464,0.5854496,0.71065813,0.39475632,0.36662823,0.62138975,0.44766247,0.9827171,0.93288743,0.9165975,0.941539,0.922662,0.8572452,0.9144167,0.8742511,0.80840313,0.66204166,0.9912269,0.45097783,0.69803023,0.51316833,0.87195206,0.5267955,0.4456879,0.5573083,0.22306174,0.16534594,0.478149,0.81993574,0.55354893,0.30888814,0.115115665,0.5686758,0.48513183,0.50940317,0.42236874,0.5985552,0.20050883,0.31140682,0.26339003,0.76811016,0.9122613,0.30033642,0.18393292,0.18533874,0.2954246,0.6340475,0.086844474,0.13796377,0.24616644,0.4192467,0.14306235,0.38350728,0.9168,0.9347781,0.2098577,0.37764198,0.9100101,0.14287084,0.24922487,0.27845478,0.88075066,0.5834382,0.11938612,0.26556608,0.27070022,0.86654794,0.25690186,0.38547707,0.1032332,0.5786823,0.2882517,0.18100479,0.37880927,0.98776686,0.67367816,0.86529016,0.7198937,0.68611443,0.2708552,0.8649812,0.27975884,0.54133993,0.23055278,0.19348365,0.827301,0.43406546,0.08103375,0.48946553,0.4752768,0.031705584,0.059508376,0.32975686,0.07646233,0.94847107,0.9690908,0.61631835,0.038043335,0.23908305,0.18543959,0.14258672,0.70904505,0.5340941,0.569434,0.25020114,0.28676233,0.14435138,0.2681235,0.13962586,0.5690655,0.7959341,0.4142607,0.6620188,0.36618906,0.4519962,0.64986944,0.35398453,0.24221767,0.44168591,0.6175064,0.6232547,0.15069771,0.19114107,0.391082,0.12425725,0.9732239,0.57282656,0.5370773,0.1844345,0.93468636,0.1929881,0.11245109,0.17591941,0.18776932,0.14803866,0.041572332,0.18181229,0.33428073,0.44176087,0.7159295,0.48102403,0.60865337,0.75050926,0.24869293,0.2414177,0.05013009,0.17848292,0.5944058,0.646515,0.1672377,0.23900425,0.21106799,0.6473383,0.20411833,0.1049248,0.7219188,0.31637675,0.99870825,0.19235668,0.39736646,0.3182901,0.54370004,0.7677969,0.07880384,0.94083965,0.45397288,0.16253784,0.36813557,0.09832424,0.44262898,0.3326894,0.4725306,0.2404875,0.043725207,0.066824585,0.35432017,0.21503231,0.4824604,0.18901539,0.5961369,0.51604015,0.6135572,0.11936933,0.30619258
BC2026_Train_0002_S08_20250607_030007_5,0.8589611,0.89398503,0.8808112,0.7287562,0.9950416,0.41385543,0.40866238,0.8907604,0.6374364,0.30580604,0.8972244,0.9019921,0.72946846,0.6678752,0.10501504,0.612087,0.9850396,0.1666362,0.53978264,0.43070585,0.80736494,0.73855263,0.73636746,0.8388005,0.9887885,0.9801741,0.64574915,0.8195846,0.12330559,0.74189913,0.85024214,0.49611607,0.29347876,0.693766,0.13160068,0.7026819,0.63751304,0.9842689,0.797827,0.5990092,0.41178858,0.90785384,0.99196136,0.6490314,0.4058255,0.41211712,0.88180816,0.24612373,0.23945686,0.83302283,0.8555065,0.8618773,0.9959754,0.81604147,0.6660035,0.35967833,0.37416404,0.53326535,0.74722266,0.82540715,0.71754444,0.85723484,0.8861503,0.99964327,0.8476557,0.9362385,0.5006583,0.7885213,0.14227478,0.5569098,0.47295415,0.43665951,0.4698457,0.58918023,0.09364474,0.47814265,0.2952277,0.26015937,0.14806375,0.08264762,0.46177542,0.43520266,0.63929904,0.37832195,0.41118962,0.75871396,0.80068004,0.685415,0.21912657,0.48805726,0.71191037,0.43990088,0.44266,0.04373362,0.12184,0.40253967,0.54406834,0.075798005,0.49523312,0.5765384,0.5169101,0.63646066,0.5815674,0.81889176,0.88176996,0.1729654,0.67715645,0.46351224,0.23473307,0.354908,0.747424,0.71021056,0.7853792,0.21032387,0.6977176,0.47462207,0.8014271,0.2661357,0.16580334,0.36732453,0.34915453,0.3857509,0.53463626,0.27733412,0.8727418,0.15444157,0.4309427,0.26088515,0.03754021,0.033712126,0.5984923,0.38172182,0.38711607,0.3228982,0.4539879,0.7783531,0.24966401,0.32454085,0.42366803,0.97769034,0.24069369,0.24293354,0.55348516,0.21098688,0.7389485,0.6872523,0.71955276,0.2587327,0.20922087,0.2729367,0.52345294,0.38970435,0.29710144,0.3985448,0.15872884,0.5783532,0.013659666,0.56084704,0.22432816,0.54878247,0.28023887,0.60121113,0.13088807,0.8375124,0.86730206,0.83556145,0.124708585,0.13845249,0.8601737,0.5481111,0.117019325,0.4855442,0.7205858,0.7330171,0.20513791,0.71369946,0.8477787,0.27871418,0.5459091,0.5819874,0.779204,0.36425203,0.58084834,0.13173793,0.08013217,0.2723093,0.5644698,0.9143708,0.60122365,0.7733443,0.25350356,0.40464884,0.1546495,0.51255995,0.33073288,0.09955071,0.5430421,0.5312625,0.40808225,0.4424274,0.86477375,0.90947294,0.4644106,0.28595924,0.26041794,0.70220125,0.28202555,0.8450937,0.059155077,0.5913669,0.64618623,0.42291832,0.18784636,0.6641096,0.90512323,0.64656144,0.24597114,0.58057916,0.74183524,0.3937027,0.6187895,0.81904924,0.4829073,0.1179743,0.33830512,0.5078417,0.5559231,0.05721417,0.2740862,0.33026636,0.43688947,0.36411047,0.15937832,0.90818274
BC2026_Train_0002_S08_20250607_030007_10,0.88807726,0.8402362,0.8495387,0.5391836,0.93218374,0.53993267,0.5466501,0.8785081,0.7066866,0.4782168,0.89662033,0.9434502,0.7282796,0.61964065,0.05021698,0.52634907,0.97299373,0.40844548,0.38078743,0.46550786,0.9142979,0.3669592,0.8554182,0.6365492,0.92094153,0.9077172,0.7244048,0.844059,0.4644488,0.7392241,0.73318475,0.2629071,0.22774696,0.5533267,0.22869316,0.54635805,0.3855025,0.9456917,0.8075181,0.5568187,0.14755204,0.8967117,0.9073696,0.7775465,0.32881016,0.23808484,0.74937207,0.078228235,0.29689556,0.84251666,0.82019305,0.83365095,0.793002,0.56726915,0.5887165,0.2754048,0.2033841,0.7675353,0.6818711,0.80171025,0.8240037,0.9713735,0.69845617,0.9940032,0.7221875,0.5856016,0.8893849,0.7209953,0.102002665,0.5974366,0.43585816,0.6338258,0.55226314,0.33032244,0.36075848,0.4758014,0.20576133,0.15971926,0.20473799,0.24330637,0.5036973,0.24825674,0.64052474,0.353885,0.39360845,0.878364,0.5927156,0.54882896,0.14679402,0.2251104,0.5609797,0.6113447,0.5385486,0.08965643,0.119055316,0.60524255,0.35425258,0.082617804,0.36589217,0.47456604,0.4863729,0.45592248,0.48941374,0.8378309,0.90577334,0.06493749,0.61786073,0.7361928,0.1192397,0.32975054,0.5257343,0.78300214,0.605396,0.2869816,0.58928645,0.39152724,0.70412195,0.09449902,0.31179434,0.30261567,0.2700073,0.16315776,0.5941676,0.4434374,0.87298036,0.30917823,0.62869513,0.43180296,0.12428189,0.06813887,0.5387556,0.31916553,0.45446604,0.30697626,0.4131254,0.7381371,0.06761201,0.24181002,0.16987365,0.6951653,0.106784776,0.17193222,0.47956783,0.25678268,0.90104055,0.68756044,0.8167546,0.27558726,0.41467828,0.4273101,0.4910637,0.51264876,0.1504324,0.35182804,0.16783845,0.28271446,0.037699915,0.5980694,0.17217204,0.4106753,0.06713754,0.35824624,0.15161896,0.7717687,0.89594865,0.3776545,0.12942284,0.075838566,0.7869165,0.7650825,0.12184821,0.20455942,0.7199552,0.52358687,0.15639585,0.764212,0.79563355,0.25503793,0.4305309,0.53670365,0.7348896,0.2697507,0.34706432,0.22237112,0.08277336,0.26384962,0.72293735,0.63169634,0.62635136,0.6345575,0.12409547,0.3624463,0.081570685,0.38613594,0.16558418,0.07948196,0.3209105,0.6274096,0.414375,0.21771142,0.7536166,0.6063514,0.47854877,0.21906008,0.12342639,0.74548775,0.32642722,0.8642262,0.054827645,0.7074268,0.3764267,0.5115924,0.42114687,0.5786752,0.916453,0.43534076,0.15852782,0.45840138,0.50210506,0.2690572,0.41868627,0.57967496,0.25971776,0.15596437,0.08671267,0.46667337,0.4687102,0.14109424,0.25178432,0.17288162,0.30120945,0.507873,0.17583916,0.8411034
BC2026_Train_0002_S08_20250607_030007_15,0.85013825,0.68363523,0.49427742,0.7105968,0.86059797,0.38453686,0.49710065,0.57934976,0.5206618,0.44440943,0.8254907,0.8453573,0.7714118,0.58755815,0.12223925,0.62879884,0.94556123,0.2769326,0.38084686,0.5968802,0.9534022,0.3863496,0.6267414,0.85346365,0.97071314,0.9234724,0.6251977,0.7419888,0.28487676,0.5951264,0.8652184,0.46341074,0.32053444,0.53917664,0.1329869,0.5807778,0.6959883,0.90056896,0.7017398,0.41240054,0.32448742,0.76875615,0.9484027,0.69478613,0.55867726,0.4424141,0.72971094,0.05733473,0.3654176,0.8221928,0.85935485,0.9388932,0.92794967,0.88487065,0.6930164,0.20930997,0.41008282,0.5351103,0.3508464,0.74060154,0.60706353,0.88556635,0.7325965,0.9852727,0.65516305,0.2700184,0.62471604,0.72842586,0.1851373,0.55206805,0.6251205,0.7168423,0.48703265,0.3319465,0.15798208,0.5686035,0.15313244,0.3570482,0.39626312,0.33226925,0.62633157,0.4184068,0.5922901,0.44199193,0.5360579,0.88033855,0.72712004,0.81756544,0.35660613,0.2639277,0.4414031,0.8910146,0.6521723,0.13121091,0.19228175,0.5995859,0.41920975,0.17369696,0.59553766,0.44108048,0.76370347,0.37476408,0.6697067,0.8642819,0.8730786,0.1443392,0.82110476,0.74156964,0.19875354,0.6802534,0.7159879,0.6309842,0.8985319,0.52835107,0.720899,0.60296077,0.52979326,0.081719965,0.16357768,0.3683589,0.3420478,0.2850194,0.6792178,0.4383158,0.8210864,0.47791052,0.64937675,0.45161468,0.062321603,0.11375982,0.47543862,0.3938753,0.6541624,0.48565578,0.6302415,0.5833505,0.070393644,0.28794128,0.36694825,0.55694306,0.14871907,0.2120673,0.53839993,0.22117995,0.79821455,0.8085737,0.9052495,0.38386863,0.3180083,0.38601395,0.5533671,0.7010292,0.2988208,0.6010314,0.23852219,0.45702022,0.06894508,0.8070618,0.3255015,0.53140116,0.30672434,0.58586615,0.28088638,0.8658918,0.89582115,0.87409467,0.12735566,0.19467208,0.8989731,0.8480656,0.3430701,0.34091467,0.68648887,0.76236296,0.35156524,0.7906952,0.8036282,0.521413,0.6865257,0.52609813,0.8315166,0.4133702,0.48094928,0.4268244,0.28492677,0.45636958,0.69899297,0.71019435,0.86354285,0.6268345,0.11317082,0.53414726,0.12261014,0.534129,0.3472465,0.2271725,0.3634473,0.70816493,0.25819987,0.27790484,0.8964479,0.562058,0.593114,0.39693034,0.1823417,0.8026012,0.46651527,0.8251017,0.103252225,0.5686122,0.4666446,0.65112793,0.37875408,0.4838171,0.8891358,0.4968522,0.3927343,0.4844646,0.6372435,0.30501494,0.603021,0.83361244,0.33553636,0.36803567,0.13500267,0.64370966,0.7246577,0.11294034,0.26283112,0.40046668,0.28330737,0.7432823,0.4289562,0.92848516
BC2026_Train_0002_S08_20250607_030007_20,0.9242645,0.6524198,0.48599583,0.78920615,0.94665587,0.52202034,0.36903936,0.3237666,0.87872744,0.27170682,0.85436124,0.8303451,0.6657169,0.6496564,0.20991346,0.68945396,0.8738824,0.2752798,0.29467475,0.46245897,0.9733156,0.44446373,0.4808584,0.7868427,0.92926824,0.96300054,0.557379,0.7807326,0.08906691,0.5061562,0.92448854,0.6005705,0.36947116,0.6256639,0.18764234,0.89701617,0.92333066,0.934925,0.7656073,0.5672178,0.27936888,0.9431326,0.98815626,0.7672353,0.4101522,0.6749382,0.81010973,0.14554444,0.55436575,0.74831915,0.86199963,0.9441508,0.96960396,0.9369887,0.9433788,0.19401325,0.5868991,0.70963544,0.47251713,0.84796715,0.3802263,0.84504443,0.64585793,0.9738332,0.6933355,0.33921164,0.5093167,0.77252674,0.115293324,0.6455598,0.52617013,0.6904093,0.6152323,0.5684165,0.19938189,0.73627114,0.38028622,0.38788855,0.20782012,0.20955905,0.57686853,0.59570944,0.6783985,0.44209316,0.5225631,0.8529489,0.6803365,0.77251697,0.4844458,0.3846401,0.6253226,0.60883236,0.5937326,0.12144439,0.073037475,0.447839,0.60273266,0.11945559,0.6240736,0.45065954,0.82916,0.60494286,0.5873206,0.8230599,0.810454,0.274192,0.869612,0.6671674,0.25561786,0.6689731,0.7954588,0.25792128,0.7970726,0.5984802,0.8110031,0.6977681,0.5651745,0.19608802,0.28470355,0.42178875,0.39049405,0.43708807,0.7369343,0.54815185,0.7726363,0.44646192,0.3828292,0.6489681,0.16470997,0.13479452,0.60873055,0.593864,0.77792287,0.48847586,0.7503642,0.87790537,0.13100913,0.510787,0.5701052,0.8090906,0.31802762,0.27980712,0.60806894,0.31553388,0.58781314,0.71320426,0.7958318,0.507951,0.12668364,0.23316778,0.7349957,0.5324657,0.5300712,0.55225474,0.15061125,0.514591,0.17558041,0.90731215,0.20921424,0.5561335,0.12317911,0.5992843,0.25682476,0.8656281,0.7955481,0.7091713,0.09278925,0.33879113,0.9517468,0.7683697,0.27175292,0.65656245,0.8634341,0.8113649,0.42702347,0.81634927,0.841928,0.83374834,0.62211096,0.4563768,0.6194082,0.28521276,0.6154463,0.5404751,0.31838524,0.6543355,0.7611337,0.7823157,0.90783745,0.62995994,0.23671046,0.49551523,0.21978086,0.64749444,0.40987188,0.26670566,0.5336387,0.66777647,0.17987838,0.47397178,0.85317457,0.91738045,0.5988885,0.4210391,0.21615344,0.5978869,0.6820495,0.6910703,0.11874606,0.58511186,0.76045865,0.6984837,0.105252445,0.82833135,0.81459343,0.61837643,0.41145104,0.5260358,0.8128289,0.418128,0.57789785,0.9657656,0.37682074,0.5294553,0.3069165,0.6058223,0.8534652,0.07252281,0.3218844,0.69061196,0.3744356,0.5978297,0.34571838,0.97007513
BC2026_Train_0002_S08_20250607_030007_25,0.94535637,0.63064444,0.29113996,0.85508406,0.9262847,0.5584155,0.61544615,0.5193006,0.8179108,0.2963986,0.79602146,0.65993476,0.7520844,0.72371435,0.16693872,0.7246002,0.851153,0.28030282,0.44379193,0.5437395,0.94272405,0.8509354,0.72053015,0.7205508,0.83487236,0.9308059,0.6676643,0.74450994,0.082812816,0.39077795,0.9943428,0.71160316,0.33757168,0.7790116,0.18946108,0.73865277,0.87246764,0.9238256,0.6184417,0.7011001,0.57810295,0.9813597,0.98653305,0.72922754,0.43934965,0.5883288,0.8571236,0.12980524,0.69501245,0.63831997,0.65527916,0.93268216,0.9147974,0.95867646,0.9115195,0.12227151,0.6640289,0.9777484,0.58371335,0.9449515,0.39468938,0.7779077,0.63444006,0.88993746,0.66240156,0.66454655,0.73937154,0.8460983,0.13098687,0.41090393,0.45609903,0.6446618,0.72594404,0.76197386,0.1452776,0.70015085,0.4434567,0.2466169,0.21525222,0.3148656,0.55718136,0.3620364,0.7141125,0.4331888,0.51142836,0.8610085,0.84747314,0.72514975,0.41911948,0.35111517,0.6433904,0.5734471,0.4071595,0.13012439,0.023804478,0.40224725,0.60316235,0.21980889,0.60925674,0.41421604,0.6033921,0.57663035,0.7840704,0.86770463,0.7911848,0.47985405,0.65266705,0.4241823,0.23362808,0.5243449,0.7135519,0.29453143,0.908638,0.49589956,0.6784754,0.50571257,0.6335075,0.33816147,0.43652487,0.5043963,0.59948444,0.54355574,0.66797364,0.49526453,0.8358238,0.43218547,0.16378218,0.7201667,0.49065962,0.22333491,0.4450025,0.449322,0.7513944,0.42000258,0.5943318,0.93483585,0.35899532,0.48468792,0.40895933,0.9500279,0.5353661,0.30214435,0.4448355,0.40036854,0.98894155,0.5868256,0.5998757,0.4856835,0.07087913,0.23969147,0.69006324,0.29348433,0.4299897,0.6135376,0.16243216,0.43924853,0.0884375,0.8867701,0.113921866,0.65935546,0.24011558,0.37660158,0.3513645,0.85209805,0.73571837,0.7089629,0.2161125,0.56346667,0.8997831,0.6516293,0.33840734,0.6228557,0.72651315,0.60931176,0.56966984,0.75778544,0.7121669,0.90730417,0.62877655,0.43679655,0.664907,0.37880522,0.5574579,0.22846532,0.5471542,0.6135906,0.6323974,0.72322536,0.83877075,0.59285134,0.32058352,0.59294415,0.23348048,0.6605563,0.3266489,0.11992182,0.39230835,0.66897684,0.2633915,0.5084687,0.69823503,0.8234637,0.5633715,0.30680606,0.30695778,0.59175843,0.5869195,0.7212033,0.11039878,0.43116993,0.85601956,0.8474383,0.047233522,0.8031589,0.90457976,0.7284662,0.29136786,0.54256165,0.76470006,0.35897797,0.5205824,0.95157766,0.15910855,0.5535266,0.180118,0.5014471,0.66720915,0.13329226,0.28638065,0.57592434,0.41334206,0.38171542,0.3239442,0.9883733
BC2026_Train_0002_S08_20250607_030007_30,0.9136623,0.93988013,0.43834382,0.97090197,0.97331035,0.3186615,0.50832915,0.4753567,0.72083735,0.4056832,0.8869745,0.78030026,0.74778867,0.7450632,0.16077414,0.7015784,0.82103693,0.46690026,0.40258837,0.3745724,0.98955774,0.633155,0.6459074,0.87508476,0.97979426,0.95350224,0.4804899,0.76718795,0.05672378,0.34209245,0.98490053,0.5444225,0.14641891,0.7129812,0.1563695,0.81921375,0.8799916,0.9476208,0.80623513,0.6404288,0.4898037,0.96529245,0.9198755,0.63503855,0.49544698,0.63407016,0.97265184,0.09293644,0.6977656,0.641356,0.89876,0.9821074,0.99668324,0.985269,0.92928624,0.1084094,0.46262455,0.84054697,0.24984473,0.8279587,0.31970406,0.8225565,0.80876815,0.93709725,0.6446109,0.63113636,0.65518093,0.86013556,0.17460719,0.43169105,0.6585438,0.71119654,0.9110291,0.5313921,0.07177446,0.59523606,0.169349,0.26118833,0.14875515,0.17484128,0.6138351,0.4253672,0.6626861,0.42594653,0.5111269,0.852464,0.76908195,0.6890856,0.42318594,0.37338972,0.48755625,0.77086794,0.43165874,0.09977191,0.022150937,0.44233274,0.52529925,0.16285612,0.7731396,0.49311876,0.63217914,0.61845136,0.5872036,0.82696366,0.8220879,0.26239648,0.8073728,0.59588546,0.3644669,0.6015295,0.82574064,0.37228185,0.8817588,0.56117636,0.6965891,0.63648844,0.64328706,0.12315901,0.1794537,0.45286924,0.40965325,0.48675537,0.5996054,0.5074359,0.8327409,0.5018239,0.26280454,0.6466124,0.46032175,0.1250033,0.5537918,0.592451,0.70108247,0.35952199,0.7499347,0.7860371,0.28312585,0.5888802,0.4972319,0.9303609,0.37330085,0.40862542,0.5801542,0.50469685,0.57543814,0.7420262,0.8596308,0.48796713,0.15434256,0.46985734,0.708359,0.47491592,0.5036304,0.69015896,0.14331388,0.586911,0.073588066,0.9135004,0.13913448,0.41260564,0.2057578,0.49489093,0.43581975,0.9428896,0.7337309,0.5837865,0.14051157,0.28955483,0.96808124,0.66105425,0.46768755,0.47743022,0.8881841,0.76989615,0.3562258,0.7733946,0.77289987,0.71960986,0.7336115,0.42488545,0.8764577,0.6190865,0.47718927,0.25203332,0.37642354,0.5375272,0.56114745,0.60965085,0.75507057,0.6143869,0.19313425,0.67451346,0.2488671,0.55216265,0.41283768,0.098013505,0.4826648,0.7490636,0.25854224,0.18895537,0.9183315,0.6872717,0.32589287,0.30198216,0.26579058,0.826985,0.4129411,0.65143657,0.096582815,0.6086918,0.5808612,0.855427,0.12246743,0.50388587,0.859301,0.5592117,0.21560341,0.43499982,0.82517916,0.3162337,0.7146375,0.90978825,0.15560491,0.64849627,0.086593255,0.46473056,0.6637095,0.19201277,0.20562711,0.62285733,0.6621082,0.445811,0.36640978,0.98643744
BC2026_Train_0002_S08_20250607_030007_35,0.98288274,0.91897446,0.47652134,0.7563397,0.9646721,0.4879092,0.37039977,0.70710266,0.5305599,0.37999308,0.8547925,0.844494,0.5975064,0.67402065,0.077245526,0.6590177,0.91290116,0.30746615,0.2980823,0.46157628,0.9785619,0.47150758,0.687317,0.84479296,0.95196694,0.9920125,0.25544918,0.8352088,0.053193763,0.34342158,0.91209257,0.5137561,0.4201215,0.5109903,0.096036166,0.85325956,0.6416279,0.9945302,0.73088205,0.44172642,0.47531056,0.93125725,0.97816694,0.5724088,0.50542784,0.4646514,0.9416319,0.062551975,0.4541187,0.77046525,0.8563143,0.9839429,0.959692,0.79008836,0.7720767,0.31759185,0.38570714,0.53451836,0.23564726,0.90355647,0.5310863,0.84652627,0.80408347,0.8947269,0.8030199,0.7209418,0.45882988,0.91441363,0.22816095,0.559777,0.58789283,0.5854273,0.5874746,0.39955372,0.034943026,0.5559416,0.19953841,0.16889623,0.14370227,0.1838387,0.46961284,0.4999234,0.59137994,0.29947096,0.46949518,0.82108593,0.6112259,0.76240766,0.22729081,0.35583,0.6192454,0.51225954,0.5993193,0.050008558,0.04727079,0.5173098,0.5352275,0.22925347,0.67150795,0.42837977,0.51012355,0.6321968,0.32997566,0.8079617,0.8762431,0.107966736,0.6649265,0.76894677,0.29850912,0.29243982,0.64399296,0.5596726,0.6051649,0.38488057,0.48509255,0.5483042,0.72772443,0.22324112,0.07287517,0.32559222,0.3325451,0.22288302,0.6286844,0.44874746,0.8584442,0.41094422,0.30973643,0.35771763,0.11823298,0.06518902,0.49216443,0.59080255,0.78757465,0.33474052,0.56819427,0.80737865,0.09432881,0.41252822,0.29418355,0.6876577,0.16343305,0.23136148,0.48349452,0.2813055,0.64611614,0.8815911,0.6451738,0.31566006,0.12663919,0.38514793,0.7043903,0.3839804,0.37384307,0.6169703,0.09495126,0.46669358,0.12016183,0.58655196,0.27000746,0.34871656,0.11229952,0.52090317,0.34305668,0.89439905,0.90155494,0.66037774,0.11192326,0.13386868,0.85564697,0.4285918,0.2639013,0.41276926,0.83625793,0.75950456,0.2487942,0.81219006,0.74632037,0.46496862,0.7416953,0.46878958,0.5017679,0.46051458,0.44576913,0.51515126,0.29612428,0.35079372,0.70658433,0.53957546,0.5852891,0.64004374,0.06627573,0.46691656,0.14543805,0.30205458,0.18627463,0.24903801,0.34750807,0.7154696,0.25111046,0.18729186,0.6878958,0.6977279,0.21785146,0.14991859,0.106242284,0.7208506,0.3923996,0.7698275,0.03297229,0.59545,0.4298275,0.60410595,0.3328455,0.29301888,0.87613034,0.5661759,0.2583304,0.39705014,0.76100564,0.32389688,0.4832236,0.88143754,0.3834265,0.46445805,0.11570509,0.34896222,0.2957295,0.31612533,0.20184892,0.36458808,0.65901244,0.3013698,0.2242763,0.8850159
BC2026_Train_0002_S08_20250607_030007_40,0.9554541,0.9050335,0.6511792,0.68008196,0.9668317,0.5800991,0.69358766,0.7891487,0.8528427,0.27587146,0.7931011,0.6667688,0.66793144,0.8019072,0.19609809,0.71761405,0.923826,0.443411,0.46124712,0.5471294,0.9389569,0.6475899,0.7945102,0.8136786,0.9936818,0.9661572,0.51027554,0.8528206,0.22667576,0.45933533,0.84804916,0.6936313,0.42689884,0.7380837,0.22598574,0.7791121,0.78633076,0.9628594,0.7525641,0.5056722,0.44921595,0.9941164,0.9986111,0.5622897,0.47794685,0.51671934,0.9281113,0.1313049,0.56913865,0.8233998,0.9411112,0.9154222,0.98833764,0.8356354,0.72684586,0.22960863,0.4906264,0.85911405,0.53447795,0.9061879,0.6155665,0.7694565,0.8639834,0.90282214,0.945308,0.5386559,0.47673494,0.8949107,0.17532615,0.6387789,0.35099542,0.7772901,0.5367422,0.51975715,0.1704455,0.44044405,0.16208076,0.20895189,0.2878921,0.23164475,0.58238256,0.7769344,0.6816058,0.17593494,0.61819154,0.80097735,0.9010309,0.7577311,0.23817289,0.51450264,0.7903869,0.49863026,0.6030816,0.051400162,0.14814337,0.43504626,0.5138635,0.3521182,0.47414565,0.41729638,0.41327184,0.71590626,0.33959192,0.828246,0.84273,0.120308995,0.6726916,0.573035,0.29093078,0.16898036,0.6308663,0.55000645,0.7500138,0.18128744,0.5480562,0.39307326,0.8243078,0.19401255,0.05762634,0.2808497,0.4207412,0.2718839,0.3774597,0.33512306,0.85785294,0.26242256,0.23565176,0.3481434,0.14276503,0.03716354,0.45729697,0.5662037,0.755833,0.48681092,0.5274035,0.68419874,0.06346473,0.27599686,0.37643754,0.7589443,0.25351536,0.25326458,0.38974196,0.3537881,0.43973297,0.7523763,0.6115903,0.19815871,0.18170175,0.3752774,0.7283037,0.36209184,0.5870371,0.7180989,0.124953635,0.6302365,0.110379405,0.6822947,0.20530134,0.51028085,0.29488182,0.5345599,0.34158212,0.92414755,0.8957299,0.36883175,0.15208799,0.24564423,0.79557216,0.52130693,0.2007663,0.44487596,0.7591718,0.6599624,0.24414292,0.78521943,0.60372394,0.6146899,0.71450734,0.54914665,0.5541676,0.3419296,0.5098664,0.41452533,0.13400573,0.3543535,0.72561675,0.71654344,0.65472317,0.72282684,0.13485777,0.6574389,0.19475415,0.2953658,0.26268148,0.23740321,0.5306801,0.5399057,0.2103984,0.15248741,0.7227557,0.7721364,0.32031137,0.27772167,0.21746272,0.67670166,0.47427368,0.7781755,0.02583075,0.26717988,0.4635973,0.69073313,0.22472113,0.32184988,0.8393154,0.678548,0.14523718,0.53617215,0.68055964,0.42025,0.39177108,0.926549,0.23831543,0.24291907,0.11425848,0.33053017,0.24472436,0.44222713,0.2754035,0.3680756,0.4381557,0.47062764,0.34176332,0.8247577
BC2026_Train_0002_S08_20250607_030007_45,0.96475554,0.87042254,0.87099636,0.82831174,0.9677664,0.7160547,0.7629334,0.74389017,0.6759884,0.46216798,0.64648557,0.91222906,0.81868386,0.8294463,0.3877141,0.6430718,0.9601303,0.5519147,0.39180404,0.5992344,0.82317543,0.922613,0.64253104,0.9145406,0.9972874,0.9314104,0.7721448,0.9193441,0.44347,0.6817949,0.8813659,0.40514612,0.08897257,0.7354566,0.27772284,0.78357285,0.57807297,0.96981025,0.39743915,0.7704991,0.6513245,0.8630021,0.89958054,0.47031856,0.33002084,0.18302156,0.9130937,0.05046186,0.6974462,0.6806081,0.70182246,0.87859714,0.91169393,0.6501982,0.4089201,0.42580962,0.6393417,0.44318703,0.71698284,0.9066098,0.5584338,0.7757299,0.76006675,0.87203103,0.8703294,0.7124875,0.5863817,0.93263894,0.08236788,0.6801057,0.20164265,0.66832817,0.65719414,0.529829,0.37515658,0.5304899,0.18766893,0.1371438,0.20309666,0.11271945,0.35505533,0.5704086,0.6373906,0.22284836,0.45332444,0.6490351,0.78144395,0.7631719,0.2223301,0.33931386,0.604404,0.8957361,0.24769568,0.04500038,0.15078734,0.2121152,0.5563864,0.19801915,0.6315149,0.4016955,0.68663514,0.6456738,0.3482635,0.8366225,0.838241,0.37485135,0.8568433,0.26650482,0.1722602,0.31328762,0.43964207,0.57764244,0.7910389,0.21603668,0.5142113,0.23480129,0.8146062,0.13290003,0.124296665,0.31299597,0.5751157,0.15419169,0.53733224,0.26049435,0.9007375,0.11093597,0.38040155,0.6063555,0.40799934,0.094413,0.6053828,0.17696822,0.4491037,0.21158595,0.46633497,0.7551241,0.19045088,0.47333044,0.17061147,0.86444247,0.4478271,0.21318501,0.51524657,0.33320212,0.9941359,0.54880095,0.39515245,0.19812408,0.07201638,0.2120774,0.57954895,0.43018687,0.5026493,0.71743584,0.38418126,0.62452346,0.19952515,0.6689577,0.13537803,0.30982727,0.15773451,0.33226055,0.15186697,0.9018805,0.66185725,0.33157992,0.1052666,0.06541785,0.5339078,0.37371546,0.16745521,0.28624704,0.7044531,0.52972627,0.08937511,0.8140813,0.47047982,0.55040705,0.45517397,0.7399281,0.5552269,0.14072585,0.34625536,0.58490884,0.21524242,0.17964596,0.7462989,0.5244951,0.52817816,0.8456682,0.22059,0.64123785,0.3273698,0.27131099,0.16799963,0.24399081,0.46067366,0.5074929,0.31829166,0.104495674,0.7114004,0.86763525,0.33055973,0.24336255,0.29695773,0.51288354,0.4280709,0.83828187,0.04407961,0.16013232,0.3731267,0.4865572,0.25818163,0.48900515,0.87130463,0.6071214,0.115588516,0.46092463,0.53977764,0.21980909,0.44868195,0.83520234,0.18566701,0.12691154,0.16912073,0.21540621,0.19287959,0.12609142,0.14176223,0.16606866,0.26853526,0.34880924,0.107274026,0.77685106
BC2026_Train_0002_S08_20250607_030007_50,0.9549295,0.76626456,0.43047595,0.6326329,0.9239003,0.5402927,0.4750089,0.7097415,0.7743207,0.36827004,0.6889587,0.75627023,0.8191681,0.7428216,0.16966677,0.697567,0.90706265,0.6150739,0.6205781,0.61860144,0.7698661,0.8545419,0.86365724,0.78314847,0.9534797,0.8884057,0.56067705,0.76488733,0.2388849,0.41103917,0.8395766,0.36127132,0.2539997,0.46517012,0.28776458,0.72290814,0.4985448,0.9928682,0.6339472,0.47808653,0.23547538,0.93214214,0.96097004,0.6203848,0.34925944,0.19614741,0.8304105,0.07415952,0.40696615,0.56236714,0.8168491,0.90578794,0.97096574,0.56882817,0.7075683,0.30226833,0.41253424,0.5362908,0.44579983,0.87522745,0.7234622,0.81249785,0.6772342,0.97096634,0.8136008,0.8716959,0.7731488,0.8360585,0.13270015,0.565712,0.4253249,0.6127275,0.47144425,0.49457043,0.20486726,0.74345577,0.2687676,0.14405653,0.2805848,0.2444118,0.39150292,0.365434,0.5556551,0.5923114,0.6098825,0.77318656,0.87760377,0.6843134,0.21870469,0.45435607,0.69344807,0.7181225,0.3277139,0.11784772,0.26407605,0.26887298,0.47651815,0.31880516,0.43651932,0.53794736,0.71931887,0.63358164,0.66661084,0.7434597,0.8238044,0.2605976,0.8791565,0.46594837,0.12810463,0.53600055,0.58065987,0.65142107,0.8830441,0.30699557,0.52669203,0.44784778,0.52535844,0.25102824,0.07322892,0.18293771,0.6073281,0.22622263,0.60425866,0.1955589,0.84605896,0.26467547,0.5880952,0.4753909,0.29736304,0.14068267,0.46318972,0.13586648,0.5544626,0.17607898,0.71239495,0.75651646,0.31590402,0.48627773,0.18123898,0.78509164,0.20386615,0.49855694,0.4145919,0.16548413,0.75189793,0.67806077,0.6190249,0.4212985,0.16802564,0.17772782,0.32794088,0.51521987,0.64167464,0.73905706,0.24586779,0.51403034,0.2723021,0.65317833,0.41664064,0.36885953,0.32230157,0.43334824,0.28755194,0.8775047,0.79623914,0.44959086,0.14601062,0.06299271,0.7499043,0.54567736,0.29709762,0.3532672,0.69730663,0.6984327,0.10959357,0.6990746,0.4966026,0.400106,0.42554298,0.66320896,0.4421837,0.26222527,0.39325964,0.46017447,0.1296008,0.20231411,0.83008647,0.61699235,0.65394235,0.7405441,0.12896384,0.54028076,0.30325973,0.3038221,0.28746065,0.21346074,0.25079918,0.6842352,0.2353313,0.36543456,0.77882016,0.77265257,0.30358267,0.21500853,0.14667246,0.57862806,0.35371923,0.806968,0.069501266,0.4040975,0.7133955,0.42141587,0.3909382,0.32984245,0.8955873,0.66668624,0.36712003,0.3449186,0.5261539,0.3379091,0.59603745,0.80645037,0.46650276,0.2395592,0.31539845,0.31755713,0.4282753,0.13966712,0.11900079,0.21690929,0.536469,0.17342168,0.12149602,0.86459816
BC2026_Train_0002_S08_20250607_030007_55,0.8369703,0.87815475,0.4777965,0.7809179,0.8517346,0.4127978,0.22721782,0.7032113,0.5431086,0.32413095,0.7646079,0.88326085,0.8362453,0.6636088,0.1218871,0.7199671,0.9501194,0.28458273,0.57429665,0.43493712,0.84017694,0.54572934,0.7568189,0.79860234,0.9281579,0.8885846,0.55877,0.72234714,0.14542493,0.26659963,0.9784917,0.40891868,0.51694345,0.63795155,0.23580432,0.6723054,0.7459353,0.98257536,0.8663329,0.6331701,0.45689774,0.9668946,0.953156,0.863585,0.61482,0.4195205,0.88646615,0.1574251,0.40860987,0.70969963,0.9646529,0.9937893,0.9808585,0.80987835,0.817335,0.16907257,0.48746198,0.8201322,0.5310525,0.7936982,0.58051085,0.88327503,0.5432274,0.8588495,0.6271354,0.69265985,0.5210379,0.74987507,0.19820383,0.4438842,0.6594626,0.5393363,0.6061243,0.48670816,0.17919794,0.68524766,0.40921772,0.28488088,0.48948538,0.08724894,0.47853768,0.64888847,0.5677992,0.5760796,0.60163975,0.8639159,0.80660975,0.82194483,0.297346,0.28738573,0.4983182,0.6708938,0.51403034,0.075570114,0.10027075,0.24966082,0.47416657,0.27236357,0.49859965,0.6115291,0.7211242,0.44353384,0.5520184,0.7712829,0.752174,0.41527396,0.8565983,0.74857986,0.33693022,0.7489901,0.7619909,0.74336433,0.968964,0.69140315,0.6260561,0.61697173,0.66461194,0.12890756,0.19502014,0.19974604,0.54831135,0.44568467,0.83367133,0.26834553,0.7824831,0.49858612,0.52512574,0.5939678,0.5166508,0.08503984,0.54554796,0.42065993,0.46787435,0.39202255,0.6055158,0.6443229,0.12739372,0.5684307,0.40917474,0.529119,0.18911599,0.34376678,0.6918255,0.102577016,0.81408435,0.63619304,0.755038,0.4342572,0.19665463,0.34224194,0.46575165,0.49885386,0.7664583,0.59174824,0.2837178,0.62323844,0.09340234,0.7310643,0.42320728,0.4092334,0.23567915,0.5617478,0.18239182,0.9102085,0.81223476,0.4072016,0.16697678,0.19501567,0.92040896,0.679765,0.4581269,0.36702472,0.802459,0.83497703,0.15274763,0.666682,0.8124027,0.64373827,0.5686432,0.54753613,0.6454952,0.5628402,0.47000343,0.5255514,0.1911065,0.49271715,0.88793826,0.79091036,0.7732916,0.5621308,0.4781125,0.61169946,0.18248671,0.4629127,0.30216938,0.26240674,0.24226621,0.7887312,0.2551428,0.4955703,0.8789357,0.742525,0.30331355,0.40479487,0.16031626,0.82921815,0.50223494,0.7968757,0.066831626,0.5530627,0.8498677,0.64966214,0.21682373,0.41697198,0.82083464,0.720175,0.5957688,0.43730387,0.6464783,0.30088493,0.607337,0.90934634,0.34891027,0.19103175,0.34863853,0.51774436,0.6129196,0.42657942,0.29613072,0.53648406,0.6681721,0.2834831,0.45559117,0.96501726
BC2026_Train_0002_S08_20250607_030007_60,0.95351505,0.6047645,0.84989995,0.94274664,0.885005,0.18237841,0.31905568,0.8257166,0.65848213,0.5666542,0.7033267,0.961754,0.94546044,0.67175615,0.3291425,0.47098035,0.9304546,0.33603555,0.5614228,0.7328954,0.8536289,0.8525593,0.5620177,0.8494015,0.8809817,0.84459877,0.13164347,0.8704566,0.2460102,0.1962547,0.9605984,0.39784884,0.4401195,0.5263066,0.12025733,0.78760356,0.68806005,0.9876505,0.86224663,0.55739844,0.42949432,0.92751,0.93060577,0.5172268,0.55264294,0.49183142,0.9666119,0.21559104,0.505041,0.79026973,0.8291948,0.8474052,0.94769967,0.85306233,0.67658347,0.36624163,0.3691358,0.92224514,0.8772563,0.73233855,0.77175117,0.8880818,0.78338635,0.89309156,0.8374413,0.7726969,0.34794372,0.72707725,0.057405837,0.51466405,0.8668083,0.73214465,0.6744838,0.27486292,0.6259345,0.6790439,0.90230614,0.15895772,0.25664917,0.073788255,0.46118504,0.69018745,0.5083097,0.21381718,0.27761543,0.6837977,0.89301974,0.87633026,0.1574443,0.09567975,0.5384339,0.5371491,0.28571942,0.03310003,0.098075,0.4474832,0.523079,0.16413742,0.32763815,0.35458392,0.814751,0.29738486,0.24733543,0.8118057,0.61555576,0.39694583,0.817559,0.7001771,0.1465062,0.540153,0.52888834,0.74354464,0.8464252,0.7111145,0.6567607,0.79035103,0.95434165,0.022776127,0.7128531,0.17036912,0.47413927,0.27586055,0.82541776,0.20679724,0.68143225,0.31697696,0.5462123,0.5054885,0.7582449,0.13895358,0.4687147,0.46499205,0.44118845,0.21235383,0.7249837,0.93280405,0.026600666,0.68599474,0.29972577,0.69136596,0.2583697,0.21174476,0.8122219,0.15848143,0.44612786,0.7400721,0.53597236,0.42656845,0.13684481,0.18157381,0.43100715,0.6603483,0.5074777,0.8743948,0.26563486,0.3395549,0.15628132,0.8803103,0.08247941,0.10255808,0.1212525,0.36782783,0.19388059,0.7275951,0.97914994,0.6139039,0.06259692,0.15058416,0.8642437,0.364473,0.22523725,0.40413705,0.49515837,0.6884637,0.042999998,0.8026891,0.88797605,0.61745524,0.43336254,0.38497442,0.43008053,0.9601375,0.51857686,0.18065941,0.059814252,0.3676989,0.8862896,0.5989883,0.5866408,0.54593265,0.7743437,0.32630658,0.20644659,0.25368142,0.18350309,0.19816864,0.1728994,0.6470765,0.33702284,0.17126513,0.68054783,0.83097124,0.1837725,0.15846112,0.16116151,0.854375,0.6339638,0.7160454,0.12682426,0.43748713,0.81785667,0.5026929,0.11652534,0.5294057,0.58422875,0.4977963,0.41060984,0.19773188,0.7225696,0.28472376,0.5884637,0.8919808,0.08406916,0.054552622,0.075737655,0.28136772,0.656986,0.65911764,0.2596139,0.5770798,0.65805614,0.08179633,0.3145252,0.9715959
BC2026_Train_0003_S08_20250607_070007_5,0.97401875,0.84577405,0.5760973,0.34335455,0.7740854,0.8349675,0.50733966,0.5309199,0.8058014,0.43391347,0.78012204,0.20226999,0.53036714,0.9865052,0.6519358,0.72853935,0.4867398,0.5483587,0.9911715,0.84042346,0.6322553,0.9047291,0.98609376,0.75230885,0.9493259,0.84306896,0.9466717,0.4358428,0.5711962,0.76310503,0.61224294,0.5073678,0.104177326,0.8135122,0.69822717,0.8051671,0.7927443,0.9392371,0.7901079,0.4876405,0.19576629,0.70056236,0.305573,0.37262318,0.5193149,0.60983443,0.81000507,0.8270589,0.5361112,0.5611365,0.9840188,0.66990584,0.7730147,0.5830267,0.56287324,0.95676184,0.3751129,0.9136582,0.88111866,0.74542975,0.82517815,0.6886066,0.57362413,0.7761016,0.46717805,0.6051451,0.9776604,0.9087059,0.89893115,0.8340563,0.040730916,0.85636765,0.38048422,0.40782696,0.56744415,0.14311133,0.68340003,0.324771,0.103607245,0.84685683,0.82641995,0.5743747,0.68795097,0.19464308,0.8822825,0.15850252,0.14354953,0.30944672,0.17974496,0.45550144,0.45486623,0.33724248,0.5541375,0.44961917,0.88948786,0.8087791,0.7288848,0.9355232,0.092686504,0.39121944,0.23145828,0.5955192,0.44728994,0.69425976,0.56959003,0.36196715,0.08485301,0.33897546,0.40420294,0.38063747,0.22086267,0.27602285,0.19352126,0.51835036,0.50683475,0.494564,0.35546166,0.2384147,0.25437897,0.21634912,0.9324737,0.7043294,0.12703042,0.6901746,0.8909354,0.14831364,0.62231815,0.728353,0.6733937,0.16899881,0.58627796,0.15325975,0.56649065,0.5887595,0.63154423,0.64547336,0.2704387,0.30816096,0.166408,0.8237591,0.13961641,0.69126296,0.5434234,0.38723373,0.81990004,0.37263978,0.1317704,0.09733567,0.41989654,0.30228758,0.20155026,0.4513608,0.21970981,0.45661873,0.57131064,0.098731756,0.41234052,0.3741799,0.0202045,0.18018311,0.9106053,0.12990087,0.35729018,0.17444685,0.39664048,0.7943094,0.3431707,0.5200145,0.40085074,0.19633907,0.29788822,0.578966,0.29744163,0.27828205,0.42326003,0.905727,0.29816604,0.4994142,0.5031717,0.9888874,0.14197844,0.53260416,0.029502083,0.4222873,0.61273575,0.44621176,0.058577336,0.5828654,0.16973743,0.3972904,0.061358787,0.30863196,0.4120468,0.6268606,0.19192675,0.31999207,0.16872725,0.3623548,0.52175665,0.14354374,0.14588125,0.25021166,0.24326359,0.10948776,0.47874808,0.48683658,0.097096786,0.91182494,0.3022248,0.6301482,0.4159146,0.5004844,0.28435624,0.27444607,0.74254847,0.34240204,0.2292727,0.71635497,0.2566029,0.77772015,0.06312688,0.25508332,0.34584355,0.6715511,0.38935304,0.6510751,0.35693896,0.8411615,0.38045532,0.7290673,0.30870408,0.7569033,0.21672809,0.029998668
BC2026_Train_0003_S08_20250607_070007_10,0.870817,0.75405675,0.83491683,0.63820255,0.73731756,0.9391682,0.93180776,0.8210499,0.9841089,0.8014021,0.9923265,0.59485865,0.56597394,0.95804954,0.8547696,0.636677,0.4748134,0.46111238,0.9065315,0.92874813,0.5667795,0.9362222,0.8846189,0.4992685,0.8771589,0.86116695,0.79581094,0.5428283,0.8241861,0.58060503,0.61338747,0.7720407,0.27127078,0.9715759,0.6888474,0.8550837,0.8767055,0.8626041,0.8884357,0.57760483,0.5347106,0.48785073,0.54390717,0.7949599,0.71713203,0.47706705,0.6038453,0.92560416,0.17239583,0.73937535,0.99934477,0.9571822,0.8506459,0.6980548,0.8636694,0.95154524,0.5279854,0.44668972,0.42339855,0.681409,0.60173213,0.7804804,0.79053295,0.6925632,0.66077745,0.98398846,0.97090745,0.8931596,0.63160115,0.882753,0.16630468,0.80351603,0.6096555,0.67520165,0.9588722,0.31466782,0.7611729,0.4853207,0.36383963,0.97207344,0.8712517,0.5267101,0.79510605,0.4654802,0.91346467,0.5777578,0.1722579,0.54100746,0.38542694,0.69353366,0.33022338,0.26946962,0.81314325,0.68130124,0.74915624,0.7623372,0.9031564,0.98791814,0.21802162,0.7034291,0.32852066,0.75907314,0.20653728,0.66295135,0.56737196,0.7398846,0.11134599,0.435584,0.76249295,0.3023851,0.28331983,0.53517354,0.17312592,0.6124933,0.7770059,0.5023429,0.8293921,0.5708113,0.3642223,0.41386065,0.8932336,0.6047139,0.11727329,0.8179953,0.7910631,0.3986662,0.8514979,0.56306696,0.61322194,0.2794453,0.7313744,0.42054373,0.96730685,0.78295046,0.77355623,0.34681755,0.576457,0.6567677,0.49005973,0.8127688,0.53684247,0.6984266,0.29249793,0.30327097,0.8290912,0.47920883,0.21087116,0.6689886,0.84393406,0.5045426,0.67438424,0.37392554,0.49104285,0.42666596,0.49726695,0.24194798,0.6600294,0.6352737,0.10819763,0.7014965,0.38983917,0.40361404,0.85439956,0.20748875,0.6091554,0.81881034,0.45474654,0.3097508,0.24588072,0.5969229,0.72977185,0.5809148,0.50367296,0.4527896,0.444179,0.8169607,0.2783335,0.26898724,0.28440312,0.9829357,0.52826595,0.41156727,0.21095362,0.25751904,0.68297875,0.37768286,0.37520212,0.6059161,0.099095404,0.38946915,0.25585738,0.85546404,0.37712002,0.7446235,0.15967,0.42766422,0.46675098,0.38646615,0.5804385,0.7362634,0.16405374,0.5132338,0.4552527,0.6196191,0.3230157,0.58910954,0.4515198,0.67305195,0.3731945,0.70314837,0.29112995,0.26866794,0.381104,0.36912012,0.70768154,0.34694967,0.35078442,0.6731307,0.110035926,0.9201886,0.03342144,0.20615032,0.6550685,0.6760802,0.4035005,0.6994451,0.31869477,0.7199935,0.6402478,0.8092208,0.72056687,0.92549527,0.48595995,0.144612
BC2026_Train_0003_S08_20250607_070007_15,0.7452506,0.5767387,0.7720071,0.18881658,0.600045,0.7269757,0.92125076,0.7624521,0.91210985,0.8739809,0.97342896,0.77941144,0.4260881,0.93083227,0.7385795,0.39582956,0.62491286,0.45077905,0.8825264,0.92248213,0.46637067,0.79522157,0.54616034,0.46234584,0.75740755,0.78513944,0.69445014,0.42342466,0.77632546,0.9152074,0.36377072,0.26707003,0.4573015,0.8195638,0.5079938,0.7997496,0.2073158,0.5981419,0.6252603,0.28124428,0.48580402,0.15852152,0.08165975,0.41193625,0.62011474,0.15704586,0.16259289,0.63303524,0.06438093,0.57696384,0.8472711,0.7090787,0.30466086,0.24853949,0.5207936,0.9281504,0.2561296,0.5031473,0.40521193,0.5492195,0.4931541,0.7979692,0.676304,0.6348814,0.41289324,0.9753206,0.86331534,0.72330034,0.78173447,0.8827454,0.09720883,0.6396209,0.39963108,0.59745264,0.88382125,0.13575669,0.60063154,0.42414337,0.19751489,0.91901886,0.76428473,0.40086535,0.8076695,0.28547958,0.80475724,0.45466506,0.12693514,0.6195682,0.26036847,0.7424747,0.5131843,0.15701768,0.71840894,0.86774814,0.76223505,0.6887237,0.8256725,0.9540923,0.6115006,0.72227144,0.08907904,0.81331396,0.20794201,0.6360949,0.4635045,0.6416576,0.08806556,0.5248991,0.779068,0.065265775,0.18609954,0.30490422,0.16763875,0.43854368,0.77699065,0.32605994,0.8236276,0.75189984,0.58911353,0.49248326,0.8415526,0.35816455,0.11416282,0.69443,0.7252953,0.28213322,0.63033736,0.39439994,0.16858801,0.23081456,0.7495705,0.5675727,0.83951986,0.69105977,0.46873266,0.21699092,0.6891036,0.46769685,0.4234881,0.8271432,0.48252052,0.6809077,0.1927005,0.19413039,0.87016356,0.12976627,0.08168496,0.69792545,0.8904406,0.58147264,0.6508427,0.25145105,0.40877998,0.31349236,0.44040993,0.087590754,0.48061043,0.49236465,0.29440403,0.7946729,0.29519582,0.19145268,0.9652463,0.19571611,0.37460047,0.20756507,0.42269778,0.33987647,0.08212203,0.48827875,0.6459805,0.6630341,0.29008448,0.31234592,0.48416334,0.5434531,0.13697806,0.2799908,0.06906733,0.9591013,0.5331073,0.22155803,0.46624953,0.27327192,0.7043625,0.47802216,0.44989997,0.5257435,0.03573677,0.27709207,0.35646778,0.9670578,0.4105371,0.63161886,0.10714574,0.43251747,0.41887322,0.18140543,0.22469541,0.8077953,0.06524908,0.2837543,0.43981963,0.5628544,0.10049003,0.45464706,0.33713174,0.44003263,0.6039661,0.5845143,0.10173136,0.17623642,0.52048266,0.34337068,0.5452628,0.25903916,0.21538576,0.63854206,0.13102615,0.88869214,0.019849084,0.14035496,0.514655,0.79845333,0.2802613,0.5572943,0.5750922,0.5540564,0.7329552,0.6455573,0.7538842,0.69047403,0.26342654,0.099035814
BC2026_Train_0003_S08_20250607_070007_20,0.86650807,0.978503,0.8737545,0.15241894,0.62834454,0.7875432,0.85448444,0.5337274,0.56199694,0.3810435,0.59487396,0.59485626,0.3054365,0.8908274,0.53423107,0.6107637,0.7151791,0.6780298,0.87169874,0.927474,0.6047426,0.9970022,0.52706105,0.8770937,0.8871218,0.93429685,0.83583647,0.60630536,0.7991998,0.94961834,0.6671637,0.5214621,0.4298975,0.88448346,0.755611,0.6678738,0.6404723,0.8379936,0.87058246,0.45556873,0.24671875,0.56321776,0.19816166,0.19695485,0.5887836,0.31569642,0.6901707,0.5362524,0.14289549,0.7366612,0.98800653,0.8706802,0.765151,0.5123364,0.8331424,0.78814137,0.28783992,0.81300604,0.3639428,0.69734013,0.53604436,0.61342806,0.7615979,0.7237352,0.41987628,0.6049875,0.8258749,0.7934339,0.82647526,0.8805295,0.07609058,0.6249981,0.42060375,0.5025978,0.7375957,0.13819683,0.53922886,0.52812004,0.245151,0.9466739,0.6589042,0.4091004,0.6642824,0.32449245,0.6997926,0.11237348,0.21713075,0.87905157,0.40350926,0.71870863,0.30855215,0.4810475,0.73506784,0.89719266,0.4962651,0.21555525,0.55195475,0.97115743,0.8285583,0.77841735,0.047771066,0.7378231,0.40574002,0.66518986,0.6557578,0.4158526,0.27123863,0.37466127,0.7124709,0.0339725,0.49311334,0.2622969,0.41479856,0.55309546,0.596022,0.65903056,0.39321697,0.55784327,0.68287826,0.38369983,0.94533455,0.50315785,0.34281838,0.78920674,0.74997044,0.4041041,0.2640978,0.56880987,0.06660787,0.3229102,0.734707,0.6751623,0.6088362,0.7766794,0.37299627,0.21294978,0.64833343,0.18196142,0.4703594,0.6584873,0.4321853,0.978219,0.4133137,0.43566537,0.869012,0.10080312,0.057198584,0.41726828,0.78420126,0.508192,0.4504479,0.21751106,0.4951967,0.43852723,0.8264513,0.17228189,0.4363741,0.61106646,0.20579216,0.7067511,0.64841676,0.1302256,0.84673285,0.30227077,0.3429916,0.6918675,0.41803586,0.43187842,0.10840453,0.30104238,0.37493688,0.61979926,0.37892753,0.36513335,0.28083792,0.7027161,0.13777417,0.31002936,0.13924259,0.9640118,0.36160824,0.05587646,0.36983985,0.7086873,0.820102,0.75913167,0.2268546,0.6181866,0.09079276,0.280471,0.487553,0.7390381,0.51156604,0.5501021,0.22558257,0.48221,0.4925776,0.19422376,0.23926486,0.6571387,0.07168369,0.1387927,0.76160467,0.28106803,0.09726608,0.49185544,0.33916262,0.6613234,0.6757637,0.82486665,0.20922206,0.36210763,0.70167625,0.53127754,0.4339959,0.3731706,0.093545645,0.6434344,0.11302066,0.82539225,0.044102564,0.16787842,0.48177773,0.64717066,0.46212792,0.51072687,0.55517435,0.44855514,0.7844553,0.7743714,0.5819529,0.83356917,0.18062711,0.07993108
BC2026_Train_0003_S08_20250607_070007_25,0.86860526,0.9370524,0.97399056,0.60583115,0.6707611,0.5227672,0.6813847,0.5437675,0.8348541,0.45756996,0.5759715,0.71909547,0.38694847,0.8297521,0.5258283,0.654464,0.7552166,0.47879404,0.685725,0.6718762,0.71056664,0.70973337,0.45185068,0.8515812,0.904724,0.8082675,0.96137846,0.62404525,0.97355855,0.81732106,0.72688746,0.27914432,0.21895668,0.89106596,0.9128642,0.91883004,0.34619898,0.6982372,0.75883347,0.7465836,0.75500846,0.7880118,0.22155806,0.54287696,0.5886091,0.4727478,0.4661988,0.33059764,0.30039287,0.6172706,0.91148794,0.79641134,0.5274721,0.74163294,0.8831121,0.58364326,0.2994501,0.34950718,0.3234495,0.6578636,0.5362351,0.43620306,0.7459129,0.7465445,0.57454693,0.5575129,0.6189963,0.8392421,0.88747597,0.93456495,0.18951306,0.5050559,0.34746403,0.8234738,0.9808331,0.18032807,0.5759342,0.7110342,0.26562196,0.80706453,0.68770635,0.6240337,0.71911806,0.21277109,0.77184725,0.079812914,0.17986035,0.7333139,0.30280223,0.71109223,0.20164517,0.5235859,0.6317854,0.8941649,0.5847034,0.143567,0.68814886,0.7624806,0.68608546,0.9126792,0.14628296,0.64611673,0.5326882,0.68189615,0.59641707,0.5979773,0.22369772,0.4787141,0.7753488,0.08581176,0.7269066,0.5305544,0.22134975,0.3415898,0.5571778,0.9312401,0.32259083,0.74071825,0.71220136,0.7226076,0.8132993,0.5871184,0.1638689,0.8235512,0.76774204,0.64655113,0.31391978,0.48550585,0.08016069,0.67406166,0.91968596,0.6606153,0.37602186,0.6966592,0.48133397,0.23078924,0.6245899,0.10822697,0.62275505,0.16177592,0.48852658,0.9485461,0.43949056,0.4003793,0.7975284,0.2273497,0.060543917,0.5820899,0.5555393,0.72594273,0.32420242,0.37162358,0.52258563,0.25458926,0.8743328,0.45255965,0.5765077,0.5744938,0.34230995,0.56203103,0.34910744,0.40365803,0.629264,0.0800875,0.56998074,0.71967125,0.5449445,0.49895978,0.08003275,0.18780538,0.15732957,0.80324876,0.36132973,0.10127722,0.19979769,0.82269406,0.24007626,0.5082817,0.31007028,0.9123622,0.105369076,0.05944421,0.48637968,0.6889384,0.7627251,0.8643036,0.31958497,0.5185498,0.18463856,0.46997648,0.70653594,0.6079407,0.4759643,0.6666318,0.21433282,0.39332843,0.69225246,0.2355808,0.48111814,0.66621685,0.075913645,0.110029995,0.74434423,0.2483117,0.15460528,0.4266265,0.49093312,0.69548523,0.82611614,0.7723768,0.19068706,0.6694931,0.42092443,0.5347009,0.34471166,0.6493155,0.2697972,0.71619385,0.060238816,0.5553247,0.13047084,0.06695202,0.6012525,0.42143086,0.49628124,0.61380726,0.26081482,0.38820207,0.8859614,0.6916274,0.44020638,0.7311826,0.4565826,0.04767181
BC2026_Train_0003_S08_20250607_070007_30,0.8879353,0.9873061,0.87997603,0.2364887,0.5984653,0.42416734,0.54225767,0.4823684,0.47537273,0.70981133,0.84450984,0.5949142,0.13065873,0.8815844,0.7948551,0.63328624,0.70744574,0.550512,0.82806045,0.7255214,0.6863929,0.96288383,0.27524775,0.3429098,0.90785253,0.7226255,0.91711026,0.3704816,0.6699871,0.4407363,0.28387326,0.6396813,0.17881463,0.41661164,0.90100884,0.5241697,0.22146747,0.5113197,0.7727013,0.37385204,0.70713973,0.38856232,0.2948131,0.24280953,0.38905647,0.43923825,0.37709025,0.3576684,0.3177755,0.5212915,0.82723343,0.75887007,0.34441662,0.4513843,0.9150505,0.7086779,0.1689246,0.19529165,0.24280173,0.649796,0.6548817,0.5328603,0.8083862,0.84447134,0.8543404,0.29552248,0.7422725,0.77848256,0.86994135,0.9110668,0.05001583,0.40093866,0.50341725,0.9463485,0.6426656,0.35280085,0.40249908,0.69850564,0.30997255,0.7307019,0.67854273,0.5455507,0.83605826,0.099973485,0.65532506,0.08035508,0.38208747,0.3840502,0.24826005,0.92186,0.14666864,0.14327529,0.63749504,0.96030307,0.45803273,0.32127345,0.9468559,0.69107044,0.83909094,0.83212984,0.18987069,0.68087155,0.60017204,0.56879133,0.38080567,0.7456305,0.21119997,0.530614,0.6735382,0.26254362,0.5971423,0.77381873,0.21688023,0.29482478,0.5795254,0.8091165,0.45873117,0.82867557,0.8243036,0.85459435,0.8189082,0.9289453,0.18017179,0.65067554,0.5379038,0.6308776,0.5976051,0.65920866,0.13911805,0.6736542,0.7267909,0.7531235,0.47948742,0.6200623,0.38250506,0.6282786,0.3204893,0.057663966,0.66761667,0.23420733,0.39269742,0.98192203,0.62013286,0.64407766,0.48600096,0.10239448,0.042385668,0.93599796,0.49557662,0.73563194,0.26631376,0.5213802,0.28498417,0.28379828,0.6772901,0.50174165,0.65362513,0.39318216,0.50685364,0.4090222,0.70796573,0.5550389,0.44479066,0.073260605,0.69540703,0.18371637,0.6873373,0.5205437,0.16418442,0.05848521,0.39945483,0.9421811,0.20226952,0.09318429,0.21645948,0.59458435,0.42255813,0.36207643,0.30484533,0.8679563,0.04729583,0.23824462,0.37650633,0.28717238,0.7378994,0.86735725,0.38684678,0.22411916,0.090281755,0.37094605,0.91407716,0.6050862,0.87315047,0.7594968,0.13648218,0.37839264,0.74665,0.1380476,0.3178835,0.49736542,0.14398459,0.090881854,0.51290417,0.18336755,0.52104795,0.38631952,0.48585558,0.5755795,0.70394444,0.508305,0.2472524,0.4848494,0.39937598,0.35375333,0.5441196,0.71702236,0.4449469,0.7128478,0.048228666,0.28876653,0.3895036,0.027436167,0.48525554,0.46397507,0.6044282,0.5179906,0.10172738,0.46278167,0.91488266,0.49892837,0.47529155,0.49229988,0.52280563,0.029264607
BC2026_Train_0003_S08_20250607_070007_35,0.91846037,0.9188863,0.88642514,0.691851,0.7266499,0.66451144,0.72446954,0.13109419,0.69533014,0.56702465,0.80654645,0.67332065,0.21056932,0.95973194,0.8640355,0.69578266,0.650807,0.83106995,0.9694048,0.85866046,0.6875644,0.81241775,0.25218704,0.6628529,0.85607135,0.8314345,0.7833836,0.50975543,0.7309329,0.15813369,0.46864867,0.5623672,0.28955752,0.9854122,0.9477042,0.5756919,0.7861277,0.76014394,0.9188627,0.2706315,0.7434236,0.8486796,0.5538126,0.32217503,0.24281514,0.7098185,0.76412106,0.7425215,0.39305893,0.9832698,0.8923843,0.9777475,0.8167578,0.8564929,0.7331548,0.93194294,0.44825584,0.96949244,0.5906556,0.6045714,0.5138922,0.3561939,0.8479198,0.772876,0.8298727,0.65926546,0.7959695,0.79610264,0.6430737,0.8913894,0.028615251,0.7405963,0.8048717,0.70903325,0.72414935,0.20922427,0.38465315,0.57247245,0.45816714,0.9124119,0.69446385,0.605963,0.78709835,0.33829916,0.6600572,0.09614058,0.50634134,0.47367787,0.54754776,0.9552947,0.30386075,0.046541587,0.47665614,0.6353334,0.63383615,0.16684783,0.89158356,0.9680413,0.9551302,0.7787827,0.19421333,0.6461551,0.592558,0.6846905,0.6035367,0.7794951,0.28703615,0.29270726,0.79916453,0.42256606,0.6997123,0.70478904,0.24304861,0.40663165,0.6518861,0.7673663,0.51582414,0.7020246,0.60391766,0.9426284,0.83631605,0.7855624,0.4593284,0.47346064,0.55640256,0.54264784,0.61748886,0.54912937,0.41082853,0.75199485,0.7269994,0.69059026,0.81786287,0.78868175,0.5494088,0.6343682,0.38582748,0.035426416,0.58003676,0.9366461,0.27846026,0.7155411,0.7306578,0.54760814,0.69038427,0.26557696,0.13492176,0.8563765,0.44178414,0.4379177,0.5890836,0.62707055,0.29551515,0.28222597,0.24853565,0.32031977,0.39442268,0.4531438,0.3518902,0.3601656,0.39140236,0.8186579,0.5422003,0.20345625,0.7160498,0.74820125,0.8009151,0.41727316,0.32249367,0.10555741,0.5033089,0.8146244,0.41426396,0.34043705,0.4587496,0.6157813,0.1766844,0.45845014,0.21368553,0.8712037,0.13624471,0.2842953,0.5439172,0.31876737,0.63157785,0.64022076,0.37151182,0.37142575,0.16691023,0.44986367,0.92042345,0.4162985,0.7459302,0.9031966,0.30049962,0.32073522,0.6532074,0.12875943,0.41526514,0.6220038,0.35013545,0.26444948,0.63115966,0.39089477,0.4883616,0.38847065,0.43653053,0.51174504,0.5001241,0.6987004,0.41091424,0.40187633,0.4218654,0.4525715,0.54733294,0.7946323,0.18578185,0.6939988,0.14868277,0.4238147,0.18126014,0.03160219,0.6314776,0.3369164,0.40772903,0.5700745,0.10607092,0.44969812,0.81456196,0.5701649,0.7626896,0.73074687,0.4043554,0.059813954
BC2026_Train_0003_S08_20250607_070007_40,0.85536695,0.9315802,0.8577565,0.3273675,0.64607084,0.6870383,0.71780455,0.15956211,0.82598543,0.64736235,0.6015996,0.44883442,0.37458056,0.982851,0.7780055,0.4850523,0.65872943,0.7613952,0.85782844,0.93388796,0.7365458,0.855716,0.26201546,0.5550736,0.83305043,0.8897122,0.58083665,0.3924597,0.86144555,0.19220126,0.45472902,0.7542594,0.13713165,0.7450514,0.8917906,0.5520656,0.6587766,0.6817132,0.92213225,0.5617304,0.9088377,0.8656611,0.108558685,0.5145737,0.4872188,0.75262105,0.97359467,0.7731997,0.47756118,0.9426173,0.89313257,0.85022473,0.38494313,0.56882906,0.96538675,0.83732414,0.52948153,0.93799794,0.82862973,0.6650777,0.7476499,0.21755476,0.7139163,0.670761,0.74163115,0.88098633,0.87924623,0.8323554,0.61065865,0.92712724,0.0865335,0.75171566,0.8148174,0.8531387,0.73840404,0.35899216,0.35613072,0.62355,0.3082704,0.95593226,0.74465406,0.720955,0.81662416,0.5185568,0.88024485,0.02962124,0.28082794,0.6402645,0.59481406,0.809572,0.4855104,0.063462086,0.6929625,0.69160163,0.66522115,0.35276031,0.9490844,0.90454996,0.94286937,0.94285727,0.12072722,0.746933,0.34836632,0.5156845,0.57452095,0.9328726,0.20308083,0.21879335,0.7349837,0.19872797,0.86342394,0.60020006,0.1263968,0.2960474,0.6762278,0.66043127,0.31863582,0.71741784,0.2894334,0.96205616,0.87111473,0.6467446,0.46531922,0.49700302,0.64225364,0.8242979,0.73397076,0.3853376,0.23198341,0.65264046,0.6793879,0.8764598,0.8138597,0.6669929,0.5424701,0.4157232,0.60914606,0.093582496,0.5362587,0.58774364,0.4857412,0.93962497,0.55086213,0.6103342,0.73526835,0.2972536,0.2459962,0.8126911,0.56310964,0.5002544,0.7174301,0.8097842,0.40134662,0.22940722,0.12933797,0.5369706,0.5443229,0.6055248,0.41567606,0.5229926,0.7766733,0.9185579,0.86575466,0.1400699,0.5692169,0.57710516,0.58043075,0.60034764,0.37075365,0.091871634,0.47775686,0.957008,0.2460811,0.17074877,0.49167275,0.69595194,0.2255077,0.28440696,0.15348563,0.8410183,0.18234867,0.079257205,0.5386784,0.5202247,0.74584484,0.6666423,0.13036034,0.34708405,0.050212167,0.47363573,0.7407417,0.5430902,0.48103446,0.9628203,0.27607366,0.3183751,0.6130692,0.08360517,0.5202022,0.7044604,0.14412555,0.46142143,0.49009466,0.31802022,0.2004887,0.5622592,0.33945674,0.31597185,0.3811159,0.6734376,0.18661696,0.58051777,0.5310633,0.30677414,0.22577584,0.8557291,0.1995486,0.70978916,0.19859913,0.46129355,0.106469564,0.11567088,0.56109685,0.49971265,0.46505517,0.43802834,0.17373833,0.5352254,0.943439,0.66600776,0.8968558,0.8595959,0.4990213,0.074428916
BC2026_Train_0003_S08_20250607_070007_45,0.71173406,0.70163786,0.8721628,0.452984,0.6376278,0.82371724,0.8515221,0.55208945,0.9206183,0.6132276,0.9699955,0.46931922,0.268615,0.8979181,0.81238186,0.4513693,0.50970674,0.845833,0.7124356,0.9675745,0.39873767,0.96791476,0.23330203,0.9369688,0.78193885,0.70360506,0.84570205,0.25648093,0.83467454,0.509493,0.8094541,0.6862187,0.34871078,0.8320375,0.8996116,0.7615458,0.7142287,0.7529087,0.6345969,0.65737456,0.49783444,0.55945694,0.085250065,0.38599965,0.587981,0.4682728,0.7113124,0.9660373,0.5949786,0.9776422,0.773036,0.96177495,0.70185137,0.6607523,0.8131395,0.82334304,0.5725833,0.76218945,0.7337246,0.5774908,0.6925217,0.481929,0.52219254,0.7262275,0.6424216,0.71600854,0.79374063,0.72949624,0.7174437,0.64274406,0.29717606,0.40051845,0.8497015,0.720037,0.97986877,0.17187318,0.66507316,0.82504505,0.13411604,0.9189244,0.6649587,0.7749529,0.9138948,0.35812473,0.84866345,0.04092323,0.33939695,0.6849189,0.759776,0.7563325,0.18482038,0.053857584,0.70968676,0.80978465,0.8226203,0.56378734,0.92066944,0.99309087,0.88332474,0.9252456,0.12659052,0.93293905,0.42252135,0.60988206,0.3663128,0.94987965,0.29158598,0.20697537,0.76488626,0.2984388,0.5830431,0.4866997,0.051890254,0.2959114,0.7843766,0.40395528,0.45854825,0.8130777,0.44739634,0.882836,0.97929376,0.66368926,0.60523105,0.6226994,0.7008704,0.75694,0.583366,0.62906563,0.30627388,0.45148903,0.54892576,0.8154805,0.900694,0.6833861,0.7524015,0.1878267,0.69950056,0.19363432,0.5630379,0.76372254,0.43903303,0.9310323,0.5528021,0.34478384,0.91242075,0.41084704,0.40044373,0.835807,0.7408514,0.35514873,0.86073124,0.5763334,0.7528399,0.17273673,0.39290515,0.42646402,0.79837704,0.68946433,0.2744719,0.66502666,0.44601738,0.7801,0.8141668,0.26622126,0.6370369,0.8961632,0.66654754,0.6214312,0.16682594,0.20563516,0.43069512,0.8606781,0.09906079,0.23960534,0.74883044,0.8032445,0.50777674,0.46512312,0.22582957,0.91177416,0.42907816,0.11640942,0.40479016,0.49724886,0.9441769,0.52777076,0.2034612,0.4265405,0.038077664,0.38209105,0.7645879,0.88853925,0.33310145,0.9244987,0.4491569,0.5687421,0.64523125,0.16622451,0.3090927,0.7080656,0.04840208,0.56032753,0.5458654,0.550493,0.3136813,0.6818656,0.3155163,0.43892527,0.4478011,0.3878067,0.16724327,0.6226304,0.6988604,0.45645982,0.6289128,0.41882038,0.15487614,0.6985823,0.39910728,0.5649773,0.065190084,0.3121627,0.67203295,0.8227054,0.28269684,0.6883385,0.3252322,0.33613604,0.94522285,0.6596718,0.85265243,0.8041724,0.55059946,0.03857036
BC2026_Train_0003_S08_20250607_070007_50,0.52346563,0.6490196,0.8503238,0.15122865,0.54509103,0.7441834,0.94446087,0.5576874,0.9584639,0.66620207,0.9810493,0.74106824,0.28894234,0.94033873,0.8356471,0.50204635,0.38696903,0.62735236,0.78277326,0.9562196,0.27597344,0.9914353,0.5086454,0.64765114,0.7860421,0.5393158,0.96573627,0.29736692,0.6661135,0.7494936,0.43049467,0.10898957,0.30895054,0.52957714,0.75825036,0.891745,0.34228355,0.760466,0.58256084,0.26251563,0.3010493,0.32256234,0.08539118,0.17388839,0.604022,0.369305,0.6848295,0.5245337,0.63714314,0.5813254,0.82034373,0.8897616,0.36504292,0.29874572,0.5013005,0.745589,0.3904246,0.65035886,0.75424135,0.4791478,0.6616272,0.550555,0.35733938,0.7264981,0.58409137,0.78916836,0.8808907,0.6419915,0.94682086,0.6760584,0.4088729,0.21622089,0.6630477,0.6137477,0.94778156,0.14126435,0.725737,0.70800006,0.19238809,0.91392905,0.7080767,0.65884686,0.81244457,0.23290008,0.8054079,0.20093703,0.27458817,0.6152894,0.6344576,0.6335722,0.06730648,0.20713082,0.4607443,0.86559343,0.95166886,0.38419324,0.83723056,0.9910002,0.7692478,0.84115624,0.14115256,0.85339355,0.43041885,0.47846004,0.23881465,0.80768085,0.1495879,0.14505938,0.6303661,0.2991429,0.39252746,0.30140933,0.1091187,0.13984378,0.64955544,0.34548444,0.46180278,0.9264817,0.59111047,0.69415045,0.94479907,0.65076387,0.54209554,0.5925487,0.55333805,0.4652837,0.37882107,0.6395254,0.46751434,0.25048876,0.6017996,0.67942494,0.96007395,0.5268085,0.72358525,0.36606586,0.5566467,0.30447942,0.39718956,0.94669616,0.34283572,0.8456287,0.4445272,0.19520341,0.90795994,0.2964915,0.4199741,0.7847662,0.7622788,0.5065167,0.76720786,0.47152936,0.7736052,0.2746663,0.44663692,0.103905916,0.8215015,0.5581045,0.43987536,0.86486495,0.38337204,0.591053,0.69264007,0.34479815,0.5652418,0.33775032,0.722662,0.45820305,0.101400614,0.3333246,0.5177177,0.7442912,0.09989673,0.12899844,0.7853911,0.6707642,0.3846491,0.5060206,0.2267826,0.9000962,0.46842885,0.17610064,0.3766923,0.44881475,0.87393725,0.46701592,0.31805676,0.32422984,0.043886207,0.3680824,0.5874438,0.9012851,0.4234357,0.81004906,0.40024397,0.43180817,0.40364993,0.05814863,0.15263848,0.69837165,0.06748748,0.32736206,0.30244157,0.72311604,0.35803437,0.48182875,0.27701393,0.30436474,0.53850096,0.49415284,0.4688611,0.42738003,0.59164375,0.43318605,0.46309495,0.3108034,0.29958683,0.66881716,0.39409888,0.68093646,0.09836179,0.12885916,0.5195824,0.81568646,0.47328323,0.6860192,0.4478525,0.36073577,0.68539095,0.67710614,0.83819294,0.55233085,0.45312846,0.048188232
BC2026_Train_0003_S08_20250607_070007_55,0.71356845,0.9705843,0.917236,0.48080498,0.6600282,0.8934334,0.87755096,0.51834667,0.65746415,0.34625286,0.380867,0.50095034,0.18702382,0.8951607,0.53036165,0.8113698,0.72135663,0.5237195,0.7861366,0.73514235,0.6399939,0.9223971,0.8016508,0.42693496,0.96758914,0.79145265,0.9995134,0.22147045,0.5934315,0.73224807,0.7110765,0.32667342,0.3967648,0.83662987,0.77526784,0.7107688,0.6114476,0.82334244,0.8830397,0.15916058,0.49054563,0.865034,0.2862713,0.2309571,0.76278067,0.76261234,0.64944065,0.60000443,0.6295898,0.72599506,0.9616546,0.96082366,0.72727776,0.79865557,0.74706876,0.56285757,0.49051583,0.73771334,0.68837476,0.7225337,0.48475063,0.29988807,0.6716958,0.7307762,0.73081946,0.3115151,0.7775482,0.8003781,0.8652142,0.856853,0.18510851,0.2664658,0.8192091,0.8461796,0.74205863,0.13078085,0.48281828,0.9227063,0.39593297,0.9006338,0.68064225,0.6896547,0.7913778,0.089564204,0.7873174,0.38438964,0.46174687,0.29371744,0.7064743,0.8166926,0.11895268,0.2858668,0.48885658,0.7552049,0.9773,0.5406729,0.71229136,0.8484775,0.78446424,0.8363296,0.16500565,0.9148654,0.6197318,0.5452064,0.31203938,0.6318966,0.28925708,0.3622597,0.5781457,0.53248537,0.6555227,0.14052466,0.3141352,0.21983315,0.6237113,0.6570159,0.32823616,0.8543882,0.45116395,0.8500972,0.9030658,0.67977595,0.69925153,0.6929729,0.7114912,0.66183937,0.45205572,0.6823976,0.31103724,0.35501388,0.57016075,0.7237499,0.92289436,0.76531994,0.8030474,0.41305882,0.60061467,0.45263696,0.54767287,0.89614844,0.4900439,0.7453921,0.670297,0.47385722,0.54014295,0.4328211,0.6514833,0.57434285,0.50875115,0.7866708,0.7184367,0.73928535,0.4579426,0.56232035,0.74071383,0.10976949,0.678572,0.7272818,0.3762195,0.9452172,0.7499498,0.78175926,0.75752115,0.4349401,0.72900987,0.85686576,0.8210608,0.6216919,0.17041895,0.14908719,0.26861054,0.87352383,0.2818753,0.28992173,0.669433,0.72805274,0.3429489,0.67979264,0.49346665,0.8908324,0.53410023,0.3243279,0.3284585,0.7360945,0.9305812,0.62021255,0.3775336,0.5249728,0.10366908,0.4898423,0.64693654,0.3565573,0.62409663,0.8161857,0.5630624,0.4207837,0.58084,0.03815483,0.20834264,0.88055086,0.23896518,0.38440734,0.40424323,0.72280574,0.636737,0.62737966,0.4823655,0.42276108,0.53958607,0.58006024,0.5979339,0.5733523,0.646312,0.6069406,0.5282855,0.48918158,0.30421966,0.67041826,0.3534605,0.62485796,0.29678953,0.22951713,0.5531828,0.54067224,0.583149,0.6602025,0.44390148,0.7267698,0.67798734,0.7440027,0.5415158,0.64538527,0.6137946,0.0907934
BC2026_Train_0003_S08_20250607_070007_60,0.80007625,0.988803,0.9120377,0.27928746,0.6488287,0.8763503,0.587005,0.08014041,0.7491012,0.2858349,0.2288535,0.14207605,0.27108362,0.9712936,0.6395204,0.8324816,0.7486417,0.92230415,0.9954208,0.949159,0.69799995,0.9501691,0.19054896,0.67458236,0.866093,0.83174014,0.9250928,0.49383014,0.8693118,0.832201,0.6292379,0.37350613,0.2422125,0.50925684,0.41399133,0.5187041,0.48648962,0.6931313,0.86754,0.51517105,0.46808672,0.51937413,0.1310885,0.2403187,0.6195817,0.9361674,0.8759024,0.44723368,0.14491548,0.9579283,0.9881034,0.87634313,0.57143533,0.71793485,0.7715802,0.67524874,0.3918721,0.99279237,0.70693517,0.70668745,0.7410085,0.1372056,0.72140944,0.6781521,0.858554,0.8239833,0.84761727,0.8813602,0.5870085,0.9467623,0.055781752,0.4531994,0.6720066,0.7120029,0.39617437,0.10887841,0.63028,0.6834107,0.34450847,0.87350166,0.81419003,0.8828677,0.73955834,0.0196485,0.9577334,0.09139605,0.2866547,0.23772633,0.4693058,0.92282784,0.45359665,0.18122041,0.50818646,0.68037295,0.97014076,0.6275375,0.7355439,0.9696374,0.9087777,0.8968961,0.06189422,0.5495485,0.5455073,0.27310967,0.22980154,0.74688506,0.13174488,0.20016065,0.8213583,0.34818202,0.7299491,0.17612202,0.45701194,0.093707085,0.4174325,0.6350548,0.60461915,0.5627531,0.42943746,0.9599473,0.9479412,0.5155235,0.6467937,0.73668003,0.74078655,0.7916678,0.4820044,0.5677991,0.42141834,0.31870043,0.668836,0.7532153,0.86002254,0.80338013,0.5917001,0.48212808,0.71714276,0.20449659,0.39834237,0.8105824,0.27785683,0.9725692,0.7062062,0.6175556,0.74666107,0.17334959,0.15568875,0.8259692,0.61363894,0.76979315,0.6664561,0.8740145,0.5164726,0.34610438,0.7113172,0.07610175,0.2362732,0.7555666,0.13849804,0.9132712,0.7662935,0.30042252,0.81239367,0.16889125,0.6832924,0.8750802,0.6628684,0.567257,0.049607627,0.09563924,0.39303926,0.94501877,0.11307812,0.08406749,0.2683071,0.5208763,0.5160854,0.41346508,0.38569438,0.98273814,0.123687,0.2345475,0.70526254,0.7949146,0.8533332,0.796649,0.172629,0.39449063,0.15737158,0.5393948,0.83079433,0.31236067,0.35897052,0.8317989,0.44828296,0.33026582,0.6976423,0.014701083,0.15654145,0.3299102,0.07949938,0.28938478,0.7133206,0.27038193,0.52627605,0.60527694,0.34642106,0.55630934,0.44376898,0.54678094,0.2262323,0.7403083,0.79998744,0.52997303,0.3123073,0.637998,0.051241666,0.7783396,0.11876209,0.6846384,0.066253334,0.4581989,0.24752942,0.61027896,0.36226135,0.59253466,0.15160541,0.7626226,0.90874004,0.6983917,0.4417972,0.6899823,0.46104854,0.07594408
BC2026_Train_0004_S08_20250607_070007_5,0.72619903,0.7341515,0.97241247,0.97566867,0.7642975,0.92166114,0.37978625,0.45382732,0.84594655,0.48710734,0.9039438,0.967425,0.788525,0.857509,0.70423436,0.8695524,0.5453431,0.9631709,0.9149404,0.92747605,0.6700667,0.9782603,0.7702414,0.72208655,0.8155214,0.6664895,0.98280597,0.6309304,0.9927288,0.80520904,0.89808816,0.7672781,0.6177156,0.9948624,0.41556236,0.9696596,0.75565803,0.71999407,0.97846496,0.8832835,0.4194308,0.8989401,0.8017939,0.96797127,0.9687576,0.09312101,0.7753736,0.5863923,0.10138838,0.9887358,0.76145756,0.86359626,0.7059004,0.6290558,0.57602537,0.5173489,0.6252388,0.8758837,0.9576948,0.69377065,0.89996773,0.33079666,0.86791396,0.4636363,0.96804106,0.43668842,0.93638647,0.47655278,0.66986597,0.8185321,0.53890747,0.7147051,0.877893,0.97775424,0.8529836,0.21539062,0.19957566,0.935674,0.14157183,0.40128493,0.7361542,0.49426353,0.80048096,0.7614676,0.9590784,0.24287271,0.8223454,0.94711035,0.38111562,0.79804146,0.15535995,0.84784913,0.85842717,0.71207404,0.4549899,0.19938043,0.36512774,0.80192614,0.7978625,0.8512169,0.041518804,0.7520913,0.7891104,0.71768665,0.41970038,0.97007906,0.50667775,0.2757109,0.8384979,0.108481236,0.5950402,0.33021206,0.32052666,0.4871655,0.48981833,0.6254083,0.7964861,0.7293283,0.2594002,0.9049478,0.7464432,0.87243813,0.081452295,0.540521,0.31359208,0.37685204,0.23959734,0.8213948,0.42829537,0.65340394,0.9102212,0.43185997,0.6868347,0.97967494,0.7867888,0.24359792,0.44609427,0.5308696,0.7922143,0.9050063,0.7086208,0.433415,0.24932206,0.33605063,0.9821862,0.22805667,0.2967654,0.9118519,0.8300537,0.22055529,0.7579479,0.6472293,0.3619395,0.14619066,0.8545208,0.3935424,0.53628635,0.34289312,0.23002121,0.83901703,0.92222667,0.70065725,0.46458566,0.36772984,0.50544304,0.978287,0.56317306,0.6852932,0.13600603,0.9222683,0.68914306,0.8617033,0.56894755,0.43420732,0.71813667,0.6655043,0.511492,0.8538449,0.8176731,0.8723568,0.500252,0.2686739,0.7769858,0.4624407,0.5125872,0.43292233,0.06901175,0.93910086,0.23646364,0.33000287,0.4231314,0.78281796,0.8767191,0.9566771,0.69464374,0.6774714,0.60488,0.29073375,0.55993474,0.44592315,0.102664575,0.4040758,0.6518898,0.46965936,0.6720562,0.70723736,0.49730164,0.23812032,0.4572369,0.24078897,0.5715077,0.70634747,0.94656664,0.7735121,0.4691463,0.6922062,0.6829221,0.8244808,0.13760671,0.638394,0.119355716,0.104239926,0.69770765,0.90919644,0.35071546,0.8591784,0.12283555,0.7228106,0.8636396,0.8742988,0.86443084,0.92609286,0.6400379,0.121841505
BC2026_Train_0004_S08_20250607_070007_10,0.6841661,0.80933404,0.9215476,0.9796851,0.6486155,0.80730367,0.24145839,0.48957068,0.6891521,0.15787853,0.33930117,0.89099693,0.66620183,0.914127,0.6225116,0.8724454,0.55276406,0.8231361,0.88299084,0.76663697,0.6308683,0.8977747,0.6443105,0.8137949,0.6602404,0.8120998,0.85201085,0.6158542,0.9982921,0.74281657,0.87091196,0.64286244,0.5223783,0.9719944,0.36948043,0.8003367,0.8584261,0.7669845,0.94899213,0.97841454,0.7724414,0.57105196,0.46666235,0.5558436,0.9296731,0.37803954,0.7286771,0.58298445,0.4542993,0.97509456,0.9327469,0.90455544,0.8762233,0.5210394,0.1715989,0.36027133,0.6807867,0.614209,0.9560767,0.7610116,0.58738065,0.35469174,0.53981733,0.4389356,0.5874685,0.35199547,0.8837311,0.39432615,0.58246815,0.88837814,0.30448374,0.8278221,0.71834016,0.8784422,0.7642939,0.14525367,0.5454163,0.8349496,0.26155704,0.66662824,0.86636454,0.77807987,0.77042556,0.5423595,0.9056972,0.4857754,0.6543896,0.88964105,0.47595966,0.7045034,0.32329226,0.8849089,0.74084103,0.5756856,0.7349335,0.28375044,0.68014777,0.8475846,0.47702172,0.6937274,0.21288651,0.56545156,0.50673413,0.57852554,0.3847825,0.7289978,0.54149836,0.37638274,0.63654435,0.13084675,0.6747637,0.25662354,0.7014928,0.5039181,0.6881448,0.6137904,0.7573925,0.7362797,0.29508328,0.6187488,0.8487244,0.75258183,0.2533811,0.70553195,0.48580924,0.4885056,0.4106416,0.90212655,0.29867303,0.65026236,0.9002414,0.4110434,0.6153946,0.795595,0.77626145,0.5260436,0.66174483,0.7560656,0.75675094,0.42683643,0.44632864,0.5702294,0.1550872,0.4739524,0.96598923,0.14140236,0.5714062,0.6086145,0.7341459,0.27141052,0.5469762,0.51638454,0.4810652,0.7211184,0.8917736,0.3742933,0.2474826,0.59570444,0.30320895,0.7744453,0.6422219,0.5610543,0.5005201,0.2832375,0.43959457,0.9385468,0.4951201,0.77950466,0.47637516,0.7765471,0.66526043,0.73991966,0.68491054,0.26171008,0.5807574,0.491891,0.68994963,0.8042928,0.80460656,0.89109915,0.6640189,0.35975128,0.7481594,0.59431237,0.51425004,0.45237017,0.25361025,0.60233545,0.52065575,0.12918885,0.71686363,0.89458317,0.74406064,0.78200555,0.54372585,0.57963383,0.48039198,0.22630513,0.6989089,0.79064715,0.11032158,0.6607022,0.58602446,0.38624465,0.70354545,0.93629754,0.668289,0.5684849,0.41743296,0.20496276,0.30394006,0.79813886,0.7778121,0.81740606,0.49763548,0.8014477,0.49408937,0.7870532,0.22749224,0.79801846,0.21517694,0.32682294,0.63708854,0.60357493,0.7185161,0.934625,0.32976544,0.58210343,0.7109373,0.8159698,0.74281466,0.6553077,0.6193775,0.236575
BC2026_Train_0004_S08_20250607_070007_15,0.6168742,0.93993443,0.7495537,0.9337858,0.6827563,0.9092637,0.4348486,0.6544734,0.99854445,0.19544227,0.18390411,0.7006867,0.6981889,0.92242455,0.42194688,0.92551327,0.5528706,0.52324414,0.85100675,0.72315204,0.706074,0.6960248,0.62599456,0.6008558,0.7617033,0.73570204,0.87661123,0.2814079,0.94031394,0.5597196,0.7276647,0.79389536,0.86957633,0.8307708,0.46663314,0.7182267,0.990486,0.83792436,0.9836011,0.9308815,0.82045233,0.51098305,0.50380397,0.8103846,0.8782109,0.40949064,0.97999084,0.6050111,0.6046283,0.93726,0.9326939,0.91777635,0.8820393,0.42994747,0.4478348,0.26831365,0.71991825,0.655966,0.83460647,0.8108977,0.63810945,0.26643836,0.5922621,0.64109373,0.6464473,0.98898166,0.7038241,0.41986042,0.6568353,0.72967386,0.1865856,0.8402151,0.5651544,0.8216183,0.46554875,0.06715754,0.48218894,0.8534749,0.474862,0.66862786,0.8762846,0.87258726,0.8559855,0.7040502,0.82207286,0.36202937,0.5309559,0.7463279,0.6217927,0.77359295,0.32344317,0.74979424,0.878886,0.7494002,0.5809477,0.31429207,0.72378886,0.84903806,0.35414326,0.7802111,0.30107576,0.71566,0.59828246,0.5588932,0.5100139,0.7317318,0.4280774,0.6312548,0.5013765,0.10374881,0.6775228,0.40966952,0.6672622,0.20494652,0.6566926,0.5811897,0.7348659,0.8453897,0.5975653,0.5221677,0.90641737,0.8519212,0.1392905,0.632648,0.41830713,0.72771883,0.47879884,0.9437649,0.23016107,0.77452135,0.92047334,0.3897081,0.82042956,0.7335906,0.6827171,0.63096774,0.8543873,0.70403886,0.82013404,0.49284077,0.276902,0.7382697,0.13901252,0.68578756,0.93331337,0.06712513,0.7198869,0.77376235,0.78974783,0.5194829,0.7941158,0.50471735,0.37120074,0.8126738,0.7324827,0.5609759,0.3832,0.493982,0.24261197,0.7819532,0.48940176,0.34880316,0.45620245,0.3786791,0.5598305,0.8435792,0.69446087,0.88861287,0.5127847,0.5916609,0.45525545,0.69492435,0.47448212,0.12721509,0.6503351,0.703133,0.79025173,0.78461313,0.59300476,0.68587893,0.6916274,0.12423242,0.6881034,0.40759975,0.9263102,0.72222626,0.16511554,0.5401005,0.4724009,0.21245122,0.71011746,0.8828606,0.9046385,0.7577126,0.55579674,0.61678445,0.44729042,0.13841942,0.84135556,0.8289666,0.13866809,0.8270916,0.66224325,0.3356995,0.8278079,0.97984374,0.656495,0.4315437,0.5457625,0.121904686,0.4866303,0.70018375,0.6851995,0.8961162,0.6171011,0.86014247,0.33726168,0.8364889,0.093925774,0.8230455,0.15960103,0.50835836,0.5557418,0.50675786,0.65978336,0.8476474,0.512459,0.9132328,0.69460166,0.8469435,0.6777581,0.5641015,0.8150313,0.31512672
BC2026_Train_0004_S08_20250607_070007_20,0.5478258,0.70352155,0.831494,0.8515663,0.5778667,0.9109118,0.6624212,0.53875774,0.9322268,0.10747451,0.24459131,0.8672302,0.62815785,0.8527841,0.23365235,0.9114703,0.5872283,0.58897686,0.8037821,0.5937588,0.67398417,0.6173504,0.658954,0.5462021,0.59254634,0.4587137,0.90293753,0.38673985,0.97410774,0.8738678,0.7351426,0.7761196,0.80099034,0.59799016,0.40134674,0.62880176,0.7736122,0.691412,0.93765885,0.91540194,0.68262684,0.6811855,0.34686637,0.33891165,0.96879137,0.43532586,0.85231364,0.4183998,0.47356415,0.96874917,0.82898664,0.7871788,0.35522735,0.46063644,0.4091984,0.1538844,0.6792241,0.6516731,0.89015436,0.65459085,0.5960721,0.26449358,0.7075945,0.65400505,0.5653465,0.57099175,0.87117815,0.49641922,0.50324154,0.8981955,0.11151325,0.8280513,0.6475333,0.82249457,0.52845913,0.19783413,0.6303625,0.7957283,0.481376,0.83651733,0.94282234,0.71115947,0.9037354,0.60447943,0.8856206,0.39945853,0.6790119,0.770244,0.48845154,0.8312106,0.4401583,0.69187415,0.9465928,0.8127792,0.52602565,0.22318293,0.7741599,0.8869579,0.37686777,0.6899464,0.11708985,0.5662968,0.37033772,0.614759,0.28462148,0.7846718,0.24346893,0.5194901,0.67139506,0.21614149,0.50338936,0.49097252,0.41636193,0.2556001,0.8422272,0.5119618,0.7985991,0.64309514,0.6240484,0.5395727,0.9020111,0.80906177,0.21241686,0.7455548,0.5412127,0.78253496,0.6218331,0.95705837,0.3095085,0.5025526,0.9213211,0.34484547,0.79685247,0.7572168,0.49049157,0.29532075,0.70518327,0.54903114,0.77394795,0.53304577,0.5023579,0.7098026,0.297855,0.61402404,0.8563229,0.06518673,0.5704325,0.8025613,0.88959825,0.62549746,0.7758771,0.55771863,0.4727193,0.86809456,0.8341346,0.6075584,0.2717184,0.5121927,0.31609225,0.861514,0.54171395,0.16473183,0.6584568,0.17169857,0.63377523,0.77421796,0.5845996,0.8294111,0.43389425,0.8286102,0.6677754,0.77674997,0.54855937,0.18996173,0.7362963,0.53639245,0.7424582,0.64445853,0.61806214,0.8101257,0.79877543,0.118786216,0.7202811,0.5047859,0.9270166,0.64178044,0.3908651,0.63756084,0.5165945,0.24095029,0.5202292,0.87554777,0.5996733,0.75955606,0.57595366,0.57379353,0.39832976,0.2842429,0.8368727,0.7126179,0.25176412,0.66082585,0.5042901,0.700919,0.7359005,0.9838233,0.58724785,0.35030234,0.38441682,0.12352592,0.503846,0.7109195,0.83829373,0.94095194,0.3655786,0.7636276,0.28071874,0.8425425,0.13675256,0.7171593,0.22806202,0.38463604,0.6179446,0.42141807,0.43663883,0.8364148,0.33082795,0.8553358,0.6844678,0.79470944,0.8394526,0.73843074,0.8935909,0.19161078
BC2026_Train_0004_S08_20250607_070007_25,0.5704852,0.8501859,0.77728796,0.56615674,0.6894599,0.91932344,0.44850796,0.29772213,0.99342096,0.03893242,0.34618425,0.6598996,0.43682808,0.887793,0.26622212,0.93241155,0.34951192,0.8915893,0.97914934,0.81464577,0.48588917,0.8779038,0.53630936,0.7792619,0.57451963,0.5489721,0.9569025,0.54088026,0.98109615,0.77480185,0.43657207,0.43937367,0.57367325,0.7372532,0.74167717,0.7148795,0.8830859,0.42634082,0.9536787,0.88301456,0.32228696,0.35198435,0.347445,0.47544658,0.74130094,0.58450437,0.83224916,0.48893422,0.3720287,0.8481314,0.97750187,0.8396534,0.66990066,0.5376053,0.5269263,0.23737793,0.7938062,0.9053532,0.9674736,0.6291281,0.7655256,0.44288647,0.73790634,0.55460703,0.6223649,0.9356223,0.94017375,0.58070004,0.5594231,0.9191753,0.086663246,0.5191496,0.6169046,0.7690855,0.78508794,0.25064465,0.47822693,0.7178811,0.29075885,0.9095079,0.9142639,0.61558974,0.80339086,0.6130329,0.9081569,0.36460394,0.66533303,0.6272643,0.31148332,0.80704176,0.40601772,0.44387892,0.853145,0.80656815,0.5685371,0.30687732,0.9495714,0.9252666,0.6909942,0.72576416,0.113602825,0.44815135,0.20927168,0.6567483,0.22908252,0.8456059,0.31801218,0.57078385,0.5989675,0.21810418,0.52245885,0.5073193,0.3312323,0.19354877,0.72531104,0.53008175,0.6410997,0.74714637,0.64534557,0.6897458,0.9506483,0.7203846,0.3204015,0.79131997,0.3495028,0.8034611,0.7707696,0.8858988,0.29491028,0.57576054,0.83221817,0.37944198,0.7653692,0.85342425,0.68055546,0.34478348,0.82416356,0.45343262,0.78769195,0.393767,0.53422415,0.7872009,0.14292365,0.53789496,0.9724443,0.17761639,0.4465829,0.95275676,0.9394984,0.5727494,0.63166595,0.7925447,0.31098968,0.7287172,0.6819593,0.5717337,0.30636963,0.60469234,0.077588975,0.8963622,0.6541891,0.13653181,0.6565256,0.23621121,0.35401052,0.6809855,0.7996813,0.76275444,0.33665177,0.93141615,0.95621514,0.80075216,0.3449375,0.25614488,0.85169816,0.34750837,0.65890753,0.48477423,0.42574227,0.855743,0.7517524,0.17088464,0.77823305,0.30608502,0.7786584,0.8286183,0.28739685,0.51553285,0.25360724,0.35954452,0.47982287,0.8585062,0.73635036,0.7653927,0.57743657,0.33097816,0.40461737,0.244589,0.8912863,0.7130896,0.14188191,0.30041048,0.6151608,0.6845976,0.70050204,0.9036927,0.47484562,0.4196807,0.23737168,0.066318706,0.3558858,0.6683947,0.8099508,0.8977848,0.38166332,0.5999435,0.40052986,0.91293645,0.08483291,0.78453195,0.4187913,0.32083082,0.6722897,0.7841437,0.11139721,0.8107413,0.550187,0.9074776,0.82768273,0.82772624,0.85226715,0.78610086,0.7881584,0.2229062
BC2026_Train_0004_S08_20250607_070007_30,0.63840985,0.9872036,0.61696064,0.7771907,0.72020125,0.89757764,0.3585688,0.36056936,0.9487319,0.03994008,0.3538714,0.33946007,0.49039155,0.82341886,0.3024605,0.9836079,0.20182565,0.5043472,0.94384146,0.77954185,0.6686423,0.89781034,0.6917329,0.6997585,0.6246814,0.82465625,0.829772,0.28489876,0.88821805,0.46711832,0.78694594,0.69619083,0.4903686,0.7050719,0.81016254,0.7644933,0.98955464,0.8782062,0.9612448,0.84586155,0.3535399,0.70369196,0.36600614,0.69721824,0.723279,0.33146954,0.94043684,0.7515713,0.39648563,0.87179124,0.950487,0.8983753,0.8973025,0.4532283,0.59268415,0.30769137,0.7848376,0.46129137,0.91069967,0.69097984,0.682835,0.21479145,0.7892829,0.5622702,0.45235258,0.9908323,0.8332572,0.50715894,0.6185781,0.59211993,0.10877384,0.6120428,0.89623773,0.75611603,0.7958071,0.41302395,0.29236603,0.7496085,0.5132842,0.8662996,0.8364165,0.5383567,0.8797606,0.49955004,0.80859697,0.50358605,0.8888653,0.81144416,0.5284269,0.8599944,0.37105185,0.5825572,0.8002101,0.6203939,0.84925675,0.25375074,0.8524396,0.8831084,0.5901938,0.7987598,0.23654127,0.4503538,0.31128505,0.68504727,0.4274153,0.86931455,0.6011754,0.3363403,0.5735382,0.47759154,0.68247116,0.37935787,0.72985613,0.5663951,0.72097814,0.805086,0.7626474,0.7795632,0.53137404,0.69913304,0.9839979,0.8981149,0.3460359,0.68074477,0.47243246,0.75269794,0.56549716,0.9294629,0.54871035,0.7757262,0.8566915,0.58094275,0.66005635,0.8663031,0.6422534,0.5555591,0.8793378,0.79906225,0.9155618,0.35319862,0.53043103,0.6033297,0.30020422,0.774552,0.8853971,0.30964333,0.632884,0.9628036,0.82848847,0.7921412,0.5716313,0.66799295,0.35472977,0.92531407,0.6054524,0.6090158,0.39610642,0.53718555,0.031645063,0.8440671,0.45326477,0.38003892,0.5524472,0.49643993,0.45575064,0.844084,0.7946824,0.8546989,0.60760987,0.8742081,0.8473003,0.82569313,0.2614808,0.2862805,0.67023087,0.5857457,0.56224084,0.77139604,0.65101504,0.88135993,0.76441777,0.13549991,0.65680623,0.32097334,0.6166414,0.7738795,0.23051539,0.64115524,0.39276814,0.4453212,0.71972775,0.8888953,0.9395417,0.8826401,0.49527922,0.40128875,0.36019897,0.31015247,0.7995039,0.73102,0.2928854,0.3410409,0.4856084,0.45376718,0.8520287,0.9464818,0.42573184,0.42227608,0.1918979,0.10742154,0.60043633,0.85159266,0.76597357,0.8336963,0.5032682,0.8052293,0.40761846,0.8965336,0.1770724,0.8315302,0.34242976,0.14964968,0.7246009,0.8962182,0.19765058,0.8606665,0.78862584,0.87656796,0.91952235,0.90898484,0.5884689,0.68669796,0.8442441,0.5443088
BC2026_Train_0004_S08_20250607_070007_35,0.6568241,0.8556917,0.33991155,0.78905356,0.6944164,0.8709474,0.4428135,0.312056,0.97254026,0.16173202,0.5618229,0.41399127,0.41086495,0.8731836,0.22632757,0.95491457,0.16956893,0.39493048,0.9741149,0.62596345,0.73375976,0.9662328,0.70441234,0.8111595,0.6903746,0.7743751,0.6057781,0.15897986,0.9230404,0.46795452,0.67714626,0.474622,0.6429506,0.65368223,0.73721766,0.67848957,0.9286485,0.8001932,0.9736067,0.8310513,0.6571375,0.76719934,0.42356324,0.7110239,0.71009636,0.15444648,0.9654095,0.6946827,0.32166627,0.80135405,0.9451148,0.79784566,0.83322227,0.7594881,0.84033763,0.30800015,0.6590482,0.9958276,0.48658204,0.74798596,0.74926865,0.20831108,0.8014319,0.6592151,0.40317172,0.9399806,0.7886201,0.5384145,0.56901735,0.75805914,0.18167898,0.6644411,0.8962637,0.8163574,0.47920668,0.14177455,0.25011986,0.82721496,0.4583372,0.93068755,0.8569458,0.4170777,0.89876014,0.6534481,0.800748,0.5764621,0.9109469,0.7268282,0.57084215,0.9063523,0.31622624,0.61658156,0.8875679,0.6850221,0.81194234,0.43063658,0.9020541,0.8731977,0.69125295,0.70250237,0.11235129,0.78304464,0.32546347,0.5860999,0.4698404,0.8388208,0.7254932,0.500023,0.47973317,0.29593357,0.77848136,0.37000114,0.8221388,0.68586946,0.78333163,0.7852051,0.8454355,0.6755353,0.3835743,0.6680906,0.9528526,0.9162961,0.16689184,0.6739632,0.46765292,0.72317827,0.6638186,0.8716139,0.41610834,0.78667986,0.83296514,0.36980933,0.9739766,0.6755589,0.48533008,0.4953696,0.79214746,0.9339849,0.935012,0.5727241,0.7630172,0.679559,0.4262492,0.78874016,0.8847225,0.2770704,0.5787333,0.74151313,0.8920181,0.6175031,0.6750181,0.66079533,0.7565801,0.8090136,0.5821456,0.7281438,0.5543026,0.42229337,0.06662023,0.8795904,0.8595072,0.63463306,0.8035146,0.62553144,0.5562695,0.6609972,0.67113304,0.91156447,0.57769376,0.844736,0.5287837,0.8006195,0.5379484,0.3126601,0.7732215,0.68863463,0.6609821,0.89498234,0.83665717,0.77928233,0.81664836,0.45018196,0.68114364,0.481096,0.57103646,0.8992411,0.1739783,0.83983976,0.6554135,0.37856436,0.7378775,0.87042093,0.84287715,0.88928306,0.7400141,0.6956568,0.5461091,0.32945263,0.8248197,0.55192995,0.42157292,0.56696814,0.59130406,0.44482696,0.83123946,0.7438999,0.54038227,0.370692,0.25948012,0.18978232,0.50779593,0.9153553,0.7903147,0.7575619,0.53464746,0.85327536,0.28022617,0.91133463,0.24312128,0.7983036,0.2169044,0.23113942,0.70470744,0.8142077,0.27365586,0.8167403,0.5761969,0.8053523,0.92494464,0.83833957,0.5782966,0.9178573,0.8355345,0.5363691
BC2026_Train_0004_S08_20250607_070007_40,0.63135946,0.9529377,0.3777573,0.9475819,0.6609932,0.5797453,0.19787276,0.12652636,0.9224734,0.42096555,0.44629037,0.23725607,0.35958952,0.7856494,0.2512167,0.977849,0.46196383,0.5676173,0.78307617,0.33698505,0.60209906,0.7065817,0.53943735,0.35155475,0.7551769,0.7637377,0.63267505,0.09020263,0.9460417,0.18071097,0.5985518,0.60051155,0.7679285,0.6708184,0.5538769,0.6133946,0.98010474,0.6604488,0.9948232,0.7701908,0.6320896,0.4968691,0.63033974,0.83125687,0.88136184,0.26910028,0.99238366,0.8026056,0.4701531,0.78302586,0.7319598,0.93328714,0.80737984,0.5704379,0.4241985,0.23649868,0.58700526,0.89919996,0.57630885,0.5789379,0.70302,0.0816966,0.59351134,0.58296347,0.29510555,0.69162476,0.83084965,0.42179507,0.8418411,0.78118455,0.42554033,0.3792057,0.6931956,0.89816123,0.66281056,0.14439228,0.5144956,0.9297184,0.5414165,0.6606041,0.9065349,0.62111485,0.88009715,0.614423,0.9321614,0.3922425,0.90777326,0.57884383,0.61495626,0.9430817,0.18365008,0.46102792,0.8072498,0.69413805,0.44802582,0.245588,0.8238425,0.71337354,0.7620542,0.87009907,0.17666891,0.74556303,0.6061768,0.53412616,0.47025722,0.762066,0.6823149,0.55167806,0.69243246,0.18885791,0.940586,0.32129622,0.788049,0.53141105,0.8162048,0.9027021,0.92369604,0.9385349,0.6335176,0.80402386,0.8523907,0.9132509,0.20516524,0.8041221,0.26208466,0.63929176,0.5173723,0.9249443,0.32258856,0.86720884,0.8480884,0.35553718,0.7795986,0.8614718,0.6438292,0.24679281,0.7695385,0.88267744,0.97932136,0.51339084,0.58154166,0.86112696,0.5274764,0.82676136,0.63801646,0.121249765,0.70240736,0.8596326,0.8872338,0.37816286,0.6161334,0.6834214,0.740773,0.6146827,0.7878896,0.7144104,0.66611505,0.4141879,0.17114508,0.6704445,0.811012,0.84244275,0.78695536,0.5736767,0.7582984,0.96383667,0.84447443,0.940639,0.6013591,0.7247714,0.7201358,0.86036503,0.7086183,0.14539687,0.5968108,0.63411736,0.63417387,0.9552933,0.8899522,0.8575827,0.7284447,0.52313805,0.52390885,0.4787726,0.8470603,0.73996174,0.13380483,0.84336936,0.48436219,0.52326196,0.79073024,0.81937665,0.9126267,0.88169646,0.72740185,0.6892146,0.75889325,0.13926286,0.84296614,0.8288897,0.24382031,0.4189943,0.6111429,0.5369146,0.8988276,0.9011673,0.57018864,0.14235133,0.31710058,0.21568933,0.47882205,0.8679776,0.6199514,0.77476144,0.38739932,0.8989677,0.6288897,0.96361303,0.26027626,0.8764523,0.42191416,0.55467236,0.6595508,0.90464115,0.28344345,0.9416468,0.6055405,0.8051287,0.9183481,0.8770083,0.6372665,0.7949399,0.8084173,0.4093433
BC2026_Train_0004_S08_20250607_070007_45,0.6846174,0.860013,0.16815853,0.7843486,0.61828667,0.60928154,0.12659809,0.27777866,0.74051136,0.24921334,0.41188765,0.28299063,0.6348989,0.7337854,0.38590157,0.76292515,0.38384587,0.48719573,0.6830174,0.39248526,0.61253417,0.79876137,0.42027706,0.35234836,0.73980165,0.7105583,0.5597733,0.22731426,0.83634394,0.18705836,0.6518625,0.6548375,0.9698725,0.6117178,0.43319744,0.5261076,0.9818393,0.77425754,0.69831586,0.80037034,0.59962356,0.8215903,0.6323562,0.92880464,0.9434849,0.39062977,0.85828346,0.5981368,0.34185705,0.9394131,0.86016643,0.8170408,0.4525602,0.28272718,0.348626,0.07029975,0.6698462,0.34688613,0.7152509,0.6437522,0.6127863,0.16966286,0.6677935,0.5491979,0.57902455,0.45167154,0.6898695,0.25497293,0.7034937,0.8023893,0.35230976,0.5120145,0.7604742,0.9190406,0.86802745,0.383251,0.44153136,0.9596573,0.71842766,0.55306965,0.8522378,0.51292205,0.91524035,0.6998521,0.83300936,0.5452677,0.86650074,0.8356143,0.5857916,0.7580606,0.29912686,0.73260415,0.76212996,0.9543593,0.45130813,0.10383575,0.8359562,0.6157015,0.6288389,0.92227316,0.4579724,0.64817846,0.42927533,0.8045906,0.4588831,0.8479358,0.5120926,0.5238985,0.62475455,0.35543865,0.8728156,0.20716977,0.88954,0.7046057,0.6260005,0.86390305,0.9218365,0.9495479,0.53520286,0.68114734,0.87166667,0.8899715,0.39195395,0.76314366,0.37291574,0.7083225,0.38686317,0.90862453,0.30810124,0.7644204,0.81666577,0.30433393,0.6319797,0.9221238,0.52710354,0.4210235,0.9017806,0.8867214,0.9554684,0.5353688,0.44854057,0.92719436,0.39200503,0.54478,0.61483026,0.27104825,0.61185056,0.76806664,0.8413263,0.42890108,0.63562405,0.6857438,0.6729177,0.8328918,0.8726685,0.54869694,0.7633755,0.27648073,0.3667553,0.6559619,0.87371695,0.6536393,0.7710482,0.504472,0.689898,0.8267274,0.65384054,0.85766584,0.45400274,0.7217073,0.8865659,0.72163653,0.5681646,0.12760356,0.5999258,0.79728067,0.6704723,0.9544747,0.9168875,0.7339662,0.6788912,0.26350766,0.583748,0.283549,0.8377849,0.55613124,0.3154214,0.8405781,0.4123062,0.45146954,0.6899587,0.80525446,0.94025826,0.9311899,0.5652943,0.5750325,0.63881034,0.22614685,0.72603416,0.8687076,0.30594036,0.49376407,0.3726048,0.66793644,0.8241067,0.9547818,0.64195824,0.2149612,0.25206244,0.20425478,0.77870214,0.90162957,0.73322153,0.85256493,0.48299763,0.83481514,0.68574786,0.7812146,0.27092838,0.79089797,0.53836405,0.4679389,0.77292216,0.87945104,0.54538065,0.9107555,0.76203823,0.63754606,0.757485,0.85582316,0.6928682,0.7915989,0.71596324,0.27012306
BC2026_Train_0004_S08_20250607_070007_50,0.7030105,0.8968171,0.26217547,0.90103626,0.70450425,0.78092873,0.31416792,0.23445326,0.9184165,0.21701553,0.3939616,0.49316877,0.71379185,0.85915446,0.48605934,0.9679896,0.4267446,0.7820947,0.70290494,0.6736939,0.55733097,0.7662324,0.3711638,0.7430616,0.7946938,0.6479682,0.72756857,0.18149132,0.80879915,0.49903858,0.7981316,0.49313647,0.8257997,0.6332658,0.33303744,0.9129069,0.96735626,0.8135264,0.9652058,0.78606856,0.64960283,0.6980011,0.52370584,0.6085781,0.9321817,0.27040905,0.9093387,0.45075744,0.5299401,0.95379454,0.8890587,0.8966644,0.44248122,0.34285498,0.8184806,0.12271548,0.68753207,0.77810895,0.45680147,0.75840056,0.80808616,0.31561238,0.65381074,0.70548797,0.9105836,0.5290308,0.8796754,0.30980325,0.52932227,0.88524866,0.3244304,0.6608267,0.9256664,0.77956235,0.47613454,0.15689483,0.3784099,0.88083196,0.55999935,0.6752002,0.8853773,0.6308409,0.9206486,0.7631215,0.9672874,0.4042102,0.91862273,0.8696272,0.6416497,0.85057163,0.11005348,0.65587455,0.895102,0.80565286,0.3316604,0.22999293,0.83430076,0.7680819,0.5512392,0.9364114,0.45171005,0.8272325,0.11321694,0.6808599,0.4054199,0.80693305,0.5970519,0.3736832,0.6747303,0.23528849,0.8217386,0.2369411,0.72238445,0.6516776,0.87641615,0.7348745,0.8474157,0.73411465,0.42636377,0.6612729,0.8834246,0.96519786,0.31290793,0.82449424,0.43555453,0.7679925,0.38751823,0.920724,0.29896724,0.6552533,0.80466115,0.4032036,0.6391505,0.74447685,0.57939994,0.5465238,0.84107006,0.8406191,0.8582895,0.40514266,0.28215578,0.97325855,0.29364434,0.6338848,0.7312685,0.32346553,0.7160073,0.80259615,0.98733675,0.7096847,0.8151256,0.73051655,0.46419156,0.7842294,0.80646825,0.62216175,0.6953376,0.5501547,0.22875255,0.78055465,0.9747082,0.6101404,0.8418423,0.35073167,0.6365,0.98431534,0.5394683,0.8417765,0.60209167,0.78417265,0.8128849,0.72723377,0.5899956,0.1654791,0.6886778,0.7759515,0.8021835,0.98288953,0.8742819,0.83445525,0.87519705,0.34061992,0.74232197,0.28632057,0.62592304,0.85488725,0.19232932,0.9239906,0.43589967,0.36281514,0.73802245,0.88348114,0.88507915,0.8629155,0.66865337,0.53800774,0.67737496,0.24034426,0.79076123,0.5530374,0.40999335,0.40607226,0.292695,0.78418696,0.7764224,0.9033772,0.63895214,0.16946205,0.4463283,0.38116407,0.66257155,0.90940154,0.8390707,0.77390784,0.24691021,0.82645315,0.243285,0.78085995,0.28598386,0.84389555,0.21576133,0.39131325,0.7980095,0.7700633,0.37257951,0.9485661,0.91823745,0.8939823,0.6078801,0.8632163,0.8826833,0.813539,0.78002346,0.23805626
BC2026_Train_0004_S08_20250607_070007_55,0.6622266,0.9984282,0.6614704,0.7574896,0.88161385,0.9457441,0.49626327,0.3376453,0.76917315,0.078275025,0.51938653,0.25727823,0.5818259,0.9158697,0.38961646,0.98414826,0.7242173,0.93284416,0.95805883,0.84958583,0.72278035,0.91167057,0.31946564,0.94569325,0.80146587,0.6594001,0.85002196,0.38594335,0.8734678,0.5636853,0.76801616,0.68234634,0.4599374,0.8751162,0.60796297,0.8799554,0.99172086,0.74361527,0.99636626,0.9440345,0.8665636,0.271699,0.5497338,0.7603214,0.9915531,0.5662885,0.9654243,0.48736432,0.39709485,0.8872804,0.9183054,0.9148699,0.62174106,0.33583975,0.91542244,0.32662952,0.6787745,0.582661,0.5584623,0.9174714,0.88792825,0.4914989,0.76749766,0.7286904,0.95127237,0.87821305,0.9282297,0.58196926,0.60342336,0.92934227,0.385733,0.71329415,0.96803445,0.9387382,0.5370237,0.046952166,0.23214221,0.7426046,0.12880723,0.82933736,0.92027795,0.74541605,0.81043017,0.79197335,0.9102005,0.3866378,0.62795854,0.77299595,0.6413034,0.9151902,0.16324437,0.32093674,0.7823845,0.9673554,0.41655213,0.45427644,0.86621076,0.7994925,0.63336086,0.7541827,0.13644238,0.9511244,0.1892659,0.51277304,0.4149285,0.68189526,0.7224455,0.12996367,0.38656646,0.2840342,0.4210201,0.16886893,0.3020784,0.57032716,0.946712,0.63365555,0.7078024,0.5637225,0.53155565,0.71325934,0.9274491,0.9222133,0.3662235,0.6063986,0.6018877,0.8838413,0.7335708,0.8799771,0.40980703,0.42268032,0.6956928,0.25310495,0.7890051,0.75964403,0.4334861,0.7946781,0.89571357,0.60988677,0.8472905,0.67220736,0.40164405,0.7935296,0.41378188,0.7346393,0.7801359,0.7446979,0.60252464,0.47347987,0.9785188,0.61656356,0.8657621,0.5112001,0.30065495,0.546319,0.84530187,0.38338578,0.6094266,0.8923423,0.2709703,0.7288269,0.840453,0.74292386,0.65401566,0.538273,0.5349373,0.52302366,0.33456075,0.8366687,0.49899244,0.4691633,0.7190387,0.8518262,0.30070415,0.23261091,0.83027124,0.56510025,0.81942356,0.96598804,0.6865065,0.8740081,0.8492423,0.1867387,0.6702379,0.33237875,0.73395365,0.8444222,0.06342986,0.9283218,0.34572083,0.18404338,0.7021196,0.83832943,0.87829506,0.73477936,0.6512984,0.5124231,0.58605707,0.24674803,0.90425074,0.6477777,0.48735178,0.3891363,0.43613774,0.48852187,0.7621293,0.68443096,0.60886717,0.24707514,0.28411376,0.18688071,0.47179204,0.71500623,0.8651316,0.82359004,0.5456108,0.7828773,0.109068826,0.86984545,0.18563601,0.7851892,0.11073744,0.2564513,0.85598826,0.7946837,0.2906989,0.845417,0.9009795,0.9682598,0.64553356,0.7021047,0.8021219,0.8938476,0.7381016,0.2242176
BC2026_Train_0004_S08_20250607_070007_60,0.5118475,0.78936124,0.908792,0.8384371,0.94542706,0.72529864,0.7461666,0.6113718,0.9719714,0.1486571,0.18126065,0.07127291,0.4372073,0.8412082,0.67936397,0.91738796,0.8860228,0.7027221,0.9278475,0.6327566,0.64627683,0.83636534,0.73021567,0.49278954,0.75278425,0.4360209,0.9131309,0.21171395,0.83536524,0.67675364,0.52857715,0.62488043,0.76953423,0.5597275,0.5315124,0.4279968,0.90777016,0.67551124,0.9917004,0.56148696,0.9095086,0.41041884,0.6748112,0.816483,0.98703754,0.82686555,0.4426913,0.6946709,0.19338167,0.90182984,0.588662,0.69853055,0.83016294,0.62496233,0.4124788,0.26619977,0.5180629,0.7999178,0.7180823,0.54438686,0.70583427,0.69122076,0.6652146,0.81800616,0.985109,0.93572176,0.49524313,0.51751983,0.26606655,0.78445685,0.58739996,0.71966004,0.9372499,0.906209,0.36090332,0.022517916,0.040684834,0.6878933,0.10090704,0.637583,0.8882364,0.94927907,0.8711639,0.74629235,0.87948215,0.5717115,0.7359288,0.8136276,0.7005218,0.91492426,0.17129329,0.45485336,0.8563826,0.72348976,0.64405036,0.88877916,0.78394437,0.6180985,0.23614436,0.56370676,0.20802724,0.9953334,0.09233771,0.56899714,0.51532817,0.66183877,0.69000447,0.24668214,0.26856726,0.6271813,0.38475358,0.18743473,0.29576835,0.52125263,0.908795,0.81718934,0.47994024,0.7486837,0.83505833,0.6289463,0.85288495,0.7673938,0.45748127,0.5518847,0.67746556,0.957528,0.702613,0.8014667,0.21324292,0.48310706,0.92429477,0.3662079,0.524134,0.82581395,0.40474737,0.97271043,0.81008303,0.6605511,0.8216214,0.65577066,0.81689584,0.69154716,0.81253123,0.9197875,0.6744831,0.8190396,0.7931187,0.49741453,0.66438806,0.6285074,0.9358802,0.7132118,0.14222908,0.36813003,0.87917805,0.47752362,0.33112192,0.97863644,0.19621974,0.9357437,0.6358956,0.94191134,0.5644049,0.61154574,0.54347533,0.7897936,0.22621533,0.9387934,0.5934055,0.42963076,0.31447616,0.6875051,0.21630234,0.47663772,0.93261033,0.59329116,0.9805083,0.939271,0.6056395,0.6572958,0.9422437,0.10987225,0.5132803,0.3736305,0.63639337,0.5913617,0.12762281,0.94864166,0.60316676,0.1654425,0.6212864,0.7307799,0.88880646,0.71736014,0.9079312,0.87166667,0.7320826,0.3276171,0.9066208,0.85461664,0.61292183,0.830811,0.52261436,0.4835713,0.8626069,0.70011437,0.4242422,0.23623657,0.36958462,0.11997147,0.5662586,0.5203983,0.5981188,0.8616595,0.2509571,0.5560215,0.1170471,0.9734875,0.112572335,0.7315407,0.18893987,0.04161159,0.9607812,0.673633,0.3393073,0.76196015,0.8091234,0.9817125,0.57504106,0.82881665,0.88051665,0.8939989,0.657122,0.18667442
BC2026_Train_0005_S08_20250607_070007_5,0.42119128,0.78295714,0.6641207,0.55035955,0.65221953,0.14752567,0.07371113,0.2746509,0.7791005,0.14480333,0.23691688,0.7929646,0.8263823,0.7665844,0.4254073,0.5203782,0.64533556,0.72586024,0.698719,0.16923562,0.211227,0.8235241,0.4407012,0.52235365,0.4024098,0.24070671,0.48841918,0.24045748,0.7360048,0.69819987,0.45245653,0.18261287,0.55385834,0.34623182,0.68240166,0.54811084,0.8334147,0.58618796,0.80402553,0.82503474,0.34952193,0.2454424,0.42783844,0.41458094,0.5179337,0.4959221,0.20268174,0.5996311,0.29188174,0.71009827,0.38683128,0.74673456,0.4997141,0.7425512,0.48630434,0.5258655,0.41448054,0.8893328,0.5658622,0.4116053,0.5264738,0.46101564,0.7048068,0.43497312,0.4415904,0.7865919,0.679703,0.1290588,0.37514055,0.56931937,0.661502,0.29643348,0.7764019,0.69215274,0.6068149,0.49514395,0.059366666,0.88720053,0.45371324,0.5250151,0.65694344,0.50744176,0.90727687,0.61010885,0.8705486,0.5789423,0.7935219,0.36185247,0.8207904,0.80522716,0.043942995,0.60833263,0.8034463,0.4136718,0.46358287,0.7720525,0.78987235,0.49700612,0.4506653,0.8213694,0.5872766,0.95171297,0.24993682,0.21233207,0.11436246,0.6323401,0.55107373,0.74072635,0.8981224,0.586748,0.88653743,0.060600586,0.8985479,0.13881388,0.90114534,0.94309473,0.6325387,0.3807866,0.52766937,0.8297914,0.7804475,0.73223627,0.50790584,0.9436931,0.16529429,0.9735607,0.08527708,0.8282354,0.6345303,0.4021533,0.9978249,0.59040534,0.5991009,0.9144038,0.92470384,0.43636543,0.8716431,0.806656,0.9914583,0.1120792,0.65258145,0.78058887,0.97545826,0.8814055,0.64170355,0.56278616,0.87894547,0.764251,0.645421,0.21104035,0.94246054,0.8918364,0.7208662,0.4906147,0.7889619,0.9416808,0.46195334,0.7929846,0.6380229,0.93123525,0.8007616,0.8002025,0.70793676,0.2588377,0.54526657,0.3065046,0.32408923,0.9897971,0.8677739,0.8653828,0.53375137,0.9002329,0.13966434,0.29405755,0.8606349,0.36923838,0.970113,0.8794223,0.8018881,0.49623334,0.9698864,0.5284546,0.62291956,0.8247576,0.6435839,0.95140517,0.44909284,0.79448414,0.2392391,0.10211216,0.82119787,0.9130146,0.6448178,0.8617457,0.93385,0.4520736,0.76518154,0.3957479,0.6458882,0.26560104,0.14965324,0.9428557,0.5909815,0.91076684,0.836684,0.60761184,0.46654654,0.24357623,0.62224543,0.62391967,0.81819427,0.92534333,0.8768167,0.8021841,0.28265506,0.77569276,0.4679514,0.8541187,0.6013708,0.8677068,0.31184256,0.4137674,0.8682389,0.9681364,0.44829828,0.8346473,0.9758282,0.83652854,0.8979264,0.94452846,0.8841148,0.754071,0.7200501,0.1621573
BC2026_Train_0005_S08_20250607_070007_10,0.359608,0.43815655,0.66836464,0.6503768,0.74213123,0.3181594,0.14549012,0.28702778,0.46739727,0.18531296,0.09488638,0.5198438,0.6397027,0.73117423,0.41322756,0.5283928,0.68672264,0.54399043,0.39768296,0.32264975,0.51915324,0.8080697,0.5407733,0.3574278,0.46153438,0.58599526,0.1806923,0.22546999,0.77429914,0.6192229,0.44432065,0.59580827,0.749207,0.27337646,0.50281787,0.21529822,0.7620274,0.23407578,0.47601378,0.7088004,0.41512147,0.15220575,0.25234672,0.3210618,0.65831447,0.49004257,0.08321877,0.447989,0.28853962,0.40150177,0.5813215,0.6346685,0.25227016,0.24776469,0.669825,0.2744177,0.1351746,0.77255875,0.3788255,0.66727626,0.5905639,0.17663881,0.45132437,0.49065953,0.798577,0.7835573,0.49681187,0.23319173,0.21450181,0.5948211,0.59672505,0.5027499,0.6886306,0.5477147,0.35581452,0.24835503,0.12105423,0.66746366,0.1907373,0.27751243,0.6397511,0.74146044,0.95917314,0.30491322,0.88807005,0.5638024,0.4369545,0.28681526,0.8482212,0.5970725,0.240275,0.53562546,0.5894875,0.23323959,0.4633812,0.53020257,0.6521714,0.594718,0.35043088,0.521697,0.48232704,0.9483682,0.20503294,0.37941355,0.14655402,0.34527308,0.6836902,0.53420675,0.61008227,0.51386976,0.95316494,0.09133358,0.71275246,0.14487319,0.9615848,0.7614171,0.56997406,0.28507987,0.7222962,0.60584617,0.75845706,0.83574677,0.28574055,0.76354885,0.30202425,0.91407466,0.14925583,0.629449,0.59395075,0.37380782,0.9751426,0.5715997,0.46685588,0.75070405,0.66585505,0.38298482,0.89678794,0.7508967,0.94407517,0.2445351,0.4479282,0.5656835,0.8809912,0.7108985,0.3499698,0.77689576,0.98057806,0.6015266,0.4111978,0.15649545,0.9674096,0.7091687,0.46160865,0.36701876,0.569509,0.8785318,0.40049833,0.95093596,0.38917375,0.8168458,0.2308192,0.78401303,0.6250738,0.6363145,0.51722896,0.24464151,0.28916904,0.9877895,0.6506283,0.5213603,0.2180361,0.9415536,0.20582347,0.573455,0.940264,0.47539157,0.9815063,0.8726884,0.66455007,0.55869365,0.9117578,0.5184747,0.44631004,0.7162612,0.6323396,0.79352176,0.26718655,0.69754636,0.35753024,0.11693753,0.5585524,0.71723926,0.44501275,0.71815705,0.7848704,0.6069534,0.5853075,0.15002036,0.7287209,0.3372668,0.19476599,0.9593846,0.49711287,0.68102336,0.8727636,0.62858856,0.6195526,0.15501355,0.64294374,0.24401882,0.5618647,0.76007044,0.5127546,0.7568377,0.19768974,0.7467178,0.15589896,0.94423354,0.49891815,0.61970615,0.34355676,0.2533931,0.7976732,0.9274056,0.41865775,0.6142786,0.9740057,0.8836618,0.75257206,0.73816895,0.673601,0.92262185,0.54558945,0.38668358
BC2026_Train_0005_S08_20250607_070007_15,0.5850369,0.6602093,0.6423696,0.8787255,0.62136024,0.2840086,0.37717295,0.25639784,0.7914659,0.39921355,0.11227764,0.46539718,0.8116971,0.6515125,0.34470397,0.7329407,0.60518575,0.76608324,0.36270583,0.16761029,0.7044958,0.7492354,0.4596576,0.5431754,0.58102936,0.62929213,0.7700064,0.27996686,0.807009,0.47814584,0.2898034,0.5615594,0.67551184,0.8001108,0.5298736,0.6437503,0.9524032,0.5233628,0.8980224,0.737597,0.81617975,0.6541797,0.6072532,0.8072506,0.74773884,0.5017407,0.50749195,0.6499363,0.5237783,0.5155406,0.6293936,0.5440093,0.61862636,0.74550575,0.76117074,0.35898727,0.32750338,0.7928097,0.641363,0.5264547,0.4181835,0.1250431,0.43608296,0.4216466,0.7008997,0.6715188,0.7309915,0.29100376,0.44411927,0.5020671,0.59630823,0.4472196,0.699188,0.83837795,0.5925713,0.21624506,0.49443024,0.75105894,0.40530574,0.45568103,0.7676297,0.92090803,0.93093956,0.5047858,0.8459786,0.6644999,0.54733866,0.26801333,0.89293855,0.8309339,0.14440078,0.6068402,0.80519176,0.2568493,0.6984987,0.49874973,0.7647931,0.62986946,0.42056957,0.67209876,0.5806001,0.8877286,0.544546,0.38170186,0.32141507,0.57943654,0.87079847,0.71595824,0.7902186,0.250334,0.9646459,0.100009754,0.9163681,0.5320622,0.94142944,0.83201814,0.921451,0.63443136,0.884337,0.80388165,0.77015686,0.9334001,0.5020088,0.91145414,0.28105676,0.9656111,0.06997752,0.8849926,0.7923682,0.6535522,0.8995639,0.6161872,0.4685367,0.95489645,0.8590549,0.6466327,0.94316924,0.8039325,0.9612264,0.24932683,0.67411953,0.74158466,0.94081044,0.85061926,0.72149134,0.6302225,0.9426007,0.69337595,0.45330235,0.23872143,0.93361616,0.8355802,0.66745436,0.6464745,0.8219533,0.90031284,0.38982266,0.8630537,0.49583167,0.7944397,0.6202395,0.901373,0.6219572,0.49925402,0.7774199,0.55613434,0.48407882,0.9833441,0.693421,0.7189368,0.43016833,0.875577,0.548133,0.39271396,0.8790096,0.50084126,0.9674194,0.92927456,0.890874,0.69690937,0.93043,0.7505139,0.74340105,0.84302384,0.54911697,0.931751,0.546563,0.8500418,0.18428265,0.36909533,0.75731826,0.7021344,0.7099932,0.79865897,0.8117584,0.71532714,0.74294364,0.11590566,0.8628776,0.73428667,0.4529307,0.98141456,0.6673349,0.8928828,0.8833395,0.7367734,0.34408557,0.3551316,0.7803961,0.21941146,0.81675625,0.9492532,0.6741723,0.78107786,0.18271805,0.984136,0.28623104,0.8646605,0.47212732,0.85259455,0.25858015,0.5609176,0.949445,0.96403027,0.5905473,0.97901726,0.90401363,0.89682615,0.7792852,0.95992947,0.88053846,0.9561106,0.8367449,0.36792397
BC2026_Train_0005_S08_20250607_070007_20,0.6384208,0.8516969,0.7345799,0.8860382,0.6454056,0.45647514,0.23550835,0.29886937,0.69854,0.16264534,0.24398288,0.61667997,0.81503,0.6799936,0.4605958,0.8395467,0.64749,0.87712,0.2882352,0.08701606,0.50670993,0.32832155,0.65121984,0.4684297,0.48685724,0.452774,0.7812444,0.47056508,0.8404048,0.580576,0.5387612,0.36580777,0.7024118,0.75614,0.6660416,0.88722956,0.93666893,0.5536102,0.7126551,0.8745553,0.6301106,0.7093067,0.4506579,0.81596154,0.8867427,0.41413265,0.543661,0.49328536,0.49758953,0.5049108,0.368119,0.60478795,0.9035169,0.8105149,0.5441627,0.10590455,0.64897263,0.7114428,0.5937676,0.48978925,0.251729,0.3860206,0.5533546,0.5555902,0.62527096,0.5469668,0.8342266,0.2582835,0.6002667,0.6106349,0.5733279,0.44384778,0.7575749,0.84535253,0.68578243,0.31443113,0.42154944,0.9447142,0.540938,0.6851616,0.8150492,0.90317106,0.8452915,0.58482856,0.7693779,0.7318573,0.7372504,0.23690306,0.9096159,0.93747497,0.14938757,0.69343543,0.85983443,0.27163675,0.7514783,0.70226216,0.8886235,0.4441467,0.37384653,0.648828,0.7047001,0.8685609,0.6911713,0.55573606,0.26416916,0.8403727,0.7643168,0.7943187,0.851465,0.41735628,0.8654636,0.15381728,0.72014153,0.6016619,0.8634207,0.84716773,0.9390693,0.7177224,0.726434,0.802253,0.7789315,0.9111804,0.4932017,0.94588745,0.323887,0.9373244,0.18707106,0.95574826,0.6888976,0.5501481,0.89096355,0.34749982,0.49571717,0.9704417,0.9186667,0.53929424,0.89218795,0.77033377,0.94696987,0.33359283,0.8595078,0.6542337,0.8944406,0.8368828,0.598696,0.52311164,0.89706457,0.48921847,0.4495486,0.53791267,0.91861516,0.7772161,0.83161473,0.5547761,0.9671595,0.95078826,0.28185034,0.5903251,0.6834996,0.9053159,0.514415,0.8289844,0.5611461,0.40068096,0.7211482,0.5244795,0.39674342,0.87875265,0.552781,0.92400926,0.7661866,0.72290623,0.47926688,0.4104234,0.82839453,0.6044074,0.93242466,0.8483371,0.92807025,0.76824987,0.9282212,0.77177584,0.8863105,0.87727416,0.6751877,0.7305665,0.60165834,0.9145255,0.3113882,0.2751986,0.76717067,0.80372167,0.73084986,0.847116,0.8896837,0.6370195,0.84645593,0.28217638,0.8062762,0.8376928,0.47513896,0.935429,0.54038346,0.9483193,0.83559024,0.8296598,0.2960071,0.5064422,0.7229966,0.34622234,0.9060322,0.9765146,0.7291516,0.88463795,0.34675258,0.8696414,0.5342479,0.8174325,0.33572865,0.87749743,0.27709064,0.69187295,0.935805,0.8918363,0.60814905,0.98776925,0.9024608,0.83828175,0.81947327,0.9719374,0.8036494,0.6959698,0.86952925,0.5305798
BC2026_Train_0005_S08_20250607_070007_25,0.56739,0.8690939,0.6134186,0.9285537,0.6469202,0.4318112,0.07182996,0.2431911,0.9024296,0.13555233,0.44150212,0.48048967,0.48301864,0.71569824,0.25005108,0.81960344,0.6492483,0.77471626,0.27344263,0.14250092,0.47514302,0.5562526,0.43904877,0.6001871,0.39699453,0.35735738,0.84451807,0.30040795,0.8653685,0.50372344,0.31922826,0.3985492,0.913412,0.84617996,0.37148517,0.7109784,0.9124255,0.427044,0.7742616,0.926085,0.61085314,0.5404272,0.31306243,0.6349931,0.9274456,0.76480377,0.32804134,0.44032553,0.4514271,0.50348604,0.47269455,0.5614727,0.6236715,0.6979382,0.5353277,0.08032403,0.5760087,0.6036189,0.36191356,0.28697377,0.4439773,0.2829931,0.55609035,0.5534437,0.42112368,0.44582722,0.7101282,0.24274704,0.6710639,0.5316947,0.4324708,0.14320399,0.8221426,0.9404818,0.5668151,0.4009984,0.32739896,0.93934196,0.5756104,0.6319953,0.961161,0.94820464,0.9491472,0.33043545,0.74038637,0.36075854,0.6485803,0.62518156,0.6980914,0.9606484,0.1378474,0.49551922,0.53667986,0.4426366,0.78745985,0.60467505,0.92738855,0.3234229,0.7808043,0.8161433,0.40308374,0.9203634,0.42169523,0.54228455,0.17595613,0.8306074,0.74626863,0.5331385,0.5687277,0.5172458,0.70942914,0.30826038,0.68161166,0.252953,0.8133986,0.86540926,0.756456,0.75621295,0.42196304,0.9098122,0.7247765,0.9414922,0.63264203,0.8668468,0.30432507,0.9161122,0.28974846,0.8403739,0.32485592,0.4107862,0.86459994,0.5185498,0.22716287,0.9081158,0.79964674,0.5040484,0.5513717,0.5608985,0.9150871,0.25757417,0.783707,0.8113495,0.7511797,0.80650246,0.80196166,0.25328296,0.78141844,0.5857842,0.5422878,0.43403298,0.8570173,0.81031,0.694,0.31890714,0.97563803,0.9326396,0.4650722,0.7266966,0.5920344,0.9103178,0.7617426,0.87195367,0.5702151,0.6051886,0.66721857,0.76330495,0.6715047,0.8788022,0.6472908,0.5727039,0.6910943,0.95574045,0.56605446,0.7058406,0.8948636,0.4596989,0.9215769,0.74550366,0.7603005,0.6666001,0.91019726,0.70097995,0.8551843,0.78088903,0.8580375,0.8056904,0.34589952,0.8716773,0.3278448,0.12512632,0.5379456,0.6817303,0.73157465,0.8481765,0.85671306,0.74766016,0.58127785,0.17740345,0.7976395,0.8231703,0.36141223,0.6095658,0.6471349,0.74996936,0.8594127,0.8339814,0.3144784,0.16288388,0.6143371,0.4009011,0.690989,0.95140296,0.3649065,0.95882136,0.36686397,0.6840436,0.4250957,0.8528956,0.14336729,0.8621278,0.4457972,0.6280068,0.8200276,0.6004481,0.64686537,0.95598257,0.9340172,0.8412268,0.8427324,0.9334101,0.6110014,0.7213856,0.60399365,0.3792928
BC2026_Train_0005_S08_20250607_070007_30,0.55424076,0.8192634,0.87120473,0.9346218,0.5868424,0.55548227,0.020164333,0.24602559,0.86264,0.27868322,0.17888626,0.49019217,0.5264,0.7386497,0.35368264,0.8566317,0.55428934,0.6701062,0.45920753,0.37428397,0.4225979,0.52662057,0.17702329,0.54403025,0.4920293,0.28398862,0.87352145,0.29120395,0.943281,0.5649875,0.40626043,0.449091,0.9832498,0.78382754,0.09407826,0.85416543,0.7830535,0.37146354,0.69729185,0.64345276,0.7109978,0.8366675,0.2501776,0.8806267,0.9931576,0.99528027,0.8189685,0.3217708,0.5392485,0.65823257,0.5365697,0.39795566,0.5807025,0.6979147,0.77735853,0.16595957,0.78498435,0.48040354,0.4191422,0.23043011,0.5506199,0.21109019,0.632982,0.3580408,0.5312401,0.15298018,0.67533565,0.19791666,0.5872255,0.625445,0.24219908,0.08690037,0.8273601,0.8141146,0.64293694,0.24252093,0.4624189,0.896994,0.4058504,0.4243,0.9975437,0.910231,0.9319998,0.40254307,0.83726454,0.1784961,0.7730061,0.89952815,0.55849516,0.9726629,0.15143266,0.47318012,0.6332712,0.5568444,0.78422034,0.751382,0.890878,0.41524762,0.95956296,0.8445742,0.18395537,0.921106,0.34059113,0.4541006,0.24999994,0.8978535,0.363518,0.18001136,0.6646817,0.55137616,0.7799126,0.14764386,0.47661203,0.19698095,0.82309556,0.77922285,0.7608613,0.68498325,0.41102225,0.976588,0.70757616,0.838175,0.6472479,0.8854425,0.26630974,0.8745698,0.6268119,0.619874,0.38510925,0.34038788,0.9365791,0.8806896,0.18126789,0.9256743,0.9537524,0.5039176,0.47567052,0.41203147,0.8826992,0.5743261,0.82862675,0.86016434,0.75960684,0.8573253,0.8985046,0.11496805,0.4938578,0.57950866,0.57784927,0.61368656,0.89624846,0.7485739,0.682491,0.14200479,0.89417577,0.84103966,0.4913813,0.5947858,0.37383312,0.86388385,0.894276,0.8619626,0.46609217,0.35483247,0.8659338,0.959208,0.67939216,0.85104096,0.42224956,0.58760554,0.8620541,0.9644692,0.67984927,0.49901164,0.9429475,0.48288584,0.779328,0.75682354,0.81922704,0.6791861,0.8346923,0.52671623,0.74739087,0.75979877,0.7632979,0.7305733,0.14975332,0.8013898,0.30885822,0.07713799,0.7928295,0.7144063,0.82941556,0.9734704,0.8805588,0.84169555,0.6954341,0.16823384,0.7390001,0.8190483,0.5138036,0.40848738,0.649351,0.70365596,0.8033776,0.7822033,0.6044048,0.06778376,0.4330314,0.42057508,0.6472137,0.8508223,0.35413277,0.82714725,0.30395687,0.75291884,0.18790606,0.785555,0.1228185,0.918419,0.28986827,0.23128098,0.85582125,0.61586595,0.8044802,0.83773214,0.82356596,0.7993461,0.8403456,0.937595,0.78627074,0.6776811,0.7943749,0.32996547
BC2026_Train_0005_S08_20250607_070007_35,0.46547896,0.61120737,0.78557014,0.8573958,0.42990875,0.3766284,0.07469441,0.22129196,0.83189833,0.29144645,0.16610718,0.20102572,0.5381074,0.5684225,0.5944128,0.8619306,0.3507033,0.2609982,0.3550415,0.20020089,0.33082914,0.41339797,0.11611201,0.123566985,0.3135284,0.16887265,0.75136626,0.07740515,0.8525758,0.3866033,0.2672086,0.31705385,0.97810924,0.76830333,0.14186133,0.6273308,0.69832075,0.39342093,0.31202996,0.65775084,0.15445025,0.5754734,0.14978224,0.5620434,0.8600478,0.97873306,0.7837164,0.26315367,0.6606939,0.6681501,0.5547755,0.39865732,0.3916464,0.5690801,0.52733344,0.049558207,0.8528027,0.7572341,0.22740893,0.24947268,0.23508106,0.1289694,0.6193854,0.47155663,0.33173072,0.18313336,0.733122,0.25159478,0.4706742,0.5500945,0.37129515,0.2942326,0.74424446,0.8316574,0.6686373,0.3818578,0.51243937,0.8587184,0.3173309,0.34538853,0.9527737,0.8690056,0.9237342,0.64615035,0.8673086,0.31024826,0.5741849,0.77295834,0.76434994,0.7903081,0.05529117,0.30464438,0.7792052,0.59563553,0.7335923,0.63770586,0.8491549,0.33556265,0.92942744,0.95814836,0.331747,0.84746003,0.14518458,0.19962367,0.17274076,0.953165,0.30204558,0.17221084,0.94051886,0.24425618,0.81304777,0.04230217,0.5501262,0.41111106,0.72035193,0.74699974,0.73200405,0.8089918,0.40352786,0.97314084,0.69824636,0.68969226,0.32836345,0.92664206,0.1181235,0.8964597,0.59053624,0.58394647,0.38939643,0.2635408,0.9049909,0.8008994,0.21165526,0.87000823,0.8651884,0.6140263,0.61370206,0.33124006,0.8271382,0.5142908,0.7174609,0.85710794,0.86748385,0.916238,0.40539896,0.24232635,0.40361118,0.7263677,0.45278534,0.6651651,0.95903116,0.7776097,0.793965,0.20746535,0.72696006,0.8145685,0.45507044,0.36576366,0.56369853,0.7745808,0.9412857,0.7468827,0.32454944,0.1878978,0.79038584,0.63673115,0.5251309,0.7632818,0.5456914,0.7964426,0.83600116,0.9300235,0.6932365,0.17738014,0.83822656,0.32084697,0.7745297,0.55899376,0.7657265,0.46964967,0.6280978,0.73028135,0.76836574,0.9156698,0.33614612,0.58115816,0.38313615,0.5831317,0.38281852,0.08391802,0.8306215,0.80461025,0.71120536,0.9350309,0.9129205,0.8293804,0.86895674,0.14731725,0.82351756,0.60968894,0.2675022,0.5537736,0.8493968,0.3881516,0.7163166,0.7663294,0.4091435,0.113917686,0.6742475,0.6344688,0.48056924,0.8189447,0.37412453,0.93173754,0.13708095,0.55496234,0.40403008,0.8492402,0.089564316,0.9905203,0.4554057,0.2724684,0.7382902,0.784166,0.61523175,0.72431755,0.5976702,0.75383365,0.9585835,0.9302982,0.819115,0.6494318,0.8868101,0.24140495
BC2026_Train_0005_S08_20250607_070007_40,0.5627636,0.88227856,0.52388084,0.60496,0.48463792,0.23147514,0.3510145,0.45449585,0.84942305,0.5585078,0.46341717,0.2807223,0.7849692,0.63044953,0.7797489,0.94740117,0.2620658,0.14030668,0.47380966,0.2793715,0.12651497,0.47398716,0.21492219,0.4148075,0.3082866,0.16381529,0.98865724,0.08696084,0.82191044,0.49914935,0.34145123,0.53401345,0.93029726,0.532776,0.52949876,0.867239,0.8398026,0.3342502,0.47022164,0.7248696,0.18795016,0.76685643,0.45148137,0.8432212,0.8462256,0.5964669,0.52306926,0.560355,0.6223362,0.502225,0.20552707,0.2905892,0.760196,0.7911302,0.58691585,0.06487337,0.87051666,0.3336687,0.41080165,0.33972424,0.28077376,0.19011489,0.6684755,0.43367422,0.33019137,0.44367307,0.4566893,0.16254309,0.76179683,0.7761901,0.3937114,0.33703607,0.75478244,0.7553577,0.97989655,0.2062033,0.44977844,0.82157946,0.13656719,0.51348245,0.7421628,0.6350907,0.98840463,0.568909,0.9222962,0.43351018,0.7004781,0.52237356,0.9524229,0.7241186,0.026255667,0.18706736,0.9084555,0.37492144,0.54565096,0.6939461,0.7810139,0.521458,0.52651936,0.8229605,0.57056785,0.9044677,0.2807184,0.32373545,0.094080105,0.71570075,0.3785569,0.6453471,0.95801044,0.2856885,0.628932,0.059773415,0.8065498,0.23146397,0.59684837,0.79712665,0.58762336,0.8418666,0.46381748,0.8201046,0.75350845,0.7244357,0.4533721,0.96972096,0.23406853,0.89476377,0.3170432,0.83383536,0.61243266,0.48870623,0.8693119,0.4377132,0.185862,0.91145897,0.94344425,0.49006188,0.9271556,0.69872344,0.9365344,0.26120612,0.401743,0.5980772,0.954534,0.77407336,0.44346595,0.50500834,0.6359216,0.5824705,0.5304797,0.28787798,0.9144205,0.7847531,0.8842584,0.36541337,0.95529586,0.9087994,0.37260097,0.6049742,0.7107333,0.8281846,0.8375291,0.5928918,0.50832975,0.12721893,0.36283588,0.54861635,0.35539502,0.81865484,0.74146974,0.95665777,0.5804722,0.8801497,0.37396175,0.06616661,0.8975196,0.45482695,0.912941,0.7295747,0.956725,0.6126301,0.89536285,0.7749109,0.66409695,0.96293175,0.41722164,0.7411127,0.43993032,0.7160486,0.25776184,0.17837746,0.5119467,0.87694514,0.64746726,0.8946227,0.90429306,0.8562993,0.8024154,0.1533091,0.70092785,0.7678057,0.16199213,0.65352166,0.85002446,0.4391911,0.7353486,0.78383064,0.20564654,0.36833125,0.7282132,0.39293444,0.56403834,0.89592576,0.69018567,0.76162195,0.10875277,0.78358436,0.47880954,0.9066659,0.24075285,0.98786044,0.39042914,0.5286486,0.8522203,0.9601451,0.6869191,0.8425906,0.7037667,0.6235533,0.8302959,0.9007491,0.92603385,0.38820106,0.9185307,0.29009655
BC2026_Train_0005_S08_20250607_070007_45,0.5203918,0.90364367,0.56148624,0.65903854,0.5475202,0.5273546,0.4905547,0.41971964,0.98362917,0.43732256,0.27678728,0.41965413,0.7034941,0.71286,0.56595314,0.9444418,0.44031888,0.2889496,0.72976327,0.35389626,0.2679622,0.58469146,0.23130688,0.5079942,0.6339138,0.09880139,0.91974175,0.15919942,0.8420905,0.5653001,0.54254967,0.3860708,0.88529617,0.8362299,0.48309395,0.8982991,0.6570009,0.60276264,0.519054,0.97491634,0.49594358,0.51048076,0.46038938,0.5668907,0.95911235,0.6362392,0.22273831,0.51182586,0.4179989,0.32739055,0.5079054,0.5166726,0.5050831,0.64885956,0.9073907,0.13120373,0.6154886,0.8146498,0.603176,0.40024608,0.54335517,0.1551275,0.62213016,0.4440446,0.2841746,0.3738066,0.43180346,0.2572171,0.7696638,0.8316921,0.38654298,0.23037416,0.5840128,0.8110243,0.65724766,0.20234025,0.57196844,0.9039936,0.30593258,0.70225716,0.8824575,0.80308366,0.9696307,0.73048997,0.9757464,0.33178872,0.907902,0.6414746,0.8633225,0.85347617,0.048138194,0.16294304,0.87721705,0.29958248,0.63601685,0.7999682,0.88618875,0.6523812,0.5691375,0.8153589,0.4047737,0.915393,0.3278445,0.27948117,0.10929609,0.4731152,0.7085893,0.72920406,0.9093519,0.29340085,0.5892107,0.07755369,0.73938024,0.2995271,0.7416166,0.85464406,0.57376444,0.82642806,0.60487896,0.806744,0.8177141,0.82823575,0.6620351,0.95775634,0.1806021,0.94884026,0.4419874,0.8554441,0.5269411,0.61440444,0.9512094,0.5465886,0.38478547,0.8412435,0.92123926,0.6295974,0.8389243,0.8810599,0.90311944,0.3814817,0.4595519,0.642565,0.75897825,0.6779189,0.621306,0.4768197,0.59137416,0.4991786,0.49363533,0.3014642,0.98480004,0.6889936,0.90692544,0.41785687,0.99066246,0.9159212,0.25706327,0.88430274,0.72630715,0.8990388,0.9445489,0.78387606,0.6689782,0.1463474,0.39239252,0.68727374,0.61345845,0.93279946,0.60496956,0.9281093,0.33638513,0.8559467,0.48557705,0.11492759,0.9161921,0.38014162,0.96791077,0.8296143,0.920517,0.79489136,0.75973284,0.55422205,0.8628516,0.8961281,0.66123474,0.6186234,0.36184168,0.87113637,0.50565815,0.25532064,0.6624565,0.80464804,0.53255075,0.851045,0.88908195,0.86961657,0.7203016,0.06264973,0.8840593,0.69396865,0.19041562,0.8549856,0.7914286,0.3881952,0.74939895,0.7796236,0.42559803,0.28651005,0.77827525,0.13231124,0.46446988,0.9211384,0.68090856,0.9003903,0.1701307,0.69193435,0.33737355,0.92817616,0.16384491,0.8728756,0.4409243,0.44887805,0.9192753,0.90928996,0.75235,0.8273268,0.72688216,0.85512817,0.92887926,0.96853614,0.69880855,0.41549134,0.8191074,0.45903304
BC2026_Train_0005_S08_20250607_070007_50,0.49516812,0.73327994,0.3040694,0.6860867,0.5671813,0.5220622,0.21233417,0.22284225,0.9271194,0.39671326,0.21189138,0.26159126,0.6512883,0.6949911,0.6562401,0.8227309,0.3226347,0.5436531,0.77958906,0.28010407,0.46541423,0.87463963,0.27037686,0.55157065,0.45348305,0.21740738,0.7391906,0.083482325,0.7277691,0.2796559,0.42165804,0.5881113,0.6033514,0.5367972,0.55299735,0.58002377,0.8309916,0.5742674,0.8467319,0.7521043,0.8683953,0.7199559,0.49681133,0.88531655,0.5769751,0.53889155,0.6306339,0.61020267,0.5043844,0.5712258,0.6307106,0.7416556,0.76286894,0.875196,0.8545493,0.10190542,0.44925913,0.583836,0.44554332,0.43145725,0.340809,0.09737,0.48440307,0.4229014,0.29156724,0.2504594,0.4933308,0.272654,0.38351327,0.56161857,0.37623024,0.16499516,0.6309049,0.71798146,0.6556506,0.29834437,0.43313837,0.96850574,0.3779106,0.8562267,0.81980443,0.81831014,0.86505145,0.7472662,0.9269562,0.47156537,0.83442557,0.64469886,0.75772846,0.91758984,0.074619085,0.35537195,0.51807517,0.37509638,0.4302618,0.46932638,0.9069363,0.770478,0.5669273,0.6813855,0.449601,0.8589566,0.5192559,0.18466061,0.13322918,0.5039861,0.75790226,0.31716746,0.91400886,0.6405879,0.84249914,0.19912699,0.7116047,0.49816364,0.74648213,0.92916745,0.6828969,0.68883455,0.6771648,0.9279758,0.9010922,0.9137827,0.78243697,0.9004146,0.09916142,0.97527933,0.47208214,0.9475353,0.6831442,0.7519735,0.8194326,0.5581545,0.42391732,0.89167213,0.9130958,0.62796706,0.8490338,0.7854754,0.9202944,0.63037884,0.3954323,0.5087106,0.8232639,0.929192,0.5970342,0.4460426,0.69375986,0.80854166,0.73110056,0.552046,0.9559599,0.8243614,0.8323034,0.44188958,0.869499,0.9117162,0.37490633,0.75376225,0.6314293,0.71378946,0.6275619,0.8898731,0.7253597,0.29771626,0.73930347,0.31454968,0.7215396,0.9351013,0.7905338,0.8543205,0.24925748,0.83955693,0.56194246,0.14519109,0.8120606,0.44295442,0.90743244,0.8355512,0.8904642,0.6617045,0.9026147,0.57846224,0.841112,0.737795,0.514546,0.58165604,0.5169021,0.72558105,0.5438585,0.30274263,0.8007575,0.77951205,0.7683281,0.85318244,0.8495184,0.893639,0.8811386,0.12385175,0.8519092,0.27759945,0.49930528,0.8071525,0.8420136,0.59160674,0.87265444,0.650712,0.45548916,0.3813812,0.65954363,0.36945564,0.7450012,0.9475669,0.61845297,0.81046915,0.19982353,0.93854165,0.55232203,0.95342714,0.320481,0.61703324,0.2845754,0.6026709,0.9080103,0.9464152,0.74778986,0.9797555,0.62842226,0.8898839,0.93041205,0.9431207,0.8420786,0.7239386,0.7504499,0.6105854
BC2026_Train_0005_S08_20250607_070007_55,0.48955613,0.75835335,0.381074,0.3550706,0.5504844,0.5516939,0.32794917,0.19587919,0.752773,0.11432581,0.36715472,0.23127772,0.4419908,0.8279933,0.4474309,0.8534463,0.4936722,0.80873823,0.60343826,0.4738261,0.53162843,0.7289125,0.08124213,0.27273798,0.5173302,0.33119506,0.84632826,0.09755175,0.70470786,0.29843786,0.20222414,0.19229394,0.82835317,0.66662693,0.418212,0.6207604,0.81066954,0.28683293,0.72305334,0.89330155,0.44909972,0.59752816,0.19379964,0.4920004,0.61482906,0.9117856,0.6483396,0.32595325,0.6921233,0.66201025,0.6654509,0.69837683,0.4849428,0.49340647,0.63028735,0.24004051,0.4158435,0.80961573,0.45666087,0.44545132,0.3708557,0.14206317,0.4710316,0.42829758,0.42526305,0.09150031,0.80589867,0.57743907,0.41595238,0.6489488,0.20347708,0.18653496,0.79543567,0.7855195,0.56785184,0.17808086,0.51597625,0.9289473,0.29041687,0.85619783,0.89507246,0.8336204,0.8418851,0.47791463,0.75162387,0.18987793,0.54290694,0.6262957,0.450774,0.96536535,0.07292996,0.2936522,0.48066878,0.47386616,0.591728,0.2925297,0.940802,0.76690936,0.8859928,0.86205125,0.3691224,0.7973654,0.340527,0.25728136,0.103266954,0.7348287,0.5676311,0.1941706,0.79067695,0.54397285,0.853128,0.09027627,0.3667999,0.23988909,0.82674,0.8724251,0.8426622,0.7396147,0.53295636,0.9588717,0.87074876,0.90514886,0.6240206,0.6442454,0.092087686,0.99200463,0.62994015,0.9077953,0.5994184,0.52475786,0.7522323,0.5468851,0.7343278,0.87640005,0.7718606,0.62759733,0.8789267,0.7249599,0.8391932,0.59629226,0.3782518,0.8016727,0.6059624,0.9471311,0.6984943,0.38479173,0.5927801,0.7166426,0.7329308,0.5263852,0.91224223,0.82235765,0.756123,0.22456762,0.63806653,0.80166864,0.4139139,0.5510952,0.53098726,0.6367824,0.90576315,0.8728467,0.60367775,0.21161795,0.82878006,0.38523948,0.53421015,0.79368913,0.66253066,0.566725,0.44951826,0.9434383,0.38485783,0.15292306,0.62329435,0.5788286,0.8539598,0.655744,0.6155405,0.7018553,0.6744995,0.4041798,0.57503176,0.7196418,0.55642474,0.80659604,0.31843996,0.47057578,0.36281782,0.07787554,0.80498254,0.75799406,0.7374201,0.9066101,0.7568257,0.6816939,0.8349304,0.14038777,0.7715132,0.29398,0.43865222,0.49059784,0.65126693,0.53037477,0.6992488,0.71702176,0.3600468,0.15098315,0.52718425,0.58452666,0.7184948,0.7799312,0.7504569,0.6204827,0.10746236,0.7502632,0.5548078,0.93542117,0.12950864,0.76234615,0.14559254,0.58538777,0.93215317,0.70170057,0.67763805,0.9639554,0.40727395,0.70319605,0.9639666,0.7826437,0.67070735,0.63127303,0.77093756,0.3771953
BC2026_Train_0005_S08_20250607_070007_60,0.23276322,0.8061686,0.7514665,0.6111482,0.7227069,0.13498108,0.54053634,0.14997466,0.8792275,0.025176253,0.09535208,0.43533665,0.4442863,0.7179036,0.50320756,0.9948553,0.8073406,0.94895625,0.4625035,0.60089785,0.45720738,0.6337031,0.055683248,0.69485825,0.7707683,0.53450876,0.6957561,0.18461373,0.5152799,0.40463275,0.13434947,0.35961294,0.7144251,0.7768568,0.42583126,0.81908727,0.78514105,0.19020791,0.8281123,0.69369936,0.8595458,0.10944018,0.32315692,0.4634609,0.35008693,0.97738487,0.3664921,0.28403983,0.6750479,0.5441928,0.32875925,0.73788106,0.22268248,0.099382415,0.65212035,0.12758896,0.26086852,0.09643649,0.516433,0.7954291,0.72633326,0.18127042,0.45733678,0.6438334,0.98768806,0.39937377,0.74366856,0.62293273,0.5447222,0.38091242,0.2807721,0.49659586,0.9605645,0.9057431,0.23741665,0.48023647,0.5110458,0.7298485,0.52360934,0.7364428,0.7817298,0.74118906,0.8137356,0.1684059,0.7806676,0.065165,0.70840585,0.26748914,0.5149421,0.9561169,0.1249682,0.35181737,0.7570981,0.3550948,0.6814021,0.10473837,0.6722088,0.47129536,0.58746815,0.87446237,0.57555115,0.964527,0.07160475,0.07963854,0.17999682,0.57120025,0.81343985,0.060248338,0.48344114,0.11152975,0.78269553,0.07609559,0.4188071,0.17441763,0.9763938,0.66480064,0.5671251,0.45738053,0.17717478,0.7101048,0.6865971,0.8203673,0.25179145,0.46034682,0.19831765,0.95157826,0.4074821,0.98868746,0.49245685,0.38031036,0.7324683,0.44792044,0.655766,0.7836546,0.210897,0.29431796,0.89515465,0.45206487,0.8782711,0.21705702,0.19172418,0.8826493,0.7019491,0.89155865,0.5291889,0.6825206,0.86765134,0.51340926,0.4415597,0.35603333,0.964133,0.80271935,0.34418523,0.056948252,0.80724275,0.44969776,0.5598022,0.8268658,0.26414722,0.704646,0.60319793,0.86538017,0.29619235,0.4452206,0.7502104,0.6663244,0.5020532,0.79749835,0.6191838,0.21494097,0.20487142,0.9444531,0.07576724,0.5529249,0.88042617,0.26421297,0.88458943,0.8760458,0.5106715,0.80205834,0.8438406,0.59867,0.72885954,0.60882425,0.28344265,0.6704904,0.13916765,0.64452887,0.094410256,0.07358467,0.39879334,0.471371,0.737041,0.72542906,0.6468756,0.57430166,0.6277932,0.064801455,0.7909355,0.50600004,0.28827593,0.5575981,0.30117062,0.7839854,0.7410369,0.55216026,0.23238946,0.09841168,0.74012494,0.4743576,0.25949383,0.6085367,0.90088546,0.16971555,0.056242153,0.75573015,0.31320202,0.8020921,0.25852895,0.6414883,0.19594404,0.20330408,0.93296456,0.81742287,0.3669604,0.9968658,0.6871822,0.74250805,0.8984504,0.6129391,0.70493317,0.6297437,0.703102,0.322746
BC2026_Train_0006_S09_20250828_000000_5,0.112304,0.09593421,0.15226161,0.67695725,0.27741438,0.35725212,0.19765323,0.062492333,0.2551539,0.86220205,0.07572125,0.3083506,0.14683479,0.046880335,0.5609899,0.06652866,0.28439325,0.8168552,0.19886035,0.7371609,0.30379415,0.5318785,0.18505454,0.23248103,0.47985524,0.084352255,0.06512339,0.23928842,0.35670218,0.118464336,0.33240688,0.95408684,0.7634051,0.30501297,0.45609543,0.20451456,0.23106822,0.34860393,0.29076976,0.15845743,0.993273,0.41402254,0.37474224,0.7354665,0.17690259,0.57395476,0.5074037,0.57260907,0.7737086,0.4655267,0.2844478,0.15809081,0.48164716,0.9530374,0.9041871,0.767951,0.763587,0.79229,0.8364053,0.47957087,0.40771437,0.09367651,0.24435657,0.053517833,0.36219847,0.67783463,0.10533708,0.5627688,0.36847752,0.21169028,0.7782911,0.46717146,0.3174314,0.6966375,0.44429252,0.56852937,0.7608421,0.5489245,0.29557216,0.31429744,0.03284908,0.54049265,0.37981975,0.27829516,0.4134729,0.15466447,0.22675592,0.105983004,0.27167994,0.2806762,0.3135748,0.34940058,0.05645262,0.45032275,0.5079327,0.60501266,0.081695914,0.314326,0.041785665,0.09715524,0.9563268,0.43640816,0.9702687,0.2140791,0.7334099,0.22343934,0.44554487,0.48650205,0.35824683,0.5687009,0.64913,0.6885227,0.5800542,0.9081247,0.5476168,0.45718998,0.12978166,0.43594426,0.6082913,0.8645812,0.4047292,0.69465005,0.7304197,0.2203171,0.18137124,0.3056587,0.5152687,0.57481337,0.6828389,0.7195908,0.17233765,0.42072743,0.3868621,0.42665267,0.35193676,0.32893062,0.5563934,0.7094778,0.676211,0.9678924,0.34781396,0.508931,0.5320732,0.5821105,0.16117665,0.44365147,0.4852901,0.5827671,0.3723967,0.23842004,0.13395417,0.48698723,0.81124485,0.81518173,0.2787446,0.10250739,0.9442353,0.4923109,0.32734996,0.3334806,0.5536434,0.67837524,0.29113808,0.7563993,0.5813716,0.77398753,0.9557103,0.14026704,0.3146993,0.2243002,0.5315949,0.5443781,0.28661883,0.6339296,0.51422155,0.16978124,0.35983372,0.6638185,0.66927874,0.3632989,0.22637662,0.9203036,0.9652599,0.6316513,0.48662853,0.23803228,0.8812921,0.2542534,0.34433466,0.6972891,0.8033978,0.13838723,0.8191782,0.37346315,0.42921767,0.94380724,0.8093312,0.5224966,0.18538183,0.13690639,0.83686996,0.52581143,0.8527382,0.15593159,0.7195624,0.26768228,0.80433035,0.28043634,0.70130515,0.12195966,0.817706,0.24009809,0.32063216,0.25464413,0.61784667,0.97825444,0.88709265,0.1902534,0.72290015,0.07866526,0.9294604,0.4080189,0.32702065,0.63698125,0.54868674,0.23674598,0.30186856,0.26091424,0.6071482,0.40594077,0.117887825,0.3970566,0.029065002,0.56020707
BC2026_Train_0006_S09_20250828_000000_10,0.11978651,0.57488656,0.09316513,0.66532576,0.06342417,0.5914342,0.49271116,0.07669246,0.39926636,0.50546217,0.35976854,0.24290568,0.46564096,0.2168434,0.6194241,0.18342492,0.3518054,0.5055506,0.30104423,0.67040825,0.064965166,0.5913042,0.39222527,0.17645106,0.481955,0.36210078,0.28087208,0.48080766,0.45614043,0.76570725,0.31941026,0.46317697,0.893288,0.4613486,0.6001916,0.6161632,0.27480152,0.39088282,0.24199498,0.6879795,0.8807017,0.6977321,0.62764335,0.5061601,0.3200307,0.4885298,0.5315012,0.4481547,0.56355566,0.21969327,0.20567702,0.2740239,0.13204685,0.31536782,0.5424392,0.860824,0.8922962,0.6996444,0.59793174,0.3797753,0.3612523,0.460913,0.37614983,0.07320249,0.39242584,0.85448587,0.20284244,0.4459749,0.5794122,0.4308454,0.5616746,0.25813708,0.3030852,0.5704557,0.60607386,0.9187814,0.76501966,0.2638635,0.90296,0.68011814,0.0869084,0.40030116,0.1684671,0.43456417,0.23914853,0.2514645,0.34792817,0.10091969,0.32744583,0.27517378,0.28266034,0.7538755,0.10920575,0.5773931,0.85820425,0.737375,0.08200897,0.668261,0.16503516,0.2424295,0.4912246,0.63846886,0.9098168,0.19771907,0.442229,0.7735599,0.4810489,0.59395826,0.18041012,0.3883131,0.29057896,0.7048156,0.32085025,0.7038555,0.47159153,0.10138351,0.1511739,0.7666888,0.7766217,0.61521304,0.4512252,0.48208874,0.5416167,0.17117414,0.4863323,0.1155595,0.21866056,0.17712095,0.36127657,0.92579055,0.41472894,0.6916028,0.4016291,0.17145106,0.082905054,0.16008562,0.7140037,0.9490956,0.63757026,0.55380774,0.6945268,0.3265292,0.16667303,0.18896833,0.8529323,0.33598727,0.6556467,0.60726917,0.48140892,0.4143643,0.22522834,0.14347094,0.46427333,0.45514816,0.48913902,0.19475985,0.93079174,0.49286246,0.85881436,0.75406444,0.9088299,0.21175343,0.6221977,0.36882216,0.46142453,0.40322906,0.9061084,0.36723977,0.5601777,0.16923401,0.6029503,0.11818506,0.22948672,0.6393951,0.57585675,0.36654848,0.33446398,0.3319925,0.21278252,0.35461122,0.2266593,0.5573685,0.88019145,0.44376695,0.82458854,0.44132903,0.93726057,0.14653161,0.40150875,0.8945683,0.38715094,0.09426831,0.55594814,0.41509253,0.32369745,0.7789072,0.6710712,0.37597084,0.34727412,0.61494446,0.5872999,0.45474863,0.8152681,0.5422058,0.43452334,0.18053636,0.8142228,0.38080287,0.67718434,0.541432,0.43911695,0.4124326,0.28394774,0.42829585,0.8496275,0.8982148,0.8029101,0.61874104,0.42983872,0.07859881,0.7297226,0.5261263,0.26033905,0.33975357,0.9346235,0.10507729,0.7022966,0.4702873,0.5102404,0.1439876,0.30619407,0.18232717,0.10631269,0.48609242
BC2026_Train_0006_S09_20250828_000000_15,0.09478553,0.20437226,0.11929177,0.95259356,0.082317755,0.7177887,0.32809806,0.0903856,0.30921444,0.2650633,0.24337251,0.37365085,0.30072623,0.18424112,0.751135,0.21710828,0.2680828,0.3520555,0.70557284,0.57834846,0.049434766,0.74286246,0.44404626,0.6012293,0.2364392,0.16147754,0.30797738,0.68705654,0.59432477,0.925504,0.8158215,0.84240913,0.9731934,0.894428,0.55131584,0.9459994,0.55419815,0.6591201,0.7513827,0.92402035,0.86824715,0.8570433,0.61120313,0.9858718,0.6151177,0.9075917,0.51627934,0.26307246,0.69330406,0.42513633,0.20682949,0.1735029,0.3059668,0.53429645,0.82422364,0.85109377,0.9819875,0.7552372,0.25617093,0.30924305,0.19342533,0.57095575,0.3431,0.2892154,0.14332077,0.5267942,0.24897356,0.23625293,0.8093047,0.36381185,0.70736074,0.3418753,0.21915637,0.2796154,0.29253805,0.89722943,0.9187676,0.31878275,0.96126354,0.8816458,0.0627144,0.56841886,0.19475037,0.4455341,0.27613127,0.48180205,0.36895335,0.29428786,0.5414932,0.59294087,0.2886927,0.67281616,0.20743856,0.82294285,0.9427823,0.9170786,0.24411032,0.8519443,0.3665297,0.4767896,0.3861357,0.59264326,0.68185043,0.16841513,0.31571817,0.80102134,0.30272055,0.29291397,0.3890829,0.5583221,0.3297925,0.7038609,0.24252802,0.77371764,0.25610477,0.09709154,0.2686345,0.94064844,0.8179188,0.7579496,0.2813801,0.49410552,0.7128695,0.24705571,0.43760848,0.16798122,0.36467004,0.1341863,0.20279942,0.9412183,0.5268559,0.81195766,0.7590543,0.2498483,0.2033467,0.28967357,0.60682195,0.84802943,0.29907507,0.36123174,0.7992729,0.31709552,0.22680137,0.2622432,0.66417986,0.20062143,0.51365745,0.42739475,0.7077799,0.80945826,0.37828326,0.11984099,0.5634089,0.27261525,0.837301,0.63894737,0.7120956,0.554575,0.97182655,0.7896708,0.9258653,0.30186665,0.8196068,0.37298834,0.702827,0.23675437,0.861211,0.28656518,0.45947516,0.42472732,0.6721041,0.06524311,0.37411374,0.7156745,0.3752756,0.19371597,0.18997994,0.34759307,0.2562577,0.63256776,0.34632307,0.6440939,0.91517895,0.4750917,0.7510704,0.78619003,0.9125104,0.36088353,0.8042203,0.5353307,0.4649619,0.33873487,0.48396856,0.48069084,0.38755363,0.7913744,0.9059675,0.52138174,0.39201272,0.94548905,0.77044713,0.5659702,0.9002178,0.5464529,0.40754068,0.27857816,0.8181056,0.492312,0.7956711,0.56935334,0.560537,0.15750913,0.7393602,0.6387044,0.6701876,0.40872657,0.5477134,0.66842556,0.60466635,0.23272157,0.64331996,0.40650856,0.47254276,0.34380656,0.9751729,0.31633735,0.6861348,0.60607684,0.69257075,0.2661368,0.53079116,0.18255663,0.1774799,0.56311005
BC2026_Train_0006_S09_20250828_000000_20,0.2893855,0.2741008,0.13856205,0.61366117,0.31785536,0.6083569,0.36063492,0.29232368,0.6067976,0.3117264,0.339675,0.25933665,0.28963476,0.19498104,0.50386524,0.42637864,0.1841209,0.5234864,0.717749,0.37922996,0.22974038,0.61829567,0.68080854,0.5271852,0.2806967,0.23787987,0.56552744,0.71164024,0.49051625,0.5000504,0.5870778,0.97732234,0.98110086,0.8930495,0.320408,0.8811478,0.33667815,0.7915509,0.9018556,0.930654,0.5571717,0.8791094,0.59260297,0.9291192,0.56128776,0.8380928,0.606584,0.5708481,0.7254318,0.42301947,0.32922605,0.38968456,0.71597517,0.7621345,0.99062026,0.65870464,0.83357763,0.25480258,0.46758813,0.31037402,0.26031083,0.5950521,0.34848052,0.3766868,0.33784163,0.22939748,0.52188534,0.24775732,0.6005516,0.24785641,0.71132493,0.5921049,0.42779487,0.30146337,0.16192302,0.79801667,0.8550751,0.4198061,0.816369,0.7619513,0.10310416,0.6528231,0.30152696,0.59289587,0.22692896,0.6352488,0.5313386,0.31411487,0.67449963,0.60418147,0.5754236,0.2757543,0.3125503,0.7905395,0.72313005,0.6620449,0.37006652,0.71027446,0.32190424,0.3490461,0.589574,0.5708672,0.57138246,0.41143298,0.5097122,0.49827874,0.5162296,0.3054259,0.502375,0.8434901,0.40781707,0.38413924,0.2734105,0.9409567,0.44830227,0.39475736,0.42695832,0.6412853,0.80282605,0.7905413,0.26965284,0.46248347,0.9141636,0.2349734,0.44135088,0.26552868,0.3837796,0.3650663,0.39413923,0.6726005,0.2489272,0.813231,0.750872,0.2408459,0.5070625,0.7156563,0.5089551,0.39911526,0.2538098,0.5782287,0.87354827,0.527817,0.44796246,0.4828965,0.54103607,0.47889084,0.70615065,0.35124815,0.62289935,0.8748131,0.34713,0.24720505,0.4143461,0.479272,0.7834028,0.6061565,0.46390885,0.54976785,0.85020274,0.47126472,0.5814393,0.87706953,0.710379,0.70738804,0.6392156,0.5289345,0.8352071,0.60937726,0.531162,0.54255736,0.4437511,0.2851422,0.6992974,0.8944135,0.5812527,0.15059237,0.29371715,0.8851526,0.5583991,0.49288648,0.5362693,0.73568714,0.9355773,0.44374937,0.41018093,0.72133553,0.8767426,0.53031486,0.78338253,0.4159503,0.54074407,0.47231093,0.51612663,0.34090817,0.5202077,0.88212216,0.96090573,0.6930337,0.16031566,0.9229429,0.8908495,0.690027,0.9418817,0.67941403,0.38527822,0.26937044,0.87446594,0.55447435,0.7276089,0.65459186,0.74641657,0.25078142,0.8618188,0.58619773,0.7111572,0.44279253,0.6258842,0.39138234,0.71128523,0.26400095,0.7743621,0.6333891,0.61631036,0.49610743,0.8168925,0.4732079,0.72609043,0.70100987,0.53128636,0.3449936,0.32426417,0.28481495,0.1988166,0.6336218
BC2026_Train_0006_S09_20250828_000000_25,0.29922312,0.46982807,0.382612,0.4412744,0.27370417,0.40371287,0.5245168,0.23963302,0.39833236,0.6676688,0.112564474,0.51462376,0.21945125,0.4048354,0.468862,0.36165148,0.21493964,0.6325649,0.28909332,0.3367452,0.3517237,0.5601034,0.8067101,0.4785729,0.6375596,0.43351465,0.29734585,0.4838341,0.23135278,0.26655328,0.40656716,0.9366424,0.5474685,0.82133573,0.51967585,0.49985516,0.5382822,0.50147617,0.7406899,0.6854565,0.8999164,0.400697,0.68870646,0.8381392,0.42409664,0.64088714,0.83713436,0.979843,0.6429076,0.3372505,0.6625988,0.41181457,0.64785486,0.8936871,0.82361674,0.64698935,0.4670556,0.6968772,0.6175053,0.4436692,0.34657282,0.49376774,0.4113869,0.44035673,0.55090743,0.31260884,0.30956885,0.5811298,0.41526043,0.470393,0.5927135,0.6620651,0.62026423,0.5743405,0.29385996,0.55341023,0.63731945,0.42694402,0.75831985,0.5082116,0.4011731,0.54173446,0.332188,0.3677734,0.53995574,0.38191468,0.405918,0.18960238,0.5577477,0.7077135,0.57996976,0.15748405,0.5140588,0.56671345,0.85124815,0.6765373,0.28805754,0.5370176,0.23526613,0.50016564,0.9100617,0.77804434,0.71476454,0.36602724,0.49010038,0.23796043,0.5316083,0.36525756,0.65480316,0.7136061,0.61845577,0.4326151,0.43920994,0.8070996,0.7877369,0.440508,0.41013634,0.46464846,0.50655663,0.60068935,0.4165331,0.25131726,0.90041375,0.38304,0.5400623,0.5648723,0.3747459,0.2188431,0.37564784,0.690601,0.30019727,0.94286823,0.70517313,0.31328195,0.45968607,0.70902264,0.6983727,0.14080341,0.40038657,0.64493847,0.5892324,0.62427807,0.33583415,0.64722294,0.3887592,0.58234596,0.78007305,0.51595086,0.5513705,0.76507425,0.4615587,0.3564146,0.43636853,0.34378004,0.6281451,0.4545598,0.5220099,0.5751163,0.62304676,0.43414295,0.77402353,0.76681817,0.48502937,0.7678802,0.5819739,0.5797353,0.757408,0.76175106,0.6300659,0.39396936,0.2670084,0.43601406,0.5850613,0.83714813,0.7789796,0.20148665,0.33569926,0.6982933,0.5986897,0.27962005,0.34673733,0.75987387,0.91272473,0.74886197,0.34749025,0.6896652,0.7408811,0.4392625,0.5697379,0.5924419,0.5216549,0.28984353,0.52894723,0.20762154,0.7830026,0.8738102,0.76388633,0.45115006,0.2199464,0.67493546,0.42535836,0.8041724,0.9233911,0.46234083,0.54192877,0.30050924,0.7440157,0.40481228,0.5613198,0.37606657,0.60145247,0.57521415,0.5318427,0.52197665,0.70735145,0.8210891,0.742291,0.43260425,0.62594765,0.6363021,0.5881111,0.66525936,0.3931883,0.6453365,0.52139163,0.32221484,0.5521957,0.6636541,0.6194098,0.44003183,0.20137945,0.69867754,0.27755177,0.54740846
BC2026_Train_0006_S09_20250828_000000_30,0.43147743,0.31453368,0.27601635,0.92717195,0.4523562,0.60618776,0.47246605,0.21892494,0.18542683,0.6921835,0.17892781,0.72240293,0.22566383,0.37087733,0.87883234,0.5409651,0.45103705,0.257058,0.16033164,0.3389781,0.49570858,0.49238515,0.6805972,0.70961845,0.5858414,0.17127979,0.34676307,0.525613,0.2945094,0.41659415,0.87883687,0.89050853,0.96035564,0.93576354,0.5259326,0.9152765,0.95014477,0.71340775,0.8226346,0.7501106,0.7688587,0.9771581,0.57585704,0.62566113,0.71818113,0.9624138,0.9650778,0.7977673,0.7748591,0.3294778,0.55537593,0.4796949,0.8705658,0.9019369,0.94624877,0.5547967,0.5716382,0.80368245,0.3481033,0.35160315,0.10226467,0.59753215,0.47607183,0.4890983,0.33589107,0.14959562,0.16382116,0.5546633,0.43177038,0.2832462,0.7087081,0.7441703,0.68837035,0.36379933,0.32634473,0.7203835,0.86588573,0.6261703,0.7963264,0.6794177,0.47471923,0.8058542,0.30007637,0.3476016,0.49112362,0.4776169,0.49031067,0.42038888,0.7655729,0.6921797,0.73501563,0.29504624,0.28935295,0.71831024,0.70065594,0.46040797,0.3926174,0.6395098,0.39149797,0.41892692,0.7662418,0.7740537,0.43045208,0.53552425,0.4850514,0.46412715,0.4877917,0.79406476,0.5963608,0.5014709,0.4124428,0.45064756,0.73762965,0.6124353,0.83901155,0.32672673,0.5024068,0.38885024,0.6455122,0.7102637,0.25330997,0.1504418,0.80192024,0.42494637,0.31418842,0.38220462,0.4728175,0.13845344,0.620385,0.5254626,0.39666182,0.9541656,0.6145137,0.30522993,0.5811414,0.78382075,0.3981676,0.34446424,0.27746812,0.49027336,0.49745202,0.31774795,0.35292506,0.5419909,0.16106427,0.7149794,0.67705286,0.39176968,0.5516539,0.7197206,0.61777663,0.3696112,0.81227815,0.36458385,0.6829327,0.56090367,0.55029976,0.8873828,0.46782148,0.28934604,0.4675946,0.6032659,0.4840244,0.6432917,0.9153271,0.85711634,0.7400389,0.41977298,0.3423735,0.48865223,0.53979766,0.37961042,0.64641035,0.8191782,0.7610295,0.35406357,0.57709944,0.2466195,0.7658242,0.2683102,0.330909,0.858778,0.94398284,0.70045173,0.25490832,0.3345971,0.88861156,0.6224182,0.6980341,0.52598,0.69793355,0.3461992,0.52326715,0.39574927,0.72935987,0.9468671,0.84885764,0.5069884,0.087681904,0.5632241,0.4359285,0.7277827,0.95366603,0.3989529,0.3957495,0.37889686,0.923787,0.51311547,0.8561315,0.3341115,0.5698066,0.38957912,0.3522728,0.539632,0.5186163,0.33010244,0.7797866,0.18903878,0.42738298,0.6317737,0.7369987,0.4983362,0.5380747,0.4116985,0.680421,0.3598329,0.6153349,0.4710912,0.787644,0.5827011,0.1782659,0.66300213,0.65537715,0.76301014
BC2026_Train_0006_S09_20250828_000000_35,0.4392531,0.8204335,0.088955894,0.96480453,0.38886613,0.60140383,0.6692045,0.54560804,0.45864433,0.87435937,0.4071432,0.5128753,0.1497663,0.360299,0.6561036,0.3812433,0.33447918,0.22231004,0.45811677,0.58425176,0.33018643,0.6572551,0.76071537,0.80500615,0.6098703,0.110570624,0.1830883,0.5766505,0.19432005,0.45231515,0.82734,0.78485715,0.8617021,0.94850636,0.17056084,0.9823785,0.54514146,0.83621573,0.8161387,0.99182725,0.955896,0.9733121,0.75615525,0.9793205,0.71375525,0.83867383,0.9031546,0.9703231,0.98108137,0.4536648,0.85964316,0.6686468,0.3954786,0.6752913,0.97932076,0.6396284,0.70626605,0.24737737,0.4466726,0.24986458,0.15531746,0.6928432,0.23261294,0.33939272,0.23105603,0.24504697,0.08470389,0.5224182,0.5207145,0.18018204,0.69630575,0.43298775,0.48539412,0.13812843,0.65535367,0.6366437,0.6403866,0.5009618,0.47123635,0.8490771,0.25114205,0.48947573,0.32402593,0.34502047,0.38370275,0.6961965,0.46140766,0.3622498,0.7374122,0.51355815,0.5757302,0.27584827,0.20219585,0.9836318,0.78991556,0.62816286,0.6017421,0.70829546,0.42120355,0.3260168,0.7885419,0.503528,0.4818188,0.70562875,0.6483662,0.42395347,0.4025914,0.8441641,0.5570783,0.5545933,0.45525306,0.8241313,0.6516098,0.9310068,0.5841741,0.3369031,0.50227755,0.6359054,0.6960123,0.87012875,0.37554705,0.26885888,0.7090224,0.21089695,0.4397908,0.29913762,0.24860665,0.17568713,0.601846,0.69269276,0.5924901,0.6536727,0.6800333,0.21229696,0.50224257,0.6231596,0.36278105,0.6026837,0.36704147,0.24669594,0.5493598,0.37349713,0.38665354,0.7663913,0.4013548,0.4232496,0.5884423,0.5257513,0.60369205,0.72756875,0.30811024,0.5105516,0.8419778,0.67015505,0.6922693,0.41367587,0.5483694,0.61140645,0.4983955,0.18713483,0.42543453,0.68160284,0.33368403,0.8867499,0.8768164,0.93569344,0.9318483,0.46542734,0.49910796,0.44353956,0.56745267,0.41581047,0.5768001,0.77083397,0.39007467,0.38950074,0.3977868,0.13747641,0.737751,0.47164446,0.57077515,0.9232625,0.9673387,0.51678395,0.48843366,0.3569082,0.9888734,0.5570133,0.56099945,0.6908148,0.88118434,0.35510963,0.77941716,0.52454066,0.5540507,0.82519543,0.9397087,0.51634824,0.064360835,0.9092895,0.6674613,0.37658167,0.946489,0.5472865,0.6162486,0.18616024,0.74454105,0.5962142,0.9725938,0.35452718,0.44930077,0.2710839,0.34998327,0.2503807,0.69463277,0.51028234,0.88953483,0.192581,0.42298448,0.41699076,0.88907444,0.4993906,0.4396804,0.25833058,0.56061614,0.39336258,0.79374486,0.45921093,0.7333367,0.4163106,0.2178038,0.41079915,0.6137882,0.68951
BC2026_Train_0006_S09_20250828_000000_40,0.23390284,0.7183494,0.08473244,0.9288632,0.3183701,0.33066785,0.5807363,0.49300277,0.08172579,0.882076,0.16250539,0.5022378,0.054116227,0.31239086,0.73104274,0.083090216,0.2373437,0.6092425,0.6532562,0.49695772,0.2793814,0.7548476,0.783414,0.87960476,0.15219635,0.14685914,0.08824101,0.5595616,0.14650825,0.28970772,0.93122864,0.7712454,0.5902611,0.65310466,0.10583541,0.7704028,0.5420737,0.59795076,0.44017106,0.7256825,0.9926506,0.62507254,0.684656,0.77560556,0.4167916,0.66525817,0.5549637,0.9633717,0.82795346,0.48079923,0.73271936,0.26045462,0.37777284,0.9783437,0.98610425,0.5844334,0.7711407,0.44790494,0.76760936,0.20195374,0.2691359,0.45134968,0.24742818,0.41682848,0.16547656,0.3674455,0.102844015,0.25908616,0.5335762,0.11704559,0.7824458,0.38544554,0.5005436,0.080731854,0.61892146,0.66020024,0.7648183,0.55854857,0.4372607,0.5706364,0.35173243,0.49132684,0.275786,0.2875848,0.176173,0.47168308,0.49714223,0.32286394,0.6339129,0.5597813,0.3795225,0.48402733,0.20553908,0.6617482,0.69848335,0.66255856,0.46145618,0.7221632,0.5127162,0.44580007,0.97494024,0.5030645,0.83825797,0.3977918,0.616732,0.14488898,0.52327853,0.79048026,0.63709044,0.7566738,0.68392015,0.48695993,0.7768619,0.9924984,0.6431364,0.5699698,0.28242022,0.5255059,0.8606621,0.77479064,0.33835348,0.35335845,0.84586763,0.3185346,0.381137,0.4444375,0.18009827,0.34956396,0.6211163,0.6802316,0.42942786,0.51150167,0.66680336,0.42205572,0.27166528,0.3716476,0.23744279,0.36396664,0.3898853,0.3554898,0.5964015,0.4556827,0.56461406,0.7972698,0.29012924,0.36142826,0.70510006,0.62654424,0.47039372,0.8188281,0.23558773,0.30355513,0.86719424,0.7439728,0.6720425,0.42278248,0.62631667,0.66185,0.7773806,0.21243533,0.49608657,0.84661454,0.21398045,0.939682,0.85945755,0.8332838,0.69915175,0.7307757,0.8332459,0.3377902,0.34934872,0.3885845,0.6188185,0.8649007,0.3923094,0.26694274,0.37116224,0.32520664,0.5511893,0.38345474,0.5626838,0.94023275,0.99558127,0.58716816,0.46497315,0.70435834,0.99137086,0.59297425,0.53196603,0.8599509,0.79587185,0.22375038,0.9282737,0.714849,0.74016106,0.8320104,0.7707466,0.71398723,0.12160316,0.7717323,0.8677062,0.42068183,0.9505838,0.6761681,0.68167853,0.04771035,0.85918486,0.42260075,0.8392482,0.5101652,0.63661075,0.49698192,0.52023107,0.22492357,0.40441203,0.8954908,0.7421374,0.19353344,0.6466497,0.30234206,0.6869719,0.7818706,0.38414073,0.46197653,0.49589258,0.34523186,0.5239491,0.49853057,0.7013105,0.52778774,0.29908025,0.46103674,0.36909628,0.8302723
BC2026_Train_0006_S09_20250828_000000_45,0.19604048,0.47625276,0.04118338,0.7635008,0.17552891,0.3385554,0.6673554,0.34639812,0.27546436,0.7873882,0.1435054,0.2605946,0.19944787,0.25065786,0.5822786,0.049121857,0.2015056,0.6208424,0.34992224,0.37233758,0.24813709,0.5215153,0.47264624,0.35014617,0.20016602,0.114500076,0.06571327,0.4884554,0.22340126,0.38489455,0.7042353,0.83120716,0.7890444,0.6171764,0.09076284,0.5747208,0.48413613,0.64554447,0.22931692,0.816797,0.80329144,0.11428094,0.59899807,0.9988704,0.10003702,0.51448596,0.33860114,0.86346406,0.36984366,0.59464127,0.27477568,0.40754926,0.24621159,0.8179791,0.89344823,0.42325163,0.70095026,0.49776557,0.7245351,0.25471693,0.230703,0.3093642,0.10775689,0.352804,0.2674171,0.36857927,0.099992394,0.40992284,0.5348809,0.15619035,0.68960226,0.54869664,0.3532802,0.062439755,0.4409861,0.75862694,0.59442043,0.52653754,0.546394,0.44549763,0.20831817,0.46604246,0.20325962,0.23060545,0.1260313,0.51005834,0.30404696,0.24744153,0.46905988,0.38392258,0.5190866,0.36109394,0.38284653,0.50654083,0.4368107,0.75147235,0.2595468,0.5318124,0.2903174,0.36292827,0.8888166,0.45476764,0.891353,0.33560628,0.4514926,0.166323,0.43452093,0.8286532,0.5188787,0.8171755,0.5865276,0.3566863,0.6565337,0.9453473,0.6172284,0.38621873,0.14528278,0.5308157,0.471869,0.6479616,0.19693652,0.14938886,0.6798217,0.30973154,0.29841542,0.20067489,0.24259955,0.33931118,0.41004813,0.7533119,0.32603395,0.7770233,0.32431608,0.42996144,0.32164395,0.4060862,0.14891276,0.31520778,0.35043973,0.3476401,0.6809466,0.27614468,0.401838,0.5261921,0.30633128,0.32011646,0.5670819,0.6566521,0.18015075,0.864956,0.12969467,0.2778451,0.68114454,0.45829892,0.71247435,0.25394505,0.68525374,0.43391722,0.65207124,0.20009351,0.7153448,0.62030405,0.26699907,0.67175794,0.54699194,0.8358207,0.7400236,0.5628055,0.73297477,0.49634862,0.24497205,0.17403021,0.3454545,0.8664515,0.42203128,0.17737097,0.35230225,0.37285584,0.17737368,0.19075754,0.37920684,0.84646845,0.98799694,0.5703439,0.25888932,0.5658407,0.97542953,0.4189096,0.59498036,0.81885564,0.54691684,0.15515362,0.92066306,0.5961602,0.6842544,0.6315167,0.73212993,0.83479285,0.18155652,0.6700908,0.8747171,0.5506107,0.8697907,0.7154732,0.45019203,0.053161062,0.92648953,0.2941553,0.8630004,0.8413978,0.56353617,0.35606188,0.48022896,0.15998775,0.35380942,0.8479785,0.75840235,0.17626145,0.5487593,0.24768996,0.6056057,0.6607344,0.5638973,0.3358457,0.5910526,0.18358561,0.44173378,0.2264031,0.6693504,0.39827597,0.28557405,0.52330536,0.15063521,0.6811274
BC2026_Train_0006_S09_20250828_000000_50,0.28847745,0.3527723,0.062454976,0.7698886,0.3482821,0.3808816,0.75251245,0.55407894,0.51215374,0.7947683,0.23339489,0.25995255,0.57477546,0.35345232,0.6312352,0.10749878,0.39541143,0.78047776,0.2920766,0.5716419,0.22392985,0.7759887,0.5368116,0.6020148,0.37198818,0.18973124,0.114876345,0.55796874,0.29172853,0.56728745,0.7302189,0.6698219,0.6684042,0.8841352,0.13719568,0.4450218,0.696628,0.630335,0.6628896,0.83274347,0.9649811,0.22238386,0.67757416,0.9913921,0.11252726,0.61354876,0.71881723,0.70628214,0.34174192,0.6768089,0.462142,0.37642306,0.56398576,0.958122,0.7757638,0.24913949,0.46564966,0.5552337,0.42909485,0.5490641,0.11490506,0.30735362,0.27718908,0.22253793,0.51008594,0.5035372,0.17720133,0.5383731,0.44863075,0.11157833,0.6542688,0.40413678,0.39468682,0.14580497,0.59655344,0.7806318,0.39001036,0.58155924,0.53215814,0.40018564,0.20871986,0.5402004,0.21702729,0.14519218,0.25002387,0.82690835,0.40660226,0.2321854,0.41220778,0.43723047,0.36559296,0.48748165,0.21067937,0.34384328,0.5741099,0.40856814,0.4488809,0.5014336,0.31283873,0.14189836,0.85180163,0.47709927,0.7766062,0.37625408,0.68332183,0.13441,0.6012265,0.7033441,0.52086586,0.7923168,0.6532147,0.7525872,0.5976008,0.9521349,0.79611754,0.48797756,0.28990638,0.23311205,0.5501315,0.61952245,0.3018205,0.34144628,0.84781885,0.13039845,0.5745277,0.20831597,0.3255519,0.6658312,0.60258657,0.5657837,0.39847875,0.7109978,0.4097255,0.2527871,0.25748175,0.42240655,0.25102264,0.7643105,0.42336476,0.70416534,0.5201876,0.47520292,0.5453774,0.61666566,0.44784117,0.46476194,0.8194573,0.61960363,0.25692588,0.71969354,0.377415,0.37334168,0.408284,0.58197725,0.7261852,0.4016849,0.78105617,0.47270787,0.43567002,0.42640936,0.3121115,0.42572498,0.30945665,0.9090252,0.6109932,0.6120906,0.90040195,0.46311033,0.7857803,0.42587772,0.17998031,0.24973619,0.4835562,0.8144243,0.5600835,0.15023744,0.50179493,0.56243855,0.15609886,0.20155786,0.39156193,0.88427866,0.95040023,0.40522802,0.3855508,0.31742805,0.9124222,0.4396876,0.40545356,0.80854225,0.5862279,0.26612973,0.74436367,0.43710214,0.65117013,0.6761159,0.76564837,0.80684304,0.102586254,0.28443497,0.8746567,0.61564934,0.9361005,0.77918696,0.6246979,0.19168997,0.8847383,0.3468935,0.90538764,0.8734422,0.83257294,0.4551972,0.4243569,0.25560743,0.32916468,0.95294976,0.8589791,0.24948528,0.74075985,0.33280993,0.8842094,0.7987989,0.6484482,0.35397786,0.38632196,0.3219496,0.71791303,0.3723724,0.58037865,0.46304742,0.27851263,0.5859233,0.36726213,0.80732286
BC2026_Train_0006_S09_20250828_000000_55,0.31055528,0.27544183,0.13280156,0.43200925,0.41145432,0.8208258,0.45781592,0.63269114,0.31113446,0.7219074,0.46148175,0.3374285,0.43363133,0.33814228,0.3885196,0.12499231,0.31322026,0.6529794,0.3643011,0.7299005,0.45815992,0.66070473,0.40229928,0.4349999,0.62658584,0.4582578,0.3349259,0.7784724,0.44560492,0.27506033,0.71524805,0.7282977,0.40327904,0.7297009,0.41675472,0.6394465,0.51346064,0.7165753,0.3582614,0.5410683,0.82478595,0.33309752,0.70984066,0.6619366,0.15704355,0.4461187,0.75544405,0.73198164,0.51534146,0.3650394,0.5349607,0.32235804,0.91489935,0.71726835,0.76438344,0.40294033,0.2706015,0.12864669,0.49272993,0.5312866,0.1479774,0.47261244,0.44977993,0.47036666,0.5742446,0.5806835,0.2974428,0.53516465,0.5680455,0.17339969,0.68182105,0.4857571,0.19643766,0.48502693,0.7735399,0.8141339,0.5788833,0.3464303,0.723709,0.6232836,0.13549319,0.28632185,0.3492862,0.29750544,0.2842336,0.6821408,0.38505918,0.40206772,0.6766758,0.2993239,0.52021104,0.5690999,0.107268274,0.5468946,0.4837662,0.31338978,0.39934582,0.5872323,0.33327717,0.068227746,0.7927977,0.40312406,0.95419705,0.46566972,0.7567338,0.3070855,0.5500258,0.50490284,0.42645514,0.5761811,0.43930125,0.8976999,0.47053432,0.8952135,0.6257575,0.6100249,0.37197608,0.28861222,0.8072171,0.4320876,0.5231207,0.51875234,0.8274782,0.04640054,0.68629,0.14884728,0.09346034,0.5914283,0.85253257,0.6998378,0.16523644,0.61406344,0.7885623,0.34561962,0.40249342,0.55882525,0.6245326,0.8194593,0.3141275,0.73500013,0.7884395,0.63760173,0.5056391,0.57060444,0.3622688,0.41504306,0.8185011,0.4317394,0.4656813,0.4101048,0.4804687,0.21532372,0.6127646,0.61142635,0.62720776,0.28810373,0.7055906,0.77148545,0.5850672,0.2820679,0.45228636,0.617729,0.46400338,0.84622204,0.5393505,0.44302464,0.89428306,0.41630757,0.86729485,0.41030383,0.08711292,0.16121742,0.74092025,0.758029,0.31735957,0.3474738,0.2695183,0.4434207,0.44703662,0.3077934,0.26320896,0.82501745,0.8942621,0.48652261,0.32537866,0.59652895,0.7183175,0.29542592,0.6374483,0.74068344,0.6518692,0.21045485,0.388821,0.1481491,0.5861083,0.8273026,0.6074625,0.9196969,0.09905411,0.30157793,0.7851566,0.50567466,0.8016681,0.7164557,0.57798386,0.27409232,0.786633,0.61397713,0.87792456,0.7909055,0.76446486,0.46381813,0.78855526,0.5653265,0.7820021,0.887715,0.7074598,0.13530171,0.6250205,0.44409877,0.89554584,0.8222228,0.29078978,0.29873407,0.42004222,0.37011772,0.5557644,0.56568724,0.32058036,0.3306893,0.30065566,0.37713444,0.35444933,0.8497381
BC2026_Train_0006_S09_20250828_000000_60,0.33218795,0.39015466,0.068032876,0.3674872,0.34501487,0.57683706,0.518073,0.27420542,0.6423732,0.6577562,0.19120708,0.79275,0.10745436,0.3148368,0.5173631,0.21480575,0.3494028,0.70334935,0.4636235,0.3933227,0.25588205,0.61404765,0.34593976,0.78063864,0.39581358,0.31549788,0.17443337,0.68640447,0.2697235,0.07642994,0.4179452,0.9280547,0.7822243,0.8029003,0.51690125,0.7212856,0.28143874,0.5470369,0.8697101,0.5420273,0.8735777,0.42173553,0.714517,0.8501533,0.2151877,0.59164816,0.47337097,0.59185773,0.37577796,0.35884386,0.3802063,0.5596708,0.6093119,0.9555306,0.928365,0.57487,0.45284194,0.30657524,0.57201684,0.28492755,0.57348645,0.14337462,0.24782595,0.36550057,0.3626529,0.14363924,0.30586553,0.37881792,0.3601873,0.14083236,0.5115366,0.5435126,0.24759641,0.518039,0.5200354,0.7311701,0.5821103,0.13476783,0.90358573,0.388642,0.19344136,0.2829702,0.08753125,0.46070975,0.20253083,0.45198447,0.35794425,0.47346634,0.70745933,0.31926936,0.53541493,0.36432463,0.3013247,0.41731143,0.5489,0.6165466,0.3048584,0.6431581,0.2513894,0.08991274,0.49334764,0.46673584,0.8883625,0.21170762,0.57394344,0.5075541,0.6721351,0.3746127,0.52095366,0.63312197,0.58475745,0.38324398,0.5367076,0.74623466,0.38863492,0.32934958,0.3946975,0.4294662,0.80656624,0.60429394,0.33632922,0.31789583,0.7489629,0.019734167,0.372536,0.20831522,0.03131958,0.24776167,0.90801674,0.9037291,0.12837683,0.84524214,0.29862452,0.14997354,0.27242976,0.87092817,0.54331076,0.40256107,0.3469268,0.61686033,0.94336665,0.43797195,0.44632894,0.42510092,0.33800066,0.25084624,0.5945089,0.58332443,0.40991986,0.47735626,0.40777522,0.18411642,0.7040385,0.18234208,0.52947193,0.2590773,0.5123217,0.77706933,0.7459601,0.13966812,0.42717224,0.41980588,0.15958893,0.45280918,0.4055164,0.8954563,0.6383337,0.68502045,0.6527161,0.32755828,0.15426327,0.13992165,0.5486084,0.5450939,0.15545386,0.1486148,0.25296438,0.20143998,0.7073823,0.40405867,0.22554581,0.8655986,0.92450786,0.6376981,0.4107458,0.83399266,0.94151497,0.5355933,0.6560514,0.8466871,0.6015433,0.17581537,0.54880136,0.08154979,0.5710671,0.9542539,0.8728913,0.85738194,0.045675166,0.35744828,0.4836281,0.82606554,0.9619479,0.3941149,0.44992417,0.08168417,0.8637488,0.3917451,0.89662284,0.5303446,0.49152803,0.14958645,0.4954217,0.42864162,0.643351,0.91932815,0.70903647,0.17017946,0.46057934,0.12581088,0.7172414,0.48607516,0.27965212,0.66093373,0.5777135,0.2094242,0.3332367,0.36696696,0.54950875,0.25991368,0.32903844,0.57484937,0.17123437,0.681411
BC2026_Train_0007_S09_20250829_000000_5,0.36558354,0.46310556,0.66110206,0.4052754,0.2215076,0.21045125,0.18150294,0.725376,0.50872576,0.36356014,0.21425834,0.1572136,0.6054544,0.13253625,0.97580624,0.610856,0.50781876,0.6761793,0.4739956,0.62234867,0.3317725,0.70146155,0.686486,0.5967827,0.73432064,0.21586895,0.7352004,0.47441322,0.6334791,0.6399567,0.6313824,0.80470127,0.863669,0.6524011,0.4722764,0.6696453,0.90103614,0.6643064,0.8660071,0.6015537,0.75811213,0.756896,0.45150527,0.9592855,0.55451465,0.70080626,0.248728,0.30026764,0.97060263,0.41362983,0.4203679,0.8167074,0.48479235,0.67920053,0.9950217,0.64777935,0.8976325,0.3214689,0.5994302,0.13786508,0.5443316,0.19183001,0.45843005,0.5694052,0.7728884,0.97115076,0.8175771,0.44932377,0.72347426,0.6258557,0.65496314,0.36833102,0.81576014,0.19411667,0.5066273,0.80201566,0.7118943,0.7688651,0.65567446,0.697258,0.91252184,0.5692779,0.43786043,0.9836968,0.4101547,0.66730416,0.70299697,0.4767939,0.8554119,0.46978688,0.7843958,0.29789734,0.9849291,0.7492212,0.8596562,0.6798322,0.48368454,0.7703539,0.6233834,0.7562628,0.6326231,0.30570602,0.09615292,0.34945917,0.5084568,0.7134305,0.8003894,0.67356205,0.9584563,0.97789586,0.5055277,0.5149271,0.24284342,0.8034241,0.51008844,0.90627086,0.5642432,0.67345047,0.45295298,0.7391857,0.57791704,0.837603,0.9862125,0.9724146,0.3126238,0.9043187,0.4493758,0.19167334,0.8859961,0.29956654,0.18196768,0.8535614,0.92154366,0.8894875,0.94835,0.63933575,0.31614918,0.27497977,0.6112553,0.65615904,0.6056634,0.82679784,0.85005194,0.9485916,0.45781374,0.77916,0.29701692,0.67654216,0.8645735,0.5063802,0.94551563,0.36945307,0.7327684,0.7715292,0.86975,0.71299875,0.9112253,0.7453924,0.9001826,0.8456423,0.98449206,0.7227479,0.63797307,0.17677364,0.8672293,0.63317454,0.06639633,0.7429736,0.31310838,0.7572509,0.89178336,0.5761874,0.8511133,0.6597775,0.7225249,0.37394142,0.68886447,0.49762934,0.9000835,0.42876163,0.69606936,0.8313079,0.7474425,0.9110875,0.743225,0.9237896,0.36210603,0.7853048,0.55570877,0.26717043,0.76790667,0.8202064,0.34040508,0.6092384,0.9339145,0.7904712,0.9568125,0.7705889,0.48058623,0.12697999,0.44976366,0.5555998,0.43405312,0.5357742,0.15612687,0.75943124,0.13651787,0.76372707,0.5131203,0.82544124,0.8193295,0.43917602,0.96492076,0.85456765,0.59615266,0.43715706,0.8075949,0.4019223,0.8905624,0.7354709,0.7910818,0.76853627,0.9985833,0.9534416,0.34001118,0.80477524,0.9479626,0.9054948,0.78287387,0.8701813,0.9583193,0.73745763,0.9793499,0.8392776
BC2026_Train_0007_S09_20250829_000000_10,0.42388186,0.5508797,0.27913174,0.4786424,0.13172208,0.4566427,0.6636572,0.3583881,0.7504894,0.46683478,0.45771584,0.18969414,0.57926744,0.3465512,0.86036706,0.3603717,0.3874963,0.51021606,0.21803972,0.3970617,0.38716453,0.45828024,0.19825912,0.8876895,0.6903602,0.286767,0.77669626,0.6893046,0.44335932,0.33741212,0.72559357,0.54324645,0.6860468,0.60217535,0.6201459,0.83397925,0.8277695,0.487521,0.38979918,0.8604206,0.5207784,0.7310516,0.78133166,0.9129956,0.60616773,0.8998552,0.7068193,0.5753988,0.78470886,0.35618484,0.68822855,0.3659671,0.70011836,0.8817248,0.6325435,0.76575696,0.6103149,0.67060745,0.24762872,0.17377535,0.6571797,0.23876643,0.19872952,0.16552803,0.24938798,0.6850297,0.6556418,0.29667968,0.8133557,0.37551475,0.4668618,0.18284929,0.5361277,0.23455992,0.83347106,0.91648424,0.84043324,0.48327333,0.39966846,0.36347288,0.85970986,0.44783127,0.29146594,0.917825,0.5540018,0.36569393,0.7501098,0.41407645,0.9092531,0.33910152,0.6321218,0.6821238,0.7429515,0.5687483,0.4781776,0.3370409,0.21772778,0.679904,0.23700371,0.7365601,0.63184094,0.25432712,0.28631017,0.5542533,0.6519755,0.34297878,0.5995707,0.6586515,0.75431275,0.7903545,0.39181316,0.6725986,0.3255527,0.54129755,0.36629474,0.4548155,0.27080914,0.68533635,0.45347765,0.35833812,0.5677134,0.684093,0.8838829,0.8282213,0.5589549,0.58469284,0.7524661,0.2513964,0.82501626,0.43076247,0.3760206,0.4199426,0.35571182,0.64169097,0.5796557,0.26293194,0.31559342,0.40193564,0.61404276,0.8487574,0.7787628,0.9443251,0.74543035,0.7752774,0.6314305,0.53303856,0.33023798,0.50339246,0.76965404,0.7570956,0.73273194,0.13094577,0.3693422,0.6360916,0.7599683,0.7778075,0.8812603,0.50334865,0.9648609,0.53912175,0.8664955,0.3752005,0.21643054,0.32301003,0.6891875,0.9739287,0.16277182,0.46143994,0.20981169,0.8669932,0.35181034,0.28085306,0.827043,0.4679119,0.51257837,0.8865963,0.3390274,0.39788958,0.6329875,0.24446368,0.3280976,0.6786018,0.30802655,0.6557139,0.71009314,0.5791136,0.31483895,0.68121606,0.6992341,0.41078365,0.4344921,0.65886176,0.29147083,0.5224122,0.6120953,0.6332483,0.66516995,0.81396556,0.802039,0.46285495,0.34635967,0.2108854,0.700197,0.7171544,0.48984784,0.3959306,0.3138637,0.7540803,0.39066464,0.5010958,0.6408422,0.9319265,0.6397126,0.6572653,0.82969725,0.387336,0.54276705,0.56884456,0.81593037,0.9039812,0.5489392,0.4687252,0.93022305,0.8290588,0.78908813,0.7225157,0.6028197,0.47431386,0.72272336,0.64534354,0.7704166,0.70372796,0.9261553,0.530974
BC2026_Train_0007_S09_20250829_000000_15,0.16167778,0.61028516,0.35388786,0.3170397,0.17523324,0.3371498,0.6404333,0.14036648,0.47810557,0.362311,0.45660442,0.30716664,0.3279785,0.187612,0.56030047,0.3551495,0.2363842,0.7263838,0.38717568,0.17148781,0.18990892,0.5098331,0.17002834,0.99493086,0.3588081,0.39197844,0.5282261,0.577104,0.4957332,0.4022296,0.92094755,0.9812371,0.73443615,0.839967,0.939675,0.9210893,0.78054625,0.26502582,0.5999513,0.60130167,0.87343884,0.46146655,0.74932635,0.84767604,0.21209472,0.84614635,0.3966921,0.6658503,0.74339145,0.23395237,0.82711935,0.6133745,0.47240683,0.91319543,0.8151036,0.86494243,0.82124627,0.6943425,0.34674978,0.26892924,0.441006,0.47074896,0.14070222,0.10181646,0.20651141,0.87988245,0.5949054,0.15952262,0.96384525,0.47252083,0.7258053,0.36066794,0.6370022,0.2745962,0.85573286,0.9416034,0.68704116,0.6272979,0.5653689,0.51390445,0.74032235,0.48981875,0.29820073,0.66524124,0.27474767,0.21832769,0.6693121,0.22052571,0.9221543,0.28980494,0.2482265,0.808246,0.16912156,0.718343,0.6288425,0.46456468,0.32868016,0.68773973,0.2682557,0.7546184,0.77982914,0.37195677,0.5320687,0.3343613,0.38242674,0.37595946,0.780393,0.51301706,0.6735327,0.4558862,0.4453417,0.6028681,0.44074488,0.48612976,0.34273446,0.3683086,0.2773067,0.8808011,0.89155185,0.39600116,0.6020256,0.7936791,0.7298175,0.7160243,0.5199959,0.4486376,0.5729283,0.18762839,0.8207247,0.8675909,0.5016132,0.41485816,0.33146423,0.4291187,0.17785731,0.11051829,0.6199486,0.60183525,0.82049227,0.69314396,0.9319003,0.8155173,0.77273834,0.853459,0.68740857,0.3928129,0.7903134,0.45281708,0.9047713,0.8888602,0.45569727,0.21861431,0.4914458,0.24282318,0.5286602,0.90877914,0.8530643,0.60165167,0.96309024,0.7067934,0.8530364,0.5518863,0.25039893,0.45952255,0.6052412,0.85442054,0.6093044,0.42159313,0.2746873,0.5569117,0.22476144,0.30967528,0.5106505,0.7473873,0.5000847,0.7060435,0.4646133,0.372333,0.6960598,0.39751303,0.4075675,0.45609403,0.25779182,0.8247472,0.72177804,0.37283355,0.5174195,0.32957625,0.848524,0.54417145,0.2134413,0.28565475,0.41381896,0.47925377,0.6317699,0.944512,0.82866305,0.81579244,0.83783644,0.64640653,0.25033045,0.17034042,0.7818552,0.8151185,0.5512511,0.28104192,0.75742483,0.49978018,0.6671771,0.6159487,0.92129993,0.8237467,0.45176,0.81093335,0.8135537,0.7743839,0.5519711,0.7863599,0.63131034,0.8945304,0.4502679,0.6775906,0.5309357,0.76131934,0.9179636,0.6531396,0.7217194,0.41255367,0.583539,0.55408883,0.5989052,0.38566542,0.5834424,0.625383
BC2026_Train_0007_S09_20250829_000000_20,0.08113778,0.33877066,0.3405748,0.77837884,0.37196666,0.27808443,0.3399228,0.13365623,0.35263777,0.37421328,0.5032029,0.4805364,0.23905388,0.23114246,0.6679387,0.5747545,0.5026288,0.8099651,0.528776,0.34516197,0.10482969,0.9553491,0.5827874,0.53335965,0.42907992,0.2108491,0.4161905,0.2530048,0.6036527,0.92324805,0.78096664,0.7857012,0.9470567,0.47806138,0.94028497,0.5639653,0.8955114,0.1190611,0.2762653,0.3325075,0.91972363,0.44806397,0.28591502,0.8073225,0.22049889,0.524504,0.53570664,0.7938659,0.64960074,0.26967537,0.5928937,0.25172368,0.11103158,0.49031729,0.51857924,0.7141192,0.9653001,0.53146625,0.49838704,0.26822284,0.42712772,0.5959019,0.08722841,0.4035827,0.20489275,0.85181683,0.48246258,0.14959885,0.8180243,0.48195958,0.7515532,0.3206792,0.49857908,0.42619115,0.6205034,0.8290882,0.5843171,0.57862574,0.74101293,0.56682634,0.7038294,0.45359492,0.14562967,0.4964589,0.1780689,0.29397768,0.48902035,0.21798943,0.90666103,0.29018706,0.26026067,0.65509176,0.13126804,0.6286962,0.866365,0.83463657,0.50760794,0.71455055,0.55563647,0.9096421,0.5752896,0.5962708,0.32097214,0.11796403,0.1081889,0.66366684,0.66334295,0.71664643,0.44879982,0.62231076,0.33632874,0.56151104,0.20247205,0.46386376,0.58647907,0.19638535,0.7238687,0.92137253,0.7777195,0.41953874,0.55480206,0.9145682,0.4534101,0.73863494,0.1674217,0.565875,0.35354793,0.093720675,0.87541544,0.9680984,0.5562763,0.4172118,0.32433748,0.443424,0.094352305,0.13035509,0.827371,0.70956326,0.70677125,0.5061843,0.78086317,0.47188532,0.5973797,0.68844616,0.8673278,0.573936,0.8980289,0.54020935,0.53125674,0.6495563,0.6769446,0.25499424,0.65150845,0.17375378,0.6984829,0.62196517,0.90921795,0.53361225,0.932457,0.87094426,0.8548342,0.7823175,0.48879385,0.659047,0.29940432,0.19789743,0.71938384,0.74896896,0.35996896,0.37103224,0.6423197,0.6480564,0.13959381,0.73312813,0.90808594,0.3295893,0.81777155,0.37754875,0.57461905,0.39985818,0.3221978,0.32370102,0.23986031,0.83215415,0.57195854,0.3331874,0.71489024,0.20777851,0.69940126,0.24696714,0.28860867,0.18244445,0.53323483,0.44938427,0.67775023,0.9781203,0.8479091,0.5564653,0.8384001,0.32998127,0.40932,0.5998583,0.4838264,0.7568704,0.8188937,0.21535727,0.862926,0.5026207,0.805382,0.554918,0.8497249,0.49604142,0.57541233,0.79885864,0.24515781,0.20340602,0.50703007,0.75830245,0.7249583,0.81988513,0.76292074,0.73083496,0.4956715,0.50413424,0.89153785,0.34472096,0.68376327,0.5659609,0.53243023,0.3428231,0.48190594,0.52862716,0.72225475,0.5238761
BC2026_Train_0007_S09_20250829_000000_25,0.29645485,0.41381356,0.44521713,0.9304769,0.19750683,0.27187756,0.5462022,0.51038396,0.36663163,0.6990204,0.51797485,0.2190434,0.20035037,0.4012352,0.7759961,0.60989404,0.41822493,0.688202,0.3812579,0.3261789,0.2425175,0.5371975,0.64307714,0.9431442,0.25046158,0.32410896,0.6776824,0.35273367,0.53437316,0.7745193,0.96232617,0.39444757,0.5530384,0.66002977,0.9490146,0.8195931,0.90715015,0.17552215,0.58907044,0.3317724,0.97753775,0.67088485,0.4075129,0.74071455,0.39747912,0.6881211,0.6231688,0.6321379,0.8632752,0.54882216,0.4800004,0.56448877,0.5572094,0.9950088,0.35375166,0.60586774,0.95803356,0.61629426,0.3925984,0.15959346,0.29759407,0.526993,0.10485938,0.36849916,0.13213862,0.57811075,0.3592453,0.35373068,0.54694676,0.49905193,0.87016463,0.25631982,0.47267723,0.37289315,0.7751504,0.6007458,0.8286524,0.80870605,0.67590344,0.40506727,0.81533885,0.47595572,0.24674323,0.45607316,0.1928198,0.8049523,0.51723695,0.39157945,0.739025,0.50751877,0.5027493,0.7668333,0.34654498,0.6568768,0.93314946,0.79226184,0.83152294,0.40259224,0.7513038,0.5706528,0.61054736,0.6515641,0.26439214,0.19710526,0.21919161,0.7224052,0.59330803,0.6364614,0.5473023,0.7473211,0.343709,0.72075963,0.32687557,0.46336,0.35003918,0.2831548,0.7083528,0.61064124,0.7380564,0.5811044,0.41435874,0.72727716,0.5545182,0.6478387,0.26499683,0.43653935,0.42289922,0.2418451,0.9137976,0.72941434,0.57233226,0.48419547,0.34811008,0.43572235,0.19338673,0.3875516,0.34659976,0.8741124,0.6958977,0.35957843,0.7428036,0.37613302,0.5772666,0.55249023,0.49565858,0.43934917,0.6298735,0.7246369,0.44851333,0.8173162,0.6476716,0.5430702,0.850978,0.631099,0.72839075,0.60648334,0.9799969,0.5112439,0.86602664,0.97548383,0.5843018,0.62842476,0.7826568,0.76135385,0.352086,0.86126673,0.92945784,0.5932569,0.40671247,0.54908895,0.7938293,0.52238023,0.22898291,0.45844802,0.7604394,0.27732807,0.8303922,0.4378487,0.54481447,0.2589649,0.44839257,0.56520057,0.4477408,0.682158,0.4102239,0.6468693,0.5676197,0.40177667,0.4032923,0.3163994,0.73049676,0.39686853,0.5340228,0.80106854,0.68429744,0.7772896,0.60339487,0.25070143,0.45674214,0.21945637,0.59451014,0.646246,0.56881446,0.6106467,0.86712813,0.42799988,0.78068984,0.32687986,0.7694427,0.57121694,0.67411757,0.592162,0.41263068,0.7685307,0.44375515,0.21307445,0.73871255,0.396066,0.8871248,0.71426797,0.97785974,0.36140406,0.4024573,0.62433034,0.6135303,0.32896888,0.6273085,0.37309694,0.424945,0.1525673,0.21023877,0.561396,0.8274531,0.66086173
BC2026_Train_0007_S09_20250829_000000_30,0.28278995,0.49918413,0.31868285,0.9832796,0.15504983,0.47449607,0.9017085,0.47547442,0.38190955,0.60834396,0.40777534,0.08583324,0.37668598,0.4876934,0.63410985,0.20718631,0.17913318,0.6789435,0.46419042,0.53437114,0.41312736,0.6419193,0.6365206,0.8376074,0.59636676,0.68582594,0.24274096,0.7167058,0.5798985,0.54341376,0.99078214,0.6267044,0.48973644,0.39314067,0.7178707,0.88886404,0.67669845,0.47899738,0.12870808,0.19833606,0.5136772,0.30207023,0.7525413,0.8754851,0.21002808,0.71491593,0.7962004,0.46864495,0.9342602,0.41706872,0.7594123,0.3222191,0.74364394,0.7406814,0.2502726,0.7622253,0.7232213,0.4350168,0.532989,0.3833627,0.42467755,0.6699687,0.3686365,0.31039664,0.41410542,0.09554514,0.51177156,0.4254216,0.5565388,0.5623941,0.8716141,0.11041492,0.40116197,0.3316604,0.94298697,0.82798076,0.8421086,0.88940847,0.5276222,0.5669282,0.4206718,0.35073912,0.21876833,0.1629247,0.6044552,0.9222588,0.3515032,0.3273384,0.56011784,0.39157677,0.75134754,0.79148406,0.2634477,0.6445638,0.9411377,0.37122512,0.65172637,0.51889235,0.52118045,0.38921708,0.4949276,0.5720164,0.1202704,0.6726936,0.56142074,0.36599934,0.6316155,0.4105925,0.41817442,0.49157816,0.29844865,0.5004914,0.3623653,0.3609535,0.26719546,0.33995527,0.28894776,0.69684947,0.51201844,0.42476195,0.5951722,0.45734638,0.43365836,0.35007167,0.58208215,0.27719527,0.28299907,0.076886505,0.7259054,0.46851674,0.29704487,0.22305635,0.95130706,0.41148782,0.3192659,0.31885904,0.38192308,0.49154997,0.64088035,0.59402424,0.43270302,0.558111,0.49214113,0.35762894,0.09220489,0.59111905,0.5007757,0.80486906,0.65355647,0.9437099,0.5175812,0.45810652,0.40131605,0.9130429,0.5342126,0.2679686,0.9955027,0.48239762,0.5995817,0.9169592,0.43599263,0.5172251,0.7160088,0.74921155,0.2634684,0.7904353,0.8873143,0.4523847,0.12988296,0.44770634,0.5823833,0.3616448,0.42765677,0.608338,0.4925154,0.4939162,0.6094197,0.58686423,0.26750365,0.42752668,0.45712614,0.5256541,0.392613,0.54546857,0.13914925,0.6078635,0.449755,0.4893331,0.5448242,0.49102885,0.39265794,0.1823104,0.45056105,0.53178114,0.57834595,0.33422053,0.44508207,0.45119882,0.274546,0.22868657,0.5365024,0.53754985,0.6188217,0.53691685,0.6745963,0.48203105,0.5091777,0.5210278,0.6519401,0.3932535,0.8798343,0.5780715,0.6371176,0.5145241,0.7904767,0.27971846,0.88675463,0.24282208,0.86357915,0.25685817,0.9782406,0.3119604,0.37138718,0.5617523,0.6014452,0.2651795,0.6001715,0.5370673,0.20723327,0.1212893,0.28870648,0.4548123,0.5943807,0.5402478
BC2026_Train_0007_S09_20250829_000000_35,0.33192968,0.50603807,0.19277263,0.3129982,0.43127698,0.47666806,0.7406415,0.42959765,0.41485888,0.37648213,0.41595888,0.13979632,0.32253808,0.28733015,0.6998441,0.113277234,0.39251763,0.561785,0.53042024,0.47062677,0.46312886,0.85153735,0.5111606,0.7781422,0.68313336,0.58251107,0.30333212,0.65515816,0.6088549,0.5145218,0.9246887,0.8110191,0.8200355,0.87360644,0.3491327,0.5285903,0.7225016,0.28403428,0.2972591,0.32219195,0.68742335,0.52446496,0.58908784,0.67622805,0.16168693,0.5017368,0.33445513,0.79792774,0.8301047,0.24823388,0.5208317,0.7888304,0.33537865,0.6662723,0.7761946,0.6695595,0.41154212,0.2063773,0.60719895,0.5206583,0.35143948,0.46539694,0.33532596,0.23260769,0.5447669,0.2997833,0.35880533,0.44979542,0.3140692,0.4478907,0.80005634,0.34238303,0.70993173,0.421593,0.7825742,0.96672714,0.74631286,0.8847922,0.28767663,0.506137,0.4206711,0.336725,0.406043,0.26636943,0.5795144,0.702615,0.38603234,0.4347704,0.75313807,0.5740689,0.65482414,0.5852163,0.47993898,0.88116646,0.6548805,0.24112847,0.21272698,0.5547061,0.3517378,0.67089033,0.7528957,0.57682407,0.09235406,0.78000903,0.5498034,0.40031403,0.5444711,0.46775663,0.61700815,0.6752577,0.41395438,0.39510554,0.40092653,0.5641576,0.63772136,0.6993493,0.38417673,0.51970506,0.7097008,0.57093763,0.54011047,0.6852442,0.66512907,0.5242988,0.49684846,0.60113454,0.53797364,0.130251,0.63198006,0.35425705,0.2647265,0.246863,0.8388682,0.86225367,0.652977,0.5731354,0.6237224,0.60183835,0.6746942,0.5645582,0.38117188,0.73385406,0.5374428,0.4209383,0.20780756,0.9276417,0.81265104,0.4516916,0.5305503,0.61633015,0.576595,0.4260031,0.41337913,0.62901175,0.47374532,0.21112928,0.9748167,0.63254476,0.76765287,0.46631855,0.6412566,0.8862015,0.6062503,0.8707539,0.4986933,0.714014,0.38915414,0.6883435,0.23217958,0.39414233,0.37672442,0.5748879,0.7370686,0.8268559,0.54655635,0.60453814,0.69118726,0.88044214,0.2224552,0.3963526,0.8237637,0.60601646,0.6228631,0.72431576,0.1390231,0.60427505,0.6467308,0.8802401,0.61253345,0.34495604,0.30634165,0.19099128,0.44782192,0.59694093,0.7452142,0.3903529,0.5189778,0.67980206,0.10896909,0.13957717,0.8115777,0.6035615,0.33390638,0.8858452,0.75603974,0.49088728,0.24530849,0.5805656,0.68913305,0.6011386,0.665726,0.6486336,0.879516,0.51197445,0.5267334,0.35624477,0.91484416,0.42442822,0.9053423,0.20694962,0.86611915,0.55772525,0.79583263,0.74232215,0.6167857,0.55398375,0.79373896,0.880489,0.41735148,0.43825436,0.7592372,0.43826425,0.7591759,0.7357049
BC2026_Train_0007_S09_20250829_000000_40,0.49556607,0.444646,0.13873565,0.75271547,0.53219163,0.74527836,0.87912935,0.61024356,0.5845794,0.4007427,0.46477914,0.4028759,0.53286165,0.4635732,0.5591875,0.13277216,0.39288634,0.53722596,0.85570574,0.6715095,0.54684544,0.9856907,0.5891647,0.8652886,0.53770536,0.61665934,0.622356,0.757974,0.47827297,0.39058542,0.70009387,0.8710923,0.6458197,0.90373564,0.5242469,0.9500576,0.83825624,0.7941284,0.89179146,0.94229233,0.7833238,0.8586447,0.8249907,0.8838885,0.39368677,0.6354674,0.8712752,0.986629,0.92601824,0.36650217,0.72109383,0.6946764,0.8137189,0.7209787,0.71235955,0.8796741,0.5827192,0.86489654,0.88208854,0.42816186,0.52828074,0.45904547,0.51665854,0.31114572,0.49908477,0.714198,0.5151464,0.35598582,0.44299394,0.51949364,0.5730885,0.51298094,0.69296324,0.25960767,0.9417334,0.9287226,0.8438077,0.7705749,0.4548121,0.73895806,0.31949657,0.2961148,0.39735842,0.5670582,0.32287025,0.55094194,0.7666106,0.38829613,0.83700854,0.69939065,0.728335,0.84172606,0.91176116,0.85710824,0.7518525,0.6239395,0.25640893,0.8397337,0.66337967,0.6150503,0.8229152,0.5022043,0.3952917,0.64657354,0.77539265,0.54038334,0.5834801,0.62642944,0.800576,0.78370893,0.40755624,0.6995081,0.32742465,0.751719,0.57019234,0.6940247,0.6950017,0.4837743,0.84506,0.6133112,0.6579114,0.8392874,0.8972144,0.6844349,0.65467465,0.67396355,0.4602156,0.5411453,0.65313315,0.6674479,0.23632449,0.16754067,0.9913179,0.7911783,0.8655399,0.7610922,0.4419728,0.7742798,0.44389585,0.80597913,0.4598628,0.86230665,0.5145694,0.4279297,0.5844771,0.855338,0.43510178,0.5325881,0.7286682,0.4844059,0.48504287,0.20654988,0.45562306,0.7388437,0.49803406,0.30887693,0.94878674,0.6082268,0.7953305,0.44758648,0.8917737,0.7705921,0.8554934,0.69606876,0.6244378,0.6551794,0.38959908,0.6217623,0.6605098,0.5336882,0.47798634,0.5514182,0.8379375,0.63393104,0.30606633,0.7204969,0.514601,0.6172681,0.26256302,0.5866723,0.4919269,0.79484594,0.63630664,0.76751494,0.3935275,0.75237286,0.76511574,0.82258177,0.47486788,0.48175788,0.39529616,0.4775201,0.40496266,0.6524137,0.75365925,0.4777863,0.48087507,0.8676485,0.23248374,0.39931858,0.88120794,0.5346189,0.49513787,0.97968596,0.5244343,0.3976372,0.14164689,0.8256217,0.64863586,0.871588,0.83237433,0.50197774,0.9709221,0.43451357,0.75525385,0.5445154,0.9392383,0.4602781,0.7633531,0.38828182,0.6866361,0.7277268,0.84168756,0.7047707,0.43628556,0.7153919,0.9279257,0.8772465,0.42997164,0.56936765,0.96856093,0.2522493,0.92534333,0.76424193
BC2026_Train_0007_S09_20250829_000000_45,0.38461608,0.48331225,0.13028055,0.6274023,0.4036225,0.90453756,0.91838956,0.4973483,0.5699778,0.626938,0.6112489,0.6553031,0.44169623,0.53324836,0.6764852,0.2782275,0.3326583,0.6317706,0.89741194,0.7868984,0.48052865,0.8908862,0.45921206,0.81199527,0.43354294,0.5229182,0.42575723,0.8347771,0.34676903,0.31903234,0.6121956,0.8390899,0.90420234,0.69497454,0.7810564,0.8395669,0.6879856,0.7914158,0.836969,0.7013309,0.74685013,0.64007473,0.87623084,0.5837572,0.3313132,0.5003753,0.95551133,0.9118931,0.8950541,0.5285974,0.62450695,0.8153672,0.57101154,0.68638575,0.7967974,0.95316505,0.60595715,0.85744154,0.7544625,0.49553806,0.5304058,0.41380364,0.37236226,0.2335655,0.37343758,0.91971636,0.5804963,0.26724142,0.6513436,0.6791074,0.75705993,0.22526428,0.33342284,0.13159904,0.9215449,0.75515366,0.8417845,0.7892604,0.48075652,0.8122777,0.121687934,0.1609427,0.34566873,0.5612316,0.5433303,0.37665057,0.93475,0.5328719,0.63234544,0.4068606,0.60830176,0.9244547,0.78301644,0.75449216,0.63640034,0.7212038,0.40866935,0.8720441,0.80722237,0.57757664,0.5097326,0.48602462,0.69419587,0.5099707,0.7591189,0.7344866,0.7080631,0.47521546,0.90726393,0.55798346,0.7135407,0.7244202,0.3883875,0.8622986,0.23518845,0.77693754,0.5074107,0.61250615,0.5841558,0.7896838,0.66885257,0.7897426,0.648592,0.5598602,0.6963327,0.56304467,0.25106198,0.6313696,0.7020985,0.8213743,0.24731821,0.3210191,0.9371786,0.6675656,0.6937007,0.46405822,0.4986881,0.7761456,0.555444,0.91332066,0.42156464,0.9826251,0.6922239,0.31344083,0.53066826,0.70000446,0.36969227,0.8368052,0.7708255,0.29775974,0.20609194,0.4451815,0.6587522,0.62714255,0.46856993,0.39735806,0.9213667,0.40216494,0.7896733,0.3384869,0.807554,0.58405596,0.8281398,0.6102919,0.5058898,0.7144512,0.53239894,0.7210707,0.66139567,0.62983465,0.5702994,0.7616078,0.65873617,0.51956946,0.32674146,0.6423461,0.42408776,0.7356652,0.23129553,0.6245699,0.39228588,0.9012355,0.64564395,0.5493007,0.67904854,0.88230574,0.6919124,0.60036266,0.5551745,0.743899,0.86824083,0.4499884,0.54204786,0.6835271,0.58555996,0.57126343,0.5837862,0.8180342,0.24163462,0.5595262,0.7691357,0.39727932,0.69405663,0.8768281,0.61920226,0.208664,0.2680279,0.82484066,0.56810576,0.9735896,0.6432177,0.75802755,0.9351536,0.37736827,0.7685414,0.9254787,0.9777521,0.49007618,0.7177396,0.30719382,0.72928166,0.6549614,0.6131203,0.7787082,0.5353628,0.7559434,0.7899256,0.6140625,0.53767794,0.405913,0.89615905,0.19067758,0.69501257,0.6180302
BC2026_Train_0007_S09_20250829_000000_50,0.4268387,0.5699735,0.19552183,0.70265865,0.18474132,0.95390046,0.761392,0.62596023,0.5121739,0.46830803,0.32423642,0.3866083,0.49106878,0.53005075,0.8072243,0.7193097,0.43928176,0.36017537,0.43047696,0.67040825,0.44214648,0.82446134,0.4311965,0.68390936,0.5665625,0.4527424,0.9455184,0.85952544,0.6101354,0.44235933,0.9043181,0.97302103,0.86875474,0.8601716,0.73925376,0.9983583,0.871256,0.85362333,0.47051314,0.8389956,0.67475843,0.89433205,0.7597676,0.89773023,0.3934024,0.6941861,0.9026245,0.9387301,0.9774529,0.4592272,0.78666794,0.804958,0.8801266,0.80478203,0.6235473,0.7471194,0.704447,0.41272366,0.29711497,0.5562394,0.46183953,0.51672095,0.5073471,0.10610076,0.29849494,0.90674484,0.559833,0.56614244,0.4577688,0.74294263,0.8699322,0.1464533,0.42917472,0.16222233,0.7115847,0.87153053,0.9367528,0.7294297,0.6161233,0.90945053,0.26605323,0.21907175,0.48537862,0.8929955,0.5252054,0.5250566,0.6372932,0.39235055,0.8806436,0.38056266,0.7646735,0.76228845,0.9108324,0.577915,0.6381291,0.7326648,0.58319414,0.718495,0.69114256,0.6529534,0.3926084,0.54379904,0.515599,0.55628157,0.6956415,0.7743834,0.65589046,0.62086487,0.9032804,0.762885,0.87109643,0.8282229,0.6461843,0.8125168,0.2151274,0.87619627,0.34929538,0.5108663,0.29558188,0.6930373,0.46137214,0.7405511,0.7762691,0.7797172,0.71254325,0.6295837,0.5038508,0.6710688,0.8924264,0.74341166,0.25275543,0.48614228,0.9563422,0.596181,0.8298516,0.34595835,0.3630414,0.93025774,0.5598763,0.61250204,0.73641145,0.78154314,0.6701205,0.48900962,0.40799975,0.6629639,0.60118777,0.630088,0.74733114,0.37566084,0.2360732,0.8099526,0.5957924,0.6053704,0.7035749,0.74954844,0.8048514,0.6076194,0.8916321,0.50076365,0.96150964,0.6400976,0.935814,0.67789745,0.64456934,0.7067791,0.73575974,0.7434362,0.6956959,0.8795804,0.8204684,0.7556859,0.77910125,0.7226659,0.6287391,0.59035254,0.39940387,0.7412765,0.46481442,0.4936239,0.59470445,0.8061148,0.37924385,0.6160599,0.75689137,0.91980535,0.5394938,0.66677535,0.6489172,0.55081964,0.65497303,0.67562175,0.6008264,0.8821875,0.69769955,0.5952487,0.5148135,0.83194077,0.55192935,0.4303261,0.9271315,0.17903969,0.4929675,0.9640398,0.8065078,0.40111923,0.42154044,0.8094193,0.50049657,0.8982667,0.584229,0.7610947,0.777634,0.45634517,0.85470474,0.75309014,0.9366118,0.38921195,0.8360436,0.49460322,0.85400105,0.585685,0.67026424,0.6921723,0.5507752,0.88578725,0.6611147,0.53460824,0.5377372,0.58566004,0.9288746,0.44136006,0.8643656,0.6841307
BC2026_Train_0007_S09_20250829_000000_55,0.49133074,0.26956487,0.26208276,0.82578427,0.16614525,0.8177798,0.6164036,0.68215144,0.31009346,0.46883175,0.22900417,0.12360366,0.38419497,0.42090732,0.8573389,0.6919173,0.3011635,0.32450128,0.101851985,0.50558436,0.30912703,0.6654744,0.76209223,0.9848391,0.6675993,0.54099256,0.827083,0.6911695,0.57894427,0.6130999,0.68607557,0.66978395,0.3236038,0.39100832,0.75496614,0.8366507,0.44015035,0.21651141,0.29891467,0.2438893,0.4918487,0.41739058,0.1920899,0.44271237,0.6642822,0.582831,0.79378664,0.78277564,0.81961536,0.18352044,0.23494598,0.44964465,0.6873785,0.40476978,0.61731124,0.75872386,0.83966225,0.50409997,0.13895293,0.31157783,0.2472945,0.55687153,0.28624618,0.18403961,0.4230491,0.8194213,0.33121163,0.55832833,0.61358964,0.5082811,0.82243216,0.38853657,0.6566986,0.30964026,0.73457944,0.8588581,0.97802496,0.43595505,0.40067273,0.61305237,0.65026593,0.31687105,0.30222625,0.82515216,0.3458172,0.3278867,0.56597793,0.33934367,0.9930793,0.5167816,0.65866494,0.49970162,0.66407,0.4672029,0.42584848,0.54858917,0.4355896,0.37837297,0.28405476,0.4521004,0.731825,0.332998,0.4859724,0.28939223,0.33565283,0.6100588,0.92381406,0.597242,0.7431817,0.94263124,0.55460167,0.60495985,0.6030762,0.6577761,0.19703427,0.6384196,0.33843684,0.4239549,0.44502035,0.4279318,0.24904673,0.47272193,0.80601346,0.82224965,0.5908698,0.54105175,0.62085557,0.40848082,0.9813251,0.63707733,0.5302184,0.5313763,0.51113635,0.4387045,0.7278788,0.3558992,0.22077975,0.67289853,0.6661778,0.38037884,0.8899919,0.5211265,0.9368397,0.60709953,0.60049516,0.534029,0.5702874,0.2953266,0.55244195,0.39461148,0.509374,0.7132808,0.919412,0.55931664,0.5643511,0.8349886,0.5454273,0.5994619,0.911916,0.37378114,0.8402995,0.44165534,0.71806633,0.5419202,0.54517555,0.7718264,0.4172818,0.42055708,0.44788325,0.78688437,0.79487073,0.63246083,0.59514713,0.61719835,0.6864748,0.36994272,0.32853413,0.54135025,0.676036,0.2916733,0.6749804,0.685992,0.52893734,0.9385414,0.5730622,0.6229339,0.7068111,0.65041375,0.49028912,0.41341442,0.48957655,0.6616185,0.62854683,0.8207301,0.756274,0.8660817,0.44775552,0.7147848,0.44379294,0.42938882,0.9083452,0.2007522,0.47118598,0.92674404,0.55727255,0.5028492,0.12471241,0.7469989,0.54638356,0.64258564,0.61968386,0.54068077,0.6927571,0.5326761,0.84752977,0.34600952,0.5871808,0.1526187,0.6857661,0.5829951,0.76388144,0.42382786,0.43820614,0.53190166,0.83697647,0.653638,0.39306074,0.37926394,0.45014933,0.52625227,0.71253693,0.8324169,0.9640411,0.5977188
BC2026_Train_0007_S09_20250829_000000_60,0.45727903,0.54901934,0.36925834,0.064870045,0.14767301,0.5071446,0.59816414,0.47310245,0.24947786,0.53391325,0.22144791,0.2345281,0.67848957,0.076966874,0.7596214,0.66138744,0.4681775,0.7147639,0.12122078,0.26393652,0.49362808,0.43136257,0.67775416,0.9110532,0.5334914,0.39269382,0.7475988,0.50142217,0.6069177,0.66982424,0.8968641,0.9864533,0.9122467,0.41421774,0.6051618,0.8318149,0.6325693,0.5157032,0.23020016,0.22855613,0.31345746,0.8723959,0.25716758,0.5360037,0.43284702,0.32398725,0.31054562,0.45610827,0.9021475,0.15926927,0.09469847,0.3429467,0.8308095,0.96638525,0.9393257,0.62316865,0.9170487,0.15783271,0.33314544,0.11674759,0.29541498,0.56195706,0.26421082,0.41735604,0.5920094,0.7287236,0.5225431,0.14688271,0.7557218,0.7132319,0.6651014,0.6045734,0.9161854,0.15020896,0.39246258,0.9195273,0.8455882,0.60335207,0.35618573,0.74506295,0.57839894,0.423674,0.40116376,0.84389055,0.6204251,0.3387006,0.6290952,0.43295205,0.9799937,0.3416481,0.8042573,0.72703636,0.7924572,0.8320185,0.61799896,0.5154374,0.64175713,0.5426495,0.336788,0.5847182,0.87944853,0.49587768,0.18565997,0.38178492,0.15924412,0.87141037,0.739038,0.667776,0.9215839,0.887022,0.7015754,0.39724296,0.6541478,0.8450229,0.43561378,0.89124936,0.7636428,0.8004184,0.86127675,0.65691113,0.42979956,0.61240244,0.91847736,0.97945,0.19282734,0.83335835,0.30208457,0.51283103,0.90313053,0.38567072,0.3595181,0.7759098,0.6141781,0.74431205,0.7543187,0.35593385,0.20239773,0.7353871,0.72701764,0.5886881,0.9317839,0.71036386,0.94961137,0.83389306,0.13716456,0.50558424,0.23192132,0.49665594,0.90019596,0.7105578,0.751906,0.6657859,0.8577024,0.5616951,0.6420752,0.872021,0.6004576,0.90818125,0.7955111,0.5222882,0.54902864,0.44566935,0.87184787,0.28752005,0.76251495,0.36307383,0.061147995,0.5152901,0.5700579,0.77078557,0.8120698,0.7009392,0.7806306,0.8859271,0.70891297,0.4231133,0.73477924,0.5740764,0.930949,0.3893656,0.7824948,0.8745125,0.769624,0.9448614,0.64258707,0.83991325,0.90633535,0.94481254,0.7419796,0.19412667,0.8770114,0.8421854,0.58542925,0.2939884,0.82862663,0.8186741,0.8985671,0.6115509,0.1335385,0.786549,0.74335766,0.6288537,0.20349336,0.56294274,0.31628627,0.6215206,0.022323083,0.24950966,0.58161354,0.85301477,0.8517137,0.6440233,0.9375861,0.6293286,0.437649,0.41421717,0.71540105,0.27717018,0.87373185,0.71429646,0.8216754,0.75881255,0.55620146,0.873346,0.6071626,0.8093257,0.62429297,0.63283074,0.7863115,0.72440934,0.88878167,0.9275666,0.75537616,0.7410097
BC2026_Train_0008_S09_20250831_000000_5,0.08142659,0.44565237,0.6270405,0.8086912,0.3571598,0.43343616,0.05970083,0.55804086,0.19068985,0.5536687,0.8036531,0.4748623,0.24345271,0.06990183,0.7728028,0.26519477,0.51693654,0.36902106,0.13889539,0.33206457,0.20609021,0.40734118,0.33804145,0.95985854,0.21863478,0.48242912,0.44898713,0.26565513,0.51137906,0.80977595,0.81845,0.72953546,0.78459764,0.83094424,0.9427252,0.24967867,0.78087854,0.3329034,0.40257105,0.7169018,0.15028208,0.89145553,0.17502806,0.6777562,0.41978514,0.8676826,0.6016193,0.9479357,0.6853399,0.36599898,0.37702164,0.590331,0.8519176,0.8661766,0.41768348,0.4571856,0.3985508,0.3242721,0.110915825,0.04472404,0.049697503,0.45392323,0.17854255,0.21224521,0.029683322,0.4432155,0.07977742,0.026489582,0.30387437,0.56089145,0.93999743,0.9404956,0.22925273,0.08884824,0.36449605,0.7813004,0.74234957,0.34978497,0.55651295,0.5499989,0.37655193,0.73647034,0.23588789,0.47765118,0.30143186,0.9894625,0.062963754,0.49204454,0.7013304,0.6275927,0.595161,0.1171072,0.44332027,0.5745977,0.38673335,0.80320823,0.2222858,0.50888497,0.76567286,0.47857627,0.7577586,0.2506181,0.21096773,0.13303642,0.15613534,0.3989884,0.60933733,0.40377808,0.8336009,0.9564667,0.093710095,0.46508855,0.11293771,0.7157128,0.24474314,0.2655908,0.19563222,0.33249038,0.4089113,0.404002,0.0959463,0.14598334,0.53655756,0.6313687,0.049765438,0.431692,0.88958144,0.25986382,0.7653191,0.6408479,0.59203243,0.5253969,0.16224769,0.3234697,0.25659293,0.22009137,0.47341013,0.46308225,0.11262208,0.21038592,0.64337075,0.25847757,0.75310946,0.8341124,0.2527737,0.35916835,0.5933127,0.12846509,0.6913417,0.7592288,0.5172905,0.12930575,0.5300623,0.5782343,0.8086301,0.9475937,0.42959762,0.6834769,0.70690084,0.39653617,0.5137364,0.41818756,0.37689465,0.47504425,0.17416954,0.57366204,0.43361366,0.43473816,0.72355473,0.8657511,0.57714593,0.12527055,0.9675791,0.69840765,0.40775323,0.11054541,0.42296463,0.19039667,0.65816844,0.11142038,0.30701965,0.5327418,0.2606996,0.5160641,0.507249,0.18280956,0.5542178,0.5861366,0.98821867,0.15022843,0.148972,0.3865562,0.054709256,0.2198475,0.99468744,0.38832843,0.66867566,0.81940556,0.4710281,0.46402663,0.9718093,0.7393209,0.39234954,0.8534677,0.22346762,0.23120323,0.9861938,0.5202992,0.7754073,0.74032104,0.6794646,0.31759894,0.32138097,0.9233192,0.5478266,0.11726475,0.6632518,0.42116982,0.6978067,0.48886895,0.6274315,0.86959445,0.7304051,0.47181526,0.63820255,0.43006533,0.21935937,0.66065466,0.37625253,0.45372844,0.22815187,0.43851802,0.9486687,0.8378792
BC2026_Train_0008_S09_20250831_000000_10,0.058009587,0.70613706,0.5978286,0.5015783,0.11741726,0.6862943,0.19568583,0.6990948,0.4008657,0.22762929,0.5410129,0.6542958,0.29926077,0.13701797,0.77788883,0.30229297,0.34081775,0.11415499,0.2182295,0.08489297,0.18423042,0.8169588,0.30453497,0.926092,0.5009341,0.23143485,0.24333215,0.17644623,0.6483606,0.747319,0.8105241,0.8933777,0.92930067,0.6226969,0.7946055,0.18815792,0.43673033,0.2826952,0.23237821,0.81064796,0.49893752,0.8531354,0.54100114,0.21857992,0.61350805,0.4787233,0.71913034,0.83559036,0.32826424,0.33179367,0.58718204,0.33002996,0.7335455,0.46677572,0.76734555,0.6369364,0.54158986,0.8853266,0.09993684,0.0450856,0.13495862,0.29842913,0.23895007,0.20792982,0.09618294,0.4296101,0.13915691,0.0384449,0.71860254,0.670954,0.82727003,0.85381377,0.121935405,0.47522813,0.29352993,0.90499955,0.81986463,0.5546406,0.52746975,0.4421873,0.22400647,0.43677607,0.16793081,0.46008587,0.38218772,0.88356376,0.10281326,0.43267703,0.8277099,0.5335237,0.51243263,0.05217552,0.78426754,0.97293735,0.54165065,0.9482448,0.12673658,0.5159938,0.6497488,0.3716067,0.66489255,0.12360169,0.23611525,0.09798953,0.07561821,0.70524323,0.42121857,0.3166864,0.78657246,0.7966342,0.27428615,0.38610962,0.2908944,0.5080746,0.13007656,0.40349007,0.13644734,0.5074524,0.80267024,0.31677854,0.20666116,0.39898956,0.8262546,0.71153486,0.07581722,0.50858355,0.88083583,0.29118305,0.5625535,0.7409744,0.7863084,0.80032957,0.22126243,0.18224618,0.07009627,0.25254974,0.33337784,0.41485,0.40742642,0.1406624,0.46457052,0.2787823,0.71704507,0.6215009,0.26935172,0.35065985,0.2757812,0.23965007,0.935722,0.9003809,0.15745622,0.24813282,0.75920117,0.40027255,0.6732062,0.6949606,0.89236516,0.7552463,0.7821474,0.35092884,0.9065754,0.35393953,0.6985992,0.15229249,0.04977329,0.46142763,0.55068386,0.32366383,0.6039264,0.6237451,0.7021425,0.3884986,0.7786112,0.5408429,0.319579,0.10442804,0.5115771,0.12525329,0.92567086,0.06901713,0.38010973,0.6583899,0.2962462,0.544122,0.73153186,0.079405576,0.6929189,0.36786395,0.88674664,0.17342715,0.40196913,0.58325464,0.11976625,0.17196769,0.95291543,0.38899153,0.48288697,0.59423554,0.85706973,0.6525712,0.8243115,0.32046133,0.35049862,0.48997605,0.22580206,0.14796412,0.9172937,0.6879593,0.8542268,0.55214256,0.2562247,0.43125963,0.34039217,0.8312627,0.4676625,0.16308635,0.892125,0.5156594,0.68426305,0.6022703,0.88119197,0.8351371,0.5519035,0.38012975,0.6523454,0.31454396,0.1737138,0.46875477,0.5459556,0.21376528,0.64036155,0.30947298,0.926269,0.53687257
BC2026_Train_0008_S09_20250831_000000_15,0.11844456,0.1956358,0.2927194,0.18966663,0.0886435,0.4958297,0.12715462,0.5079459,0.22094752,0.24656016,0.49259198,0.43862695,0.31011125,0.40508956,0.61236453,0.6012542,0.45263296,0.03254825,0.08401823,0.11592834,0.1048303,0.54228973,0.5646038,0.8539233,0.31340945,0.0987142,0.522663,0.22079909,0.6672195,0.69200075,0.62538964,0.66643167,0.54731494,0.1792128,0.20618993,0.53239775,0.6420697,0.38353106,0.08369057,0.15660205,0.12284204,0.5225544,0.3492561,0.052298035,0.61902356,0.23558356,0.822555,0.39541507,0.15253936,0.28644955,0.26248205,0.06845042,0.41409558,0.070029944,0.1419782,0.29606816,0.5653206,0.8364471,0.1345662,0.036215976,0.06970289,0.113964885,0.10971494,0.26627606,0.09735678,0.24524233,0.03642796,0.07833235,0.662029,0.628698,0.43995565,0.6339097,0.24613552,0.37894905,0.3273183,0.40286326,0.8895614,0.28591275,0.177077,0.4966421,0.5317722,0.36569643,0.40453434,0.31121415,0.48479998,0.23988304,0.135104,0.12174174,0.73731935,0.5755887,0.8607023,0.1003263,0.74069476,0.53782773,0.36522245,0.68837935,0.18979913,0.48480827,0.790331,0.65790963,0.6018193,0.1084679,0.061817564,0.035411358,0.026044149,0.57797325,0.6605257,0.3952188,0.7805922,0.5192934,0.82954204,0.08018571,0.1941655,0.56567216,0.09553121,0.15148771,0.14885166,0.43962312,0.88395786,0.38971704,0.08673905,0.14976959,0.8951402,0.49993384,0.09563683,0.49970698,0.63041973,0.13876283,0.73703957,0.52960515,0.5721264,0.77219224,0.26609015,0.048555918,0.14573562,0.24172214,0.17239475,0.21557733,0.31639838,0.2116256,0.6031084,0.5314639,0.78801745,0.67393315,0.41508025,0.5017357,0.49597666,0.2566961,0.64727795,0.6489848,0.07779042,0.13719717,0.941424,0.09955172,0.1853391,0.65225506,0.7393342,0.7202374,0.5602155,0.111594975,0.8217354,0.09893197,0.7292625,0.21045212,0.09225236,0.20906587,0.23332259,0.13124675,0.7510984,0.24456835,0.5176108,0.29139653,0.5753844,0.8691188,0.3086937,0.26509532,0.13352595,0.031949893,0.794168,0.14909166,0.19061258,0.7179953,0.5590416,0.9287844,0.50334764,0.15155956,0.8587234,0.12515989,0.6549417,0.05571415,0.45556247,0.47296596,0.07300623,0.3396979,0.62826025,0.6879177,0.5437088,0.46264416,0.3994259,0.43198925,0.63888144,0.06921719,0.7866349,0.622569,0.05515316,0.10817114,0.6448438,0.4614728,0.900486,0.56750023,0.04783096,0.13323736,0.122552276,0.49299383,0.25912568,0.047196247,0.4034878,0.5127082,0.26345322,0.6176479,0.5302822,0.9066942,0.45477092,0.1746287,0.44020042,0.10605324,0.048162263,0.23156223,0.8086593,0.11456582,0.74907136,0.09224358,0.8509363,0.4710948
BC2026_Train_0008_S09_20250831_000000_20,0.080414504,0.56318593,0.18733594,0.12570384,0.249019,0.23795778,0.159612,0.5213808,0.16757624,0.54292816,0.5900332,0.16913725,0.17288788,0.2546807,0.5185341,0.51024926,0.68686974,0.09920308,0.110902086,0.109570734,0.3666824,0.30001587,0.50855,0.9221517,0.05107432,0.059997022,0.22540125,0.11611031,0.46383122,0.46584913,0.2216056,0.6002959,0.42792812,0.46649918,0.21194226,0.67188215,0.5312005,0.5234478,0.60256684,0.22450823,0.661582,0.40955758,0.6264858,0.2527721,0.40685576,0.34937727,0.8842723,0.252486,0.23593265,0.35515207,0.29704756,0.40877062,0.73562956,0.23717448,0.23486504,0.2858206,0.38652587,0.31430483,0.24822888,0.019463751,0.048548147,0.16139713,0.10402241,0.5086143,0.1029176,0.45035106,0.06850757,0.17278627,0.7440822,0.2891888,0.57209605,0.7055236,0.88794374,0.231074,0.47293642,0.3686604,0.44546866,0.27998215,0.20938133,0.2493157,0.81372035,0.39124864,0.3613301,0.18609661,0.14811803,0.1352457,0.046425663,0.24346825,0.632422,0.46209407,0.54848087,0.3733599,0.29865104,0.42598322,0.22000194,0.5151228,0.52346873,0.28741306,0.893,0.8700625,0.6822958,0.33332938,0.10753499,0.021569997,0.04559683,0.27200842,0.6859183,0.5843315,0.8841338,0.7506547,0.9643265,0.062406063,0.14570144,0.38512385,0.37089747,0.20932868,0.43406624,0.1683141,0.88421404,0.47913176,0.16413194,0.10088113,0.92894375,0.7181419,0.04346358,0.66014814,0.7791097,0.14720842,0.5976864,0.38979536,0.38211197,0.8556434,0.07610285,0.13162717,0.66442204,0.18732971,0.34967798,0.15758762,0.11883466,0.25073582,0.656798,0.3291667,0.64185584,0.96388435,0.10982436,0.22672662,0.7956494,0.25549,0.3838536,0.805128,0.35417998,0.1810216,0.7609924,0.11954169,0.15739886,0.8828689,0.6485281,0.6721995,0.7296139,0.076452665,0.63973165,0.2664408,0.23926598,0.2893538,0.30657393,0.8196163,0.12816373,0.2823385,0.9220922,0.30838442,0.636264,0.46400374,0.8170248,0.9035625,0.6383579,0.22807842,0.104389735,0.041472048,0.6589067,0.044208772,0.31862122,0.7269825,0.48659617,0.8375714,0.42787236,0.5789011,0.79140854,0.32344607,0.8601198,0.077076666,0.2890254,0.21600991,0.20184009,0.1704073,0.6263653,0.89471817,0.8035437,0.8239584,0.15044242,0.12775329,0.41871825,0.07244698,0.9702297,0.65200436,0.029017583,0.21670362,0.83748937,0.122556835,0.69644916,0.23764989,0.05256408,0.15534627,0.08888437,0.6725956,0.12955944,0.06815593,0.26407263,0.30597186,0.2317059,0.66528666,0.5660509,0.6385673,0.5934169,0.39355606,0.30690056,0.2989104,0.06228167,0.10070282,0.741308,0.4206739,0.34382433,0.24100891,0.45366937,0.7214197
BC2026_Train_0008_S09_20250831_000000_25,0.08036618,0.6568192,0.4166075,0.5728971,0.32595342,0.46009606,0.23229745,0.45452434,0.33106774,0.4390592,0.5758909,0.318941,0.29851303,0.1309723,0.66574156,0.46369582,0.5709973,0.3859102,0.39214492,0.29004568,0.5243312,0.67249453,0.5226578,0.92102253,0.113772005,0.22286597,0.48013598,0.053757332,0.35776561,0.6067698,0.5637677,0.6394737,0.7693914,0.97469604,0.6917527,0.15759659,0.47746217,0.6939391,0.46162128,0.9565512,0.9040282,0.5393502,0.26524156,0.8287612,0.43810457,0.52254725,0.46325624,0.65671337,0.57878965,0.45196548,0.18305236,0.5161854,0.7065375,0.74288464,0.8983227,0.7317866,0.42327595,0.77971494,0.2476641,0.092509046,0.16196784,0.36855727,0.24126989,0.50051093,0.17756894,0.345887,0.28458485,0.2425842,0.8649817,0.363442,0.94278175,0.63299143,0.8041698,0.3851999,0.42374057,0.5994081,0.52814496,0.53824604,0.4459731,0.39335948,0.72968537,0.842972,0.31766206,0.4881593,0.06872025,0.40983266,0.06795725,0.63760436,0.71166027,0.5718218,0.5689628,0.2259632,0.2429831,0.90188515,0.33295476,0.5838552,0.4225778,0.41470376,0.70763886,0.6361258,0.83706546,0.34124976,0.39320558,0.07758835,0.07176928,0.39944893,0.91405886,0.76469684,0.88387084,0.91183245,0.6327512,0.26372895,0.3650385,0.4095748,0.6751921,0.25816917,0.43100685,0.28763098,0.5774049,0.50779295,0.22460365,0.41984534,0.8884281,0.80193436,0.12309973,0.6063732,0.8962563,0.18131852,0.5575049,0.55646294,0.40983003,0.6809554,0.12522742,0.47032708,0.7545568,0.59063464,0.5911008,0.36745396,0.14428142,0.15131167,0.5938901,0.27206218,0.57779574,0.9543202,0.5889242,0.26189846,0.58041984,0.084702805,0.4998772,0.68065083,0.6109531,0.16129208,0.5821144,0.15306005,0.5797249,0.9633845,0.7400594,0.7398977,0.80522287,0.2200222,0.52581286,0.77627134,0.051796086,0.23708403,0.40799844,0.9724487,0.3380661,0.5765746,0.71915144,0.5173657,0.47249773,0.5609635,0.9563132,0.6615486,0.61236334,0.13893458,0.42157942,0.18448466,0.35253388,0.05414675,0.24570101,0.6806145,0.5549383,0.6919608,0.74642384,0.61241615,0.4705988,0.600324,0.8731084,0.0434665,0.6195873,0.34065688,0.15956265,0.27015042,0.89298666,0.8537891,0.7423111,0.91010296,0.42203122,0.18009678,0.4389076,0.2959571,0.72486746,0.67994547,0.16939929,0.37055987,0.94558954,0.211039,0.59314203,0.27225918,0.14719929,0.16650999,0.23248726,0.94672346,0.3327346,0.13657649,0.64898455,0.3881657,0.44678992,0.87831306,0.46245033,0.84699214,0.78717935,0.5008317,0.52306885,0.6055192,0.23258558,0.27227598,0.44484836,0.6796783,0.22442606,0.49295378,0.41558868,0.61671436
BC2026_Train_0008_S09_20250831_000000_30,0.1353398,0.09783654,0.61892533,0.73206717,0.40820694,0.4547937,0.20756377,0.66253793,0.69861954,0.29027563,0.37526187,0.26603585,0.25650874,0.16683517,0.47913963,0.22796336,0.12983832,0.24803346,0.4045185,0.38952273,0.24686915,0.34604698,0.3462729,0.9002422,0.512674,0.25306442,0.40888852,0.1340584,0.17064774,0.4733249,0.8617625,0.86306167,0.85270464,0.867268,0.75925875,0.31756005,0.6102165,0.4032836,0.43941987,0.8768717,0.75613284,0.51198196,0.7131877,0.4369543,0.480228,0.5211841,0.5746231,0.7598206,0.4779483,0.22022133,0.17159542,0.5987263,0.66090846,0.91012305,0.8592121,0.3695833,0.63258386,0.6018909,0.13553572,0.33605206,0.14013413,0.6670224,0.27585056,0.32023793,0.6288482,0.2429547,0.19960546,0.16604099,0.221149,0.3848638,0.9445562,0.9201988,0.39739347,0.17478085,0.34130144,0.701033,0.78889203,0.45216092,0.69853544,0.4718501,0.3908229,0.9724109,0.15670323,0.67652273,0.044306226,0.77443373,0.13294904,0.58562887,0.50608706,0.55299455,0.873912,0.13218448,0.22684425,0.66373706,0.4614442,0.58493584,0.29801247,0.23299411,0.45813334,0.22397107,0.9638828,0.49233806,0.35629493,0.14918637,0.24891493,0.33344445,0.6233276,0.5364777,0.64670527,0.82270014,0.20596227,0.38376516,0.19526377,0.74646825,0.63504803,0.20956957,0.51544905,0.3039971,0.49532044,0.29293895,0.05808615,0.3931744,0.56166244,0.5737352,0.20269722,0.38349086,0.72759414,0.5302917,0.8259909,0.43293157,0.21383367,0.7843219,0.44083977,0.32574165,0.5262989,0.9378,0.4149086,0.2548216,0.13435185,0.41738558,0.6135827,0.18235219,0.8731726,0.76307607,0.43419096,0.7241088,0.3465324,0.11760908,0.35241836,0.6726574,0.3891825,0.1970618,0.74580395,0.17001925,0.5829804,0.71489394,0.8267522,0.3908832,0.7491363,0.49255008,0.5776766,0.8938266,0.13216181,0.47803384,0.35801458,0.4041211,0.17652592,0.8128833,0.78086007,0.6381079,0.64266205,0.46226293,0.81962967,0.8833322,0.7438234,0.054415964,0.53326243,0.43219107,0.16485837,0.089313224,0.48603126,0.8757146,0.5107543,0.53442705,0.4019266,0.6338458,0.56738687,0.45766333,0.96362054,0.079224005,0.8933677,0.2560823,0.054452688,0.06953277,0.8379065,0.6792575,0.4499668,0.9573661,0.51544404,0.17061219,0.83712596,0.65851104,0.36040705,0.81848335,0.461838,0.27076966,0.8985521,0.3407129,0.8685802,0.7880019,0.55611145,0.2825507,0.61954886,0.7516694,0.49328744,0.19082366,0.8299403,0.19012314,0.7922567,0.4008728,0.6855171,0.8685072,0.8112974,0.34241933,0.79433656,0.6831242,0.5557995,0.8459226,0.29080868,0.45008492,0.15192221,0.54704946,0.44366837,0.70433223
BC2026_Train_0008_S09_20250831_000000_35,0.13234541,0.23237394,0.36684987,0.8603157,0.43247712,0.4287693,0.30283055,0.804101,0.77879745,0.42436132,0.55039656,0.42485875,0.48937657,0.18852615,0.5770307,0.3600766,0.076981485,0.21864012,0.43158516,0.29665202,0.27451795,0.49559006,0.41755742,0.98831797,0.18459256,0.16201222,0.25163925,0.3125552,0.23958568,0.5880765,0.92520225,0.92309034,0.7748351,0.9560759,0.90838444,0.3387943,0.6244738,0.5070344,0.48666674,0.7172907,0.8232478,0.7585949,0.7008445,0.5813909,0.72405493,0.75375056,0.7664284,0.6714975,0.42908108,0.27442867,0.34452787,0.67614746,0.9497624,0.82529813,0.82074606,0.241565,0.7991854,0.8043723,0.16767597,0.16180545,0.14353305,0.8185812,0.45562387,0.46993423,0.62027794,0.70598316,0.11964263,0.18540037,0.07518421,0.61693776,0.95010006,0.99166656,0.30128407,0.08363716,0.2428937,0.7327523,0.7526586,0.34379667,0.9054971,0.4645623,0.36596996,0.7948365,0.13879931,0.9295505,0.12474409,0.9220578,0.18863922,0.5513134,0.58968747,0.4754039,0.9695196,0.16468886,0.32493114,0.47949314,0.61805224,0.6219915,0.2160964,0.24889386,0.5954232,0.21355346,0.7459598,0.2966226,0.6246278,0.20494694,0.29458126,0.4031701,0.35207355,0.3775919,0.52971053,0.4834769,0.20052439,0.3675351,0.23027393,0.7421987,0.81899166,0.108006775,0.5747349,0.23903635,0.5576398,0.2875465,0.07172291,0.23607755,0.4094429,0.5330074,0.24554795,0.30013138,0.51515853,0.5226334,0.34925687,0.408253,0.24612853,0.84469306,0.38961488,0.16317931,0.45269668,0.7898828,0.29835954,0.36814845,0.25492883,0.26339012,0.68941367,0.29754212,0.5320617,0.71331763,0.41386732,0.70363474,0.4468037,0.31344688,0.46065414,0.6811986,0.3317907,0.21296912,0.5244428,0.31790608,0.42137486,0.47315437,0.50010073,0.29323834,0.5613847,0.6138654,0.72784233,0.9305364,0.13572383,0.34832495,0.2742196,0.78275055,0.2498602,0.7426144,0.46164435,0.52631533,0.74066544,0.25654563,0.6827948,0.8428927,0.6281866,0.048595414,0.49971128,0.50749207,0.3648435,0.128048,0.5532701,0.822214,0.457399,0.37567097,0.39352202,0.43741137,0.7062061,0.45899284,0.99337953,0.14893639,0.59027624,0.4918141,0.08964944,0.022839978,0.60567653,0.7215511,0.42109293,0.9203537,0.3984886,0.42796353,0.80186534,0.5230096,0.4630363,0.71557426,0.40605354,0.13968025,0.86978126,0.4122864,0.81618047,0.8783077,0.7452601,0.3389579,0.78327966,0.4735838,0.70193803,0.23259008,0.89998925,0.208918,0.7289537,0.25823385,0.7752942,0.69462395,0.63199914,0.22169039,0.767738,0.5025501,0.45622358,0.6320808,0.29524535,0.22924566,0.11844118,0.77866304,0.49657673,0.49899364
BC2026_Train_0008_S09_20250831_000000_40,0.16792071,0.48191455,0.34976763,0.9274446,0.32811302,0.55689144,0.14167495,0.67122483,0.30684257,0.44323575,0.52528906,0.30524874,0.4001947,0.3222881,0.8138652,0.28891003,0.124947235,0.19089314,0.3914122,0.2978797,0.24507478,0.7200177,0.38080037,0.96619725,0.07329682,0.1291466,0.71818376,0.24462408,0.22559589,0.8173139,0.8924451,0.91325974,0.8638247,0.953585,0.9455955,0.16919196,0.7095165,0.55783355,0.65936625,0.90980554,0.60210633,0.88040936,0.53440624,0.92868686,0.76904166,0.9263013,0.6352536,0.76110196,0.29407826,0.40048432,0.26589102,0.63566625,0.92885244,0.97066784,0.68497604,0.5092278,0.84398645,0.9216219,0.26315224,0.11481641,0.0685321,0.5701084,0.2805997,0.29893798,0.1603607,0.33685607,0.24719703,0.094979614,0.40470308,0.80690634,0.9662541,0.99380434,0.10098243,0.061912213,0.36933088,0.7524215,0.6763319,0.3660373,0.936337,0.53390396,0.39745498,0.6793003,0.20599517,0.79630053,0.24041045,0.85600185,0.065938145,0.5705377,0.64569306,0.43684852,0.8911282,0.10875616,0.46505618,0.45673013,0.7314614,0.6254717,0.30842644,0.20515123,0.5257472,0.24779162,0.88960195,0.31849605,0.6132056,0.16492862,0.18378738,0.49989232,0.33596265,0.40715086,0.44606894,0.36998624,0.15275848,0.36720103,0.2102587,0.30901355,0.38790268,0.12455027,0.3878327,0.41648513,0.7452415,0.24759439,0.1302128,0.06902068,0.43389958,0.42239797,0.39212495,0.33056885,0.52647465,0.34025615,0.21870217,0.44986725,0.64147466,0.82777137,0.38970655,0.21754956,0.45164138,0.67776775,0.53573847,0.3217973,0.2653983,0.1408191,0.7028372,0.27350837,0.3073088,0.8450248,0.21533811,0.39532077,0.18739593,0.21080215,0.36591393,0.82908416,0.3502999,0.13621634,0.46898782,0.316935,0.40766805,0.53029287,0.28710788,0.30229047,0.74807024,0.4209394,0.56643885,0.6532918,0.15914214,0.20237876,0.165564,0.69639254,0.30232093,0.7217305,0.26032877,0.53036344,0.45617318,0.17108202,0.6756667,0.4373901,0.52306354,0.08593884,0.5079045,0.20202053,0.39263588,0.11485542,0.30612576,0.5429567,0.46990502,0.45431682,0.55617326,0.15006647,0.7731689,0.37730592,0.9543066,0.1250158,0.3183558,0.5854018,0.15842883,0.049687333,0.5650137,0.5826081,0.46997005,0.91903543,0.5260601,0.4451449,0.54576427,0.44117326,0.5638732,0.5015677,0.17528011,0.18199524,0.6686365,0.3003403,0.85200804,0.66351295,0.48856038,0.12940106,0.5217769,0.51699716,0.52607,0.15212785,0.5072405,0.3785954,0.4794381,0.3823582,0.58321315,0.70713097,0.716593,0.20760709,0.8652185,0.4939542,0.2443622,0.4685098,0.39980257,0.32687616,0.18151823,0.52392334,0.5979135,0.521609
BC2026_Train_0008_S09_20250831_000000_45,0.069462836,0.35786363,0.4612785,0.7481748,0.19744933,0.42019427,0.17211555,0.3906607,0.056703374,0.1894989,0.46271628,0.4456693,0.41084874,0.079152584,0.89352655,0.40178257,0.29036975,0.1492528,0.24615905,0.12847441,0.17595899,0.46828905,0.25256854,0.8383876,0.23671286,0.2970009,0.36341512,0.08074954,0.24712035,0.71717644,0.83942926,0.35564715,0.85662305,0.7677311,0.91296256,0.063456595,0.4308574,0.35558635,0.41677955,0.91069555,0.7792427,0.48958117,0.44548965,0.7661845,0.74856603,0.6415124,0.54303163,0.8675667,0.336073,0.35192448,0.09883785,0.19196552,0.7233095,0.8368952,0.34985334,0.51145095,0.8036643,0.71383166,0.10400863,0.10924803,0.12779719,0.53705555,0.26860473,0.29064804,0.08698593,0.08700389,0.13980839,0.2898336,0.79173636,0.7939532,0.91725254,0.93130606,0.05181525,0.2462801,0.518481,0.75306773,0.4072653,0.3173473,0.76883614,0.33946937,0.41883954,0.73485696,0.09906539,0.64764977,0.24984092,0.46830463,0.04649225,0.39060372,0.5431502,0.4961406,0.60045534,0.0728861,0.2886742,0.648041,0.36052,0.86161697,0.11389266,0.30299112,0.7329674,0.529682,0.94311166,0.29135317,0.1970172,0.17480955,0.055421192,0.5454504,0.46033958,0.8447131,0.54434216,0.22397414,0.071528055,0.34518093,0.20154923,0.13698675,0.24432321,0.1559554,0.08456376,0.7779714,0.6055356,0.37100095,0.07495904,0.04464475,0.5223467,0.32140476,0.114472404,0.35875165,0.8495709,0.069984615,0.18821633,0.8210193,0.63942695,0.94866276,0.1956566,0.3097218,0.24322858,0.4213708,0.71192193,0.339217,0.48615232,0.04271725,0.7933507,0.42228112,0.3811317,0.7645588,0.36295667,0.15212584,0.075440496,0.20348965,0.29517365,0.9482504,0.51078236,0.031181395,0.47906238,0.1056425,0.5938083,0.56804526,0.2974535,0.38373983,0.68827534,0.42677402,0.58529365,0.44793218,0.13918567,0.061527334,0.08651467,0.18551439,0.47953033,0.5406637,0.23485854,0.39308077,0.19760592,0.25675517,0.8153827,0.17767513,0.3743307,0.1633336,0.38042355,0.19799575,0.46572477,0.12355784,0.18476701,0.29918373,0.55678904,0.56731415,0.84716797,0.08883021,0.649065,0.1166052,0.899954,0.118758455,0.2616033,0.30534506,0.07801196,0.045748312,0.850791,0.62600124,0.6367247,0.72211945,0.92586565,0.70177865,0.2897491,0.39210278,0.6185479,0.42134684,0.09475657,0.23724815,0.8639922,0.2354298,0.8468597,0.23649134,0.14273791,0.17875814,0.18499213,0.65709996,0.46765885,0.11247161,0.45642388,0.8566555,0.40943426,0.39200437,0.49141014,0.49923098,0.8115319,0.35640502,0.8632976,0.19830012,0.13835105,0.7027849,0.5527907,0.24302512,0.24740812,0.18299901,0.7119521,0.5830144
BC2026_Train_0008_S09_20250831_000000_50,0.060109667,0.7589468,0.5512972,0.33221832,0.081932336,0.5592784,0.41480875,0.4650368,0.2523889,0.20265818,0.4175071,0.6414788,0.21935035,0.077731,0.9187368,0.5020493,0.31871283,0.109032616,0.30154207,0.24588905,0.15597257,0.32395235,0.1868622,0.7275721,0.12467235,0.29393518,0.6501399,0.1820192,0.48770386,0.9214971,0.33459657,0.30198267,0.8849206,0.88809896,0.7015823,0.059693962,0.33490372,0.0701731,0.34352854,0.8111347,0.67720765,0.11865798,0.3106372,0.3733597,0.788803,0.43989265,0.47771195,0.41292202,0.10805142,0.12856646,0.33395147,0.0963795,0.6158906,0.3228632,0.1132665,0.53152615,0.9002878,0.9784261,0.03842896,0.15512648,0.3232479,0.3208081,0.2801053,0.110262886,0.05530314,0.7524705,0.21509147,0.35146666,0.7222394,0.9186828,0.6207446,0.8316379,0.13569678,0.43317598,0.3198635,0.9008646,0.22846538,0.13859372,0.58623517,0.5554528,0.43511146,0.5205914,0.05770883,0.68620795,0.3399685,0.29911697,0.061909568,0.2327063,0.26538777,0.458107,0.60752565,0.08260207,0.49810433,0.4833787,0.28308767,0.8962017,0.085225,0.2269449,0.5407576,0.3797804,0.5000337,0.1265567,0.18914977,0.20075437,0.09038703,0.42700619,0.20219114,0.516093,0.30826426,0.1723262,0.0518016,0.15532295,0.11770797,0.19518441,0.14414212,0.088213995,0.09144127,0.6114491,0.34044802,0.16676214,0.08874142,0.04054921,0.31432545,0.18663895,0.047459684,0.24362797,0.9283869,0.14836344,0.10551403,0.7924992,0.5898855,0.84678185,0.18684319,0.12956446,0.15697113,0.22680879,0.5994125,0.14449446,0.4748568,0.12801164,0.88883126,0.23691297,0.19424641,0.51974016,0.81182957,0.16403852,0.09531702,0.18944627,0.20547435,0.95575595,0.23020196,0.033933666,0.23400867,0.06443246,0.40395266,0.42288288,0.3496405,0.22261903,0.9375104,0.31838644,0.870976,0.29104418,0.341011,0.08921903,0.06072615,0.37411845,0.18324563,0.3063937,0.18791872,0.26841003,0.15249807,0.09042138,0.44993073,0.18143627,0.3407783,0.097283415,0.16157642,0.11131275,0.2822946,0.065014616,0.18140763,0.21183331,0.27667618,0.32447612,0.83009326,0.33335435,0.41714025,0.08811846,0.8843419,0.08881447,0.22748177,0.17708337,0.20445332,0.042158626,0.44229633,0.3365106,0.37201726,0.57465565,0.91995025,0.5450087,0.30094728,0.4123326,0.31630486,0.5327445,0.18380874,0.10835673,0.7869921,0.3080549,0.6174427,0.20924407,0.17036933,0.1332794,0.15083483,0.36421525,0.77162063,0.09084615,0.31284553,0.908275,0.24879088,0.22396213,0.28038013,0.32007635,0.56507033,0.121055976,0.9431376,0.14254308,0.081394866,0.7711667,0.4431389,0.092329085,0.6826215,0.27290303,0.65960026,0.31024686
BC2026_Train_0008_S09_20250831_000000_55,0.23022345,0.36193174,0.2234585,0.8147142,0.25823718,0.45400777,0.5380818,0.67995214,0.53910893,0.35730696,0.64141846,0.3923791,0.35861605,0.21143308,0.55267465,0.4191633,0.23172578,0.29959816,0.55579275,0.091860846,0.20823091,0.17556247,0.18750706,0.97123784,0.09120543,0.21718222,0.7279723,0.28936648,0.34874153,0.8288287,0.87022984,0.930786,0.88284004,0.9757328,0.6880667,0.360052,0.61079466,0.37905067,0.49750942,0.83765393,0.6101732,0.82256913,0.6609505,0.8706528,0.6616583,0.6909191,0.7560314,0.41016513,0.22514284,0.23368558,0.18805417,0.66544616,0.89781433,0.90812206,0.74712974,0.42426956,0.85218,0.7773292,0.19304393,0.052055687,0.23569655,0.5313938,0.30657506,0.2575531,0.114446655,0.56448233,0.08540104,0.086113706,0.5100303,0.64693105,0.7938956,0.9416106,0.20287576,0.2064771,0.4391177,0.8593805,0.5112092,0.3509996,0.85449314,0.54774594,0.33871043,0.5866905,0.1221619,0.644143,0.14931582,0.61989003,0.19317968,0.50687635,0.43661857,0.40329254,0.9506916,0.121404625,0.68106556,0.36193812,0.3020283,0.693162,0.11201456,0.389248,0.45650303,0.19127324,0.54071665,0.21887764,0.42406845,0.41251683,0.34770256,0.41907758,0.19847241,0.28025138,0.37444675,0.47061217,0.16960382,0.32807675,0.31516987,0.5967544,0.30132538,0.27049714,0.33440024,0.31231636,0.29253504,0.2716883,0.10298,0.16380548,0.3646345,0.28086177,0.11685808,0.44284344,0.8203201,0.42673093,0.28680143,0.41689438,0.33405203,0.8104676,0.47109896,0.2331343,0.37188697,0.5038328,0.31815803,0.31107843,0.27281418,0.36839855,0.9031983,0.33339328,0.3086097,0.63372195,0.324705,0.5155906,0.31394,0.2434542,0.29390138,0.8599975,0.21479657,0.09786275,0.34541768,0.23735341,0.44744575,0.5505551,0.44063047,0.13683265,0.863358,0.27300408,0.851196,0.6380304,0.25971156,0.3378219,0.22485456,0.8907621,0.1084538,0.40820742,0.37566078,0.507138,0.42499685,0.10072737,0.41089994,0.423778,0.6401733,0.25420424,0.26425058,0.35056216,0.30564356,0.05093588,0.41016656,0.50501597,0.32858092,0.4824145,0.5686698,0.33337206,0.61155796,0.3872072,0.9568776,0.24684896,0.3710525,0.25856897,0.09116276,0.098816425,0.43327802,0.42686477,0.36472094,0.79427314,0.48229718,0.28164095,0.54311174,0.31846845,0.27156395,0.7012583,0.27436712,0.18067873,0.92366934,0.36225545,0.73494935,0.45947596,0.48922017,0.143278,0.5459577,0.36119217,0.6888754,0.24187982,0.46270722,0.44565603,0.47889495,0.25677457,0.46275777,0.5418047,0.5364672,0.18652505,0.680951,0.44147658,0.23897272,0.39353144,0.29489118,0.24456397,0.6613743,0.40717202,0.61047316,0.37598002
BC2026_Train_0008_S09_20250831_000000_60,0.22952762,0.46943006,0.24784252,0.6550921,0.33677268,0.61690164,0.1338971,0.49702436,0.7603872,0.49494618,0.46836644,0.34483755,0.2277328,0.27667183,0.7076131,0.40733933,0.4144174,0.5631938,0.5288587,0.088702284,0.49970227,0.3027969,0.27680373,0.9260476,0.2710187,0.3752383,0.9501678,0.16828036,0.363894,0.9829823,0.8022765,0.4715289,0.59325504,0.92296755,0.8496202,0.28469837,0.29894054,0.1404635,0.5306085,0.843964,0.86995554,0.71323484,0.4904158,0.65174127,0.71618044,0.6290294,0.22572616,0.47639012,0.37547874,0.17373773,0.34500384,0.46040332,0.84441423,0.9463618,0.48849705,0.7788312,0.9601875,0.6428944,0.6295469,0.06848925,0.14309917,0.5775559,0.43766493,0.57621455,0.18300197,0.49056655,0.068504915,0.09397709,0.70327437,0.74587643,0.73999655,0.8463856,0.118388966,0.1157518,0.3147053,0.89508474,0.7446536,0.46408933,0.85944176,0.41220766,0.4584984,0.4207185,0.16182745,0.842875,0.04516208,0.63722,0.16628188,0.74235415,0.67504084,0.54193634,0.9763031,0.14550637,0.6075224,0.4169289,0.24576269,0.894366,0.19764313,0.36963564,0.5658081,0.32531047,0.47529882,0.5729208,0.63171816,0.2733852,0.2642499,0.4570074,0.2005074,0.49627727,0.5386327,0.47199416,0.2560513,0.36157626,0.16039395,0.5590991,0.43887895,0.2100187,0.33072156,0.34663934,0.46146193,0.26978698,0.03523525,0.27888852,0.3746822,0.4499073,0.08606909,0.29970512,0.8356145,0.20549735,0.11450458,0.45469296,0.54512703,0.9795208,0.30097187,0.16843674,0.7056198,0.5755867,0.3619864,0.34952706,0.1507875,0.25729832,0.86896515,0.25977236,0.40904754,0.6413077,0.66981566,0.42301127,0.144564,0.31499654,0.32916632,0.93123174,0.46465278,0.0512145,0.49900034,0.17337021,0.5677923,0.46120209,0.24657643,0.07973066,0.7927023,0.47147346,0.5288964,0.8689587,0.48356444,0.18949041,0.2008566,0.83756375,0.28038365,0.40279233,0.15052868,0.42908287,0.6740451,0.057728246,0.336073,0.25288948,0.66059256,0.06151625,0.21615696,0.6817728,0.42068738,0.07632224,0.39247525,0.43036264,0.4405539,0.819715,0.8017297,0.4610597,0.771057,0.3821591,0.96528804,0.20657033,0.45207888,0.39125896,0.063605085,0.23980415,0.6579658,0.66463685,0.62326324,0.50780034,0.5348731,0.51798683,0.44390917,0.33331186,0.251086,0.46092767,0.16963011,0.16440761,0.8919581,0.40587008,0.5630275,0.41887388,0.34638208,0.16898513,0.65842414,0.45832047,0.7495325,0.31884953,0.53318894,0.41729042,0.5192821,0.3676083,0.36150706,0.43984556,0.6254059,0.24509959,0.65627813,0.54070103,0.2561473,0.24847423,0.5001115,0.21632928,0.21015291,0.55685115,0.42468,0.4071939
BC2026_Train_0009_S09_20250828_000000_5,0.2981124,0.5515292,0.3695355,0.74049556,0.11441375,0.7612947,0.9167521,0.20419884,0.5224298,0.5879691,0.63374233,0.32601154,0.90743697,0.28619248,0.80045545,0.53899384,0.70798016,0.33732456,0.13744372,0.3382544,0.67024577,0.8450966,0.34552604,0.09309828,0.36611307,0.29172167,0.5097976,0.35732356,0.47506103,0.7858428,0.254151,0.2707371,0.99017,0.20615794,0.82247907,0.44866812,0.721714,0.27505156,0.21468721,0.58563936,0.6545539,0.29561168,0.45134422,0.9110897,0.34493026,0.73713386,0.13676049,0.10107921,0.17061856,0.18958569,0.05403506,0.78496015,0.05383382,0.108534634,0.19457954,0.75685596,0.92846036,0.48447526,0.17625186,0.49080312,0.43292564,0.69923335,0.5347464,0.46681145,0.39360243,0.8310393,0.44785523,0.5197738,0.77005565,0.59554267,0.47211626,0.18879044,0.34277165,0.9005751,0.3015592,0.9011042,0.26743507,0.4851246,0.98537076,0.7444618,0.3199907,0.4919202,0.26404852,0.8370851,0.28728193,0.26902488,0.52169603,0.11640617,0.48602268,0.153768,0.24842983,0.78336203,0.5439537,0.6467155,0.8703157,0.66440535,0.09939876,0.63662016,0.6305618,0.5207424,0.6095932,0.48738998,0.15264645,0.50129527,0.21712741,0.91424584,0.11322379,0.5220204,0.4403,0.13886589,0.1612446,0.5124633,0.136041,0.118002206,0.1360375,0.13037328,0.2569773,0.9198156,0.8427775,0.5640473,0.5828342,0.61834407,0.34471583,0.82220614,0.24729572,0.5632286,0.18046173,0.06784275,0.35038632,0.94651246,0.41664898,0.50314295,0.5131395,0.58267754,0.11255355,0.24490081,0.8727479,0.753535,0.70124006,0.2305753,0.91398203,0.7754456,0.3067608,0.53701735,0.9851409,0.1237485,0.44347525,0.71916425,0.6666231,0.17863148,0.5407145,0.09894862,0.5744787,0.11709674,0.41680557,0.2608277,0.85567915,0.20893359,0.92303336,0.7269801,0.7268251,0.059853327,0.5582162,0.08004291,0.090885624,0.07440512,0.8640615,0.64171606,0.31309962,0.6574187,0.97493374,0.68952465,0.21893047,0.6344192,0.9124449,0.37647748,0.6838771,0.4972244,0.12173782,0.1883111,0.74954045,0.6014477,0.5679931,0.65625167,0.9319396,0.7580339,0.74551666,0.16320223,0.60991776,0.49473953,0.05721409,0.30440083,0.23375292,0.33256912,0.5076493,0.4373742,0.44691533,0.36945057,0.8784001,0.73956144,0.20723356,0.2012279,0.09195633,0.5464514,0.33887404,0.15113401,0.7036687,0.19702095,0.23732391,0.71473193,0.09643084,0.6206134,0.37560028,0.4846974,0.59754694,0.24992707,0.23880911,0.840575,0.25954407,0.57180846,0.5199486,0.506252,0.6053814,0.23820394,0.953926,0.55000544,0.7239226,0.6186198,0.23107266,0.13759837,0.42988816,0.52445245,0.31756836,0.5275066
BC2026_Train_0009_S09_20250828_000000_10,0.4738437,0.47484607,0.2547831,0.8618804,0.34167773,0.6999016,0.7418307,0.68833256,0.79929703,0.91565907,0.8725536,0.19751555,0.9344547,0.2944992,0.64076805,0.5891448,0.25112346,0.41267473,0.5178083,0.44289654,0.2052587,0.71457946,0.49243072,0.6398713,0.43486923,0.104830295,0.6091478,0.6283715,0.5584284,0.6945989,0.7517614,0.7967851,0.9376708,0.65249443,0.42018265,0.98635554,0.7802901,0.72657394,0.68381774,0.851902,0.7653757,0.7991146,0.8119459,0.85260797,0.40463197,0.6529536,0.4388222,0.437869,0.9476037,0.51828104,0.5868774,0.98741424,0.58048844,0.26458842,0.8684995,0.5414101,0.6566869,0.6874738,0.48643905,0.23282444,0.18835583,0.6444875,0.5142354,0.19353452,0.34818304,0.56907207,0.34739947,0.3230055,0.7880478,0.3182869,0.9193822,0.415712,0.26663622,0.5731822,0.5728552,0.65639806,0.57340336,0.69113326,0.848873,0.45224875,0.3988642,0.37988496,0.47503638,0.28624102,0.46957427,0.89585483,0.6913873,0.6420584,0.38615417,0.4484142,0.366843,0.48062253,0.28036413,0.80213916,0.59800446,0.36030978,0.5260347,0.7129724,0.24801648,0.5946034,0.62973094,0.31340247,0.69863605,0.44330853,0.36194688,0.40556073,0.1739271,0.5375211,0.91351247,0.7286484,0.3505336,0.8541213,0.49117994,0.49720407,0.34792513,0.55950236,0.702368,0.70776904,0.62144417,0.7357236,0.59951407,0.59090483,0.88609684,0.85318756,0.31212556,0.6228118,0.45227343,0.30846992,0.73448473,0.7181173,0.39394104,0.32725793,0.43782318,0.8283552,0.44837976,0.38085055,0.82560945,0.8371141,0.63147223,0.41575944,0.63299966,0.5812277,0.5434885,0.74720156,0.56204754,0.17424864,0.6879828,0.78710365,0.61074305,0.32747495,0.4463336,0.25351217,0.8664395,0.4685877,0.48978597,0.6207421,0.8209317,0.5746145,0.7633914,0.52760226,0.6937968,0.383649,0.5094738,0.46667004,0.32462394,0.6751801,0.81498563,0.64686644,0.73745704,0.90695775,0.98261714,0.6634861,0.71852577,0.5018889,0.6107272,0.35725874,0.585134,0.38046068,0.42452127,0.3389501,0.82904506,0.6227567,0.69265735,0.81121147,0.6571176,0.6661906,0.55487895,0.48024565,0.27446696,0.69263756,0.22128478,0.83204365,0.53673697,0.6495645,0.7370182,0.4959912,0.7413951,0.7682301,0.3126611,0.667547,0.6315881,0.4926291,0.32006198,0.7634568,0.5215483,0.5495,0.6568637,0.46544546,0.37066883,0.33480203,0.42410636,0.62649065,0.6406585,0.49711078,0.58010566,0.40041935,0.7469436,0.4692613,0.6495718,0.57662725,0.73667955,0.39545578,0.67483926,0.698279,0.858606,0.58570784,0.55211514,0.55228424,0.26376617,0.603639,0.45659268,0.37034142,0.597977,0.43350893
BC2026_Train_0009_S09_20250828_000000_15,0.2703666,0.33942908,0.32185137,0.56837463,0.15945843,0.27733028,0.75267303,0.6117325,0.6656698,0.930145,0.81319654,0.36218524,0.7275269,0.21927702,0.90263206,0.31683028,0.24263342,0.35323006,0.517159,0.47762907,0.18009555,0.7367113,0.16210964,0.21347626,0.6115026,0.10222548,0.4927987,0.48494184,0.35081792,0.20599881,0.5337629,0.74389756,0.69469523,0.79732513,0.14463049,0.7896502,0.41439176,0.40727633,0.6388451,0.44503915,0.9005984,0.38387644,0.5318665,0.89467,0.47619462,0.47856462,0.3238324,0.31518883,0.6285941,0.4533469,0.44097617,0.48120883,0.2507997,0.4213348,0.68437326,0.52935183,0.5284323,0.26108867,0.66501296,0.257263,0.33195373,0.34211975,0.15906402,0.20461401,0.30829912,0.9907148,0.47942722,0.29315865,0.7264384,0.20820999,0.795741,0.2164591,0.3666917,0.41359615,0.42882532,0.45549297,0.8913964,0.63546014,0.76951873,0.2995003,0.201217,0.50695217,0.41608113,0.1531062,0.44796267,0.84347034,0.6677128,0.5947579,0.39051569,0.52954113,0.3425138,0.5843818,0.12413581,0.6913849,0.61490977,0.1605325,0.43874085,0.64728284,0.1661632,0.2939061,0.83090717,0.4438154,0.8550085,0.45202553,0.3680128,0.29124644,0.4061168,0.3298821,0.78885686,0.7955538,0.55159074,0.7556932,0.548586,0.8820387,0.56405526,0.54281443,0.7413007,0.7032106,0.47846445,0.7819195,0.45447335,0.56548536,0.80750597,0.67799556,0.379108,0.2344397,0.22168078,0.45567074,0.8522786,0.7001511,0.37612343,0.3491146,0.11518027,0.71666414,0.32601678,0.5416286,0.7483336,0.8702198,0.809299,0.91038,0.48956114,0.29884517,0.6186136,0.7579795,0.7532708,0.21512476,0.6186338,0.846027,0.60663307,0.25198683,0.5487261,0.31677693,0.89190006,0.35967213,0.41624528,0.5369561,0.64091384,0.5232836,0.73678887,0.5586828,0.36680555,0.5168562,0.635942,0.5419561,0.8533046,0.3908614,0.69866073,0.6275544,0.6807227,0.6484952,0.926057,0.317198,0.68270123,0.5499481,0.4797092,0.2577753,0.30385822,0.49475053,0.33264238,0.5450208,0.7736232,0.9438951,0.8936094,0.7526417,0.6009449,0.4207822,0.82267714,0.40269953,0.17608571,0.80572414,0.64439,0.898088,0.34405482,0.5909113,0.54175746,0.6146395,0.908901,0.7433151,0.18005198,0.74682176,0.6620196,0.3829162,0.77829057,0.6677892,0.41816348,0.5223886,0.4410158,0.36827147,0.84230685,0.43495172,0.4195618,0.485362,0.5965873,0.2692359,0.45757794,0.73828673,0.8794358,0.4569502,0.74910337,0.18566528,0.74467134,0.6817229,0.33071047,0.80120754,0.7940804,0.5360458,0.5347809,0.44477552,0.66560507,0.56843,0.34087956,0.1851851,0.37614462,0.54053974
BC2026_Train_0009_S09_20250828_000000_20,0.16900149,0.33757192,0.12962666,0.5302496,0.093314335,0.23116112,0.5896152,0.28129804,0.11865829,0.6214006,0.5572555,0.33128935,0.38223314,0.207796,0.78275824,0.21873054,0.11407289,0.12586805,0.15950045,0.2761004,0.572335,0.5419896,0.07945658,0.19342946,0.34099984,0.3661648,0.46330214,0.43932855,0.15397157,0.083399475,0.5462944,0.81725085,0.8401793,0.20537356,0.14788258,0.87406373,0.78236943,0.5718321,0.23129666,0.72456,0.38815472,0.4755131,0.31801724,0.4565069,0.2824015,0.3679384,0.66177857,0.38041103,0.77091956,0.34330112,0.1741329,0.2639411,0.55460745,0.46742934,0.43816316,0.29047984,0.47792763,0.053451248,0.37106898,0.2715109,0.2442356,0.3650766,0.21303415,0.24322194,0.16370487,0.6670328,0.26135963,0.14526653,0.67824435,0.29215652,0.73891735,0.22958523,0.39838177,0.6076983,0.5509628,0.61646575,0.8935088,0.5821152,0.7999685,0.19618657,0.11328472,0.44756234,0.404827,0.1486423,0.19841874,0.80232716,0.34647715,0.33363038,0.7056054,0.26403597,0.48187816,0.45680308,0.20059824,0.48600042,0.44985938,0.31495517,0.3769048,0.495946,0.2980845,0.19993907,0.98477197,0.41219205,0.93563247,0.66287184,0.55528104,0.59225965,0.61713356,0.40754533,0.70907915,0.63289666,0.38043302,0.4287635,0.65866625,0.8920124,0.46531835,0.38520306,0.47848284,0.60219276,0.64499664,0.72271776,0.47089195,0.41999528,0.9277203,0.5629208,0.36985183,0.14075592,0.13478276,0.20286956,0.692116,0.521322,0.13968845,0.7387703,0.121052,0.7253059,0.3197412,0.44257402,0.87626815,0.7434906,0.8477336,0.7693995,0.749138,0.4135065,0.77421296,0.43210846,0.3737325,0.29490703,0.3056547,0.60726845,0.58827055,0.1715459,0.51266026,0.3611464,0.9336563,0.33044767,0.26767796,0.46363807,0.7433696,0.47696638,0.701192,0.38409495,0.7341974,0.24332738,0.5820854,0.6813395,0.67203915,0.9237592,0.43478766,0.6079515,0.4647014,0.45253903,0.7703006,0.35949594,0.44539297,0.8447325,0.45377582,0.45129815,0.21050729,0.33064997,0.47330135,0.3743664,0.58996403,0.9663396,0.5882653,0.91999793,0.754174,0.6406938,0.9376192,0.4897794,0.31320304,0.7536802,0.950189,0.6500225,0.16644871,0.45724136,0.5595627,0.76023805,0.81700754,0.8275931,0.1345366,0.39002424,0.58075386,0.27408844,0.7645781,0.83376074,0.39208895,0.40954596,0.37294126,0.5285823,0.9752271,0.67914283,0.5150046,0.5921816,0.5026045,0.42852604,0.61307013,0.49879196,0.9462724,0.32381284,0.5242875,0.14502107,0.8355433,0.9289655,0.2803134,0.7706276,0.65505314,0.4910326,0.5407826,0.40930715,0.66122127,0.47592798,0.2873641,0.35958308,0.25499687,0.6230625
BC2026_Train_0009_S09_20250828_000000_25,0.20060515,0.17571816,0.274203,0.50714904,0.20758191,0.68772924,0.6895881,0.39181352,0.561906,0.66292536,0.7281079,0.62486625,0.38545656,0.35189998,0.82766294,0.3308931,0.13133883,0.23868567,0.26037925,0.27125692,0.53162766,0.7294502,0.089351505,0.258195,0.55920917,0.3145553,0.47399008,0.57028186,0.36684287,0.2436882,0.7201403,0.5910657,0.3627739,0.25572255,0.46599668,0.92061436,0.48664358,0.6306075,0.71655005,0.38170022,0.7274579,0.30393618,0.6390039,0.6632522,0.35736328,0.41133016,0.4149276,0.52240163,0.685411,0.28336355,0.33060282,0.22914177,0.2180969,0.20568138,0.6504235,0.526006,0.4262784,0.22551799,0.37220073,0.2853948,0.37229234,0.49263895,0.10223429,0.28019318,0.119430766,0.40149787,0.3176388,0.32465345,0.7786026,0.36372954,0.8959161,0.13816172,0.34458214,0.55132645,0.51666903,0.47466117,0.8644664,0.53300977,0.93549883,0.5431113,0.16671222,0.45492515,0.42985225,0.5910617,0.10865277,0.40854448,0.26703954,0.4095099,0.6874088,0.14043681,0.3711155,0.44807988,0.58929145,0.64343965,0.65065444,0.32871264,0.42853808,0.7477106,0.21088257,0.12864777,0.8032345,0.60284466,0.6187,0.42343962,0.49239683,0.6158914,0.3963349,0.3113088,0.6280676,0.41709083,0.21351236,0.5863154,0.43713018,0.5642483,0.41839176,0.30346352,0.56698465,0.85788095,0.6402923,0.6333404,0.28080076,0.20261997,0.6462448,0.50336003,0.50663936,0.08935637,0.2495746,0.25573707,0.86711323,0.7939142,0.22471823,0.65472853,0.5174345,0.5962817,0.5215625,0.41578126,0.53907365,0.9187393,0.81294835,0.52285826,0.7117127,0.5072322,0.7028334,0.25632125,0.6857718,0.22652727,0.2806235,0.71826446,0.9455396,0.37673867,0.5343059,0.1595672,0.85793155,0.32316983,0.3779829,0.37382972,0.85901093,0.26738602,0.8449997,0.644862,0.60712886,0.2169922,0.83623844,0.73995006,0.69343317,0.1560576,0.6490214,0.48952103,0.5032769,0.6556003,0.8314959,0.399411,0.30333638,0.7293161,0.43743235,0.26066473,0.36277282,0.36096674,0.4424272,0.3148613,0.7324898,0.820081,0.6079425,0.6011419,0.55740106,0.7484238,0.88907075,0.3156973,0.30083573,0.66092706,0.7685945,0.828138,0.32511544,0.36680388,0.41041362,0.44025958,0.7437061,0.7080834,0.53330976,0.39532804,0.55482554,0.4545564,0.2306206,0.8216909,0.33697593,0.43079883,0.32022834,0.4154145,0.9104794,0.8587505,0.32893515,0.5058317,0.7572564,0.417362,0.7700873,0.80366576,0.87922037,0.59272027,0.6333599,0.28545243,0.5180499,0.689811,0.34241587,0.7174573,0.7919934,0.4147097,0.8082483,0.66540873,0.51232666,0.39811182,0.6732141,0.18852933,0.23292035,0.6467926
BC2026_Train_0009_S09_20250828_000000_30,0.31229824,0.38062862,0.18998453,0.89053106,0.26062584,0.7553344,0.7394793,0.47191846,0.6011553,0.71741414,0.75232565,0.71998644,0.31177032,0.27972987,0.61143726,0.37180114,0.2554066,0.23085362,0.5330379,0.27861354,0.21317205,0.3285848,0.215572,0.31875536,0.34959865,0.49850833,0.384331,0.7840792,0.53275836,0.9611875,0.52837694,0.65563524,0.2011199,0.6655986,0.31960052,0.6521205,0.86319256,0.43053347,0.5504286,0.49723,0.24327078,0.19795646,0.80977416,0.9613653,0.38253736,0.60756874,0.39822495,0.64183295,0.851056,0.12507641,0.44732624,0.13904415,0.5379783,0.44165543,0.24102733,0.9249531,0.6973121,0.6522245,0.34507382,0.237445,0.18069732,0.6440363,0.14007892,0.17825423,0.16330177,0.8809112,0.4186503,0.52431715,0.92351663,0.52489865,0.8337734,0.19756693,0.34584755,0.3873254,0.30060002,0.5139564,0.71531343,0.6054486,0.9536755,0.76230156,0.3802691,0.5311727,0.20966962,0.8957629,0.08134815,0.40472025,0.48501056,0.16052637,0.71240795,0.23846537,0.358365,0.7791563,0.6188994,0.52984726,0.7487111,0.47986042,0.1444378,0.8679786,0.51485264,0.34327692,0.8147464,0.56597877,0.2916063,0.1510719,0.4024595,0.72646195,0.4050771,0.5446615,0.5467097,0.5643898,0.28681028,0.64186406,0.25096616,0.48385412,0.39446032,0.496173,0.55817777,0.84711206,0.85490966,0.45267522,0.23534082,0.4205788,0.60208845,0.7212949,0.44838965,0.19691953,0.50708646,0.42289698,0.6254113,0.9310968,0.4025498,0.37178594,0.6224857,0.39958692,0.5483662,0.3902514,0.6617031,0.81474894,0.74282044,0.42750835,0.69543004,0.45966208,0.3660578,0.2953434,0.703139,0.4263942,0.33549213,0.70559466,0.50949347,0.3605898,0.4496063,0.21750703,0.6810043,0.25510526,0.5048507,0.7075639,0.78544724,0.16079801,0.84871924,0.9256365,0.59898424,0.2530192,0.8513632,0.5259417,0.681092,0.46808714,0.72434896,0.3516435,0.5246911,0.65339917,0.73070145,0.43352672,0.32397872,0.6522498,0.3743384,0.19411793,0.39527708,0.30000794,0.37037396,0.24578877,0.6158085,0.5090302,0.3959307,0.47650135,0.7292944,0.8548465,0.6660197,0.517434,0.4618828,0.6688534,0.54235774,0.48819908,0.24938595,0.3820634,0.61941516,0.306027,0.5634196,0.6216092,0.74044716,0.8562045,0.72178364,0.32719713,0.104813606,0.8866824,0.5237023,0.5175111,0.5492031,0.2512021,0.43181694,0.7272562,0.5635027,0.32496417,0.76057184,0.59781563,0.88704,0.44460714,0.6460525,0.735337,0.49538213,0.7447531,0.41893792,0.44178927,0.41272795,0.44060874,0.9046497,0.49880484,0.7928275,0.63140416,0.51860416,0.39654464,0.70419025,0.21145904,0.37305868,0.6733922
BC2026_Train_0009_S09_20250828_000000_35,0.35609645,0.52331734,0.3530776,0.51454544,0.21715184,0.36055845,0.8049376,0.7951435,0.42947263,0.45235172,0.6951983,0.52604526,0.4621628,0.30858466,0.5497236,0.7345636,0.4216107,0.20564383,0.31782544,0.38986254,0.2911068,0.28854117,0.43399316,0.7237939,0.65341043,0.6009343,0.9771402,0.6824765,0.64041907,0.7380681,0.6406878,0.9135594,0.719653,0.49725384,0.22498652,0.9882268,0.6343039,0.675591,0.59790915,0.7775309,0.59094816,0.7576269,0.7419704,0.94160855,0.6903558,0.78340554,0.6247647,0.43363518,0.7674546,0.25105274,0.50548005,0.61545455,0.7958876,0.6205252,0.8166039,0.74201727,0.6640725,0.20135081,0.22243991,0.40923285,0.33282644,0.40593404,0.30402946,0.3847568,0.43531686,0.933061,0.39077944,0.37037766,0.80232495,0.30256742,0.7421622,0.6635109,0.6799791,0.33112872,0.28682196,0.7144344,0.7413794,0.6181029,0.7294711,0.5000682,0.62182236,0.47107935,0.32150364,0.7618406,0.22984025,0.8361465,0.7517688,0.21066836,0.86422056,0.41944766,0.46992064,0.74090815,0.47901043,0.51074487,0.6281183,0.31978756,0.19024879,0.6514274,0.5009821,0.6418917,0.9863937,0.64378434,0.39138556,0.28810936,0.48700368,0.46815437,0.513513,0.6244626,0.74919534,0.9448931,0.6368933,0.5874585,0.49484652,0.5332982,0.5027313,0.6482148,0.4978192,0.39216524,0.9293287,0.51658905,0.33911502,0.5375292,0.65281904,0.7337961,0.47487938,0.6349536,0.58236253,0.6159203,0.6923207,0.6737902,0.24947007,0.4898718,0.21346152,0.649914,0.5335469,0.48363805,0.55750537,0.8245801,0.5319252,0.6180122,0.9379363,0.53548914,0.41198754,0.58229494,0.31707186,0.5760303,0.48386806,0.43910307,0.6126598,0.2975983,0.57051563,0.41782552,0.5615929,0.40629464,0.6250971,0.85042346,0.70156956,0.24458715,0.79559207,0.68654156,0.6302661,0.4746844,0.38794053,0.6582881,0.8327552,0.8883059,0.35463566,0.47584486,0.8487061,0.85178936,0.6189099,0.56751454,0.42364037,0.9208479,0.77287054,0.36232024,0.3769853,0.42602098,0.6779616,0.17132106,0.82405615,0.5057783,0.41690183,0.5168277,0.73854077,0.87546873,0.66544807,0.76173496,0.5790269,0.4179932,0.67261314,0.38708067,0.4043405,0.4965143,0.81573117,0.6379552,0.6312187,0.90118134,0.498497,0.51229984,0.8225684,0.36924243,0.309171,0.7564671,0.747499,0.4925403,0.7361833,0.38918447,0.42870313,0.7446831,0.82526827,0.51434624,0.70443535,0.59241086,0.64640456,0.5109421,0.58947206,0.3386435,0.7560432,0.69631577,0.66380775,0.58668345,0.59156203,0.5981837,0.82435894,0.585462,0.7720138,0.6342498,0.4691612,0.45993996,0.43128437,0.45919323,0.52543294,0.8116906
BC2026_Train_0009_S09_20250828_000000_40,0.33519274,0.39067718,0.52559495,0.14488971,0.31515974,0.08819689,0.6010766,0.94993174,0.5666448,0.227361,0.31451064,0.18171501,0.38475066,0.18568784,0.38863283,0.7652352,0.16617498,0.17158183,0.2649916,0.22399716,0.2671998,0.3044399,0.38816637,0.39290416,0.263101,0.29701388,0.89588904,0.30970532,0.4845196,0.5901339,0.07237919,0.7180524,0.17364919,0.07271518,0.22967675,0.43961066,0.085517675,0.5424439,0.113380685,0.41931403,0.777755,0.2505386,0.4244939,0.6006301,0.8074902,0.5530925,0.22492369,0.47378838,0.49889857,0.1519587,0.42050448,0.20741326,0.3374365,0.52529025,0.3292742,0.5862458,0.7085433,0.62717533,0.09068872,0.1920083,0.5865729,0.48062485,0.23080435,0.21851909,0.5310757,0.40011364,0.25462693,0.189457,0.373675,0.12799561,0.34467268,0.73020124,0.6735047,0.38594395,0.40176105,0.6205095,0.4610188,0.22508165,0.21832597,0.12537542,0.59182256,0.29959172,0.2089214,0.44048294,0.44591254,0.5077908,0.50364566,0.50342834,0.65392053,0.11842558,0.69256914,0.4215158,0.35849786,0.4564662,0.41203493,0.32021934,0.55378354,0.31158108,0.4767015,0.54311246,0.7233552,0.489026,0.3150708,0.1834344,0.31941187,0.43937695,0.19714695,0.24076104,0.5283617,0.9480375,0.5245047,0.29084542,0.71946025,0.24042389,0.16238666,0.35518673,0.19917533,0.20896918,0.62288415,0.20146993,0.20834316,0.17462948,0.27271575,0.41908103,0.26547587,0.6783916,0.9110812,0.31459343,0.4408294,0.47294533,0.09036119,0.43847305,0.049896397,0.6916121,0.31385678,0.29094714,0.30949688,0.68804646,0.23840466,0.3671592,0.83579576,0.23966631,0.20577878,0.4819926,0.43810123,0.5467546,0.33688718,0.2995277,0.6820924,0.7272338,0.38005072,0.92923737,0.23386669,0.2088324,0.35045147,0.710801,0.337026,0.08682548,0.6168754,0.37715524,0.685293,0.3889857,0.12235072,0.5537097,0.2522747,0.6007391,0.18949434,0.52200454,0.4102913,0.7546638,0.28685528,0.42264837,0.23978803,0.6804966,0.94316274,0.24977991,0.20730561,0.20926647,0.57760966,0.12848517,0.87286305,0.36898464,0.41443205,0.19701001,0.35239428,0.5933243,0.31518525,0.82397807,0.6458826,0.44607896,0.6020982,0.17221737,0.37289906,0.25308117,0.61174893,0.664129,0.4166553,0.68098915,0.62686217,0.23199481,0.7642839,0.11672544,0.15490156,0.84732497,0.95054114,0.1227672,0.6706933,0.20440388,0.67439127,0.6086411,0.24962105,0.33379626,0.29387927,0.21549945,0.6353312,0.22028649,0.4429029,0.18607515,0.9783672,0.29257318,0.4622056,0.41353044,0.6851506,0.51362085,0.7762356,0.24519801,0.3438903,0.3135876,0.27641946,0.5192458,0.19918379,0.7664781,0.5135914,0.509707
BC2026_Train_0009_S09_20250828_000000_45,0.12744191,0.7883958,0.6033078,0.6823529,0.4105973,0.04137817,0.38102114,0.9553458,0.15678895,0.42632353,0.3527186,0.356726,0.44721138,0.15633914,0.5060832,0.5349295,0.2256808,0.215087,0.23658791,0.31066057,0.17062831,0.11251253,0.5665554,0.37602785,0.17259115,0.28505942,0.9140928,0.15874258,0.20705596,0.29262063,0.059000224,0.6855091,0.5346124,0.1946705,0.62797916,0.38058895,0.35650444,0.10473691,0.1224013,0.93100053,0.7514085,0.36452907,0.78023946,0.37784043,0.8961086,0.17843819,0.7999257,0.44605893,0.4298383,0.037828106,0.69766253,0.07453074,0.0807115,0.40661994,0.29222804,0.32410163,0.58369076,0.63018817,0.18613467,0.109708145,0.66140497,0.6949047,0.3116428,0.18811598,0.6661967,0.6423092,0.21863696,0.1018596,0.19222835,0.15222958,0.2026155,0.5971637,0.676414,0.21503575,0.69118476,0.47543603,0.22540876,0.14591786,0.16232195,0.14707887,0.48553878,0.27345923,0.18171433,0.59324634,0.43943566,0.41870797,0.16077885,0.9253776,0.5908386,0.02533675,0.74394166,0.34069148,0.7106768,0.78704345,0.24888754,0.44000524,0.8186859,0.3298946,0.7033738,0.34484845,0.7572105,0.28197384,0.44732416,0.062454663,0.22801057,0.18087816,0.17669311,0.1920141,0.25948662,0.93964183,0.28064167,0.18910044,0.5156505,0.17039084,0.051411413,0.20735982,0.0436486,0.36199784,0.7117852,0.031576835,0.12278291,0.18017104,0.16575876,0.43590313,0.11929554,0.7611067,0.9962312,0.13246128,0.3615902,0.48520064,0.16338682,0.6692891,0.049278438,0.5579437,0.09802382,0.08801021,0.43466398,0.36532074,0.06549585,0.095835544,0.7359039,0.17139947,0.13243982,0.17782879,0.19995266,0.79447186,0.35157675,0.33834067,0.9398267,0.9115334,0.37108213,0.9975437,0.24928279,0.22294843,0.28310513,0.6027565,0.35999912,0.047977753,0.7706666,0.27669802,0.95856607,0.48495412,0.1598434,0.23819786,0.091085,0.80632544,0.37881184,0.71249056,0.1402491,0.5887405,0.36952144,0.61342436,0.11624108,0.4527999,0.9597844,0.07201345,0.15227777,0.15159546,0.29629618,0.06132042,0.7229507,0.31749225,0.57130075,0.0796954,0.34274602,0.56102806,0.34270513,0.91637135,0.7239922,0.50241137,0.16285816,0.08270116,0.73415565,0.18775487,0.35676068,0.6835458,0.21761414,0.46661276,0.8409493,0.33438998,0.5692098,0.09260465,0.08853468,0.8274996,0.8906748,0.050747775,0.6792369,0.10178152,0.60998094,0.51412916,0.15851307,0.06495758,0.27901775,0.17203903,0.18243313,0.28747982,0.54117274,0.051677667,0.9886135,0.3749715,0.35331255,0.12173048,0.605829,0.37026846,0.89266,0.14912067,0.11117892,0.28164428,0.24648717,0.569704,0.3427964,0.6719581,0.6010045,0.25648752
BC2026_Train_0009_S09_20250828_000000_50,0.20037198,0.44592702,0.57089806,0.43732688,0.14410889,0.1063551,0.49535587,0.5750704,0.5904294,0.42949122,0.49167264,0.6112243,0.49754846,0.13042757,0.33671647,0.23985055,0.31802976,0.09322935,0.13231675,0.09031284,0.3866585,0.30729392,0.36652976,0.26207703,0.4883073,0.15762311,0.7315221,0.41455376,0.08807409,0.17562631,0.1316957,0.9304045,0.61797345,0.12076081,0.7260865,0.6289435,0.4913574,0.41433346,0.15562494,0.43377817,0.6279355,0.5196769,0.68624824,0.12060811,0.7664472,0.076621935,0.82604814,0.6022861,0.51320887,0.040316425,0.65901864,0.15566114,0.24902138,0.2794472,0.14564198,0.35373187,0.5243267,0.40774274,0.18289492,0.24789847,0.5588924,0.42228022,0.1827971,0.1251522,0.57393414,0.16664754,0.09707342,0.28973633,0.17086264,0.24652886,0.32551056,0.84126025,0.36638874,0.21049447,0.71262443,0.67802036,0.21483567,0.17146647,0.35088924,0.13413975,0.34408927,0.5175803,0.28565532,0.7254039,0.24651714,0.5450342,0.17924356,0.9049642,0.5269275,0.025823668,0.72612154,0.56327486,0.7408751,0.8496692,0.4015305,0.22185308,0.5897379,0.3123901,0.66812706,0.12754294,0.8967205,0.07079361,0.40936136,0.1631642,0.33329958,0.24929708,0.68818164,0.21755487,0.13718534,0.8406149,0.17552432,0.3970558,0.47115356,0.39474362,0.043247707,0.25117213,0.20801902,0.24930961,0.79591703,0.093946844,0.12084639,0.5354543,0.32988775,0.27129483,0.43951774,0.53345007,0.8952216,0.2413114,0.82022405,0.51411784,0.16680914,0.64111406,0.171164,0.39420438,0.14402181,0.21971327,0.2768669,0.48015693,0.103015184,0.15571785,0.85039276,0.42594266,0.5556794,0.1867978,0.23044291,0.6174645,0.27502134,0.2004726,0.974465,0.7618439,0.23857093,0.9052496,0.37998313,0.28671932,0.34077168,0.4651606,0.6814195,0.091457725,0.67010295,0.0720593,0.9895283,0.5080651,0.292931,0.3591782,0.17712581,0.8722639,0.5398982,0.6879021,0.32006305,0.62861764,0.32965702,0.666986,0.3403498,0.6873994,0.6519321,0.17091534,0.5638824,0.35382634,0.53363234,0.095828265,0.5685383,0.33463055,0.52928346,0.43145806,0.3748126,0.6072478,0.6870773,0.526992,0.5856095,0.40629917,0.25500774,0.12368812,0.72880566,0.13216148,0.2882772,0.69523865,0.35425556,0.7625712,0.9410146,0.22011459,0.48571396,0.13429049,0.3122213,0.4926654,0.9529217,0.12883586,0.48371327,0.27598357,0.7861643,0.6547581,0.48143548,0.03779144,0.52628255,0.17097008,0.30514687,0.30323493,0.5911409,0.049165644,0.9079239,0.48178732,0.7384449,0.21819852,0.2430901,0.16282997,0.8439096,0.24526872,0.24949096,0.40129912,0.39719343,0.5154735,0.31821018,0.43537,0.7288333,0.48040593
BC2026_Train_0009_S09_20250828_000000_55,0.22338527,0.15762821,0.32083002,0.5256698,0.2638225,0.41088825,0.46921796,0.31476706,0.22319621,0.6901045,0.50122213,0.63900745,0.41129136,0.12413765,0.33827806,0.35443598,0.13986212,0.2919535,0.11642153,0.13186431,0.2676258,0.20283863,0.34982866,0.33558944,0.42812002,0.36547816,0.87806237,0.4988445,0.25787902,0.17760767,0.42174745,0.9807601,0.68601215,0.173551,0.5857874,0.3836422,0.5276983,0.5123552,0.74756956,0.3906514,0.62447155,0.40353012,0.7657572,0.33629298,0.33306655,0.19156107,0.38334,0.68557394,0.53063554,0.12498091,0.29074588,0.42159578,0.70983183,0.7750602,0.6952964,0.5066711,0.30524975,0.10352762,0.5435798,0.15751848,0.39250958,0.26988918,0.10806267,0.11693325,0.2678964,0.63937205,0.18464074,0.43039858,0.42813075,0.087676674,0.8074076,0.94580257,0.46633726,0.26190236,0.7124013,0.53190935,0.67085207,0.37636632,0.50014395,0.4249245,0.46309692,0.6359906,0.29573187,0.57968295,0.2629149,0.51172984,0.5449457,0.60777926,0.738639,0.110824764,0.52116185,0.3944083,0.54165405,0.6266861,0.21315597,0.27815902,0.4060429,0.38177466,0.38879412,0.114455745,0.8588721,0.17025097,0.79450786,0.42252624,0.64508533,0.33601213,0.75665104,0.37250286,0.3054759,0.7995597,0.39749008,0.6955897,0.7914573,0.69829714,0.18282643,0.36854613,0.6148149,0.2692083,0.9298687,0.4890706,0.24094778,0.42605847,0.6096522,0.3131969,0.7081177,0.18120742,0.24570477,0.668643,0.97629166,0.8021395,0.22373483,0.6885333,0.26506522,0.42899948,0.42408124,0.5117519,0.2807491,0.61737734,0.2861397,0.36877865,0.71249866,0.46099007,0.6836513,0.5120727,0.18100439,0.3651296,0.36203426,0.34044594,0.61111414,0.22335348,0.17648676,0.34173107,0.54865915,0.5855891,0.54999846,0.65219116,0.6284133,0.3134554,0.37736696,0.07696064,0.6765775,0.44684494,0.4216499,0.46766013,0.47848803,0.490045,0.6370806,0.57266665,0.7965312,0.4177022,0.45542908,0.36574048,0.72373486,0.9239056,0.27952886,0.33212292,0.5492667,0.32725817,0.6667675,0.22417656,0.39985514,0.78563774,0.36926872,0.75664747,0.53016424,0.37945253,0.55976254,0.44662958,0.711981,0.73167646,0.6368158,0.52927,0.32153398,0.2947522,0.603791,0.6627755,0.4650408,0.96001506,0.65714633,0.43679714,0.74366915,0.29269683,0.18223727,0.5931359,0.7102903,0.28957957,0.61206555,0.4669389,0.94855213,0.53212804,0.44394553,0.09639986,0.52902985,0.48569125,0.67060316,0.8925046,0.7520055,0.11717215,0.6559527,0.59918296,0.80892146,0.5956809,0.29964203,0.30010384,0.49608868,0.52802277,0.55270004,0.5864226,0.2285859,0.38634545,0.3309163,0.3579415,0.6402617,0.8039323
BC2026_Train_0009_S09_20250828_000000_60,0.2475357,0.17326865,0.3325776,0.36958468,0.50965625,0.31299645,0.8038001,0.6220305,0.88792413,0.974169,0.9148197,0.6942619,0.8026743,0.2824702,0.64793134,0.1997353,0.27231187,0.67512286,0.37239748,0.48672187,0.47909516,0.34832585,0.6213781,0.35874295,0.4712296,0.32084626,0.66369665,0.46006364,0.40234184,0.071195886,0.49621314,0.9164543,0.75684845,0.36040074,0.3494758,0.51445806,0.8521251,0.7609308,0.8734679,0.27843767,0.80612695,0.79344136,0.84373045,0.8043971,0.33800536,0.18546733,0.1619809,0.35543782,0.7958787,0.25497028,0.65099883,0.5147087,0.16625348,0.5373422,0.7278116,0.77832687,0.27731496,0.42906013,0.53151125,0.10301167,0.66153336,0.6028542,0.16761878,0.3740075,0.32560492,0.8373923,0.56745857,0.1362565,0.58105826,0.09875229,0.96858335,0.9136225,0.6226958,0.26416373,0.853238,0.5768204,0.8282248,0.6180265,0.15514915,0.38475633,0.18143865,0.25040185,0.64373124,0.78145266,0.35307145,0.8681765,0.94053537,0.7839715,0.86882496,0.36350065,0.1851613,0.4956149,0.8146031,0.92316604,0.3817725,0.80120206,0.69404435,0.6542717,0.3791026,0.14549099,0.751951,0.6689985,0.9852292,0.3753624,0.6346055,0.61692804,0.45769006,0.6297885,0.66352654,0.37644607,0.2194044,0.7388941,0.7205107,0.48855528,0.34453666,0.74936676,0.96980417,0.80164456,0.9935249,0.8517917,0.41228467,0.38234442,0.51157933,0.68000734,0.52700907,0.27882114,0.0448505,0.6714423,0.94090843,0.6862198,0.07058083,0.37948465,0.75930524,0.59283984,0.4830883,0.3755731,0.7647035,0.9069355,0.3968901,0.9770713,0.94544995,0.62374306,0.2532771,0.40414417,0.5239034,0.5837649,0.5687275,0.851061,0.7863686,0.09640379,0.48763794,0.25863135,0.24962512,0.5307936,0.35976166,0.49028206,0.68882835,0.23102422,0.13383228,0.3786647,0.68650395,0.6530044,0.90156364,0.92059577,0.32498395,0.98630375,0.24861625,0.4219362,0.81741774,0.6139263,0.9393516,0.4312126,0.6351242,0.835155,0.22356588,0.5306672,0.4952975,0.55282325,0.23549595,0.4021498,0.74933255,0.8935039,0.088964164,0.5912814,0.44872084,0.5607884,0.3881004,0.6938716,0.74648106,0.9440979,0.626992,0.92407495,0.34480083,0.35775405,0.609581,0.59013975,0.24006882,0.96206117,0.24021289,0.59779036,0.7002977,0.6739385,0.09052904,0.7816092,0.5881371,0.14970589,0.5205624,0.17745242,0.9145194,0.7146287,0.6830406,0.21263693,0.76290274,0.37690157,0.36231995,0.935797,0.8823031,0.1748102,0.78597486,0.350742,0.7604469,0.51856846,0.8124541,0.8068229,0.22335564,0.6702363,0.61802053,0.8558874,0.37411058,0.5580442,0.7999959,0.5471903,0.56115836,0.7065725
BC2026_Train_0010_S09_20250828_000000_5,0.1290427,0.5895859,0.28043714,0.2283772,0.11992967,0.46864164,0.61758494,0.1429375,0.5572338,0.8251779,0.25506186,0.3330639,0.15177709,0.114968345,0.66396034,0.13813245,0.12118216,0.5857165,0.1659098,0.17221233,0.18152082,0.14583257,0.039344087,0.104921624,0.16517745,0.6319437,0.34988743,0.66569686,0.4142102,0.766981,0.11466947,0.33743572,0.1456854,0.056519777,0.67804706,0.47628927,0.23748375,0.06236753,0.0627477,0.12747917,0.42976248,0.094209865,0.38723168,0.081165984,0.18620184,0.3438049,0.63402313,0.28958565,0.30181152,0.05105348,0.107869044,0.111221224,0.12159103,0.103288084,0.05030573,0.7354394,0.28367868,0.34507698,0.22504334,0.21139666,0.36949217,0.33281523,0.07818723,0.07671875,0.19276229,0.6479241,0.32968706,0.43458262,0.8173815,0.5622828,0.14480385,0.05868546,0.24861938,0.15293458,0.2988958,0.83728075,0.62663436,0.5549135,0.60351175,0.25535262,0.13882524,0.098687336,0.07480867,0.4772613,0.1761989,0.25739893,0.65979993,0.7807704,0.24077833,0.05870208,0.71182466,0.7346874,0.09521141,0.74215364,0.6140119,0.71478534,0.05759792,0.45205414,0.72276706,0.058776416,0.19228655,0.2222619,0.49844223,0.09732504,0.12704262,0.45078385,0.27157646,0.0137858335,0.016408332,0.6802187,0.018988332,0.59445184,0.56452847,0.6721508,0.09263,0.5710648,0.094679415,0.42997384,0.3779407,0.05409375,0.2366648,0.55809456,0.19876543,0.08610785,0.15630586,0.19033518,0.29938826,0.3502621,0.23009554,0.79651,0.11852147,0.046213545,0.23949233,0.10322422,0.030855916,0.0462725,0.5125026,0.5888935,0.83139265,0.7582296,0.3561781,0.54801214,0.11544433,0.15604313,0.21107331,0.42550206,0.28141272,0.44847113,0.45403123,0.6648277,0.016722748,0.8369818,0.5711237,0.6760621,0.45829892,0.56505436,0.8948131,0.12896708,0.5348315,0.6076979,0.38648397,0.4253031,0.9142479,0.40810567,0.07811307,0.4095888,0.9163729,0.04287892,0.07965805,0.06926063,0.46872598,0.45607597,0.11276303,0.48777205,0.6264399,0.5321973,0.2563577,0.13296431,0.2943003,0.08657183,0.32016265,0.6042954,0.07205083,0.14908998,0.62197876,0.023825418,0.20467895,0.23616977,0.13623807,0.64876556,0.2055048,0.15282466,0.6246948,0.10755783,0.23215875,0.40482855,0.07150642,0.17285565,0.6376779,0.70973945,0.7736187,0.07170552,0.11128625,0.7001678,0.74746406,0.31401682,0.5373204,0.07497925,0.43785274,0.78128827,0.5560268,0.16462854,0.092053965,0.3891179,0.9485278,0.70566505,0.5709884,0.39387822,0.8323847,0.1575602,0.8848754,0.50348395,0.066939585,0.2929694,0.4335896,0.035828486,0.08374667,0.024364252,0.14011416,0.22893962,0.13044666,0.05215875,0.16984189,0.33676696
BC2026_Train_0010_S09_20250828_000000_10,0.17339385,0.17163256,0.50554466,0.18754777,0.25556967,0.49005628,0.37566775,0.1165857,0.3155293,0.8575356,0.11062963,0.56795156,0.115723014,0.36824757,0.8136109,0.071860455,0.20459992,0.49111384,0.32950056,0.6168115,0.115096964,0.4357361,0.0801634,0.223261,0.63083005,0.7518531,0.17359374,0.52642757,0.4724282,0.5719124,0.81117404,0.8664656,0.4129246,0.10636927,0.4005103,0.44486862,0.16855335,0.23489234,0.15426579,0.10386464,0.1425719,0.23443642,0.52775496,0.24082726,0.06828652,0.4301621,0.30450082,0.47502562,0.58644384,0.11502208,0.22249791,0.26663256,0.15764078,0.7455636,0.34425235,0.83859587,0.17211592,0.37747788,0.27695164,0.48358214,0.26650155,0.59543747,0.2299451,0.28627878,0.26302615,0.54135454,0.3254645,0.6308218,0.8558406,0.533401,0.6667986,0.071456335,0.3221094,0.18506213,0.5047021,0.5682161,0.77553904,0.59782636,0.4543568,0.44918904,0.53552884,0.22446269,0.20809641,0.3056346,0.36597633,0.2487885,0.40755796,0.24623698,0.23636177,0.26017126,0.440067,0.41803885,0.19075584,0.7517613,0.49887997,0.5571418,0.033332538,0.5087177,0.2887057,0.16114086,0.42128128,0.12952667,0.68186176,0.35023022,0.58084655,0.19016731,0.74978125,0.06724146,0.11736265,0.20936292,0.099522315,0.8288806,0.19696815,0.33523065,0.32484895,0.5860703,0.061079912,0.516496,0.60763013,0.27909225,0.4473819,0.4872308,0.62755096,0.35657996,0.17778394,0.14391121,0.2672671,0.23702681,0.5351897,0.87042654,0.36236948,0.2714461,0.5133709,0.112193845,0.081878915,0.1900349,0.5396711,0.44950658,0.840261,0.48894447,0.44594902,0.45706224,0.72926176,0.5174169,0.07267802,0.17238396,0.35011017,0.5148712,0.55444586,0.5288749,0.17582744,0.3747214,0.80749476,0.51848614,0.39872563,0.7964922,0.9120013,0.46020776,0.4223644,0.5143423,0.11980589,0.26162612,0.72408605,0.5956177,0.114610896,0.57438433,0.95189786,0.1977489,0.06570041,0.06758606,0.29004753,0.38150716,0.15126446,0.19355723,0.25625375,0.6415354,0.27186906,0.30150807,0.7677783,0.37670988,0.27909416,0.28948918,0.24242043,0.6835103,0.70529056,0.08185217,0.59900534,0.06129735,0.24768957,0.5620041,0.7080739,0.27408546,0.35430837,0.10910932,0.5522708,0.6415784,0.2828651,0.2294426,0.6311077,0.86167336,0.3514061,0.15475246,0.47705346,0.64754987,0.2537754,0.4233461,0.2745835,0.35954767,0.36979002,0.47417805,0.27851468,0.3201831,0.04216827,0.81621873,0.74555224,0.48417467,0.62229866,0.44605625,0.37925518,0.48661986,0.8120725,0.23669463,0.08379346,0.36894083,0.7141565,0.09702158,0.28152743,0.15555523,0.36562467,0.10948925,0.10865329,0.36096025,0.39824635,0.52702916
BC2026_Train_0010_S09_20250828_000000_15,0.48826665,0.3103039,0.7383661,0.5336182,0.32181925,0.5792842,0.5825358,0.22425821,0.43748188,0.98998106,0.33258897,0.5156791,0.2855859,0.38443613,0.73800504,0.06168373,0.4589823,0.8109058,0.13620824,0.57428044,0.2867984,0.6558007,0.29958662,0.22757486,0.703989,0.61283004,0.41597736,0.35840952,0.13588023,0.19316372,0.50262225,0.82466763,0.20640165,0.27794343,0.35003585,0.3404168,0.4121616,0.4629088,0.50406164,0.412045,0.91122186,0.60637665,0.6419453,0.45207298,0.1574294,0.3353527,0.48626822,0.51738226,0.7291124,0.168183,0.4296217,0.49172395,0.4151157,0.8119408,0.60839033,0.8413036,0.16908658,0.35698295,0.75413716,0.45037457,0.5882884,0.39761025,0.39035845,0.44308352,0.1433307,0.7423289,0.23871858,0.59969556,0.56536984,0.55208176,0.7346786,0.27318543,0.13080053,0.31210428,0.3076724,0.3015621,0.48897916,0.49966657,0.29064217,0.2114982,0.49196213,0.6298233,0.39248282,0.37804645,0.32773906,0.16124406,0.20609629,0.30966818,0.12426201,0.46145815,0.6109806,0.20820448,0.16650987,0.35150826,0.24758527,0.66364634,0.10640103,0.22163175,0.2687297,0.25401667,0.7140659,0.14465556,0.8144393,0.6650299,0.77112234,0.3342358,0.53793705,0.24718484,0.36850673,0.18762356,0.27254885,0.7397586,0.17220607,0.396806,0.5532994,0.4984948,0.09503414,0.49244428,0.529439,0.4760809,0.29024002,0.25256467,0.53025305,0.20472078,0.45174456,0.48438662,0.59911084,0.41606355,0.4217102,0.5759711,0.32618755,0.6835474,0.3155058,0.30464005,0.23501597,0.5044323,0.5048442,0.15249151,0.6208968,0.5576689,0.3035866,0.51030666,0.8007016,0.5713315,0.5690305,0.23080117,0.21110229,0.76277554,0.25892004,0.27499145,0.43478733,0.4768923,0.3699199,0.7988708,0.32908392,0.2766433,0.7465228,0.35014594,0.16723889,0.23886108,0.1056564,0.28105003,0.25010353,0.45723498,0.32947183,0.39623988,0.76882,0.15818635,0.24124205,0.06531633,0.58924514,0.46967077,0.24675927,0.20590699,0.3912234,0.5138892,0.38312823,0.23888746,0.3278926,0.33016592,0.1622036,0.43300998,0.26310796,0.6990024,0.3963735,0.1510844,0.57396996,0.08790541,0.18403316,0.93413055,0.7780963,0.35107392,0.3795696,0.42284855,0.3562675,0.46020293,0.23196507,0.39788064,0.45573527,0.72095776,0.2833509,0.48116976,0.32699782,0.18390995,0.29976138,0.47204584,0.21005842,0.40986118,0.44097257,0.69194674,0.2118204,0.10521516,0.133292,0.4447324,0.7880745,0.9761415,0.76341534,0.27429467,0.45444012,0.2965312,0.81048656,0.39615208,0.21270883,0.52943766,0.6327404,0.31877393,0.293015,0.383223,0.3905474,0.12662604,0.056999855,0.6193999,0.24142824,0.29869336
BC2026_Train_0010_S09_20250828_000000_20,0.46289855,0.054789457,0.63241696,0.5894268,0.27400273,0.34124708,0.70737755,0.4689119,0.12732613,0.9856833,0.5236608,0.7304493,0.17862645,0.20583792,0.6441709,0.120605126,0.5186276,0.8217031,0.16511038,0.24733104,0.2953099,0.8195708,0.4797777,0.22279292,0.36395603,0.4220881,0.21138333,0.34985292,0.14726557,0.22617337,0.2932757,0.87944114,0.5978411,0.19192052,0.54518,0.2794893,0.5897298,0.3235339,0.28683224,0.0693602,0.9600852,0.6641781,0.77660084,0.16281173,0.24347025,0.6066879,0.6547522,0.6216722,0.82334936,0.20188919,0.46815655,0.31184912,0.38901213,0.6269697,0.49238947,0.71305984,0.22364518,0.94887006,0.86462736,0.44239774,0.65349114,0.27292985,0.65442777,0.34303632,0.15007392,0.23506725,0.15509005,0.29616392,0.43063647,0.16808659,0.6080738,0.22550672,0.20168273,0.49342203,0.40816814,0.33582565,0.4247458,0.45454752,0.5581024,0.20634004,0.19715017,0.66591644,0.3503868,0.43375206,0.32706594,0.16688478,0.40445355,0.7433077,0.2563579,0.32261032,0.68060744,0.5003239,0.19413325,0.2377043,0.26270574,0.6580397,0.2538705,0.22713278,0.45232278,0.102486566,0.57341594,0.13662401,0.7222948,0.60973793,0.5761746,0.44671673,0.65747356,0.24610433,0.2786992,0.6289836,0.4243938,0.7391248,0.3845321,0.8633052,0.6209897,0.73597825,0.16750416,0.40852886,0.6335137,0.3764857,0.21879709,0.3483221,0.38204563,0.17509845,0.48197478,0.5746668,0.5525261,0.44909993,0.5642106,0.5578657,0.16773823,0.61165214,0.28718448,0.5235219,0.19345742,0.36077595,0.2960822,0.13098095,0.3198349,0.6396266,0.37767154,0.5328762,0.5851954,0.30335325,0.11250677,0.5663724,0.22188273,0.8628974,0.2803502,0.4813795,0.44566345,0.80142653,0.43083268,0.7598709,0.2569728,0.26317632,0.6614803,0.34850514,0.28219122,0.36371922,0.9487134,0.36285025,0.24930775,0.39157712,0.38815945,0.72672486,0.52429926,0.35192323,0.35507882,0.17014748,0.8039776,0.52624834,0.30460936,0.4515398,0.59769386,0.19572145,0.2960725,0.4294298,0.25419882,0.20675707,0.082983665,0.8190607,0.3810025,0.56820387,0.27112752,0.24235618,0.45890594,0.25610274,0.123979524,0.9870686,0.45032972,0.15573736,0.6296725,0.70338655,0.31497473,0.40592343,0.124285914,0.49055654,0.46259838,0.5450104,0.5687242,0.5598744,0.14130616,0.15780938,0.6864883,0.14693017,0.5843903,0.31011564,0.5022614,0.85958624,0.47686517,0.13396297,0.22244275,0.5016808,0.63419783,0.9748138,0.78084064,0.17325276,0.7669153,0.16901383,0.73421633,0.9138969,0.21942933,0.47026098,0.47712624,0.1912511,0.3572675,0.21996677,0.23363435,0.250902,0.117583066,0.6405933,0.2592144,0.31632715
BC2026_Train_0010_S09_20250828_000000_25,0.5704776,0.24560171,0.6442449,0.80674326,0.38215417,0.4455623,0.42064798,0.29176718,0.5121787,0.9933631,0.41812348,0.81486344,0.3789205,0.42413247,0.636469,0.3281229,0.6936389,0.78892314,0.21197176,0.19207454,0.62133586,0.87625146,0.4149239,0.6961267,0.73241794,0.56242925,0.35857287,0.34640878,0.40075016,0.33907598,0.7883137,0.81836927,0.28396282,0.665604,0.3625059,0.65991485,0.6244997,0.56854427,0.3891292,0.24110189,0.70633256,0.94919825,0.5172115,0.39432487,0.4079586,0.6591073,0.7243879,0.4750409,0.97184443,0.15466842,0.21441415,0.39747277,0.45207006,0.75056005,0.57947624,0.6753439,0.2618481,0.9404037,0.76949835,0.42636672,0.40355998,0.51399374,0.44950086,0.49525887,0.43493938,0.40452433,0.11621563,0.49606436,0.506927,0.105898485,0.7347437,0.41628706,0.2833503,0.48262858,0.43610588,0.38543987,0.6986999,0.5559128,0.6815715,0.14643613,0.3077226,0.7619109,0.31330097,0.724488,0.39317483,0.27269083,0.32637876,0.646477,0.7099167,0.5070417,0.7678858,0.888473,0.44844842,0.27150384,0.44409645,0.7483094,0.22410738,0.29938287,0.27590466,0.18487075,0.5665045,0.4188083,0.89113164,0.553595,0.6279652,0.5314855,0.67312086,0.41753423,0.4026155,0.6599819,0.41935697,0.627506,0.6819471,0.69127893,0.7308594,0.62309515,0.28866082,0.6631875,0.58876145,0.3884047,0.36376703,0.31850302,0.52788955,0.39483634,0.48054403,0.63292944,0.35187614,0.4290835,0.77820575,0.8161861,0.2693484,0.65437496,0.21460599,0.40527397,0.24599704,0.346249,0.43499315,0.288815,0.3135199,0.3679219,0.76865363,0.43686622,0.68248963,0.3792901,0.4852344,0.76031256,0.3661155,0.71393424,0.21589315,0.38284296,0.5646734,0.5997988,0.591152,0.43619946,0.47649878,0.46985054,0.64717543,0.49823594,0.27603886,0.23533069,0.47294927,0.5491363,0.3421039,0.2753648,0.4842958,0.8318989,0.7433436,0.18246785,0.4558544,0.12490234,0.7288938,0.5528811,0.24753292,0.7540355,0.72671664,0.28810573,0.42647654,0.36341196,0.6400745,0.3169269,0.14107648,0.8417555,0.63029695,0.7505839,0.46328914,0.50979006,0.5037595,0.15323225,0.26950955,0.993775,0.48830706,0.28057265,0.53199273,0.52749205,0.61071455,0.68821824,0.2907341,0.62414515,0.4562958,0.5195099,0.59283924,0.8102162,0.06780314,0.50407004,0.59897864,0.20514286,0.73477185,0.59548134,0.48306417,0.4330356,0.32440382,0.14062384,0.12153732,0.5916271,0.80602205,0.8603351,0.6834697,0.27513725,0.61487836,0.3695069,0.58463645,0.87803185,0.46005726,0.55905414,0.69208795,0.3449074,0.26202804,0.2565956,0.3471017,0.39291406,0.25915083,0.827013,0.45318228,0.6326482
BC2026_Train_0010_S09_20250828_000000_30,0.41758308,0.23816276,0.3876161,0.42729443,0.27749258,0.58172804,0.44617504,0.30016777,0.34651905,0.8319993,0.5321686,0.7600837,0.5332265,0.42650118,0.32654423,0.20382929,0.5341797,0.7530066,0.31731337,0.44034123,0.52394426,0.44499892,0.40468302,0.2768178,0.6684104,0.43173206,0.3924129,0.5133363,0.26542088,0.15866226,0.35991436,0.7492033,0.6191812,0.24367008,0.4461913,0.36640424,0.24798048,0.20685801,0.47919267,0.18859227,0.980842,0.45171523,0.79389846,0.29244876,0.3645393,0.25188446,0.4691867,0.6625478,0.72957826,0.087349355,0.4756316,0.7212405,0.374041,0.5608463,0.7904203,0.7495911,0.17773458,0.67042994,0.7356559,0.5917519,0.46554434,0.48225045,0.2041755,0.24661747,0.3404182,0.5002545,0.26729554,0.7319255,0.31349,0.09059383,0.60284775,0.41897994,0.12266692,0.51455486,0.61683756,0.39403844,0.4967193,0.25915956,0.50385606,0.18967587,0.20412305,0.63200104,0.12964492,0.38906872,0.24946898,0.59898436,0.34892464,0.5340868,0.29459098,0.3927796,0.58313066,0.5631235,0.28667554,0.33180928,0.3006608,0.3705821,0.23923151,0.41037327,0.23425615,0.05255404,0.42309976,0.3625154,0.8023205,0.37176025,0.6688068,0.48921782,0.7274786,0.20884797,0.19666204,0.4493438,0.24773714,0.7773583,0.48808277,0.64515316,0.2574329,0.34229714,0.20699874,0.5437789,0.68371725,0.21242341,0.2785413,0.23440915,0.42225564,0.18393442,0.5916458,0.34972388,0.29127085,0.443642,0.5884304,0.74952364,0.06663655,0.5852703,0.4505512,0.09184371,0.24536431,0.4200284,0.31897497,0.63251066,0.094621286,0.35117,0.5654032,0.5804192,0.45769238,0.21753691,0.22557142,0.5761166,0.23951262,0.5696132,0.1822662,0.18378416,0.48658222,0.4901299,0.23499951,0.48269212,0.39098138,0.20306152,0.5617124,0.17024651,0.37196648,0.08603999,0.40507656,0.37782067,0.15678436,0.5458902,0.2639477,0.2561349,0.8615434,0.3147359,0.5375223,0.0927438,0.5569032,0.45119894,0.417768,0.51644367,0.49659485,0.28898394,0.21393743,0.5613427,0.5631586,0.31239468,0.098230004,0.39522883,0.3809179,0.50345075,0.25976402,0.30451235,0.64512086,0.23084362,0.2631439,0.932934,0.41789904,0.090212956,0.5008179,0.20768745,0.444193,0.51261586,0.13959846,0.7323823,0.403543,0.38934612,0.6428782,0.44345468,0.06961295,0.47223252,0.66178274,0.31125793,0.56505454,0.6088439,0.23843458,0.47595036,0.30165052,0.23786443,0.27041948,0.21286017,0.6774164,0.9932393,0.7563666,0.09297456,0.6780913,0.18913072,0.7945008,0.7859254,0.31244427,0.559825,0.59885573,0.3647722,0.28218496,0.25233847,0.21821275,0.14491802,0.07627631,0.4773028,0.2767334,0.64871395
BC2026_Train_0010_S09_20250828_000000_35,0.15161237,0.41175306,0.4901563,0.70053077,0.18521625,0.44553888,0.9134035,0.69367707,0.40949082,0.7345823,0.61461616,0.5779997,0.75953543,0.39824528,0.40118796,0.3026033,0.47912383,0.5569641,0.47326404,0.76305115,0.19737586,0.8820403,0.8177852,0.44754428,0.6305217,0.5040805,0.9102955,0.38547528,0.26391864,0.16698143,0.19913673,0.87936115,0.88102496,0.44076926,0.44846648,0.68460274,0.34907827,0.13695157,0.35289496,0.33331335,0.8559722,0.5379999,0.85341954,0.12945716,0.5709322,0.14588065,0.66787696,0.81871915,0.53398806,0.105938524,0.594383,0.5205448,0.25440484,0.2769335,0.25071162,0.8512099,0.3791229,0.50356674,0.78289175,0.6807369,0.957556,0.611403,0.2944225,0.19005997,0.50989956,0.83413243,0.51568365,0.6678208,0.10121408,0.14026676,0.3316902,0.4174012,0.12143716,0.4365253,0.8467698,0.443964,0.27426657,0.059710503,0.7144266,0.36908197,0.10894973,0.31816876,0.17326352,0.2997663,0.43456042,0.5460675,0.30415604,0.896165,0.0890875,0.13484068,0.7479943,0.47804552,0.27832314,0.32039547,0.501456,0.22342853,0.4036829,0.40017802,0.6803652,0.053991463,0.3640327,0.07544333,0.6053008,0.30460456,0.7797148,0.7772052,0.44773936,0.3070134,0.12994482,0.58553076,0.12922148,0.82260525,0.27564585,0.5638226,0.039852854,0.50789165,0.2053416,0.33957565,0.35997266,0.08500135,0.5677059,0.51426125,0.33048955,0.06540235,0.5668191,0.39109623,0.6525713,0.5801225,0.37957367,0.62205553,0.057042893,0.18135008,0.39551127,0.088181585,0.30083787,0.12036958,0.46333253,0.81512046,0.07183283,0.39066237,0.5524396,0.45095488,0.09397459,0.11521418,0.5679012,0.7582079,0.07303556,0.43781602,0.55108404,0.50740474,0.3561191,0.86956227,0.09365289,0.58010375,0.5515507,0.20287204,0.4231426,0.086466685,0.64257735,0.1917775,0.9555638,0.35803103,0.2894891,0.56060344,0.07119277,0.47952005,0.6313579,0.37066358,0.18975502,0.23009709,0.7581098,0.59245,0.38850647,0.3542586,0.545696,0.32801715,0.06335383,0.48589897,0.19699046,0.2128177,0.078733385,0.28315067,0.1814923,0.1506468,0.28956437,0.18289456,0.43121934,0.27677804,0.1477502,0.82475686,0.16185543,0.119131535,0.9331516,0.24649355,0.11863488,0.18016624,0.18639874,0.40871042,0.75571096,0.27141055,0.3134566,0.37625307,0.13346702,0.30632553,0.9159353,0.2551701,0.26586977,0.62727654,0.22850022,0.5153482,0.5008988,0.23663095,0.43017447,0.024168335,0.7935631,0.89532274,0.5833441,0.020148084,0.8821478,0.12506492,0.7581599,0.56550395,0.22873214,0.38694024,0.6154132,0.48690438,0.40054786,0.4300354,0.15922695,0.13184577,0.12730953,0.32133532,0.3009377,0.29439428
BC2026_Train_0010_S09_20250828_000000_40,0.28825244,0.53084624,0.47200555,0.50267684,0.11426784,0.22028793,0.83443415,0.67693937,0.15507776,0.8223517,0.28581166,0.49106553,0.5532477,0.23406553,0.49683595,0.42905986,0.3918484,0.42097658,0.16300383,0.42053097,0.22364432,0.5705454,0.68324363,0.11727354,0.39785486,0.49032295,0.90299404,0.40662658,0.480783,0.5377691,0.19975266,0.54537785,0.66322845,0.51879025,0.31590527,0.762164,0.10732627,0.30653745,0.19304073,0.3833862,0.5788822,0.17731431,0.6238427,0.40130207,0.644487,0.06346734,0.1156881,0.6002174,0.6198889,0.07585694,0.67406005,0.2503404,0.16613495,0.16964006,0.24116775,0.8096659,0.21592133,0.1283516,0.7884448,0.49362108,0.7738614,0.52409214,0.21078546,0.1335039,0.51050675,0.25987995,0.4979841,0.5011695,0.27457133,0.25733757,0.26863292,0.25683036,0.0673784,0.43172836,0.8082173,0.9004575,0.39194775,0.048553083,0.79225624,0.43612742,0.068728514,0.17780179,0.09124638,0.5677472,0.29227507,0.5403683,0.17955348,0.6913183,0.038342018,0.056795232,0.6941687,0.5334225,0.21874276,0.48228437,0.706738,0.38884586,0.28842056,0.21604006,0.6617408,0.24465126,0.5229793,0.085978925,0.67341125,0.534112,0.7221787,0.8178323,0.30037975,0.43334433,0.19480583,0.67907447,0.35444534,0.63028896,0.31101063,0.6659317,0.057573255,0.44199646,0.13562743,0.3578052,0.25549287,0.07822314,0.6194156,0.82041144,0.25277287,0.06783737,0.49840754,0.19802092,0.6376941,0.4978165,0.42858198,0.58130336,0.23209709,0.22487304,0.24844185,0.09393525,0.31043386,0.08803719,0.7652401,0.8265729,0.20903471,0.20175782,0.34086788,0.3346992,0.106791824,0.18614617,0.9468038,0.7712234,0.098029345,0.63417906,0.6818758,0.61302,0.24873132,0.8365506,0.33052582,0.9175225,0.47421622,0.3228569,0.5902256,0.18830954,0.9109458,0.10846718,0.83952093,0.2580639,0.2818659,0.44759333,0.087897226,0.5416346,0.5366387,0.44513655,0.104129255,0.20806897,0.74685,0.34813356,0.336581,0.51762414,0.4771769,0.54324657,0.13252485,0.3447761,0.09615038,0.31664258,0.04152875,0.2786957,0.15224963,0.12917408,0.6601337,0.121570855,0.56037676,0.21989301,0.26641655,0.8675045,0.25234437,0.19543394,0.8211198,0.47852278,0.08653949,0.14406183,0.118865654,0.3854772,0.7860986,0.40869868,0.30571145,0.20830148,0.19814147,0.09577775,0.7458459,0.23825854,0.15795681,0.6709864,0.25645593,0.51706433,0.57139593,0.51657706,0.23726392,0.045807295,0.77047175,0.6688963,0.41864443,0.06948507,0.90713537,0.04454483,0.7931278,0.5656455,0.30645627,0.33396137,0.76615,0.49571583,0.24625844,0.32456863,0.10714572,0.15706381,0.3745104,0.28217357,0.24745098,0.23695642
BC2026_Train_0010_S09_20250828_000000_45,0.4768077,0.43375117,0.4752503,0.36861914,0.31191903,0.38924572,0.4573966,0.39312017,0.4895736,0.93453413,0.35276443,0.4019875,0.16573662,0.42344666,0.39001107,0.29116178,0.42375934,0.71771705,0.08429238,0.44642174,0.4217224,0.3632098,0.91991246,0.40935087,0.7093584,0.45084208,0.7155466,0.537318,0.56468856,0.5138688,0.28748062,0.87731016,0.5820774,0.5559553,0.4988675,0.57661873,0.55496657,0.4619038,0.6466062,0.7670891,0.9041848,0.30327755,0.6868416,0.38615066,0.18142548,0.16344306,0.56392723,0.70982987,0.6582492,0.1789602,0.6084343,0.66345906,0.69094694,0.830672,0.57868236,0.8409253,0.217529,0.27915147,0.5690877,0.56604755,0.34073377,0.18968934,0.33485943,0.23650572,0.40790302,0.5135068,0.32385683,0.6757933,0.31488317,0.35448343,0.49906236,0.47280952,0.14226532,0.2849508,0.6857356,0.7714176,0.6240864,0.057879034,0.42955428,0.44848144,0.13232242,0.23529176,0.20831421,0.6453177,0.1679309,0.25331482,0.04860106,0.39604324,0.09167164,0.07686417,0.6289996,0.30549252,0.24037653,0.66700757,0.6160021,0.109935105,0.3789186,0.37946302,0.1630646,0.23690735,0.53654665,0.26961392,0.5795135,0.40534848,0.6394676,0.43776762,0.61136687,0.27102426,0.28118744,0.42592722,0.34089303,0.7216579,0.16663629,0.3677987,0.18003675,0.19508609,0.35515207,0.17072317,0.22677451,0.22488731,0.45816916,0.30496508,0.26340783,0.07094124,0.66730416,0.1382846,0.3511548,0.6453662,0.5591793,0.5899992,0.14271441,0.2757163,0.46820056,0.20122989,0.18702033,0.32747316,0.6211083,0.49658042,0.12501886,0.29477036,0.36327904,0.45626783,0.12593015,0.5783865,0.84783006,0.5687153,0.19100332,0.64921343,0.4835258,0.19035831,0.46638882,0.301293,0.21200633,0.79414797,0.4899702,0.16939345,0.44941285,0.43123382,0.66978824,0.07821667,0.18329021,0.2785629,0.3263247,0.40845978,0.21101822,0.24822539,0.748646,0.5329108,0.1340096,0.15624043,0.26231363,0.25682414,0.53351873,0.33171642,0.3084997,0.43547988,0.11879063,0.5182631,0.26422936,0.26594943,0.14356072,0.54033506,0.27833468,0.33067578,0.694592,0.1225248,0.4554757,0.19734508,0.20874059,0.6955737,0.29899606,0.2477616,0.28776377,0.23943834,0.30071282,0.22300121,0.19599734,0.44434682,0.42779708,0.3745997,0.37297714,0.3666625,0.21599685,0.14535409,0.5455593,0.22284111,0.359349,0.6507685,0.37850142,0.34760648,0.2712022,0.3955841,0.22021537,0.15409265,0.7745361,0.9624549,0.4162203,0.2563002,0.49125004,0.087174535,0.58509743,0.35484552,0.39022982,0.30758142,0.5912454,0.4653932,0.35093272,0.5196798,0.15629558,0.09982844,0.13302718,0.65461063,0.19426051,0.19524878
BC2026_Train_0010_S09_20250828_000000_50,0.4331296,0.22831932,0.54501593,0.28107983,0.20206526,0.31561482,0.47984016,0.31499678,0.26997498,0.9087745,0.42525917,0.7452082,0.0946074,0.29362345,0.31543708,0.10854721,0.22438098,0.67374086,0.21610719,0.43570858,0.59236646,0.17602111,0.7773087,0.3563326,0.5665042,0.24286106,0.3444202,0.60808855,0.17852673,0.2271105,0.16599506,0.87129396,0.33896872,0.43517327,0.6333947,0.24171175,0.3946061,0.41056842,0.5424506,0.3220333,0.8290676,0.24166729,0.75053537,0.2771589,0.11528383,0.32569075,0.4619469,0.84387326,0.77000344,0.12249921,0.5381487,0.507324,0.6498084,0.6485413,0.572094,0.7104229,0.09358142,0.5189638,0.7641388,0.603771,0.343844,0.23788908,0.1597589,0.15559256,0.41814584,0.53753936,0.20736066,0.5434518,0.33924925,0.103305295,0.45496058,0.44821244,0.1315786,0.16267332,0.4538775,0.62667453,0.66810584,0.1822695,0.4541334,0.33562052,0.14361046,0.4213742,0.12981811,0.23189571,0.17920697,0.31177336,0.162068,0.36491197,0.041056186,0.08616601,0.6828581,0.4548199,0.20381665,0.44688636,0.57988894,0.06847333,0.3069914,0.3997184,0.21863943,0.21220703,0.43760163,0.2477979,0.88109124,0.35505825,0.67978907,0.15404421,0.64225864,0.13311219,0.09492217,0.58617246,0.22259769,0.6350564,0.41540545,0.39607137,0.09623933,0.27330688,0.23124933,0.21353737,0.20278363,0.17480162,0.12614916,0.1830337,0.24185234,0.097169146,0.6082349,0.17162001,0.37649447,0.46913713,0.6823547,0.50781524,0.07424108,0.20669138,0.3202465,0.19510615,0.11191031,0.32271975,0.29517895,0.56189764,0.28693497,0.33947712,0.4741904,0.56979036,0.13879588,0.4838602,0.3235823,0.40275985,0.47488937,0.53288084,0.27399814,0.12892908,0.27843755,0.3060003,0.10404511,0.6195854,0.20208134,0.06990047,0.5893687,0.19875127,0.48499954,0.10763782,0.20731816,0.20107198,0.18982622,0.6748421,0.3146472,0.53101903,0.83646023,0.20521446,0.27260384,0.14596327,0.28435066,0.2577971,0.37769914,0.29207274,0.21486798,0.37902433,0.15697277,0.32166648,0.14752641,0.26414096,0.3802052,0.4959706,0.22236322,0.34422398,0.30237144,0.09928052,0.49517643,0.1415418,0.2542319,0.8426553,0.4240334,0.08032215,0.29084712,0.1356864,0.3419584,0.20288178,0.07783969,0.677825,0.35341406,0.28089157,0.5030462,0.2708044,0.115992755,0.23028587,0.603276,0.16799656,0.29442883,0.5266689,0.43474382,0.6453936,0.29812986,0.33831358,0.45114768,0.11804151,0.69238085,0.9992816,0.7565247,0.18239343,0.613327,0.088818505,0.80388904,0.24445888,0.15108466,0.23099554,0.76081836,0.26846045,0.4266113,0.41027617,0.20215541,0.06923504,0.018186834,0.63388693,0.16168174,0.43601692
BC2026_Train_0010_S09_20250828_000000_55,0.44130778,0.26421708,0.560506,0.79275393,0.21764717,0.25344202,0.7710564,0.5941372,0.35259145,0.8743008,0.42653078,0.8509078,0.20568195,0.2951341,0.6115067,0.28370088,0.3371706,0.54515344,0.56194234,0.2529875,0.36645758,0.6084086,0.6988164,0.12942131,0.70207226,0.42902863,0.64521205,0.52228856,0.13838811,0.13076025,0.2229515,0.9015905,0.23158354,0.39542755,0.7746046,0.30207527,0.6068264,0.6180035,0.41811004,0.21388617,0.774922,0.73227763,0.92493296,0.18870434,0.23215488,0.52365273,0.45480514,0.7560296,0.8971384,0.108686656,0.47914287,0.36781853,0.85488105,0.630337,0.6311736,0.6828302,0.18394274,0.88730097,0.8029394,0.40339792,0.6489366,0.3343109,0.27498347,0.2703905,0.4072315,0.55326617,0.2563863,0.30348018,0.3913015,0.086366236,0.43908358,0.6709776,0.051512934,0.16024289,0.36290395,0.3771096,0.53602993,0.10021329,0.7024287,0.33025134,0.21868652,0.4234187,0.029716274,0.13709265,0.37883478,0.45605612,0.4826791,0.8763499,0.042333104,0.16953093,0.77796453,0.61792666,0.35459098,0.28537858,0.4176237,0.24068916,0.46084714,0.33054656,0.78966033,0.08523765,0.3665058,0.080437504,0.8495506,0.3058372,0.6236623,0.38643795,0.62590325,0.2056837,0.13648754,0.8541838,0.16019946,0.5837984,0.44323516,0.5668819,0.061369978,0.8249594,0.12874651,0.4157005,0.40286338,0.39603227,0.14078212,0.38144153,0.21698631,0.13733931,0.48885334,0.5952765,0.5262519,0.426955,0.41009623,0.7093116,0.22559288,0.094158396,0.12552544,0.5332141,0.13677773,0.49577302,0.46854067,0.42995912,0.09591764,0.42770684,0.4008146,0.68254995,0.09257521,0.15418896,0.46667403,0.67901564,0.52874756,0.40967435,0.4653351,0.57178456,0.09423795,0.88485,0.12774332,0.42186448,0.29218295,0.23771647,0.46514654,0.10125187,0.47293317,0.09515315,0.9928663,0.26715183,0.07973494,0.5692964,0.16610616,0.48615125,0.663136,0.17495987,0.5393668,0.38536042,0.75315154,0.43884516,0.2701878,0.40488428,0.5535985,0.13700461,0.14505944,0.093328685,0.25602353,0.28235266,0.14752097,0.7330152,0.23471959,0.25966233,0.111864686,0.29297403,0.6042933,0.13259634,0.15710893,0.90774786,0.20827225,0.06062992,0.76746726,0.17065966,0.24568933,0.14298297,0.048568763,0.5467882,0.6631454,0.562395,0.52349806,0.34250283,0.11400542,0.27993518,0.9281542,0.16136572,0.47777605,0.47918457,0.50049555,0.9296653,0.71729267,0.30081016,0.5049329,0.238528,0.68443274,0.93675256,0.8558932,0.1437373,0.9356135,0.07743964,0.9444734,0.44162565,0.15353478,0.3148126,0.6389391,0.1010218,0.19230288,0.33470523,0.26992434,0.22855252,0.026181418,0.26081383,0.3299008,0.65869296
BC2026_Train_0010_S09_20250828_000000_60,0.54247475,0.11826746,0.7484553,0.37532893,0.17295966,0.3138296,0.89771974,0.49211377,0.2119101,0.9664352,0.17229503,0.707322,0.122417085,0.70513123,0.6903498,0.29528725,0.21442384,0.8879063,0.53876776,0.17828858,0.31835335,0.694361,0.87475145,0.124722645,0.28466105,0.40681195,0.63109946,0.4991173,0.5919137,0.10544565,0.117262885,0.9427655,0.5043589,0.3683527,0.8595666,0.21644884,0.34109122,0.24513547,0.34497216,0.093004614,0.8972635,0.3453932,0.79719996,0.1904894,0.08228813,0.5605384,0.36997962,0.21734928,0.9065231,0.16863012,0.42143255,0.5315806,0.5051991,0.8498219,0.41203552,0.7734692,0.06650449,0.7934082,0.8740272,0.24222332,0.46635196,0.072909,0.40652722,0.19103312,0.53815985,0.6280025,0.5944864,0.41014713,0.5030354,0.3276167,0.5432726,0.5512809,0.015140002,0.5605926,0.27610695,0.2929504,0.49698514,0.092311665,0.47095215,0.24509075,0.2259836,0.6673124,0.019649707,0.35804397,0.12716934,0.38948393,0.32621723,0.8266802,0.14287914,0.4205206,0.4104669,0.6797718,0.11752787,0.2946179,0.72869086,0.3501429,0.20214948,0.3083793,0.9890083,0.14249933,0.39266583,0.11281088,0.3633189,0.4888193,0.541711,0.754356,0.87013334,0.56926566,0.38396794,0.8254893,0.50016457,0.29764083,0.1010185,0.3813604,0.13181229,0.96111715,0.291529,0.12518425,0.7251568,0.5749155,0.40696144,0.2951877,0.21237603,0.096812755,0.36408418,0.7198124,0.4227245,0.5050858,0.21517682,0.6175389,0.44327393,0.18940386,0.11430923,0.5431846,0.0976128,0.30358142,0.6647105,0.09017012,0.15552458,0.12916107,0.18940581,0.7063589,0.09858996,0.23846209,0.6596098,0.6630186,0.18599498,0.6076374,0.2864713,0.68429685,0.049013585,0.9148375,0.4770906,0.2808123,0.32748187,0.35607457,0.38795912,0.11607001,0.24455243,0.3080289,0.74402344,0.16260666,0.0234075,0.26038176,0.18584955,0.17175682,0.4952073,0.17768225,0.50462574,0.15694165,0.83477706,0.22153449,0.30930886,0.3317154,0.53735745,0.100790516,0.046532504,0.0951785,0.27154738,0.28068733,0.029965416,0.70603037,0.24098416,0.22693291,0.22045873,0.30873334,0.79666877,0.19309229,0.070801,0.70861554,0.19970012,0.06633592,0.8175049,0.28085992,0.23465914,0.29761663,0.16900486,0.7305654,0.5744059,0.4550119,0.49258333,0.34914058,0.50494474,0.23247309,0.86120486,0.08027309,0.4077616,0.20360196,0.8388208,0.9972917,0.7171575,0.38013875,0.35686874,0.1762248,0.63534254,0.935446,0.53013337,0.10935201,0.94351244,0.09530145,0.79482496,0.5556629,0.16817918,0.2473292,0.13510081,0.13329199,0.19929269,0.5553521,0.41174686,0.21624151,0.069844164,0.053836666,0.07878333,0.3741961
