row_id,1161364,116570,1176823,1491113,1595929,209233,22930,22956,22961,22967,22973,22983,22985,23150,23154,23158,23176,23724,24279,24285,24287,24321,244024,25073,25092,25214,326272,41970,43435,47144,47158son01,47158son02,47158son03,47158son04,47158son05,47158son06,47158son07,47158son08,47158son09,47158son10,47158son11,47158son12,47158son13,47158son14,47158son15,47158son16,47158son17,47158son18,47158son19,47158son20,47158son21,47158son22,47158son23,47158son24,47158son25,476521,516975,517063,555123,555145,555146,64898,65377,65380,66971,67107,67252,70711,738183,74113,74580,760266,ashgre1,astcra1,bafcur1,baffal1,banana,barant1,batbel1,baymac,bbwduc,bcwfin2,bkcdon,bkhpar,blchaw1,blheag1,blttit1,bncfly,bobfly1,brcmar1,brnowl,bucmot4,bucpar,bufpar,bunibi1,burowl,camfli1,chacha1,chbmoc1,chobla1,chvcon1,cibspi1,coffal1,compau,compot1,crbthr1,crebec1,dwatin1,epaori4,eulfly1,fabwre1,fepowl,ficman1,flawar1,fotfly,fusfly1,gilhum1,giwrai1,glteme1,grasal3,greani1,greant1,greela,grekis,grepot1,gretho2,greyel,grfdov1,grhtan1,gycwor1,horscr1,houspa,hyamac1,larela1,lesela1,lesgrf1,limpki,linwoo1,litcuc2,litnig1,mabpar,magant1,magtan2,masgna1,nacnig1,ocecra1,oliwoo1,orbtro3,orwpar,osprey,pabspi1,palhor3,paltan1,phecuc1,picpig2,pirfly1,plasla1,platyr1,plcjay1,pluibi1,purjay1,pvttyr1,ragmac1,rebscy1,recfin1,redjun,relser1,rinkin1,rivwar1,roahaw,rubthr1,rufcac2,rufcas2,rufgna3,rufhor2,rufnig1,ruftho1,ruftof1,rumfly1,ruther1,rutjac1,sabspa1,saffin,saytan1,scadov1,schpar1,scther1,shcfly1,shshaw,shtnig1,sibtan2,smbani,smbtin1,sobcac1,sobtyr1,socfly1,sofspi1,souant1,soulap1,souscr1,spbant3,spispi1,sptnig1,squcuc1,stbwoo2,strcuc1,strher2,strowl1,swthum1,swtman1,tattin1,thlwre1,toctou1,trokin,trsowl,undtin1,varant1,watjac1,wesfie1,wfwduc1,whbant2,whbwar2,whiwoo1,whlspi1,whnjay1,whtdov,whwpic1,y00678,yebcar,yebela1,yecmac,yecpar,yehcar1,yeofly1
BC2026_Train_0001_S08_20250606_030007_5,0.692895,0.8536613,0.4633603,0.86915433,0.83949244,0.21335354,0.070261255,0.46005338,0.8826422,0.15765458,0.6928483,0.2558279,0.9577967,0.64227784,0.19226572,0.092337295,0.8451283,0.46000916,0.41937393,0.81187403,0.8103795,0.25461677,0.28675434,0.8361876,0.6600965,0.21743417,0.72293055,0.8925798,0.33771124,0.4156568,0.7711479,0.7373301,0.25114942,0.9834118,0.9841167,0.32651228,0.33285826,0.76241946,0.7977847,0.61260295,0.67588663,0.8246317,0.8790564,0.24076617,0.9381196,0.9379028,0.9176781,0.80953646,0.84572065,0.73350775,0.8752347,0.88096225,0.88096225,0.71606284,0.87082016,0.19189367,0.14127125,0.6767596,0.23863126,0.959389,0.97017694,0.5501514,0.9080049,0.86095065,0.72029823,0.77607656,0.4275329,0.67953086,0.25338978,0.07965313,0.28217041,0.13925228,0.44249707,0.5426935,0.12324567,0.093073666,0.1323407,0.20653102,0.33229297,0.47061694,0.8592583,0.44103956,0.5460351,0.5802427,0.58643126,0.5600853,0.57447517,0.7599281,0.533113,0.29670417,0.99929166,0.7018142,0.3649389,0.13318855,0.35054293,0.076050624,0.7693989,0.10874449,0.39507812,0.61967707,0.178606,0.6875854,0.9248774,0.97407997,0.8771465,0.59108436,0.51496285,0.70205545,0.2545448,0.6731628,0.68254983,0.7458167,0.6055254,0.255133,0.58949435,0.7048489,0.65905505,0.3500954,0.23795918,0.08091512,0.36417705,0.62722766,0.71177983,0.35953575,0.8652743,0.5916414,0.7626865,0.22641662,0.50922173,0.030030917,0.15711042,0.28784072,0.50519794,0.27109614,0.98623335,0.8800875,0.110003084,0.83247864,0.6186871,0.5273195,0.24324512,0.055503353,0.6276195,0.60381347,0.87204754,0.889601,0.6275063,0.12586196,0.20974591,0.49836665,0.71696556,0.70699894,0.7588469,0.55091023,0.13898861,0.4993394,0.20419484,0.49266416,0.088461086,0.21990708,0.2762748,0.8585324,0.75660753,0.5117847,0.5000492,0.55669874,0.24337865,0.6117953,0.05128617,0.58276784,0.26873142,0.16918853,0.6572864,0.18941766,0.1802423,0.87586045,0.6119435,0.5991225,0.35647184,0.52781177,0.9011185,0.19317561,0.22288224,0.1834374,0.39318419,0.142859,0.1822052,0.7858051,0.49089223,0.48491448,0.6987052,0.66862893,0.48233706,0.28818896,0.43818334,0.237558,0.5633093,0.28033924,0.74396765,0.4528886,0.15687984,0.6484984,0.6529479,0.7347617,0.4517215,0.53981286,0.7239214,0.5335994,0.7003708,0.07418125,0.7211739,0.27764535,0.44055146,0.08324787,0.934457,0.6637536,0.05185487,0.59890956,0.4794252,0.82979846,0.21697125,0.43413734,0.5222771,0.39510626,0.07651067,0.2614116,0.83640176,0.18601292,0.45402187,0.9148802,0.52169454,0.19625583,0.13234392,0.68698275
BC2026_Train_0001_S08_20250606_030007_10,0.7228234,0.9171537,0.31307065,0.9506867,0.8149216,0.24374378,0.039103314,0.515507,0.7666116,0.42932302,0.8308338,0.12470279,0.9852865,0.7942941,0.0760237,0.078091115,0.7084254,0.64606154,0.2816962,0.767293,0.74637556,0.20351067,0.33294755,0.84959483,0.6889579,0.1759291,0.66489244,0.91657245,0.37220854,0.5667851,0.79376924,0.58913326,0.40901756,0.99430966,0.9515834,0.3372882,0.24124022,0.81968075,0.8487931,0.69697595,0.8512337,0.88349354,0.8967271,0.52387905,0.97401714,0.96154386,0.974133,0.8272599,0.88971424,0.77788246,0.87724304,0.8742887,0.8743662,0.78763586,0.90609837,0.18187118,0.19173124,0.60368615,0.120796815,0.97508,0.97738415,0.83355415,0.9009993,0.77847135,0.712397,0.83554673,0.49515992,0.6057354,0.37388372,0.109278575,0.2657099,0.44811457,0.518099,0.6098097,0.14454049,0.16223255,0.15124132,0.14075011,0.49953365,0.5296464,0.81043446,0.2505664,0.5975063,0.49016038,0.49118856,0.6482141,0.78367746,0.59006566,0.726302,0.2295438,0.99093163,0.755903,0.5576257,0.17484912,0.51902133,0.3772787,0.36717337,0.0829771,0.11209138,0.21120772,0.13098325,0.563425,0.945338,0.9886919,0.8777605,0.24033052,0.34131825,0.7468195,0.06813873,0.6290679,0.5825804,0.8262553,0.6046845,0.43848586,0.14509335,0.5344013,0.8658488,0.53277135,0.20544267,0.094734326,0.4653284,0.6172515,0.31895882,0.22683106,0.914986,0.4205622,0.6833304,0.2932544,0.5893016,0.1675356,0.20706704,0.2061117,0.54720545,0.17738491,0.8771267,0.6413424,0.13264507,0.6861762,0.5129927,0.5648421,0.096129626,0.07975975,0.49439317,0.29860047,0.8713851,0.72677577,0.64346385,0.08050877,0.35157913,0.38276696,0.48233846,0.45547324,0.33213258,0.74779475,0.13160631,0.4857068,0.23296756,0.47394806,0.24221238,0.24682376,0.24577108,0.7020149,0.64851344,0.67007387,0.42269388,0.30880216,0.2383196,0.5379635,0.05616323,0.71482503,0.10181527,0.07632123,0.64122117,0.18935609,0.069239855,0.87338245,0.42609894,0.8180152,0.28895158,0.662533,0.8817008,0.090033874,0.4274563,0.065354235,0.39861923,0.13876575,0.049325645,0.9279041,0.6278219,0.71861756,0.5835694,0.64946246,0.553598,0.30108035,0.35164255,0.106231816,0.3002894,0.4678576,0.4174201,0.7172735,0.47457233,0.31268096,0.43804705,0.59492046,0.30903992,0.7399558,0.7308115,0.71884775,0.35010153,0.12075793,0.7308376,0.14962602,0.35176796,0.0730448,0.97570705,0.7817925,0.22808322,0.66121984,0.4574107,0.8947588,0.13866211,0.36442715,0.19492233,0.30913126,0.15736341,0.22537073,0.9469761,0.30675542,0.15987715,0.7250167,0.4980033,0.1375357,0.24205875,0.5883648
BC2026_Train_0001_S08_20250606_030007_15,0.75822866,0.8428097,0.39863932,0.84126335,0.7943257,0.19229728,0.058386307,0.3975823,0.78379387,0.572571,0.6053853,0.1929312,0.939438,0.6913043,0.06613701,0.21653157,0.811079,0.5300579,0.32131952,0.82241154,0.8187806,0.09135925,0.5991121,0.78952533,0.74603605,0.3819229,0.81666064,0.95225894,0.48068058,0.7180035,0.7909912,0.7915541,0.40296674,0.96147645,0.9157774,0.33561754,0.53406173,0.78993416,0.73056066,0.6514068,0.67290884,0.784352,0.8830693,0.6021522,0.8676791,0.8682742,0.88287795,0.79033864,0.82360303,0.7223849,0.8918226,0.88726795,0.89035845,0.63924176,0.8979237,0.25563022,0.22939152,0.61798185,0.15155827,0.9902432,0.9986305,0.8077835,0.97262144,0.79054487,0.6756221,0.48224956,0.5881424,0.73596144,0.55064917,0.07102591,0.31718165,0.60100824,0.2714787,0.64454305,0.1255701,0.34957397,0.18623993,0.1525403,0.5417954,0.34028357,0.73948085,0.25469214,0.6021478,0.5013032,0.47529227,0.6941962,0.82236457,0.6852553,0.53202146,0.21816543,0.9641745,0.7817991,0.5660293,0.23962754,0.31487942,0.35808313,0.33309388,0.058619,0.1771113,0.21510375,0.3335396,0.5286762,0.83260286,0.9279868,0.9596094,0.28779906,0.57081634,0.6629021,0.063707106,0.57875645,0.7044121,0.83846956,0.40502888,0.37487864,0.114198014,0.5792217,0.7783693,0.28217602,0.3980587,0.21111259,0.43435255,0.5238296,0.34697026,0.20374575,0.98838466,0.40732777,0.7206125,0.34136957,0.72177124,0.24336979,0.13681988,0.23109753,0.31158736,0.21229964,0.87812173,0.85151005,0.40638256,0.69337285,0.43951625,0.7193309,0.21580562,0.12072865,0.53040546,0.26964492,0.91540784,0.83405435,0.57493126,0.121690944,0.36147442,0.23245862,0.39675605,0.40443724,0.3845622,0.8246361,0.1467824,0.33108407,0.13505852,0.5607721,0.31739038,0.10442662,0.4141553,0.6671848,0.7909416,0.760887,0.4542073,0.3190292,0.3249042,0.4804514,0.18410668,0.7094488,0.23822924,0.09543964,0.67379165,0.39515054,0.04572519,0.89930236,0.28079906,0.9106672,0.2984141,0.68253374,0.8144696,0.13549514,0.16204944,0.15223119,0.52586555,0.45784372,0.06632948,0.77175784,0.45786837,0.7633796,0.5438849,0.5325859,0.2978017,0.2065911,0.09237811,0.14927606,0.11035766,0.5872234,0.43363288,0.59490144,0.4318431,0.36183715,0.57556385,0.75244904,0.32925642,0.63530576,0.65140784,0.8062664,0.41943842,0.36899996,0.7703483,0.09459734,0.54945517,0.16656321,0.99745524,0.81058836,0.3956505,0.6570461,0.47803593,0.9403994,0.14432518,0.49178845,0.20561251,0.07433529,0.18966234,0.20993836,0.91621417,0.26990962,0.14616868,0.83928454,0.529508,0.22473848,0.30867863,0.4146852
BC2026_Train_0001_S08_20250606_030007_20,0.85019016,0.9287729,0.6140114,0.8249165,0.84286606,0.2956041,0.08340323,0.47736394,0.8778571,0.36859465,0.65596753,0.32066214,0.96961546,0.6560917,0.037042998,0.11205475,0.87879837,0.24247788,0.3993797,0.91411614,0.88913155,0.18337037,0.6200288,0.8586751,0.84994733,0.5252978,0.6823319,0.95722604,0.57904166,0.67283535,0.84953564,0.7294397,0.6186445,0.93911386,0.93183935,0.2018389,0.45098537,0.78908306,0.8885411,0.66191274,0.8121435,0.8943346,0.89170647,0.5765208,0.9421097,0.9206734,0.9160818,0.8847796,0.84093535,0.7268146,0.8882499,0.8887342,0.8915614,0.7395547,0.88921607,0.10607113,0.27456453,0.56715834,0.19089146,0.9898695,0.98856676,0.6665447,0.9858322,0.8408885,0.70246446,0.7158158,0.52882755,0.8060598,0.3626923,0.16463777,0.2790842,0.23261577,0.22973615,0.88408726,0.12558457,0.2047675,0.1453597,0.15226421,0.38906354,0.37610918,0.68286633,0.4049747,0.67228496,0.54993606,0.6316277,0.5858963,0.8799651,0.45817518,0.710333,0.39619738,0.8994098,0.91882396,0.58675605,0.23198001,0.3806048,0.34540278,0.19155307,0.1443909,0.20871311,0.24664834,0.13262448,0.5771204,0.774441,0.970407,0.9458396,0.09999508,0.7008647,0.59403414,0.07613462,0.52036417,0.5202551,0.71890473,0.5896321,0.38829887,0.21432805,0.6265727,0.657212,0.25464004,0.1889478,0.056811213,0.6108901,0.4746415,0.45035684,0.2602703,0.9832475,0.3580621,0.74275744,0.26659417,0.58323485,0.082846075,0.25008497,0.14722635,0.48672408,0.1838007,0.8950761,0.8973985,0.30226365,0.59291005,0.62420094,0.9683572,0.21594748,0.094529435,0.6341623,0.4817934,0.94031036,0.9154953,0.7084255,0.07467979,0.23867804,0.12887388,0.5521076,0.3365786,0.6030632,0.7318845,0.13406767,0.39586377,0.06977288,0.6309395,0.29714847,0.19605902,0.41552734,0.83737516,0.8268453,0.6798694,0.4247598,0.8509754,0.20012924,0.60186696,0.1335959,0.7453884,0.10367486,0.084898576,0.41171557,0.20101103,0.051995583,0.9314778,0.46923438,0.8032434,0.39760214,0.64955807,0.67944276,0.08572511,0.051416233,0.20268348,0.27207962,0.41586918,0.066233754,0.67314076,0.49708048,0.79457235,0.6527772,0.6065925,0.32265407,0.17903003,0.12517995,0.18278682,0.05835344,0.35927683,0.56910944,0.4758981,0.25228572,0.6495453,0.45106202,0.64225847,0.20143622,0.6079876,0.7290032,0.60405535,0.33624476,0.15686163,0.86527073,0.13974005,0.626225,0.1701251,0.9515084,0.6210071,0.19177517,0.7007859,0.4176855,0.88572586,0.051300168,0.3211636,0.26789445,0.066705436,0.18617082,0.24467537,0.7627121,0.1536109,0.18825483,0.8478644,0.59271944,0.264161,0.30551594,0.4829879
BC2026_Train_0001_S08_20250606_030007_25,0.88261294,0.97440577,0.48436505,0.93122363,0.84251106,0.15187445,0.06516104,0.5089476,0.9381343,0.53945446,0.6205169,0.1010928,0.95641637,0.70233655,0.032796666,0.23314878,0.81569904,0.28973475,0.4302822,0.8208351,0.8699404,0.32465318,0.7069006,0.8218298,0.77526116,0.34715962,0.6002691,0.96167684,0.5498357,0.68826926,0.8376565,0.7587446,0.5396295,0.91674465,0.9118566,0.21017994,0.313134,0.82246584,0.864076,0.664536,0.7975706,0.84620893,0.91962,0.6648185,0.95286477,0.9628743,0.9301096,0.8540037,0.82943094,0.7718768,0.91106325,0.9136888,0.91380495,0.70955193,0.9244745,0.059318878,0.26148775,0.7147882,0.113477886,0.93131095,0.9789165,0.71393406,0.99850106,0.81930214,0.68773687,0.53234714,0.44469434,0.81345475,0.37929058,0.31741667,0.2525276,0.10432917,0.5271046,0.612372,0.12831984,0.19554704,0.20913918,0.19556817,0.2555193,0.41468108,0.6562003,0.18667796,0.60930103,0.54876435,0.67408407,0.75284183,0.7074771,0.3689645,0.8772677,0.25091684,0.94648695,0.94989,0.58392155,0.12957653,0.16245215,0.16858631,0.19496757,0.16701171,0.07034552,0.33581582,0.08076696,0.40733463,0.8899355,0.99477154,0.95280886,0.17252529,0.72237396,0.45735377,0.049906455,0.613614,0.69542336,0.7383884,0.64559567,0.3356513,0.20366979,0.6168231,0.7201997,0.3485117,0.14529145,0.0658856,0.53944623,0.5518003,0.6475612,0.17551535,0.9782209,0.28510234,0.73995066,0.46449322,0.75192654,0.056892578,0.1355696,0.11562574,0.50124896,0.20872739,0.9154566,0.8150588,0.13913636,0.7445172,0.63510966,0.64218736,0.15224753,0.059564,0.68562055,0.4282772,0.89806926,0.8596501,0.7460693,0.1806308,0.26513404,0.15652877,0.5705054,0.5113747,0.59677887,0.7334126,0.20010641,0.6273713,0.19075489,0.73871577,0.17736125,0.14379467,0.28785563,0.7984692,0.74509,0.85834473,0.4651361,0.6301559,0.10939959,0.42800218,0.17261735,0.6409055,0.24259263,0.050648138,0.3564527,0.19842061,0.07057158,0.9323863,0.58724964,0.715422,0.6809945,0.66864085,0.6661271,0.053121224,0.11322801,0.1546301,0.15876243,0.27471733,0.070855066,0.786639,0.6418594,0.6990708,0.72624373,0.5494871,0.42445534,0.22811157,0.22921214,0.37729567,0.08560088,0.474541,0.623091,0.56588066,0.4393857,0.5366155,0.4804396,0.7089516,0.44980574,0.7273375,0.6618761,0.6030564,0.16986313,0.1511329,0.8267764,0.3556292,0.42469847,0.22516687,0.9954106,0.756551,0.12173679,0.6483091,0.5240385,0.734465,0.13338889,0.41444093,0.16360956,0.18889183,0.058499582,0.28679496,0.8507791,0.13795978,0.14732873,0.8514559,0.52358955,0.18709522,0.41550618,0.7202704
BC2026_Train_0001_S08_20250606_030007_30,0.80091465,0.97980267,0.55530304,0.9125937,0.8535989,0.12881431,0.19935085,0.48006326,0.969128,0.4869905,0.803229,0.11993927,0.8968197,0.7535347,0.09905885,0.30296016,0.81956327,0.29324108,0.2307606,0.82526016,0.884658,0.14909893,0.43715602,0.8310107,0.7976034,0.5721305,0.8104972,0.9645437,0.4387455,0.71581924,0.79621166,0.81952393,0.46580333,0.9079592,0.9717945,0.25158462,0.57043445,0.8140931,0.78678924,0.72141236,0.71042633,0.8712366,0.91122085,0.476011,0.98319316,0.97726905,0.9565555,0.8671178,0.82253075,0.78442717,0.90272856,0.90121096,0.90335673,0.6141643,0.91734827,0.104203016,0.113127336,0.47663277,0.08315642,0.91305673,0.9018278,0.75118387,0.9213575,0.7827072,0.7320758,0.5596447,0.5796273,0.64100695,0.39995843,0.21235055,0.29674873,0.07407198,0.6302812,0.7599541,0.21527824,0.18895045,0.16943711,0.2798376,0.34852177,0.25640893,0.627959,0.175446,0.63081205,0.5995021,0.63818073,0.77666926,0.6633012,0.61572355,0.7962904,0.24632436,0.93144506,0.88863283,0.6162716,0.17487535,0.23006275,0.12847973,0.57721376,0.04900349,0.17317319,0.5037197,0.2723994,0.6103302,0.80058444,0.98129416,0.9417166,0.38331026,0.49894363,0.6696305,0.15623842,0.66859066,0.79771274,0.8580675,0.5296893,0.5072963,0.41212457,0.5491462,0.83641887,0.26771778,0.33084607,0.24704844,0.5630696,0.61138785,0.6139157,0.37472862,0.95995736,0.53912413,0.5883215,0.593414,0.5723196,0.06473613,0.17655128,0.14534962,0.2809286,0.19790626,0.9224041,0.8549479,0.24212205,0.88714373,0.5284116,0.4786784,0.16792691,0.112698734,0.89025724,0.30611044,0.8125235,0.86784303,0.83010924,0.10271755,0.51315045,0.29772913,0.61906505,0.68076825,0.47771358,0.71707046,0.2523991,0.5060975,0.2280802,0.681281,0.22865477,0.20703307,0.46304083,0.8124163,0.7670188,0.82783496,0.6461097,0.40892386,0.15333802,0.5800562,0.25982887,0.7601739,0.29901484,0.07091491,0.6191389,0.26491082,0.21714322,0.92066735,0.7134496,0.6907412,0.74087656,0.62657607,0.92332387,0.1688905,0.15472817,0.12224236,0.31312823,0.35519844,0.09763692,0.8339347,0.5151454,0.6475146,0.8279828,0.5591713,0.3308242,0.2735502,0.33205438,0.2526169,0.29018232,0.5651745,0.63996446,0.5076113,0.5191347,0.5612023,0.6117296,0.55401736,0.47609508,0.67218053,0.5988081,0.5983317,0.2871315,0.16334736,0.76676404,0.34645045,0.60935897,0.12375198,0.966029,0.55613744,0.23848836,0.6242951,0.53706145,0.8258451,0.3403219,0.6062364,0.41333902,0.36995798,0.0492995,0.32265347,0.9474206,0.24355602,0.28913856,0.9460619,0.67474747,0.09172559,0.57460225,0.8349843
BC2026_Train_0001_S08_20250606_030007_35,0.764747,0.8764994,0.36671126,0.7910854,0.83113337,0.14993112,0.39395106,0.57327914,0.9251566,0.61465156,0.86774635,0.339587,0.8794111,0.7238751,0.16251123,0.13807337,0.8359685,0.448775,0.2758643,0.6929996,0.918977,0.092142135,0.50961447,0.7780862,0.74042684,0.53512305,0.8558362,0.93002784,0.30605513,0.658358,0.7549467,0.6907674,0.2807763,0.97688496,0.96211636,0.40118897,0.47956133,0.81176484,0.67414826,0.64553654,0.6444446,0.7738967,0.8808812,0.5201556,0.8774291,0.88550746,0.8941531,0.80952454,0.80344355,0.77129805,0.8944007,0.89895284,0.89088726,0.6194578,0.880502,0.20496276,0.14577058,0.4369657,0.15901445,0.9536829,0.9264568,0.7316369,0.889328,0.8034828,0.6899055,0.58470017,0.6178786,0.72580206,0.25769082,0.07984783,0.31694925,0.033210002,0.37244362,0.9281131,0.23029622,0.1942994,0.18724853,0.19424869,0.4363351,0.18596426,0.5695362,0.18417642,0.6307546,0.5760099,0.52938217,0.5393873,0.7153894,0.46955734,0.6804718,0.063652046,0.93271184,0.9220466,0.6168886,0.12714545,0.21257907,0.20576799,0.5177167,0.05888532,0.31723088,0.38298315,0.17020045,0.5488857,0.7034739,0.94142944,0.98277724,0.35718966,0.40730822,0.8121953,0.14896813,0.45478058,0.6162467,0.90394276,0.65681195,0.4357509,0.6062713,0.46256316,0.870861,0.4790861,0.23327288,0.18410262,0.34245187,0.586135,0.5267284,0.37330848,0.9435214,0.43994957,0.40382594,0.46784872,0.4719506,0.17801791,0.1576496,0.35232157,0.36427575,0.36080468,0.9538701,0.809669,0.32390475,0.8708748,0.5303611,0.66926265,0.16897953,0.09267933,0.8613369,0.43943578,0.95636714,0.78317344,0.62020373,0.07949957,0.32043165,0.26524812,0.6798273,0.39681816,0.5069599,0.576337,0.24725668,0.48174992,0.17990845,0.68311524,0.10222894,0.09474031,0.599447,0.72567534,0.7013191,0.78849995,0.5200418,0.66107726,0.20640615,0.43027002,0.13769034,0.5982913,0.11386271,0.03874869,0.5068258,0.18521535,0.08184002,0.9248315,0.65864825,0.738247,0.576432,0.6111268,0.78641826,0.34685987,0.14234643,0.24574584,0.2522552,0.20155719,0.047968164,0.6827854,0.24294324,0.7937051,0.7887546,0.5990858,0.48927158,0.19689697,0.21147597,0.26374257,0.18327099,0.5049576,0.51265633,0.5268529,0.2876026,0.42975926,0.7523385,0.40643996,0.1743935,0.7014128,0.5950589,0.7586063,0.24887626,0.103946924,0.63649917,0.2031405,0.61832124,0.24171901,0.9842036,0.78603333,0.0985543,0.5573349,0.28757715,0.7556561,0.10583314,0.642313,0.3882267,0.12049861,0.06708658,0.11886569,0.91225374,0.3582474,0.15727618,0.86793876,0.74729556,0.12603445,0.58121663,0.6970129
BC2026_Train_0001_S08_20250606_030007_40,0.7460841,0.97660625,0.32217556,0.84277076,0.89040655,0.36563003,0.10519846,0.4043991,0.68373203,0.50568104,0.6743419,0.173964,0.8145026,0.71014786,0.13833894,0.1879844,0.8648595,0.6737275,0.43985713,0.77193433,0.91306436,0.28758857,0.4991479,0.7885351,0.80212116,0.42321646,0.61675215,0.92442596,0.44982463,0.59746826,0.8130667,0.72511935,0.20516303,0.9129312,0.95065427,0.28923064,0.5189924,0.8368653,0.7565697,0.70442796,0.70975864,0.76387584,0.9111526,0.44712418,0.92354023,0.9454316,0.9940418,0.84120715,0.84923685,0.80081797,0.9117094,0.9122876,0.9120991,0.695315,0.91973877,0.19046274,0.08711767,0.85563064,0.15244882,0.95013535,0.9902389,0.6727481,0.9811899,0.89687127,0.73343086,0.5306278,0.4690311,0.7987466,0.28474203,0.15561981,0.2933644,0.12656036,0.26494062,0.69493735,0.1189388,0.14223763,0.24586402,0.115599096,0.4749127,0.23202872,0.6658815,0.28424603,0.6177397,0.5756852,0.5080838,0.5383874,0.53604674,0.37478167,0.61208797,0.027221337,0.91012746,0.54566616,0.4524044,0.09538828,0.3773973,0.09392141,0.24032235,0.09541762,0.24313372,0.12059052,0.20392337,0.49977303,0.6939792,0.981858,0.9263848,0.2208952,0.32797372,0.7506826,0.097583875,0.3745014,0.47521526,0.7935896,0.58340067,0.25891796,0.33868706,0.48870784,0.8132783,0.28742284,0.23946089,0.05815044,0.26217407,0.4842434,0.4143889,0.2783637,0.928179,0.515048,0.44154215,0.4593564,0.43394297,0.064129174,0.10479952,0.40339762,0.31024155,0.3230201,0.9556987,0.7938745,0.30205113,0.5639429,0.41330326,0.46315414,0.2367709,0.030962124,0.61831176,0.41857588,0.80881286,0.7099352,0.5965667,0.19049022,0.3096605,0.23962162,0.5531358,0.25573462,0.5411057,0.7795458,0.20639917,0.48971593,0.12025884,0.57759476,0.024846334,0.13281532,0.49814278,0.5728179,0.6354399,0.6423223,0.55549014,0.4722492,0.18267924,0.37865067,0.1411935,0.6082523,0.13581242,0.065851,0.24786353,0.16450965,0.07870355,0.85029066,0.62885934,0.56561184,0.5481123,0.5449015,0.74382436,0.11627233,0.1517771,0.12397002,0.21989375,0.097708,0.033359423,0.59733486,0.4169745,0.6556753,0.68073213,0.64418447,0.39510852,0.12986356,0.12329681,0.35193717,0.15787703,0.35485125,0.34676668,0.4186448,0.2331372,0.3502733,0.7033402,0.3628217,0.1325417,0.80627704,0.81396663,0.6074164,0.28911707,0.048750915,0.3383295,0.16579032,0.46976,0.36945993,0.97989523,0.60875326,0.065150894,0.57297844,0.21361828,0.81942666,0.050119914,0.43531346,0.1579633,0.1422647,0.031047584,0.037745815,0.84741557,0.2156911,0.0756744,0.6775156,0.5988243,0.18663007,0.42784357,0.43228024
BC2026_Train_0001_S08_20250606_030007_45,0.8132179,0.99453795,0.50017834,0.90406597,0.9201555,0.14595447,0.07855806,0.5052656,0.96906424,0.44791234,0.46753198,0.1920079,0.949083,0.6228633,0.08823763,0.2951979,0.85918504,0.589801,0.45848036,0.8425765,0.86891204,0.4118139,0.5694919,0.8039527,0.83587813,0.3685025,0.6415169,0.88220626,0.33441257,0.7938539,0.86601686,0.6409788,0.3216717,0.982023,0.96273804,0.17105767,0.39135128,0.7891939,0.82089996,0.55491745,0.73250836,0.8335072,0.90400493,0.35958117,0.9848075,0.9871354,0.9870017,0.9037632,0.8756404,0.7728099,0.9175991,0.9144788,0.9144013,0.7330266,0.9118177,0.23691334,0.07715234,0.9610139,0.105050266,0.9702991,0.9482893,0.72655976,0.99204814,0.9006314,0.8030783,0.70508206,0.41679627,0.64554226,0.29132754,0.25913453,0.2609335,0.35221177,0.45477226,0.8707698,0.09913302,0.13384564,0.263132,0.2072249,0.18069425,0.20572016,0.6094563,0.22590363,0.72675,0.21666862,0.6738453,0.75863254,0.68215597,0.37436122,0.689191,0.06783867,0.9463377,0.6083691,0.24965619,0.15664554,0.39019042,0.08892256,0.24745283,0.075752474,0.080283426,0.2644769,0.44492465,0.41593558,0.8759599,0.9718424,0.9365322,0.17782763,0.5112276,0.54048276,0.10530728,0.63402724,0.79759073,0.6536549,0.67122555,0.24554071,0.20006387,0.6763234,0.83086634,0.1864542,0.3775556,0.06811512,0.62443906,0.6135544,0.6964276,0.14050502,0.9222707,0.44762263,0.42945012,0.46782166,0.6525986,0.111621276,0.25373322,0.32625496,0.26701593,0.2982468,0.96169966,0.9143578,0.5622448,0.6856054,0.5611998,0.46818238,0.26773518,0.032990567,0.66313016,0.51036733,0.9826019,0.72091275,0.8120991,0.33444998,0.22909291,0.21764539,0.6976514,0.5911876,0.40365285,0.7695749,0.27021456,0.8265656,0.18728048,0.81102705,0.05558481,0.35515535,0.1635741,0.6560003,0.528244,0.71983373,0.6598849,0.5960931,0.09634292,0.5728359,0.40644085,0.70258284,0.3443066,0.11406553,0.22373345,0.2550136,0.036648188,0.85202295,0.7964958,0.70338047,0.6938071,0.5496617,0.757902,0.14015958,0.33055675,0.058329917,0.51257503,0.12770993,0.08626699,0.79751873,0.42838085,0.52084327,0.6903529,0.7405063,0.49851546,0.33792245,0.33376628,0.41839427,0.18812779,0.27394158,0.41895777,0.34171617,0.3143928,0.65648997,0.43980756,0.5733354,0.4027101,0.8312985,0.70873284,0.47927892,0.20344435,0.038800787,0.305934,0.5153453,0.16819662,0.19444591,0.9477143,0.64052683,0.23496082,0.68697166,0.39995766,0.81115854,0.10148242,0.45784783,0.065241,0.29764676,0.065028995,0.043308325,0.8905033,0.28506958,0.14167136,0.74762785,0.53560096,0.0989939,0.4678066,0.64234555
BC2026_Train_0001_S08_20250606_030007_50,0.82665455,0.99957097,0.29702362,0.8718012,0.9216701,0.15900148,0.25248003,0.45800138,0.99095654,0.62714064,0.62395203,0.12039812,0.93993753,0.59037936,0.12101933,0.16772065,0.8736338,0.19757062,0.4115243,0.7041868,0.8590081,0.2775163,0.32563138,0.80268043,0.7879215,0.3060779,0.5504586,0.93272656,0.3047586,0.7136897,0.90167594,0.7026389,0.51406205,0.9399861,0.9844849,0.19935903,0.46447593,0.8392903,0.8840673,0.68333745,0.8421668,0.8435422,0.9316832,0.3748816,0.99714947,0.991472,0.99916893,0.9366542,0.87942797,0.7991264,0.93244755,0.92956495,0.929074,0.66268635,0.9334862,0.2051091,0.055041745,0.7268653,0.047774896,0.9369191,0.83786476,0.74617374,0.94128966,0.94792545,0.5958149,0.58125997,0.3045541,0.5535235,0.35200518,0.15907142,0.25533205,0.14849167,0.39091766,0.93591464,0.1451732,0.19968808,0.4283182,0.12634952,0.21089557,0.17021386,0.6522492,0.12644464,0.65223026,0.26692468,0.6055702,0.78115755,0.498245,0.5005886,0.84980404,0.045853533,0.914816,0.78032434,0.34373522,0.14928262,0.18108362,0.34649336,0.31749964,0.045111112,0.092702046,0.39867187,0.23648229,0.39205712,0.93821126,0.9189196,0.9647083,0.2945385,0.43388993,0.61533946,0.06978995,0.528419,0.8533046,0.77687585,0.5117366,0.35069764,0.40719914,0.5324845,0.7306076,0.21773887,0.29961336,0.105782114,0.57686424,0.6171361,0.6226945,0.18584141,0.94802815,0.45746833,0.6919285,0.4871208,0.5809798,0.11914691,0.2551126,0.27711707,0.4093868,0.17692226,0.9314861,0.64768755,0.42773128,0.86418945,0.53788126,0.57308966,0.21075462,0.06142672,0.7565248,0.45191714,0.9563118,0.8570919,0.69485784,0.15533803,0.16650903,0.37267733,0.68409336,0.58607435,0.23127854,0.73850894,0.22811025,0.79008186,0.11195409,0.7663888,0.1741119,0.15447101,0.06903701,0.5474366,0.7123425,0.7495377,0.58910227,0.34743637,0.14851329,0.3710996,0.27981007,0.6397097,0.33534825,0.034011275,0.36936337,0.40579534,0.03009823,0.89568615,0.6236695,0.6347816,0.5581592,0.5971813,0.6184773,0.28034657,0.16864109,0.07089214,0.35898858,0.2315566,0.08486344,0.63598084,0.3579321,0.62509334,0.5567372,0.65057766,0.5059847,0.31755832,0.28523222,0.27924424,0.21946117,0.4191615,0.30868995,0.45281753,0.3381756,0.6708846,0.5650786,0.64881325,0.31432992,0.6754993,0.7196691,0.52140784,0.13511936,0.094912976,0.38669252,0.47028527,0.091105595,0.31948364,0.9829074,0.6165359,0.13999848,0.70271575,0.28438044,0.7530807,0.1604059,0.368811,0.099495724,0.1655052,0.050429918,0.07496578,0.81042373,0.1911386,0.085664526,0.7258873,0.6672119,0.15079844,0.4186801,0.8893006
BC2026_Train_0001_S08_20250606_030007_55,0.8904724,0.9537236,0.3894189,0.9318074,0.9330479,0.28482473,0.084295824,0.5689094,0.72636807,0.5790374,0.67505753,0.24436225,0.94539165,0.63205206,0.26373035,0.29710376,0.8500137,0.2978442,0.48289132,0.6920681,0.92668176,0.19031036,0.41531003,0.8126871,0.8195399,0.4120587,0.63073874,0.9581318,0.49031258,0.59153724,0.8890922,0.6699618,0.38396943,0.8427347,0.9256305,0.2603661,0.6111691,0.8574579,0.82921004,0.61534554,0.76100683,0.7671094,0.92994,0.47908613,0.97350585,0.97281474,0.9668405,0.8623892,0.87603736,0.7809614,0.93600434,0.9327409,0.9326633,0.51740813,0.93040323,0.2573269,0.04185942,0.6995448,0.22623342,0.9099164,0.9445378,0.8628061,0.90795696,0.8924361,0.5750827,0.48215526,0.36103594,0.6917347,0.44070584,0.26651925,0.33996326,0.27573085,0.46477735,0.7709583,0.09943248,0.06312589,0.39935064,0.120344564,0.39216244,0.13147093,0.5739489,0.20962048,0.61218,0.40539956,0.5169003,0.6617129,0.3928423,0.36718357,0.80094504,0.050849166,0.8352102,0.9029665,0.2908231,0.13488579,0.14057389,0.41008073,0.38052046,0.028855046,0.32640314,0.20033431,0.29920805,0.180981,0.7846695,0.92232394,0.9473412,0.19683588,0.57946634,0.76874506,0.1304354,0.4646917,0.77816486,0.78677464,0.62116635,0.45466536,0.38512492,0.30450147,0.81560767,0.18159178,0.3020419,0.13495608,0.24773364,0.49047,0.484518,0.2870097,0.9511938,0.60208213,0.6791996,0.41686386,0.51976895,0.08828783,0.24090451,0.31504953,0.22502577,0.24288544,0.83468366,0.81085443,0.26844984,0.5842109,0.52608293,0.46087396,0.14657265,0.09623581,0.7560601,0.36814725,0.7624409,0.92805433,0.61878014,0.1744532,0.11939394,0.29813385,0.601225,0.40898156,0.25463003,0.78809226,0.124298394,0.68817353,0.07208085,0.6683998,0.08566673,0.12995923,0.10871219,0.34290546,0.59983206,0.5961944,0.64150715,0.69448566,0.16842991,0.342184,0.44554785,0.6630361,0.46413332,0.030716356,0.25167423,0.35929048,0.09016664,0.962742,0.5334991,0.60448,0.6367379,0.6711582,0.5558061,0.3285383,0.11770375,0.11321016,0.1387069,0.17874208,0.17277318,0.7814789,0.2732269,0.67145467,0.7749722,0.6001462,0.47301948,0.21807037,0.15505236,0.2550819,0.19083703,0.521142,0.40062267,0.39700556,0.37685287,0.25118202,0.6963695,0.63941824,0.19845033,0.7200806,0.5869762,0.6647078,0.19638863,0.06427277,0.30265996,0.29334393,0.21143723,0.3352871,0.9331958,0.65021247,0.0955617,0.55849004,0.16453993,0.7360207,0.11327851,0.6595154,0.20265168,0.049221024,0.038837664,0.15365237,0.8555536,0.184538,0.07567416,0.72876805,0.6103183,0.18408096,0.282849,0.82960737
BC2026_Train_0001_S08_20250606_030007_60,0.7887509,0.8729476,0.8219354,0.9672277,0.9121262,0.66772294,0.112032294,0.52627724,0.93739295,0.17510042,0.502485,0.76175725,0.9700688,0.9373833,0.5592218,0.5934167,0.85666865,0.7612635,0.82231873,0.8793247,0.9509479,0.5912471,0.7502346,0.6732489,0.9675619,0.7045032,0.6752294,0.8889767,0.9894805,0.61645836,0.73833036,0.98713386,0.14594078,0.5453977,0.8110025,0.34972218,0.7483046,0.7360644,0.6743695,0.40303916,0.6147692,0.8670245,0.86700964,0.264891,0.9240757,0.9206784,0.9511285,0.7256472,0.77758664,0.8167989,0.8677184,0.867652,0.867652,0.75729924,0.85511184,0.30199742,0.028336667,0.97942054,0.77766657,0.9135392,0.91548765,0.87895834,0.892382,0.99714684,0.8477963,0.5029373,0.5887572,0.9258333,0.5118129,0.44397813,0.8373188,0.7955073,0.48640615,0.6855743,0.20055088,0.014289082,0.31881568,0.32445312,0.39478922,0.13748774,0.25502914,0.46921083,0.7619436,0.18656486,0.57506496,0.39619362,0.68844426,0.107776254,0.6401923,0.061054166,0.77864957,0.9069115,0.10568159,0.15625028,0.3566531,0.06775041,0.46539396,0.06681439,0.113765,0.108679995,0.53160125,0.15666562,0.4493026,0.91859424,0.900664,0.14463311,0.3600366,0.6851692,0.04189229,0.11381887,0.31701595,0.7721734,0.35970595,0.23109344,0.70583576,0.20081633,0.8897259,0.16715145,0.526153,0.09880158,0.39936876,0.66814893,0.2192013,0.17630282,0.897768,0.80725205,0.4859677,0.37189353,0.7583343,0.09744947,0.5865313,0.21375886,0.103233114,0.074710086,0.3231048,0.9828291,0.5877676,0.20382783,0.753325,0.4657904,0.065729074,0.022880208,0.75920963,0.36107355,0.8458234,0.89519763,0.5012859,0.13003361,0.05069311,0.066635415,0.3566023,0.63559437,0.5216758,0.40418458,0.11321008,0.37298584,0.17277089,0.5526683,0.023555666,0.48578852,0.38845664,0.2849116,0.2112768,0.27508008,0.77959895,0.5869606,0.25408363,0.19423155,0.49026048,0.74729526,0.25859642,0.116297916,0.08879191,0.25649995,0.08644396,0.97708124,0.8542416,0.64990985,0.46300018,0.81249166,0.26407978,0.5449966,0.34889048,0.050454915,0.17300545,0.031907335,0.09286313,0.6808735,0.14539495,0.4161659,0.79103804,0.7210847,0.6116928,0.45468146,0.3366874,0.043293417,0.12155771,0.51703566,0.61541414,0.28039214,0.124845244,0.084144205,0.70353913,0.23881903,0.034742586,0.7717527,0.47243625,0.7271769,0.34441835,0.11952583,0.22033897,0.286722,0.23034728,0.0548535,0.8680419,0.45309734,0.02970196,0.623135,0.037272252,0.655252,0.2733425,0.62201655,0.17830062,0.1115302,0.09951568,0.22842345,0.7390585,0.21086398,0.23841417,0.7430856,0.37712872,0.42326146,0.2619425,0.63177454
BC2026_Train_0002_S08_20250607_030007_5,0.82610404,0.87408614,0.8079306,0.8369047,0.8966914,0.15768124,0.20858005,0.6494479,0.45958903,0.1813435,0.81050396,0.83825827,0.5416438,0.8364122,0.118927166,0.16820395,0.97374284,0.16700426,0.8556955,0.54884744,0.7800385,0.35506165,0.37024683,0.610642,0.8622918,0.6156747,0.4848218,0.8552586,0.23542279,0.7380245,0.9434382,0.69629097,0.5201587,0.6274737,0.60756856,0.6344788,0.87099326,0.93686306,0.7102852,0.93121564,0.7364253,0.51247513,0.9425783,0.8094146,0.8609959,0.84891367,0.91447926,0.96188873,0.9253932,0.89696395,0.93535304,0.94655955,0.94566834,0.24930772,0.9664395,0.38036042,0.36219376,0.6477654,0.7184058,0.8176906,0.7145586,0.66863173,0.9661739,0.9688841,0.60890454,0.46883413,0.4755026,0.8547774,0.06411154,0.464786,0.14246541,0.07869245,0.09952375,0.49778718,0.12424514,0.21722046,0.42565477,0.10994095,0.030813083,0.069771335,0.09917383,0.31014955,0.34783643,0.22365999,0.0755375,0.65751946,0.4862125,0.262895,0.3360597,0.3447796,0.60311186,0.16479564,0.28700516,0.06027218,0.17005774,0.20528483,0.08856046,0.16537434,0.21465605,0.33276147,0.7812264,0.36665136,0.39531612,0.8078661,0.83941615,0.097004995,0.33408457,0.28509042,0.105763465,0.5583383,0.7404291,0.5649724,0.47236294,0.25870687,0.75595236,0.25293165,0.6871636,0.2936854,0.44430333,0.27361816,0.27293634,0.3321281,0.84417003,0.058530748,0.836117,0.26038358,0.36293018,0.06985224,0.21655083,0.19255686,0.20968542,0.20945227,0.19347179,0.24103959,0.3104304,0.7056366,0.68920887,0.27713916,0.4257458,0.97157687,0.021561667,0.22932273,0.77467203,0.11769503,0.8457843,0.6561965,0.58246064,0.061339587,0.21697375,0.09134184,0.2752932,0.04586625,0.04449804,0.25354457,0.055762336,0.16760054,0.04046508,0.7183871,0.20422891,0.3770368,0.40079442,0.7106478,0.08278483,0.72722065,0.68197775,0.36643165,0.082971126,0.07272604,0.8238051,0.56097865,0.045922913,0.2259602,0.63776183,0.53400564,0.17782801,0.6991278,0.75610065,0.52557814,0.124629915,0.6419871,0.4556216,0.44988018,0.3683071,0.131781,0.14460722,0.2807569,0.37713033,0.9223052,0.22539842,0.69780934,0.37269828,0.13250409,0.021800835,0.35049868,0.17417966,0.03603275,0.53590506,0.67515564,0.10793501,0.2187489,0.80810714,0.6699989,0.5998577,0.27282113,0.18537554,0.2538981,0.86748755,0.7500615,0.06334058,0.51619107,0.5856428,0.28965682,0.35707152,0.4458719,0.9488956,0.7510153,0.20707819,0.42042184,0.57512176,0.45136666,0.5011802,0.91066885,0.38063437,0.10922719,0.35606575,0.1595962,0.7402444,0.022289585,0.15810369,0.39363182,0.42106354,0.098658085,0.03336304,0.82483006
BC2026_Train_0002_S08_20250607_030007_10,0.9003099,0.90422475,0.8569745,0.8575564,0.986928,0.35175812,0.25015017,0.641201,0.6202158,0.45146644,0.7889775,0.9333588,0.55624914,0.8219836,0.17215842,0.20378003,0.98346806,0.39857027,0.78308797,0.6815981,0.92926526,0.24070682,0.583412,0.65865827,0.84691036,0.80755806,0.50375944,0.95690835,0.6757283,0.78245866,0.95510525,0.8491634,0.59523004,0.4991634,0.5756469,0.5960778,0.7718614,0.94214046,0.7317746,0.9329662,0.7780699,0.31900474,0.95432544,0.8170436,0.82564914,0.8139703,0.90130615,0.9790509,0.9503691,0.9297814,0.97067595,0.9824531,0.9683598,0.21020633,0.9642637,0.35423195,0.18751448,0.83539575,0.7833218,0.82914364,0.8447031,0.8791052,0.80452454,0.99209785,0.74820197,0.19341394,0.7403157,0.86230564,0.08914092,0.521716,0.18428367,0.40126473,0.2155307,0.32890624,0.369679,0.29023162,0.31535697,0.045551956,0.07308133,0.16787758,0.1654819,0.37424105,0.36537376,0.20522505,0.14818244,0.88858044,0.3506593,0.16121206,0.3175205,0.15838358,0.40176985,0.26741126,0.46757415,0.07796651,0.23892626,0.2198099,0.02648627,0.12144953,0.23748189,0.16686565,0.7772461,0.163876,0.41693532,0.8168055,0.9434625,0.05537966,0.5308069,0.42328387,0.07396889,0.685135,0.50356996,0.5753948,0.33937174,0.38297403,0.7550242,0.16645654,0.61942685,0.1182318,0.67622733,0.25428674,0.17231746,0.120881006,0.8442575,0.19684297,0.84940827,0.19933462,0.34897316,0.2510844,0.2954877,0.10310981,0.1967898,0.25329077,0.13611715,0.22147834,0.25138736,0.823156,0.33600533,0.21188605,0.24564272,0.76247346,0.09464942,0.20865142,0.8154551,0.26508167,0.72911525,0.72847486,0.71009576,0.10250464,0.33690768,0.12241926,0.4501382,0.2057215,0.09265536,0.29248655,0.060339086,0.05425986,0.04758283,0.87888855,0.07789342,0.24199736,0.16749217,0.47923106,0.118096024,0.8851081,0.8220648,0.23836449,0.03601903,0.053506915,0.70442057,0.6673664,0.09000467,0.113273025,0.6865727,0.37979186,0.13355526,0.7349539,0.76900685,0.36975092,0.11187947,0.51218545,0.56203747,0.47171146,0.34291106,0.24617755,0.105062336,0.3738665,0.76720583,0.8159243,0.33540213,0.6262063,0.30047193,0.118795216,0.06827226,0.1716406,0.09008911,0.10237363,0.4917736,0.755703,0.087293446,0.11671129,0.80037,0.29200926,0.5480845,0.288415,0.06775567,0.30962607,0.9030163,0.6249378,0.08417983,0.6143271,0.47472352,0.29154187,0.67187214,0.40174973,0.91587347,0.59665036,0.10107395,0.31659925,0.3666491,0.3441922,0.37268913,0.6854048,0.16092795,0.077143714,0.11701788,0.16369626,0.6882516,0.044383585,0.14717552,0.3031791,0.23036984,0.29204482,0.0632496,0.91765845
BC2026_Train_0002_S08_20250607_030007_15,0.94100225,0.9846082,0.6042746,0.9698111,0.98703164,0.3434105,0.3377475,0.3474462,0.5609006,0.6109942,0.800568,0.82785475,0.6820618,0.77759624,0.27634954,0.27756643,0.9949251,0.18255416,0.8157804,0.8568302,0.9713669,0.0993429,0.48313868,0.71153945,0.88607717,0.8314104,0.43644717,0.84265363,0.5718634,0.7380789,0.9735297,0.8224641,0.68867993,0.56042933,0.8001312,0.6350422,0.7939446,0.99785465,0.8378978,0.9866985,0.879443,0.513718,0.9710554,0.8816333,0.8778082,0.85908544,0.9830668,0.99591583,0.99629694,0.9895648,0.9949124,0.99307024,0.9771941,0.18394712,0.98506474,0.3629709,0.2557639,0.5616381,0.47465393,0.81832504,0.7285427,0.83015466,0.80678993,0.9855635,0.542736,0.08212334,0.57151806,0.93699217,0.2865798,0.5514099,0.18334883,0.5465867,0.14209397,0.3193698,0.15704943,0.30110115,0.16824451,0.11491458,0.22393075,0.15353757,0.17674509,0.55026877,0.26988238,0.22444703,0.20564614,0.88438594,0.3243366,0.3366298,0.50014055,0.1517625,0.38536525,0.42303294,0.63204324,0.067392185,0.37619448,0.26322284,0.046355523,0.16539451,0.32377177,0.05947902,0.9700494,0.084476836,0.6362189,0.83469975,0.92805946,0.07609771,0.6716051,0.35981232,0.093602195,0.84882796,0.46397036,0.43253547,0.47272736,0.6069952,0.80732715,0.25827008,0.54517436,0.08215292,0.42770994,0.3161052,0.12539007,0.07904248,0.7854817,0.14604193,0.8125572,0.2327086,0.36940682,0.14520894,0.29953307,0.2117834,0.080815166,0.18424624,0.28515786,0.19023451,0.37711334,0.72072864,0.2203184,0.22394143,0.34080338,0.6554476,0.08101559,0.21540126,0.744398,0.1964846,0.8141953,0.85096955,0.803339,0.07614915,0.1574249,0.07893662,0.4341135,0.37315315,0.14420234,0.38130367,0.07205684,0.079898864,0.047752976,0.9463947,0.08222333,0.23079297,0.30995667,0.6459875,0.14019187,0.8841133,0.8458972,0.4514671,0.043174252,0.053391166,0.8655122,0.72072005,0.15722644,0.12119899,0.5904289,0.5964002,0.22256899,0.74546945,0.68060994,0.4514559,0.2372921,0.5245131,0.5259074,0.517753,0.46253532,0.43268704,0.27455628,0.3638785,0.7651528,0.6250783,0.70200974,0.6377255,0.16224077,0.19046432,0.117708184,0.27085945,0.2062262,0.19420838,0.5523518,0.7709038,0.04706833,0.16366525,0.88638026,0.27600893,0.5535045,0.44953942,0.088305935,0.3082805,0.92193925,0.62972474,0.103985414,0.45041457,0.43861234,0.47786295,0.5459752,0.22690907,0.9418958,0.7168355,0.23962863,0.19806126,0.35592705,0.3131284,0.49500474,0.8527498,0.1373754,0.10926001,0.1208037,0.27688068,0.83865416,0.03018919,0.09361419,0.44302267,0.09959999,0.32722604,0.1355346,0.9697064
BC2026_Train_0002_S08_20250607_030007_20,0.94764507,0.9461035,0.57845545,0.94192016,0.98674166,0.36132705,0.21726337,0.1954914,0.77478826,0.44277155,0.8209101,0.7960533,0.51299334,0.67544484,0.2405937,0.24349526,0.9574857,0.13421032,0.7340815,0.6767397,0.96804106,0.072307356,0.33534753,0.6849742,0.8413028,0.8517971,0.31257945,0.8650532,0.30638415,0.77562344,0.9997052,0.80177593,0.6870627,0.5075883,0.7937257,0.5431256,0.7584481,0.9583423,0.8234384,0.98806286,0.83520055,0.40867972,0.9562346,0.90139925,0.9063878,0.905789,0.95285404,0.99130476,0.98376065,0.9727221,0.9709282,0.9854733,0.98321116,0.27652138,0.983402,0.34794265,0.2320907,0.7651264,0.44159347,0.8877112,0.58797854,0.8039671,0.73629546,0.9197614,0.36210853,0.05031512,0.4755057,0.9294387,0.28572336,0.5957031,0.14870083,0.34108824,0.1533049,0.41817486,0.17641056,0.3794616,0.39358544,0.08910752,0.07722242,0.10108577,0.12674609,0.5992804,0.34846175,0.1345301,0.17284483,0.9059224,0.28550324,0.23861665,0.47621682,0.17848068,0.6604333,0.16374007,0.51265466,0.069462076,0.19532204,0.2152226,0.12480377,0.14770588,0.28268766,0.07406329,0.95039904,0.18219015,0.5922971,0.7900244,0.8508632,0.08866081,0.6761513,0.46514255,0.084958315,0.78097844,0.4950957,0.22867236,0.37622637,0.5759628,0.78151655,0.34052652,0.49467868,0.12089539,0.45421314,0.28525686,0.18506342,0.082154855,0.8468907,0.18067855,0.7971635,0.24852669,0.27530596,0.14686358,0.3622461,0.16792542,0.11699617,0.34318566,0.35146302,0.14005224,0.45019978,0.9051751,0.3525055,0.38769227,0.40873167,0.80096126,0.07458354,0.15041992,0.74588275,0.19632149,0.62517,0.7330519,0.6572168,0.13003854,0.044204578,0.06666252,0.5842375,0.122903004,0.13129614,0.2985771,0.023736585,0.09557429,0.13746914,0.9110246,0.08994116,0.21149781,0.15877762,0.5267782,0.12313675,0.76128876,0.689167,0.23914921,0.055928677,0.14389195,0.915462,0.67295825,0.15463132,0.2731776,0.7193383,0.63974786,0.21724477,0.71975225,0.7060635,0.63073325,0.10801557,0.4035269,0.19867516,0.35561615,0.5249899,0.52889395,0.2935569,0.56875277,0.7528573,0.63062036,0.72853065,0.5885361,0.22364032,0.10388026,0.09159063,0.3962326,0.2107498,0.25573054,0.6406292,0.7080909,0.051221855,0.23983334,0.7673739,0.686576,0.5996052,0.55441403,0.12069221,0.14502218,0.9738257,0.48833892,0.07431025,0.43291986,0.62544143,0.51544464,0.14074361,0.49492604,0.8662721,0.60856825,0.2717898,0.2537436,0.5397182,0.3866611,0.3791684,0.918931,0.09580542,0.15015882,0.20936942,0.18555081,0.7026057,0.028845081,0.044299066,0.6174745,0.14075252,0.15560526,0.084460914,0.9279968
BC2026_Train_0002_S08_20250607_030007_25,0.9533759,0.94965565,0.3684088,0.9002079,0.9569927,0.30496556,0.33497667,0.41617137,0.72594595,0.41780704,0.658978,0.5941708,0.555596,0.7811188,0.19219923,0.3315037,0.90298176,0.109691694,0.86230296,0.7750952,0.9480696,0.47395948,0.5829203,0.7232963,0.83127856,0.8100984,0.54472405,0.83312285,0.15095377,0.54945034,0.96751165,0.71348184,0.54639316,0.66418636,0.77238107,0.6431661,0.7178149,0.9808452,0.7706313,0.99659956,0.7658646,0.41644037,0.9729963,0.8797586,0.8707458,0.87221,0.94370586,0.9754301,0.9863367,0.9817421,0.99672425,0.9968,0.9993355,0.13045283,0.9995979,0.32600057,0.27080834,0.970868,0.5453334,0.91875005,0.60641766,0.61979187,0.73867255,0.8966422,0.36865354,0.30623406,0.6259594,0.9854901,0.2107813,0.3411805,0.093269244,0.32951945,0.25848073,0.6196473,0.09312822,0.39219707,0.49799514,0.043759666,0.02797323,0.24873592,0.13003725,0.25833267,0.4090745,0.19447777,0.17858154,0.91362965,0.42220995,0.24130157,0.45741588,0.12121618,0.6187191,0.18664485,0.34608942,0.10233654,0.12492407,0.2650267,0.1356901,0.22913179,0.26755476,0.07574729,0.71348584,0.18219268,0.7718521,0.84882283,0.8343674,0.21852192,0.46150136,0.2436072,0.08589506,0.7624235,0.5523687,0.2703192,0.52751654,0.50531673,0.48294616,0.24754798,0.502839,0.25855234,0.5848981,0.3728531,0.37403047,0.13508713,0.78846204,0.18062004,0.8637353,0.28801507,0.09056015,0.18995968,0.5391983,0.2079108,0.046764307,0.26522171,0.33224785,0.06586727,0.33597207,0.9417684,0.66915745,0.3602752,0.25693208,0.9121354,0.19207916,0.19827718,0.6143405,0.40189993,0.868441,0.542506,0.48896432,0.1335808,0.046673078,0.06161736,0.54433817,0.024305021,0.061495166,0.3983249,0.03518375,0.07599114,0.085165754,0.8601396,0.067173064,0.4114406,0.3105511,0.28311092,0.235513,0.73267317,0.59440374,0.14209017,0.11161249,0.39571923,0.8660685,0.55252886,0.16747475,0.21741092,0.5907823,0.49208277,0.3828854,0.6865097,0.3832667,0.69415,0.12354693,0.4067393,0.24568692,0.52254367,0.5002948,0.19370852,0.54899794,0.5677328,0.5621771,0.61160934,0.55136126,0.65053844,0.2185752,0.19244957,0.16175565,0.4004026,0.13441329,0.07948364,0.5333742,0.7507541,0.06182944,0.18262911,0.61012614,0.6303239,0.47846988,0.42274684,0.16977954,0.13826427,0.9659562,0.5588742,0.048122503,0.37520862,0.76851714,0.7976507,0.12708005,0.4672746,0.90634227,0.7145268,0.18990588,0.29688358,0.6251692,0.38060087,0.2670237,0.8756058,0.03325417,0.22013852,0.1518641,0.17286038,0.5285785,0.09107803,0.054897666,0.44075915,0.20932373,0.16982588,0.10130252,0.83905554
BC2026_Train_0002_S08_20250607_030007_30,0.9228064,0.9270959,0.37026632,0.99464715,0.89771944,0.10894347,0.3188302,0.28355563,0.7378669,0.58975834,0.8454313,0.72825783,0.5924633,0.7464986,0.2618899,0.43567163,0.9118297,0.17777076,0.83243906,0.5559627,0.99244106,0.17483377,0.52114695,0.66309834,0.8781003,0.84366846,0.36565307,0.83007526,0.2765228,0.6537268,0.9819139,0.7520175,0.6569214,0.54213274,0.6472163,0.65789294,0.8613472,0.9299135,0.82194173,0.9954562,0.85050714,0.40803778,0.9543162,0.9008831,0.8142022,0.80294406,0.88493896,0.9512858,0.9821403,0.8984268,0.95565355,0.9591531,0.95393085,0.2518378,0.9551635,0.2532191,0.35954058,0.8773416,0.37160552,0.82450294,0.58109725,0.596008,0.867797,0.91591555,0.4354164,0.12830053,0.5954121,0.97958374,0.16719094,0.36960298,0.18202618,0.36174607,0.45254427,0.39716458,0.07619658,0.3247823,0.43392414,0.080712244,0.054215252,0.12335318,0.21197689,0.30218995,0.30849797,0.36053163,0.16771066,0.8568084,0.3407399,0.23120359,0.6000802,0.27962244,0.41946137,0.38001087,0.34159595,0.08299282,0.09107654,0.32104945,0.049948297,0.19792697,0.48386616,0.15247135,0.8354082,0.20933372,0.64819384,0.84680885,0.8417221,0.20316714,0.55910313,0.33716816,0.20858791,0.84260136,0.68789876,0.32770348,0.5344324,0.6210543,0.5670758,0.36049247,0.5897598,0.11465471,0.3254786,0.36890334,0.23315293,0.14046946,0.7652204,0.20845261,0.8513882,0.45024008,0.1310395,0.26000127,0.65667355,0.24664325,0.08941501,0.4583013,0.22006054,0.056383997,0.48660386,0.79055774,0.72687805,0.4286508,0.4119962,0.92606544,0.17526904,0.32943606,0.6890141,0.53332996,0.6928737,0.7190075,0.6637273,0.11874091,0.0810111,0.10959122,0.5167682,0.04638592,0.11740949,0.53500086,0.08762258,0.26821595,0.10501592,0.9476023,0.13737398,0.21257967,0.3574329,0.31567842,0.3144604,0.9337713,0.6652143,0.29514876,0.10079144,0.18880644,0.9376571,0.64772856,0.36788225,0.10108395,0.7528994,0.6115292,0.25159627,0.78487086,0.39194074,0.54166955,0.20283046,0.43572763,0.4353608,0.68802345,0.34840065,0.30356532,0.37442976,0.5160754,0.5198164,0.42373836,0.4482686,0.73235,0.2461337,0.3558635,0.15846002,0.38772327,0.24979374,0.115447626,0.501495,0.82421756,0.07924305,0.07265075,0.7994218,0.3327142,0.44070095,0.42913157,0.22281095,0.40695506,0.9217354,0.4359437,0.108572915,0.50873744,0.42454106,0.8162176,0.22431841,0.13390726,0.9188427,0.78181964,0.15565766,0.24945542,0.6415714,0.35792512,0.45160997,0.9335603,0.070371315,0.28774685,0.114750296,0.19702226,0.6030037,0.09770642,0.025342524,0.48076308,0.3694769,0.15152708,0.13691388,0.90567136
BC2026_Train_0002_S08_20250607_030007_35,0.98232496,0.89373976,0.439489,0.9201704,0.91896033,0.19139397,0.13913825,0.4292027,0.5934425,0.41249257,0.81669503,0.8263054,0.45649618,0.77948684,0.2337969,0.49664629,0.92464924,0.06799479,0.7452297,0.56915385,0.9902948,0.21987554,0.6203696,0.74708664,0.91995907,0.8819907,0.2629282,0.88940823,0.16292411,0.54214287,0.9890641,0.6901728,0.66672844,0.533931,0.62695396,0.5436398,0.8196291,0.926121,0.7633236,0.95340246,0.8308926,0.39156893,0.9890153,0.9222075,0.81996477,0.79273653,0.877299,0.91294456,0.936217,0.88184893,0.94816256,0.9458481,0.94568324,0.19205254,0.9524758,0.3877866,0.32256997,0.65251005,0.3117103,0.85451996,0.6450559,0.59841883,0.86599994,0.87506133,0.692762,0.1601129,0.4032091,0.98169315,0.101713,0.40057224,0.15837625,0.23528416,0.1579713,0.28453624,0.034888506,0.2958981,0.4815529,0.039633,0.12034394,0.10412221,0.118985385,0.42335123,0.23045239,0.20590407,0.15116851,0.7582141,0.2649034,0.3330689,0.38869798,0.25833046,0.51419884,0.17718224,0.39759183,0.044077642,0.08980188,0.26300424,0.07777942,0.2283968,0.40968955,0.096127525,0.74512935,0.32206202,0.36230212,0.78478014,0.9235706,0.06425263,0.45129687,0.5422112,0.18703172,0.6181723,0.4986655,0.3310082,0.23465909,0.37743038,0.48581505,0.3306051,0.6766807,0.2074683,0.16687131,0.30903268,0.18567541,0.035192773,0.85192,0.1716004,0.87311304,0.4643932,0.1905308,0.10259935,0.3524769,0.18742397,0.098359525,0.49012244,0.29886228,0.09631648,0.24649319,0.804327,0.51262236,0.3525378,0.3029256,0.6988226,0.0642309,0.20122221,0.68736994,0.29751992,0.6925342,0.89548075,0.48450002,0.0711088,0.071871765,0.10195381,0.6202146,0.09103931,0.13381644,0.5233165,0.04678683,0.1734198,0.098877594,0.82742345,0.26899305,0.23845643,0.2123144,0.58475435,0.27673116,0.802053,0.8285364,0.49495682,0.040638417,0.10082929,0.86119354,0.49807543,0.1542032,0.16018671,0.6200801,0.6098556,0.26474446,0.77561367,0.36760354,0.31513876,0.30402577,0.56891495,0.1837075,0.42488462,0.3134476,0.5798002,0.26610857,0.32747415,0.65371644,0.39080644,0.3449874,0.63562095,0.10157803,0.13159755,0.12583686,0.16734314,0.14059487,0.30463365,0.4922123,0.761662,0.09368095,0.11217425,0.6294154,0.37526453,0.49276218,0.21467316,0.0891718,0.4274752,0.93355846,0.48445627,0.03682767,0.54804736,0.35240418,0.5341102,0.4948675,0.039071247,0.88765776,0.65842247,0.18245831,0.3466274,0.58563966,0.28797495,0.2337279,0.91733664,0.21800748,0.1982944,0.1617271,0.08418211,0.2992335,0.14205492,0.048938192,0.40180284,0.35074365,0.061072312,0.06943425,0.8470868
BC2026_Train_0002_S08_20250607_030007_40,0.9394138,0.8975488,0.69706535,0.90308565,0.9069376,0.1928303,0.2635448,0.6296123,0.81676257,0.29270005,0.65925,0.66398,0.48706418,0.90293014,0.2838504,0.4839977,0.9350302,0.15952483,0.85470486,0.6693126,0.9587785,0.18337876,0.6787329,0.638503,0.95042014,0.883438,0.31999978,0.9198803,0.26179546,0.4845525,0.9611718,0.6350472,0.6340935,0.45954865,0.505026,0.58812785,0.8062624,0.9207276,0.6959799,0.97232723,0.6855484,0.1800667,0.98404896,0.87848926,0.7491393,0.7489208,0.84928346,0.8742565,0.9095198,0.87895,0.97095686,0.9579954,0.96983135,0.05049134,0.99358654,0.33424821,0.17153525,0.89414704,0.60539347,0.8647951,0.60422885,0.67299426,0.9115299,0.87577724,0.82618725,0.08206771,0.40873456,0.95963526,0.07673645,0.44891813,0.137613,0.4079585,0.049931087,0.33680058,0.10859113,0.2494242,0.32528824,0.047195002,0.33971,0.05749291,0.2262401,0.69746304,0.36682892,0.057969853,0.32079583,0.735492,0.5381752,0.24752244,0.35139328,0.4344219,0.6837162,0.27435777,0.37182134,0.03071339,0.15957294,0.25766698,0.06552623,0.30010068,0.2563569,0.07187929,0.67815137,0.4441359,0.28784046,0.76584125,0.88632786,0.05915133,0.29724893,0.41295397,0.14310965,0.48565352,0.63077974,0.30797487,0.3418802,0.34204745,0.6648686,0.14862275,0.6827543,0.09083335,0.16441146,0.22737208,0.1319437,0.033336855,0.677634,0.0763238,0.892223,0.23318812,0.20700885,0.1244283,0.33392274,0.09037054,0.112473354,0.460553,0.44182652,0.30515832,0.23835984,0.7042997,0.46021008,0.1705927,0.3724876,0.687942,0.09022339,0.16336817,0.7217586,0.2815544,0.3269741,0.7807169,0.43491173,0.025878992,0.058045343,0.070864975,0.57927155,0.12801042,0.23052908,0.62413406,0.056686103,0.20907974,0.09947775,0.82931554,0.15216875,0.39875227,0.29838002,0.5004128,0.14114988,0.90740025,0.8631823,0.15527524,0.07793891,0.092043355,0.88770944,0.5048455,0.059126064,0.14088476,0.613721,0.57501537,0.22298461,0.68780065,0.24485566,0.3982013,0.30491072,0.54703623,0.20997342,0.47818267,0.48939955,0.4667724,0.07098068,0.28717327,0.6984688,0.5596462,0.36552566,0.6881479,0.17663723,0.23604214,0.32582647,0.12423961,0.16966784,0.16100857,0.68493485,0.6789532,0.053296335,0.060863376,0.7803956,0.5122067,0.5978683,0.25568312,0.15737736,0.5181577,0.94369376,0.66299045,0.029477837,0.44778514,0.4778342,0.49918607,0.31220877,0.050570663,0.8809987,0.71624076,0.12172079,0.34612197,0.60093415,0.27242875,0.25385076,0.96013,0.08281948,0.08817096,0.22427103,0.0851184,0.2911994,0.25857806,0.07826258,0.2850316,0.15047148,0.07923642,0.111762986,0.7778064
BC2026_Train_0002_S08_20250607_030007_45,0.9573648,0.9091337,0.91256046,0.9926851,0.945325,0.41049165,0.2505315,0.5665948,0.82877076,0.490299,0.500364,0.9214911,0.57227504,0.9376209,0.54386246,0.6930001,0.9578198,0.43672532,0.81832564,0.65473473,0.85064906,0.5957151,0.5700047,0.72292626,0.99929714,0.92155063,0.7178361,0.966325,0.52528167,0.74458504,0.9489332,0.39657202,0.39562726,0.31854945,0.5110444,0.6904571,0.9185684,0.9115372,0.6766648,0.93391585,0.71831393,0.18451065,0.97326434,0.8040532,0.78736925,0.8002938,0.8398723,0.91344076,0.94086254,0.8913325,0.966041,0.95894253,0.9674988,0.07637937,0.89608824,0.4180114,0.13640533,0.78048754,0.8607799,0.82405746,0.55847645,0.73289394,0.8454888,0.9764813,0.8902086,0.17444238,0.5278039,0.9700749,0.25138783,0.7202182,0.15453467,0.3820734,0.11901567,0.3727405,0.34376323,0.23987924,0.30212587,0.046277415,0.17256337,0.0682165,0.07849553,0.589707,0.3888396,0.12090063,0.1450325,0.6472502,0.49232015,0.24842352,0.3296308,0.19900477,0.57716566,0.51149535,0.112593144,0.051486142,0.19473964,0.11555721,0.105492756,0.29092267,0.4269122,0.12006658,0.98069525,0.42511404,0.41606778,0.73680305,0.8145008,0.22584414,0.40046483,0.25886756,0.12899491,0.5290227,0.5699722,0.33318323,0.282811,0.43291152,0.7156719,0.1373077,0.7154491,0.058911003,0.40945792,0.29080862,0.31076875,0.08976816,0.87409043,0.04634092,0.8384545,0.26294902,0.50753665,0.17001063,0.52772075,0.14606278,0.33630002,0.14734921,0.11839184,0.08358395,0.14122322,0.8825016,0.68686545,0.15646291,0.3166889,0.75430596,0.19354925,0.17555228,0.7609653,0.4830286,0.7393474,0.5725857,0.39550316,0.061319105,0.034288086,0.053534456,0.45680475,0.11753853,0.12884101,0.4735936,0.19212762,0.27766562,0.18206877,0.85162187,0.1817053,0.23378894,0.11466382,0.39300984,0.061734833,0.6462013,0.73501396,0.34319448,0.039611332,0.029212456,0.6675025,0.5150338,0.10222927,0.15156928,0.6215175,0.50498617,0.1157026,0.6634649,0.27949822,0.43091968,0.21186754,0.7146255,0.22545642,0.4389708,0.38349622,0.59942603,0.047126837,0.15251318,0.5741173,0.3557244,0.25509432,0.5945828,0.14200667,0.2179562,0.5507791,0.3484614,0.12804969,0.10386044,0.58334637,0.5997517,0.1359125,0.0584509,0.8465177,0.58462477,0.5496186,0.11849117,0.16139609,0.3200928,0.86359036,0.56933063,0.09931889,0.38769197,0.39441895,0.19685149,0.3079012,0.15385723,0.8415169,0.46958548,0.20994028,0.28993806,0.37982967,0.105262876,0.2964216,0.958575,0.092321776,0.049555942,0.27853245,0.037176818,0.26264042,0.083274335,0.092880264,0.1151901,0.13157909,0.03327942,0.032429084,0.6388444
BC2026_Train_0002_S08_20250607_030007_50,0.9655019,0.92604554,0.5466063,0.96113455,0.9689503,0.27216324,0.1242632,0.42211723,0.73486435,0.4525056,0.63820374,0.80967593,0.6679398,0.8849081,0.3333124,0.55805165,0.95916,0.5255166,0.9723337,0.7411914,0.7743405,0.6841089,0.79503095,0.8449495,0.918115,0.8169863,0.54411113,0.8015018,0.30441487,0.58713824,0.9809005,0.7711123,0.67250836,0.60016674,0.7953299,0.4539942,0.7125097,0.9943496,0.8010196,0.9775316,0.9080502,0.5608591,0.99985874,0.8587564,0.8587214,0.8664745,0.92870617,0.99018717,0.9880303,0.9382312,0.98729205,0.9815599,0.987187,0.33437017,0.97000015,0.3753898,0.2159845,0.75049686,0.47332206,0.8311403,0.75125635,0.5885596,0.76709974,0.9781138,0.7911365,0.3308671,0.64773464,0.9270474,0.1385408,0.5943273,0.11737209,0.44437104,0.04570152,0.3526224,0.10525856,0.3923362,0.30746615,0.06151883,0.16978918,0.194922,0.12368882,0.38935864,0.25051898,0.44204766,0.31257445,0.76058054,0.5424185,0.30819264,0.4238413,0.22278696,0.6498795,0.2671144,0.21916878,0.10635583,0.37043023,0.14089806,0.079243794,0.24901986,0.25210664,0.22759801,0.8597553,0.41400242,0.7259042,0.6394156,0.86160076,0.16657826,0.5894377,0.32912314,0.094113044,0.8106663,0.6192826,0.34112316,0.4468202,0.3432603,0.5412309,0.28334132,0.5606922,0.151757,0.23216036,0.171015,0.43527657,0.07846925,0.8700308,0.021570332,0.81290185,0.35453582,0.55369115,0.116229974,0.34264344,0.16798282,0.12629521,0.101946354,0.068531185,0.03863702,0.35808897,0.8265492,0.65263975,0.36318445,0.29900813,0.78350186,0.10018097,0.4425711,0.6730085,0.26025438,0.7265989,0.7384038,0.47124445,0.14088939,0.10101326,0.111589804,0.41689074,0.20569304,0.22501905,0.43671587,0.091202945,0.26346636,0.14405307,0.9063815,0.3711838,0.29164818,0.36975014,0.5041338,0.15059716,0.7636602,0.7137202,0.2239143,0.06464007,0.037503812,0.71778965,0.6114943,0.17050585,0.094709605,0.462905,0.52765924,0.1260196,0.63585985,0.2795661,0.24350975,0.11915031,0.71067035,0.17230275,0.3080495,0.33529645,0.45775175,0.08918938,0.24812004,0.6815258,0.45478058,0.36041087,0.67406905,0.18951848,0.20340168,0.2937593,0.20263298,0.24328259,0.15830058,0.46668628,0.7178745,0.050314277,0.23788697,0.73683536,0.61216486,0.29747128,0.30429292,0.07873863,0.24872501,0.91322744,0.46807432,0.05455233,0.31435877,0.64830375,0.19972727,0.452545,0.08783631,0.87814426,0.5761768,0.32644677,0.2870234,0.30498648,0.20307872,0.39840704,0.8673438,0.31485975,0.07958217,0.31352592,0.09460456,0.3068079,0.06083594,0.058178417,0.23194897,0.29013264,0.047998272,0.075296134,0.8246665
BC2026_Train_0002_S08_20250607_030007_55,0.8937299,0.9384219,0.46674556,0.8874687,0.9450349,0.24789906,0.085887894,0.44290388,0.6020179,0.3297037,0.6023685,0.890622,0.74004984,0.8635606,0.28123277,0.47556865,0.97309494,0.1920797,0.9377073,0.58496207,0.85225546,0.36207378,0.6337285,0.6813766,0.9192628,0.8585932,0.56883264,0.79032815,0.222985,0.39152092,0.99415153,0.72954154,0.5764206,0.54169214,0.650334,0.5042012,0.7628412,0.9717914,0.75548553,0.9333559,0.7978952,0.43650007,0.9942521,0.85036445,0.8198122,0.818612,0.9086782,0.9106493,0.9701282,0.9613715,0.98810923,0.97999096,0.99455273,0.13304538,0.98349404,0.34563845,0.18635482,0.8468919,0.558455,0.8074442,0.6880553,0.675961,0.6494005,0.93729687,0.5571073,0.16917887,0.4175945,0.91264665,0.2677354,0.3227964,0.17877692,0.25267208,0.08926873,0.39539266,0.15470088,0.37080437,0.41192728,0.079302415,0.43589586,0.050474584,0.082681395,0.6430012,0.23734294,0.47949266,0.257519,0.7933645,0.41620898,0.35500115,0.5496589,0.24818924,0.45500094,0.22172992,0.30361733,0.03253673,0.2519738,0.09606071,0.051255688,0.16354519,0.2897616,0.24273509,0.84829,0.15732124,0.5745886,0.7269936,0.79310024,0.40943143,0.6170769,0.42062247,0.23623332,0.91321874,0.7681937,0.45997807,0.69540673,0.68992615,0.65893316,0.33147115,0.6006125,0.06283435,0.23102394,0.19945616,0.28905654,0.17588475,0.957283,0.02576175,0.77578723,0.46342474,0.31494176,0.14982757,0.54737127,0.12601489,0.10761912,0.36410302,0.08581287,0.0853675,0.23599446,0.75184715,0.32531273,0.4358421,0.38034904,0.57053,0.09783824,0.3189816,0.8444917,0.13496085,0.64446306,0.6351968,0.5368961,0.06023438,0.10404202,0.057859063,0.3975734,0.1326809,0.35766196,0.34369057,0.063510336,0.23697793,0.04601659,0.8893323,0.27626354,0.2483606,0.25684717,0.53688705,0.07926583,0.84968793,0.68758655,0.18397179,0.05213228,0.10155416,0.8911897,0.57634884,0.25393477,0.13800676,0.6033465,0.6893183,0.13900772,0.6318176,0.666914,0.35453433,0.102278434,0.57577604,0.2519908,0.51797944,0.4851384,0.51114917,0.1265545,0.5541172,0.80882454,0.6769898,0.47497892,0.65253043,0.6730292,0.17215627,0.12541991,0.25584805,0.17968327,0.34307343,0.4402309,0.812948,0.04710546,0.21730408,0.858623,0.66164315,0.22139882,0.5102159,0.081461206,0.47874773,0.89628416,0.57224643,0.060323067,0.45375094,0.8002367,0.47544077,0.1736395,0.14953776,0.8559848,0.716542,0.44150308,0.15297224,0.46186692,0.20665544,0.42504138,0.8814101,0.19213861,0.075151645,0.35360676,0.18912902,0.45211065,0.15873316,0.15319191,0.3943699,0.2884199,0.09214342,0.30074167,0.9055426
BC2026_Train_0002_S08_20250607_030007_60,0.88832426,0.8339707,0.7079793,0.92736024,0.86264867,0.06801188,0.12041858,0.5608584,0.5551543,0.39990556,0.39015752,0.95982075,0.7952479,0.7796831,0.3998503,0.11769584,0.9162493,0.22804862,0.8950918,0.8022561,0.82160187,0.5278887,0.43591535,0.5860425,0.74892634,0.738688,0.12401813,0.86091304,0.6025189,0.33298004,0.9377741,0.9269222,0.53051555,0.33762616,0.3565365,0.63566875,0.84921443,0.9568305,0.7319361,0.94769716,0.6428598,0.065339714,0.9282639,0.8815638,0.7053324,0.6938485,0.822172,0.8059788,0.907084,0.98114836,0.93135655,0.9299834,0.93078315,0.21888003,0.9091198,0.46056455,0.25522584,0.93246746,0.848402,0.725719,0.77808595,0.7075496,0.8651459,0.8243985,0.74046385,0.2668319,0.2046395,0.8707081,0.06813216,0.31589186,0.58549166,0.44163033,0.13900979,0.19176844,0.7158642,0.33711255,0.83421665,0.039568663,0.25120243,0.018847583,0.07139446,0.66165066,0.14315332,0.12510833,0.040780835,0.563354,0.6889844,0.42594582,0.21116528,0.069885,0.26598144,0.13552417,0.15990975,0.026067259,0.5135133,0.04538671,0.12599838,0.19250333,0.29524043,0.048907086,0.95097685,0.02719875,0.26518887,0.7349447,0.52033234,0.6214624,0.7835969,0.63171566,0.14780909,0.72652614,0.6737653,0.4353274,0.48975736,0.8462,0.75813615,0.48051775,0.8567531,0.021145416,0.69378173,0.23149554,0.27817798,0.076672696,0.98996246,0.016527,0.6833198,0.16193274,0.33604378,0.07960558,0.8126843,0.13614771,0.08020376,0.5712499,0.031414032,0.12469874,0.36234397,0.9269156,0.37716764,0.5586187,0.4429698,0.54168665,0.13131416,0.21607682,0.91721356,0.055988796,0.34284872,0.7394055,0.28618336,0.10400437,0.035877556,0.01366975,0.21343075,0.35271263,0.16894367,0.6719115,0.14264046,0.061034504,0.09712383,0.93545234,0.06300267,0.045532502,0.068255074,0.25575912,0.1764117,0.7322942,0.96631455,0.38829035,0.06204071,0.13975665,0.88279057,0.42069757,0.17883334,0.17879957,0.38504177,0.59278166,0.08260967,0.57406265,0.9006771,0.40582728,0.13293575,0.30978572,0.0882283,0.9547,0.70413125,0.17047682,0.029008247,0.5244353,0.8942354,0.4340133,0.2613432,0.71544206,0.84737504,0.05537054,0.04648792,0.10215075,0.04760758,0.112776496,0.39183283,0.7327182,0.12611333,0.101539955,0.61840624,0.5665908,0.2641504,0.2505055,0.11132034,0.49978435,0.98887074,0.36924475,0.114789754,0.4031546,0.6503042,0.23987266,0.1863159,0.2801752,0.71070087,0.5812165,0.35785174,0.090723544,0.52748305,0.06701709,0.43800843,0.96136177,0.030092917,0.07437146,0.15179658,0.04634194,0.63492036,0.36443335,0.13107017,0.36264038,0.24556237,0.023777664,0.13212992,0.9914999
BC2026_Train_0003_S08_20250607_070007_5,0.9605855,0.7173594,0.45736295,0.4924087,0.7568674,0.46615624,0.27486154,0.5093688,0.8266436,0.7165201,0.8222288,0.5008578,0.6352271,0.9858999,0.3698765,0.8807363,0.7802146,0.2420052,0.98811674,0.7800078,0.68276477,0.98927915,0.9899166,0.85933924,0.98422897,0.9320429,0.8493961,0.40166175,0.14971662,0.38533592,0.6878257,0.29666188,0.29369405,0.22621289,0.1387965,0.4158224,0.69552505,0.9425554,0.67654145,0.29870808,0.8642274,0.7273514,0.843592,0.55605733,0.5222247,0.5172413,0.86061496,0.5518591,0.6410202,0.86471575,0.85748315,0.85730803,0.85742056,0.24880995,0.79865,0.87136626,0.061743997,0.9915669,0.86450005,0.73175,0.8508166,0.53198564,0.64468515,0.85995454,0.3756631,0.55809605,0.9499093,0.9329351,0.7488792,0.48433584,0.035995416,0.44746765,0.11602033,0.53959745,0.3637342,0.26649988,0.8788725,0.30176955,0.14426236,0.57663816,0.49315673,0.4021707,0.8315916,0.1618393,0.72279805,0.19620168,0.06320171,0.17104873,0.3181805,0.16746208,0.2935431,0.9085206,0.2638956,0.5944267,0.63323283,0.7249979,0.29899865,0.7895969,0.107805096,0.16989067,0.5023332,0.30023858,0.6075083,0.63997066,0.6004342,0.45376524,0.0779535,0.416008,0.3627568,0.73747504,0.5693932,0.41564965,0.10995957,0.6417712,0.44469225,0.6358553,0.47698253,0.15573177,0.60076547,0.25378042,0.93321276,0.964275,0.3476314,0.6751214,0.9809228,0.45828396,0.24509794,0.62632763,0.41744664,0.34586614,0.68878996,0.26576978,0.16956991,0.30377325,0.32010162,0.6809436,0.50305367,0.3376699,0.4097916,0.7345507,0.063006,0.36893165,0.82539785,0.5261739,0.7787992,0.22053,0.40417558,0.19851479,0.19626552,0.23095948,0.25363812,0.18984166,0.35556936,0.24499795,0.67032456,0.29424047,0.51963043,0.269434,0.22594784,0.1835208,0.59521747,0.26764065,0.33228344,0.06503354,0.5317942,0.74027026,0.4738833,0.7341912,0.6714219,0.402996,0.35064337,0.28776643,0.36863476,0.47948816,0.64238304,0.9991666,0.65588856,0.90771663,0.42366543,0.98621035,0.15257828,0.31275982,0.03299042,0.41569847,0.6916506,0.36186826,0.08967287,0.2941581,0.065807,0.49000958,0.4267154,0.17534381,0.24422814,0.656006,0.315835,0.6248313,0.6420907,0.364941,0.559075,0.100345,0.22510268,0.17178729,0.07552154,0.16321999,0.5864635,0.2969065,0.35293338,0.82542086,0.49656373,0.8875464,0.75680983,0.79739,0.08461125,0.17201626,0.81495684,0.32767355,0.46191344,0.8012179,0.32315177,0.3365535,0.092015,0.66499126,0.23068991,0.30649877,0.6087762,0.70406437,0.17805967,0.6461115,0.27135557,0.39041585,0.12771788,0.44926882,0.137649,0.07822417
BC2026_Train_0003_S08_20250607_070007_10,0.82541144,0.7162287,0.5992767,0.5227598,0.5834454,0.7200109,0.705426,0.79714596,0.86407757,0.8477648,0.96975493,0.85276604,0.7797245,0.9227219,0.45004374,0.6271317,0.6332232,0.4580496,0.87813455,0.81015277,0.6259992,0.9635236,0.93881965,0.7928108,0.9687177,0.86438954,0.4449576,0.50747776,0.5335767,0.37814975,0.6966799,0.5757055,0.5437933,0.42906624,0.20840973,0.54410076,0.71601236,0.83323306,0.718498,0.5289111,0.80315983,0.6017296,0.79124355,0.7916844,0.51938933,0.53203475,0.85758144,0.5764648,0.6696015,0.8230282,0.8128337,0.80616856,0.8164532,0.6248559,0.8495509,0.69956374,0.23063622,0.5166775,0.5213752,0.6918709,0.51867265,0.46722126,0.74146044,0.7185453,0.39715028,0.735031,0.8254069,0.87846625,0.386028,0.54648155,0.08893742,0.36210173,0.36066407,0.66921186,0.6797873,0.4597395,0.766646,0.28944808,0.46928692,0.8127303,0.5123396,0.40233758,0.9017813,0.43484867,0.76752424,0.617401,0.14136365,0.50990057,0.39052582,0.52633005,0.28471404,0.8204732,0.5847484,0.686075,0.4600157,0.47373128,0.7079848,0.85906565,0.20523503,0.5459588,0.5204035,0.5295294,0.48548222,0.6971909,0.62574637,0.8080063,0.123833,0.60028887,0.58019793,0.67195,0.67055696,0.5432044,0.33795208,0.7015916,0.4872171,0.5883957,0.64141583,0.5375533,0.6532711,0.31326807,0.7976105,0.7886207,0.27314645,0.7690867,0.9042494,0.29077804,0.57571644,0.45519435,0.4879491,0.38975227,0.53500426,0.45514035,0.6634704,0.69065225,0.6210047,0.34901917,0.6409905,0.58089167,0.65652275,0.79815054,0.34464478,0.38533294,0.46176106,0.36782575,0.710446,0.39881718,0.46024698,0.4684485,0.6081362,0.39125663,0.58326554,0.11988598,0.43936104,0.41717017,0.44062686,0.49702698,0.6055388,0.4653095,0.35352874,0.657858,0.5179306,0.39971256,0.88614255,0.1726439,0.6410291,0.56308097,0.53163826,0.5898806,0.26584056,0.72135353,0.7711836,0.25071484,0.49129426,0.56786096,0.27555877,0.9539883,0.26198483,0.58727306,0.12161216,0.9727819,0.46589398,0.34303057,0.1281288,0.3016124,0.69879067,0.30774146,0.42060876,0.47658074,0.0790205,0.6286917,0.51281446,0.69121325,0.42212194,0.8575802,0.18165213,0.42624795,0.8425655,0.48453122,0.40688956,0.6707325,0.37855166,0.49008334,0.16718858,0.49331763,0.2601512,0.5155824,0.68580973,0.54906857,0.45234346,0.77431166,0.49130422,0.62371826,0.25074506,0.11598606,0.8772273,0.46563,0.4859655,0.61677563,0.20562527,0.60658467,0.099512994,0.5450032,0.63379776,0.3421257,0.6038198,0.5585187,0.29768515,0.58613825,0.4518117,0.65474963,0.53869236,0.7560378,0.43009335,0.25743043
BC2026_Train_0003_S08_20250607_070007_15,0.7225038,0.68003654,0.79972863,0.6787882,0.5896343,0.8169583,0.6998669,0.7719294,0.8830706,0.961413,0.98582757,0.9327359,0.7093109,0.9344835,0.66196376,0.5483774,0.6345788,0.52457887,0.9583814,0.6741811,0.6431849,0.9154527,0.85645914,0.6500622,0.83881557,0.7089604,0.6754868,0.3412184,0.45472538,0.96488905,0.62215364,0.09948644,0.19671567,0.6855813,0.08858417,0.081005305,0.11921974,0.9103342,0.6678163,0.14854275,0.7295183,0.8754712,0.61233175,0.50886834,0.53987676,0.54179144,0.8106534,0.604313,0.79918003,0.9461273,0.6314179,0.6212021,0.6387386,0.88299763,0.8253205,0.8014718,0.23231065,0.82270247,0.46361428,0.5267824,0.51262337,0.6247932,0.7278075,0.7337538,0.19871631,0.8022778,0.854336,0.7641398,0.5513827,0.926026,0.036077917,0.2164203,0.15552732,0.7976579,0.5359351,0.33030152,0.56465364,0.451971,0.33817273,0.87170994,0.69594884,0.41295972,0.9467497,0.24105054,0.7623954,0.51555073,0.047231793,0.71460307,0.21824715,0.8999309,0.5976223,0.6113454,0.49669796,0.85020995,0.53595185,0.47148776,0.7144078,0.8339854,0.66648895,0.80752546,0.16070035,0.56599617,0.40167093,0.8156787,0.47186732,0.7724695,0.055236332,0.7219807,0.79734766,0.25778872,0.56827176,0.3863141,0.25390887,0.4793353,0.6617229,0.30475304,0.5882969,0.8505856,0.59693325,0.5594901,0.8680414,0.6096472,0.15766153,0.82948875,0.77883697,0.49962687,0.67306626,0.5348508,0.13914084,0.40937093,0.7787695,0.63959205,0.6140284,0.8835901,0.6624316,0.29760498,0.5851778,0.34637576,0.6260066,0.9869714,0.40637398,0.38772935,0.32072243,0.5826148,0.8903659,0.113658085,0.24550375,0.8192378,0.58476806,0.7980571,0.72950506,0.14440481,0.64575267,0.2789901,0.3612882,0.48073038,0.2978031,0.2670638,0.4802401,0.880492,0.3355553,0.40535432,0.81141317,0.15345234,0.63999844,0.088101424,0.62502813,0.4450388,0.059071958,0.77870417,0.8236073,0.47503644,0.21760482,0.39495844,0.26979798,0.69749177,0.07679938,0.50846785,0.024033334,0.97740555,0.40889746,0.19667286,0.35514063,0.37613165,0.8864075,0.41433424,0.3495956,0.31892088,0.03300046,0.41042006,0.33459085,0.9357625,0.6498531,0.8505409,0.18836124,0.3317346,0.8554932,0.16589016,0.21673986,0.96703744,0.106341824,0.29379094,0.6235182,0.34039193,0.061564475,0.6261351,0.85417295,0.3708865,0.51241493,0.5789577,0.1372286,0.66705716,0.13478601,0.20939288,0.77981734,0.19579768,0.2746982,0.77202725,0.12560737,0.8405547,0.034903336,0.19024694,0.5949788,0.600138,0.5341954,0.5838101,0.43256146,0.65378976,0.7439265,0.8013098,0.6195994,0.6584046,0.2643509,0.09507409
BC2026_Train_0003_S08_20250607_070007_20,0.9444387,0.8282364,0.871658,0.7185581,0.6599952,0.53751826,0.66306365,0.3849386,0.66052574,0.5050275,0.79128444,0.7834009,0.61077,0.94633746,0.4802675,0.80480754,0.72923744,0.637076,0.9601846,0.80243766,0.67535686,0.9942613,0.8708292,0.7452439,0.99033725,0.94069743,0.9166477,0.5940063,0.43258023,0.94529635,0.7074926,0.36539975,0.38939515,0.30419955,0.068385005,0.16434701,0.57132924,0.9677768,0.7316843,0.27246755,0.99132276,0.76732326,0.7609371,0.79580265,0.6886436,0.69731283,0.8857002,0.7012179,0.8278326,0.9433111,0.80037916,0.8156035,0.8194859,0.6170508,0.86195356,0.51660395,0.33535206,0.8765925,0.55550075,0.6783086,0.55685365,0.4923839,0.7384113,0.78945696,0.13476077,0.1513988,0.83288527,0.7096745,0.77330387,0.8500861,0.041331917,0.1626941,0.05323875,0.6897604,0.48870325,0.41609612,0.6497885,0.34638715,0.34462464,0.7567682,0.46214417,0.2792642,0.7704835,0.2629391,0.6413821,0.32109207,0.043061666,0.69130516,0.4294108,0.5929735,0.43999922,0.8801898,0.33739996,0.73562914,0.26393062,0.2227202,0.42304075,0.8517352,0.64737594,0.76650435,0.1662566,0.2826972,0.65242624,0.80413187,0.70526564,0.3352601,0.043658502,0.43750495,0.60958505,0.24452832,0.7112162,0.17951912,0.42788947,0.61103004,0.40222853,0.48342228,0.44288108,0.4983049,0.5603459,0.55836034,0.91097045,0.5482733,0.41429138,0.7107264,0.76221263,0.52767086,0.30449992,0.35848883,0.10651341,0.4092394,0.92721057,0.5600392,0.3075261,0.7605002,0.2864267,0.32073706,0.7802057,0.17101744,0.6876915,0.6177523,0.3663168,0.6484067,0.6095458,0.71561325,0.9071202,0.036926225,0.2561738,0.539989,0.463679,0.6535437,0.5261263,0.18106121,0.6738894,0.42292634,0.65360296,0.474232,0.3797927,0.3504279,0.25351351,0.68027747,0.35570884,0.25028408,0.7773237,0.12680453,0.5084967,0.40612522,0.5505012,0.4145019,0.09216146,0.71482086,0.347937,0.35522634,0.14158595,0.38129997,0.22199233,0.8026079,0.07960701,0.6731062,0.10315497,0.97030497,0.2566541,0.04506521,0.18495172,0.6516088,0.79845905,0.43316197,0.23108879,0.31015444,0.12545797,0.53606486,0.51911294,0.6492158,0.48729718,0.67456615,0.25606817,0.6214531,0.8366903,0.08410026,0.10842106,0.9332377,0.054021496,0.075061016,0.7896073,0.16916332,0.053634606,0.5296456,0.70194006,0.6238377,0.6195926,0.809476,0.1875861,0.69119453,0.31352955,0.22462122,0.4243751,0.23194,0.32894278,0.651587,0.082914755,0.7663133,0.06091458,0.2151404,0.32680708,0.44811442,0.66830266,0.3657714,0.247107,0.510955,0.6330433,0.692827,0.2078323,0.6067736,0.13857624,0.099759474
BC2026_Train_0003_S08_20250607_070007_25,0.8797296,0.76535356,0.9194168,0.66419435,0.56723374,0.4578989,0.43775684,0.4128123,0.78663504,0.41516578,0.57369506,0.78874695,0.61669374,0.87400097,0.43112615,0.8949033,0.6804869,0.27646393,0.71490574,0.67724097,0.6920155,0.6671239,0.75698936,0.7470212,0.92801464,0.887446,0.80991274,0.69980204,0.5243217,0.67490435,0.68582165,0.27985308,0.6645381,0.23064847,0.10039908,0.40937936,0.6482894,0.8492847,0.7408174,0.28727585,0.9311923,0.76588136,0.64406717,0.8154897,0.6453142,0.6465682,0.80947876,0.6333641,0.7883688,0.90349346,0.66548204,0.64901614,0.6467428,0.8415314,0.814566,0.32083803,0.32893842,0.46322942,0.30991957,0.57484835,0.4123038,0.3764334,0.5463762,0.7155275,0.22475526,0.35095268,0.667837,0.72312295,0.7597772,0.8240658,0.06892133,0.24848896,0.055459358,0.8172549,0.70113015,0.4377889,0.7005601,0.5754729,0.3377831,0.63522553,0.4554043,0.2820598,0.821152,0.11143729,0.7871812,0.29371807,0.09030138,0.45489132,0.5988289,0.4292468,0.16361776,0.9492984,0.1094063,0.73411536,0.32374924,0.22236106,0.5448877,0.78644276,0.4372055,0.8498903,0.28384367,0.13779965,0.59629524,0.66378033,0.5229498,0.36241698,0.023841415,0.4918849,0.6821312,0.3613862,0.89025545,0.26637477,0.27501506,0.5904912,0.29528287,0.6350069,0.36473674,0.6363858,0.49707973,0.80244327,0.8666407,0.58461696,0.3697135,0.7699462,0.75990653,0.66396403,0.30546185,0.48139822,0.13690825,0.4798166,0.9910469,0.48755407,0.15605806,0.6406907,0.22859877,0.2810238,0.6293483,0.32868254,0.8011745,0.25546095,0.4827974,0.69894874,0.6004867,0.579996,0.6436852,0.12288667,0.30712983,0.69823694,0.22943397,0.9153917,0.19274461,0.4835325,0.6396228,0.322953,0.7080327,0.63332486,0.64393103,0.31371957,0.4044066,0.5284928,0.25195777,0.44367743,0.5149822,0.03256852,0.4925661,0.43886355,0.71981835,0.5143668,0.17597252,0.6256416,0.24251421,0.5526902,0.24275148,0.1545306,0.19123344,0.8784279,0.12756002,0.7538805,0.50565827,0.90639055,0.13436842,0.089530975,0.2659837,0.5258932,0.5259569,0.5236068,0.3117258,0.16049829,0.33312708,0.6974373,0.61442614,0.62690675,0.48457766,0.7718024,0.28859222,0.5668495,0.73855555,0.10309833,0.1697199,0.9322119,0.11185548,0.024780042,0.65513635,0.11610581,0.20057017,0.5474686,0.78130794,0.654236,0.69257164,0.8429049,0.17486206,0.9087535,0.17344704,0.20082963,0.2823165,0.35045987,0.61594087,0.7306082,0.09695588,0.22513933,0.18929446,0.1673181,0.44042033,0.45970207,0.71779704,0.4786486,0.20478828,0.57045203,0.7072812,0.334126,0.11808996,0.51666254,0.43575543,0.084142074
BC2026_Train_0003_S08_20250607_070007_30,0.79543066,0.6928727,0.8568585,0.45080525,0.5196933,0.32946643,0.46013904,0.50025415,0.39481115,0.78204536,0.84028757,0.9062555,0.38083267,0.8970585,0.616915,0.892629,0.69616807,0.17370889,0.8453109,0.84660685,0.70247424,0.831595,0.67742765,0.5979415,0.93186677,0.69484556,0.6407553,0.48352557,0.28364545,0.56019866,0.6474763,0.15474166,0.25597787,0.22536412,0.07651675,0.2624913,0.63735425,0.93851113,0.67872494,0.33735982,0.7015267,0.3761233,0.65877223,0.57493734,0.5450375,0.5397812,0.85169244,0.54615796,0.78011584,0.979218,0.75038314,0.75545436,0.76836133,0.7900963,0.7074175,0.43952012,0.16633391,0.36845285,0.3475852,0.6113114,0.58142805,0.39368707,0.60380316,0.7502466,0.55931896,0.23350757,0.71067846,0.7807827,0.60772175,0.7017045,0.12113592,0.15992713,0.18614972,0.92419684,0.5126192,0.63572156,0.75003386,0.6329024,0.4800831,0.49944913,0.5336089,0.4101858,0.9414228,0.08099158,0.719641,0.22310665,0.23629999,0.26066804,0.5002098,0.78764355,0.17706504,0.59639275,0.17123643,0.77410805,0.32073903,0.4270767,0.7332094,0.67184377,0.6828052,0.84740925,0.40555048,0.23483363,0.7065861,0.5286704,0.34842485,0.6419096,0.040665753,0.6514144,0.7903182,0.651981,0.8583158,0.57773167,0.15803704,0.4455071,0.5426184,0.6948477,0.6038282,0.77904654,0.70304847,0.95224863,0.74622464,0.89936125,0.42511815,0.75142574,0.65823317,0.71939224,0.6890812,0.69284034,0.21717364,0.6568998,0.95661104,0.62450886,0.28273404,0.88326657,0.1725778,0.5570848,0.4294529,0.24394107,0.72158444,0.38662112,0.39481914,0.733814,0.7085643,0.69806194,0.51120913,0.23301536,0.18455836,0.9059932,0.37746364,0.80921507,0.11394031,0.68975425,0.45022708,0.28487962,0.71829414,0.4816169,0.61784387,0.34603333,0.55200964,0.5101963,0.60841423,0.56893456,0.36362356,0.020791978,0.8562133,0.12951636,0.78027725,0.63055384,0.42352945,0.3939281,0.61725277,0.74510086,0.17195913,0.19206968,0.3146187,0.65557444,0.3221442,0.59966576,0.59946686,0.8869004,0.04808058,0.3771745,0.3551187,0.3784654,0.64764357,0.4860706,0.4235174,0.10587171,0.12640807,0.535017,0.67085874,0.761305,0.8811859,0.8972486,0.3474604,0.48174158,0.8099623,0.07840784,0.15313132,0.63121223,0.30750638,0.024372831,0.7130829,0.12197311,0.5276824,0.65587735,0.7384728,0.85717607,0.6164657,0.70612526,0.4499729,0.8805026,0.37531936,0.25242156,0.6643574,0.3558583,0.70345306,0.6390991,0.13171239,0.07638504,0.45471975,0.21066685,0.36741638,0.22432655,0.70831233,0.65503347,0.07057054,0.59220886,0.8242129,0.27755147,0.38458747,0.3831883,0.60940623,0.05643613
BC2026_Train_0003_S08_20250607_070007_35,0.8440212,0.6854838,0.4989533,0.5109559,0.5257596,0.494492,0.5725937,0.14960058,0.46829712,0.81321526,0.7987453,0.8342042,0.52815616,0.9456774,0.5403434,0.7710537,0.7230506,0.4078157,0.90087295,0.73165053,0.62216914,0.86801076,0.4948936,0.6148022,0.8969357,0.8766109,0.30652666,0.6916033,0.40996987,0.16369581,0.6966879,0.3503095,0.27676362,0.19231035,0.21331608,0.35568786,0.6724262,0.8531289,0.76113033,0.36625496,0.79832804,0.6049348,0.70043516,0.71691644,0.58124876,0.5804802,0.81755674,0.5904082,0.6881014,0.83894926,0.7872261,0.7926657,0.7939043,0.45966703,0.80630517,0.5938436,0.15573126,0.8905828,0.5007063,0.66235673,0.4788491,0.274606,0.51785165,0.75161064,0.420226,0.29812267,0.75950694,0.72108746,0.3321023,0.62094265,0.09090933,0.4540617,0.6557714,0.6184297,0.49789548,0.5080299,0.79669225,0.40782356,0.7040812,0.74623525,0.33278203,0.51184803,0.90181386,0.32228196,0.6039456,0.21322867,0.21390773,0.3682484,0.806798,0.84495866,0.28624165,0.47314852,0.122705735,0.44985303,0.4797797,0.21554089,0.58528554,0.9729767,0.7066231,0.62501323,0.42555583,0.18280154,0.6684712,0.7291142,0.67120427,0.6753727,0.105353,0.32441962,0.6204263,0.8083307,0.80543065,0.6749773,0.19670308,0.4652856,0.4066224,0.7182474,0.5103744,0.5512215,0.6786231,0.9298827,0.7594447,0.9134387,0.6470766,0.38122815,0.6962435,0.49116325,0.60613346,0.5263765,0.5719516,0.7837231,0.69570637,0.4712699,0.6537175,0.7999251,0.1971167,0.44716096,0.45441544,0.31442964,0.5706314,0.60637397,0.23084289,0.55920947,0.7748287,0.5069746,0.56316125,0.1805057,0.31960905,0.56333536,0.16782531,0.46327543,0.31415075,0.6638708,0.5325076,0.34475207,0.29389426,0.48704907,0.47808212,0.27647233,0.42997354,0.21230656,0.28448126,0.8423677,0.68198586,0.046430066,0.9184091,0.19559811,0.78575134,0.49475455,0.57747394,0.4100567,0.65885735,0.5856527,0.41025674,0.5122963,0.39916044,0.750394,0.15418454,0.80636704,0.21783367,0.85225976,0.1272122,0.45990953,0.518686,0.3266487,0.55495316,0.27829403,0.55268073,0.32562625,0.116218425,0.7711947,0.9000692,0.50813305,0.68320715,0.9325321,0.1667254,0.53569317,0.881144,0.11883786,0.33302182,0.39670494,0.5501614,0.107926205,0.65898055,0.48271263,0.39351726,0.41119158,0.6819186,0.31817257,0.47416323,0.89014906,0.53833467,0.6368583,0.31145763,0.15228756,0.5773399,0.6436207,0.38271463,0.57214606,0.19282657,0.14815834,0.2536916,0.20583002,0.5297114,0.17294556,0.5079168,0.5027442,0.14570493,0.2850206,0.70128644,0.3393532,0.7342212,0.42820388,0.40885842,0.14057334
BC2026_Train_0003_S08_20250607_070007_40,0.7883761,0.6594364,0.39082962,0.49728638,0.5136965,0.2633669,0.55338484,0.20201775,0.6506752,0.9661217,0.6057389,0.5966922,0.6924646,0.9100864,0.3919428,0.49944848,0.7098285,0.26614672,0.8187634,0.70908666,0.6995975,0.89407825,0.6191124,0.7447531,0.9122062,0.839206,0.070086405,0.64265645,0.66399586,0.21732146,0.66700697,0.54794645,0.38956666,0.33746237,0.37198538,0.41727805,0.5578213,0.68644416,0.7109691,0.40366453,0.7446217,0.55125964,0.64555603,0.85297287,0.583167,0.5861039,0.7678414,0.54994386,0.6348502,0.7842778,0.6887381,0.69541216,0.7123586,0.58130354,0.8149688,0.4704933,0.116181,0.79477084,0.6341765,0.7145568,0.7337394,0.17516813,0.39431518,0.70777404,0.33275682,0.7521577,0.73544556,0.5509392,0.34896332,0.55647445,0.06817849,0.5305495,0.80420506,0.7813796,0.6154541,0.6869947,0.6786076,0.4861158,0.52583003,0.7992296,0.46794027,0.41260922,0.9161623,0.58126193,0.8165269,0.20306778,0.125761,0.42096335,0.94941705,0.65809226,0.4337275,0.5727235,0.17609262,0.46811384,0.4893736,0.31751168,0.7237656,0.7890826,0.7001008,0.7989825,0.28774798,0.46441656,0.54328775,0.6426009,0.70564353,0.8076099,0.07382618,0.188934,0.5157198,0.5777234,0.9446776,0.849125,0.23309667,0.32532322,0.49392888,0.7674682,0.42826527,0.64191926,0.45961142,0.903708,0.90483147,0.7682966,0.5105906,0.44879252,0.77386016,0.7061689,0.48110193,0.35272843,0.48521438,0.79929423,0.6838038,0.70314103,0.6909487,0.49194348,0.25433943,0.3442527,0.3968454,0.4447317,0.60138613,0.5629833,0.48459613,0.77531874,0.58990395,0.6541271,0.4654439,0.32504725,0.537671,0.52500975,0.2962376,0.59853697,0.44819468,0.7013763,0.37566364,0.36716795,0.1657151,0.7186031,0.77150834,0.29615483,0.50055605,0.30743653,0.58462375,0.9599167,0.8902379,0.13136622,0.61228323,0.2915237,0.6147906,0.6911099,0.6677375,0.39945143,0.79316187,0.7718978,0.20302698,0.38949156,0.43745708,0.85908556,0.15822312,0.72071844,0.16018334,0.8761996,0.2774031,0.1905979,0.40195292,0.22918934,0.53072524,0.2676119,0.21053895,0.49560973,0.07549526,0.8561759,0.8004277,0.5230955,0.41235214,0.95678115,0.16342133,0.52669144,0.72709775,0.15272316,0.29003954,0.5384424,0.27902126,0.3474543,0.22585657,0.54682153,0.31048477,0.53010136,0.4371266,0.12112896,0.32169515,0.7802545,0.1700863,0.8499368,0.13871142,0.14382935,0.3650724,0.80382097,0.41595703,0.5836784,0.37073553,0.15463722,0.19254866,0.23302299,0.41683972,0.23239037,0.54099536,0.30722633,0.27183315,0.23798071,0.7876042,0.5834886,0.6797559,0.5357759,0.4932844,0.2076129
BC2026_Train_0003_S08_20250607_070007_45,0.66621053,0.643633,0.65343654,0.6126105,0.5956354,0.339172,0.5555206,0.7187934,0.82231474,0.98936534,0.97262645,0.568104,0.5244074,0.7820256,0.5673858,0.6136725,0.6645613,0.37067527,0.8678489,0.90166646,0.49545032,0.9801195,0.62585163,0.72335064,0.89568377,0.5497575,0.5787419,0.30685025,0.5029918,0.45269185,0.6559548,0.3881827,0.1998403,0.3957399,0.13903266,0.16641104,0.2534703,0.96038735,0.72296935,0.19742051,0.8466915,0.50374705,0.6581001,0.691059,0.5379702,0.5515479,0.82825536,0.5415276,0.68174756,0.9558048,0.6511466,0.65345937,0.675453,0.5490918,0.7615354,0.52801764,0.18345517,0.5654703,0.3802607,0.61946535,0.7033037,0.17118478,0.57073486,0.7512952,0.39999646,0.5910278,0.6227398,0.46150008,0.5095056,0.39283627,0.036310337,0.23951523,0.86673754,0.84832215,0.6985682,0.489749,0.9123099,0.91821986,0.19693881,0.774531,0.5633998,0.6370374,0.9786352,0.42113215,0.7184614,0.18843828,0.13419574,0.38674545,0.9451896,0.87421864,0.25734663,0.38289934,0.44430608,0.57916117,0.56266963,0.42081112,0.6417508,0.79643655,0.8182698,0.9281771,0.122857034,0.630051,0.6045564,0.7835864,0.47651476,0.8390901,0.13557082,0.10249713,0.68403375,0.61706996,0.88987935,0.6670848,0.057456642,0.30364782,0.6919248,0.4900993,0.7186724,0.64580643,0.6249832,0.97405255,0.974509,0.86869836,0.5394558,0.6981293,0.74887955,0.862849,0.3676833,0.65166736,0.44276428,0.5725282,0.71189696,0.80475205,0.73336,0.59755313,0.4841572,0.22852084,0.2844239,0.41456777,0.43962723,0.7825618,0.44298336,0.7502948,0.3576788,0.47689986,0.79108596,0.39308393,0.6476768,0.7534332,0.43474925,0.6284381,0.733112,0.47171932,0.5758542,0.18246123,0.44494742,0.53474206,0.7328211,0.41513336,0.3559745,0.4599197,0.18204099,0.9259739,0.7677739,0.2467672,0.74400187,0.70958865,0.52311647,0.5640718,0.28362474,0.38379776,0.7638285,0.80079925,0.05131293,0.38746354,0.602,0.9286469,0.39580452,0.6993381,0.055255227,0.931954,0.3484496,0.2848652,0.60161626,0.4774059,0.8778839,0.2110469,0.15120181,0.2847895,0.04438617,0.55364025,0.5684951,0.7195457,0.5591058,0.9694687,0.33593965,0.6586398,0.7686634,0.092542544,0.16432968,0.52249503,0.06263372,0.50640106,0.20605086,0.62277496,0.3267724,0.79322004,0.5709614,0.11968142,0.33399487,0.5759746,0.17825755,0.93695974,0.14660674,0.25179413,0.7704109,0.3355935,0.2878755,0.5829313,0.57982343,0.21334147,0.08926667,0.12387356,0.6227523,0.58324945,0.3891673,0.6044816,0.117565714,0.18130037,0.888263,0.659423,0.6293608,0.7811078,0.36527753,0.08196159
BC2026_Train_0003_S08_20250607_070007_50,0.59615546,0.329652,0.8882836,0.9737818,0.760975,0.7125125,0.7151891,0.8560151,0.9569799,0.99187946,0.982049,0.8933115,0.5389662,0.9579214,0.74105835,0.8592066,0.6421758,0.13191643,0.98573285,0.9616841,0.5227287,0.99699473,0.9331578,0.73567605,0.93931675,0.6490637,0.9547951,0.13508587,0.18225089,0.7421925,0.53416926,0.108929925,0.12068164,0.3361146,0.042924836,0.05309932,0.13413803,0.7118603,0.6213037,0.063852996,0.6895586,0.7137252,0.6035545,0.26686582,0.53140223,0.52210104,0.6649596,0.5165863,0.61490834,0.81959003,0.5566777,0.56156623,0.55099124,0.8401195,0.64222383,0.64028776,0.057262834,0.9132466,0.4851728,0.47477585,0.70303845,0.14004554,0.59910667,0.8510184,0.5487523,0.78585196,0.85207856,0.65678203,0.82467544,0.70554054,0.026569836,0.18338083,0.5943795,0.84330785,0.51653045,0.22240481,0.9389754,0.8888879,0.30075482,0.9334489,0.76500356,0.7528174,0.99113274,0.3326587,0.6489966,0.28260326,0.06908432,0.46099854,0.728382,0.9127681,0.13582033,0.3613767,0.28122947,0.7885145,0.69005585,0.33193034,0.6826067,0.6920687,0.8353116,0.93535984,0.10862513,0.4645481,0.56589067,0.62690485,0.3141858,0.8064549,0.07841684,0.11897858,0.8121911,0.4567872,0.64252293,0.5663309,0.05993844,0.12694247,0.86361665,0.38862562,0.685594,0.8262156,0.68572414,0.97165704,0.9960687,0.7874731,0.40836823,0.83182085,0.7170623,0.7683257,0.56677186,0.86350167,0.4773354,0.5314938,0.74886036,0.823503,0.78354573,0.64303446,0.5138902,0.5582426,0.33962613,0.30387744,0.38995725,0.9072751,0.2141537,0.47727087,0.32313344,0.42379045,0.9128206,0.20628604,0.5233256,0.81873536,0.43477285,0.7302716,0.72660387,0.5765478,0.7537198,0.12558594,0.47983003,0.30455154,0.511363,0.27337724,0.60288125,0.7999884,0.3444354,0.6605774,0.6455307,0.24142404,0.7955892,0.5653583,0.6632998,0.48554966,0.22364601,0.42905495,0.84780335,0.8505907,0.02926208,0.11954011,0.6296712,0.7199091,0.58815134,0.5664156,0.14979972,0.932145,0.3002137,0.3343038,0.543413,0.6129852,0.8989891,0.37613845,0.23074609,0.10547608,0.03982725,0.33456665,0.65270364,0.90829134,0.73401165,0.9604409,0.28394753,0.48273885,0.6452588,0.024978083,0.21154493,0.85574377,0.059322856,0.2859397,0.31524408,0.4569797,0.319907,0.7692512,0.634627,0.24183814,0.5273669,0.6318865,0.39129376,0.6811316,0.15752536,0.31527662,0.6294093,0.21708442,0.2948798,0.8070432,0.36348033,0.47574776,0.09478606,0.095011905,0.5032338,0.57904077,0.6554227,0.6508993,0.14693557,0.32769507,0.8459589,0.7416469,0.6882942,0.8489593,0.39915675,0.030083667
BC2026_Train_0003_S08_20250607_070007_55,0.7259946,0.73411727,0.9515047,0.6176226,0.6862297,0.80932534,0.58685493,0.6864126,0.7771938,0.736944,0.33952832,0.60782564,0.4783357,0.9269793,0.5423699,0.9800129,0.7661497,0.17856735,0.9721117,0.7652973,0.74010766,0.9491421,0.9200361,0.77380663,0.9918473,0.8651248,0.99212694,0.29091373,0.21824263,0.59160364,0.66981995,0.3018951,0.27277708,0.14037211,0.1037685,0.11849184,0.4391507,0.91852695,0.69252807,0.22302115,0.951484,0.7518386,0.679481,0.74336267,0.67770624,0.64253485,0.8434933,0.5512371,0.6993557,0.83807456,0.69152194,0.69161487,0.7010845,0.8371229,0.8433958,0.38842976,0.07248542,0.73817086,0.77263224,0.66596425,0.53240377,0.12568022,0.6797123,0.80802345,0.5720422,0.3127986,0.8657335,0.86830413,0.7925993,0.8496436,0.10176475,0.23112644,0.35151458,0.8895707,0.48729563,0.32823372,0.65678155,0.7283685,0.59043485,0.77616763,0.543452,0.59928167,0.9233727,0.1263946,0.77851886,0.44280463,0.13570744,0.109361336,0.8954519,0.78332484,0.2080453,0.6969435,0.06946439,0.7772021,0.7996986,0.5822092,0.46337825,0.74485075,0.60713345,0.7878487,0.15053779,0.49474669,0.86619276,0.6032604,0.440341,0.44470352,0.07332425,0.33912897,0.58617187,0.59552026,0.8326129,0.37362695,0.21162194,0.28976023,0.7696552,0.7234638,0.42717093,0.7758838,0.52991056,0.9808644,0.9847542,0.72966087,0.6559969,0.73685384,0.7629275,0.77850854,0.4403156,0.8660692,0.3830889,0.54452556,0.8031094,0.64793,0.72315025,0.7165946,0.48125136,0.68568766,0.503319,0.4519164,0.7221743,0.85719204,0.264153,0.3513174,0.78737736,0.6612634,0.6133841,0.37016958,0.5843911,0.63563704,0.21153823,0.7666336,0.4581012,0.61536247,0.50995004,0.41438544,0.82442796,0.19313529,0.5402308,0.46882552,0.53408784,0.90762395,0.4900884,0.8856096,0.44578344,0.3891583,0.8602591,0.3761077,0.7953162,0.64911616,0.48854584,0.5346675,0.45326963,0.81250644,0.08725861,0.16696241,0.66964066,0.863855,0.5325841,0.8037567,0.6226405,0.9503809,0.39248753,0.27878523,0.32056627,0.52137923,0.81615996,0.16882119,0.2135773,0.16427267,0.087476,0.4130215,0.7051897,0.5557687,0.6871432,0.8648156,0.480487,0.6074683,0.51442826,0.019945167,0.18678838,0.9094237,0.20091733,0.2721431,0.35137683,0.45027268,0.65413284,0.81955695,0.6841768,0.5758407,0.75098443,0.65277827,0.4125074,0.87554145,0.23825613,0.27761096,0.45847112,0.3076337,0.42399615,0.65367365,0.28001943,0.36039132,0.31888855,0.38146484,0.3231111,0.31579253,0.72342336,0.62210536,0.3491975,0.67023075,0.7216711,0.4437706,0.30497205,0.5684037,0.6078963,0.11468431
BC2026_Train_0003_S08_20250607_070007_60,0.81654537,0.6662811,0.89182943,0.71004045,0.709702,0.7687278,0.63050365,0.114996925,0.8909744,0.7943243,0.20531464,0.5191413,0.5073483,0.960441,0.5690398,0.9645529,0.756565,0.5108027,0.9990195,0.949177,0.78538847,0.9789603,0.5363962,0.7510257,0.9723021,0.945778,0.49247906,0.52178395,0.7880181,0.52980095,0.64623535,0.9072466,0.15521754,0.10210632,0.06616275,0.20442179,0.7977886,0.7530839,0.6685666,0.12730402,0.7238277,0.23716758,0.62580717,0.74621224,0.6236695,0.6070651,0.7615336,0.52201295,0.5706086,0.7409929,0.64302933,0.6241689,0.64289296,0.7957241,0.78431106,0.3880399,0.026985668,0.99061334,0.6982262,0.83582914,0.7948875,0.122042544,0.77625406,0.82313824,0.96845543,0.6179975,0.94942975,0.90019584,0.65641654,0.76344526,0.18902501,0.3287822,0.19145845,0.6702324,0.29285938,0.30351698,0.8722248,0.5641906,0.68853533,0.822912,0.5779159,0.8548978,0.86102784,0.021583669,0.9509021,0.13935624,0.124711916,0.04365708,0.5385859,0.8441618,0.71930003,0.76776916,0.057901457,0.72048354,0.9138104,0.4825346,0.35864082,0.7472129,0.8499365,0.7823242,0.2758568,0.09661383,0.6800985,0.36496574,0.3915875,0.48108447,0.08607474,0.2640316,0.7164191,0.45205796,0.8810874,0.6654072,0.45640206,0.38402927,0.8664234,0.8108729,0.57138526,0.4329474,0.54972136,0.9951333,0.98926026,0.7777643,0.6384764,0.7032709,0.8500583,0.8683707,0.28082332,0.9140271,0.7467834,0.53921115,0.80777204,0.64304686,0.7504051,0.62805426,0.37646806,0.78711045,0.81354594,0.20471075,0.7089646,0.7710796,0.09434475,0.70312583,0.9888667,0.7272779,0.4239983,0.3629048,0.38665646,0.8232907,0.32165056,0.64081603,0.32086247,0.853202,0.6125414,0.27079946,0.83983856,0.19114754,0.3726564,0.3619442,0.28739786,0.86557174,0.52021694,0.77072585,0.6838932,0.09367269,0.95246136,0.58200574,0.7964395,0.38902295,0.3462656,0.42340392,0.5326153,0.8416531,0.081302285,0.071446665,0.28664225,0.7963488,0.86562294,0.82327294,0.7241,0.9914366,0.0811035,0.601751,0.6133437,0.39986956,0.61255133,0.17561725,0.18558413,0.12960792,0.09448199,0.80184066,0.9185001,0.4721637,0.55358374,0.8562943,0.3435002,0.58576035,0.43569028,0.027318917,0.08263125,0.34132022,0.088494584,0.06683709,0.43071133,0.15894124,0.7532551,0.5349424,0.34983855,0.4638052,0.6935891,0.7207471,0.21937206,0.97315836,0.45325935,0.3126323,0.37106347,0.5466291,0.10895136,0.55310464,0.12935424,0.36068338,0.13918063,0.730101,0.123672,0.43584102,0.5724493,0.47553802,0.51926684,0.59656763,0.76855886,0.34246188,0.041741416,0.6576719,0.5145112,0.3747719
BC2026_Train_0004_S08_20250607_070007_5,0.81287396,0.87067163,0.97085404,0.76746356,0.73250115,0.8000947,0.16564563,0.30671665,0.85685545,0.7727548,0.9684257,0.7114489,0.8993,0.80445075,0.52418125,0.8197508,0.51009643,0.8360666,0.81845534,0.97297704,0.86491036,0.9255439,0.84257567,0.89217836,0.94870186,0.5937838,0.97740984,0.76422083,0.98026353,0.54229736,0.9116179,0.85590726,0.8182985,0.77160877,0.191445,0.5149424,0.47339272,0.82388747,0.9680495,0.33087915,0.97231483,0.8413302,0.8249769,0.96341157,0.7615509,0.7527665,0.7850059,0.8719194,0.7574415,0.6686977,0.8307624,0.84085584,0.8184806,0.9256011,0.74839836,0.20919916,0.31393296,0.87459993,0.9991666,0.71989703,0.9000646,0.29083833,0.81689024,0.4831552,0.48743615,0.14583673,0.940809,0.46625477,0.28768396,0.66826177,0.4007933,0.45175263,0.34669834,0.9534897,0.661492,0.26073408,0.5161969,0.86187816,0.13916098,0.27982494,0.30360565,0.5986605,0.68536854,0.63228035,0.85559595,0.46784812,0.5083277,0.72030747,0.2711544,0.6852975,0.25191045,0.8727646,0.23293394,0.5430652,0.06966908,0.23910937,0.113413334,0.6921234,0.51148015,0.5601711,0.10528636,0.32457185,0.8222009,0.7252406,0.6507304,0.68665624,0.39390326,0.10130292,0.53203195,0.22475187,0.5476462,0.14762041,0.7358155,0.6993966,0.15547779,0.18737523,0.7509247,0.18972,0.8204167,0.7996187,0.44491097,0.9054121,0.27460355,0.11148892,0.4945142,0.03264791,0.16615063,0.60269225,0.77477,0.2641,0.8286605,0.09173907,0.28320143,0.72627044,0.5718943,0.49577516,0.2677459,0.56040215,0.95096993,0.9724549,0.38291484,0.06846336,0.21124862,0.6277667,0.94350094,0.43482244,0.7397821,0.7882546,0.41300076,0.260894,0.79539514,0.29407766,0.5128027,0.40215266,0.36010122,0.63100576,0.5965613,0.20241356,0.35742003,0.6900213,0.51607835,0.48753095,0.09011467,0.3252104,0.7663485,0.7841799,0.24447598,0.32762623,0.13374402,0.89295614,0.27095336,0.52140915,0.54035854,0.57064366,0.46949506,0.7362298,0.30509183,0.8101671,0.43819326,0.78671503,0.30545002,0.7132888,0.5229483,0.26358467,0.06344266,0.062092036,0.176119,0.52349937,0.34068626,0.23056,0.26084682,0.7381216,0.9294641,0.93671453,0.72057724,0.34756297,0.70579123,0.31661457,0.17696458,0.18838394,0.06926021,0.15220118,0.49951625,0.32841957,0.43511623,0.8419789,0.21923897,0.10541682,0.5469042,0.49090102,0.35714692,0.50549227,0.65965855,0.24803211,0.806677,0.3892259,0.6180276,0.65664315,0.064747,0.15879674,0.17469075,0.14468203,0.30093288,0.69480205,0.46217394,0.49847662,0.24650474,0.7606584,0.63744855,0.6167805,0.45612782,0.54853666,0.553365,0.3889202
BC2026_Train_0004_S08_20250607_070007_10,0.71021783,0.8440336,0.92221963,0.80661213,0.758423,0.6628573,0.20450586,0.2224125,0.80578125,0.64164245,0.5982336,0.5979507,0.7502626,0.76017344,0.3583951,0.74498034,0.4742204,0.7562804,0.7261622,0.83923745,0.74436295,0.8582264,0.6573919,0.9016192,0.7778609,0.75536335,0.8419943,0.7083014,0.90300727,0.69115484,0.89335096,0.7403841,0.9189557,0.8152794,0.42373604,0.47394288,0.33301497,0.7857553,0.97867024,0.26585016,0.95584285,0.96642864,0.7935303,0.98857456,0.7020602,0.7113824,0.7554754,0.81732047,0.67359203,0.6234181,0.8158419,0.8121985,0.7872039,0.9853051,0.7872359,0.13971648,0.4303419,0.92563635,0.95947504,0.7579752,0.54950285,0.32928103,0.26533586,0.4579378,0.16685233,0.41368544,0.9768172,0.48297206,0.533294,0.8880359,0.7413621,0.71843123,0.29920778,0.895243,0.4464727,0.12011106,0.8318528,0.8432174,0.20539075,0.4576096,0.55612385,0.8287473,0.7973896,0.49561828,0.8344205,0.7505561,0.656,0.86330533,0.48219034,0.6265124,0.4992324,0.6820222,0.27809483,0.5943055,0.2743346,0.4724322,0.39486217,0.6210817,0.15846485,0.36209047,0.20885077,0.2301248,0.6158193,0.5569498,0.5844481,0.2195,0.43737692,0.123775035,0.33020306,0.097322434,0.25705892,0.09406085,0.9076296,0.52678317,0.35709453,0.30349916,0.73461425,0.32297587,0.82878304,0.37934887,0.7942734,0.80628276,0.2381706,0.3234673,0.42652947,0.06577892,0.45095283,0.7248279,0.6983477,0.36491275,0.7093924,0.2186811,0.26746145,0.3191254,0.7658284,0.7979671,0.38028073,0.7174281,0.81297994,0.6214209,0.21339495,0.15022023,0.11903055,0.69994044,0.9918624,0.26914558,0.8362496,0.4937704,0.4564922,0.29845482,0.6980313,0.14039873,0.773401,0.84542537,0.39813858,0.45030797,0.29574105,0.4246621,0.20220178,0.60074997,0.10776527,0.38145778,0.33405566,0.22863767,0.83313155,0.897154,0.32603073,0.6408,0.38832915,0.8456181,0.22270039,0.49330094,0.63058174,0.299068,0.3738035,0.4617188,0.5579805,0.8396568,0.45213115,0.88291305,0.5424688,0.5542789,0.5010705,0.3475849,0.13537294,0.11755511,0.303606,0.27389726,0.78061116,0.1997863,0.6017382,0.9278497,0.80361557,0.7140819,0.68490934,0.28020492,0.37318403,0.17045164,0.28290445,0.6270006,0.06084896,0.26616722,0.3787586,0.371671,0.41890615,0.8974007,0.30753952,0.41615522,0.55905217,0.2852164,0.23089905,0.2831821,0.6579505,0.49356112,0.79361224,0.5256915,0.39425102,0.81703866,0.10210225,0.56593645,0.2615663,0.26352978,0.40309376,0.3528098,0.58044267,0.6139631,0.4895771,0.62359667,0.46780512,0.72484887,0.28030413,0.29370478,0.4763944,0.41496027
BC2026_Train_0004_S08_20250607_070007_15,0.63674486,0.8399915,0.7645447,0.85875356,0.6757493,0.7662058,0.47435325,0.3948583,0.9646616,0.8276397,0.43948168,0.50389445,0.8030349,0.6947856,0.19330674,0.7821734,0.4118412,0.3066123,0.56034887,0.7649909,0.6335068,0.2762236,0.5603831,0.97966075,0.72377646,0.650622,0.8762692,0.440994,0.96924806,0.5646066,0.8997813,0.8984016,0.98971176,0.7934356,0.6257895,0.6540252,0.20174506,0.88535345,0.99391884,0.48020035,0.9969013,0.9206009,0.82489574,0.9962002,0.6548635,0.6574584,0.7819332,0.765064,0.7167158,0.64701176,0.79069436,0.7821977,0.80159104,0.9845485,0.8292235,0.1660358,0.5513333,0.68902284,0.8264761,0.7640499,0.51779264,0.22702074,0.26158533,0.5021323,0.13165343,0.7481338,0.86892873,0.50280654,0.5221517,0.6496835,0.87483025,0.7383261,0.24967086,0.7165592,0.2231205,0.080014825,0.7997755,0.8027344,0.5153651,0.46257514,0.46716768,0.823833,0.7589692,0.6233861,0.8288611,0.7195853,0.70343614,0.8885572,0.58725375,0.46928966,0.65296507,0.8223907,0.71633804,0.61542505,0.12105326,0.43222874,0.2807775,0.61720145,0.067775935,0.5231509,0.2940377,0.37396604,0.9131344,0.6340765,0.7242563,0.22534087,0.52684665,0.24136603,0.26450333,0.12732485,0.24083212,0.24136725,0.9112873,0.1980212,0.27251944,0.5035318,0.8211572,0.4418496,0.94793403,0.21044023,0.8556104,0.6899158,0.240161,0.21232209,0.40131676,0.1691536,0.26066706,0.90604067,0.7141243,0.50749373,0.67013824,0.05745927,0.48683017,0.27026367,0.6812172,0.8321231,0.4787991,0.7749734,0.82708263,0.8298526,0.19452283,0.3220628,0.13917153,0.6041391,0.9990312,0.29044813,0.9184885,0.58519816,0.5623747,0.31269616,0.8288132,0.23819086,0.6942337,0.85624963,0.52591527,0.633927,0.42327678,0.3404472,0.28760678,0.5099641,0.49110526,0.23218533,0.3699698,0.40676594,0.82069254,0.7509599,0.49747068,0.7946711,0.41545498,0.8340194,0.21180522,0.38508767,0.69047177,0.12140891,0.45631927,0.66860074,0.5085721,0.6258,0.29358765,0.7318609,0.6766876,0.37156367,0.30130148,0.25203553,0.6098916,0.350591,0.18922079,0.44085264,0.8170193,0.41257495,0.43607688,0.93527395,0.733443,0.7406949,0.6468525,0.21347764,0.16961506,0.1901528,0.40785843,0.60173273,0.12405012,0.4668416,0.5675833,0.52136374,0.6269096,0.75125015,0.35384893,0.4455855,0.5709671,0.1820342,0.5326288,0.21735385,0.78073215,0.5931474,0.90693676,0.84223783,0.43218178,0.79506075,0.049253084,0.6083133,0.2884919,0.4637866,0.2871605,0.23328054,0.5369015,0.76734865,0.6549351,0.865036,0.28793252,0.6222808,0.2345685,0.15298708,0.80695367,0.59831935
BC2026_Train_0004_S08_20250607_070007_20,0.65623873,0.7319995,0.9561112,0.7080162,0.7105925,0.782251,0.4781245,0.19124913,0.9820707,0.6192298,0.45234844,0.59783447,0.7605337,0.6814078,0.35474974,0.92141783,0.52915823,0.35377753,0.770035,0.7431977,0.7558576,0.57383364,0.7917005,0.95433253,0.7875407,0.5083655,0.98175764,0.6190726,0.8150455,0.9044901,0.8275467,0.54273283,0.7904273,0.5660611,0.42343765,0.27917218,0.20129058,0.7304465,0.9389546,0.1963203,0.9230913,0.97081226,0.75790465,0.87629294,0.68546414,0.7016275,0.7324467,0.6392356,0.6896328,0.64291203,0.7556136,0.75740886,0.7433009,0.97570944,0.6694683,0.20630145,0.42088503,0.84563136,0.9082067,0.6536176,0.58250767,0.16817762,0.49668312,0.6184089,0.1050819,0.49663633,0.9254685,0.6271421,0.5601938,0.8453742,0.74216676,0.63206625,0.3201695,0.8531444,0.2693755,0.16719082,0.9045055,0.6660657,0.44906276,0.58737725,0.66200674,0.75213456,0.9017106,0.48770764,0.87432253,0.67848885,0.7469959,0.83504647,0.4782408,0.73600733,0.6520202,0.7653775,0.79145515,0.7097661,0.14964026,0.2668888,0.4547636,0.8667027,0.142073,0.42187136,0.08968656,0.21685681,0.75548047,0.7158997,0.47905186,0.2886709,0.28887978,0.18695843,0.43563706,0.20017621,0.26550302,0.32053912,0.58738697,0.29191196,0.45005897,0.42997876,0.8949997,0.16962883,0.91981065,0.5380281,0.9130317,0.8496817,0.28451946,0.3589558,0.5861567,0.28012162,0.31906015,0.88604116,0.8190935,0.22335729,0.9290625,0.04935108,0.5947271,0.45285165,0.4961881,0.60312223,0.2835114,0.66922855,0.8313854,0.8457366,0.34834468,0.30283406,0.2883586,0.8153279,0.9700427,0.2919676,0.9253933,0.56996876,0.62437403,0.34964252,0.7966174,0.30870193,0.7330127,0.82368904,0.5283712,0.6631906,0.3492927,0.38151985,0.29503158,0.7069429,0.23151311,0.14614654,0.57366323,0.18750294,0.8428832,0.51266307,0.4328362,0.8717828,0.61382043,0.9204768,0.322115,0.5821334,0.50456893,0.1860275,0.5797143,0.69581914,0.51450217,0.58080876,0.43917227,0.85316324,0.7406192,0.5834064,0.45732695,0.39059538,0.64031774,0.28588796,0.36531633,0.43729937,0.69501495,0.30341148,0.2985953,0.9292116,0.5602991,0.85976326,0.57138103,0.2828134,0.13516235,0.25421068,0.6104517,0.55955434,0.16622317,0.33369935,0.47449678,0.8434805,0.5698223,0.9511142,0.30467248,0.35351396,0.57704943,0.1776062,0.465853,0.36328065,0.5954909,0.6533041,0.6278864,0.5917284,0.59838474,0.8777722,0.05982523,0.5759926,0.29012418,0.27819926,0.38011158,0.23110679,0.30643693,0.81886315,0.40444738,0.83212847,0.33837306,0.7769767,0.59100497,0.37392431,0.895813,0.3991959
BC2026_Train_0004_S08_20250607_070007_25,0.605515,0.79585457,0.92255163,0.7303438,0.6011994,0.8322922,0.28937864,0.21254845,0.98996603,0.36779267,0.47433704,0.4820273,0.760816,0.7673067,0.30646712,0.9708593,0.3067897,0.49741477,0.8509073,0.85782814,0.62854755,0.7374078,0.65926903,0.9185865,0.7162968,0.55048645,0.9518199,0.61933595,0.941906,0.8386245,0.76801,0.8440269,0.95557034,0.7495206,0.27927083,0.4906065,0.2856215,0.6885986,0.88795817,0.3387886,0.9286109,0.81462693,0.71793437,0.9790108,0.61008984,0.62323564,0.70040995,0.6585305,0.63506836,0.5815358,0.65698624,0.6705093,0.656032,0.9101807,0.7647204,0.22899207,0.4735455,0.9769442,0.96719766,0.53567314,0.7076303,0.2938304,0.46598428,0.52008486,0.12860256,0.85580695,0.95051277,0.70426667,0.32163614,0.8133565,0.63349116,0.20304734,0.32395977,0.8543211,0.6698425,0.35193878,0.8498875,0.5757919,0.38033944,0.7101531,0.55323446,0.53340405,0.840616,0.6650264,0.9166099,0.67788243,0.6132699,0.7533771,0.29050183,0.71527636,0.698562,0.665728,0.7521571,0.72723246,0.27408785,0.31045943,0.6451199,0.877032,0.4160728,0.55083895,0.11466086,0.09856844,0.45383126,0.68131566,0.34059924,0.5492295,0.33625183,0.38729692,0.59359896,0.30331278,0.5446484,0.42702705,0.75547445,0.24208784,0.31592128,0.6167292,0.7950946,0.26511502,0.82266384,0.647176,0.83912086,0.82082975,0.3687297,0.43667227,0.5024674,0.41381902,0.59325576,0.887419,0.7259655,0.28376722,0.85839665,0.17724532,0.52770185,0.7505156,0.7371547,0.5084935,0.39162922,0.5661526,0.9378207,0.73240066,0.46240732,0.52470696,0.16651449,0.746289,0.9632266,0.35395718,0.8716502,0.817514,0.68568075,0.7236302,0.6246321,0.5241333,0.6102702,0.772859,0.4173863,0.79740274,0.50389767,0.4088688,0.19158891,0.7621985,0.6087446,0.3480037,0.7218504,0.25230765,0.5844956,0.77643573,0.604548,0.7454648,0.523048,0.9571451,0.6656525,0.588225,0.43955457,0.36526656,0.6967552,0.46575212,0.4414661,0.80272627,0.29964116,0.8105477,0.72919285,0.51532733,0.6471776,0.14650247,0.34046155,0.50861037,0.3162576,0.42846322,0.5994947,0.36136863,0.39449525,0.94620574,0.65841967,0.9169717,0.6260053,0.07931474,0.21696508,0.21447936,0.5391089,0.6648791,0.13690782,0.18159401,0.510171,0.79121184,0.61929977,0.9716994,0.30390418,0.25341457,0.25595644,0.11145902,0.24342653,0.49139285,0.64934397,0.6339524,0.50622654,0.55498576,0.7049166,0.8320682,0.14048597,0.42916083,0.54186296,0.29829612,0.43865904,0.64087737,0.17838416,0.8337002,0.54198503,0.9320307,0.4555513,0.6284492,0.52809995,0.49129277,0.79468155,0.5217555
BC2026_Train_0004_S08_20250607_070007_30,0.5782498,0.7710888,0.6814387,0.6665298,0.6370796,0.6761651,0.23574848,0.1177488,0.82926846,0.31604838,0.40235978,0.15092596,0.6966789,0.590886,0.17714053,0.78193164,0.16864835,0.20625216,0.6537651,0.8226023,0.60310704,0.7449777,0.84513336,0.8795531,0.6674961,0.784052,0.9331937,0.44028544,0.9169284,0.53952724,0.8709856,0.87879574,0.9800621,0.765993,0.4590162,0.48141277,0.33902258,0.6919862,0.94914365,0.5644357,0.8495578,0.9219723,0.79961675,0.9771739,0.5797277,0.58707327,0.70112795,0.65435994,0.5787878,0.54834485,0.7933856,0.7957294,0.8158769,0.8933421,0.7967086,0.22030249,0.47530204,0.5340269,0.9048784,0.6023645,0.67665434,0.10109894,0.42461103,0.42762244,0.048269622,0.8385523,0.8334987,0.5336541,0.41572213,0.5350735,0.6139493,0.3047781,0.64617467,0.78534114,0.7505144,0.4836911,0.687801,0.6690134,0.65629816,0.63587713,0.3883177,0.6255326,0.8485189,0.6087678,0.81104004,0.79334974,0.92088664,0.9016951,0.49784184,0.44125825,0.66224074,0.5261081,0.77176344,0.5394839,0.5584583,0.36318368,0.46338454,0.6643976,0.235201,0.52016115,0.28256607,0.13258356,0.5117861,0.79837394,0.529122,0.62076926,0.66379356,0.23107126,0.48820108,0.5920559,0.44363093,0.23019662,0.9437053,0.5918028,0.28127956,0.89026856,0.8987489,0.42938158,0.93437076,0.5358496,0.80049706,0.7703755,0.39274123,0.35566258,0.54562867,0.24308422,0.47814608,0.83717525,0.86466825,0.44631553,0.6593082,0.3543312,0.29799974,0.59360373,0.6850631,0.70499516,0.65532976,0.91914564,0.95603275,0.5611263,0.5376332,0.3158347,0.3517694,0.6802784,0.9051828,0.55557287,0.8615044,0.7000507,0.6526824,0.67441845,0.7201346,0.44094527,0.60599566,0.90805936,0.40217417,0.7725048,0.5254809,0.35199368,0.14956224,0.65292394,0.48926187,0.3918432,0.7314777,0.5554412,0.7586411,0.7972676,0.57504296,0.85312593,0.58723325,0.9121604,0.6355716,0.4700579,0.38624638,0.36356837,0.48191887,0.5232701,0.4264149,0.90943766,0.43967843,0.8430191,0.7405078,0.42228997,0.480708,0.17707434,0.2211043,0.48747057,0.44114274,0.5520359,0.7503929,0.56092286,0.80236316,0.8797028,0.6550276,0.84146094,0.6957253,0.08439734,0.28057653,0.40942755,0.447446,0.58204436,0.36724645,0.17766854,0.23557454,0.6403562,0.7054281,0.8526783,0.12016289,0.28385216,0.29150194,0.15850762,0.47313005,0.5722632,0.787482,0.603403,0.7951438,0.81557226,0.6139387,0.8847176,0.21035224,0.56237024,0.52023697,0.24395189,0.62063324,0.6492945,0.24751323,0.751717,0.77434194,0.8606454,0.5630791,0.6885165,0.18625724,0.3820023,0.86858153,0.8864031
BC2026_Train_0004_S08_20250607_070007_35,0.64115846,0.74795973,0.37955612,0.80896163,0.66988266,0.6897627,0.4651068,0.14628604,0.93586004,0.64153826,0.6738825,0.20275442,0.6277509,0.74868965,0.0799821,0.8824384,0.22800115,0.14134625,0.71169615,0.85033345,0.67236507,0.7916677,0.90145767,0.9148799,0.76059526,0.8039118,0.8602598,0.36520535,0.9783274,0.576414,0.92095137,0.95895684,0.91687226,0.72097296,0.6628752,0.46481603,0.4929633,0.76125485,0.98344433,0.51977205,0.932768,0.93618906,0.8502828,0.98324364,0.63182867,0.64388335,0.6928492,0.69715464,0.59511983,0.52942836,0.83644956,0.8418834,0.8495625,0.9100088,0.68496144,0.21604702,0.38451576,0.99425066,0.6475909,0.7000649,0.77779937,0.120489255,0.5230268,0.55976117,0.051515482,0.6626082,0.7900446,0.69288325,0.2828343,0.6212189,0.88555837,0.5123368,0.807747,0.81930625,0.35004354,0.17327899,0.70986736,0.6518637,0.5782325,0.62258595,0.4210536,0.72500014,0.7932725,0.56295264,0.8526525,0.92316246,0.95105636,0.8559676,0.51857364,0.50922585,0.62147474,0.46055394,0.7625667,0.5063736,0.51227385,0.37972277,0.56077343,0.6346594,0.23900695,0.29478645,0.23607206,0.47174627,0.49448967,0.68997556,0.7200296,0.53694856,0.8515016,0.29286873,0.31724387,0.43556684,0.46988517,0.16434518,0.7708113,0.6331167,0.34935367,0.64090407,0.9437468,0.27013665,0.82253253,0.33974653,0.6616659,0.8127321,0.2794346,0.2920885,0.5320181,0.124910876,0.6177397,0.820454,0.83757806,0.38897014,0.41005915,0.09880456,0.5227436,0.3001791,0.5765026,0.6442139,0.62827873,0.9685259,0.9239866,0.7268739,0.7101891,0.2955314,0.4439844,0.57266515,0.863029,0.6297741,0.8215382,0.40329334,0.67968714,0.31225467,0.80837035,0.5098125,0.86259735,0.8309723,0.48852307,0.7937002,0.59566885,0.35108817,0.1615442,0.6207536,0.70723,0.41559365,0.7097504,0.7069006,0.8986213,0.68573207,0.4281453,0.83015525,0.53602576,0.9227414,0.38531923,0.429994,0.73953557,0.39322168,0.5233855,0.6046411,0.5746773,0.89169586,0.5965994,0.80996096,0.762975,0.74883854,0.5172144,0.38009244,0.19836292,0.64850175,0.46215677,0.6476873,0.8903374,0.5087403,0.8820709,0.8194841,0.5052718,0.77752674,0.63114166,0.25602436,0.37442434,0.47870827,0.51595736,0.34731352,0.54652715,0.43167531,0.23584715,0.7504823,0.6724181,0.5511109,0.112214744,0.28607374,0.44409978,0.31097376,0.42524362,0.5249965,0.7224456,0.5302805,0.82448995,0.7310511,0.35895342,0.8735718,0.2561056,0.5037927,0.3879422,0.48959267,0.49201936,0.41249812,0.3023275,0.5622551,0.708174,0.7482686,0.44842416,0.8132973,0.13829091,0.5709364,0.88973,0.8986038
BC2026_Train_0004_S08_20250607_070007_40,0.7094846,0.7578082,0.47648138,0.71601075,0.62844133,0.65675783,0.2544703,0.077069975,0.8464007,0.96521986,0.59072757,0.09945087,0.5545881,0.6844989,0.0706486,0.9242351,0.4725571,0.3079022,0.6700678,0.5919879,0.7205024,0.6226262,0.6851589,0.89569485,0.8501562,0.78822494,0.9053131,0.4240222,0.9869555,0.33366305,0.8639897,0.9477687,0.85957885,0.62342024,0.65412486,0.49598992,0.65330976,0.75223,0.8936342,0.5718908,0.89717805,0.8341174,0.82593155,0.9525429,0.65208495,0.6599597,0.73062193,0.7173615,0.56519383,0.47114742,0.84057903,0.81967354,0.8025014,0.8873315,0.7024447,0.07240898,0.35115,0.94057083,0.78530663,0.6711232,0.77941394,0.050525352,0.40925014,0.55175316,0.0857515,0.64377564,0.8269459,0.5711039,0.4730109,0.5102657,0.5216483,0.4859488,0.524729,0.8971728,0.40260237,0.20372126,0.8105224,0.731616,0.66951036,0.48948687,0.51076216,0.829991,0.703539,0.37887228,0.90552294,0.6647217,0.90635777,0.7310878,0.74232626,0.57242894,0.4022506,0.49508286,0.4788878,0.5998352,0.122761786,0.3247652,0.43579233,0.44652805,0.32764745,0.42830795,0.3018835,0.5074628,0.716913,0.62514496,0.73933476,0.3996986,0.70382905,0.16320628,0.391895,0.4262774,0.63991976,0.22013023,0.8718085,0.47728294,0.42858267,0.73140264,0.8210411,0.5382844,0.8811584,0.5395366,0.6196548,0.772944,0.34542227,0.45670995,0.4671048,0.06448668,0.54198015,0.8932087,0.67942035,0.4688114,0.4409784,0.06309825,0.4329382,0.46327877,0.50876,0.42756534,0.6333569,0.96816456,0.97605264,0.8562832,0.49444878,0.57272285,0.31511873,0.6933352,0.7003379,0.4535432,0.77529407,0.51314783,0.6649877,0.33738804,0.73092604,0.5125597,0.78879285,0.81402004,0.4813527,0.8413224,0.7522229,0.4397351,0.14397895,0.28152624,0.5348708,0.67668605,0.6260921,0.7604792,0.83657014,0.9443408,0.542466,0.85018265,0.62339437,0.8882867,0.57850224,0.50548327,0.74967754,0.20360711,0.34458095,0.7227609,0.3909076,0.9615674,0.67360306,0.8671674,0.6712761,0.6660987,0.22594234,0.28565383,0.448798,0.4580126,0.2372567,0.6850364,0.7468039,0.6590365,0.8520448,0.79764915,0.6812079,0.8146982,0.69775414,0.3088973,0.60419273,0.29809391,0.51193094,0.5784328,0.3813036,0.2885421,0.09669988,0.76696086,0.7715801,0.7196163,0.08493088,0.12541664,0.31803516,0.41348112,0.4177925,0.47776693,0.50239587,0.4021296,0.8429959,0.85875356,0.5837425,0.84101653,0.3653943,0.53188694,0.47286505,0.76021457,0.27688465,0.57485175,0.2339162,0.5887861,0.7350482,0.7879921,0.45828515,0.75592065,0.10290535,0.41283894,0.7888917,0.78956676
BC2026_Train_0004_S08_20250607_070007_45,0.8027376,0.81004536,0.2665321,0.8772581,0.6540588,0.5792867,0.2038159,0.060137227,0.7507255,0.65801436,0.6354326,0.23916623,0.7671621,0.6891258,0.14641447,0.643026,0.3830641,0.21281621,0.6777494,0.5521985,0.71407783,0.6864191,0.5154247,0.9261148,0.876573,0.48502803,0.8596988,0.46474838,0.8775151,0.3475181,0.9192434,0.8794689,0.93908846,0.66396785,0.56708896,0.36515927,0.63867354,0.8724605,0.98861456,0.5200341,0.985988,0.90522337,0.853607,0.91036355,0.75271297,0.784353,0.84387326,0.8450844,0.67383957,0.5939313,0.85048366,0.8501228,0.8409277,0.93179077,0.7326315,0.049451083,0.4213884,0.5950177,0.81947994,0.6042819,0.6647543,0.09407315,0.5097788,0.4872179,0.17533673,0.5357014,0.7505909,0.15155455,0.38395917,0.617068,0.4848079,0.68135417,0.42401254,0.87052727,0.5457514,0.31347197,0.82301295,0.77230585,0.73288596,0.19865927,0.4409768,0.7932514,0.71371865,0.6178289,0.8130833,0.7171463,0.907475,0.9322859,0.6785939,0.419213,0.40508062,0.74301946,0.47107333,0.5326952,0.113223076,0.142251,0.5540648,0.4190883,0.27880752,0.48606408,0.59904414,0.4277035,0.5003988,0.8830303,0.60927624,0.5500415,0.65727973,0.072362125,0.40412605,0.555637,0.4623751,0.13399169,0.9377619,0.67428255,0.25037572,0.6572194,0.92819774,0.6125479,0.8867564,0.48759502,0.69971836,0.86836183,0.4750065,0.4137783,0.4132567,0.14972772,0.28420314,0.77883196,0.66220033,0.44762492,0.46953905,0.06071391,0.22247297,0.6271807,0.62300646,0.6471205,0.80365837,0.901645,0.98109615,0.77663356,0.37247533,0.6151196,0.3570925,0.5012537,0.80423605,0.5430002,0.78976333,0.40080178,0.57183355,0.30037212,0.84087145,0.6791185,0.7306879,0.8706321,0.43565333,0.6506971,0.7223325,0.36026567,0.2022621,0.31681108,0.5940209,0.6079186,0.38899893,0.48772764,0.84642977,0.6662064,0.31688023,0.87610567,0.48264116,0.8878525,0.5324689,0.32127452,0.40844518,0.15895775,0.39258862,0.85926306,0.5295215,0.9401667,0.6371304,0.75340605,0.68169236,0.40461928,0.2399672,0.13944003,0.5372937,0.3195088,0.37560773,0.7707944,0.6395683,0.50457317,0.8619647,0.81112456,0.7047384,0.8440467,0.654389,0.43160605,0.63341725,0.295061,0.33592182,0.5476668,0.284288,0.39182562,0.10780451,0.84023494,0.7943119,0.76965845,0.22379884,0.16493407,0.30486977,0.30095488,0.6363174,0.6464907,0.40569586,0.45607513,0.77232087,0.7067927,0.57127905,0.75905144,0.24562907,0.5421163,0.56887907,0.7347779,0.5216516,0.65329564,0.364721,0.5801801,0.7561916,0.69003654,0.4050442,0.7539737,0.17143595,0.39989647,0.6724225,0.6160984
BC2026_Train_0004_S08_20250607_070007_50,0.7487426,0.78008735,0.16117924,0.7808242,0.6449058,0.52307224,0.28765237,0.066073604,0.78866374,0.6165816,0.4806654,0.31559986,0.85145295,0.7534164,0.17567703,0.6568358,0.31755888,0.4015128,0.45813078,0.78165686,0.5313466,0.50520116,0.68194664,0.97758424,0.8960924,0.3175022,0.8870871,0.4023109,0.83531356,0.55136085,0.91947865,0.8760004,0.90175796,0.7152456,0.7340896,0.36374176,0.5260733,0.85636055,0.99893343,0.67998147,0.9768084,0.8790901,0.8410409,0.84944737,0.66926813,0.6898468,0.7964765,0.77499026,0.6321988,0.55768263,0.81129146,0.8236556,0.82482576,0.920066,0.6772519,0.08180148,0.41802117,0.8920375,0.5284979,0.69084513,0.8322246,0.19923654,0.36318094,0.59961104,0.37812275,0.42800713,0.91624606,0.15848246,0.16558662,0.65714085,0.56748146,0.7148354,0.6663674,0.65749,0.40261453,0.19621176,0.83711445,0.77368367,0.6719074,0.4100538,0.52524936,0.81945944,0.7362226,0.83109736,0.91325057,0.6583508,0.946826,0.88098276,0.7437675,0.41178536,0.34078902,0.7039931,0.7188078,0.5604362,0.063125566,0.109532475,0.48833802,0.5026541,0.20237303,0.6158906,0.6454234,0.6020831,0.31776392,0.8545044,0.6313175,0.5158875,0.71263516,0.045046914,0.3536955,0.53016114,0.5359,0.07955322,0.8573793,0.68688893,0.48761767,0.6914651,0.9558921,0.37895358,0.90453196,0.39381766,0.7824869,0.9605006,0.4201705,0.4310009,0.5434377,0.19327128,0.19120558,0.7731521,0.67479384,0.36971885,0.48980427,0.17339316,0.43172157,0.42531908,0.6551752,0.677518,0.79581344,0.83944666,0.86384165,0.6105736,0.19202656,0.667346,0.25636768,0.5738186,0.83368623,0.5324478,0.93981075,0.5235225,0.74555206,0.50830317,0.9456568,0.60655344,0.77527606,0.8596071,0.35641015,0.81569993,0.72552156,0.4359823,0.28257504,0.47587633,0.8002603,0.5232664,0.5643785,0.4858628,0.8799406,0.9554316,0.27437335,0.8714782,0.64682865,0.9302161,0.547167,0.29338932,0.4319824,0.26756254,0.4564619,0.81915593,0.70018375,0.9618869,0.59637594,0.7922236,0.9096774,0.50187093,0.4383108,0.18603909,0.2374928,0.663275,0.37634557,0.8731061,0.75090945,0.5341221,0.82729626,0.8348832,0.6617577,0.7731118,0.79119825,0.4494276,0.57433,0.33618367,0.42584252,0.38433284,0.45655805,0.19969615,0.07336207,0.96367574,0.7875447,0.75094515,0.22873065,0.17348984,0.46876252,0.5811627,0.73527193,0.7848592,0.751212,0.44121855,0.73958695,0.7723022,0.23786825,0.677003,0.3113963,0.5727976,0.31464425,0.6721529,0.61917675,0.39087558,0.28740135,0.6484858,0.8709413,0.852623,0.19034235,0.8675307,0.47802573,0.4974314,0.8326771,0.6375123
BC2026_Train_0004_S08_20250607_070007_55,0.65219855,0.74347657,0.372387,0.7071405,0.52787405,0.7454524,0.35992485,0.29436982,0.7050384,0.3436246,0.6212872,0.1471733,0.8648139,0.7246665,0.08269243,0.6905798,0.534217,0.5114333,0.5802659,0.7873905,0.58501655,0.6857664,0.58844477,0.866783,0.85478115,0.4144879,0.7816262,0.6339544,0.9053725,0.59954304,0.79470426,0.95783806,0.9559325,0.626361,0.61599994,0.44971323,0.5039243,0.6493237,0.82556224,0.6202514,0.7635424,0.7211634,0.73848087,0.9256974,0.5856361,0.5961348,0.66519237,0.62016237,0.5375502,0.38982385,0.7267413,0.7328812,0.71484804,0.90548575,0.73595,0.07285891,0.38393158,0.5826057,0.66804826,0.797176,0.87750196,0.28265727,0.41897932,0.600909,0.356952,0.6598288,0.95137477,0.2537106,0.24362719,0.7276008,0.5422642,0.4449635,0.85287124,0.8053647,0.5379268,0.19217432,0.7450061,0.7918471,0.2704133,0.75034106,0.6341287,0.6677798,0.8398028,0.8462969,0.91309524,0.8501514,0.8453998,0.88825226,0.8891227,0.46970737,0.493993,0.59307516,0.5821299,0.68445694,0.1702196,0.2115857,0.6111381,0.50827783,0.3776033,0.5552206,0.27746892,0.8104038,0.50789756,0.684571,0.52721024,0.551319,0.59541047,0.04588244,0.2598226,0.6378195,0.2856685,0.11386821,0.7431252,0.7358781,0.4680919,0.8689234,0.88731086,0.24136549,0.8535682,0.5873312,0.83622205,0.92743313,0.44473806,0.19989178,0.62557864,0.47777036,0.470586,0.9326359,0.8127912,0.31229043,0.49820662,0.0851056,0.7025453,0.50402,0.41580027,0.6603788,0.7709242,0.7563213,0.9109069,0.9797107,0.31265724,0.56602407,0.41878897,0.3926462,0.6586182,0.9026383,0.937489,0.2824398,0.8532903,0.6025883,0.9077147,0.46937943,0.79781437,0.6778536,0.46736437,0.7510865,0.7194632,0.6754707,0.4560005,0.43543023,0.7682705,0.7033702,0.80911815,0.8585222,0.7463155,0.7361838,0.355188,0.89202243,0.5075423,0.8508631,0.57542205,0.5103766,0.32918808,0.30114722,0.6627004,0.68262553,0.67483103,0.98154783,0.61418355,0.82501566,0.92924654,0.48525253,0.37187058,0.2125216,0.23637226,0.66693974,0.2106511,0.9185325,0.7403531,0.39708298,0.89901423,0.83449435,0.71390855,0.75404143,0.7757678,0.4202546,0.41516072,0.3826087,0.53023505,0.6845684,0.7119119,0.17718314,0.063748606,0.8106278,0.8699801,0.4951672,0.16114059,0.20875207,0.29683542,0.5378927,0.69986665,0.90225667,0.90898275,0.6298095,0.8158175,0.7333424,0.20458877,0.6587359,0.31939176,0.47097278,0.24207306,0.5160897,0.701386,0.5175199,0.45247987,0.62431365,0.918262,0.78347373,0.2033281,0.80297697,0.48489773,0.557276,0.813182,0.6834955
BC2026_Train_0004_S08_20250607_070007_60,0.58528674,0.72556704,0.54876494,0.8454474,0.57349277,0.6115687,0.58904266,0.7139386,0.8844344,0.53601396,0.35791856,0.03293875,0.8460829,0.5927834,0.24729584,0.522956,0.6703688,0.2883577,0.53491443,0.7410718,0.40630543,0.538623,0.9017447,0.92426,0.61351854,0.12267905,0.76688486,0.59919477,0.9096364,0.742156,0.77767116,0.9923893,0.8323071,0.63062155,0.6800299,0.41018173,0.54674107,0.6868846,0.9244468,0.40504128,0.86947536,0.8961909,0.7533103,0.823262,0.6860881,0.715903,0.7655979,0.7473012,0.56694996,0.5713735,0.7198593,0.7159847,0.7241584,0.94763255,0.7005596,0.25519794,0.23595583,0.9263098,0.77832687,0.59947646,0.7505208,0.54192805,0.40909183,0.69303656,0.41759002,0.93455374,0.8046751,0.19727641,0.13488168,0.5129038,0.9267312,0.64248216,0.89911133,0.79274726,0.3192101,0.107219756,0.53269756,0.76836145,0.23463538,0.6613437,0.6002513,0.89399683,0.933125,0.86497694,0.8883045,0.9622146,0.893521,0.8203181,0.83875984,0.45415977,0.5195784,0.80304515,0.7677543,0.7660407,0.50771046,0.64899683,0.6538329,0.34975436,0.121306874,0.30917343,0.28169215,0.88832283,0.36890626,0.79347336,0.720724,0.539841,0.74602056,0.14628562,0.21566778,0.69455934,0.22081164,0.1716471,0.59719723,0.59642076,0.39475447,0.7668778,0.8428422,0.55186003,0.9434979,0.4209069,0.7910348,0.8653271,0.4344021,0.23547807,0.71812713,0.66097283,0.32989645,0.9336098,0.670882,0.2529056,0.63795054,0.06341116,0.5344711,0.4484313,0.23108959,0.81965315,0.707459,0.88743234,0.9077951,0.8790326,0.6253736,0.3834585,0.6610968,0.5783659,0.6874221,0.80403066,0.96396863,0.26166907,0.8840399,0.5489772,0.95872545,0.7555709,0.73092276,0.8618481,0.54166925,0.84600425,0.45777425,0.7179667,0.39045984,0.76721144,0.69115984,0.68999165,0.5996915,0.94040364,0.7921325,0.4512251,0.21780513,0.9651448,0.3083865,0.85222816,0.18828359,0.38037223,0.26000196,0.50854,0.68560207,0.75483644,0.94689584,0.99870825,0.5193008,0.74922585,0.9833125,0.66695416,0.61519337,0.2532249,0.19233683,0.405226,0.26399,0.99055517,0.90011764,0.27374083,0.9294883,0.7791897,0.88920426,0.78862536,0.79716253,0.6017573,0.40807125,0.3596275,0.6896698,0.7861916,0.6962396,0.48905426,0.18281856,0.53259623,0.8752698,0.38723224,0.1853829,0.32421124,0.47013623,0.31725293,0.50316226,0.7354796,0.7931242,0.7408469,0.56528234,0.6884449,0.12757885,0.8989583,0.15517157,0.37124175,0.36132342,0.16952059,0.7967291,0.43515086,0.38909668,0.5886823,0.9451114,0.77708626,0.2484138,0.8748816,0.757849,0.72338545,0.7698628,0.7083367
BC2026_Train_0005_S08_20250607_070007_5,0.5264984,0.8951167,0.6290461,0.91860914,0.6099907,0.325756,0.188102,0.11546968,0.903167,0.40595585,0.5896292,0.48499757,0.8688085,0.5532666,0.1838339,0.21513109,0.56961983,0.5813258,0.3649227,0.40179646,0.25428587,0.82320607,0.8017924,0.9774574,0.42737907,0.097699754,0.52467376,0.3093887,0.83333087,0.98831606,0.84653735,0.96113133,0.99485207,0.6488097,0.6026101,0.75129485,0.11015539,0.6689589,0.9453572,0.25466383,0.925115,0.87412274,0.7695261,0.75231636,0.7757691,0.7730589,0.7163938,0.6898498,0.63828284,0.51467973,0.6935868,0.70019495,0.67097616,0.9131055,0.83056015,0.36900517,0.84189373,0.91643655,0.69139147,0.5113427,0.6372796,0.2758948,0.5316182,0.37922895,0.17140186,0.96905106,0.80354565,0.13782263,0.1579335,0.48669755,0.8166208,0.32588106,0.4759677,0.6017561,0.32882088,0.37733722,0.5163456,0.87400556,0.30687705,0.1857365,0.876917,0.76620436,0.76371956,0.7632948,0.7877784,0.95008194,0.6405977,0.59665835,0.8716476,0.55283624,0.27566624,0.45175546,0.7845948,0.41964763,0.2055921,0.7152747,0.7989526,0.21599737,0.49572128,0.77635896,0.56290764,0.92854595,0.43248296,0.44397563,0.23372397,0.62806034,0.9415099,0.6713896,0.9345582,0.4150868,0.51928794,0.043251336,0.6456493,0.07685612,0.76920444,0.97380626,0.6555309,0.26621932,0.54484594,0.5091456,0.8217561,0.9031855,0.8100612,0.9050125,0.21466637,0.75578964,0.40953898,0.87336874,0.7466049,0.22146642,0.8813374,0.60652626,0.7132988,0.94206244,0.8126371,0.5637704,0.55042994,0.865649,0.80125856,0.3218664,0.4955001,0.4609211,0.8738166,0.9727895,0.804237,0.6205427,0.83162916,0.41241628,0.5016272,0.40771928,0.98237085,0.6967875,0.89915276,0.6174896,0.7946713,0.96817935,0.34240478,0.865409,0.5771354,0.8066312,0.5473146,0.81554765,0.41345245,0.23267314,0.5770023,0.20634899,0.18407208,0.98611253,0.51358205,0.9073009,0.42794228,0.64873624,0.4768843,0.24919853,0.6517385,0.15262167,0.88541996,0.75029707,0.90364337,0.4833296,0.8563968,0.27449813,0.4061923,0.8482958,0.5819881,0.62718713,0.4789468,0.7404449,0.74014914,0.087175086,0.60589355,0.9380521,0.49269545,0.8141839,0.96693325,0.7328638,0.526451,0.48760933,0.23142104,0.49986702,0.18859583,0.70579875,0.58311653,0.9229218,0.52934957,0.19563338,0.24832696,0.79385746,0.6411617,0.46987832,0.7038448,0.62954295,0.70058334,0.8700669,0.49904925,0.4224308,0.37871695,0.7782786,0.6502854,0.9043386,0.37496608,0.39913267,0.88221985,0.85104376,0.17709595,0.60412097,0.8389729,0.86580455,0.7540662,0.9508469,0.67407084,0.6222446,0.9267305,0.6139086
BC2026_Train_0005_S08_20250607_070007_10,0.5259807,0.69209695,0.74090713,0.72313386,0.7145742,0.4676823,0.2584628,0.24109212,0.6084175,0.38682383,0.29712984,0.25188357,0.6947144,0.53677857,0.366085,0.25177217,0.7190943,0.3388797,0.16499048,0.5653917,0.53392327,0.44125926,0.873449,0.68794286,0.5109208,0.6423453,0.21602434,0.3968171,0.8780678,0.8018652,0.7686054,0.90896577,0.84347296,0.6169939,0.7353506,0.59121877,0.67175585,0.68709254,0.783159,0.4945516,0.6695521,0.71271646,0.6780172,0.87168694,0.6520536,0.6374239,0.6460806,0.62415206,0.5479156,0.44513482,0.8005625,0.7810608,0.8005889,0.8274757,0.6676761,0.27272487,0.49536848,0.80672884,0.6080677,0.65519565,0.71640396,0.091992974,0.35528564,0.47510296,0.46492606,0.8913475,0.66036636,0.36991507,0.153699,0.3780259,0.8154141,0.5685535,0.9026887,0.48379177,0.18276659,0.15422353,0.62765527,0.5480429,0.20064676,0.12576368,0.69588625,0.8325435,0.879338,0.449858,0.7856468,0.9051164,0.7486062,0.6015773,0.9137347,0.56417346,0.6139469,0.5278746,0.53062415,0.23110527,0.29763597,0.48389184,0.54907453,0.49625486,0.4523785,0.43142328,0.79410267,0.92151046,0.45527285,0.43331677,0.35329032,0.23505858,0.96203923,0.4914357,0.63299143,0.538929,0.55544287,0.18738735,0.53997254,0.098950185,0.9287818,0.7674196,0.8877764,0.13203356,0.942567,0.305265,0.61569524,0.9321147,0.58610183,0.6372595,0.2639715,0.80986667,0.4440437,0.8300681,0.88793963,0.30695066,0.6825316,0.622901,0.7091994,0.67542183,0.59244335,0.51679826,0.831444,0.96819997,0.7824249,0.50620246,0.43236834,0.43536156,0.663587,0.89103854,0.5755066,0.94368243,0.97657967,0.29452872,0.47267735,0.20810512,0.907528,0.6864511,0.83241814,0.65905225,0.41211826,0.8780111,0.5076071,0.9659,0.4390843,0.67769283,0.3375873,0.8632729,0.4983871,0.76356304,0.63933325,0.3986721,0.30382225,0.8775648,0.49838996,0.7934444,0.28524226,0.7572011,0.39425677,0.56387293,0.7164047,0.38293743,0.9613172,0.7699969,0.63969445,0.50025386,0.86583644,0.7687197,0.27181464,0.6907456,0.46011013,0.7718594,0.49154907,0.77034974,0.5542838,0.19391727,0.42241657,0.78779316,0.36931682,0.63691914,0.9251954,0.64084184,0.25600848,0.32812113,0.34535897,0.40145344,0.34594667,0.7782583,0.3989817,0.6674565,0.7208333,0.15468064,0.14850464,0.564713,0.78100467,0.43877393,0.6632091,0.61235,0.52797335,0.9508687,0.32678524,0.8125906,0.3292772,0.84803724,0.6509373,0.586959,0.47027165,0.6136069,0.6699353,0.6072817,0.24254777,0.35816127,0.96110785,0.82732546,0.4116081,0.84276557,0.44446242,0.7745011,0.6937536,0.79389906
BC2026_Train_0005_S08_20250607_070007_15,0.57210535,0.7722999,0.5867707,0.7389313,0.68562984,0.3752647,0.30288923,0.14699708,0.70984983,0.57055575,0.39747256,0.39630806,0.8494462,0.45671713,0.1735856,0.5771582,0.6681365,0.40200728,0.11928457,0.50469375,0.70971096,0.62618494,0.71245444,0.8520591,0.59892154,0.68191624,0.6879543,0.5391495,0.9446111,0.8649926,0.79534817,0.9783051,0.94878507,0.56640273,0.66685045,0.74367857,0.4780302,0.7442653,0.8483514,0.44517875,0.754495,0.86731255,0.7349392,0.94476396,0.7169441,0.7113129,0.67073774,0.6471307,0.5610042,0.48510712,0.7574972,0.7688322,0.73341453,0.8501556,0.7259396,0.34857887,0.51277536,0.8102726,0.8810146,0.58982503,0.5769777,0.07078665,0.20946985,0.39997023,0.3117606,0.78843105,0.8548378,0.41438836,0.2365147,0.37284034,0.85261714,0.55765367,0.75755787,0.7788987,0.30346859,0.22102797,0.9440371,0.5945339,0.45442307,0.14809959,0.76412666,0.9580927,0.7912222,0.5789417,0.8963915,0.95061976,0.77510035,0.4768592,0.91314185,0.6155158,0.4546804,0.55908096,0.7134311,0.21181759,0.41142273,0.7067088,0.3905534,0.39676,0.3291676,0.50908935,0.7533635,0.73098147,0.7752168,0.5024453,0.57016087,0.32721895,0.9883312,0.6060169,0.78562915,0.27997962,0.58850574,0.1202634,0.7352364,0.27757502,0.64792526,0.803283,0.9327552,0.3597377,0.9870682,0.45913994,0.6660608,0.88021994,0.79631376,0.70285404,0.31835502,0.674075,0.27805993,0.93026865,0.9633995,0.3796203,0.69246316,0.5412469,0.40535593,0.7679915,0.55905515,0.77598894,0.8000386,0.87290823,0.882365,0.42474502,0.48785412,0.40386432,0.81720364,0.8883431,0.8664379,0.93708825,0.9591242,0.41795617,0.360987,0.30583915,0.9454771,0.5810827,0.89447844,0.8769026,0.5379671,0.9783484,0.31761622,0.89232326,0.46995354,0.53827095,0.2806062,0.59951746,0.22459541,0.398129,0.7729708,0.79139036,0.34073943,0.9227959,0.4997053,0.9339566,0.40254712,0.6270257,0.680021,0.37386176,0.56172186,0.37366655,0.7773267,0.78763115,0.8524624,0.7711252,0.8482872,0.8519712,0.46547824,0.7707927,0.31538096,0.6896452,0.62081456,0.819922,0.48801333,0.37893438,0.6778335,0.7989023,0.30314404,0.67950463,0.9317008,0.5218954,0.36684418,0.29305065,0.55989563,0.6295899,0.70562303,0.67848706,0.35849583,0.92395127,0.547952,0.3118611,0.061375417,0.7692212,0.8078074,0.3993389,0.5747975,0.65205896,0.5169852,0.8506696,0.54258484,0.9123534,0.22425157,0.83907914,0.47002232,0.7673714,0.36136937,0.70774794,0.84019005,0.68306005,0.31409818,0.6241082,0.82292354,0.9128752,0.42791563,0.9260403,0.64694786,0.6467582,0.90238893,0.7828369
BC2026_Train_0005_S08_20250607_070007_20,0.63651395,0.86745214,0.7283031,0.7678803,0.7074505,0.37347966,0.23608473,0.15054923,0.79276246,0.46808654,0.46336436,0.53046614,0.89863634,0.5094847,0.26822218,0.71180975,0.6565943,0.65517044,0.06390557,0.40020496,0.6033133,0.33181077,0.7636738,0.95556194,0.59957844,0.3959307,0.7741687,0.7489804,0.9781847,0.9763654,0.8670721,0.8941566,0.97893745,0.5756886,0.8018365,0.582872,0.2523863,0.68446094,0.9597025,0.36692643,0.8904959,0.94991744,0.7730645,0.9201397,0.7797278,0.76547825,0.7210039,0.7535498,0.61442804,0.5405038,0.7753969,0.77656853,0.7773943,0.87425715,0.78063345,0.11611758,0.50584364,0.5903358,0.8951533,0.59588146,0.4504235,0.19057187,0.32830405,0.5453207,0.35504144,0.6999328,0.8983898,0.25318295,0.4503818,0.55769175,0.8523272,0.3622028,0.7061995,0.7763362,0.41202247,0.23651055,0.88434863,0.8022737,0.43223554,0.36370185,0.82484055,0.959571,0.76666415,0.5543823,0.8944135,0.95339143,0.87332755,0.43616587,0.9280735,0.6953813,0.38747025,0.5961032,0.70464206,0.2346119,0.46569595,0.6771101,0.65806377,0.26303416,0.16774368,0.5072979,0.65622324,0.70739317,0.76125586,0.56157917,0.45273346,0.44104218,0.94578564,0.5724393,0.76351094,0.24060062,0.54591143,0.12980396,0.58077407,0.4115687,0.471591,0.8640969,0.932675,0.2487002,0.8899912,0.44801205,0.74792767,0.9769156,0.78894675,0.7396122,0.45162803,0.6526617,0.50944406,0.8965614,0.9497255,0.27641612,0.7131829,0.24076962,0.37197483,0.8337817,0.71699286,0.6521022,0.5952071,0.90456086,0.9210526,0.569569,0.58361036,0.3117111,0.8854686,0.91469246,0.7838501,0.75941265,0.9569751,0.32927778,0.35990846,0.57053906,0.9563185,0.5269167,0.92715883,0.8054699,0.6627289,0.96686053,0.24200432,0.63826954,0.53359675,0.6453624,0.20492548,0.5210359,0.12844464,0.3109868,0.85050344,0.4532842,0.23093206,0.84874773,0.38020408,0.95824623,0.48636377,0.4442175,0.6718742,0.33633438,0.4063831,0.44511145,0.80701077,0.81419325,0.93804073,0.8354949,0.9295535,0.7819737,0.6343533,0.6985854,0.54508746,0.4363875,0.55873096,0.9093009,0.64291036,0.19687754,0.70526767,0.8624271,0.25005096,0.69216657,0.92158043,0.47954357,0.4500709,0.34043676,0.475325,0.57536316,0.6668141,0.52104825,0.16411164,0.97291505,0.5687946,0.33774954,0.15594202,0.90241826,0.70311105,0.42078054,0.59287685,0.61716175,0.5090495,0.81090385,0.37769473,0.7196464,0.36085796,0.8229692,0.27617016,0.8095225,0.3443395,0.5799229,0.7878926,0.6915206,0.33041453,0.75801575,0.85999405,0.9651756,0.50996447,0.94593287,0.4925155,0.39923263,0.9407531,0.879665
BC2026_Train_0005_S08_20250607_070007_25,0.6039126,0.7979928,0.6139605,0.7708416,0.7287489,0.28991365,0.204388,0.17777988,0.9050423,0.57913446,0.9457237,0.5304972,0.72450733,0.5034011,0.110800266,0.57696664,0.48528147,0.45309883,0.12193984,0.37096468,0.5768355,0.37817395,0.78344536,0.985159,0.48819226,0.2608476,0.9261334,0.5742147,0.9109637,0.8333417,0.83976936,0.8184184,0.88527834,0.8528362,0.7924833,0.4458751,0.3202374,0.8663069,0.90696096,0.41265166,0.9133247,0.9540446,0.79982066,0.81645423,0.7953408,0.78928876,0.77576953,0.7357881,0.68553007,0.63193,0.77428615,0.7606677,0.7610247,0.96718967,0.7798172,0.034129146,0.44424355,0.5960998,0.8218043,0.50829786,0.6350975,0.12063207,0.23745036,0.542099,0.11094338,0.65367115,0.83188653,0.22749907,0.5412382,0.59754187,0.7332907,0.20097297,0.7703794,0.8809625,0.6688019,0.37019104,0.7268026,0.6647271,0.5607952,0.45355958,0.8945576,0.92915285,0.85718143,0.25879106,0.84023035,0.6884539,0.80027354,0.8480391,0.7409811,0.8305881,0.5504149,0.4724884,0.30726558,0.35393816,0.5455364,0.6108426,0.7847327,0.10836209,0.4832524,0.6305344,0.4038704,0.7927215,0.58649564,0.66198045,0.5237473,0.40071738,0.81387496,0.52816784,0.52034944,0.41762063,0.21936986,0.29749322,0.59457767,0.20817482,0.57850194,0.8076787,0.72306275,0.38561195,0.74562097,0.5230726,0.7559686,0.9428388,0.6873611,0.5897976,0.4091763,0.63006616,0.5178834,0.803128,0.6680342,0.2121005,0.63799036,0.3144468,0.22932366,0.58113176,0.73257315,0.70947313,0.20968628,0.84435797,0.847388,0.5120974,0.44085777,0.48045322,0.5988933,0.84999764,0.95637643,0.514727,0.9536923,0.3275215,0.5503371,0.5169383,0.9115982,0.489171,0.7971864,0.6166042,0.8455911,0.93475854,0.52014023,0.6565975,0.50421417,0.68366253,0.6375001,0.6240962,0.26177165,0.52859807,0.8074715,0.76344573,0.5224572,0.8778425,0.48602867,0.8372741,0.31642038,0.68420243,0.7830359,0.52719456,0.472521,0.45775676,0.82137275,0.8184118,0.73429525,0.7419194,0.93080807,0.69714,0.6847118,0.58238506,0.7001771,0.5167428,0.33922297,0.92007935,0.6649586,0.15432581,0.44886857,0.7934171,0.4139256,0.6962271,0.8876606,0.57790685,0.22305796,0.21285054,0.44870704,0.7967528,0.38527745,0.2723927,0.08781108,0.90416753,0.5271609,0.48516417,0.395759,0.34297425,0.6750556,0.37904322,0.49895406,0.64999735,0.39704484,0.8383432,0.6775859,0.5131686,0.3732345,0.85930514,0.10250148,0.8760234,0.44148695,0.5574046,0.5503495,0.29134953,0.5398039,0.74703896,0.96249944,0.975264,0.5226053,0.9320239,0.16840434,0.5603303,0.693586,0.6943792
BC2026_Train_0005_S08_20250607_070007_30,0.63448226,0.82462,0.832574,0.7574712,0.7072586,0.38081822,0.11308223,0.18349174,0.91231483,0.7028295,0.556635,0.59145623,0.73734176,0.5120591,0.19391605,0.65529406,0.34162158,0.33501762,0.34030038,0.6060272,0.49941003,0.46795452,0.5528946,0.91166806,0.6145593,0.15991846,0.92260337,0.63640153,0.8477843,0.97918177,0.83232176,0.62256163,0.9384873,0.80450094,0.46167463,0.31127188,0.14406848,0.72997856,0.93735206,0.16779912,0.9499209,0.99903154,0.73959774,0.7830659,0.7482586,0.7346289,0.78010195,0.7055582,0.69044495,0.66688895,0.7377979,0.7339054,0.74010575,0.95286083,0.7559555,0.09882559,0.41750252,0.51525587,0.84216505,0.46891838,0.69959337,0.15355033,0.47570127,0.36053926,0.16513616,0.66645914,0.8706485,0.2863652,0.64075315,0.7387077,0.51023304,0.27570367,0.5562277,0.75847745,0.6926172,0.235347,0.8745072,0.74592566,0.35484767,0.33102062,0.920436,0.83718807,0.8050723,0.12241805,0.91811156,0.48635453,0.8487052,0.9488089,0.565963,0.926412,0.5780688,0.6134609,0.3873496,0.3684767,0.4990496,0.6695329,0.83282673,0.190709,0.8131938,0.781083,0.13381702,0.6943875,0.48835558,0.57185084,0.5977291,0.48428565,0.39256948,0.56925786,0.6995169,0.42687887,0.23312499,0.16101635,0.46657056,0.19036868,0.6740234,0.704797,0.8098086,0.34050757,0.65413284,0.7842146,0.6486503,0.88061833,0.56437546,0.5841862,0.32867497,0.7707192,0.68821025,0.6800538,0.7239444,0.1543575,0.9093346,0.61029905,0.124953166,0.5328976,0.86124,0.64957666,0.14728408,0.65675795,0.8030299,0.8788201,0.530194,0.45148233,0.51571774,0.9190397,0.98996633,0.31622773,0.8662905,0.29046088,0.4418143,0.7670746,0.9076532,0.45542765,0.90428734,0.45871794,0.78309333,0.86171806,0.3867079,0.340433,0.3498804,0.7132102,0.59470487,0.69760025,0.13776845,0.35103512,0.9386512,0.7041354,0.5226804,0.67579865,0.23779067,0.86355376,0.4625718,0.7390988,0.6116171,0.4012546,0.61096907,0.50125575,0.5114345,0.59314823,0.8363464,0.82835615,0.8127142,0.5131636,0.81580687,0.7684107,0.52586067,0.24444503,0.11949538,0.78072834,0.7808707,0.09113976,0.644855,0.8531836,0.72661626,0.89268076,0.831115,0.6229007,0.4155272,0.18319106,0.59740436,0.80466187,0.4432098,0.20138058,0.2789047,0.89978623,0.39533198,0.87208927,0.5247926,0.19969451,0.59434026,0.31026995,0.44793004,0.46500102,0.36540896,0.5579056,0.6105374,0.43996936,0.15525605,0.8438915,0.07817894,0.85888624,0.25918144,0.18034047,0.6414621,0.26888812,0.7008984,0.69196165,0.9398382,0.8868295,0.626766,0.8754438,0.28511572,0.47050753,0.84665626,0.5406041
BC2026_Train_0005_S08_20250607_070007_35,0.6497961,0.8371594,0.81884766,0.9908893,0.74992466,0.23272191,0.16532017,0.13865891,0.9295934,0.6952213,0.6186403,0.2799288,0.7099875,0.44202873,0.3238619,0.75978184,0.34008062,0.20017338,0.16356638,0.4527656,0.45957756,0.57792604,0.5309386,0.9654354,0.64491934,0.23309007,0.64613724,0.31692263,0.83677083,0.66122484,0.8610468,0.65713763,0.9177066,0.5832454,0.59173596,0.18471134,0.19378209,0.7732007,0.96033967,0.101417154,0.9882588,0.99237776,0.79227877,0.78308946,0.85328317,0.9285408,0.81661475,0.7699503,0.7183453,0.69661796,0.75025636,0.7540072,0.7569945,0.9489844,0.7335955,0.12699875,0.33562106,0.7690593,0.56268066,0.5381267,0.41001707,0.10059266,0.57531965,0.5152204,0.066926256,0.47083977,0.90953314,0.3248126,0.48791224,0.7108476,0.70715094,0.6289433,0.4671275,0.86641014,0.5862455,0.3388167,0.9311675,0.75919205,0.1717467,0.21648489,0.9058031,0.87976205,0.79971063,0.37750143,0.96521246,0.5376803,0.754784,0.92290723,0.91595733,0.7467576,0.504873,0.5400039,0.6576178,0.37873584,0.37135708,0.6819544,0.78651226,0.11506806,0.8075229,0.82229686,0.24212539,0.5203402,0.3770978,0.51606464,0.6209984,0.64366037,0.48046553,0.43353632,0.7069766,0.20002438,0.2989962,0.047312,0.36674303,0.34124488,0.59254384,0.75347555,0.92870164,0.45676708,0.7833104,0.7705226,0.717908,0.8016064,0.36116016,0.6542561,0.37869817,0.71293855,0.74011016,0.8845204,0.8017739,0.08140258,0.7185395,0.47535193,0.14212573,0.47811717,0.8233165,0.8776447,0.26330173,0.6292318,0.79963386,0.8353157,0.48008323,0.45318747,0.62639606,0.9479641,0.69541574,0.5888611,0.8188549,0.35567302,0.29237187,0.7680849,0.9290874,0.5473324,0.9790063,0.56017214,0.8012223,0.89452446,0.33853602,0.2944025,0.5098376,0.5622245,0.69316465,0.68564606,0.27405536,0.2064324,0.8779821,0.3822875,0.34537154,0.6939877,0.22341512,0.91611475,0.5375427,0.68337077,0.4904667,0.09650877,0.43729255,0.39055657,0.4588307,0.48949772,0.8714947,0.7386557,0.589024,0.7404084,0.77497655,0.87982464,0.15954816,0.096379206,0.2773725,0.6738841,0.76287997,0.13858213,0.6570587,0.94070125,0.7666614,0.89806587,0.82805026,0.60858643,0.5873505,0.1373716,0.68824637,0.57320887,0.24216968,0.3242268,0.6735604,0.71367884,0.41544104,0.9501964,0.30926293,0.30419534,0.83339596,0.52426016,0.32674283,0.54409796,0.22132018,0.64911115,0.50911164,0.483459,0.32527024,0.9288063,0.05519502,0.9442082,0.4335029,0.16527462,0.5436071,0.4653151,0.51577115,0.6636368,0.8557912,0.8073131,0.77853495,0.83911437,0.346479,0.30936372,0.9403491,0.5314175
BC2026_Train_0005_S08_20250607_070007_40,0.57461834,0.8564986,0.69236076,0.92060095,0.74822235,0.26248798,0.3556412,0.3926406,0.8833528,0.8542935,0.79352343,0.23006728,0.82642066,0.413769,0.537663,0.8193395,0.43316644,0.10513136,0.1765075,0.44994676,0.3067016,0.40464887,0.44923866,0.9709637,0.4112854,0.22158033,0.8395843,0.18877795,0.81140983,0.9119472,0.72931963,0.5749924,0.9838592,0.43672043,0.7686229,0.16170678,0.07204955,0.7365811,0.8702917,0.14143139,0.8595178,0.99144125,0.700769,0.7166537,0.86016625,0.8601093,0.7322849,0.68530333,0.73373294,0.6941622,0.67586297,0.66362655,0.67179704,0.99641836,0.71540034,0.10636257,0.24193233,0.42128104,0.72390187,0.5488856,0.5096284,0.054227665,0.46651584,0.35246342,0.07824975,0.87621814,0.7408284,0.39121526,0.6937057,0.8832679,0.92559487,0.6892141,0.40622115,0.771224,0.534784,0.11541213,0.89326,0.62856853,0.06831658,0.16164842,0.97774684,0.8579217,0.9296268,0.67334795,0.9830196,0.80139816,0.6994859,0.53993285,0.97968197,0.39751518,0.4129722,0.25239247,0.887449,0.29766387,0.19249126,0.87827104,0.72384477,0.28247252,0.46947187,0.7079948,0.412709,0.77496195,0.51813334,0.5937037,0.4082117,0.5067413,0.7872882,0.3993343,0.84427255,0.1559221,0.108576715,0.035937145,0.26660126,0.107327625,0.42357874,0.5484723,0.6931381,0.6500374,0.8454125,0.5046442,0.85562205,0.83830905,0.6400349,0.85042,0.49118856,0.5815209,0.5680298,0.8864578,0.9290548,0.10895698,0.7384491,0.2580043,0.104157075,0.72457063,0.80591524,0.6522434,0.56899786,0.8407863,0.9447488,0.5503086,0.31119788,0.2233628,0.9100524,0.8175839,0.6903086,0.8289639,0.809458,0.34581113,0.28800473,0.30912077,0.9427407,0.49378318,0.9870062,0.4269752,0.927407,0.8401692,0.2415127,0.6093811,0.66177964,0.5980742,0.4151439,0.30018696,0.15037102,0.13157162,0.6575819,0.61152816,0.19670302,0.88206947,0.3580557,0.9859188,0.34314543,0.7053462,0.22085905,0.025286082,0.5782929,0.38938093,0.84918916,0.41960013,0.95611036,0.7741121,0.6986218,0.7060522,0.4710273,0.94778496,0.26772517,0.29546863,0.41989857,0.742133,0.63202894,0.15397811,0.22194688,0.96025795,0.35204554,0.8806076,0.9076446,0.73816353,0.46694654,0.099068746,0.5430486,0.7957034,0.13415352,0.2617785,0.63698566,0.6418591,0.40717906,0.6857989,0.3965237,0.823339,0.8728652,0.3740961,0.23151499,0.35867476,0.3748747,0.78389037,0.3764493,0.38180894,0.35808402,0.970819,0.16110668,0.9912828,0.44229925,0.39195633,0.7410338,0.7481789,0.39038402,0.72495115,0.7040653,0.9045918,0.7034769,0.9499998,0.47760606,0.1160606,0.97774374,0.5095836
BC2026_Train_0005_S08_20250607_070007_45,0.5902685,0.8087436,0.84388584,0.78883225,0.7606001,0.47447503,0.49029768,0.34077454,0.9993721,0.5968855,0.47622302,0.40411675,0.7136042,0.52707267,0.38148552,0.98596925,0.44442022,0.2719907,0.5571166,0.6885499,0.5295496,0.54705465,0.5079655,0.9995427,0.7013097,0.4239654,0.9980854,0.36801523,0.76766276,0.8768264,0.72042835,0.4158399,0.8751081,0.5101041,0.6038037,0.29456526,0.28961307,0.878949,0.89734066,0.16479188,0.9514811,0.9807563,0.76312864,0.8470864,0.94030666,0.94942665,0.747671,0.69245315,0.77279425,0.7022008,0.7162868,0.7153076,0.7341269,0.99749565,0.6753565,0.118541315,0.22424316,0.8033092,0.90103245,0.62427366,0.72355205,0.025396582,0.37605155,0.39621818,0.061086886,0.7226059,0.77069855,0.62345994,0.63218987,0.90157914,0.94549793,0.42207277,0.29592854,0.83154726,0.33478504,0.11222012,0.8313981,0.54750097,0.22295666,0.4367181,0.8835715,0.9422079,0.9448359,0.7682942,0.9973812,0.7079444,0.7092227,0.636454,0.8496274,0.54483885,0.33242768,0.20722276,0.76339436,0.26046067,0.27391553,0.9453193,0.6061603,0.40155497,0.18823308,0.5466589,0.32114416,0.7923531,0.53969467,0.56643045,0.54726624,0.16030264,0.89830816,0.4055788,0.76225233,0.2059451,0.09495346,0.044128332,0.28601146,0.17627206,0.5488391,0.5193019,0.7211515,0.47145942,0.69646597,0.508522,0.93174374,0.76037216,0.79293656,0.8218173,0.39506382,0.62612665,0.71914923,0.9136214,0.8719895,0.16935349,0.72511435,0.37053347,0.3119102,0.66036403,0.77105045,0.8006921,0.5673802,0.92538404,0.93398166,0.7061317,0.2444264,0.22738208,0.6790724,0.62466604,0.8385353,0.8684943,0.7574346,0.310765,0.2756391,0.269934,0.94137806,0.4171487,0.91604793,0.5582186,0.9767312,0.66337967,0.13974124,0.90957016,0.52816343,0.6710609,0.6853703,0.31980622,0.4163803,0.21395499,0.7282441,0.7739772,0.33245116,0.975118,0.36195505,0.9630555,0.09701879,0.67543924,0.45323163,0.066537336,0.54482174,0.33870274,0.90165615,0.570523,0.9126117,0.86031103,0.6051569,0.67942905,0.63816065,0.85030067,0.44446075,0.27746198,0.3622716,0.7367048,0.8142227,0.22876,0.23033956,0.87014556,0.12783039,0.7832992,0.88365436,0.54270697,0.3117879,0.06957623,0.7641822,0.80112505,0.21044497,0.3439014,0.40609252,0.543023,0.435448,0.5029241,0.46076575,0.71290576,0.83956313,0.12113802,0.16329902,0.38295215,0.5993445,0.82502544,0.42601645,0.33516854,0.21703695,0.9635328,0.116367,0.8690498,0.40150273,0.27929312,0.6547543,0.6779473,0.395761,0.59533733,0.6473049,0.98078513,0.6887032,0.973663,0.5096291,0.2570356,0.86903775,0.5402153
BC2026_Train_0005_S08_20250607_070007_50,0.5525441,0.7887933,0.37328815,0.8027309,0.63406026,0.53411525,0.33669168,0.19753142,0.93303925,0.5642401,0.4484324,0.20021164,0.762746,0.4774341,0.2965845,0.66667867,0.37199116,0.3688516,0.5143198,0.57268375,0.49124318,0.7420908,0.61469615,0.9454776,0.5268265,0.32627034,0.7654791,0.24891126,0.7640337,0.6599813,0.75089157,0.84897923,0.9375621,0.728379,0.699919,0.55036277,0.1542842,0.6560365,0.907706,0.28101262,0.825745,0.94560075,0.71603537,0.9767841,0.7082858,0.6945073,0.70813894,0.6349497,0.6285702,0.5455179,0.7088014,0.69479316,0.69335556,0.9506283,0.7140486,0.07571098,0.4332859,0.7663461,0.80743843,0.6594168,0.5039326,0.06755716,0.13035186,0.3704908,0.040365264,0.66426075,0.76670086,0.53535295,0.28498048,0.4780946,0.95446664,0.23882264,0.6381662,0.7455932,0.37373674,0.32820666,0.82107687,0.78894067,0.3654918,0.6786386,0.8035085,0.8678763,0.91161746,0.76724494,0.95073164,0.9079404,0.86747634,0.89619565,0.79675686,0.74772906,0.52217305,0.35695958,0.347017,0.33140922,0.10868783,0.7654184,0.5783638,0.44397086,0.24086213,0.53166234,0.36211592,0.79305685,0.8558917,0.53245175,0.4977627,0.24507359,0.8542532,0.16609323,0.7858336,0.6056651,0.36065102,0.15717176,0.4137448,0.38330305,0.44263357,0.85839766,0.6664244,0.4586689,0.7310108,0.5179943,0.95679784,0.7313074,0.77802026,0.7915094,0.24722895,0.62894535,0.6996858,0.9774003,0.9203133,0.35240763,0.45915496,0.33415055,0.2737919,0.81100786,0.7727293,0.7067336,0.46962664,0.9459609,0.8714763,0.8133685,0.33562505,0.16136491,0.5729107,0.79657567,0.81162703,0.87904704,0.8660035,0.51598126,0.64131176,0.5460679,0.9054501,0.59199107,0.93744326,0.71387506,0.8297961,0.8621448,0.35687327,0.7243391,0.6156257,0.42568868,0.4910925,0.46460557,0.5796261,0.44971848,0.8753115,0.73180676,0.48670256,0.9667665,0.61637616,0.96495616,0.1207855,0.5660534,0.6808449,0.08708367,0.5152916,0.36322558,0.6544372,0.7048657,0.8670634,0.8189922,0.8026792,0.71492445,0.7244458,0.69179225,0.21831101,0.18122318,0.55811644,0.9332671,0.8720802,0.33997756,0.45955354,0.91176414,0.35833246,0.7065095,0.8809122,0.60166985,0.51015985,0.13874322,0.74624765,0.52040696,0.5379549,0.3097571,0.46978074,0.8753564,0.71298623,0.5049695,0.33452666,0.86004007,0.7358186,0.34776688,0.5094935,0.52603376,0.57061446,0.7417879,0.6597254,0.8945278,0.4178812,0.9739187,0.30721837,0.5527949,0.35270846,0.40977925,0.786623,0.65466344,0.5009402,0.80652547,0.62661195,0.9107374,0.63219035,0.9083003,0.49033886,0.55807257,0.8713312,0.80737376
BC2026_Train_0005_S08_20250607_070007_55,0.5696465,0.6973449,0.38336408,0.81824064,0.620943,0.4251026,0.42898726,0.11779548,0.68533516,0.26833427,0.61739737,0.2946614,0.6543455,0.627561,0.19785249,0.5340145,0.28452247,0.4510643,0.27504575,0.7190784,0.41996345,0.46053663,0.31224346,0.906311,0.46905988,0.14856547,0.88332963,0.2331225,0.75713015,0.5635567,0.728129,0.85756737,0.85222805,0.8446764,0.738322,0.53527856,0.26748136,0.67175585,0.8517331,0.41646492,0.73566675,0.96417654,0.68731284,0.91829604,0.636598,0.626194,0.67859566,0.6484096,0.58004975,0.5799624,0.67234504,0.67745215,0.66226196,0.97689164,0.67887807,0.049009435,0.4990132,0.72106373,0.68513584,0.6540121,0.44092047,0.108837426,0.06943948,0.30158144,0.15136395,0.46928504,0.88095164,0.7508563,0.40043008,0.43973574,0.95884335,0.387033,0.8813065,0.75252247,0.5311993,0.21011576,0.9386277,0.8770375,0.34413195,0.7452698,0.7731911,0.8132676,0.8720851,0.5421763,0.77456737,0.5788137,0.7820344,0.9137149,0.6240894,0.8298073,0.4528783,0.31662393,0.24698395,0.35311458,0.253359,0.41434336,0.7374755,0.4738353,0.5252397,0.74724686,0.4241863,0.683432,0.72415555,0.5897374,0.40679765,0.5015714,0.8276849,0.1276293,0.70711994,0.6094961,0.5355923,0.07907981,0.24584983,0.17131647,0.68045306,0.86124885,0.9459874,0.34824735,0.83320034,0.6112428,0.8692792,0.84005976,0.66753054,0.5955865,0.22704524,0.7610872,0.8204119,0.9878346,0.96452653,0.3730293,0.4283349,0.1666956,0.6553142,0.682845,0.8685864,0.77322984,0.57995254,0.95889187,0.8094847,0.85221577,0.45684153,0.4783132,0.37691492,0.8452467,0.91780186,0.7418256,0.83676064,0.43134975,0.7435205,0.4433603,0.896068,0.747262,0.8843372,0.6158224,0.8077953,0.8212364,0.5187609,0.51025796,0.5175393,0.3226843,0.8522698,0.6436522,0.51661325,0.42775297,0.96422136,0.37143937,0.42003673,0.88199174,0.5977403,0.8704622,0.40204233,0.761847,0.6608428,0.16344456,0.3537752,0.35881537,0.71732867,0.6916646,0.65010244,0.7761098,0.7764765,0.609375,0.64038205,0.5620328,0.3076591,0.49963093,0.3792343,0.77643764,0.6836113,0.13612169,0.49306744,0.8518778,0.3761798,0.72319806,0.794322,0.3868374,0.4711322,0.17206427,0.62703836,0.30995294,0.5253873,0.20499742,0.2344675,0.9314945,0.66947436,0.64164174,0.17369023,0.3686049,0.6519686,0.6136656,0.6471739,0.3159311,0.8414823,0.6067556,0.6258437,0.80455375,0.47258124,0.944988,0.16889304,0.64694285,0.3122088,0.5579674,0.84895283,0.37965262,0.53623974,0.89570904,0.68452644,0.71470225,0.72316146,0.83307636,0.3384577,0.69935215,0.8592513,0.75107217
BC2026_Train_0005_S08_20250607_070007_60,0.5093955,0.6467469,0.7280538,0.8731351,0.6184683,0.101869166,0.55207133,0.12918654,0.85272527,0.20809752,0.28997207,0.38222718,0.6537806,0.46415573,0.29538223,0.83882123,0.63015306,0.7620083,0.14156958,0.89157605,0.49682546,0.4791748,0.31358057,0.94914305,0.76405287,0.29320824,0.6167604,0.45019248,0.6369581,0.82079744,0.7658118,0.9229273,0.7141096,0.44067675,0.7247435,0.47427863,0.90048826,0.7257957,0.9097394,0.3302389,0.79475266,0.7893943,0.76182675,0.7661101,0.6674526,0.68788195,0.6379223,0.6877407,0.5275589,0.5561265,0.716086,0.7103026,0.7130434,0.8751333,0.64721066,0.11474624,0.34442544,0.30083272,0.7477063,0.84887177,0.7104206,0.05227042,0.1748439,0.6313844,0.6591166,0.78296465,0.8879217,0.702412,0.63709664,0.14278013,0.99574995,0.80596244,0.9843396,0.81589544,0.21223593,0.46719474,0.9726291,0.7657237,0.7599094,0.67014384,0.5180418,0.75202024,0.8281287,0.3672517,0.8705154,0.37066367,0.9734126,0.3173015,0.8364241,0.6710069,0.46021116,0.41704544,0.5795124,0.30417717,0.50993127,0.07817012,0.46716163,0.21685041,0.4384191,0.795089,0.9278885,0.85855216,0.2620299,0.30743176,0.5548246,0.254044,0.8703209,0.03861792,0.5311111,0.27008492,0.3571657,0.0750255,0.3448646,0.15111718,0.8874141,0.586295,0.9089583,0.14832872,0.7223741,0.5918594,0.50722444,0.7892666,0.42847192,0.31853205,0.34542364,0.7240861,0.55380416,0.99870825,0.943241,0.37904555,0.45554706,0.2363392,0.7794825,0.43246502,0.20362923,0.46713063,0.91100204,0.8416519,0.8568405,0.52963233,0.3580103,0.6224064,0.42137125,0.5237889,0.5873865,0.95803946,0.9688719,0.34441435,0.56338525,0.4593543,0.76498914,0.71166587,0.8029989,0.42558354,0.95531046,0.5912456,0.5608032,0.80863726,0.22213995,0.40507627,0.66931915,0.58342874,0.4880313,0.76151246,0.9182179,0.5945575,0.45518622,0.7401037,0.90218544,0.5696474,0.19844109,0.82650733,0.17133558,0.68112814,0.5221632,0.09343062,0.9417628,0.9107332,0.80657625,0.84088016,0.9290656,0.9157771,0.8405688,0.4566366,0.107489176,0.4668786,0.24480432,0.6504732,0.26512492,0.15875298,0.3316905,0.5957589,0.5417136,0.72368616,0.6067164,0.30613792,0.28684354,0.22434834,0.70988226,0.22472921,0.8083708,0.41440463,0.0394025,0.89507836,0.8851156,0.27565107,0.029494666,0.12869868,0.90312815,0.6453388,0.24053743,0.45063877,0.81658757,0.20207062,0.29907098,0.857949,0.22955239,0.7373265,0.36883914,0.44767243,0.35477734,0.735113,0.8313575,0.53348595,0.10485116,0.9423767,0.9409654,0.71589106,0.5770717,0.82665503,0.3913933,0.7894932,0.9364414,0.7718148
BC2026_Train_0006_S09_20250828_000000_5,0.32435626,0.31428057,0.10212746,0.507502,0.1915484,0.4451533,0.4112563,0.17141789,0.07835719,0.70766866,0.09931375,0.42555815,0.12533501,0.10660568,0.87006664,0.09406258,0.24223834,0.9077704,0.06482467,0.5851239,0.105503455,0.37240177,0.16343424,0.20348233,0.27323845,0.07743041,0.47629493,0.16600016,0.4409969,0.11907514,0.5440376,0.50093085,0.4476449,0.9330176,0.7425417,0.9051484,0.6915022,0.49285614,0.4967277,0.8690694,0.43333235,0.49730092,0.45999795,0.3763133,0.48728794,0.5015507,0.508327,0.30131122,0.32993472,0.4612106,0.45428008,0.46607447,0.472975,0.71328557,0.3073901,0.7656648,0.6847354,0.31354845,0.3191883,0.3663324,0.35022855,0.36791915,0.14875804,0.078361005,0.6771498,0.9458051,0.3344943,0.7502593,0.292221,0.32539517,0.6796936,0.8012979,0.8939346,0.6905792,0.5887995,0.64284897,0.2270973,0.70440733,0.2558849,0.4503311,0.14716631,0.4740008,0.45962498,0.3682775,0.53425837,0.05487842,0.45941412,0.18004033,0.17058241,0.35338223,0.08934651,0.38544214,0.2519821,0.5376537,0.7025018,0.6898886,0.25600868,0.40548563,0.32200748,0.28703827,0.7266674,0.6611347,0.7297853,0.32023668,0.61013335,0.56936324,0.40933263,0.83850074,0.6023731,0.35681766,0.46292254,0.73678815,0.42608023,0.8705001,0.6087793,0.7695844,0.256513,0.7593893,0.31951046,0.9266229,0.47953647,0.58065,0.5403818,0.6134553,0.154288,0.4142908,0.5279978,0.6235552,0.42288834,0.72525716,0.39672017,0.73249185,0.7290957,0.5470499,0.6595628,0.22580749,0.6498766,0.6843395,0.44300267,0.8098786,0.55153984,0.8075433,0.3057456,0.27192062,0.42586917,0.27253944,0.18790427,0.63042796,0.65982234,0.36294168,0.17543128,0.76794064,0.5439524,0.5612677,0.8025011,0.057332043,0.98978543,0.44410953,0.45885384,0.2271419,0.7789285,0.3544172,0.18497622,0.7580321,0.34005493,0.7332432,0.9429145,0.35777414,0.26812866,0.31679899,0.6265992,0.6171344,0.28012073,0.6408645,0.6244663,0.28048506,0.48634797,0.784648,0.80262494,0.42928308,0.347674,0.7928734,0.9551966,0.69576406,0.7391273,0.4847144,0.94551885,0.32164928,0.25792307,0.48649186,0.75000095,0.363616,0.9282062,0.46947935,0.45589933,0.86644375,0.963296,0.6440165,0.67396426,0.22676055,0.8464955,0.8903458,0.84542394,0.18535888,0.84376246,0.63881034,0.69979835,0.6056501,0.64760244,0.21748713,0.8581999,0.1629354,0.4749437,0.5164429,0.536604,0.95933926,0.8396419,0.31262547,0.7486813,0.1249235,0.8325499,0.3141855,0.34094852,0.8767854,0.5536585,0.59041214,0.3230319,0.47300005,0.9352209,0.41553813,0.5984901,0.7069154,0.18204644,0.32675827
BC2026_Train_0006_S09_20250828_000000_10,0.23303558,0.21055543,0.18788263,0.441635,0.2568894,0.80051565,0.58496934,0.28017652,0.51036716,0.48632407,0.4171276,0.46863794,0.28874195,0.39250726,0.8213229,0.4080407,0.21646652,0.7758528,0.28545803,0.5393784,0.06305102,0.7109526,0.3635267,0.2796061,0.32478297,0.3365479,0.3802217,0.2818892,0.3007905,0.6076515,0.29757947,0.2138116,0.48963526,0.7323612,0.42404544,0.77080107,0.7550824,0.42952806,0.32737982,0.5951834,0.413279,0.6326975,0.35710818,0.62389606,0.2349364,0.33141744,0.41938564,0.20259494,0.2871507,0.37941915,0.36811262,0.3292493,0.33842075,0.5248118,0.26397252,0.9090667,0.66368747,0.71890676,0.24275456,0.18019083,0.2871848,0.5843662,0.46861613,0.12820414,0.72096324,0.62102807,0.4257498,0.6341701,0.6538738,0.6001307,0.6270883,0.6537826,0.8216034,0.43398482,0.8294133,0.89923453,0.3850711,0.6004944,0.9057989,0.84979343,0.21497214,0.5943786,0.34807312,0.54648554,0.36510086,0.17944986,0.4228388,0.16077635,0.13769487,0.63191986,0.162593,0.7273338,0.57426214,0.739352,0.8733901,0.82777965,0.320181,0.8433173,0.56731147,0.65993106,0.40392506,0.8779522,0.632501,0.21292862,0.48897707,0.92908704,0.40363973,0.8154408,0.36754704,0.1533312,0.5001755,0.84368443,0.44835055,0.75379336,0.6690891,0.29961863,0.32649624,0.92223847,0.51648176,0.8131312,0.34462672,0.48526093,0.2596606,0.5417205,0.44473827,0.35674286,0.40768057,0.19474444,0.17925528,0.9248896,0.7413635,0.86509764,0.6825092,0.58058214,0.33283603,0.1687077,0.7214142,0.58995414,0.514762,0.5106003,0.65615153,0.5697772,0.22545257,0.12472856,0.75493115,0.27604634,0.5190915,0.8469584,0.478898,0.72260714,0.1543359,0.41532475,0.23422827,0.59041214,0.65781546,0.093734354,0.96486056,0.4808686,0.83806276,0.7976253,0.89941037,0.3566724,0.7214376,0.44575614,0.28327805,0.30679756,0.9406644,0.44877452,0.66577137,0.106873915,0.54922175,0.31737489,0.2553709,0.7033379,0.7711711,0.44799346,0.6322336,0.44549793,0.41536576,0.32365638,0.39079732,0.46969455,0.9346254,0.5608473,0.90979576,0.65900016,0.92958826,0.15922552,0.28974426,0.6245236,0.40659988,0.22749126,0.8363469,0.6353234,0.20367008,0.5807796,0.880303,0.38849366,0.7351563,0.77293086,0.42363042,0.70469666,0.88242316,0.4665164,0.59150565,0.3781036,0.7348113,0.50991416,0.6951248,0.6503339,0.5967225,0.30367202,0.4626883,0.63385785,0.59917605,0.8800169,0.80371463,0.63184106,0.48938006,0.12806499,0.7183155,0.3868267,0.4166385,0.45696625,0.8870208,0.3686133,0.5175172,0.6727979,0.8658011,0.1445788,0.76979804,0.61363053,0.2500372,0.16520394
BC2026_Train_0006_S09_20250828_000000_15,0.10453346,0.18794271,0.14140432,0.3280639,0.10286249,0.9116235,0.6130768,0.22670633,0.31461167,0.13990304,0.2572732,0.35396767,0.28191683,0.26794368,0.7141727,0.30071062,0.048871458,0.77356154,0.5902052,0.2976594,0.030826833,0.7871469,0.15947634,0.3427803,0.20156409,0.13296556,0.80981827,0.4322372,0.38475507,0.5269505,0.37349588,0.23696256,0.29141617,0.9237206,0.538844,0.8953073,0.53760874,0.4477259,0.484403,0.83243835,0.39513063,0.5496366,0.31595358,0.47081923,0.3224411,0.3391695,0.4326896,0.36998755,0.3620848,0.33534515,0.39281514,0.36156988,0.36617658,0.6983973,0.1966505,0.805509,0.8282596,0.45165703,0.19177064,0.25940168,0.19258961,0.84795725,0.299204,0.2671858,0.4334227,0.7287704,0.3114195,0.34109885,0.73171353,0.37777555,0.7598573,0.6182463,0.7031573,0.29630256,0.6716893,0.9270067,0.57151896,0.526392,0.9407105,0.9562266,0.17551893,0.57150567,0.32129502,0.46834987,0.22750698,0.2967674,0.60154307,0.44829476,0.12056208,0.785293,0.20989135,0.63496286,0.67158747,0.91990876,0.96227914,0.7595336,0.50078946,0.9812474,0.78043693,0.74816513,0.23086146,0.9171101,0.48238748,0.25192565,0.2866872,0.8501209,0.37906247,0.46183896,0.3643468,0.3068576,0.58929133,0.8025914,0.5664469,0.8445462,0.36181417,0.32661915,0.32852566,0.96447027,0.44217396,0.79359674,0.3550979,0.6048672,0.39514518,0.56106675,0.36219412,0.39094532,0.19309747,0.19596156,0.17231679,0.95966196,0.67260337,0.8158376,0.98998785,0.67737424,0.48654824,0.31924456,0.4628452,0.64615715,0.18752772,0.36372447,0.6127118,0.7186444,0.11033619,0.060098562,0.7265195,0.17506343,0.44421828,0.6117625,0.79297596,0.7347244,0.19004068,0.46270669,0.25776035,0.28850237,0.93127143,0.3344335,0.86443484,0.56475145,0.93930095,0.8695432,0.9655628,0.5295947,0.8959166,0.5027522,0.5250194,0.07964875,0.8829472,0.58184606,0.6069094,0.09301481,0.65883005,0.3291846,0.6554444,0.7557453,0.5452243,0.27390832,0.3804208,0.62363726,0.23100758,0.5509646,0.5413675,0.4836362,0.92647445,0.4690109,0.8403059,0.8826432,0.93082154,0.32049465,0.48435017,0.53416955,0.4567866,0.3186413,0.72745955,0.35800648,0.15406218,0.44296664,0.9591776,0.64267373,0.650794,0.89421713,0.49176192,0.81653595,0.8939278,0.4080451,0.70626426,0.23358871,0.46914512,0.69836164,0.7132958,0.70728886,0.76491886,0.3015051,0.8645787,0.73577356,0.39673093,0.6021989,0.5015532,0.58354765,0.704131,0.16243762,0.665627,0.27152306,0.48111093,0.43383747,0.94988334,0.526854,0.5352284,0.61443007,0.82740045,0.29519445,0.79932296,0.35703838,0.10714558,0.27409458
BC2026_Train_0006_S09_20250828_000000_20,0.20186642,0.42883295,0.13843748,0.4112416,0.1385926,0.7030752,0.70679915,0.22582598,0.44978908,0.23393223,0.20046031,0.38687107,0.24818636,0.19478616,0.55670524,0.21174765,0.04623469,0.9045888,0.50452393,0.16009498,0.105601236,0.33906788,0.34740138,0.5217392,0.14347146,0.17541999,0.83692974,0.5754937,0.53352046,0.17230073,0.54721814,0.7497792,0.6056629,0.866616,0.43357235,0.9403701,0.9541898,0.5615728,0.56739086,0.846952,0.52901506,0.42056832,0.5168764,0.6108894,0.25161675,0.21760017,0.48287076,0.28594372,0.38046342,0.40780032,0.52200377,0.5218151,0.51577103,0.47117838,0.40590253,0.684317,0.89680827,0.2451812,0.448434,0.27892846,0.21211472,0.95244646,0.25488454,0.27073097,0.5134549,0.39068598,0.4633125,0.18013504,0.42464125,0.21826643,0.7391559,0.6248663,0.8415382,0.25499898,0.46531284,0.7388203,0.59246564,0.47565585,0.8161732,0.81599545,0.1758695,0.5952457,0.26148504,0.52066934,0.17053118,0.4613765,0.816151,0.5078131,0.36601567,0.80493546,0.47339523,0.32114398,0.72786605,0.81672037,0.9503736,0.6441399,0.4083227,0.8308414,0.61531854,0.42912298,0.5247055,0.84478885,0.40393627,0.32506788,0.38774276,0.50011414,0.6471541,0.5221566,0.5534579,0.74346244,0.5088457,0.43159097,0.55620897,0.971724,0.47373265,0.5159403,0.5168146,0.75608015,0.5439931,0.70520294,0.21031144,0.3831296,0.831136,0.51316905,0.2784056,0.45062095,0.079910666,0.19378623,0.24401397,0.7550571,0.30151948,0.7865,0.8713566,0.6498364,0.7729447,0.61139846,0.54695505,0.38936555,0.107110105,0.3887232,0.81753695,0.8706237,0.23328543,0.17387277,0.5941107,0.44274628,0.45876706,0.40721577,0.91877997,0.6260816,0.14316308,0.46916747,0.25418645,0.3576296,0.8954601,0.2662929,0.5508907,0.6026964,0.82543457,0.5607724,0.9009819,0.9036659,0.82144046,0.83192956,0.37288898,0.23389544,0.821748,0.5414487,0.5242061,0.27597898,0.5401337,0.41121927,0.84750414,0.8948645,0.73679245,0.110208675,0.2847238,0.93323433,0.4965598,0.3855427,0.4709099,0.5954422,0.95236206,0.551093,0.49446774,0.83157766,0.8927299,0.5483363,0.60129553,0.4967978,0.41264683,0.3764617,0.642956,0.2075881,0.40482885,0.68756044,0.9911624,0.8774792,0.33584625,0.68304217,0.8693491,0.9008558,0.9443468,0.590948,0.5399332,0.117920786,0.49706468,0.78991807,0.48957586,0.8293474,0.8168852,0.37115222,0.9454578,0.68529224,0.66442406,0.7355023,0.5452757,0.25717688,0.775043,0.22773948,0.80546844,0.5829332,0.65323174,0.6649443,0.7974751,0.5058286,0.5529522,0.5855303,0.6487471,0.48618644,0.5434109,0.33980948,0.16961154,0.51482886
BC2026_Train_0006_S09_20250828_000000_25,0.3451724,0.35737976,0.3858354,0.20234773,0.2623436,0.41209686,0.65405273,0.24828374,0.15924424,0.38287812,0.060453128,0.62828207,0.20202222,0.1505339,0.5095196,0.16380173,0.16918635,0.8733835,0.15697885,0.109793216,0.25035194,0.45537484,0.5607879,0.39745176,0.42984146,0.40788335,0.779464,0.30779785,0.36161208,0.123185314,0.49462083,0.55209684,0.44952053,0.99413407,0.41127884,0.9662068,0.7985045,0.5857147,0.4444974,0.81200486,0.5934551,0.3747654,0.48259223,0.6439128,0.38461947,0.35082424,0.5270163,0.41674596,0.44702777,0.48534155,0.5353607,0.47965124,0.4741066,0.5646368,0.3310675,0.7522085,0.7737584,0.786292,0.5824271,0.28206247,0.2447558,0.8415812,0.28518537,0.34764725,0.5209578,0.3951522,0.18595326,0.4514001,0.4043609,0.3984688,0.70724726,0.68629736,0.9284948,0.4210542,0.35555965,0.5061259,0.43939212,0.43822506,0.88037395,0.4422953,0.31774294,0.5946655,0.28347826,0.31628668,0.46035954,0.30388415,0.6288471,0.23724815,0.33317447,0.93842804,0.3887052,0.27713436,0.7252531,0.622026,0.93892604,0.7061027,0.24220598,0.610979,0.6137582,0.47524548,0.7839993,0.93346834,0.45698833,0.31701154,0.27270758,0.3183837,0.5396862,0.5829601,0.79721797,0.7375337,0.64259577,0.4589888,0.8116739,0.85884184,0.884997,0.7019491,0.33064985,0.660267,0.33823103,0.593522,0.19804391,0.25272873,0.840741,0.62597394,0.40440756,0.7975005,0.11593607,0.10462052,0.27958393,0.69684947,0.34049177,0.8609593,0.59499377,0.69240403,0.7043152,0.65595555,0.6907419,0.14098004,0.17773357,0.36583388,0.71071887,0.80787313,0.23249611,0.5107343,0.36954153,0.43759292,0.5798808,0.5612227,0.67661035,0.55544394,0.40319198,0.47138977,0.34900445,0.3239956,0.76340616,0.27424538,0.637648,0.68881655,0.58344233,0.2631135,0.981503,0.6563126,0.45523447,0.8666292,0.4945352,0.5869599,0.83595186,0.626665,0.82908857,0.22739038,0.46036163,0.59545493,0.7035229,0.85859025,0.92091036,0.1736154,0.43400276,0.80959475,0.68032706,0.19784474,0.4122871,0.65906036,0.9179893,0.7449343,0.4320895,0.74253416,0.87875456,0.53783274,0.38565475,0.6609367,0.21907657,0.36495495,0.53948593,0.15651685,0.7072198,0.74512255,0.9152055,0.54191566,0.38401705,0.37935686,0.5713153,0.8636602,0.91902876,0.41322058,0.5602673,0.21475859,0.4177506,0.60574555,0.5171306,0.5605254,0.82580554,0.48583493,0.6272578,0.6359447,0.5512141,0.88379556,0.78812754,0.3517055,0.8287002,0.58399785,0.65873563,0.6784855,0.412188,0.67469347,0.4369674,0.49554956,0.6537789,0.4667132,0.8917709,0.554076,0.36222008,0.67698014,0.4717309,0.46833366
BC2026_Train_0006_S09_20250828_000000_30,0.3676312,0.26325932,0.21929911,0.16208121,0.35144794,0.43120965,0.6481295,0.25490952,0.25351083,0.16136202,0.09521277,0.7435485,0.20135179,0.10622804,0.7384542,0.39473337,0.20832044,0.5653131,0.15592843,0.14481819,0.35978532,0.33551198,0.2901962,0.40620708,0.2229203,0.15688759,0.74454856,0.32815772,0.34241444,0.07012451,0.49806863,0.7391981,0.35655314,0.9166323,0.51794326,0.9010513,0.8329793,0.5757344,0.33927977,0.7623193,0.4896921,0.32623875,0.5434059,0.64451337,0.463496,0.4434906,0.5895678,0.40765828,0.43574125,0.48683107,0.58070093,0.55984503,0.5664028,0.471255,0.33378723,0.56811416,0.6829935,0.5873041,0.33682668,0.22049353,0.088586986,0.5646965,0.38932797,0.42428488,0.5290989,0.3306613,0.14707091,0.49677297,0.13800873,0.18439537,0.68385005,0.5338405,0.88995874,0.29098865,0.3860309,0.57605577,0.38840917,0.51986486,0.75708294,0.5835483,0.2811128,0.7077818,0.19243038,0.2413768,0.36361897,0.17675179,0.5233737,0.2616998,0.3579154,0.87735057,0.534295,0.2547638,0.33430147,0.6578542,0.82284117,0.4845972,0.26274586,0.85351884,0.7367377,0.40582877,0.6651076,0.94362295,0.17407244,0.3115455,0.23021579,0.3807768,0.44187295,0.87751555,0.69936836,0.38176057,0.4595855,0.4498014,0.9399258,0.6460593,0.9811468,0.41592175,0.40593082,0.44631436,0.36444432,0.7051282,0.08006504,0.17978786,0.68042886,0.5102862,0.1908766,0.71570885,0.09811525,0.0357884,0.35218763,0.46886057,0.51210964,0.86334884,0.53979063,0.4844276,0.73947406,0.7366452,0.32970804,0.108114585,0.14035347,0.35841668,0.43827492,0.44162238,0.24835993,0.4055645,0.3759682,0.5894552,0.34202933,0.46536446,0.6126411,0.4153961,0.555949,0.3834157,0.43295914,0.18011066,0.6478143,0.40541822,0.60839343,0.74376816,0.31251276,0.23779237,0.76477885,0.38287365,0.30337346,0.5817015,0.7785485,0.39441574,0.66219676,0.3831272,0.43023556,0.31956965,0.47410524,0.4499216,0.724455,0.7041129,0.8574911,0.20572916,0.65067756,0.3958041,0.7178247,0.11063008,0.20740488,0.81293046,0.93691784,0.57587737,0.34929043,0.5548252,0.8375504,0.5470047,0.48298287,0.5081551,0.3706416,0.21991616,0.464436,0.13914476,0.61346525,0.7277285,0.8111286,0.6186367,0.21264732,0.34980726,0.39259505,0.84075737,0.9539083,0.14513198,0.3328154,0.19685113,0.5090816,0.6014052,0.7884238,0.28643158,0.5965194,0.20509037,0.5224316,0.46261346,0.25754237,0.64415383,0.8029502,0.22918835,0.49414808,0.51567763,0.712356,0.38048923,0.44603443,0.49146873,0.48865795,0.36134297,0.6152326,0.33202034,0.9532498,0.487827,0.34594488,0.6074364,0.63378966,0.57650876
BC2026_Train_0006_S09_20250828_000000_35,0.42133427,0.27448198,0.16124396,0.2525427,0.27758002,0.43628496,0.8337983,0.53688335,0.49368638,0.38620615,0.35993385,0.6273835,0.10646221,0.121059924,0.6839795,0.32923508,0.15779477,0.51197815,0.22626221,0.20828173,0.25542206,0.38495266,0.27828032,0.38487524,0.31809068,0.055184416,0.5403121,0.3334338,0.13582398,0.07431669,0.5387749,0.40672654,0.3494842,0.9390484,0.358064,0.9506897,0.6387365,0.586485,0.46309024,0.84737134,0.55397624,0.5202405,0.5417096,0.62953526,0.36559343,0.32115734,0.56984943,0.35013652,0.42301813,0.51583517,0.5128499,0.48825935,0.5144927,0.6320768,0.30318695,0.7283058,0.8189434,0.25977978,0.3644484,0.22319102,0.15156206,0.6221087,0.14458756,0.22639912,0.4429419,0.41133273,0.07169899,0.4933478,0.10312216,0.09517673,0.549382,0.4095524,0.77911055,0.23061082,0.7663356,0.6672125,0.34032488,0.48876444,0.37220764,0.7452415,0.24188195,0.41848707,0.36438978,0.19699937,0.30849275,0.40542924,0.4175545,0.59111404,0.31409127,0.6822616,0.48008442,0.26922464,0.2684491,0.8188045,0.84464717,0.6207082,0.6013468,0.8886564,0.66964614,0.3879764,0.5564891,0.6686758,0.17946106,0.5860355,0.35591638,0.5863914,0.5244493,0.900061,0.63560003,0.34003526,0.59424037,0.7708919,0.7542795,0.9225695,0.8872523,0.38887578,0.40069425,0.6412183,0.33099127,0.90515184,0.15374741,0.2910847,0.5453062,0.45691842,0.3005111,0.624776,0.22767675,0.10280746,0.19690222,0.66341734,0.674453,0.6025987,0.7302984,0.66185427,0.73996854,0.49808604,0.20286217,0.3569379,0.25384733,0.17330228,0.5756092,0.48822743,0.27936327,0.47367877,0.45249903,0.3290007,0.3112471,0.7231672,0.6052915,0.43625015,0.2879799,0.5377511,0.41400838,0.35563803,0.86837757,0.18355072,0.4991954,0.57501745,0.42466295,0.2860834,0.6466149,0.6564666,0.28588533,0.72965735,0.61180615,0.81725264,0.8986217,0.5301842,0.45638245,0.15545923,0.7014719,0.38647568,0.52739286,0.57118547,0.6347412,0.3406727,0.4074573,0.43462515,0.67861104,0.18561283,0.41501468,0.82699054,0.969537,0.6803558,0.604814,0.47964203,0.94918704,0.4166987,0.2499758,0.7039825,0.62830853,0.30665445,0.80348384,0.4011997,0.29629928,0.57820904,0.95101196,0.52414525,0.26726055,0.6504356,0.5295594,0.6915479,0.9362086,0.3715354,0.5496857,0.24304813,0.4467572,0.65155923,0.94203806,0.30962586,0.5221055,0.24118346,0.4180078,0.30342764,0.4631304,0.6673393,0.86994636,0.22141114,0.57026875,0.27124804,0.78921175,0.25455898,0.3958906,0.40933526,0.45156312,0.632283,0.65281564,0.46724796,0.92760354,0.4821913,0.354877,0.7298509,0.53379095,0.3842746
BC2026_Train_0006_S09_20250828_000000_40,0.35024345,0.29267088,0.22291234,0.4657911,0.28837788,0.24921589,0.87132084,0.5665977,0.21877229,0.76151514,0.17537436,0.5634361,0.13132815,0.06543659,0.6467179,0.16352123,0.18000631,0.7158923,0.38484246,0.14217499,0.11546463,0.784145,0.4863866,0.593522,0.12229025,0.060300246,0.37836576,0.30246997,0.22852354,0.12866956,0.5178069,0.438056,0.46366537,0.8586483,0.2701269,0.87538064,0.75825363,0.5322172,0.4247109,0.81560874,0.5438304,0.28137797,0.56427175,0.5395022,0.27480832,0.25435913,0.5794523,0.31345558,0.32378602,0.4428593,0.5199995,0.53677535,0.54753226,0.42118743,0.39046705,0.73593163,0.79529345,0.65729827,0.37843925,0.27002436,0.21530977,0.4688592,0.11631033,0.28608358,0.3526562,0.48786467,0.060980693,0.30884048,0.18922898,0.11419329,0.5060553,0.57985103,0.8965781,0.20827898,0.71081126,0.72183347,0.4489249,0.43734202,0.39893156,0.41460243,0.61798733,0.4278478,0.17401813,0.408809,0.15213725,0.26323247,0.40912157,0.54330635,0.48284063,0.86874026,0.4802065,0.524864,0.26184118,0.5332504,0.76944447,0.57729733,0.5037514,0.82772636,0.69370043,0.5906137,0.72981274,0.6259217,0.5291039,0.4735803,0.3870365,0.4233848,0.7425034,0.86766094,0.5702751,0.5013429,0.6524167,0.7188767,0.6325165,0.97687083,0.8505708,0.5167751,0.42271787,0.6683382,0.5502536,0.8790447,0.12197529,0.20984103,0.6464113,0.59185064,0.3509392,0.58991003,0.41557807,0.2670471,0.42481464,0.7273954,0.38937223,0.58082104,0.71999884,0.8498797,0.5761644,0.2074992,0.19751197,0.30405873,0.08461361,0.26257348,0.6436409,0.57376444,0.3614552,0.4116359,0.49442983,0.20467246,0.49727315,0.7451602,0.6790584,0.53877044,0.32611537,0.5180211,0.5278635,0.42839336,0.8824821,0.1609334,0.5081955,0.661965,0.62084347,0.13825187,0.7017699,0.8498328,0.39378667,0.82327294,0.5644796,0.77207255,0.69036674,0.70787126,0.6625296,0.21657434,0.6088306,0.3371184,0.6149923,0.64393914,0.6186113,0.24142474,0.30947858,0.56685925,0.5394396,0.18942067,0.49907756,0.8131641,0.99610627,0.61488175,0.71138895,0.78703606,0.9664645,0.46435815,0.29079413,0.8562554,0.6733211,0.27609205,0.87040985,0.5299401,0.3874386,0.62518466,0.94835424,0.74426067,0.39733672,0.5721762,0.73473036,0.6963898,0.916495,0.68722355,0.6850419,0.12025057,0.5505357,0.6860907,0.80418277,0.37589234,0.6190882,0.4626922,0.47481477,0.36599284,0.6674559,0.9291501,0.6189853,0.14354815,0.8069191,0.34110445,0.5342879,0.41924155,0.28037018,0.62531424,0.4371029,0.7001024,0.44998103,0.3980742,0.8461236,0.5233118,0.18257326,0.85310894,0.42966217,0.51668847
BC2026_Train_0006_S09_20250828_000000_45,0.19979998,0.17749101,0.07842952,0.568995,0.3122931,0.42542833,0.86732554,0.44880491,0.37891954,0.78854704,0.089294836,0.4627487,0.31268853,0.15375097,0.6258055,0.15928635,0.1493811,0.6624204,0.19300047,0.242274,0.14749923,0.64490813,0.28779107,0.51277983,0.13921016,0.05700809,0.13844363,0.36658508,0.588989,0.23060341,0.3735118,0.88035905,0.22567542,0.676863,0.32125401,0.84445655,0.50553215,0.46095353,0.4218521,0.6703311,0.44513285,0.36092937,0.4298125,0.40640473,0.27350658,0.25869536,0.46067566,0.25529182,0.23666811,0.42709807,0.41564518,0.43676186,0.43958074,0.67965424,0.16083308,0.67753494,0.7265123,0.72308826,0.3710462,0.39072335,0.22016843,0.51522595,0.121809304,0.33839524,0.5983466,0.62625957,0.03130308,0.5367594,0.36881584,0.1382257,0.63273776,0.70735097,0.6362699,0.16605216,0.54096746,0.6769285,0.43559003,0.5944704,0.3678758,0.33764517,0.59263223,0.44194555,0.18287939,0.45566648,0.15105653,0.3391791,0.3528241,0.56955063,0.36572152,0.6151601,0.57141507,0.46192265,0.49352068,0.3507585,0.5530417,0.7598512,0.34681714,0.57793427,0.57078683,0.4548841,0.59793615,0.4367816,0.6224636,0.53971225,0.28425142,0.39428103,0.5726559,0.8716619,0.48604533,0.59686327,0.50345343,0.6697035,0.42122185,0.9563552,0.66723955,0.28935874,0.33146977,0.7171148,0.43789297,0.78947616,0.26281255,0.21853898,0.5259292,0.59908295,0.28154606,0.3522755,0.30446416,0.36654115,0.39742494,0.81235015,0.2298232,0.83440125,0.4473796,0.6541636,0.5941129,0.13507125,0.14629933,0.30811912,0.048551507,0.2447975,0.69235706,0.45156944,0.20169316,0.14420797,0.45379698,0.16654184,0.36427575,0.69120145,0.35608166,0.55865026,0.11890324,0.6433599,0.56527716,0.34986967,0.85652614,0.1805771,0.67304903,0.4502383,0.4454502,0.24569124,0.8327713,0.506029,0.37924308,0.76362485,0.38441175,0.6645091,0.83382684,0.3622808,0.5780388,0.280214,0.6472913,0.3121893,0.44573218,0.7303096,0.54489934,0.30021623,0.35982764,0.4726258,0.34640563,0.12438156,0.3976382,0.83396757,0.9847224,0.58868957,0.54060376,0.6681919,0.97898424,0.4282512,0.33306655,0.82459164,0.56944215,0.3863657,0.92339355,0.3460436,0.3456968,0.59765184,0.86070096,0.883843,0.53763175,0.53818864,0.7304729,0.51938474,0.82868505,0.7203624,0.46264738,0.10983981,0.62654936,0.5735471,0.83743095,0.7153624,0.45922655,0.25913042,0.38741636,0.45862234,0.5972503,0.87148106,0.6627276,0.075959586,0.66669714,0.3806104,0.54077715,0.4300005,0.5067639,0.60594046,0.6783471,0.5437267,0.4803291,0.18093398,0.7717561,0.5156778,0.31494004,0.8252007,0.2955841,0.6503682
BC2026_Train_0006_S09_20250828_000000_50,0.22408557,0.5589373,0.088633254,0.38246524,0.2961465,0.45276135,0.7798513,0.7078328,0.42530894,0.5374819,0.12876716,0.5327663,0.49618018,0.36523485,0.69219434,0.24489567,0.37013775,0.791188,0.094556555,0.44793794,0.26074705,0.6154835,0.34702188,0.43500978,0.3605368,0.14516467,0.1657438,0.55938536,0.69000655,0.41037595,0.5707124,0.7644397,0.74819064,0.5304528,0.29443926,0.9739208,0.9559728,0.6273751,0.38077593,0.7752546,0.5129739,0.3195424,0.5249588,0.74568725,0.3858344,0.38032943,0.5773086,0.44678077,0.42001778,0.5707517,0.5476346,0.5412283,0.5473048,0.4900061,0.5824342,0.6003665,0.76701874,0.7533351,0.56370366,0.43990415,0.07915519,0.47272098,0.32326412,0.17869699,0.72863734,0.6342917,0.10846135,0.70953274,0.32311547,0.08038847,0.80642235,0.52281576,0.7056229,0.19574824,0.709558,0.71653223,0.16517165,0.477243,0.5961281,0.34903553,0.29486173,0.41079175,0.18112674,0.2652908,0.3233644,0.5823729,0.47466904,0.40059912,0.2920351,0.66575944,0.24583197,0.43279195,0.3847977,0.34609896,0.7271465,0.54352176,0.4562484,0.49925548,0.68558073,0.3621601,0.76565313,0.65675545,0.7053808,0.29723936,0.5577172,0.37152648,0.69660735,0.73898005,0.6824415,0.6102526,0.58865696,0.8133229,0.52448165,0.97617745,0.86353314,0.41333264,0.4656368,0.45096588,0.47055745,0.8129995,0.19293606,0.26258466,0.7177788,0.33904123,0.5139917,0.45784247,0.073447,0.4765521,0.4483704,0.7953267,0.36504316,0.75337064,0.4428723,0.5579474,0.37978047,0.18138897,0.43739253,0.5682723,0.15030472,0.51484597,0.4835795,0.70835805,0.38649678,0.1987159,0.19949768,0.37893522,0.5269125,0.7668017,0.42859712,0.5063765,0.18740538,0.4967467,0.26889056,0.5417206,0.8844272,0.14375427,0.83408594,0.5330328,0.43721288,0.4129365,0.5853143,0.37558252,0.26844886,0.7582688,0.41793272,0.74598956,0.91338134,0.28739697,0.8450854,0.2941775,0.39752543,0.46621808,0.67632246,0.8280604,0.8274087,0.16429034,0.28889284,0.5875428,0.44230753,0.15971884,0.44593194,0.90778756,0.94535017,0.5590907,0.5091488,0.50411606,0.9480517,0.2642305,0.4016192,0.79131794,0.42879713,0.43317658,0.78904486,0.47085264,0.499646,0.6920041,0.90324557,0.9529099,0.31255186,0.23705296,0.94062495,0.53623897,0.94270134,0.60932314,0.6287805,0.32690442,0.7606088,0.689659,0.87661743,0.86679065,0.7180135,0.3657114,0.50212336,0.4839831,0.29669785,0.9839965,0.78980875,0.15913522,0.82086396,0.20268536,0.8064909,0.7021997,0.61095667,0.55928254,0.55711114,0.71033174,0.7218349,0.34947878,0.78415143,0.26600814,0.3300056,0.6950533,0.5342567,0.68430054
BC2026_Train_0006_S09_20250828_000000_55,0.19348687,0.4698228,0.16254699,0.31661785,0.10414475,0.8308128,0.5247517,0.6061834,0.25170353,0.5943115,0.38256198,0.38505113,0.3514554,0.35999376,0.6509396,0.1902962,0.32852107,0.94788337,0.08125605,0.46814993,0.31778958,0.52208036,0.16572812,0.58691025,0.31285304,0.215464,0.39543313,0.5928174,0.71706605,0.12558591,0.6035757,0.8895702,0.7639195,0.74618876,0.5943541,0.9219445,0.88547695,0.527135,0.54638445,0.88219285,0.6161784,0.4813872,0.50164056,0.5667564,0.3614956,0.36292166,0.4141466,0.4963003,0.43050718,0.48111576,0.46509835,0.46429452,0.49285966,0.61210483,0.42159775,0.5842332,0.81133795,0.14236628,0.50454587,0.34050053,0.086696655,0.664789,0.46122068,0.33423978,0.5768346,0.84609985,0.29861963,0.5766465,0.5204588,0.22238564,0.8176125,0.6915988,0.4552702,0.5079988,0.9083539,0.7811239,0.19296123,0.53589165,0.68466103,0.5803181,0.21095699,0.46348482,0.29090843,0.44519925,0.25364703,0.46513999,0.611352,0.5177633,0.3046134,0.44112742,0.245121,0.33281904,0.56095123,0.6323559,0.61925316,0.4520306,0.71915203,0.7391331,0.64744866,0.35257703,0.7177068,0.61052823,0.70656455,0.23034102,0.49989983,0.68117714,0.5960541,0.594488,0.5245106,0.23854515,0.3255356,0.74563676,0.40263587,0.892931,0.7566347,0.47382212,0.3928647,0.5379561,0.70687866,0.6635628,0.33732337,0.45522523,0.60577834,0.32505172,0.40950632,0.29401273,0.035919666,0.32615167,0.6089021,0.82337,0.36661124,0.6693393,0.5873375,0.7624767,0.49226803,0.3670178,0.8065859,0.6321523,0.2347759,0.42905763,0.6939012,0.94443715,0.4086807,0.2991047,0.5022006,0.16333881,0.44184297,0.7459841,0.5248402,0.4818657,0.2776163,0.44422734,0.3209344,0.34914708,0.6823797,0.09729515,0.76541483,0.6770476,0.7208955,0.38423228,0.7533751,0.4805923,0.48044875,0.7870735,0.36163765,0.22097448,0.93899924,0.6138749,0.8560507,0.351874,0.27664012,0.48736542,0.77947223,0.7915448,0.76271415,0.21177676,0.39910096,0.4054879,0.3962419,0.19221282,0.4458803,0.8800514,0.9395181,0.62446314,0.38117915,0.82626903,0.80290854,0.33517838,0.69818175,0.63975143,0.4789269,0.35519487,0.44788325,0.39843106,0.5304605,0.7858385,0.8296516,0.9700583,0.29530132,0.3819397,0.7246586,0.5823419,0.8513361,0.72073543,0.55683583,0.15734358,0.89568555,0.7402817,0.8849144,0.7030561,0.7599621,0.5147636,0.87699294,0.72014236,0.474752,0.9236523,0.7626692,0.1548169,0.7071353,0.32857043,0.85637915,0.75662553,0.38634986,0.58554244,0.46561205,0.6865562,0.5261991,0.29630062,0.55348194,0.1498438,0.64770675,0.40933508,0.42898244,0.70153046
BC2026_Train_0006_S09_20250828_000000_60,0.4275406,0.51480234,0.11643162,0.1421811,0.2039555,0.5691079,0.70281816,0.33978063,0.58674544,0.6727041,0.13369334,0.6721113,0.2810402,0.18756983,0.57316744,0.08241071,0.29708415,0.9426805,0.21276903,0.12752625,0.082266584,0.41845948,0.100041136,0.56338185,0.18476716,0.17543,0.3599178,0.55068076,0.36447138,0.021342907,0.62016165,0.5832496,0.7362683,0.80463547,0.47256917,0.9413267,0.8982624,0.5550603,0.6027261,0.83231556,0.6331887,0.5754267,0.5079658,0.682269,0.34132063,0.34112182,0.5372313,0.44786656,0.4667315,0.50134397,0.5375877,0.5196679,0.50243926,0.6907794,0.49803066,0.6685642,0.85636216,0.389145,0.5967219,0.21281786,0.3740958,0.48856187,0.0887814,0.19513017,0.2993769,0.30101347,0.20571956,0.5560581,0.37246853,0.19893911,0.7659709,0.69758844,0.41372323,0.58465624,0.6172227,0.77964187,0.08394438,0.27220255,0.8474039,0.35533655,0.408063,0.18138188,0.064291246,0.43390083,0.19698334,0.3680147,0.4851527,0.35196096,0.31740832,0.49924487,0.52858526,0.32894713,0.6528529,0.47989562,0.7822218,0.77921987,0.60743237,0.7796271,0.6347797,0.3792532,0.42631665,0.66173327,0.6736258,0.27639264,0.4196006,0.7444905,0.5729722,0.4461188,0.47315747,0.25693786,0.37986976,0.44120485,0.53478205,0.70845795,0.31327087,0.25459772,0.30549842,0.8125956,0.43392396,0.6734996,0.2518419,0.31127602,0.5115472,0.25262842,0.2642609,0.30884203,0.11213791,0.06555624,0.7350917,0.9282224,0.3823483,0.78203493,0.24994579,0.62859154,0.4379822,0.70619535,0.75145596,0.2944552,0.16465998,0.4821282,0.7736751,0.6771101,0.21639623,0.06295625,0.5131569,0.12056712,0.12989679,0.6865127,0.4597541,0.5047873,0.13847816,0.21859169,0.36460918,0.18307063,0.37032628,0.06082496,0.5680948,0.61548364,0.8155117,0.29127234,0.75920635,0.28268927,0.3249785,0.46016777,0.240091,0.7241714,0.71611273,0.75908136,0.39000607,0.15251508,0.42009667,0.2658529,0.49676725,0.5634489,0.49966782,0.3209526,0.12890804,0.36581492,0.56088126,0.18962726,0.15388364,0.76683426,0.9009398,0.63020635,0.4668967,0.8856679,0.8989929,0.51781994,0.55095404,0.8900354,0.30568707,0.27311337,0.5887166,0.26356772,0.4887135,0.7358954,0.89858794,0.902256,0.26460257,0.69713116,0.45004466,0.90359056,0.9297018,0.4250818,0.39442313,0.05581584,0.94053745,0.5508609,0.7762761,0.4004594,0.4242608,0.15086542,0.6456914,0.5568104,0.53883743,0.9347193,0.67904675,0.20134631,0.5767795,0.08173996,0.6132858,0.3593269,0.23161772,0.8409631,0.68642664,0.3378716,0.384265,0.32038268,0.770911,0.16493505,0.59231555,0.63121724,0.3066883,0.3990447
BC2026_Train_0007_S09_20250829_000000_5,0.21470186,0.40991682,0.620476,0.41345304,0.30135372,0.39247024,0.4816987,0.8349197,0.38034126,0.2222119,0.25697583,0.13942146,0.303545,0.03553217,0.8284997,0.59492457,0.5586345,0.9111552,0.61782694,0.6092516,0.20629978,0.8669671,0.5382125,0.48536193,0.49837166,0.075677484,0.93365395,0.40237385,0.65882957,0.59799886,0.39034015,0.6549186,0.4423431,0.8243057,0.531708,0.9542211,0.5739789,0.47128808,0.57773334,0.7289464,0.48717964,0.6351957,0.36130145,0.41966236,0.42435163,0.4160661,0.34909624,0.2786138,0.27188754,0.23129739,0.3892223,0.34422448,0.39324793,0.53896147,0.25936007,0.9412328,0.98199165,0.33373314,0.5115106,0.18362626,0.49281606,0.24261765,0.4593622,0.5232738,0.8893678,0.9173961,0.52953947,0.28488576,0.72963953,0.7082516,0.51837707,0.46159834,0.7531009,0.074359246,0.7078363,0.89684546,0.43325168,0.8917928,0.6623417,0.82807255,0.9538573,0.3647058,0.5067792,0.9515135,0.23162355,0.5562459,0.77772224,0.56188357,0.8072592,0.6794497,0.7472844,0.26460963,0.9760635,0.68718964,0.9277167,0.9064671,0.70359164,0.84292555,0.6233258,0.7606293,0.4120621,0.62581396,0.16138992,0.26954687,0.31812364,0.87701046,0.8202175,0.7703866,0.9701729,0.9815937,0.74959254,0.6063839,0.21222118,0.8457291,0.7925521,0.8733781,0.37249786,0.6016116,0.31876582,0.6132721,0.7638006,0.76111495,0.9569583,0.9653604,0.229709,0.90709877,0.5844681,0.509869,0.5052641,0.46341324,0.35047674,0.95068955,0.9207283,0.9916874,0.9733125,0.5246252,0.14387831,0.22318341,0.3529336,0.49636626,0.74835944,0.9426534,0.74139917,0.91866124,0.24315175,0.6196805,0.37714905,0.59977126,0.8109342,0.7042532,0.9062815,0.6537032,0.49088073,0.53353655,0.95149785,0.9739046,0.9051094,0.81090724,0.81452465,0.83058727,0.9844973,0.76855505,0.8363043,0.15184312,0.49811617,0.82800835,0.21970475,0.62025976,0.46140438,0.63384867,0.83764994,0.6689271,0.8824681,0.7898934,0.5496862,0.30528253,0.75197315,0.12784123,0.93851256,0.38020426,0.5719631,0.5406873,0.75633335,0.89727724,0.90591204,0.96972287,0.3930983,0.8514416,0.373828,0.24287917,0.6119685,0.6791686,0.30478266,0.35860777,0.97482073,0.9148684,0.9048947,0.4504253,0.47573322,0.25541708,0.37740123,0.90907717,0.7325413,0.53468454,0.25182468,0.77080643,0.049127586,0.6147835,0.4409201,0.70636475,0.92680466,0.6492063,0.9493333,0.98286664,0.41967985,0.2561108,0.7851944,0.3721041,0.85050786,0.8893331,0.90772593,0.5022322,0.9935812,0.98412293,0.30339608,0.82537067,0.54992807,0.9197104,0.9655416,0.68265676,0.9579834,0.74001306,0.74727225,0.82024264
BC2026_Train_0007_S09_20250829_000000_10,0.28205463,0.51712936,0.42241284,0.26810127,0.158156,0.6527771,0.83006954,0.6053822,0.6476357,0.18397564,0.2869057,0.18625614,0.37996972,0.23116685,0.796914,0.45754015,0.2507581,0.90241265,0.35465604,0.2566716,0.18108754,0.5762319,0.18358052,0.4387917,0.48512515,0.42772377,0.8429786,0.5582898,0.35510194,0.2631747,0.33399397,0.4223641,0.727682,0.8562266,0.6612505,0.894222,0.41115838,0.30714488,0.505303,0.8114008,0.4281755,0.75213885,0.26483768,0.43216264,0.16688642,0.20625678,0.17186485,0.29252404,0.16020486,0.21308787,0.18801743,0.18229824,0.21256584,0.7112498,0.41638023,0.92280376,0.8851534,0.35104668,0.28271025,0.27612576,0.48016667,0.48947674,0.20760322,0.12699401,0.4179939,0.99350834,0.40715992,0.16058564,0.85481584,0.530934,0.60948837,0.47029358,0.6122557,0.25253022,0.97195536,0.92170775,0.51238865,0.6044538,0.4748936,0.54553384,0.96499825,0.34819323,0.28560597,0.89500594,0.51829505,0.29424214,0.87152183,0.58043,0.6716559,0.70636153,0.5309174,0.5703985,0.8026959,0.673924,0.55682695,0.67102385,0.6221677,0.74824226,0.3805893,0.84639335,0.40190732,0.55308384,0.15773961,0.4315006,0.5214342,0.77874416,0.45684904,0.81545365,0.8583056,0.7129817,0.56795275,0.78353107,0.36933106,0.5691653,0.5699425,0.4143247,0.1980415,0.8066373,0.31450367,0.30905342,0.7409769,0.6908822,0.5619825,0.87782216,0.5569155,0.54894984,0.7521132,0.5683413,0.451767,0.51472414,0.5500728,0.72188914,0.4444288,0.8885404,0.7370185,0.21031752,0.16949365,0.29907876,0.39665264,0.6754137,0.9529458,0.99311656,0.5405183,0.7365279,0.5949362,0.28302145,0.2749259,0.49832344,0.78215337,0.782457,0.7543919,0.4708373,0.31934333,0.5580605,0.89580774,0.95375514,0.91014415,0.46775705,0.9285619,0.609261,0.9865693,0.43199223,0.5786047,0.38253433,0.29075927,0.988963,0.4119857,0.5400734,0.31577277,0.5966535,0.4261309,0.52816767,0.85421884,0.5421742,0.742419,0.73653173,0.346209,0.2323184,0.81188226,0.24106124,0.46848285,0.36897647,0.5691586,0.8337649,0.8697151,0.8470675,0.37638676,0.75046635,0.7170179,0.32326263,0.3160612,0.6403357,0.47775516,0.37594277,0.7346097,0.8332362,0.64425457,0.62513685,0.8831303,0.5160084,0.28915656,0.48782623,0.6738354,0.5759781,0.5527792,0.4826323,0.1874069,0.8408046,0.3652702,0.5128695,0.73878384,0.8479589,0.7169664,0.8786695,0.710516,0.42537922,0.5379532,0.5076232,0.8136358,0.9371838,0.6511296,0.41585207,0.9266187,0.92326105,0.8068757,0.835657,0.30921218,0.7171087,0.86759317,0.45855695,0.83558846,0.7315948,0.7075372,0.31029677
BC2026_Train_0007_S09_20250829_000000_15,0.21215695,0.29465574,0.6330644,0.13111068,0.32612002,0.5661541,0.7197341,0.58005285,0.6137978,0.300043,0.3861149,0.5992832,0.19755867,0.37228602,0.87773347,0.64828277,0.2603925,0.7078483,0.50159174,0.1852788,0.2079809,0.7491401,0.22544478,0.18879715,0.65351593,0.5267045,0.54292315,0.41728413,0.33599174,0.23984551,0.14830752,0.32630467,0.5401273,0.441166,0.31710386,0.8204847,0.8745265,0.28511125,0.22448413,0.6081272,0.18026829,0.58033526,0.18597436,0.5090215,0.30570266,0.35306674,0.32263142,0.11480115,0.10905345,0.17069262,0.27784145,0.26392344,0.23850049,0.49890417,0.29766288,0.9422572,0.5860311,0.43977302,0.45464748,0.20482624,0.5403471,0.5942863,0.38429654,0.19810846,0.5241582,0.93659675,0.60172707,0.32504734,0.90881455,0.43659288,0.4951386,0.37126058,0.46723256,0.45049798,0.8905484,0.9512297,0.3151117,0.5692185,0.75264454,0.5549287,0.8671387,0.4391138,0.42859384,0.6871767,0.32815468,0.10574597,0.5388057,0.1973767,0.48220855,0.7057848,0.15088803,0.6933497,0.2319014,0.7850733,0.66665065,0.697193,0.5894665,0.58670074,0.50897825,0.92797184,0.9037545,0.47766882,0.43708247,0.35965198,0.351389,0.669307,0.56014884,0.8187425,0.8115777,0.31272256,0.47546613,0.60150266,0.54326224,0.51364696,0.5860776,0.3720417,0.24028187,0.9067747,0.54119086,0.46989784,0.60314405,0.6516502,0.49822792,0.7934259,0.45544285,0.63036346,0.45418143,0.5060099,0.5127974,0.86641043,0.84474456,0.59014064,0.3841303,0.7080771,0.20446455,0.14405993,0.6393455,0.28331396,0.6720729,0.64874935,0.89094985,0.96909714,0.5357702,0.7009704,0.6258389,0.4210205,0.4743966,0.73393595,0.7817775,0.8464329,0.47440484,0.5747413,0.29080427,0.18365872,0.60465467,0.7044909,0.7918227,0.64539504,0.9465443,0.83401644,0.6657258,0.5753889,0.60231614,0.3812551,0.36730003,0.7942271,0.58789295,0.37848526,0.6610235,0.31179652,0.4667973,0.6501702,0.63001025,0.7648281,0.6640346,0.6545565,0.47699094,0.20995326,0.7427584,0.4133324,0.4278103,0.23629971,0.4844337,0.8833762,0.58349967,0.3968044,0.56487453,0.22754198,0.7584144,0.44778013,0.21294478,0.35755384,0.58973026,0.48501277,0.6069789,0.95426977,0.8078022,0.7472502,0.95544577,0.73380375,0.4131595,0.3933255,0.74525094,0.3977797,0.5190159,0.48867682,0.43520325,0.7550088,0.58361053,0.78044367,0.8739767,0.9116305,0.44383228,0.91048384,0.73318076,0.72112834,0.61679626,0.7560427,0.64808106,0.85234404,0.4729178,0.7492701,0.3943028,0.8273486,0.946602,0.8171785,0.40375084,0.43486595,0.66096306,0.21998274,0.7435312,0.56881624,0.46088767,0.30892956
BC2026_Train_0007_S09_20250829_000000_20,0.09417592,0.1570148,0.66270316,0.5497866,0.36279735,0.5759318,0.5699527,0.5299946,0.36700815,0.36959702,0.65025985,0.61573255,0.15606868,0.23897968,0.8587289,0.6864979,0.638981,0.51985,0.63107157,0.36131787,0.3342557,0.9253496,0.40837467,0.100015834,0.54466325,0.28244546,0.3353346,0.20453838,0.47341138,0.6629157,0.36318147,0.5354527,0.32476336,0.24870932,0.28182393,0.82724124,0.97533727,0.42862958,0.16482997,0.51180744,0.1268225,0.6110697,0.42615843,0.37231308,0.27866542,0.282809,0.28282005,0.05916701,0.055588983,0.13512656,0.47499248,0.44808775,0.47831565,0.37667033,0.18767574,0.92981756,0.5634304,0.28901452,0.3927939,0.24273401,0.5538469,0.56142384,0.33195627,0.5216311,0.56904674,0.64177346,0.5067866,0.4008785,0.8443382,0.46725225,0.42905635,0.3138646,0.54463756,0.62971246,0.7473885,0.8818337,0.5360429,0.5631493,0.8580469,0.77343595,0.8088398,0.42197877,0.31144705,0.5898186,0.10921477,0.1858592,0.3625874,0.23849604,0.52024394,0.6700426,0.25712413,0.4410072,0.19922641,0.7119678,0.7729777,0.8223736,0.75127614,0.70329285,0.7437246,0.95807034,0.6935359,0.80987656,0.35622925,0.19474295,0.16925567,0.81556094,0.5254699,0.84602094,0.54187983,0.38982248,0.34462357,0.56743366,0.24087414,0.5007341,0.8773073,0.15268086,0.71701205,0.87621033,0.7410718,0.6389953,0.5338122,0.77017975,0.47779545,0.6612494,0.17854923,0.74307966,0.43511152,0.43982005,0.60923725,0.9502373,0.9353895,0.6419107,0.6711687,0.57985526,0.06930123,0.14653213,0.8277031,0.39154935,0.5790385,0.58969957,0.8620455,0.68862295,0.4618802,0.5050696,0.69066894,0.700088,0.67607343,0.6648337,0.6813729,0.6294129,0.68127656,0.4954456,0.58364975,0.2610854,0.50181365,0.40839016,0.8922895,0.7548983,0.90426743,0.9387958,0.7568021,0.8298328,0.8132365,0.6292373,0.17100787,0.545465,0.69275796,0.50160456,0.8526813,0.10488115,0.74579895,0.8828957,0.3223517,0.74509966,0.9094703,0.25850433,0.81133294,0.37627932,0.5048969,0.30277944,0.30571413,0.3886134,0.41685712,0.7691649,0.47571078,0.39947236,0.75015366,0.07680579,0.44916672,0.26777577,0.31511557,0.21604913,0.82955146,0.46071506,0.6101957,0.8651358,0.67381215,0.6727581,0.91791725,0.4461308,0.61581504,0.84033924,0.49837863,0.31877863,0.80137444,0.3696206,0.50627446,0.4511545,0.65834486,0.90061307,0.96152294,0.5597509,0.56900644,0.9431036,0.23046777,0.3918848,0.5299823,0.6949895,0.77247465,0.76761675,0.80415785,0.7798258,0.33721197,0.5851791,0.9076148,0.483383,0.54525685,0.5468346,0.6273755,0.18815064,0.6440178,0.7677969,0.48500288,0.4396847
BC2026_Train_0007_S09_20250829_000000_25,0.12696376,0.40184295,0.691766,0.61626935,0.38229877,0.6862347,0.84723973,0.79692817,0.42794353,0.74299586,0.5423794,0.40567213,0.10887645,0.14643325,0.9536594,0.91897434,0.63542473,0.48155713,0.47944313,0.46694493,0.42540318,0.78557134,0.77031904,0.13157776,0.56362087,0.45217884,0.7034631,0.2948816,0.48596215,0.69529545,0.20264496,0.478783,0.5843697,0.3455776,0.32075715,0.623771,0.46817455,0.14910543,0.25973195,0.48438004,0.30148628,0.5980052,0.24622194,0.26807624,0.09828004,0.11155428,0.19677782,0.08043434,0.06679118,0.0809675,0.22965515,0.28696045,0.19062525,0.45196325,0.29751247,0.95149684,0.6444963,0.20280899,0.57057357,0.16988306,0.3703496,0.5382725,0.3420431,0.40196788,0.4829111,0.8575215,0.39526725,0.56310725,0.8169606,0.7990209,0.5478307,0.56347406,0.58101887,0.48137623,0.8783543,0.85275435,0.7451618,0.82863283,0.6809186,0.64221674,0.87502944,0.67579556,0.1942116,0.607007,0.2503137,0.6832188,0.54042196,0.6339289,0.54305315,0.8053819,0.6130916,0.4330508,0.5512767,0.64734626,0.9467312,0.8762984,0.925552,0.5315218,0.89256126,0.77636087,0.48305243,0.7908952,0.4408493,0.23301792,0.23968522,0.90591204,0.63040984,0.657866,0.6430006,0.35340804,0.17960057,0.91313857,0.11161497,0.43399492,0.72097814,0.2646997,0.7409092,0.6357752,0.7292105,0.72894216,0.39624393,0.5280045,0.25726625,0.70269597,0.22067845,0.3603658,0.7013501,0.59786296,0.63847697,0.6988231,0.8301027,0.73157835,0.62701416,0.57959414,0.14930922,0.36074293,0.39347616,0.59197867,0.5532433,0.3618825,0.9359844,0.42819756,0.4145608,0.5779687,0.35994893,0.47590405,0.45977175,0.8793187,0.6111982,0.8321215,0.68582106,0.70004416,0.70838976,0.9065927,0.5966292,0.46810567,0.9279047,0.53559405,0.8558855,0.96714574,0.7234156,0.8552029,0.84511954,0.5838455,0.20256475,0.9830847,0.9159687,0.47912145,0.8750483,0.26821712,0.85696816,0.8352193,0.17881854,0.52298737,0.74275726,0.19438827,0.88646996,0.13984534,0.55752903,0.21985553,0.16761732,0.44502446,0.5839844,0.7615073,0.63662285,0.7325127,0.5482018,0.24900657,0.38737,0.34366244,0.65076166,0.44093415,0.8097222,0.85028887,0.5789653,0.83495915,0.29177746,0.28518295,0.8333417,0.3676617,0.38824147,0.9312401,0.69198084,0.25538844,0.83527267,0.70633864,0.38366288,0.4452932,0.8613473,0.6841023,0.8320154,0.6623478,0.5495232,0.94586074,0.4356923,0.15665604,0.8345493,0.35162216,0.7771683,0.8615067,0.92420125,0.29981902,0.6381595,0.60365593,0.72731817,0.4488722,0.49675983,0.4074033,0.44708827,0.38627535,0.60954225,0.73930836,0.6881459,0.38818854
BC2026_Train_0007_S09_20250829_000000_30,0.25481737,0.5461389,0.58973765,0.6213055,0.16912124,0.90310085,0.9695958,0.7471901,0.33322823,0.7891388,0.43994486,0.12219094,0.2804322,0.29879886,0.7979121,0.47070825,0.25577107,0.8786565,0.49881825,0.5640302,0.46064943,0.6924739,0.8978385,0.4838117,0.7799448,0.87196875,0.25538483,0.6102071,0.6199417,0.54690707,0.49889693,0.5536059,0.8221718,0.47474048,0.40945274,0.78735995,0.6625946,0.35594547,0.58721834,0.788816,0.60927206,0.4741293,0.33363816,0.71079695,0.11427905,0.202126,0.35787868,0.34660554,0.22924453,0.20519896,0.2893452,0.25320724,0.29261044,0.5240715,0.55339164,0.8874458,0.95601344,0.60863835,0.7505015,0.26990673,0.48599893,0.7083361,0.48673138,0.3407446,0.7463589,0.47713822,0.5167333,0.43859968,0.7234858,0.8911188,0.48147434,0.48568338,0.47749946,0.4011324,0.9681554,0.8954042,0.62538123,0.97119486,0.47608536,0.7505598,0.62709415,0.22471328,0.26301897,0.5055374,0.6415181,0.8294729,0.3780934,0.5593559,0.42990774,0.6841701,0.8215755,0.55761755,0.5145721,0.6648991,0.9515049,0.8103255,0.85090005,0.752681,0.77462244,0.57233727,0.3864041,0.61766905,0.20474836,0.49796593,0.53086305,0.6079502,0.5743902,0.32612598,0.58325243,0.26375133,0.21698523,0.7366587,0.21536407,0.31585753,0.53621006,0.29045248,0.39976114,0.76204884,0.40258902,0.47240704,0.6771449,0.35025144,0.1985482,0.5172514,0.4764753,0.21153948,0.57929134,0.32027787,0.3847441,0.55210423,0.51044095,0.5334782,0.9711286,0.5306715,0.51753616,0.20682114,0.46684945,0.43839523,0.4961173,0.47172695,0.8274781,0.6122507,0.19433686,0.3307521,0.31002143,0.38725787,0.34058052,0.8526974,0.9439358,0.89815676,0.50253403,0.73494947,0.4444477,0.9320656,0.71950436,0.30123648,0.9650972,0.37894136,0.59794337,0.9508126,0.81947845,0.58818424,0.84349203,0.73790216,0.15149969,0.90550065,0.9218886,0.436183,0.3451352,0.21616107,0.69132423,0.6270243,0.3355595,0.7722781,0.5208778,0.42534322,0.5766672,0.14795099,0.2909925,0.4414177,0.32289237,0.20085353,0.47384405,0.58083665,0.3603586,0.78853834,0.34399742,0.3017344,0.7693802,0.47064877,0.56293106,0.25861382,0.8334893,0.60698825,0.48683792,0.572906,0.1958603,0.3542031,0.71938086,0.4771158,0.36143577,0.6700802,0.7551385,0.4032222,0.89455986,0.7641452,0.3229915,0.71263504,0.68598175,0.37669724,0.8273628,0.5880867,0.83422625,0.8320172,0.76152146,0.28167996,0.9706625,0.35536706,0.76148045,0.43833774,0.9573057,0.3058465,0.64833593,0.5115981,0.64280677,0.44733262,0.2464475,0.67343843,0.26596156,0.164291,0.68061304,0.5695584,0.6540024,0.29289407
BC2026_Train_0007_S09_20250829_000000_35,0.2728487,0.47177684,0.20524873,0.40053293,0.17515033,0.6246135,0.8507261,0.6446848,0.46906647,0.6237119,0.51842046,0.14368561,0.27193174,0.21486726,0.71909106,0.26696318,0.3270294,0.6731899,0.60590124,0.3822329,0.40576243,0.92348474,0.5549405,0.44708395,0.50489545,0.58852065,0.3434955,0.5490924,0.68006027,0.48108497,0.4457246,0.5583169,0.722177,0.7220305,0.6215292,0.8483745,0.9939872,0.38007575,0.57550853,0.83844846,0.47606212,0.5388879,0.37027198,0.50680757,0.17871916,0.17977807,0.26000807,0.42565447,0.23522493,0.14512701,0.3390611,0.35191792,0.39352894,0.5143101,0.4830368,0.8868892,0.97025293,0.35466263,0.6210774,0.46215206,0.29183728,0.567904,0.42630696,0.3138978,0.8338969,0.76275635,0.30359936,0.38626885,0.5900698,0.6652895,0.47900152,0.64750326,0.7501713,0.39860564,0.7230693,0.92482346,0.673314,0.9910625,0.34992957,0.7013198,0.5810404,0.063142404,0.29303694,0.6750828,0.4986366,0.5606685,0.5118532,0.6256553,0.67410064,0.8472034,0.79440105,0.4222948,0.7234793,0.7913374,0.7340766,0.60742235,0.48351625,0.7294669,0.5456208,0.8261114,0.6252649,0.8728232,0.11100456,0.5112174,0.44509748,0.76214087,0.60930985,0.4457459,0.75649416,0.60751885,0.34405136,0.60368913,0.36323452,0.43280417,0.72201157,0.6693909,0.510098,0.655896,0.45689887,0.56784564,0.716568,0.4945451,0.5843828,0.6810581,0.33088183,0.58917713,0.72920823,0.28147128,0.32894012,0.60034966,0.43967286,0.4747311,0.92561436,0.872646,0.56524915,0.32623428,0.5886698,0.5926307,0.42634124,0.35961086,0.6331935,0.97058225,0.23581862,0.32081163,0.22699514,0.6444465,0.56461585,0.5276519,0.62673056,0.7393278,0.6139949,0.7064264,0.4989333,0.5261954,0.49558336,0.4414503,0.9631416,0.47153503,0.7744945,0.6628245,0.9257928,0.7660161,0.682904,0.78873754,0.16554937,0.9274881,0.5392666,0.7268485,0.28514463,0.29065794,0.6374382,0.764781,0.7494483,0.8619052,0.7334131,0.5821828,0.61378634,0.48836094,0.35085517,0.35845596,0.6603917,0.35569882,0.70507467,0.7583984,0.2701933,0.94792044,0.4492253,0.7751875,0.8447552,0.29857224,0.4632601,0.22399381,0.60792917,0.49249107,0.8198619,0.748621,0.49124074,0.5988639,0.3378592,0.27650788,0.8767714,0.92259216,0.44194865,0.7532721,0.8737942,0.44847667,0.11837693,0.64221156,0.547766,0.46759516,0.6195886,0.6739571,0.92539096,0.8107008,0.38029438,0.59113514,0.92289764,0.47003257,0.91210204,0.5047278,0.9620614,0.5963154,0.90171933,0.8391853,0.5783564,0.629169,0.4092848,0.8718556,0.48362893,0.23304693,0.8956895,0.712489,0.6856978,0.5818733
BC2026_Train_0007_S09_20250829_000000_40,0.34528846,0.5573,0.08620454,0.31129265,0.112137824,0.80009127,0.8834505,0.7587062,0.39876002,0.33661473,0.23547155,0.33109456,0.43182755,0.29499716,0.42084575,0.17868185,0.41151756,0.83349526,0.73968315,0.27491924,0.22847545,0.92236143,0.6536829,0.42966604,0.35007912,0.66600907,0.5056532,0.6467947,0.37043142,0.28002003,0.48000968,0.5817344,0.8005497,0.86031556,0.80088544,0.89037263,0.42713434,0.24475807,0.60618174,0.9113001,0.44040406,0.731858,0.31450734,0.6155734,0.06672189,0.08139263,0.18412587,0.34375203,0.15832785,0.08144139,0.28007036,0.25819033,0.24428755,0.62554663,0.46243477,0.93749195,0.95379174,0.3868818,0.7740016,0.38895863,0.2534492,0.76335514,0.49613208,0.22326687,0.513636,0.8950814,0.25478503,0.117879994,0.5913087,0.699281,0.5869609,0.80663705,0.7536415,0.18763956,0.9813713,0.9740871,0.5005318,0.95341885,0.6488638,0.8945635,0.3561203,0.052055083,0.26298788,0.80332196,0.29985142,0.5515482,0.8004532,0.69976854,0.6575241,0.83345413,0.67752814,0.67264986,0.9545168,0.85320747,0.86070734,0.8722302,0.5821588,0.9750596,0.6322419,0.83916605,0.5146447,0.7375889,0.15236247,0.34784687,0.6185416,0.87631845,0.5190772,0.715659,0.8359673,0.7604383,0.40680742,0.7981976,0.5126529,0.6128241,0.69913363,0.7068399,0.47360265,0.68120766,0.4553836,0.5100877,0.8609983,0.50545365,0.58703184,0.8263817,0.4310506,0.7204949,0.6012513,0.5886847,0.25116718,0.756734,0.32557863,0.37644738,0.9865708,0.85838413,0.73256004,0.44229308,0.30762202,0.5233842,0.3073903,0.44475394,0.6967144,0.9875854,0.19912985,0.45009995,0.5313126,0.5040231,0.35503322,0.5103835,0.8366164,0.591834,0.50535893,0.40100366,0.3879717,0.59829587,0.5901835,0.6196055,0.9667622,0.2988652,0.8540693,0.7522929,0.9653852,0.702721,0.9101245,0.55792385,0.19898441,0.59929633,0.6392522,0.6735393,0.3355661,0.45071542,0.7823272,0.67381644,0.84836876,0.7212486,0.6100064,0.77462494,0.58130044,0.38709515,0.25210825,0.3525628,0.5268993,0.4712155,0.700189,0.7863612,0.6029193,0.8456427,0.7169609,0.916145,0.708928,0.43353713,0.4899369,0.446014,0.44562668,0.5224758,0.8411335,0.7379674,0.44288498,0.75331974,0.40737456,0.43600386,0.72413397,0.86394846,0.31226742,0.9125328,0.54288423,0.5341607,0.121832,0.86540365,0.571904,0.7426355,0.6223406,0.5773134,0.96526,0.6611966,0.7012254,0.4553809,0.91553676,0.54945815,0.8862604,0.6222719,0.8528273,0.39034468,0.92527115,0.92432857,0.5019639,0.98190117,0.47127247,0.86281586,0.5994122,0.46593022,0.9856342,0.5193043,0.76385784,0.54404676
BC2026_Train_0007_S09_20250829_000000_45,0.21296632,0.45312655,0.121077105,0.28867835,0.12725492,0.9302607,0.88732827,0.56364954,0.28084564,0.25269067,0.2908639,0.5373489,0.26615727,0.37663126,0.48482364,0.29140443,0.34740472,0.8036473,0.7608793,0.40463036,0.184919,0.86873794,0.5975808,0.29501832,0.29131913,0.6612977,0.3424446,0.7392814,0.22355154,0.35438982,0.29347417,0.37882495,0.6485669,0.7295634,0.6964675,0.8576275,0.50153345,0.27583137,0.35841,0.8968899,0.3205905,0.78056663,0.27878928,0.5431189,0.112162575,0.09598333,0.30650902,0.16858384,0.20310062,0.113158375,0.2850115,0.25823516,0.30140042,0.67185307,0.3840851,0.9560175,0.8739226,0.53492355,0.6149973,0.41072583,0.28415233,0.8789402,0.4204611,0.15192336,0.35119724,0.9992068,0.35629058,0.11873934,0.75260675,0.8799088,0.50859886,0.60270584,0.35476625,0.115746155,0.97286856,0.8680256,0.4964763,0.9450445,0.6291523,0.9540089,0.24166322,0.044902064,0.25934285,0.7940365,0.5846357,0.32505786,0.86902833,0.79222393,0.4545854,0.44249967,0.46082193,0.9145959,0.8706453,0.89404726,0.7566551,0.9611884,0.68221617,0.98359656,0.839382,0.8073715,0.26637858,0.660903,0.46323335,0.22897586,0.5510943,0.931787,0.6390425,0.5823339,0.79649115,0.5466934,0.6399782,0.76041603,0.45692456,0.79759836,0.3935138,0.58937967,0.23115635,0.83542156,0.2725434,0.70442736,0.8606156,0.4843294,0.28176412,0.7309097,0.499546,0.63110805,0.46841604,0.5573855,0.28566217,0.8806466,0.4341874,0.47582757,0.9218823,0.7035626,0.57199705,0.25038517,0.22560835,0.47383824,0.33764458,0.49458548,0.73915887,0.9949679,0.418144,0.32491183,0.39572462,0.4804109,0.13318148,0.7616061,0.93769777,0.5101348,0.34740162,0.5568068,0.598523,0.6041811,0.57253873,0.67075753,0.9246047,0.16564815,0.81481194,0.6364564,0.9555229,0.3680366,0.82810783,0.39044487,0.17247635,0.66099,0.66578424,0.78533626,0.29425514,0.38523254,0.85571873,0.92315036,0.64610624,0.6342184,0.6286632,0.7111361,0.6515583,0.39002085,0.30299568,0.3525604,0.45549053,0.5857719,0.68651426,0.7469106,0.74719346,0.8809124,0.7300067,0.6584228,0.7244202,0.66489005,0.7055793,0.37760568,0.5729661,0.5314692,0.7788991,0.71938026,0.5642418,0.65418065,0.5491766,0.6329106,0.57208854,0.8061327,0.56827784,0.86606324,0.6334804,0.48926944,0.1306549,0.92726785,0.45784482,0.91880727,0.5744339,0.76080084,0.94968766,0.703268,0.5483228,0.85550225,0.9366919,0.49636108,0.7768724,0.604062,0.7227782,0.2882303,0.86156154,0.8247287,0.64168966,0.94776917,0.34650117,0.6728506,0.7431843,0.40176266,0.96740144,0.62262666,0.75202787,0.37115145
BC2026_Train_0007_S09_20250829_000000_50,0.2622236,0.51883906,0.19549528,0.3156968,0.10327467,0.97252285,0.7644831,0.77041936,0.31308454,0.1567012,0.122238874,0.26064909,0.33372134,0.29805472,0.63337195,0.74622786,0.39219296,0.6276475,0.37008822,0.45667982,0.30805242,0.7864444,0.50310206,0.44870293,0.6572151,0.58738154,0.9810016,0.7395781,0.45153368,0.30652267,0.43165767,0.5829388,0.7553427,0.8108461,0.5817666,0.9039942,0.54115313,0.32147282,0.50912863,0.9128438,0.3753342,0.7062474,0.30949643,0.7187686,0.19145107,0.16574764,0.23977593,0.2313655,0.10323787,0.06358841,0.32872966,0.31202126,0.2861453,0.61285543,0.5069947,0.7100127,0.9096528,0.08168501,0.39837784,0.449527,0.2658772,0.87445635,0.43708184,0.08434038,0.35658258,0.97801316,0.2843243,0.48509592,0.6524551,0.9176849,0.6353307,0.5543581,0.385946,0.114041075,0.94252175,0.9236419,0.64838994,0.8059552,0.7697742,0.9504353,0.35934353,0.048689105,0.41375744,0.93848133,0.59247506,0.37022448,0.6357392,0.60692126,0.73739684,0.3128053,0.62854147,0.56648946,0.9528699,0.78922105,0.73531926,0.93523026,0.9049745,0.9164252,0.6722331,0.8042619,0.17588554,0.683583,0.41293073,0.27531874,0.56300455,0.8033049,0.61831355,0.73650384,0.83195144,0.72667634,0.703964,0.77782536,0.7740473,0.7922504,0.37327135,0.8224834,0.14940536,0.7111685,0.08578853,0.7225114,0.6540048,0.43377805,0.42636085,0.86782765,0.52232915,0.71867204,0.6377716,0.72492814,0.6101244,0.8428749,0.4387499,0.7197944,0.96719027,0.5611817,0.653528,0.2620833,0.11495421,0.71306145,0.3291252,0.2270473,0.8072969,0.8646216,0.40843207,0.596026,0.37839577,0.5474825,0.23056693,0.6358639,0.97054553,0.6105484,0.3282017,0.8676764,0.5709816,0.6776477,0.857214,0.82165885,0.82428336,0.35450035,0.8673914,0.763566,0.9988954,0.48966455,0.93520546,0.47277194,0.29442856,0.6450694,0.885131,0.86411977,0.6344324,0.6671635,0.84231645,0.92445517,0.7508061,0.74688697,0.797052,0.53278905,0.47948056,0.41036165,0.5269245,0.2707663,0.49002695,0.55913866,0.42414194,0.7079631,0.80901563,0.94390947,0.4352186,0.5759165,0.7822226,0.42224744,0.4589995,0.60806006,0.56593096,0.70195746,0.76611453,0.702597,0.3322157,0.74566317,0.8180977,0.44629082,0.8098911,0.5270612,0.4882415,0.86657906,0.8780533,0.6673522,0.2038374,0.9007989,0.35946947,0.77309656,0.48796874,0.74361837,0.8320927,0.6419257,0.6812901,0.731199,0.93278956,0.38852024,0.7973335,0.67812324,0.8619473,0.2855341,0.9278914,0.70154977,0.55239236,0.99582684,0.38745308,0.65884733,0.68307555,0.5085269,0.97293115,0.5628004,0.81835145,0.4343115
BC2026_Train_0007_S09_20250829_000000_55,0.41016614,0.5100132,0.37990654,0.5223931,0.15413433,0.9267026,0.8682691,0.9118094,0.45531318,0.25111532,0.14870805,0.20990968,0.25732803,0.2063914,0.94013834,0.8678502,0.35493034,0.75459874,0.28260767,0.4299047,0.3183828,0.82814467,0.76235914,0.46517158,0.6800601,0.86023307,0.67230344,0.5684342,0.36216658,0.38274914,0.36461192,0.45595336,0.77780676,0.40380186,0.3997351,0.77180755,0.5962417,0.3196368,0.47337145,0.7539103,0.32982618,0.54184335,0.26592875,0.69933695,0.2190957,0.17575619,0.2156055,0.30892563,0.0915762,0.08109556,0.16521908,0.20831951,0.25723132,0.46337473,0.49262166,0.7837248,0.8971962,0.106114894,0.35958076,0.3418575,0.2515843,0.7071663,0.3125667,0.26672164,0.717952,0.9218583,0.17760283,0.4315851,0.81521845,0.7670989,0.675045,0.7449087,0.52473205,0.21941617,0.92972493,0.91206515,0.7730732,0.6193592,0.4812383,0.7218554,0.7514968,0.18225864,0.24741349,0.95264935,0.44473422,0.16541511,0.47475868,0.66049266,0.8783628,0.5042355,0.56855494,0.2863624,0.8454499,0.6598487,0.5323146,0.8829875,0.69175994,0.5967816,0.48448098,0.62627184,0.44756675,0.5381503,0.52547807,0.14732161,0.27748013,0.60357475,0.88138807,0.8281301,0.7281905,0.82235074,0.50857925,0.6005299,0.7248776,0.6891506,0.3669803,0.5891049,0.19358224,0.61247313,0.12297271,0.63254094,0.44702247,0.31553036,0.5250485,0.84560144,0.38926733,0.60449564,0.7628248,0.5082171,0.784336,0.61631155,0.7639884,0.63264036,0.85913205,0.46296784,0.57837635,0.43408108,0.21696961,0.61797523,0.5847254,0.25196508,0.9238038,0.7165456,0.67955935,0.6983669,0.5385326,0.42750585,0.18428254,0.55103433,0.6289732,0.5242004,0.5681176,0.91105425,0.853073,0.7260202,0.5400392,0.76804876,0.60820425,0.3743456,0.9423871,0.76485765,0.8949808,0.4862401,0.7089269,0.37273973,0.2545125,0.97735363,0.51769334,0.5341928,0.5989239,0.67969644,0.7662866,0.7888546,0.56741136,0.5564207,0.87882257,0.3409285,0.4160022,0.28198674,0.7404554,0.19792718,0.5145641,0.45955372,0.5172682,0.9127475,0.81811833,0.7008436,0.5573449,0.5199208,0.5881293,0.32739484,0.3736446,0.60364455,0.7709335,0.9156971,0.7323071,0.92745036,0.3010346,0.52879065,0.81244755,0.6553947,0.7725717,0.54907393,0.51597375,0.634398,0.81190765,0.7621889,0.1327849,0.7978139,0.45987666,0.40391642,0.45290843,0.62542164,0.8015374,0.6196697,0.6342705,0.30868393,0.7545713,0.29188538,0.5722593,0.7992494,0.8502703,0.19866753,0.753011,0.58498204,0.81052387,0.9207066,0.16833615,0.6673933,0.5681298,0.32739115,0.9082558,0.84601605,0.8884156,0.3371125
BC2026_Train_0007_S09_20250829_000000_60,0.26541457,0.43603343,0.48815787,0.43943328,0.39024585,0.78818274,0.81533456,0.845513,0.35444194,0.35424417,0.12196438,0.3105123,0.47718233,0.04546216,0.9357588,0.8377667,0.69073534,0.76633763,0.4243526,0.3614002,0.6215145,0.6944376,0.6720973,0.3572544,0.51596576,0.40411228,0.9027398,0.3033036,0.539806,0.79848164,0.24657488,0.32862303,0.7772717,0.72336745,0.54665005,0.75488865,0.26400372,0.23686767,0.35097063,0.4667875,0.30557978,0.9316155,0.21283343,0.23450024,0.24816176,0.14529844,0.30811945,0.40706623,0.11107656,0.09027816,0.20761141,0.16884662,0.16359825,0.7892757,0.41912228,0.8895608,0.7771466,0.19379234,0.57573044,0.08684875,0.38373977,0.8870975,0.41139656,0.50827605,0.84490144,0.92537975,0.3530801,0.089695334,0.88510245,0.9070748,0.6824187,0.8455615,0.6112661,0.117045924,0.7088034,0.8725485,0.5353793,0.81641173,0.25305778,0.8745469,0.95742667,0.40670085,0.4528348,0.91837764,0.67556554,0.13049993,0.6652502,0.7899556,0.66725254,0.554927,0.7355535,0.4607038,0.938113,0.9616127,0.7925881,0.97666776,0.9305124,0.72713137,0.78389144,0.90177846,0.44082814,0.78388524,0.23880385,0.25238168,0.11117535,0.86768615,0.5087927,0.94214886,0.94929457,0.59241927,0.65539265,0.6436118,0.39475965,0.8070556,0.7908652,0.81482816,0.2855383,0.90406567,0.5710949,0.79125094,0.5896015,0.41850495,0.6646868,0.9823175,0.11796067,0.92781043,0.5343746,0.5558033,0.7783916,0.63025725,0.70525146,0.934255,0.88096577,0.8609006,0.89092875,0.7655437,0.08433437,0.4258765,0.6350379,0.29801068,0.90520775,0.8384933,0.8404448,0.9523,0.29966176,0.2591303,0.10799655,0.67547166,0.9665804,0.9028944,0.95755,0.89707464,0.85979366,0.49607748,0.6097768,0.7145282,0.54917,0.6083025,0.8865515,0.8627972,0.92495865,0.53397655,0.8475354,0.20818686,0.48733175,0.8606267,0.34622216,0.4705067,0.27726507,0.6763264,0.77601266,0.84919053,0.7328042,0.7487838,0.8057853,0.33581114,0.86986035,0.10180688,0.9020115,0.3354758,0.7000228,0.4843303,0.71972394,0.9316791,0.95161664,0.8426008,0.693364,0.6598283,0.84619045,0.14224666,0.8776041,0.85559785,0.76259077,0.5814328,0.81986415,0.96728516,0.8223665,0.280028,0.6815525,0.92957604,0.38740414,0.86612064,0.55849,0.16012943,0.41205364,0.92688644,0.16856694,0.31080914,0.67733717,0.53600514,0.63806665,0.5002846,0.89406925,0.9135896,0.18143901,0.21413964,0.7055067,0.6165226,0.75221443,0.9412262,0.8073544,0.43968782,0.8246739,0.949335,0.8386037,0.9570354,0.34561396,0.9407437,0.94820917,0.45241517,0.95481545,0.9585812,0.8127159,0.45260227
BC2026_Train_0008_S09_20250831_000000_5,0.06697888,0.5218688,0.5995717,0.11378146,0.27993008,0.6411067,0.356807,0.692482,0.30998093,0.30282336,0.6056125,0.28628403,0.19912949,0.13560209,0.8015878,0.35869277,0.40603566,0.3272087,0.216097,0.30265,0.2048054,0.58799636,0.09154008,0.26426104,0.17039663,0.72576976,0.26459676,0.105525926,0.68093145,0.4605807,0.24148813,0.9003029,0.8344229,0.19378155,0.4639078,0.6462128,0.6692951,0.102747805,0.37985098,0.5641463,0.23966134,0.6236419,0.17562598,0.14079653,0.33519623,0.3340327,0.14166878,0.26276338,0.1774455,0.059933543,0.106759235,0.10674083,0.15291405,0.8046155,0.528344,0.5586406,0.7316201,0.1391154,0.14573991,0.08797984,0.061133668,0.3677666,0.19178268,0.06093675,0.22885635,0.7837578,0.055464953,0.20485255,0.5670618,0.63756824,0.8798905,0.94775915,0.39162582,0.062179998,0.67980224,0.6668837,0.7090026,0.4974146,0.39675003,0.608054,0.37565207,0.84465253,0.043208584,0.45427853,0.25207728,0.6109645,0.15157199,0.39695185,0.24990593,0.6793958,0.19845626,0.06858045,0.58847797,0.6008203,0.33869678,0.59008014,0.7277789,0.4498434,0.81578135,0.6266209,0.6017037,0.56352645,0.047115214,0.07864713,0.085044,0.5434067,0.6985252,0.1804825,0.6929456,0.5113696,0.04677125,0.4470229,0.1015261,0.6777216,0.24800062,0.13781308,0.07716058,0.52876604,0.5186313,0.44912115,0.2289625,0.1458829,0.20085645,0.7320665,0.06398875,0.19723648,0.898474,0.5919125,0.86375,0.6540209,0.7104453,0.4896109,0.3321398,0.15186603,0.075558335,0.13850892,0.23511186,0.24896105,0.25205666,0.1385016,0.5287661,0.5045067,0.6216793,0.64043033,0.20298116,0.052044086,0.33443636,0.42786145,0.7705816,0.6911353,0.2804054,0.27216175,0.49575055,0.22646144,0.86408055,0.9333041,0.42631376,0.58053046,0.7610924,0.6864836,0.67572916,0.24695244,0.56518996,0.6174296,0.10918334,0.429497,0.55322677,0.2367779,0.6466404,0.4868958,0.5320948,0.46804017,0.95579684,0.92313844,0.2272489,0.13058756,0.324825,0.15854084,0.6845932,0.057737835,0.58267415,0.72882164,0.3498754,0.5484439,0.5194627,0.5761144,0.60835415,0.23713627,0.9882708,0.050445333,0.33294517,0.49457684,0.31741327,0.14081979,0.95478326,0.391761,0.39317483,0.81681025,0.45503014,0.6590556,0.8411312,0.68917024,0.37287986,0.5529177,0.28668967,0.22487155,0.7946917,0.23544584,0.8303524,0.5651752,0.39815205,0.19552751,0.25179854,0.87124825,0.21873774,0.1831404,0.5378227,0.31063026,0.68611795,0.4439059,0.84066355,0.7138742,0.7508164,0.76090825,0.59770685,0.39204454,0.40309626,0.5573888,0.5237956,0.102607,0.4252041,0.46742976,0.8431064,0.8853969
BC2026_Train_0008_S09_20250831_000000_10,0.12615031,0.6069727,0.7432672,0.079215616,0.3840633,0.852975,0.3936801,0.8690946,0.61632967,0.19033554,0.4008929,0.597666,0.10070137,0.3140329,0.92033195,0.61632013,0.547204,0.09460327,0.3669253,0.14171925,0.24308705,0.8581749,0.29740077,0.18517235,0.59867376,0.57872283,0.19678512,0.07437967,0.54995745,0.43503636,0.18367934,0.37044382,0.9213822,0.24042487,0.32481033,0.64751273,0.6290948,0.25906813,0.22686258,0.40318468,0.2244569,0.39823288,0.09466068,0.30599862,0.39838415,0.3869655,0.25911158,0.2540978,0.08766143,0.15523632,0.29340258,0.2605577,0.28049523,0.64778197,0.59398186,0.762342,0.60094225,0.51985717,0.30567366,0.04018233,0.1069473,0.22965911,0.5477506,0.16502813,0.3165555,0.67626834,0.106923655,0.24177289,0.8616065,0.67621136,0.810791,0.91991067,0.27712846,0.3687294,0.48074377,0.645545,0.7832298,0.8042395,0.46558493,0.33608496,0.45654106,0.66826415,0.12853234,0.5287272,0.43092722,0.48373216,0.12522712,0.14229345,0.51494116,0.7715819,0.17074107,0.042164147,0.84975946,0.82011753,0.6677731,0.9135516,0.38204747,0.48326835,0.6929803,0.48879564,0.5771332,0.3313468,0.081988335,0.0528624,0.032758627,0.8238729,0.6021504,0.27190438,0.8872371,0.35005665,0.2444425,0.3876192,0.49020833,0.6707941,0.49932307,0.27794895,0.09721808,0.57666016,0.7215986,0.50109494,0.27265945,0.5005526,0.8889153,0.8293971,0.0504015,0.6811976,0.88539183,0.49800116,0.619505,0.74961555,0.9072081,0.7995682,0.3831964,0.3766861,0.040929332,0.40506285,0.23483962,0.28814477,0.4785871,0.09770478,0.3804688,0.4021303,0.71441686,0.83102417,0.26765496,0.27062467,0.23525295,0.495037,0.77222216,0.8444849,0.11164516,0.5016997,0.7533659,0.13707115,0.8255801,0.69199824,0.7801088,0.9269698,0.7180468,0.48259476,0.78629744,0.4518761,0.6185179,0.20440048,0.25358516,0.35064724,0.68015003,0.2199288,0.6917039,0.4190175,0.6090736,0.5772155,0.8302095,0.674559,0.2086871,0.11471527,0.60760343,0.051728837,0.95071876,0.08912566,0.4318493,0.8529535,0.5527088,0.79431987,0.7643322,0.20782682,0.78058875,0.15942572,0.93317723,0.08061384,0.63084775,0.62971723,0.23602179,0.21349904,0.9493878,0.61642516,0.57313186,0.5110781,0.79777884,0.45795202,0.85983783,0.38349771,0.47456884,0.18346334,0.3654071,0.3002385,0.7476269,0.48953646,0.9006654,0.43760967,0.080859154,0.5222969,0.14801988,0.84303963,0.14357829,0.13792747,0.7355922,0.43270433,0.6567067,0.7026361,0.86330366,0.80037963,0.6595186,0.47996163,0.59317845,0.34537512,0.16467312,0.42842388,0.78022194,0.090285495,0.64690435,0.59945416,0.91249037,0.38238254
BC2026_Train_0008_S09_20250831_000000_15,0.12671095,0.51524067,0.52232486,0.66858286,0.41488552,0.8193468,0.44187808,0.8520356,0.5396698,0.42525262,0.5598725,0.7524979,0.26202467,0.4323308,0.98008233,0.9169016,0.615084,0.045354396,0.47343054,0.3881656,0.3269474,0.89798677,0.61794734,0.2579692,0.57767797,0.5608754,0.51228446,0.058011837,0.5503688,0.60169494,0.06576082,0.40971833,0.66549677,0.064985834,0.09660041,0.41855675,0.93162173,0.36352876,0.05870057,0.30681127,0.049707517,0.06720726,0.17674217,0.37094522,0.16029763,0.16174239,0.369982,0.1486545,0.24391554,0.24714623,0.19834687,0.20025676,0.19129694,0.21343154,0.40212077,0.66163945,0.5065796,0.6186529,0.47972006,0.02903375,0.21840145,0.26620334,0.43125284,0.5130826,0.4873582,0.23404315,0.23991671,0.21923846,0.9570911,0.69459236,0.562243,0.8323463,0.26402304,0.48721194,0.53533226,0.47171277,0.9120825,0.32976687,0.5033729,0.52307487,0.69386256,0.33120382,0.49796456,0.6291102,0.629812,0.09682083,0.1024615,0.035319857,0.6405395,0.91705465,0.41981822,0.033180833,0.76496255,0.5797326,0.61515266,0.5771624,0.33736256,0.5765857,0.9109658,0.8328707,0.85871243,0.1365264,0.094467446,0.02259066,0.025395103,0.7602382,0.7620363,0.7118335,0.9592828,0.27837133,0.8963308,0.25192112,0.3946445,0.7067477,0.43750036,0.10280828,0.35624498,0.62507176,0.9098031,0.71364534,0.18103534,0.39341426,0.8947021,0.5658002,0.10321033,0.9228781,0.64636695,0.35765368,0.6652018,0.7877693,0.8839607,0.9468113,0.43998003,0.3217787,0.074019775,0.26076233,0.49620882,0.1999802,0.29092473,0.13231982,0.543029,0.6349968,0.9404193,0.9542507,0.38817963,0.6383656,0.58671,0.648993,0.40640712,0.71914136,0.061122775,0.39589632,0.92012966,0.059000608,0.41547638,0.5394359,0.66760504,0.76171935,0.62343234,0.38762242,0.7365946,0.19647971,0.7052307,0.23295513,0.28800374,0.6489365,0.43656558,0.08552216,0.8658071,0.09350917,0.70854115,0.6027119,0.6210668,0.9335917,0.4139607,0.22480059,0.35705742,0.020973917,0.9082236,0.30148542,0.18905479,0.96510416,0.8118657,0.980139,0.6913755,0.21653068,0.9640422,0.057636365,0.57264084,0.03647034,0.654863,0.39859658,0.36355537,0.5464198,0.7478523,0.9559741,0.7234731,0.3666311,0.6991552,0.43362135,0.5981718,0.10413098,0.9298639,0.21777648,0.1961067,0.34401086,0.3930123,0.2685917,0.8521464,0.47413766,0.028956167,0.34098774,0.0645417,0.67098296,0.087871745,0.13562971,0.58405507,0.46325344,0.2678893,0.7400677,0.7542596,0.9559265,0.67155266,0.38682425,0.3267144,0.14177993,0.036008082,0.16756025,0.9393713,0.14993584,0.72841203,0.43381467,0.91900206,0.30712152
BC2026_Train_0008_S09_20250831_000000_20,0.060971417,0.21587354,0.42849416,0.5425806,0.4509055,0.5204379,0.52673984,0.9364276,0.47083437,0.3470595,0.67743117,0.44653696,0.16191098,0.52545106,0.90161884,0.82290125,0.69576406,0.21572822,0.5140132,0.47535998,0.48602593,0.80056596,0.8109193,0.24879651,0.4314248,0.40522283,0.24373935,0.036372084,0.2070169,0.34613794,0.061128855,0.089457765,0.33766377,0.14779837,0.08644658,0.6416236,0.88484335,0.39259577,0.10211344,0.24548194,0.15242887,0.33996624,0.28325725,0.2503936,0.16950494,0.24761274,0.41196874,0.22932446,0.34188026,0.29311806,0.3597058,0.42603302,0.379181,0.35267538,0.1791653,0.5742635,0.6147001,0.3756015,0.6033839,0.019201834,0.18586203,0.3639868,0.33482492,0.71916926,0.38137448,0.2587728,0.2580287,0.4526474,0.9062781,0.3361984,0.43088508,0.7952496,0.62703073,0.28945675,0.62567794,0.51197577,0.521491,0.28245023,0.54440254,0.4960416,0.856539,0.35185784,0.40259984,0.3487093,0.372531,0.040642835,0.033023834,0.10042833,0.47119796,0.6625676,0.21309234,0.10917291,0.32657135,0.48098218,0.385332,0.4024247,0.76255333,0.36916888,0.9340963,0.9593197,0.8689426,0.28393614,0.06129702,0.020202443,0.0709981,0.38063604,0.7249117,0.7572239,0.9400581,0.51148903,0.9912219,0.29267728,0.33149022,0.39257252,0.6351806,0.16440022,0.44342083,0.33694905,0.78099245,0.68556005,0.06912214,0.32200587,0.79778385,0.6499996,0.04547146,0.93006253,0.7793586,0.36574197,0.47657073,0.6171469,0.6529553,0.90481675,0.21011224,0.5277097,0.33502162,0.20031205,0.6431618,0.048925016,0.07916053,0.19437748,0.61539567,0.48058188,0.81649613,0.9927937,0.06986845,0.49461287,0.57586145,0.7131922,0.35058117,0.914624,0.30247563,0.5326751,0.52112955,0.079935506,0.26304185,0.7853304,0.4739219,0.62011313,0.75167763,0.47806424,0.48816484,0.22232258,0.3031404,0.24489465,0.28555834,0.94586146,0.32349733,0.117951766,0.96817815,0.06875282,0.9165229,0.8683171,0.90182805,0.89028585,0.6617464,0.106486484,0.18112096,0.018002084,0.88450205,0.24624807,0.31251568,0.8761814,0.68951714,0.94544667,0.5068711,0.71025085,0.8064548,0.15625742,0.7320945,0.06896358,0.3600225,0.13570258,0.64443696,0.4413622,0.862494,0.9692521,0.8440298,0.57174474,0.40295517,0.2661772,0.3510422,0.09042449,0.9841151,0.2584917,0.12622651,0.6155926,0.485655,0.089530885,0.647691,0.31847453,0.05325748,0.19980034,0.16816756,0.88654053,0.047228627,0.06863463,0.5078718,0.25384486,0.26669866,0.76883745,0.66852045,0.82761145,0.50476384,0.7362192,0.32391697,0.19699764,0.048563477,0.28229758,0.7984613,0.5054,0.3403722,0.5699643,0.6810355,0.48149538
BC2026_Train_0008_S09_20250831_000000_25,0.09379199,0.57312703,0.51696795,0.20319429,0.39489406,0.5626787,0.5162702,0.8401203,0.46351913,0.14607027,0.4145149,0.3615709,0.114478394,0.33977056,0.8150431,0.7062228,0.5114585,0.48331767,0.53949857,0.41896272,0.43850988,0.83460736,0.7548971,0.06063048,0.25672245,0.46003008,0.5049827,0.020579416,0.22668645,0.35902125,0.1233638,0.2210392,0.86834323,0.4008162,0.28975657,0.7897082,0.8617749,0.32647943,0.18832564,0.44741714,0.07109534,0.5172813,0.15286788,0.30593553,0.27482137,0.28261858,0.30677354,0.2594655,0.22568306,0.22099942,0.3155348,0.28078395,0.2718407,0.57319933,0.53040105,0.88557756,0.7600683,0.33130667,0.2611286,0.105777085,0.13667789,0.4473036,0.48893905,0.54917,0.42235416,0.3810779,0.23491171,0.37803864,0.8982134,0.38115567,0.70638216,0.60595846,0.61672837,0.383157,0.602643,0.58757347,0.28451768,0.6172472,0.5073503,0.6240061,0.7747661,0.7767739,0.15613869,0.4414479,0.30614644,0.11509995,0.09194924,0.46132022,0.24777402,0.83311343,0.22681974,0.06977774,0.34141743,0.8921792,0.45215398,0.66359067,0.8356241,0.37179285,0.709625,0.6567943,0.85178226,0.3674128,0.18434969,0.061546203,0.059149772,0.44140297,0.9128641,0.794688,0.86652136,0.49660102,0.7973558,0.3903916,0.4569415,0.4717208,0.85943747,0.18101646,0.19415608,0.37937075,0.3995505,0.46245658,0.18006173,0.35981834,0.74635017,0.78883433,0.0929135,0.5834706,0.91148525,0.34079313,0.38557732,0.8168968,0.6266757,0.69213724,0.3308103,0.6251484,0.30238867,0.5933114,0.79115784,0.07484271,0.15864989,0.13360423,0.47879887,0.45665145,0.6615001,0.9226687,0.42728466,0.27475184,0.2257761,0.4265932,0.5258987,0.6106794,0.6350541,0.3994907,0.39526916,0.12164685,0.49889207,0.82713366,0.53208613,0.6805634,0.7738067,0.57028586,0.5292001,0.60092103,0.111944266,0.19704986,0.1379623,0.9591545,0.49136558,0.5104011,0.85291684,0.19671035,0.63973665,0.8784646,0.952121,0.6434423,0.5330224,0.03170773,0.39878088,0.06347835,0.6305047,0.16109896,0.33182317,0.6030013,0.46648884,0.6960046,0.7156496,0.84979266,0.46146655,0.19941899,0.9315312,0.031231415,0.4609836,0.2839774,0.41177,0.3820747,0.933885,0.92821956,0.7743552,0.58745694,0.5500417,0.39775544,0.5111165,0.41760126,0.7745732,0.2360565,0.3225587,0.67059886,0.58786285,0.23189142,0.5257883,0.30107304,0.1306846,0.27879265,0.1350941,0.9577013,0.19110516,0.09979935,0.59920204,0.39732915,0.4114825,0.85331935,0.44228232,0.85708916,0.7537526,0.74661934,0.55040056,0.41989008,0.18747658,0.43683833,0.45767212,0.5117971,0.2894079,0.53772306,0.37462658,0.37568834
BC2026_Train_0008_S09_20250831_000000_30,0.038689166,0.58707535,0.47197145,0.4715774,0.3379107,0.5558963,0.63130283,0.7698303,0.7458542,0.13851936,0.14692026,0.31262165,0.17459592,0.280091,0.5281533,0.3569215,0.16146725,0.66846657,0.36333656,0.2736553,0.10357754,0.55393046,0.33212382,0.13487884,0.35686308,0.62458783,0.1660007,0.03995975,0.37794587,0.2771318,0.26323706,0.78977674,0.85697967,0.31329873,0.68449473,0.65664136,0.8078962,0.0753265,0.20931897,0.62179875,0.1586282,0.48403156,0.09978776,0.16818601,0.09716807,0.086129576,0.064427994,0.17298791,0.059831753,0.07137409,0.09481299,0.09324448,0.08446934,0.61455154,0.5513518,0.6095867,0.77447546,0.6038054,0.1200404,0.33288282,0.10987878,0.913938,0.42969745,0.20981476,0.9758857,0.641222,0.1531378,0.30725726,0.62159467,0.48627475,0.87846243,0.88155115,0.5938407,0.14668922,0.58166665,0.5653919,0.4994377,0.5819969,0.67989075,0.52622926,0.53730834,0.96093434,0.07640715,0.69993186,0.13170972,0.40128407,0.27171558,0.65466285,0.19385505,0.7672069,0.7206806,0.041495256,0.4799112,0.52696884,0.52038145,0.6603527,0.68077767,0.22327766,0.54962325,0.3615525,0.7994647,0.8208034,0.07845995,0.048280105,0.06756744,0.42072663,0.67280746,0.4096985,0.47243991,0.36110497,0.22646344,0.47180057,0.17158619,0.705377,0.63211465,0.10316332,0.29487956,0.48746184,0.48041353,0.14671986,0.18988025,0.33285674,0.25970078,0.7770922,0.0569863,0.43350232,0.7479726,0.56182384,0.5602543,0.7027651,0.31804043,0.7928377,0.6853845,0.24739236,0.18760046,0.7572504,0.5789436,0.13767315,0.22657928,0.32943243,0.6093906,0.36080205,0.87158275,0.6774473,0.40617844,0.4960065,0.088581435,0.35148066,0.31916735,0.55038047,0.48049778,0.5226086,0.6413238,0.06784392,0.48454383,0.59176254,0.8916141,0.300893,0.5859782,0.7844702,0.7260335,0.8869457,0.14763534,0.46201807,0.112812355,0.76111776,0.49210176,0.76034063,0.72968185,0.26971364,0.59462225,0.7047521,0.76613843,0.7466693,0.75954115,0.053123973,0.7503432,0.17979279,0.48640192,0.059659503,0.655311,0.7766603,0.38066095,0.51103264,0.61072373,0.72854805,0.55364394,0.16565552,0.9822235,0.026586503,0.8696735,0.4145832,0.1551997,0.093714535,0.8258374,0.85072714,0.35653102,0.9124625,0.71735895,0.38698673,0.7598574,0.67317665,0.36278576,0.45429015,0.5594515,0.2503817,0.5599658,0.08977308,0.8946855,0.5514288,0.2964562,0.23798351,0.3975764,0.8309161,0.113048166,0.5508722,0.64510155,0.2135942,0.67565167,0.5015155,0.6908072,0.70767677,0.8704114,0.669,0.7934511,0.51947963,0.5286901,0.71439373,0.27866548,0.3827629,0.5061757,0.55600643,0.29161668,0.49716312
BC2026_Train_0008_S09_20250831_000000_35,0.027283605,0.4544049,0.15349644,0.29963663,0.1935795,0.53831095,0.6527053,0.84727275,0.7018299,0.18235949,0.16664383,0.28583843,0.3526792,0.3362338,0.5154346,0.3997813,0.094353765,0.60100424,0.31998968,0.102136806,0.05529344,0.48563504,0.2835617,0.10228638,0.19257195,0.5428669,0.08201667,0.11051709,0.24433836,0.36589622,0.20182833,0.57756233,0.74983114,0.35970542,0.71149564,0.6917268,0.6374851,0.10448217,0.2964071,0.6698334,0.09646174,0.6440228,0.09954969,0.1909066,0.07282271,0.06116415,0.100882605,0.3517562,0.062866345,0.0994409,0.08162859,0.08151881,0.08110744,0.82520056,0.44612527,0.48168668,0.70015025,0.5562836,0.16301146,0.14032546,0.049144566,0.93868434,0.5179473,0.271464,0.8964782,0.78448284,0.1176132,0.36775488,0.49242836,0.7118896,0.9195646,0.977489,0.47122538,0.07292075,0.44469398,0.47348568,0.47919258,0.46153945,0.8351847,0.49007326,0.45497638,0.7929014,0.08548994,0.93167245,0.21125075,0.5617415,0.24404913,0.60578734,0.24799776,0.6367594,0.8311722,0.0705904,0.614133,0.42749703,0.64936316,0.4749338,0.5096091,0.26014304,0.6414741,0.4859756,0.5144946,0.61175,0.14170817,0.04772672,0.0716939,0.45457312,0.45997334,0.19459525,0.3354634,0.09131217,0.06012033,0.36953062,0.060006462,0.63385844,0.61491925,0.04580711,0.29602477,0.43705374,0.4971516,0.14888442,0.40296572,0.3382082,0.06365669,0.75458103,0.08620682,0.14657865,0.54902625,0.46962804,0.3909763,0.56493914,0.36338615,0.84937775,0.61097485,0.10979589,0.151476,0.5471337,0.19954824,0.0719161,0.25233138,0.10523665,0.67532516,0.43332267,0.4715804,0.5089382,0.33810762,0.38977832,0.11398083,0.46382785,0.3761459,0.49560034,0.22329995,0.40884298,0.5230272,0.124577455,0.34657454,0.35509598,0.5434721,0.15995933,0.40782773,0.779675,0.8094058,0.76517403,0.111875445,0.37329465,0.09452968,0.89392877,0.6008263,0.6454026,0.213577,0.18794245,0.65446293,0.5613549,0.65161765,0.70457613,0.62507284,0.083364815,0.6672399,0.17313203,0.58270425,0.058490895,0.6789247,0.7228116,0.3744626,0.40633088,0.5876546,0.6133081,0.70310676,0.33774984,0.92159677,0.047738753,0.52312493,0.5938792,0.24619833,0.05224792,0.5696428,0.78397727,0.20983374,0.7007676,0.598201,0.43686306,0.5116036,0.3845855,0.39496636,0.27344397,0.31898063,0.11263259,0.5582881,0.09962325,0.8274431,0.601487,0.26396617,0.3242107,0.68972814,0.47908616,0.27699757,0.23937678,0.64672583,0.2932,0.5262239,0.35947055,0.75979644,0.45907557,0.6610671,0.4469661,0.753803,0.26827896,0.3952294,0.5032815,0.2145735,0.3654859,0.52062154,0.8710818,0.44814235,0.31608397
BC2026_Train_0008_S09_20250831_000000_40,0.037147336,0.17686988,0.10463826,0.56782967,0.25372243,0.61254513,0.47336143,0.65318775,0.27555284,0.09333761,0.21745001,0.22750035,0.23329628,0.39939636,0.5888538,0.39414382,0.1775111,0.45695895,0.28469858,0.14454177,0.11895627,0.8831718,0.11400668,0.19437163,0.08108216,0.2713295,0.41296357,0.08432384,0.32952213,0.5519146,0.1987004,0.96766335,0.39655465,0.53168535,0.6937711,0.62254965,0.4343915,0.056535743,0.22719225,0.48159373,0.19194835,0.47998405,0.09951253,0.20754579,0.17937082,0.15449774,0.06602357,0.22846368,0.10258649,0.109075256,0.09104803,0.09045704,0.069833785,0.8111402,0.14850771,0.5047017,0.70441186,0.7641981,0.09100891,0.14432493,0.06363625,0.5088124,0.4007697,0.21063355,0.40350294,0.4497711,0.13968095,0.20031023,0.6985463,0.85610044,0.92997164,0.98686874,0.3876192,0.050107017,0.5180685,0.4291026,0.5935378,0.39395124,0.872749,0.5361317,0.44902933,0.69559,0.07144529,0.7942169,0.11197327,0.5925162,0.2699232,0.59054387,0.23130974,0.5042213,0.6405729,0.049359523,0.6811087,0.39432907,0.7048974,0.37930006,0.55108863,0.18897621,0.5346545,0.40937042,0.5953678,0.6602541,0.18462396,0.056334764,0.04489927,0.55000055,0.4726225,0.29923198,0.33059525,0.018185083,0.034413483,0.35270876,0.15376556,0.32537603,0.4739704,0.04592202,0.31539375,0.41974932,0.57655025,0.18597198,0.441831,0.2601744,0.19150868,0.5800122,0.27520415,0.12834945,0.47938585,0.40224558,0.34717864,0.50543797,0.5805341,0.80543566,0.68245864,0.08673777,0.20341456,0.41808665,0.25731394,0.099783614,0.23306158,0.04801572,0.66155994,0.47220135,0.37003982,0.6820313,0.1274686,0.16810945,0.040214106,0.3968218,0.31586015,0.57832026,0.30729657,0.15231067,0.3984393,0.09028208,0.35751945,0.47760352,0.3168242,0.2616567,0.650625,0.47832698,0.4786408,0.36907208,0.15667486,0.34979492,0.3009764,0.8499867,0.45823097,0.4597634,0.090374604,0.20093015,0.33357364,0.3719492,0.7586747,0.26904482,0.34378016,0.060275063,0.63846207,0.075758435,0.48726064,0.079471916,0.37364125,0.54914093,0.49721187,0.4571122,0.6330395,0.30620807,0.81838405,0.23851198,0.7145612,0.04840458,0.3927561,0.6083484,0.18859628,0.029514208,0.500188,0.56776303,0.2171812,0.7332853,0.5671292,0.57008916,0.22531709,0.31588548,0.4182441,0.12896761,0.18900427,0.037257425,0.33827114,0.06702821,0.8399965,0.33099216,0.16431797,0.084866956,0.45645994,0.4846839,0.07452854,0.24292636,0.28528172,0.3111082,0.29998404,0.40517646,0.62675273,0.3923126,0.7853817,0.39018488,0.8431014,0.21346709,0.29779136,0.30169007,0.3073605,0.4518783,0.5908744,0.6095357,0.48582333,0.41249233
BC2026_Train_0008_S09_20250831_000000_45,0.13734668,0.4229645,0.48622587,0.09092182,0.46589994,0.5551302,0.40296632,0.32842076,0.30559853,0.06884575,0.39034635,0.33362377,0.17016724,0.1308567,0.86162007,0.4999764,0.45690805,0.43851116,0.37083316,0.19302455,0.31677192,0.77083063,0.061186753,0.20438763,0.17462096,0.21371563,0.27112496,0.027255584,0.15654323,0.5125953,0.26238626,0.5007732,0.7890794,0.5312092,0.31954673,0.7894732,0.7536477,0.42712092,0.2129775,0.37229094,0.25508997,0.6655894,0.23864554,0.1137062,0.3713749,0.35389858,0.45046756,0.19769001,0.26932964,0.3569104,0.3949492,0.35582262,0.38971853,0.507919,0.4969705,0.48742676,0.68476796,0.74304545,0.110583976,0.10262966,0.15409304,0.45907626,0.550933,0.42352307,0.25286376,0.23899122,0.14068589,0.27248895,0.91188985,0.8187839,0.6673871,0.9248601,0.18597782,0.26513523,0.68184805,0.64062905,0.3346678,0.3909434,0.68794644,0.44341558,0.5835818,0.7940606,0.07141631,0.5890033,0.11275613,0.30740196,0.11638159,0.28021246,0.20165154,0.7528969,0.27625787,0.05831951,0.5415342,0.70200837,0.56604755,0.73522484,0.32280427,0.27633137,0.7995098,0.63782525,0.879915,0.43580645,0.059620082,0.0745893,0.02846273,0.6477771,0.6548749,0.8879281,0.6475587,0.02122517,0.07129881,0.35128486,0.35284275,0.36126283,0.55375206,0.09245674,0.07247927,0.7991036,0.25604752,0.48703086,0.2238961,0.17013893,0.34609497,0.5134268,0.09457125,0.4312606,0.8094568,0.17925355,0.14005233,0.8524856,0.7320883,0.96194243,0.53348583,0.23673959,0.18339437,0.38764918,0.45540583,0.1219189,0.616068,0.031766776,0.725448,0.63150537,0.43762124,0.71904576,0.2690784,0.070356295,0.026175752,0.4563207,0.3182884,0.8187194,0.50200033,0.058225505,0.27136514,0.0534271,0.6187056,0.5754473,0.2664066,0.37751037,0.6179465,0.58205914,0.50575626,0.43536776,0.23135439,0.1040687,0.17165977,0.52818793,0.5797748,0.24838781,0.22056615,0.1883671,0.23813382,0.26697314,0.86995625,0.13972981,0.18841648,0.12673283,0.6252881,0.13290676,0.51888734,0.09590359,0.20855576,0.3278079,0.6993499,0.63121176,0.85332423,0.22605014,0.74577284,0.0950054,0.8395053,0.09480558,0.37952748,0.4250208,0.22647685,0.12638968,0.6968819,0.7203188,0.61937255,0.43106416,0.8658564,0.7121662,0.24883434,0.6683973,0.5726335,0.2171402,0.18616894,0.07351881,0.5548477,0.20658001,0.8875091,0.22722486,0.123167604,0.16501194,0.16362104,0.7294347,0.13462377,0.10813008,0.26237994,0.7756461,0.3512587,0.45191145,0.5128989,0.42401832,0.85526824,0.5355417,0.8485526,0.2217548,0.1621534,0.5870539,0.6484984,0.16154,0.46286827,0.5002353,0.62070215,0.48439965
BC2026_Train_0008_S09_20250831_000000_50,0.091940165,0.56070906,0.57457125,0.22973393,0.39315456,0.64048326,0.7701621,0.46342093,0.35276073,0.19565013,0.42878914,0.5330859,0.31003064,0.2115696,0.8602437,0.681792,0.33001727,0.4297402,0.41388828,0.20685586,0.18312311,0.6263999,0.060294747,0.21894607,0.082926065,0.4001001,0.74742675,0.054825597,0.1773983,0.7266561,0.111816585,0.08330774,0.9256227,0.75493586,0.3109836,0.6161567,0.19741777,0.1508905,0.3254118,0.28012627,0.12999597,0.7045698,0.048419327,0.060678884,0.21048447,0.20066828,0.19579189,0.40437323,0.3322487,0.35943615,0.08798766,0.08449981,0.09925328,0.80535686,0.5838365,0.54695165,0.76657987,0.73349285,0.05438225,0.14691386,0.33507448,0.47183046,0.62912524,0.20864308,0.21601602,0.5134963,0.10050115,0.18071586,0.9175688,0.94442034,0.7326243,0.97150993,0.27512333,0.47734463,0.5061126,0.6481979,0.153207,0.39541897,0.483604,0.73119795,0.69522786,0.7108171,0.12652797,0.7105473,0.29392138,0.12097904,0.119179726,0.36932498,0.06628584,0.70308614,0.456865,0.029816858,0.79924834,0.6703284,0.30236608,0.91632515,0.42446792,0.3088133,0.7624849,0.6155993,0.33295226,0.28899878,0.026424233,0.100801036,0.035664022,0.61208904,0.38386953,0.74582374,0.5521361,0.04143375,0.08472632,0.40142918,0.1565319,0.29323325,0.4112981,0.0372255,0.048699982,0.7478018,0.20519686,0.3987429,0.3806272,0.19970202,0.18581358,0.49148488,0.02979492,0.40244675,0.93054223,0.32939827,0.16060582,0.8987839,0.69637275,0.9240052,0.42326218,0.35181093,0.30514166,0.3061545,0.22518119,0.047974624,0.6297276,0.12880218,0.9031667,0.4330486,0.32560295,0.52038217,0.72966576,0.0780227,0.023673084,0.5712374,0.31561196,0.8991839,0.23388761,0.11577081,0.4433456,0.020116083,0.48423478,0.39458227,0.37165052,0.2181203,0.9163793,0.5585749,0.8724826,0.54543704,0.46094638,0.093538165,0.06135298,0.8533897,0.5158479,0.35210037,0.085311875,0.11903006,0.34895605,0.37655765,0.38404697,0.29362345,0.40205365,0.10729026,0.44546694,0.091100305,0.3360257,0.06067009,0.25382385,0.15246032,0.577826,0.46846074,0.9482609,0.5825933,0.6828302,0.14102495,0.9190105,0.10829374,0.45163327,0.4388042,0.45324546,0.3188454,0.46719187,0.5498539,0.5923269,0.3042606,0.9309468,0.7098627,0.18319532,0.6535337,0.36567384,0.41395986,0.40677214,0.12444468,0.6782613,0.14588062,0.7814864,0.25651047,0.108751565,0.37631994,0.17018566,0.49163693,0.33967248,0.047014162,0.21453923,0.85932034,0.25490302,0.3636195,0.3363492,0.21685004,0.7373881,0.42240635,0.9422406,0.42328924,0.15319213,0.70815146,0.5648771,0.14601065,0.77059853,0.7201927,0.47519028,0.111176774
BC2026_Train_0008_S09_20250831_000000_55,0.063631415,0.40544444,0.20179477,0.38494653,0.13034217,0.5973243,0.9203209,0.68676627,0.463216,0.15461175,0.5079417,0.24316691,0.31509084,0.4090466,0.46539402,0.47103435,0.16780412,0.522535,0.49875367,0.047491834,0.08787829,0.31219804,0.060182065,0.28337225,0.049064755,0.347122,0.6875121,0.11962709,0.08563918,0.67668986,0.3251732,0.30065364,0.71205175,0.7756654,0.64199793,0.71823734,0.50779283,0.16910289,0.4216382,0.7918966,0.32759672,0.64533794,0.1542093,0.11820327,0.14061105,0.21522507,0.0994322,0.39999145,0.18789378,0.20125785,0.14292336,0.14121746,0.1208165,0.8048357,0.38753173,0.53250194,0.9341812,0.5265858,0.10327798,0.10273096,0.15447223,0.7647625,0.3016317,0.14284338,0.40654606,0.7614497,0.038506374,0.044725493,0.63039416,0.81156725,0.7830266,0.95586735,0.27369946,0.19381624,0.7053069,0.64523035,0.18546534,0.33759177,0.72171926,0.70426726,0.54322267,0.6260724,0.04996939,0.6740179,0.09568994,0.37475973,0.2618594,0.59979415,0.111663595,0.5178222,0.8475703,0.05107358,0.8464363,0.38101387,0.31691474,0.70659304,0.44733,0.6162133,0.5019764,0.3208555,0.26630354,0.5188729,0.06924802,0.18598267,0.09972812,0.45574766,0.35849762,0.33185625,0.27541676,0.091557726,0.04218158,0.32500184,0.11802697,0.48176086,0.29756725,0.051599815,0.083522856,0.4571212,0.25795516,0.15969136,0.40305465,0.14395157,0.042617485,0.41879767,0.05690383,0.41572124,0.8325392,0.5963373,0.101424485,0.6081842,0.38783884,0.8426881,0.6694703,0.21205509,0.38113898,0.2786656,0.055528186,0.07466394,0.1728392,0.2956682,0.8652792,0.5568401,0.18903232,0.6646441,0.25214374,0.32332957,0.058960747,0.37583497,0.36041167,0.731665,0.21609744,0.15603676,0.33161443,0.050683163,0.44163954,0.4979621,0.5098524,0.09956288,0.7847284,0.44146663,0.92590576,0.66168773,0.39187878,0.23727347,0.046586752,0.89638484,0.4597122,0.46593368,0.09952157,0.25030142,0.4031883,0.35940093,0.40594813,0.37439018,0.6109618,0.39101303,0.46096414,0.13711552,0.3258465,0.020323753,0.45280892,0.1877529,0.314081,0.5210784,0.7168294,0.6398721,0.6545106,0.30528852,0.944435,0.19217604,0.3221896,0.3152678,0.23080349,0.103170514,0.46172285,0.55730355,0.3132057,0.58504903,0.5659319,0.44698197,0.41147095,0.39607984,0.18265313,0.42290223,0.25949985,0.054509543,0.657635,0.13363984,0.81954765,0.18595555,0.36782974,0.13049546,0.52582204,0.35543528,0.24317193,0.1595478,0.38527918,0.47519714,0.42767242,0.45292145,0.4947477,0.3066666,0.63537407,0.44479856,0.68234974,0.37718314,0.1249909,0.35125297,0.34616137,0.2966618,0.8113723,0.5257177,0.3602618,0.07740016
BC2026_Train_0008_S09_20250831_000000_60,0.15622115,0.56651103,0.2028952,0.3218547,0.11334717,0.7143947,0.5747453,0.7456796,0.7073611,0.09254375,0.2610408,0.07857217,0.26035428,0.28984064,0.4699325,0.5074806,0.1691542,0.6775968,0.21257095,0.017967084,0.29226166,0.4158468,0.17142737,0.41155586,0.29215002,0.7030754,0.93360925,0.062201336,0.06457971,0.7732121,0.4312536,0.39273828,0.8308494,0.7796383,0.5918761,0.8433049,0.35536724,0.23360243,0.545358,0.775888,0.34644938,0.56005275,0.24351051,0.43256372,0.20879719,0.19538707,0.17526835,0.42847848,0.23955193,0.083628714,0.26026148,0.21865758,0.27421364,0.69714886,0.5653089,0.6562566,0.9849833,0.17594562,0.49351364,0.13309483,0.029728666,0.7896718,0.36798322,0.42529136,0.42594367,0.5703678,0.057297878,0.060238086,0.81361985,0.8449234,0.77352214,0.91423035,0.2508921,0.039066255,0.6745914,0.7770511,0.23161116,0.29639894,0.65583706,0.48831397,0.5370929,0.33635807,0.013866084,0.83230937,0.09732938,0.4697352,0.22525847,0.7914709,0.18564528,0.42539138,0.91458225,0.09989857,0.7263566,0.29356694,0.26955336,0.8859255,0.66980326,0.45810038,0.40230018,0.4485479,0.17572841,0.86744475,0.17073146,0.124132514,0.117231496,0.33904624,0.31726247,0.4160231,0.32503998,0.1387388,0.090813965,0.21152958,0.22798692,0.38606602,0.4708831,0.11077414,0.06945391,0.32599413,0.09684341,0.052011415,0.38355607,0.04014375,0.07513354,0.32134527,0.07685459,0.10936108,0.8547205,0.381725,0.06803417,0.43891865,0.53312194,0.95890194,0.57090753,0.077355206,0.6039885,0.4563862,0.025728125,0.13337438,0.10136375,0.26907492,0.82120335,0.44176736,0.16893788,0.6087959,0.5863889,0.27404657,0.042267002,0.32324728,0.40188468,0.81705403,0.31013498,0.17159969,0.26819474,0.1614404,0.58258367,0.39524537,0.41376376,0.12732077,0.7014973,0.61524266,0.68006927,0.84071296,0.5849571,0.25423437,0.0342775,0.82192504,0.3857794,0.45645624,0.053756833,0.18892646,0.5935831,0.2079071,0.62362146,0.3638242,0.50346434,0.33327568,0.18557891,0.49481767,0.39865953,0.014225749,0.38721853,0.12950191,0.21912664,0.78846884,0.8460834,0.8075007,0.82528806,0.28749958,0.9702791,0.19416615,0.20559102,0.27960187,0.10086767,0.029193336,0.6478164,0.73426366,0.38785008,0.5021884,0.67466927,0.49491853,0.24257188,0.41907376,0.11517363,0.19161123,0.23302098,0.10460655,0.47269332,0.32127142,0.4628046,0.3754989,0.24853289,0.03132875,0.66350913,0.38438517,0.55801785,0.2793816,0.52509147,0.35089386,0.49461794,0.5295824,0.4507007,0.11569859,0.68553436,0.39362663,0.66496545,0.45301038,0.12210021,0.33095497,0.5340174,0.18955806,0.42114928,0.58430725,0.25438893,0.12752542
BC2026_Train_0009_S09_20250828_000000_5,0.41783065,0.3383026,0.3677718,0.68807465,0.19767699,0.8967953,0.95389056,0.57073104,0.55179346,0.79798424,0.8353083,0.7217647,0.6229388,0.0785625,0.7086636,0.734519,0.45172393,0.64310753,0.25217187,0.30386353,0.57699376,0.8705102,0.30424842,0.24360704,0.34810168,0.36900508,0.49402878,0.29221678,0.2150071,0.68230724,0.3890599,0.49109992,0.6207756,0.2057958,0.35974675,0.7017055,0.31868428,0.34985474,0.33279854,0.6629206,0.27949953,0.63384104,0.39851385,0.36796927,0.07563834,0.14133956,0.35485822,0.18594217,0.20377126,0.17547807,0.290363,0.3639911,0.3241405,0.35328507,0.3536112,0.8774024,0.6798892,0.39112794,0.065152496,0.38692918,0.5728891,0.9101291,0.8125906,0.5934396,0.88965344,0.7037937,0.6208082,0.23834933,0.9801791,0.6468681,0.39419192,0.5620458,0.7958883,0.6957511,0.5443644,0.96056247,0.28964335,0.8436427,0.90844953,0.9013769,0.6069639,0.5201789,0.34254873,0.81927323,0.3153714,0.3856573,0.50237167,0.31949502,0.35950935,0.18246083,0.17870283,0.82698715,0.8688774,0.98737067,0.8713083,0.7898673,0.37188438,0.9363733,0.7312492,0.8882214,0.29243708,0.8653759,0.12554136,0.5111853,0.21643196,0.9394797,0.16064543,0.6635189,0.62406087,0.3044834,0.2773191,0.81621146,0.3137725,0.27576524,0.12317209,0.323199,0.06493042,0.9534688,0.50068486,0.7431232,0.60794246,0.66856766,0.18684447,0.9232952,0.13736674,0.7930367,0.54638994,0.5378754,0.16410995,0.975225,0.89989686,0.61746687,0.9548702,0.86535364,0.14579344,0.26143795,0.6256516,0.5308676,0.68777895,0.20311496,0.9336685,0.9156811,0.37908763,0.40227765,0.81425214,0.10141292,0.5789025,0.87486565,0.9432993,0.7499813,0.5949741,0.56218517,0.40800524,0.13665202,0.5514221,0.39526844,0.878952,0.15823993,0.9271151,0.9472616,0.8770429,0.35617042,0.86647916,0.3029702,0.08661367,0.34401536,0.9036281,0.38379514,0.41947585,0.5768906,0.9348625,0.89625525,0.19988337,0.7273363,0.96216697,0.40486705,0.9348302,0.14887351,0.18437421,0.14936334,0.89563864,0.6503705,0.8665644,0.7582859,0.96399164,0.86218977,0.68099,0.27955708,0.6121066,0.40120062,0.2901552,0.35838914,0.68202126,0.5065359,0.4376698,0.4061665,0.4597274,0.42387527,0.91255534,0.86750054,0.2049076,0.73544633,0.13370979,0.827229,0.6282531,0.43158844,0.49898088,0.34090984,0.31655538,0.7625214,0.13932645,0.8872726,0.8954051,0.6916492,0.44207466,0.46871632,0.59061193,0.7790351,0.4793904,0.6588509,0.5859433,0.05930204,0.88402176,0.6320498,0.97093546,0.95449924,0.29456267,0.7091365,0.29156378,0.1880733,0.89313596,0.965212,0.26883405,0.3400213
BC2026_Train_0009_S09_20250828_000000_10,0.44560152,0.58040917,0.49411136,0.22586516,0.24089676,0.7465043,0.85465103,0.88036865,0.6274302,0.6741165,0.698519,0.3560983,0.7417755,0.19896024,0.60146564,0.58685863,0.10781345,0.64989245,0.52953124,0.16829053,0.1736354,0.85576344,0.4737894,0.27520484,0.39485568,0.1646947,0.7334864,0.50268793,0.5424979,0.6061883,0.36330447,0.5114481,0.8356247,0.7459618,0.4371965,0.8844961,0.42661393,0.3623554,0.4552244,0.77973807,0.37029368,0.6682389,0.3915208,0.45334464,0.25339922,0.20697384,0.43051422,0.30278155,0.27124423,0.2882045,0.4582259,0.44575787,0.42199728,0.7727597,0.600832,0.7023322,0.7681817,0.25498176,0.29305884,0.24636313,0.24795607,0.64121795,0.5952399,0.15251322,0.5851884,0.7198204,0.33876848,0.26992357,0.8090354,0.4855641,0.46643645,0.5640128,0.40683326,0.5008676,0.73039675,0.85016394,0.28200316,0.87029445,0.7313716,0.7638251,0.60448045,0.4656738,0.4311032,0.4003613,0.5039351,0.7351638,0.47030157,0.8379203,0.19485044,0.47970027,0.26879495,0.59129876,0.45845315,0.86301446,0.58519375,0.5472588,0.83800197,0.72857666,0.44030917,0.8911892,0.3794244,0.5656337,0.43301016,0.2906479,0.1954704,0.66768444,0.31084234,0.57937133,0.8965698,0.7496524,0.39425546,0.91695607,0.40022117,0.33380198,0.45450824,0.64685273,0.3122605,0.7862133,0.17524472,0.7485274,0.60034704,0.4951071,0.6475173,0.95617294,0.3039921,0.744025,0.5915153,0.6645535,0.35607588,0.7902285,0.8367771,0.37241566,0.7018273,0.9648885,0.5238566,0.34928608,0.5165707,0.5450245,0.44013852,0.2897425,0.78941965,0.74116373,0.58769864,0.68685734,0.5284474,0.14989126,0.51793027,0.8189117,0.7433156,0.7613014,0.5917753,0.42658263,0.7029309,0.49016762,0.7333664,0.8060864,0.73772764,0.5511526,0.8562336,0.70209694,0.8119085,0.20970353,0.58888316,0.50407034,0.30447668,0.8362802,0.84557796,0.66171896,0.60846424,0.7113658,0.8976159,0.7951572,0.68656707,0.49483067,0.79738784,0.44266772,0.6631957,0.32441765,0.62040067,0.24478483,0.80448675,0.49106613,0.8101692,0.8714809,0.8201226,0.76550496,0.54535127,0.6136042,0.45521468,0.5578172,0.2625544,0.76368445,0.8097266,0.6156,0.88450956,0.6298162,0.6865665,0.8431138,0.66688526,0.746951,0.6100465,0.782797,0.50804174,0.6189917,0.56928843,0.84977376,0.56447935,0.5973515,0.34811413,0.37027794,0.42585903,0.7841352,0.7319261,0.64389503,0.48377156,0.47273535,0.6904416,0.53109264,0.7117479,0.70575887,0.7073175,0.1694501,0.88351095,0.90484965,0.8450678,0.95030355,0.21922335,0.7678014,0.41319847,0.5021746,0.7223592,0.6270571,0.6965661,0.26084226
BC2026_Train_0009_S09_20250828_000000_15,0.35215554,0.23859555,0.2351952,0.56937766,0.058758087,0.35062996,0.8830404,0.83175695,0.5565422,0.92954457,0.706915,0.3292318,0.67507696,0.07604785,0.6815795,0.35164046,0.05583683,0.5715343,0.4765724,0.10888319,0.10055423,0.68912137,0.14159492,0.6028388,0.4739259,0.13732454,0.75025105,0.41789934,0.46892324,0.2149561,0.42403907,0.3534487,0.5273004,0.8012003,0.49164587,0.8230853,0.76196766,0.41143245,0.53612375,0.80991554,0.52381074,0.7107358,0.44371742,0.49109703,0.24408734,0.20594522,0.38966745,0.2695017,0.2660291,0.2574101,0.4051653,0.39944392,0.39174557,0.7977185,0.28958616,0.67475367,0.7056838,0.29166642,0.5686828,0.29701442,0.3313672,0.63918585,0.22229013,0.15292649,0.52877206,0.9822922,0.39266813,0.14838907,0.78448427,0.33108824,0.50047666,0.38849723,0.54266,0.3075689,0.57699376,0.72587204,0.57637393,0.8117899,0.8714894,0.696993,0.31788164,0.54528457,0.41375548,0.35752594,0.5236855,0.8379093,0.7471211,0.8517595,0.4075212,0.6946169,0.2421098,0.5402106,0.32254392,0.773123,0.6987264,0.3673072,0.87805915,0.60036063,0.49010724,0.3958925,0.89482915,0.6595727,0.7041495,0.44916552,0.2828194,0.66496783,0.5301995,0.41432595,0.8678676,0.7663915,0.6050724,0.79676986,0.786569,0.8204284,0.5018283,0.5887395,0.38141543,0.77746844,0.14405872,0.8059114,0.7328156,0.26252234,0.6687,0.9466096,0.5397497,0.27522856,0.25897425,0.6310117,0.59049666,0.811779,0.6992011,0.41695213,0.46271223,0.9404621,0.5868448,0.41768575,0.8150588,0.7402904,0.6137776,0.6126977,0.78953946,0.53722876,0.5981759,0.47203845,0.7450359,0.21187529,0.46554178,0.8795773,0.76673603,0.66761816,0.6212158,0.7222457,0.7605057,0.37907428,0.6844729,0.7299422,0.54179174,0.4555776,0.87350893,0.7313986,0.7861304,0.14365861,0.66452694,0.5127585,0.5663781,0.6497257,0.74484,0.75436586,0.5592244,0.51437247,0.83478117,0.4226631,0.6251197,0.6501329,0.66976666,0.34432644,0.39398974,0.51815104,0.5770143,0.43485028,0.9243947,0.77676916,0.9419888,0.914115,0.7640655,0.5931886,0.86084497,0.57426906,0.2872796,0.91079223,0.66888714,0.8063625,0.4494381,0.57810855,0.5866919,0.73942685,0.869396,0.89879775,0.5899606,0.73668444,0.828972,0.8139434,0.8521944,0.7765893,0.59206223,0.79779977,0.5123086,0.48414105,0.8116566,0.46168566,0.34450626,0.6127708,0.7900295,0.4353603,0.6906282,0.8100347,0.776603,0.5478414,0.85060227,0.3571301,0.7714684,0.69923604,0.6426691,0.9519261,0.88686335,0.886315,0.5656651,0.5974666,0.8558035,0.6175779,0.62956965,0.43646008,0.6393808,0.37380633
BC2026_Train_0009_S09_20250828_000000_20,0.36998963,0.6118563,0.1018316,0.19182202,0.05188717,0.43667537,0.72063065,0.51054096,0.14761755,0.55445313,0.48985252,0.27151752,0.3979059,0.13168034,0.68696547,0.20383391,0.05403652,0.41831446,0.10623607,0.097981185,0.3868181,0.5891753,0.04946205,0.66325486,0.25825816,0.29415506,0.39363015,0.45408213,0.45418337,0.12516448,0.5697484,0.8049102,0.8251198,0.66157883,0.45582423,0.84902203,0.9406878,0.5110134,0.5095623,0.8606544,0.5523346,0.43438134,0.4988476,0.62303305,0.31238317,0.30963892,0.46380496,0.34693348,0.36734456,0.33406234,0.48233575,0.47062117,0.47737807,0.41648406,0.58897626,0.5119343,0.8265604,0.053674888,0.44302174,0.26729017,0.25376683,0.543267,0.30083862,0.17857069,0.2669008,0.8070153,0.17237112,0.12246776,0.75949097,0.41321564,0.75019294,0.5035645,0.65897155,0.50918484,0.78494334,0.7209439,0.6563703,0.7384504,0.85669076,0.5775523,0.29002523,0.5059513,0.29537362,0.39621252,0.330707,0.6630312,0.5950408,0.5859989,0.6292343,0.44746378,0.4745626,0.5084144,0.6331437,0.5322565,0.61378974,0.6024901,0.88009894,0.59925866,0.62994516,0.3504477,0.986474,0.59063005,0.68503094,0.53109634,0.5048468,0.7581309,0.6308531,0.5581726,0.7603643,0.43457106,0.4704554,0.5102534,0.79335666,0.89723706,0.49232647,0.48350537,0.25584358,0.6976428,0.36265826,0.9073187,0.54732174,0.21621007,0.7209703,0.89847183,0.43814868,0.13404098,0.26984906,0.2930726,0.6149094,0.6429169,0.39794743,0.7575016,0.40580475,0.83579457,0.5783001,0.26788223,0.9047854,0.7562102,0.8772341,0.5340706,0.85989463,0.61547333,0.6812633,0.21240273,0.46850616,0.2545453,0.33069444,0.6993296,0.69442546,0.51496977,0.5315368,0.76956224,0.86250675,0.27745122,0.45014077,0.30896568,0.75472045,0.3522576,0.7489861,0.6232085,0.89740014,0.23305914,0.56376827,0.6544883,0.41235226,0.82969725,0.47287697,0.8152989,0.46988884,0.3762238,0.6541805,0.39453554,0.41018742,0.93034387,0.7968519,0.47251934,0.51660657,0.35288632,0.66390824,0.30869842,0.7124207,0.91645926,0.7961761,0.8951061,0.8077649,0.8779181,0.9492713,0.5057608,0.52922165,0.7925112,0.9380542,0.5171869,0.23928814,0.6115521,0.47685242,0.7712481,0.87985516,0.89482534,0.5077199,0.5225858,0.6958536,0.65804124,0.8518812,0.8789437,0.55833215,0.56409323,0.5233392,0.5845362,0.9477068,0.6367525,0.4044156,0.810084,0.68978095,0.5555783,0.41584438,0.79194343,0.9179765,0.5410602,0.72768545,0.16432479,0.8182515,0.8307563,0.5122163,0.9174588,0.8456501,0.81388724,0.75105727,0.59414196,0.9365114,0.41194743,0.615729,0.62872994,0.45339936,0.51058066
BC2026_Train_0009_S09_20250828_000000_25,0.37895745,0.6152834,0.3186515,0.4246124,0.10385224,0.7368715,0.77950084,0.6760233,0.6139972,0.2925522,0.6391685,0.53215516,0.36251527,0.17365971,0.90005934,0.4767374,0.08092725,0.6291722,0.18269083,0.065239266,0.5197245,0.7386483,0.17833757,0.67630064,0.6076426,0.31335217,0.41941577,0.6261791,0.48878038,0.21612316,0.18586516,0.48110688,0.92536247,0.41427013,0.33160114,0.79270065,0.56362253,0.29868203,0.3396133,0.6982391,0.4077129,0.79673684,0.4433518,0.58690417,0.23794052,0.21185574,0.31289735,0.19030753,0.24988003,0.16685796,0.37089056,0.37901136,0.3651665,0.45555213,0.6075026,0.7626208,0.710358,0.2646735,0.5873556,0.28628483,0.43134445,0.68842506,0.1820783,0.3602906,0.24027263,0.63730484,0.30572528,0.22054192,0.8669734,0.634478,0.5942708,0.33002204,0.33482188,0.48057148,0.74309444,0.8627882,0.43328595,0.6054925,0.959244,0.8340256,0.37600023,0.54557633,0.5346738,0.8440094,0.33047464,0.2549963,0.3578521,0.58503103,0.6838219,0.30430675,0.2971124,0.6853688,0.8692055,0.77991295,0.83115566,0.5679305,0.8194934,0.89479077,0.46274465,0.44013488,0.6325617,0.8276892,0.46671653,0.43384537,0.5522021,0.80410236,0.30477524,0.4975512,0.7396927,0.2607152,0.5793476,0.6743369,0.8216537,0.5805513,0.22348979,0.5002495,0.30453312,0.88552046,0.18679547,0.8508867,0.44730556,0.15501925,0.3649003,0.8408047,0.6297364,0.26272216,0.2986318,0.428478,0.69272566,0.85294616,0.58080274,0.80355716,0.79478383,0.8275697,0.60779846,0.3589797,0.47579134,0.7766204,0.9166032,0.23481584,0.9198043,0.8152983,0.5485574,0.18210107,0.7439366,0.22481312,0.43576372,0.88602054,0.8201407,0.7708194,0.43263742,0.5095298,0.7589004,0.48845136,0.61959225,0.16524342,0.82555974,0.18065122,0.9408617,0.9022507,0.84283113,0.2318218,0.8233279,0.7675599,0.3870776,0.48083466,0.6638442,0.69572365,0.38104075,0.42545158,0.8283098,0.72734344,0.36032605,0.75678825,0.7992612,0.43003786,0.45797253,0.24145034,0.7077906,0.45705366,0.90154797,0.68484986,0.6355021,0.6379248,0.6273706,0.9781709,0.8661877,0.27437374,0.5953732,0.6505277,0.7437234,0.6469821,0.5043009,0.72913,0.33930928,0.3989914,0.7919972,0.8010806,0.90332884,0.7316841,0.64734393,0.815487,0.46765596,0.756081,0.62408113,0.7851032,0.5165031,0.65971875,0.7533648,0.8327166,0.27161,0.88600874,0.8085464,0.7230651,0.81178164,0.8688791,0.9063494,0.904358,0.80815256,0.43108523,0.47603476,0.49059778,0.5718433,0.92333424,0.9496795,0.8752799,0.67967665,0.8186672,0.754846,0.20813894,0.8666742,0.456733,0.5076463,0.43606627
BC2026_Train_0009_S09_20250828_000000_30,0.356623,0.5937454,0.27570808,0.58426124,0.06809883,0.8996816,0.90940505,0.7994331,0.32000706,0.50444806,0.8072791,0.66977334,0.3985533,0.10681803,0.8350453,0.6597314,0.16448069,0.59673595,0.5633203,0.09941292,0.20307103,0.5776943,0.2885267,0.34895623,0.38217288,0.45414948,0.3388334,0.66315466,0.3044161,0.6398481,0.46428648,0.23635954,0.8894069,0.26789603,0.2676744,0.717314,0.39684373,0.1738739,0.53276503,0.76975906,0.44400215,0.8008014,0.31061184,0.43789238,0.09177643,0.0760653,0.25327381,0.18256289,0.16253096,0.120462835,0.22198412,0.27597156,0.25573328,0.54455525,0.52299815,0.95596457,0.6902845,0.15582715,0.44842535,0.21676001,0.2825883,0.7579087,0.3220384,0.1886734,0.5644083,0.8458961,0.48798132,0.2562794,0.96194005,0.77656984,0.5096576,0.46247083,0.3592596,0.40936464,0.46428007,0.9187262,0.3962841,0.8663802,0.98232186,0.9709281,0.4456492,0.31695116,0.4999677,0.9525603,0.20747131,0.31892008,0.570634,0.29699603,0.6226115,0.49620366,0.2305072,0.8843833,0.90211654,0.8286761,0.79226446,0.6732086,0.48155427,0.9910722,0.65420496,0.6474837,0.6005337,0.7969992,0.22539875,0.23000751,0.3357939,0.95337594,0.33845243,0.6166313,0.79853904,0.4293604,0.58329016,0.92987823,0.72301304,0.51997674,0.3322376,0.78860366,0.36872745,0.9481992,0.29464072,0.7604295,0.45376763,0.4618282,0.27525663,0.8677109,0.55520946,0.35995,0.5491979,0.76476514,0.4847927,0.94176006,0.82492316,0.63820446,0.96696216,0.60931337,0.4808802,0.23037958,0.45733348,0.6049944,0.77882636,0.30526167,0.9373989,0.8618673,0.38651657,0.22706136,0.6328498,0.39297965,0.32752216,0.94616044,0.6817107,0.6889032,0.3453489,0.67848897,0.5728301,0.33546656,0.69328845,0.51212925,0.74942327,0.122712664,0.98602194,0.96894574,0.83308566,0.5876608,0.8539568,0.48533657,0.49979264,0.504239,0.7612532,0.48331028,0.6656692,0.37749606,0.9645164,0.8837707,0.37588012,0.859846,0.71805704,0.2141095,0.40550524,0.20377426,0.43754035,0.31470573,0.71782684,0.22282979,0.67448246,0.6022985,0.8624211,0.9640314,0.6624477,0.50781506,0.6155652,0.61539805,0.51553845,0.55161566,0.55477214,0.7576302,0.5365172,0.44352138,0.56393576,0.7068281,0.9272475,0.940287,0.5820552,0.633489,0.27307048,0.66608024,0.8106737,0.9637406,0.6883918,0.4585361,0.43079424,0.7684685,0.57408905,0.7243712,0.8381679,0.79579645,0.84214866,0.5346033,0.73743534,0.88652086,0.67616814,0.6780492,0.49465376,0.26857552,0.582806,0.65002906,0.9718447,0.9832256,0.59980285,0.809911,0.7376406,0.23403545,0.85624576,0.57111645,0.48493797,0.3693111
BC2026_Train_0009_S09_20250828_000000_35,0.34317964,0.3736167,0.3625759,0.5571291,0.18336305,0.45577306,0.9407425,0.9479915,0.38673142,0.5357237,0.7908441,0.74625206,0.44755185,0.15734622,0.5673635,0.7531085,0.43436542,0.55146194,0.56513095,0.29804486,0.21833351,0.4765154,0.48331362,0.36698478,0.5694206,0.6616031,0.84947693,0.49932396,0.42148232,0.57747144,0.43424222,0.47494936,0.66869074,0.6192168,0.45124245,0.8651227,0.37403446,0.37120855,0.4720575,0.73928314,0.469405,0.7548693,0.42452994,0.36566454,0.11373912,0.09089419,0.30776554,0.21092974,0.21939859,0.2343252,0.38523185,0.3952446,0.38645667,0.73779094,0.3572089,0.8534256,0.8009676,0.15205908,0.16272739,0.46801874,0.46432167,0.4968053,0.503711,0.38043272,0.9769489,0.9641323,0.37702352,0.29709166,0.90644675,0.5245969,0.4103803,0.73245144,0.7592129,0.34448308,0.35899466,0.7646364,0.4061274,0.7749647,0.80799675,0.7424333,0.83359385,0.43334317,0.4536052,0.8378348,0.21147919,0.591383,0.7824969,0.29242694,0.6347228,0.7107034,0.5556862,0.67714524,0.68812716,0.6134535,0.79754364,0.61944795,0.5146992,0.6891297,0.6934582,0.8991489,0.68402314,0.8100543,0.23219877,0.307231,0.33728755,0.8207247,0.51785135,0.8551052,0.84832656,0.9178119,0.9172344,0.9274982,0.5784466,0.5667063,0.6528479,0.8046262,0.38691062,0.67403615,0.47866338,0.6737087,0.2998107,0.42527834,0.461559,0.88493466,0.30113566,0.8358524,0.5474334,0.78662336,0.5693655,0.8134532,0.5477928,0.702338,0.4479223,0.773002,0.53507483,0.46133488,0.45073223,0.66017497,0.2936483,0.6160159,0.9222944,0.7590209,0.30763018,0.6725062,0.43586254,0.41221082,0.52477014,0.6795006,0.80105,0.5584259,0.56874245,0.8546623,0.3336444,0.2539768,0.65835786,0.635715,0.59937966,0.046042792,0.84435093,0.8762887,0.84724617,0.6629824,0.48781395,0.49137563,0.54375577,0.91841245,0.64108205,0.4131837,0.7656561,0.51085925,0.78043044,0.8339118,0.51068854,0.8961836,0.92724645,0.2869426,0.55992603,0.42103016,0.64113367,0.178522,0.7896408,0.26537144,0.5389701,0.6895615,0.87833726,0.92333853,0.57518315,0.7892175,0.4800182,0.47367,0.7140845,0.41259927,0.6831018,0.57285756,0.6746383,0.77820945,0.7004738,0.8302605,0.66252923,0.645888,0.62446207,0.54746306,0.25987443,0.5145718,0.87334335,0.8032818,0.7829119,0.5541157,0.38000768,0.55615795,0.7717515,0.8152101,0.82663095,0.83004844,0.6463743,0.5376715,0.700992,0.46351683,0.8106234,0.6910006,0.63223296,0.29507607,0.81971574,0.81930983,0.8648129,0.95902944,0.4439051,0.6714426,0.6387408,0.5174585,0.48399836,0.80171657,0.39274645,0.5541395
BC2026_Train_0009_S09_20250828_000000_40,0.37681103,0.11757431,0.7227161,0.6780988,0.40784568,0.30932054,0.89192593,0.98826456,0.73229516,0.2994169,0.35094464,0.6002393,0.40842485,0.35496968,0.6859931,0.9785361,0.33439872,0.26946276,0.5796604,0.26453346,0.5454688,0.6925624,0.6524143,0.547557,0.704847,0.4871472,0.74151504,0.26079935,0.41054207,0.32776982,0.35822332,0.26090083,0.25450873,0.29890347,0.28714174,0.67622435,0.9105971,0.38166755,0.12301208,0.64860153,0.41194114,0.33179924,0.51123273,0.18287218,0.07831606,0.061342746,0.48329556,0.09115803,0.25553748,0.28278506,0.4796884,0.52846915,0.49185178,0.34046537,0.103069775,0.7133883,0.5473286,0.82791317,0.20604414,0.34322077,0.7569078,0.39902204,0.32376367,0.47281125,0.8547429,0.5514553,0.4334396,0.17961332,0.68829846,0.3442314,0.22922006,0.5268374,0.75880504,0.52222997,0.36613083,0.7767451,0.32241863,0.35617584,0.49544746,0.48234677,0.8271813,0.2502131,0.5608395,0.59245074,0.6152828,0.40195614,0.5196997,0.45849222,0.581023,0.42736542,0.7349161,0.42534482,0.40487117,0.64348155,0.6206184,0.71014345,0.7714875,0.5884035,0.61825866,0.8806314,0.7961049,0.7453188,0.36577392,0.3347262,0.33314168,0.7365794,0.19958103,0.3619796,0.77152646,0.97972083,0.8620366,0.7459347,0.8544092,0.20634794,0.48039436,0.5476742,0.12867498,0.48169607,0.4403754,0.49413544,0.11423792,0.36054885,0.26749295,0.45732433,0.26231104,0.9684713,0.8601447,0.5776971,0.2839185,0.61976516,0.32781667,0.6676446,0.3565147,0.79047394,0.34209943,0.32755488,0.55521584,0.64474475,0.17196468,0.47874653,0.9207469,0.48277348,0.3000859,0.7186222,0.4963504,0.7050196,0.42074376,0.6337693,0.9528465,0.78866696,0.38978094,0.94754946,0.2668897,0.34620935,0.47331244,0.6406865,0.404095,0.05693966,0.61926174,0.7258699,0.833941,0.30857384,0.43698227,0.4846555,0.28486043,0.89531434,0.4193393,0.42863315,0.6456325,0.61414564,0.5980309,0.77826226,0.23927194,0.87065774,0.96561575,0.2680498,0.40131783,0.253817,0.730762,0.39121413,0.8092271,0.5684767,0.59640384,0.3271336,0.54591596,0.9070739,0.26007235,0.724414,0.41446626,0.5611154,0.6226201,0.22293895,0.54885435,0.34752423,0.7446594,0.8754976,0.50999165,0.70770645,0.8537172,0.32206762,0.8912741,0.4145528,0.42375603,0.6493572,0.9419757,0.5854551,0.5226825,0.33185577,0.5580238,0.7694359,0.45082995,0.8089218,0.5475639,0.6412295,0.7168053,0.38192004,0.54357636,0.2857702,0.94375277,0.33428845,0.5220452,0.6303408,0.91200936,0.7799059,0.62070894,0.42645693,0.26589093,0.56541395,0.3481483,0.52549076,0.4945302,0.9538057,0.58926153,0.37845123
BC2026_Train_0009_S09_20250828_000000_45,0.17177182,0.04886811,0.858188,0.646211,0.44872293,0.23194332,0.77392185,0.9745964,0.55530393,0.40909255,0.2822271,0.777527,0.42157096,0.47016615,0.7034347,0.75407505,0.3566931,0.24455503,0.5601666,0.41108233,0.52598315,0.65328574,0.74407494,0.5481161,0.59440464,0.50150734,0.5299088,0.17357385,0.14383404,0.21689019,0.08969624,0.17148292,0.08071238,0.0807091,0.14147359,0.45973665,0.9066677,0.2605421,0.065442845,0.4948027,0.18625413,0.15864277,0.54915476,0.26832926,0.0896295,0.06940928,0.52836114,0.041513957,0.10133739,0.19608822,0.5065771,0.5356943,0.5182036,0.309269,0.048653245,0.5913996,0.28153515,0.8690473,0.4255349,0.2552775,0.68117356,0.57832754,0.4462458,0.47094807,0.9171663,0.8245673,0.49910197,0.13278162,0.5424516,0.30935234,0.2564647,0.44387907,0.9450558,0.34053397,0.4132167,0.61233974,0.1587201,0.3218662,0.5241099,0.4614668,0.76013803,0.31197202,0.6493204,0.83369094,0.6320827,0.19885337,0.2559932,0.61071074,0.71351045,0.3264066,0.5075879,0.52699876,0.57995176,0.82471275,0.43295008,0.64513564,0.9175385,0.43912566,0.87085724,0.73762715,0.86053956,0.45888364,0.53278303,0.15626518,0.16146037,0.4642249,0.22815473,0.23733667,0.51480573,0.8592527,0.7849649,0.65036654,0.80587375,0.11504682,0.2980689,0.25901955,0.14878204,0.537428,0.48530996,0.37650526,0.10802726,0.4904607,0.100360505,0.541896,0.1925028,0.9924687,0.9910135,0.5397637,0.27216244,0.62806153,0.5473499,0.8433511,0.22471654,0.6991459,0.102702126,0.13254295,0.8813665,0.2763919,0.1376209,0.10931596,0.90379775,0.46392822,0.26854154,0.23322755,0.1475719,0.9481635,0.5861672,0.77905035,0.867844,0.930986,0.2437076,0.993775,0.27808776,0.61949235,0.45900667,0.5965841,0.30611432,0.048110336,0.7620975,0.68812394,0.8059758,0.39828604,0.48326874,0.27165824,0.22428077,0.98052794,0.6090791,0.5298516,0.50669074,0.35333282,0.8123386,0.95264333,0.120361865,0.73051655,0.9874698,0.09281814,0.52863044,0.1738449,0.52325857,0.35252142,0.82936656,0.68902826,0.792547,0.27642822,0.5134783,0.82443583,0.30283764,0.55363727,0.5033201,0.5985739,0.31496108,0.11442438,0.81108,0.4128734,0.38636875,0.86717236,0.26687127,0.5243287,0.92268157,0.36429822,0.9197631,0.36529207,0.35809666,0.49103418,0.98216045,0.51702785,0.46317145,0.09455767,0.52599335,0.85200447,0.25133228,0.5090102,0.38159853,0.6227839,0.29939613,0.35403985,0.7472924,0.09864959,0.9667276,0.45015776,0.43968415,0.4873293,0.8689004,0.6075591,0.8032087,0.42879596,0.11354512,0.37351733,0.38199222,0.8991774,0.73718905,0.9380969,0.61376274,0.16234463
BC2026_Train_0009_S09_20250828_000000_50,0.2554834,0.2666359,0.7175524,0.47399268,0.2791463,0.22106951,0.6922828,0.70971036,0.6932036,0.42913216,0.33467826,0.75706804,0.37081128,0.25789583,0.6646309,0.5068728,0.38375545,0.3285342,0.41927916,0.14275247,0.60513115,0.68526894,0.3922503,0.14123479,0.7470684,0.35192442,0.25791976,0.42901784,0.19024742,0.097226396,0.32088667,0.5645991,0.45927554,0.10869141,0.1287959,0.5261666,0.7659452,0.20039035,0.28429466,0.4145818,0.31158578,0.57872164,0.41612333,0.12594181,0.18856752,0.2559405,0.40244073,0.15220112,0.1321762,0.20157549,0.28176078,0.33740783,0.2885778,0.6008677,0.19095844,0.6063786,0.464393,0.46070832,0.44015425,0.22264056,0.3900488,0.34764707,0.46403283,0.23186018,0.7458781,0.3718863,0.1902931,0.2504053,0.63875437,0.43973327,0.75812393,0.8884158,0.8496447,0.25111583,0.6569586,0.5516384,0.27625215,0.5659027,0.6349963,0.37067205,0.7963898,0.8033396,0.6439121,0.9056481,0.47775066,0.22271237,0.5148126,0.64752376,0.71995497,0.18175906,0.49666762,0.69768405,0.89803433,0.79615116,0.62497693,0.5202269,0.91613305,0.4313932,0.9315822,0.5517642,0.84935874,0.14251778,0.31196594,0.11318013,0.18153143,0.56096655,0.7310165,0.32616165,0.35213774,0.48079887,0.43847927,0.7965141,0.7843642,0.33812988,0.1997422,0.2331467,0.3836907,0.5843541,0.78317785,0.44928503,0.41102856,0.56483316,0.16599059,0.67400837,0.3310382,0.8759524,0.8893299,0.26313937,0.7816777,0.65286314,0.5039236,0.78233707,0.44249547,0.40812677,0.1278041,0.3183158,0.65616703,0.34775025,0.47251683,0.09788832,0.9525378,0.62278897,0.71417326,0.22898656,0.26019382,0.7433318,0.40973318,0.6024369,0.800238,0.7710402,0.16491184,0.9247886,0.71827745,0.4693423,0.62475395,0.47070247,0.5768577,0.115245685,0.624367,0.33435506,0.9157535,0.583651,0.41153204,0.33442658,0.1823645,0.87122893,0.7232491,0.36822644,0.6629256,0.40312678,0.6291872,0.94720423,0.4578802,0.8801352,0.90856093,0.14757518,0.7778797,0.30129668,0.7470187,0.1675601,0.7449044,0.5763922,0.84736097,0.7453643,0.7114303,0.7461852,0.6901648,0.49616623,0.60308295,0.34528297,0.50973487,0.27167928,0.76071346,0.39875847,0.30551326,0.9229213,0.35368678,0.8211441,0.95120466,0.18049939,0.5771218,0.31910127,0.66319704,0.33261445,0.93469703,0.54956573,0.51253,0.24280584,0.87969387,0.6582092,0.49053892,0.38181138,0.6521219,0.48480874,0.1685867,0.43667495,0.61193776,0.218974,0.83998597,0.6436658,0.8637184,0.31906632,0.7013904,0.3630678,0.8276404,0.41514283,0.36338687,0.40028727,0.6499429,0.68350327,0.81296444,0.88646483,0.7297598,0.45920193
BC2026_Train_0009_S09_20250828_000000_55,0.29527482,0.32100403,0.35923815,0.24087746,0.23196852,0.40912235,0.55747616,0.41650552,0.2662823,0.3950947,0.32732671,0.8104713,0.30386895,0.13938394,0.65461504,0.5232996,0.3070521,0.650658,0.2404007,0.079365656,0.30740583,0.41818786,0.23488441,0.2560296,0.46907514,0.49435362,0.67484117,0.4799086,0.6145526,0.15185793,0.48781574,0.95862615,0.5025101,0.40341988,0.2609167,0.8606247,0.8211782,0.40987268,0.35064125,0.5134672,0.26007712,0.47849315,0.42380154,0.5526547,0.39016467,0.39597237,0.35537806,0.28011948,0.1152014,0.21640961,0.46631986,0.4567684,0.45955545,0.43878865,0.2605895,0.6125842,0.5213965,0.18852015,0.5405921,0.11317712,0.40787315,0.4068464,0.3824765,0.18713173,0.6798388,0.7838157,0.2561008,0.42049634,0.6259048,0.19759485,0.9125521,0.9357619,0.83070743,0.29947832,0.702953,0.58338517,0.56830466,0.62388515,0.71670985,0.5712379,0.7880691,0.7973877,0.41835973,0.6673279,0.4070216,0.22055736,0.8235656,0.60693896,0.6160284,0.27938196,0.26494494,0.53053814,0.7051766,0.6129075,0.5043305,0.5124159,0.77390695,0.34733993,0.78276443,0.3382095,0.72221684,0.29408985,0.41571093,0.21376961,0.3446347,0.5554247,0.8322239,0.6792306,0.53953314,0.49076426,0.47825313,0.92547405,0.9518343,0.67681146,0.37315363,0.33335674,0.49409264,0.46715075,0.85178125,0.7995604,0.44503796,0.41230884,0.4174385,0.5940769,0.5222505,0.41646105,0.25929964,0.36528048,0.97813904,0.8331137,0.5282742,0.82650733,0.4535455,0.46141037,0.344199,0.41296124,0.4275434,0.5897478,0.61635983,0.23891094,0.75049734,0.64779377,0.8498614,0.4023661,0.32143617,0.29374608,0.18437648,0.57013375,0.65201217,0.33881474,0.16589046,0.5817017,0.81403387,0.46002513,0.80027187,0.5690671,0.53948474,0.34477383,0.5151241,0.2608205,0.74063516,0.34298623,0.4110657,0.5031875,0.36406618,0.589154,0.7706456,0.33273625,0.83002806,0.29019433,0.51735425,0.6298726,0.7784709,0.94871604,0.5577495,0.28701898,0.71941626,0.1859219,0.8769171,0.23491856,0.49775073,0.88579893,0.7467607,0.893273,0.61082804,0.5581093,0.65890193,0.5866512,0.6873058,0.5364497,0.7262584,0.61047655,0.27813917,0.5473441,0.64605653,0.8762715,0.5322081,0.95084846,0.80251324,0.34486204,0.6650965,0.4486304,0.5812118,0.60385376,0.7349601,0.5128537,0.7595624,0.4915489,0.9864687,0.40171492,0.3429376,0.28017026,0.64787006,0.6795459,0.3336019,0.8973531,0.5664774,0.17833394,0.6770743,0.68880033,0.75316286,0.5417193,0.5447966,0.5363836,0.53561795,0.60356355,0.7250718,0.43675828,0.5302864,0.2961407,0.6560434,0.6819086,0.66662014,0.89157844
BC2026_Train_0009_S09_20250828_000000_60,0.13888374,0.49680972,0.27261403,0.5820942,0.04747325,0.6562505,0.917324,0.657828,0.70447123,0.7407874,0.68963933,0.6451075,0.74225104,0.20075437,0.64219964,0.120610505,0.25772583,0.93113744,0.25358564,0.26773393,0.30367458,0.5151036,0.55869305,0.6123136,0.4185905,0.26168302,0.48137367,0.22180095,0.64832664,0.20755088,0.45513386,0.64832383,0.7739778,0.37255448,0.4852255,0.77030635,0.5606292,0.18373024,0.526348,0.7619065,0.49859932,0.6798886,0.3226196,0.5130836,0.30591974,0.29667047,0.1992141,0.21556392,0.08197631,0.13016742,0.18765402,0.20974329,0.20924209,0.717063,0.53214765,0.8117901,0.6838137,0.23203722,0.39890146,0.11867026,0.5128194,0.9024173,0.27890193,0.28288478,0.8018569,0.98764914,0.50030994,0.10788891,0.61417997,0.24238457,0.844931,0.9363531,0.9439312,0.17077333,0.9876151,0.762761,0.6553962,0.6524148,0.31653017,0.81526613,0.5306537,0.26266533,0.60459685,0.90057075,0.4745605,0.62635505,0.9627104,0.9167125,0.85813224,0.32720834,0.04095292,0.762256,0.92540205,0.9614185,0.68260515,0.87290525,0.97204167,0.61223656,0.5902818,0.5047129,0.6112442,0.8974687,0.5948938,0.14664109,0.2591982,0.8961396,0.7408433,0.8840855,0.8050575,0.21644881,0.25729728,0.80238354,0.8648188,0.50375026,0.18900603,0.8288486,0.563777,0.8349204,0.7174208,0.8900192,0.60437644,0.27753478,0.19376236,0.9300723,0.38870883,0.20506811,0.16028893,0.63500774,0.87512225,0.8256843,0.33628315,0.6703011,0.8304064,0.62921095,0.56492674,0.14514628,0.5766655,0.78602374,0.46630692,0.5676499,0.9472396,0.76740974,0.48468846,0.19785142,0.5434213,0.27079207,0.29047975,0.80231726,0.9847497,0.3522128,0.567577,0.7424278,0.66014636,0.3807485,0.73553836,0.4381922,0.7095169,0.15749408,0.60660636,0.7288172,0.9168463,0.39190024,0.8755312,0.9072417,0.08520742,0.9718378,0.46030957,0.6948004,0.5950968,0.5215509,0.87529874,0.76215076,0.6028267,0.93914235,0.6785499,0.64325523,0.5127954,0.24312451,0.62235963,0.2322121,0.731627,0.6401609,0.36068377,0.8368374,0.50607955,0.8338795,0.6237928,0.89311457,0.8794521,0.71465784,0.6140879,0.8525636,0.2044454,0.3676092,0.59644866,0.6372969,0.23124251,0.9621755,0.55415684,0.7222663,0.6694471,0.7505251,0.12551022,0.80780137,0.7008581,0.2528026,0.825892,0.29042313,0.91754127,0.6351768,0.20382416,0.64173317,0.8458396,0.58664024,0.17834528,0.9512229,0.6779424,0.29663846,0.8075856,0.35361952,0.7727418,0.42238516,0.9001537,0.9223411,0.64233625,0.8918418,0.8777615,0.72343075,0.74471647,0.1955756,0.93005836,0.9324961,0.59110075,0.60595655
BC2026_Train_0010_S09_20250828_000000_5,0.16584335,0.26204598,0.79319155,0.7167132,0.4419729,0.9220489,0.7573433,0.6172752,0.5575106,0.9166892,0.5353744,0.6749362,0.08092871,0.4580335,0.97085,0.6544033,0.37820023,0.63731766,0.5225411,0.38811082,0.45223066,0.7193272,0.27561083,0.32295102,0.5698347,0.9296218,0.08025491,0.45809543,0.3080166,0.939397,0.23304391,0.13358441,0.527348,0.12044602,0.028940916,0.5821536,0.76929456,0.47633287,0.1108513,0.35920396,0.21809453,0.22540036,0.43476635,0.0696895,0.14998168,0.12611143,0.5768199,0.34453928,0.35273403,0.26735055,0.4078201,0.4568394,0.447949,0.11499576,0.24263382,0.8138944,0.49476424,0.6120479,0.50778884,0.074287325,0.3390674,0.3136829,0.41679925,0.35900027,0.69854796,0.22625773,0.59242755,0.34408998,0.9596541,0.84173024,0.35135216,0.27991396,0.71035004,0.2945375,0.30972612,0.8778896,0.77089155,0.9135771,0.7818272,0.74682647,0.40829605,0.03838065,0.4649766,0.6802592,0.34356844,0.17047146,0.46224183,0.70290375,0.16465813,0.42482296,0.48029506,0.5336877,0.20492521,0.9973868,0.8516979,0.57821536,0.16876796,0.73623645,0.9716799,0.4694122,0.3560589,0.24975061,0.4911276,0.12971921,0.16647336,0.6650491,0.19282165,0.20291582,0.3422991,0.79347825,0.38024163,0.89534783,0.8176329,0.6643896,0.4010321,0.65246975,0.27177602,0.7606844,0.24897464,0.46815842,0.33492532,0.75542295,0.13311458,0.3644204,0.16682404,0.7339338,0.7704916,0.79064584,0.12212275,0.8461161,0.35207725,0.40086854,0.7221029,0.4165383,0.032333665,0.02685175,0.8667164,0.4965889,0.59201163,0.5252709,0.59178317,0.8319738,0.096500084,0.6446887,0.22055417,0.61459804,0.54621685,0.8903235,0.7356504,0.8492001,0.021255001,0.89826286,0.51130974,0.935025,0.8306427,0.581275,0.8226403,0.1342265,0.6984993,0.8797917,0.48589876,0.85006046,0.9672459,0.39453286,0.026771836,0.5792866,0.9657207,0.053102255,0.4541911,0.05329121,0.9470417,0.93299377,0.29882926,0.73157275,0.84180105,0.61270523,0.5213979,0.11447448,0.41419584,0.2951947,0.36376417,0.8337914,0.41503426,0.38120997,0.8439957,0.08274934,0.19981667,0.25167572,0.26468754,0.40890813,0.15742166,0.15295304,0.97060204,0.55215913,0.1985901,0.70463014,0.15442933,0.078194335,0.86547375,0.7811948,0.8538624,0.24360806,0.6277342,0.6241812,0.9165876,0.859624,0.5105153,0.14510292,0.38887477,0.95067054,0.7812754,0.5550104,0.21455479,0.80817723,0.7383705,0.5383901,0.88916206,0.39741844,0.81493545,0.19725937,0.8173833,0.6681818,0.28390574,0.5249125,0.4754969,0.258055,0.1604983,0.12771478,0.48498416,0.5227395,0.56111866,0.3928458,0.23713541,0.16522604
BC2026_Train_0010_S09_20250828_000000_10,0.24047014,0.3091941,0.78996277,0.38971186,0.26982617,0.8827605,0.60626185,0.5856898,0.46722275,0.6133299,0.13237417,0.74824643,0.13602002,0.48486784,0.9084972,0.4686364,0.23367146,0.7146696,0.5467988,0.60547864,0.1955038,0.8737664,0.20149252,0.49429888,0.7609271,0.93887305,0.144062,0.46988368,0.48484677,0.5028864,0.2590909,0.6090732,0.5825324,0.24648163,0.1500764,0.79189336,0.9239463,0.46666223,0.16630667,0.6330277,0.37594953,0.1476855,0.3383583,0.6898451,0.31180578,0.3203643,0.4627924,0.10753304,0.3013261,0.3335516,0.4192665,0.41770548,0.38826853,0.2643025,0.39754695,0.83217895,0.5339815,0.48176324,0.4223495,0.42089084,0.22391713,0.6522629,0.40604883,0.44674182,0.73847044,0.5804006,0.592581,0.62614346,0.8709904,0.78742075,0.5477761,0.3006538,0.59252226,0.352565,0.6706692,0.8541468,0.5857513,0.67844963,0.7050555,0.69358695,0.7457156,0.15553823,0.45281687,0.33615428,0.51181686,0.23507208,0.13982984,0.18056482,0.26111823,0.30301264,0.20584452,0.52145123,0.37859547,0.98105705,0.59071565,0.44423476,0.13978045,0.5918504,0.6486449,0.5815234,0.6142042,0.10567382,0.74399936,0.37525022,0.6386992,0.30502468,0.72638774,0.17602184,0.40892726,0.29928362,0.28905368,0.85515755,0.34795648,0.29638076,0.4295103,0.41625506,0.0774956,0.8467698,0.42702168,0.6510285,0.5114328,0.47057593,0.66296095,0.54986817,0.23695654,0.37131673,0.62672937,0.6232381,0.30181485,0.8402433,0.68777657,0.64884675,0.81778693,0.4198212,0.11121623,0.123992994,0.8842677,0.52334607,0.616163,0.4547745,0.69261956,0.65863633,0.5576354,0.51828486,0.10305877,0.45896995,0.46618438,0.83083504,0.83261776,0.73603904,0.13234931,0.5309805,0.5886854,0.690833,0.8065114,0.5701309,0.86146915,0.47752336,0.77142894,0.66720533,0.41390687,0.33967334,0.7268285,0.6155612,0.13642919,0.5201553,0.9130274,0.2629268,0.29809007,0.2068105,0.728482,0.76917386,0.23425077,0.33311242,0.54438215,0.5707059,0.3088438,0.19134718,0.8760287,0.52241397,0.2774454,0.24614298,0.41515702,0.86342037,0.7378745,0.230219,0.5998918,0.098523125,0.44762444,0.4476052,0.60505795,0.29716235,0.73283315,0.43156487,0.5508437,0.7121148,0.5694623,0.28354752,0.84933126,0.8094075,0.65822077,0.3141502,0.8080807,0.45992565,0.5177763,0.73063445,0.49645066,0.63337445,0.26537582,0.7890215,0.37449282,0.6673609,0.16697067,0.84881747,0.57011145,0.4644358,0.876418,0.39750284,0.5120992,0.60328746,0.84427804,0.56799924,0.18545726,0.44627875,0.7887573,0.4215936,0.38388544,0.38453054,0.63523936,0.15553084,0.4472835,0.6517029,0.7262509,0.48751765
BC2026_Train_0010_S09_20250828_000000_15,0.44462302,0.4017418,0.5776794,0.35114986,0.22677225,0.5980012,0.609594,0.4386751,0.11089146,0.6950324,0.18222971,0.58582735,0.13127734,0.37338984,0.763148,0.2199648,0.46259174,0.8940524,0.33774012,0.3678319,0.11678698,0.58593136,0.18854424,0.48617262,0.6259117,0.6566318,0.7156327,0.3974169,0.2531566,0.19017705,0.59223354,0.67436063,0.46553704,0.84210443,0.44282717,0.9445173,0.86702955,0.5852207,0.5793548,0.87586766,0.5955287,0.24988648,0.58690214,0.6603361,0.46523833,0.46439618,0.60810316,0.11508155,0.42212576,0.41686192,0.5962263,0.595332,0.590088,0.3742116,0.4648343,0.6909878,0.6706743,0.4455948,0.6146863,0.4008031,0.3298254,0.6506518,0.47515556,0.41085392,0.3750198,0.8392921,0.39835566,0.4736253,0.4850098,0.6489403,0.5266004,0.4813674,0.60374475,0.23894002,0.5476021,0.5528381,0.12416974,0.39357382,0.46726236,0.30908954,0.5431654,0.5563682,0.5056516,0.28072128,0.522529,0.16233864,0.18985552,0.1709063,0.108896606,0.47513288,0.39002395,0.35046327,0.3473274,0.48820043,0.59181964,0.5345966,0.21524705,0.48919433,0.5041702,0.4828326,0.7946329,0.24449682,0.78545094,0.5665819,0.7183927,0.2434734,0.3891554,0.48811883,0.5196248,0.36664945,0.23586527,0.5929861,0.40044373,0.40138656,0.5927364,0.5918865,0.11575857,0.73407805,0.23291126,0.6018429,0.3014933,0.187871,0.6320778,0.44641316,0.520468,0.5077841,0.6936287,0.21233265,0.18266559,0.542466,0.518986,0.7010286,0.5393816,0.4018575,0.4675612,0.377069,0.79179895,0.2629583,0.49482003,0.33793467,0.5902185,0.7574742,0.6065115,0.3955294,0.4576112,0.29410487,0.23091382,0.80297303,0.64602435,0.52618414,0.40214056,0.6015078,0.20264772,0.8712383,0.6777588,0.18808544,0.8009057,0.43205455,0.46219754,0.3512565,0.54562986,0.073625505,0.2895325,0.64195096,0.23589775,0.7496153,0.7343221,0.1850667,0.41634887,0.16968685,0.7007946,0.49194306,0.38224912,0.35322255,0.5116081,0.5067034,0.30462173,0.32509542,0.5998863,0.56685406,0.2647403,0.25362337,0.26302975,0.6231073,0.42780653,0.39158845,0.656646,0.24915513,0.22599223,0.91487145,0.8152292,0.4083956,0.36607534,0.49472758,0.46888292,0.31321144,0.56176513,0.54597133,0.74313784,0.5047228,0.48784328,0.84438044,0.5319684,0.12290517,0.4735477,0.7611486,0.27999848,0.57858866,0.1812639,0.83400667,0.46289146,0.37856597,0.37461436,0.5617684,0.5994281,0.99757063,0.86745596,0.14205846,0.6749382,0.44483298,0.89164585,0.52298445,0.13207562,0.74716616,0.6633947,0.5674714,0.2900895,0.5387422,0.550702,0.16647576,0.25467694,0.7630807,0.49158946,0.29898363
BC2026_Train_0010_S09_20250828_000000_20,0.46670896,0.4286737,0.6681447,0.13061818,0.33873433,0.22105691,0.6459292,0.6147536,0.22174047,0.6362282,0.48601675,0.8157823,0.06732912,0.33544308,0.83732903,0.39808995,0.600083,0.43043256,0.37357074,0.31140453,0.35430545,0.9222605,0.3505354,0.6173279,0.4047948,0.44549865,0.33315295,0.38739163,0.21021184,0.22753575,0.576126,0.5065502,0.60675824,0.65396047,0.2500674,0.847427,0.96812534,0.53819513,0.37949818,0.7371536,0.56003004,0.11905809,0.6312306,0.6961889,0.3730871,0.3898167,0.5864206,0.31529564,0.41320348,0.32412463,0.62936795,0.63922215,0.6303815,0.13251221,0.50584173,0.71275723,0.6220038,0.86587167,0.7502415,0.30358016,0.49209097,0.5247934,0.7127346,0.45282984,0.41296476,0.33887714,0.24079064,0.33945376,0.25135303,0.1338146,0.3285804,0.39133084,0.573649,0.389432,0.39599967,0.46322095,0.111297205,0.3274598,0.67478967,0.29268038,0.1302942,0.53606415,0.5111432,0.3395471,0.44763964,0.0750712,0.29850936,0.4482227,0.19072333,0.4098394,0.41554582,0.4343496,0.22697541,0.34120274,0.57655644,0.5359181,0.41374063,0.49533707,0.78623784,0.16012725,0.7113702,0.13976678,0.62198925,0.47406167,0.55947167,0.45303375,0.30969048,0.60792303,0.49508727,0.74990463,0.5418627,0.49333775,0.6632438,0.8303145,0.5951772,0.86814857,0.15233375,0.6348003,0.35851753,0.5287446,0.11149679,0.17193495,0.4113952,0.27528304,0.57796526,0.8539187,0.6866091,0.13402855,0.20592806,0.5785976,0.2627887,0.5936439,0.5600326,0.6459474,0.47454828,0.23250215,0.61099464,0.11705604,0.19367048,0.4687088,0.5472137,0.776953,0.4833008,0.36310917,0.06867769,0.602697,0.29008865,0.78663933,0.5075973,0.68742025,0.33023542,0.87418854,0.14509934,0.77326274,0.38456148,0.19380027,0.64936805,0.4649008,0.4903131,0.41227615,0.9098648,0.16770029,0.1473565,0.42271096,0.3080391,0.85939294,0.49978077,0.19656947,0.5945425,0.20430034,0.7990693,0.6564075,0.33610153,0.5706115,0.7877799,0.17961067,0.26096117,0.39432514,0.41892362,0.3856786,0.09205949,0.81134784,0.285117,0.44431597,0.22040215,0.4586856,0.31065488,0.37447155,0.16983566,0.93803775,0.29486263,0.13610177,0.4036009,0.6847161,0.41884524,0.26833394,0.372015,0.685635,0.78088164,0.24655661,0.7496022,0.7443633,0.30332744,0.052382253,0.72618973,0.46792996,0.40199912,0.41749352,0.19798478,0.9193001,0.8083694,0.24743119,0.32786965,0.6774138,0.4480369,0.965109,0.8184085,0.12500677,0.92240006,0.13572174,0.7554923,0.91941047,0.18873236,0.7055286,0.53623754,0.30057997,0.4457906,0.30985844,0.4252439,0.07154306,0.36037356,0.57685864,0.568632,0.24318594
BC2026_Train_0010_S09_20250828_000000_25,0.48445,0.38318318,0.5811788,0.42302534,0.42151344,0.3540396,0.50217265,0.42866075,0.5068124,0.6415839,0.45271677,0.77673495,0.21963361,0.35732126,0.7767005,0.37577358,0.6281693,0.43054396,0.3698628,0.32992887,0.643975,0.70855016,0.12403041,0.48876423,0.5434265,0.3537911,0.78994924,0.27966574,0.48060846,0.12784322,0.6026292,0.63559806,0.42132807,0.91431797,0.26293233,0.9258431,0.9352772,0.5705854,0.50035036,0.7242071,0.5392884,0.19124292,0.5950684,0.7145351,0.3927601,0.41512245,0.5108366,0.14405169,0.4080314,0.33119407,0.6004662,0.60355604,0.608166,0.22815102,0.3916306,0.5719681,0.73162186,0.7084335,0.7015339,0.36531764,0.3851387,0.76206195,0.53187776,0.586225,0.62976956,0.3688562,0.14627956,0.58578396,0.41862535,0.05191917,0.37585557,0.6110577,0.6458678,0.31642792,0.41816008,0.5534766,0.36778224,0.29897153,0.7255363,0.14771247,0.10531489,0.5906288,0.19842654,0.48447,0.40067357,0.2612414,0.4271875,0.36091393,0.4632148,0.6602495,0.6146734,0.7607697,0.49815518,0.29073098,0.6884377,0.6976677,0.4083904,0.48191398,0.4374333,0.11848278,0.72141266,0.27230805,0.8500591,0.42971864,0.61149174,0.5583676,0.28457338,0.8849642,0.6039604,0.7935312,0.5743332,0.36916232,0.9099114,0.80793476,0.71172035,0.8635004,0.28846163,0.78282607,0.5330512,0.3411466,0.16300558,0.106795564,0.6406386,0.40030998,0.4947006,0.7754432,0.22985686,0.13178799,0.46183074,0.6997084,0.37593818,0.7200407,0.41372943,0.61791015,0.60136336,0.31289065,0.81716526,0.22955087,0.13023227,0.21011126,0.79895055,0.725705,0.47000223,0.4894126,0.18196923,0.7408823,0.20896581,0.5864471,0.28858563,0.52962756,0.4424901,0.7902288,0.34491616,0.5989354,0.4789583,0.2176494,0.65795517,0.58439267,0.5066179,0.15691406,0.74555296,0.38125128,0.13299438,0.4527189,0.4372583,0.5586166,0.5842526,0.18116197,0.7474947,0.12730522,0.7420025,0.619154,0.46448064,0.8567797,0.75074923,0.2159839,0.34867668,0.42962652,0.7002627,0.48659503,0.09250938,0.88899636,0.4458125,0.59198236,0.32480735,0.6826167,0.4174353,0.29675147,0.19189703,0.95870984,0.20607382,0.1795181,0.19902724,0.36980414,0.6368655,0.62455463,0.47140637,0.89977825,0.71363163,0.4559278,0.72153044,0.9062302,0.3916607,0.24480228,0.6032248,0.3462003,0.42960733,0.722432,0.19546208,0.6370207,0.55560213,0.25034562,0.41654384,0.7211156,0.6531806,0.9064182,0.78687954,0.18923694,0.79517925,0.22892201,0.69591,0.8952029,0.5218159,0.76048064,0.7433909,0.25419807,0.25924006,0.38238513,0.524914,0.116595596,0.5277245,0.6895797,0.5374035,0.50866306
BC2026_Train_0010_S09_20250828_000000_30,0.38835275,0.55061156,0.38462543,0.3475132,0.21409136,0.6150062,0.5604597,0.47729945,0.121676326,0.5358708,0.48789167,0.78359926,0.39977914,0.5362612,0.48991197,0.20248127,0.50211835,0.7852278,0.40906566,0.3572055,0.41416878,0.3423167,0.24942398,0.6438375,0.5783751,0.6197561,0.70220554,0.551885,0.5777498,0.20350873,0.6283239,0.81714803,0.6779192,0.8820405,0.49949592,0.9938412,0.9823614,0.57753205,0.6241076,0.90551233,0.5481153,0.19626293,0.6448181,0.77782905,0.26812923,0.27388713,0.5577216,0.16487738,0.32145,0.30239207,0.66389835,0.6708188,0.6628892,0.3145122,0.57098854,0.6254991,0.791605,0.66400874,0.60847795,0.5597781,0.32937026,0.7901616,0.3536293,0.35623485,0.62764776,0.87665427,0.30016506,0.8093047,0.2035326,0.16088745,0.47258884,0.6304321,0.5366598,0.41424656,0.7839125,0.69452596,0.1928575,0.2633413,0.74336135,0.33054245,0.10594486,0.48398238,0.14152505,0.47048256,0.30161455,0.61871606,0.58189166,0.3446678,0.24849094,0.55380917,0.49652618,0.6996584,0.46583965,0.44220304,0.54091704,0.6074544,0.51246786,0.6440798,0.33420837,0.09956111,0.5512949,0.498638,0.87017083,0.37093002,0.5252402,0.48359132,0.45056322,0.6047127,0.37571108,0.64630735,0.3715021,0.6541436,0.867805,0.6958806,0.23170334,0.70740753,0.20462757,0.75886023,0.5730395,0.23348838,0.1997394,0.17781326,0.5509317,0.24507031,0.594822,0.5806956,0.24640468,0.511873,0.2842025,0.67130494,0.1462838,0.6757189,0.7352406,0.33403397,0.5413283,0.2702831,0.73514664,0.626341,0.1017127,0.28731573,0.6929121,0.9510199,0.2894613,0.16911367,0.13968915,0.6123611,0.25376916,0.6545696,0.42652592,0.4407543,0.34171462,0.78120196,0.11107555,0.8686796,0.29408163,0.3402508,0.6954955,0.34634387,0.67976165,0.16971046,0.68185574,0.11930777,0.46629947,0.85646915,0.2648683,0.7060561,0.7989775,0.37909138,0.76608336,0.08307327,0.58634216,0.60853446,0.63684934,0.7180544,0.62234735,0.35600966,0.18080035,0.6849824,0.5730462,0.5314171,0.23520596,0.33106142,0.23103642,0.35969716,0.25201777,0.6169193,0.62876976,0.44012898,0.31565928,0.9818301,0.11478585,0.070354596,0.41739112,0.16775161,0.550346,0.5190003,0.30867225,0.91906816,0.5363409,0.44709724,0.85769403,0.7596724,0.36481363,0.470533,0.788309,0.32709774,0.5225037,0.7490728,0.0721048,0.7986156,0.7370833,0.54564846,0.5859623,0.354859,0.6134474,0.9921351,0.86280084,0.060429998,0.86208165,0.30506948,0.9199622,0.83286107,0.43675464,0.7746559,0.65098286,0.5873096,0.3440286,0.2970623,0.39041454,0.14494804,0.22452608,0.589116,0.40734288,0.6372666
BC2026_Train_0010_S09_20250828_000000_35,0.15899202,0.15484901,0.5953866,0.5590891,0.3847633,0.60054183,0.882264,0.8779463,0.44882774,0.7869246,0.6139015,0.64848804,0.54673386,0.6160251,0.5369971,0.38750923,0.49917346,0.823894,0.5752167,0.7127912,0.30423528,0.96740973,0.5404966,0.673216,0.7241187,0.6383043,0.5190824,0.5487644,0.3689267,0.35551333,0.27905357,0.44567686,0.12989852,0.46821427,0.3391345,0.8019757,0.7433762,0.25880182,0.24017309,0.6691059,0.21897376,0.23473066,0.57057905,0.36892703,0.11749143,0.115961306,0.48319724,0.08148661,0.16509274,0.18451734,0.57457346,0.60040885,0.5855341,0.27086174,0.16093484,0.7331997,0.53613347,0.5813986,0.7462219,0.62172866,0.61531204,0.65808344,0.42150992,0.40973902,0.97480386,0.93615556,0.6465802,0.7472975,0.108531445,0.31709945,0.26179573,0.58152807,0.3615753,0.33031762,0.8445187,0.7627543,0.22219309,0.20212269,0.930688,0.6222553,0.24614874,0.18593115,0.3784517,0.6206187,0.5122333,0.47462434,0.2659969,0.61235744,0.07725235,0.26029462,0.6504489,0.77715325,0.1383172,0.4788494,0.7737441,0.4302591,0.70487297,0.46620053,0.7497195,0.30931497,0.37446982,0.29224277,0.57506156,0.40840805,0.67954636,0.79771996,0.18778837,0.6878207,0.25532943,0.6200984,0.4885143,0.91378117,0.55999017,0.49098212,0.042754963,0.7653129,0.1248022,0.5997062,0.28001612,0.27871358,0.5605432,0.37973088,0.19162534,0.3351822,0.6478329,0.70719707,0.76694167,0.67577064,0.075263925,0.7649404,0.20219219,0.45621613,0.8347987,0.24277669,0.50344163,0.06098693,0.785053,0.6049336,0.104711756,0.25414154,0.7371509,0.68886423,0.055088587,0.04445994,0.5164557,0.76660395,0.15993047,0.7486285,0.58151686,0.8173058,0.40871668,0.93379945,0.13892445,0.8757876,0.31581467,0.67023003,0.46991715,0.20625553,0.71964586,0.5523327,0.9092303,0.13759354,0.6898347,0.5834101,0.1654224,0.9294336,0.8696945,0.18532443,0.41081783,0.09977482,0.8600491,0.8935776,0.46375167,0.45148292,0.740121,0.33561683,0.10819467,0.66310775,0.22954655,0.36532533,0.2213124,0.23141712,0.1926724,0.13364801,0.3865018,0.41400486,0.40528917,0.30837637,0.10564417,0.9611987,0.11934556,0.15230644,0.9354025,0.23051393,0.1733589,0.19064298,0.14840275,0.4839551,0.8070927,0.43997282,0.72335774,0.7638006,0.45648503,0.22056028,0.9273406,0.63362515,0.29774046,0.60034525,0.11570196,0.77417433,0.89060056,0.54111683,0.67678857,0.2660849,0.86907566,0.9543152,0.61476463,0.024411667,0.9251133,0.35269088,0.7110617,0.5086018,0.53818357,0.59140563,0.6209433,0.7048683,0.35460263,0.45597374,0.30444658,0.39981973,0.2653566,0.58112836,0.32505548,0.26989904
BC2026_Train_0010_S09_20250828_000000_40,0.26383525,0.108520165,0.48294795,0.6428213,0.34537607,0.25141722,0.79487944,0.8840958,0.1503197,0.84770906,0.31720674,0.6391438,0.28520748,0.3020479,0.6650002,0.54908955,0.40266532,0.6325617,0.26173252,0.31703418,0.29093683,0.8075485,0.44230813,0.43683094,0.45890749,0.45668125,0.5977549,0.33485767,0.52339685,0.46690398,0.5785983,0.24791259,0.13266307,0.55382615,0.41564614,0.7110541,0.6733408,0.535319,0.48187327,0.6326009,0.5893396,0.24557804,0.6044543,0.3225088,0.3736683,0.36705774,0.6083184,0.1570225,0.4185362,0.4582314,0.55583906,0.5652519,0.5679044,0.56213915,0.13935556,0.7291864,0.6215869,0.3157867,0.58566475,0.32276386,0.47578865,0.46614254,0.280384,0.24764073,0.81640935,0.47971082,0.55201364,0.49204165,0.3363006,0.5118722,0.36045617,0.31862932,0.31731603,0.37998205,0.8798388,0.9426222,0.30180848,0.31211603,0.9004774,0.517733,0.12039098,0.13680384,0.39777038,0.7773813,0.40651286,0.4057445,0.18130568,0.549293,0.032292455,0.21815264,0.5060481,0.5555551,0.22470824,0.6030987,0.8138399,0.5596612,0.6131832,0.38293552,0.75653845,0.5733421,0.5546907,0.34121466,0.32753354,0.5685456,0.53368026,0.8824928,0.17802371,0.55639565,0.4978413,0.7704958,0.6134098,0.5794859,0.49092346,0.6063026,0.13589494,0.673595,0.14497598,0.607406,0.31850582,0.33218718,0.5174252,0.7660055,0.17081577,0.3748548,0.43597347,0.6877958,0.77602917,0.62378323,0.09449369,0.67485964,0.4798984,0.41870672,0.62196577,0.45739484,0.69079065,0.07614896,0.9124811,0.61856616,0.22977394,0.18395397,0.51785004,0.55380964,0.090380564,0.14853185,0.8977475,0.5757756,0.2344346,0.91829795,0.82985556,0.7471707,0.33872598,0.83957434,0.36419326,0.88999915,0.49769473,0.5792228,0.6150518,0.24768025,0.85105264,0.44403508,0.938359,0.37234503,0.47230253,0.5475596,0.27693704,0.6698457,0.8441955,0.24440849,0.40102613,0.109050795,0.82487154,0.5636425,0.3418964,0.58621365,0.7726151,0.53106797,0.17420223,0.48318088,0.28536206,0.39178944,0.18587345,0.29838222,0.3703782,0.31190544,0.9005072,0.45280918,0.4724208,0.37797576,0.18041027,0.9169328,0.35379225,0.3779887,0.89974314,0.4867208,0.22080714,0.08493845,0.1438954,0.4741916,0.85230726,0.7220943,0.5809845,0.45041943,0.641103,0.06487339,0.8237382,0.5832566,0.18380493,0.8066057,0.3338599,0.6404302,0.9214468,0.8217808,0.34058493,0.14912152,0.77445793,0.8576504,0.65000916,0.07537697,0.9369904,0.12622556,0.7321646,0.53234935,0.63892555,0.7306124,0.7364148,0.6350559,0.13851805,0.4145959,0.5010571,0.2997533,0.56173575,0.46333593,0.23045212,0.18010002
BC2026_Train_0010_S09_20250828_000000_45,0.39250684,0.4086162,0.2588972,0.24537668,0.20017517,0.26411787,0.41898584,0.5334004,0.071971655,0.6006916,0.3269981,0.55371153,0.101309896,0.26156652,0.48683056,0.20668733,0.4154489,0.9072311,0.14073068,0.20027938,0.3188213,0.24517699,0.48378426,0.54212147,0.2985341,0.5878291,0.95478284,0.513839,0.68810034,0.38622457,0.6331573,0.788996,0.5665674,0.9774392,0.78129375,0.9986857,0.91101587,0.5878803,0.6240846,0.9478913,0.58096606,0.36566406,0.6228768,0.7014115,0.40956873,0.40680376,0.6063719,0.17644471,0.42136264,0.4254023,0.6233159,0.638536,0.64059484,0.35500532,0.47293,0.59773874,0.8496459,0.49127367,0.4172179,0.42460012,0.1476677,0.51503575,0.31538022,0.1998111,0.54554117,0.8263414,0.4414217,0.61948776,0.32992554,0.42045438,0.50249755,0.46889085,0.66777706,0.18489408,0.7740811,0.79733014,0.16609123,0.2333898,0.6175283,0.56406987,0.042526186,0.085860655,0.26917574,0.6903,0.19063655,0.3366996,0.25301793,0.26853094,0.07478167,0.092227295,0.43005496,0.38404113,0.4167111,0.72069895,0.7242838,0.31411034,0.51300436,0.6234616,0.32517314,0.39850014,0.689028,0.4497488,0.37199026,0.28629646,0.514761,0.56394833,0.46830946,0.62205,0.48216522,0.5530515,0.2691422,0.62625134,0.5029099,0.3850994,0.15432829,0.5022961,0.19722494,0.48455507,0.16791013,0.14548334,0.3492683,0.30019978,0.32400304,0.2197633,0.5856623,0.21787703,0.38529807,0.6320156,0.16501674,0.65362513,0.32463485,0.22009768,0.6501367,0.407982,0.57293665,0.21669465,0.8411592,0.5516553,0.14915375,0.20726761,0.66337335,0.6207003,0.13477468,0.45256183,0.6620709,0.4709949,0.23540178,0.65993476,0.81460273,0.23980212,0.35359448,0.3878122,0.12032214,0.8998668,0.54422957,0.33162832,0.5300753,0.50003064,0.73916113,0.22847912,0.60955966,0.12700829,0.5637478,0.5650914,0.23065469,0.52821946,0.88056505,0.46248227,0.42176348,0.15058774,0.427884,0.3332348,0.6182565,0.45653093,0.395684,0.4955636,0.07020925,0.57777524,0.19120431,0.36511493,0.2760003,0.4792847,0.12045737,0.28400993,0.71178424,0.49680158,0.43774486,0.57431614,0.24612278,0.8764409,0.17154926,0.32739037,0.28343067,0.30575812,0.37434238,0.13935232,0.26031476,0.5750779,0.48518395,0.60811234,0.5103417,0.506209,0.38460332,0.22441526,0.7008476,0.15558395,0.22983569,0.8147317,0.2735371,0.613229,0.61157644,0.4807211,0.3996542,0.25970778,0.75367236,0.97505987,0.5847929,0.20316808,0.69946104,0.15662843,0.71743286,0.40165392,0.6132541,0.56994116,0.53190285,0.73152536,0.28337732,0.3804214,0.39038384,0.23828739,0.3871327,0.76006186,0.25669956,0.22331063
BC2026_Train_0010_S09_20250828_000000_50,0.3838836,0.46182877,0.4599368,0.34349322,0.20297965,0.29504305,0.46577197,0.53756416,0.16303879,0.5981784,0.36326778,0.7855868,0.062616915,0.26630268,0.54385936,0.08576062,0.27961427,0.8788538,0.2813564,0.22178906,0.48325968,0.14843217,0.3992777,0.49211767,0.29807585,0.41304588,0.5790051,0.61781585,0.39540547,0.20591399,0.5299578,0.68150234,0.64939976,0.9347316,0.6885685,0.98875594,0.9552963,0.5083559,0.51412183,0.89067984,0.4775806,0.29148513,0.56002486,0.7051749,0.34514165,0.34335417,0.47247386,0.08589353,0.3381678,0.32655764,0.58042353,0.5838041,0.58263785,0.36159787,0.5131813,0.69546306,0.8092662,0.6176878,0.6498829,0.5090866,0.17729211,0.5531516,0.16791695,0.11271136,0.6593797,0.9173728,0.30810258,0.55065733,0.28766978,0.19190791,0.5492334,0.48869425,0.6935481,0.08837183,0.5491656,0.71409535,0.14079177,0.36766213,0.6165484,0.36918664,0.03487704,0.26393008,0.24160084,0.3113496,0.30897188,0.3448488,0.39922112,0.20709871,0.045931354,0.080038235,0.61623865,0.6386361,0.3786137,0.5687268,0.7660974,0.39395064,0.4450702,0.70564795,0.35282063,0.37135476,0.6250335,0.46803772,0.8177829,0.21139145,0.50599325,0.286044,0.37123507,0.47959578,0.27034354,0.7152369,0.1870507,0.51466894,0.7936052,0.4029768,0.06709402,0.5460057,0.16313508,0.5247718,0.045161776,0.18084195,0.12596917,0.15787342,0.31298947,0.1225552,0.5426516,0.23033425,0.47669184,0.35592192,0.31074858,0.5711361,0.17695135,0.20707136,0.60172427,0.40989244,0.398113,0.18290466,0.598012,0.6524677,0.29546574,0.22672445,0.73707557,0.79151267,0.10011014,0.32316738,0.2962417,0.36355877,0.44173306,0.7050843,0.66174173,0.2481263,0.1358044,0.44899368,0.019887585,0.8545968,0.2471309,0.1850433,0.67761636,0.32480717,0.65382314,0.3091557,0.55600226,0.04551436,0.5452175,0.82881033,0.25954738,0.89620566,0.8545208,0.24875051,0.6483574,0.1607604,0.48136765,0.4843099,0.5700945,0.45174524,0.34854424,0.4156379,0.034258354,0.47023702,0.28222215,0.43511406,0.49355417,0.39429778,0.05619038,0.24090862,0.27650863,0.51808804,0.47478208,0.38973975,0.39337242,0.93889344,0.15770003,0.11406949,0.2619409,0.20523025,0.40802193,0.13607827,0.103523776,0.7967551,0.44477183,0.43209743,0.71304786,0.5658449,0.30902523,0.3091929,0.7110052,0.12518343,0.18544367,0.751683,0.20020828,0.77671206,0.6951723,0.52762604,0.65594876,0.27222276,0.49731293,0.9846067,0.9296918,0.1414149,0.79992604,0.14463672,0.92509377,0.43163165,0.30835292,0.55807924,0.71830285,0.4602605,0.44040287,0.37299064,0.41777235,0.12198928,0.22033918,0.703326,0.2184394,0.41346252
BC2026_Train_0010_S09_20250828_000000_55,0.30793256,0.22628069,0.45428962,0.5832941,0.29042208,0.38208723,0.7052108,0.7409624,0.18752334,0.6885946,0.4115559,0.9195091,0.051618233,0.588514,0.8297385,0.3250535,0.40560806,0.79656017,0.63918126,0.21672674,0.42634577,0.8286958,0.40190923,0.53933287,0.5988991,0.3961889,0.45913285,0.61313224,0.3750416,0.20371234,0.5217215,0.75247586,0.3613356,0.7249843,0.41367424,0.87908757,0.9204724,0.5140278,0.24630249,0.77453315,0.3778231,0.16260166,0.6533426,0.6235201,0.2667397,0.23851526,0.5240352,0.153151,0.23760834,0.21325901,0.60771894,0.612328,0.61244243,0.17564741,0.2464744,0.8048072,0.6922345,0.8613481,0.57000446,0.35781157,0.50793916,0.4745686,0.24772143,0.23734868,0.7441211,0.70870316,0.29975307,0.25022566,0.32398218,0.17512292,0.3661598,0.45315036,0.4488362,0.14089221,0.36862874,0.6241909,0.069669835,0.28677383,0.75664854,0.4918633,0.10635126,0.2461513,0.28361166,0.35022193,0.45461512,0.3511572,0.6099224,0.6329597,0.03982003,0.19789454,0.64423287,0.682271,0.42654186,0.37334818,0.6838691,0.5131192,0.5756829,0.62096536,0.8434546,0.21986932,0.4660719,0.28694278,0.7899449,0.2797244,0.4019302,0.52448773,0.2715364,0.5778362,0.31897104,0.9248104,0.42164725,0.4265429,0.5911374,0.5455512,0.075865164,0.90295875,0.17441964,0.6995534,0.099578544,0.5459537,0.20978177,0.32749712,0.20273334,0.25458866,0.5907316,0.73187256,0.7761431,0.42960018,0.09921804,0.75514245,0.34147185,0.252123,0.5380604,0.75426376,0.30701065,0.21026129,0.7887925,0.31897944,0.104274735,0.39804095,0.5261569,0.8786882,0.04912305,0.1529702,0.15485391,0.61502707,0.5558812,0.7276194,0.7999011,0.66584253,0.0736665,0.9231504,0.086715296,0.6308644,0.23250252,0.39595616,0.4440011,0.21006665,0.5995182,0.25732037,0.98626256,0.15320617,0.4431247,0.61147225,0.12089874,0.831056,0.7518337,0.15036254,0.7287221,0.2344146,0.83011115,0.76075876,0.5093082,0.50557137,0.7657012,0.23932326,0.07094165,0.25273302,0.34029198,0.39013046,0.2291232,0.6832895,0.08247021,0.11974279,0.16767359,0.6583264,0.5472131,0.3403108,0.1800142,0.98441243,0.06817916,0.066371314,0.7145349,0.28722718,0.21131492,0.18032613,0.071193345,0.6229652,0.7654723,0.6048469,0.7361667,0.7920753,0.3018549,0.3224191,0.9487297,0.44726938,0.35022163,0.6349062,0.19255352,0.9543545,0.95815,0.7196265,0.7284689,0.43912953,0.63412,0.9724643,0.96241355,0.1968427,0.97522616,0.1179285,0.97663486,0.5190102,0.40641737,0.7665354,0.7104093,0.30357012,0.16666192,0.29062063,0.5182469,0.3672738,0.26129407,0.3835203,0.27972338,0.5726133
BC2026_Train_0010_S09_20250828_000000_60,0.3268796,0.08073746,0.7144482,0.5329263,0.4022783,0.48140478,0.8382246,0.48227,0.19779965,0.9011781,0.24745919,0.89859843,0.051342666,0.77783024,0.94689536,0.5627502,0.36758417,0.8872427,0.6875826,0.2591921,0.37368184,0.9531085,0.7832025,0.45644647,0.36491442,0.31561834,0.90803397,0.23792127,0.5915844,0.17606524,0.4294036,0.27081287,0.13339013,0.8532045,0.2524855,0.69350433,0.78381634,0.6043796,0.3622044,0.6617497,0.5564464,0.2747954,0.49751663,0.3241024,0.4268303,0.46111876,0.55702126,0.30667484,0.46984172,0.48491353,0.50765556,0.5150349,0.53133845,0.37114605,0.07965263,0.7505821,0.81164134,0.90616024,0.61971235,0.20688483,0.35293323,0.21862581,0.5695859,0.26034302,0.88582456,0.8101032,0.60804397,0.37800726,0.66310453,0.57600105,0.38355884,0.6315833,0.3312127,0.58203954,0.48929626,0.52157485,0.09679146,0.34735686,0.41733134,0.4092778,0.19097474,0.6168936,0.3522933,0.33903515,0.27169278,0.15924188,0.613918,0.8221812,0.08818531,0.6955229,0.135307,0.7147312,0.12734354,0.47124815,0.8869896,0.67591083,0.28203127,0.5990216,0.9755105,0.4404372,0.4839393,0.13157144,0.373402,0.44872805,0.3045198,0.7993252,0.4764729,0.93136656,0.60762906,0.9000288,0.7353625,0.20577073,0.18231693,0.5139929,0.3225029,0.9856906,0.20463145,0.42262524,0.2341528,0.88892806,0.5298395,0.43265814,0.23575717,0.2864781,0.25213715,0.8533302,0.69605184,0.258273,0.09920378,0.7641697,0.6158291,0.27974397,0.50472456,0.85052705,0.39675802,0.19990715,0.9503864,0.053468663,0.19137126,0.11497434,0.34523356,0.79238343,0.11467655,0.44273806,0.60184336,0.5267103,0.1628206,0.9036809,0.6243839,0.679582,0.03805625,0.94715416,0.39481664,0.54342437,0.32335728,0.40350354,0.33050555,0.11865191,0.49503475,0.50569,0.8755752,0.2723148,0.3547379,0.20376742,0.17084578,0.49724424,0.70288354,0.15759537,0.7572197,0.06962934,0.94485295,0.604661,0.27476028,0.47948152,0.77201617,0.097269595,0.047980204,0.2258797,0.20158592,0.37976176,0.037703753,0.787464,0.15712394,0.15338168,0.40787542,0.6368855,0.58947754,0.26827908,0.0525465,0.91246504,0.07824281,0.09550762,0.72930205,0.6281525,0.41455346,0.19093186,0.18204764,0.6420129,0.73939216,0.6130299,0.39184642,0.7375615,0.7713996,0.09581667,0.85127735,0.43629646,0.2609362,0.31282705,0.51883334,0.9970802,0.9540037,0.8426094,0.6871533,0.17269838,0.33111593,0.89924395,0.72066665,0.16762409,0.9678218,0.17201677,0.8296331,0.50989527,0.5035547,0.7389512,0.29753876,0.33831698,0.19638103,0.42753795,0.73258233,0.41046065,0.6113181,0.19003373,0.14127833,0.22173353
